family,order,n,omega,method,budget,sample,ns
low8,sorted,1000,8,backward,0,0,38300
low8,sorted,1000,8,best_seed,0,0,17000
low8,sorted,1000,8,repair,10000,0,18700
low8,sorted,1000,8,repair,100000,0,18200
low8,sorted,1000,8,repair,1000000,0,18300
low8,sorted,1000,8,balanced,10000,0,12900
low8,sorted,1000,8,balanced,100000,0,12900
low8,sorted,1000,8,balanced,1000000,0,12900
low8,sorted,1000,8,multi_seed_experiment,10000,0,121500
low8,sorted,1000,8,multi_seed_experiment,100000,0,120700
low8,sorted,1000,8,multi_seed_experiment,1000000,0,136400
low8,sorted,1000,8,baseline,0,0,11800
low8,sorted,1000,8,forward,0,0,31500
low8,sorted,1000,8,best_seed,0,1,16700
low8,sorted,1000,8,repair,10000,1,18700
low8,sorted,1000,8,repair,100000,1,23000
low8,sorted,1000,8,repair,1000000,1,18400
low8,sorted,1000,8,balanced,10000,1,13000
low8,sorted,1000,8,balanced,100000,1,12700
low8,sorted,1000,8,balanced,1000000,1,12500
low8,sorted,1000,8,multi_seed_experiment,10000,1,121600
low8,sorted,1000,8,multi_seed_experiment,100000,1,119700
low8,sorted,1000,8,multi_seed_experiment,1000000,1,119300
low8,sorted,1000,8,baseline,0,1,11400
low8,sorted,1000,8,forward,0,1,31000
low8,sorted,1000,8,backward,0,1,33600
low8,sorted,1000,8,repair,10000,2,17700
low8,sorted,1000,8,repair,100000,2,17700
low8,sorted,1000,8,repair,1000000,2,17700
low8,sorted,1000,8,balanced,10000,2,12700
low8,sorted,1000,8,balanced,100000,2,15000
low8,sorted,1000,8,balanced,1000000,2,12500
low8,sorted,1000,8,multi_seed_experiment,10000,2,121500
low8,sorted,1000,8,multi_seed_experiment,100000,2,123700
low8,sorted,1000,8,multi_seed_experiment,1000000,2,130000
low8,sorted,1000,8,baseline,0,2,11400
low8,sorted,1000,8,forward,0,2,31200
low8,sorted,1000,8,backward,0,2,34300
low8,sorted,1000,8,best_seed,0,2,16200
low8,sorted,1000,8,repair,100000,3,18600
low8,sorted,1000,8,repair,1000000,3,18700
low8,sorted,1000,8,balanced,10000,3,12600
low8,sorted,1000,8,balanced,100000,3,12800
low8,sorted,1000,8,balanced,1000000,3,12600
low8,sorted,1000,8,multi_seed_experiment,10000,3,120400
low8,sorted,1000,8,multi_seed_experiment,100000,3,123200
low8,sorted,1000,8,multi_seed_experiment,1000000,3,123000
low8,sorted,1000,8,baseline,0,3,11300
low8,sorted,1000,8,forward,0,3,31400
low8,sorted,1000,8,backward,0,3,33900
low8,sorted,1000,8,best_seed,0,3,16200
low8,sorted,1000,8,repair,10000,3,18900
low8,sorted,1000,8,repair,1000000,4,23000
low8,sorted,1000,8,balanced,10000,4,12600
low8,sorted,1000,8,balanced,100000,4,12600
low8,sorted,1000,8,balanced,1000000,4,12600
low8,sorted,1000,8,multi_seed_experiment,10000,4,123500
low8,sorted,1000,8,multi_seed_experiment,100000,4,123100
low8,sorted,1000,8,multi_seed_experiment,1000000,4,139200
low8,sorted,1000,8,baseline,0,4,11300
low8,sorted,1000,8,forward,0,4,31300
low8,sorted,1000,8,backward,0,4,33900
low8,sorted,1000,8,best_seed,0,4,16200
low8,sorted,1000,8,repair,10000,4,18800
low8,sorted,1000,8,repair,100000,4,17800
low8,shuffled,1000,8,backward,0,0,73100
low8,shuffled,1000,8,best_seed,0,0,43300
low8,shuffled,1000,8,repair,10000,0,44200
low8,shuffled,1000,8,repair,100000,0,43900
low8,shuffled,1000,8,repair,1000000,0,48900
low8,shuffled,1000,8,balanced,10000,0,25800
low8,shuffled,1000,8,balanced,100000,0,25500
low8,shuffled,1000,8,balanced,1000000,0,25500
low8,shuffled,1000,8,multi_seed_experiment,10000,0,288700
low8,shuffled,1000,8,multi_seed_experiment,100000,0,265300
low8,shuffled,1000,8,multi_seed_experiment,1000000,0,264000
low8,shuffled,1000,8,baseline,0,0,24100
low8,shuffled,1000,8,forward,0,0,56900
low8,shuffled,1000,8,best_seed,0,1,42000
low8,shuffled,1000,8,repair,10000,1,43700
low8,shuffled,1000,8,repair,100000,1,43800
low8,shuffled,1000,8,repair,1000000,1,43500
low8,shuffled,1000,8,balanced,10000,1,25600
low8,shuffled,1000,8,balanced,100000,1,30900
low8,shuffled,1000,8,balanced,1000000,1,25600
low8,shuffled,1000,8,multi_seed_experiment,10000,1,265300
low8,shuffled,1000,8,multi_seed_experiment,100000,1,263900
low8,shuffled,1000,8,multi_seed_experiment,1000000,1,292000
low8,shuffled,1000,8,baseline,0,1,24200
low8,shuffled,1000,8,forward,0,1,57100
low8,shuffled,1000,8,backward,0,1,73700
low8,shuffled,1000,8,repair,10000,2,46400
low8,shuffled,1000,8,repair,100000,2,44500
low8,shuffled,1000,8,repair,1000000,2,44100
low8,shuffled,1000,8,balanced,10000,2,25800
low8,shuffled,1000,8,balanced,100000,2,25700
low8,shuffled,1000,8,balanced,1000000,2,25900
low8,shuffled,1000,8,multi_seed_experiment,10000,2,267500
low8,shuffled,1000,8,multi_seed_experiment,100000,2,264200
low8,shuffled,1000,8,multi_seed_experiment,1000000,2,263900
low8,shuffled,1000,8,baseline,0,2,24300
low8,shuffled,1000,8,forward,0,2,56900
low8,shuffled,1000,8,backward,0,2,73300
low8,shuffled,1000,8,best_seed,0,2,43100
low8,shuffled,1000,8,repair,100000,3,49800
low8,shuffled,1000,8,repair,1000000,3,52600
low8,shuffled,1000,8,balanced,10000,3,26000
low8,shuffled,1000,8,balanced,100000,3,25700
low8,shuffled,1000,8,balanced,1000000,3,25700
low8,shuffled,1000,8,multi_seed_experiment,10000,3,281000
low8,shuffled,1000,8,multi_seed_experiment,100000,3,264600
low8,shuffled,1000,8,multi_seed_experiment,1000000,3,273400
low8,shuffled,1000,8,baseline,0,3,24500
low8,shuffled,1000,8,forward,0,3,56900
low8,shuffled,1000,8,backward,0,3,73600
low8,shuffled,1000,8,best_seed,0,3,42700
low8,shuffled,1000,8,repair,10000,3,44100
low8,shuffled,1000,8,repair,1000000,4,43700
low8,shuffled,1000,8,balanced,10000,4,25700
low8,shuffled,1000,8,balanced,100000,4,25600
low8,shuffled,1000,8,balanced,1000000,4,25600
low8,shuffled,1000,8,multi_seed_experiment,10000,4,277500
low8,shuffled,1000,8,multi_seed_experiment,100000,4,271900
low8,shuffled,1000,8,multi_seed_experiment,1000000,4,264700
low8,shuffled,1000,8,baseline,0,4,24300
low8,shuffled,1000,8,forward,0,4,56900
low8,shuffled,1000,8,backward,0,4,73400
low8,shuffled,1000,8,best_seed,0,4,42800
low8,shuffled,1000,8,repair,10000,4,44100
low8,shuffled,1000,8,repair,100000,4,43700
moderate128,sorted,1000,128,backward,0,0,53000
moderate128,sorted,1000,128,best_seed,0,0,26100
moderate128,sorted,1000,128,repair,10000,0,27400
moderate128,sorted,1000,128,repair,100000,0,27600
moderate128,sorted,1000,128,repair,1000000,0,27500
moderate128,sorted,1000,128,balanced,10000,0,22200
moderate128,sorted,1000,128,balanced,100000,0,22200
moderate128,sorted,1000,128,balanced,1000000,0,22100
moderate128,sorted,1000,128,multi_seed_experiment,10000,0,191300
moderate128,sorted,1000,128,multi_seed_experiment,100000,0,190400
moderate128,sorted,1000,128,multi_seed_experiment,1000000,0,190400
moderate128,sorted,1000,128,baseline,0,0,25700
moderate128,sorted,1000,128,forward,0,0,53400
moderate128,sorted,1000,128,best_seed,0,1,25800
moderate128,sorted,1000,128,repair,10000,1,27400
moderate128,sorted,1000,128,repair,100000,1,27300
moderate128,sorted,1000,128,repair,1000000,1,27600
moderate128,sorted,1000,128,balanced,10000,1,22200
moderate128,sorted,1000,128,balanced,100000,1,22200
moderate128,sorted,1000,128,balanced,1000000,1,22200
moderate128,sorted,1000,128,multi_seed_experiment,10000,1,190900
moderate128,sorted,1000,128,multi_seed_experiment,100000,1,190400
moderate128,sorted,1000,128,multi_seed_experiment,1000000,1,190800
moderate128,sorted,1000,128,baseline,0,1,20700
moderate128,sorted,1000,128,forward,0,1,53100
moderate128,sorted,1000,128,backward,0,1,53700
moderate128,sorted,1000,128,repair,10000,2,27600
moderate128,sorted,1000,128,repair,100000,2,27300
moderate128,sorted,1000,128,repair,1000000,2,27300
moderate128,sorted,1000,128,balanced,10000,2,22300
moderate128,sorted,1000,128,balanced,100000,2,22600
moderate128,sorted,1000,128,balanced,1000000,2,22200
moderate128,sorted,1000,128,multi_seed_experiment,10000,2,191200
moderate128,sorted,1000,128,multi_seed_experiment,100000,2,190300
moderate128,sorted,1000,128,multi_seed_experiment,1000000,2,190400
moderate128,sorted,1000,128,baseline,0,2,20600
moderate128,sorted,1000,128,forward,0,2,53200
moderate128,sorted,1000,128,backward,0,2,53300
moderate128,sorted,1000,128,best_seed,0,2,25700
moderate128,sorted,1000,128,repair,100000,3,27500
moderate128,sorted,1000,128,repair,1000000,3,27400
moderate128,sorted,1000,128,balanced,10000,3,22200
moderate128,sorted,1000,128,balanced,100000,3,22100
moderate128,sorted,1000,128,balanced,1000000,3,22700
moderate128,sorted,1000,128,multi_seed_experiment,10000,3,200700
moderate128,sorted,1000,128,multi_seed_experiment,100000,3,191000
moderate128,sorted,1000,128,multi_seed_experiment,1000000,3,190800
moderate128,sorted,1000,128,baseline,0,3,20600
moderate128,sorted,1000,128,forward,0,3,53100
moderate128,sorted,1000,128,backward,0,3,53500
moderate128,sorted,1000,128,best_seed,0,3,25900
moderate128,sorted,1000,128,repair,10000,3,27500
moderate128,sorted,1000,128,repair,1000000,4,27400
moderate128,sorted,1000,128,balanced,10000,4,22100
moderate128,sorted,1000,128,balanced,100000,4,22200
moderate128,sorted,1000,128,balanced,1000000,4,22200
moderate128,sorted,1000,128,multi_seed_experiment,10000,4,200800
moderate128,sorted,1000,128,multi_seed_experiment,100000,4,190300
moderate128,sorted,1000,128,multi_seed_experiment,1000000,4,195700
moderate128,sorted,1000,128,baseline,0,4,20800
moderate128,sorted,1000,128,forward,0,4,53200
moderate128,sorted,1000,128,backward,0,4,53200
moderate128,sorted,1000,128,best_seed,0,4,25600
moderate128,sorted,1000,128,repair,10000,4,27900
moderate128,sorted,1000,128,repair,100000,4,27400
moderate128,shuffled,1000,128,backward,0,0,97000
moderate128,shuffled,1000,128,best_seed,0,0,53200
moderate128,shuffled,1000,128,repair,10000,0,54000
moderate128,shuffled,1000,128,repair,100000,0,53700
moderate128,shuffled,1000,128,repair,1000000,0,53400
moderate128,shuffled,1000,128,balanced,10000,0,35100
moderate128,shuffled,1000,128,balanced,100000,0,35300
moderate128,shuffled,1000,128,balanced,1000000,0,35100
moderate128,shuffled,1000,128,multi_seed_experiment,10000,0,334300
moderate128,shuffled,1000,128,multi_seed_experiment,100000,0,332600
moderate128,shuffled,1000,128,multi_seed_experiment,1000000,0,331700
moderate128,shuffled,1000,128,baseline,0,0,33800
moderate128,shuffled,1000,128,forward,0,0,79300
moderate128,shuffled,1000,128,best_seed,0,1,51600
moderate128,shuffled,1000,128,repair,10000,1,53300
moderate128,shuffled,1000,128,repair,100000,1,53100
moderate128,shuffled,1000,128,repair,1000000,1,53200
moderate128,shuffled,1000,128,balanced,10000,1,35100
moderate128,shuffled,1000,128,balanced,100000,1,39200
moderate128,shuffled,1000,128,balanced,1000000,1,36700
moderate128,shuffled,1000,128,multi_seed_experiment,10000,1,343500
moderate128,shuffled,1000,128,multi_seed_experiment,100000,1,332400
moderate128,shuffled,1000,128,multi_seed_experiment,1000000,1,336800
moderate128,shuffled,1000,128,baseline,0,1,33400
moderate128,shuffled,1000,128,forward,0,1,79200
moderate128,shuffled,1000,128,backward,0,1,93000
moderate128,shuffled,1000,128,repair,10000,2,55000
moderate128,shuffled,1000,128,repair,100000,2,54100
moderate128,shuffled,1000,128,repair,1000000,2,53600
moderate128,shuffled,1000,128,balanced,10000,2,35200
moderate128,shuffled,1000,128,balanced,100000,2,35200
moderate128,shuffled,1000,128,balanced,1000000,2,38400
moderate128,shuffled,1000,128,multi_seed_experiment,10000,2,337200
moderate128,shuffled,1000,128,multi_seed_experiment,100000,2,337100
moderate128,shuffled,1000,128,multi_seed_experiment,1000000,2,331800
moderate128,shuffled,1000,128,baseline,0,2,33500
moderate128,shuffled,1000,128,forward,0,2,79300
moderate128,shuffled,1000,128,backward,0,2,92700
moderate128,shuffled,1000,128,best_seed,0,2,53000
moderate128,shuffled,1000,128,repair,100000,3,54000
moderate128,shuffled,1000,128,repair,1000000,3,53500
moderate128,shuffled,1000,128,balanced,10000,3,35100
moderate128,shuffled,1000,128,balanced,100000,3,35100
moderate128,shuffled,1000,128,balanced,1000000,3,34800
moderate128,shuffled,1000,128,multi_seed_experiment,10000,3,379600
moderate128,shuffled,1000,128,multi_seed_experiment,100000,3,337600
moderate128,shuffled,1000,128,multi_seed_experiment,1000000,3,331500
moderate128,shuffled,1000,128,baseline,0,3,33400
moderate128,shuffled,1000,128,forward,0,3,79300
moderate128,shuffled,1000,128,backward,0,3,92600
moderate128,shuffled,1000,128,best_seed,0,3,52800
moderate128,shuffled,1000,128,repair,10000,3,53800
moderate128,shuffled,1000,128,repair,1000000,4,53500
moderate128,shuffled,1000,128,balanced,10000,4,35300
moderate128,shuffled,1000,128,balanced,100000,4,35000
moderate128,shuffled,1000,128,balanced,1000000,4,34900
moderate128,shuffled,1000,128,multi_seed_experiment,10000,4,381600
moderate128,shuffled,1000,128,multi_seed_experiment,100000,4,332500
moderate128,shuffled,1000,128,multi_seed_experiment,1000000,4,331500
moderate128,shuffled,1000,128,baseline,0,4,33600
moderate128,shuffled,1000,128,forward,0,4,79300
moderate128,shuffled,1000,128,backward,0,4,93000
moderate128,shuffled,1000,128,best_seed,0,4,52600
moderate128,shuffled,1000,128,repair,10000,4,53600
moderate128,shuffled,1000,128,repair,100000,4,53400
clique,sorted,1000,1000,backward,0,0,51100
clique,sorted,1000,1000,best_seed,0,0,13600
clique,sorted,1000,1000,repair,10000,0,81400
clique,sorted,1000,1000,repair,100000,0,17400
clique,sorted,1000,1000,repair,1000000,0,14300
clique,sorted,1000,1000,balanced,10000,0,9600
clique,sorted,1000,1000,balanced,100000,0,9700
clique,sorted,1000,1000,balanced,1000000,0,9400
clique,sorted,1000,1000,multi_seed_experiment,10000,0,164800
clique,sorted,1000,1000,multi_seed_experiment,100000,0,147700
clique,sorted,1000,1000,multi_seed_experiment,1000000,0,147300
clique,sorted,1000,1000,baseline,0,0,38600
clique,sorted,1000,1000,forward,0,0,62000
clique,sorted,1000,1000,best_seed,0,1,13200
clique,sorted,1000,1000,repair,10000,1,14400
clique,sorted,1000,1000,repair,100000,1,14300
clique,sorted,1000,1000,repair,1000000,1,14100
clique,sorted,1000,1000,balanced,10000,1,9600
clique,sorted,1000,1000,balanced,100000,1,9600
clique,sorted,1000,1000,balanced,1000000,1,9600
clique,sorted,1000,1000,multi_seed_experiment,10000,1,152500
clique,sorted,1000,1000,multi_seed_experiment,100000,1,147900
clique,sorted,1000,1000,multi_seed_experiment,1000000,1,147100
clique,sorted,1000,1000,baseline,0,1,5900
clique,sorted,1000,1000,forward,0,1,49300
clique,sorted,1000,1000,backward,0,1,51700
clique,sorted,1000,1000,repair,10000,2,14200
clique,sorted,1000,1000,repair,100000,2,14100
clique,sorted,1000,1000,repair,1000000,2,14000
clique,sorted,1000,1000,balanced,10000,2,40700
clique,sorted,1000,1000,balanced,100000,2,14200
clique,sorted,1000,1000,balanced,1000000,2,11200
clique,sorted,1000,1000,multi_seed_experiment,10000,2,156800
clique,sorted,1000,1000,multi_seed_experiment,100000,2,147200
clique,sorted,1000,1000,multi_seed_experiment,1000000,2,147100
clique,sorted,1000,1000,baseline,0,2,5900
clique,sorted,1000,1000,forward,0,2,47500
clique,sorted,1000,1000,backward,0,2,51400
clique,sorted,1000,1000,best_seed,0,2,81100
clique,sorted,1000,1000,repair,100000,3,19400
clique,sorted,1000,1000,repair,1000000,3,14400
clique,sorted,1000,1000,balanced,10000,3,9700
clique,sorted,1000,1000,balanced,100000,3,9700
clique,sorted,1000,1000,balanced,1000000,3,9600
clique,sorted,1000,1000,multi_seed_experiment,10000,3,158000
clique,sorted,1000,1000,multi_seed_experiment,100000,3,147200
clique,sorted,1000,1000,multi_seed_experiment,1000000,3,147300
clique,sorted,1000,1000,baseline,0,3,31700
clique,sorted,1000,1000,forward,0,3,59500
clique,sorted,1000,1000,backward,0,3,62900
clique,sorted,1000,1000,best_seed,0,3,13400
clique,sorted,1000,1000,repair,10000,3,14400
clique,sorted,1000,1000,repair,1000000,4,14400
clique,sorted,1000,1000,balanced,10000,4,9600
clique,sorted,1000,1000,balanced,100000,4,9500
clique,sorted,1000,1000,balanced,1000000,4,9500
clique,sorted,1000,1000,multi_seed_experiment,10000,4,147100
clique,sorted,1000,1000,multi_seed_experiment,100000,4,210500
clique,sorted,1000,1000,multi_seed_experiment,1000000,4,147300
clique,sorted,1000,1000,baseline,0,4,5900
clique,sorted,1000,1000,forward,0,4,47800
clique,sorted,1000,1000,backward,0,4,51700
clique,sorted,1000,1000,best_seed,0,4,13200
clique,sorted,1000,1000,repair,10000,4,14300
clique,sorted,1000,1000,repair,100000,4,14000
clique,shuffled,1000,1000,backward,0,0,110400
clique,shuffled,1000,1000,best_seed,0,0,13000
clique,shuffled,1000,1000,repair,10000,0,14200
clique,shuffled,1000,1000,repair,100000,0,13700
clique,shuffled,1000,1000,repair,1000000,0,13700
clique,shuffled,1000,1000,balanced,10000,0,9700
clique,shuffled,1000,1000,balanced,100000,0,9200
clique,shuffled,1000,1000,balanced,1000000,0,9100
clique,shuffled,1000,1000,multi_seed_experiment,10000,0,149800
clique,shuffled,1000,1000,multi_seed_experiment,100000,0,144900
clique,shuffled,1000,1000,multi_seed_experiment,1000000,0,149900
clique,shuffled,1000,1000,baseline,0,0,5600
clique,shuffled,1000,1000,forward,0,0,47300
clique,shuffled,1000,1000,best_seed,0,1,12600
clique,shuffled,1000,1000,repair,10000,1,13800
clique,shuffled,1000,1000,repair,100000,1,13900
clique,shuffled,1000,1000,repair,1000000,1,13800
clique,shuffled,1000,1000,balanced,10000,1,9200
clique,shuffled,1000,1000,balanced,100000,1,63000
clique,shuffled,1000,1000,balanced,1000000,1,12100
clique,shuffled,1000,1000,multi_seed_experiment,10000,1,157600
clique,shuffled,1000,1000,multi_seed_experiment,100000,1,146300
clique,shuffled,1000,1000,multi_seed_experiment,1000000,1,144500
clique,shuffled,1000,1000,baseline,0,1,5700
clique,shuffled,1000,1000,forward,0,1,47300
clique,shuffled,1000,1000,backward,0,1,52800
clique,shuffled,1000,1000,repair,10000,2,14000
clique,shuffled,1000,1000,repair,100000,2,13800
clique,shuffled,1000,1000,repair,1000000,2,13900
clique,shuffled,1000,1000,balanced,10000,2,9000
clique,shuffled,1000,1000,balanced,100000,2,9000
clique,shuffled,1000,1000,balanced,1000000,2,9200
clique,shuffled,1000,1000,multi_seed_experiment,10000,2,144500
clique,shuffled,1000,1000,multi_seed_experiment,100000,2,145900
clique,shuffled,1000,1000,multi_seed_experiment,1000000,2,150300
clique,shuffled,1000,1000,baseline,0,2,5600
clique,shuffled,1000,1000,forward,0,2,93300
clique,shuffled,1000,1000,backward,0,2,55700
clique,shuffled,1000,1000,best_seed,0,2,12500
clique,shuffled,1000,1000,repair,100000,3,14000
clique,shuffled,1000,1000,repair,1000000,3,13700
clique,shuffled,1000,1000,balanced,10000,3,9100
clique,shuffled,1000,1000,balanced,100000,3,9100
clique,shuffled,1000,1000,balanced,1000000,3,9400
clique,shuffled,1000,1000,multi_seed_experiment,10000,3,146800
clique,shuffled,1000,1000,multi_seed_experiment,100000,3,200800
clique,shuffled,1000,1000,multi_seed_experiment,1000000,3,147700
clique,shuffled,1000,1000,baseline,0,3,5600
clique,shuffled,1000,1000,forward,0,3,47300
clique,shuffled,1000,1000,backward,0,3,52700
clique,shuffled,1000,1000,best_seed,0,3,12700
clique,shuffled,1000,1000,repair,10000,3,13700
clique,shuffled,1000,1000,repair,1000000,4,13800
clique,shuffled,1000,1000,balanced,10000,4,9000
clique,shuffled,1000,1000,balanced,100000,4,9000
clique,shuffled,1000,1000,balanced,1000000,4,9000
clique,shuffled,1000,1000,multi_seed_experiment,10000,4,144700
clique,shuffled,1000,1000,multi_seed_experiment,100000,4,152000
clique,shuffled,1000,1000,multi_seed_experiment,1000000,4,144500
clique,shuffled,1000,1000,baseline,0,4,5600
clique,shuffled,1000,1000,forward,0,4,47300
clique,shuffled,1000,1000,backward,0,4,50900
clique,shuffled,1000,1000,best_seed,0,4,12500
clique,shuffled,1000,1000,repair,10000,4,13700
clique,shuffled,1000,1000,repair,100000,4,13800
nearly_clique,sorted,1000,750,backward,0,0,45300
nearly_clique,sorted,1000,750,best_seed,0,0,49800
nearly_clique,sorted,1000,750,repair,10000,0,47800
nearly_clique,sorted,1000,750,repair,100000,0,163500
nearly_clique,sorted,1000,750,repair,1000000,0,1350300
nearly_clique,sorted,1000,750,balanced,10000,0,53900
nearly_clique,sorted,1000,750,balanced,100000,0,53300
nearly_clique,sorted,1000,750,balanced,1000000,0,52800
nearly_clique,sorted,1000,750,multi_seed_experiment,10000,0,158800
nearly_clique,sorted,1000,750,multi_seed_experiment,100000,0,196400
nearly_clique,sorted,1000,750,multi_seed_experiment,1000000,0,593100
nearly_clique,sorted,1000,750,baseline,0,0,4400
nearly_clique,sorted,1000,750,forward,0,0,42500
nearly_clique,sorted,1000,750,best_seed,0,1,49300
nearly_clique,sorted,1000,750,repair,10000,1,42300
nearly_clique,sorted,1000,750,repair,100000,1,162300
nearly_clique,sorted,1000,750,repair,1000000,1,1340300
nearly_clique,sorted,1000,750,balanced,10000,1,74900
nearly_clique,sorted,1000,750,balanced,100000,1,53300
nearly_clique,sorted,1000,750,balanced,1000000,1,53100
nearly_clique,sorted,1000,750,multi_seed_experiment,10000,1,170400
nearly_clique,sorted,1000,750,multi_seed_experiment,100000,1,227300
nearly_clique,sorted,1000,750,multi_seed_experiment,1000000,1,633200
nearly_clique,sorted,1000,750,baseline,0,1,4500
nearly_clique,sorted,1000,750,forward,0,1,42900
nearly_clique,sorted,1000,750,backward,0,1,45800
nearly_clique,sorted,1000,750,repair,10000,2,51800
nearly_clique,sorted,1000,750,repair,100000,2,162900
nearly_clique,sorted,1000,750,repair,1000000,2,1350600
nearly_clique,sorted,1000,750,balanced,10000,2,68800
nearly_clique,sorted,1000,750,balanced,100000,2,53400
nearly_clique,sorted,1000,750,balanced,1000000,2,52900
nearly_clique,sorted,1000,750,multi_seed_experiment,10000,2,161900
nearly_clique,sorted,1000,750,multi_seed_experiment,100000,2,198900
nearly_clique,sorted,1000,750,multi_seed_experiment,1000000,2,589000
nearly_clique,sorted,1000,750,baseline,0,2,4500
nearly_clique,sorted,1000,750,forward,0,2,49500
nearly_clique,sorted,1000,750,backward,0,2,45900
nearly_clique,sorted,1000,750,best_seed,0,2,49700
nearly_clique,sorted,1000,750,repair,100000,3,163700
nearly_clique,sorted,1000,750,repair,1000000,3,1351700
nearly_clique,sorted,1000,750,balanced,10000,3,53900
nearly_clique,sorted,1000,750,balanced,100000,3,53200
nearly_clique,sorted,1000,750,balanced,1000000,3,53100
nearly_clique,sorted,1000,750,multi_seed_experiment,10000,3,160800
nearly_clique,sorted,1000,750,multi_seed_experiment,100000,3,204900
nearly_clique,sorted,1000,750,multi_seed_experiment,1000000,3,619200
nearly_clique,sorted,1000,750,baseline,0,3,4500
nearly_clique,sorted,1000,750,forward,0,3,47500
nearly_clique,sorted,1000,750,backward,0,3,46000
nearly_clique,sorted,1000,750,best_seed,0,3,49800
nearly_clique,sorted,1000,750,repair,10000,3,46900
nearly_clique,sorted,1000,750,repair,1000000,4,1347500
nearly_clique,sorted,1000,750,balanced,10000,4,62500
nearly_clique,sorted,1000,750,balanced,100000,4,53400
nearly_clique,sorted,1000,750,balanced,1000000,4,53000
nearly_clique,sorted,1000,750,multi_seed_experiment,10000,4,169000
nearly_clique,sorted,1000,750,multi_seed_experiment,100000,4,217200
nearly_clique,sorted,1000,750,multi_seed_experiment,1000000,4,619400
nearly_clique,sorted,1000,750,baseline,0,4,4500
nearly_clique,sorted,1000,750,forward,0,4,42800
nearly_clique,sorted,1000,750,backward,0,4,46100
nearly_clique,sorted,1000,750,best_seed,0,4,49900
nearly_clique,sorted,1000,750,repair,10000,4,54200
nearly_clique,sorted,1000,750,repair,100000,4,171900
nearly_clique,shuffled,1000,750,backward,0,0,47700
nearly_clique,shuffled,1000,750,best_seed,0,0,50500
nearly_clique,shuffled,1000,750,repair,10000,0,45200
nearly_clique,shuffled,1000,750,repair,100000,0,162800
nearly_clique,shuffled,1000,750,repair,1000000,0,1346600
nearly_clique,shuffled,1000,750,balanced,10000,0,55100
nearly_clique,shuffled,1000,750,balanced,100000,0,59100
nearly_clique,shuffled,1000,750,balanced,1000000,0,52900
nearly_clique,shuffled,1000,750,multi_seed_experiment,10000,0,164600
nearly_clique,shuffled,1000,750,multi_seed_experiment,100000,0,206100
nearly_clique,shuffled,1000,750,multi_seed_experiment,1000000,0,591800
nearly_clique,shuffled,1000,750,baseline,0,0,4700
nearly_clique,shuffled,1000,750,forward,0,0,43400
nearly_clique,shuffled,1000,750,best_seed,0,1,49500
nearly_clique,shuffled,1000,750,repair,10000,1,42400
nearly_clique,shuffled,1000,750,repair,100000,1,167200
nearly_clique,shuffled,1000,750,repair,1000000,1,1353900
nearly_clique,shuffled,1000,750,balanced,10000,1,62600
nearly_clique,shuffled,1000,750,balanced,100000,1,53500
nearly_clique,shuffled,1000,750,balanced,1000000,1,53200
nearly_clique,shuffled,1000,750,multi_seed_experiment,10000,1,208900
nearly_clique,shuffled,1000,750,multi_seed_experiment,100000,1,224600
nearly_clique,shuffled,1000,750,multi_seed_experiment,1000000,1,600900
nearly_clique,shuffled,1000,750,baseline,0,1,4800
nearly_clique,shuffled,1000,750,forward,0,1,43800
nearly_clique,shuffled,1000,750,backward,0,1,48500
nearly_clique,shuffled,1000,750,repair,10000,2,46500
nearly_clique,shuffled,1000,750,repair,100000,2,166400
nearly_clique,shuffled,1000,750,repair,1000000,2,1354400
nearly_clique,shuffled,1000,750,balanced,10000,2,63400
nearly_clique,shuffled,1000,750,balanced,100000,2,53700
nearly_clique,shuffled,1000,750,balanced,1000000,2,53100
nearly_clique,shuffled,1000,750,multi_seed_experiment,10000,2,175000
nearly_clique,shuffled,1000,750,multi_seed_experiment,100000,2,200400
nearly_clique,shuffled,1000,750,multi_seed_experiment,1000000,2,600600
nearly_clique,shuffled,1000,750,baseline,0,2,4800
nearly_clique,shuffled,1000,750,forward,0,2,43500
nearly_clique,shuffled,1000,750,backward,0,2,48500
nearly_clique,shuffled,1000,750,best_seed,0,2,50300
nearly_clique,shuffled,1000,750,repair,100000,3,162900
nearly_clique,shuffled,1000,750,repair,1000000,3,1354300
nearly_clique,shuffled,1000,750,balanced,10000,3,54600
nearly_clique,shuffled,1000,750,balanced,100000,3,53900
nearly_clique,shuffled,1000,750,balanced,1000000,3,53300
nearly_clique,shuffled,1000,750,multi_seed_experiment,10000,3,165600
nearly_clique,shuffled,1000,750,multi_seed_experiment,100000,3,200500
nearly_clique,shuffled,1000,750,multi_seed_experiment,1000000,3,594300
nearly_clique,shuffled,1000,750,baseline,0,3,4700
nearly_clique,shuffled,1000,750,forward,0,3,43400
nearly_clique,shuffled,1000,750,backward,0,3,48400
nearly_clique,shuffled,1000,750,best_seed,0,3,49900
nearly_clique,shuffled,1000,750,repair,10000,3,42700
nearly_clique,shuffled,1000,750,repair,1000000,4,1372700
nearly_clique,shuffled,1000,750,balanced,10000,4,54400
nearly_clique,shuffled,1000,750,balanced,100000,4,53300
nearly_clique,shuffled,1000,750,balanced,1000000,4,52900
nearly_clique,shuffled,1000,750,multi_seed_experiment,10000,4,164500
nearly_clique,shuffled,1000,750,multi_seed_experiment,100000,4,197900
nearly_clique,shuffled,1000,750,multi_seed_experiment,1000000,4,608600
nearly_clique,shuffled,1000,750,baseline,0,4,4800
nearly_clique,shuffled,1000,750,forward,0,4,43700
nearly_clique,shuffled,1000,750,backward,0,4,48500
nearly_clique,shuffled,1000,750,best_seed,0,4,50300
nearly_clique,shuffled,1000,750,repair,10000,4,47400
nearly_clique,shuffled,1000,750,repair,100000,4,189300
late_clique,sorted,1000,250,backward,0,0,63100
late_clique,sorted,1000,250,best_seed,0,0,45900
late_clique,sorted,1000,250,repair,10000,0,33700
late_clique,sorted,1000,250,repair,100000,0,181500
late_clique,sorted,1000,250,repair,1000000,0,1165200
late_clique,sorted,1000,250,balanced,10000,0,50300
late_clique,sorted,1000,250,balanced,100000,0,53600
late_clique,sorted,1000,250,balanced,1000000,0,49100
late_clique,sorted,1000,250,multi_seed_experiment,10000,0,174500
late_clique,sorted,1000,250,multi_seed_experiment,100000,0,208000
late_clique,sorted,1000,250,multi_seed_experiment,1000000,0,689200
late_clique,sorted,1000,250,baseline,0,0,4600
late_clique,sorted,1000,250,forward,0,0,40100
late_clique,sorted,1000,250,best_seed,0,1,45600
late_clique,sorted,1000,250,repair,10000,1,52300
late_clique,sorted,1000,250,repair,100000,1,180800
late_clique,sorted,1000,250,repair,1000000,1,1173000
late_clique,sorted,1000,250,balanced,10000,1,50600
late_clique,sorted,1000,250,balanced,100000,1,49300
late_clique,sorted,1000,250,balanced,1000000,1,48900
late_clique,sorted,1000,250,multi_seed_experiment,10000,1,168000
late_clique,sorted,1000,250,multi_seed_experiment,100000,1,209100
late_clique,sorted,1000,250,multi_seed_experiment,1000000,1,684800
late_clique,sorted,1000,250,baseline,0,1,4600
late_clique,sorted,1000,250,forward,0,1,39800
late_clique,sorted,1000,250,backward,0,1,63900
late_clique,sorted,1000,250,repair,10000,2,33300
late_clique,sorted,1000,250,repair,100000,2,182600
late_clique,sorted,1000,250,repair,1000000,2,1168300
late_clique,sorted,1000,250,balanced,10000,2,51000
late_clique,sorted,1000,250,balanced,100000,2,49600
late_clique,sorted,1000,250,balanced,1000000,2,49100
late_clique,sorted,1000,250,multi_seed_experiment,10000,2,168300
late_clique,sorted,1000,250,multi_seed_experiment,100000,2,214000
late_clique,sorted,1000,250,multi_seed_experiment,1000000,2,689900
late_clique,sorted,1000,250,baseline,0,2,4800
late_clique,sorted,1000,250,forward,0,2,39700
late_clique,sorted,1000,250,backward,0,2,64100
late_clique,sorted,1000,250,best_seed,0,2,46100
late_clique,sorted,1000,250,repair,100000,3,183900
late_clique,sorted,1000,250,repair,1000000,3,1166400
late_clique,sorted,1000,250,balanced,10000,3,53000
late_clique,sorted,1000,250,balanced,100000,3,49300
late_clique,sorted,1000,250,balanced,1000000,3,49200
late_clique,sorted,1000,250,multi_seed_experiment,10000,3,168000
late_clique,sorted,1000,250,multi_seed_experiment,100000,3,209400
late_clique,sorted,1000,250,multi_seed_experiment,1000000,3,684300
late_clique,sorted,1000,250,baseline,0,3,4600
late_clique,sorted,1000,250,forward,0,3,39800
late_clique,sorted,1000,250,backward,0,3,69900
late_clique,sorted,1000,250,best_seed,0,3,46300
late_clique,sorted,1000,250,repair,10000,3,33800
late_clique,sorted,1000,250,repair,1000000,4,1163000
late_clique,sorted,1000,250,balanced,10000,4,50600
late_clique,sorted,1000,250,balanced,100000,4,49300
late_clique,sorted,1000,250,balanced,1000000,4,48900
late_clique,sorted,1000,250,multi_seed_experiment,10000,4,168100
late_clique,sorted,1000,250,multi_seed_experiment,100000,4,209000
late_clique,sorted,1000,250,multi_seed_experiment,1000000,4,688400
late_clique,sorted,1000,250,baseline,0,4,4700
late_clique,sorted,1000,250,forward,0,4,39700
late_clique,sorted,1000,250,backward,0,4,63800
late_clique,sorted,1000,250,best_seed,0,4,45900
late_clique,sorted,1000,250,repair,10000,4,33500
late_clique,sorted,1000,250,repair,100000,4,177200
late_clique,shuffled,1000,250,backward,0,0,90800
late_clique,shuffled,1000,250,best_seed,0,0,73800
late_clique,shuffled,1000,250,repair,10000,0,63000
late_clique,shuffled,1000,250,repair,100000,0,205800
late_clique,shuffled,1000,250,repair,1000000,0,1206600
late_clique,shuffled,1000,250,balanced,10000,0,79400
late_clique,shuffled,1000,250,balanced,100000,0,77100
late_clique,shuffled,1000,250,balanced,1000000,0,75700
late_clique,shuffled,1000,250,multi_seed_experiment,10000,0,299100
late_clique,shuffled,1000,250,multi_seed_experiment,100000,0,346400
late_clique,shuffled,1000,250,multi_seed_experiment,1000000,0,832700
late_clique,shuffled,1000,250,baseline,0,0,17700
late_clique,shuffled,1000,250,forward,0,0,66300
late_clique,shuffled,1000,250,best_seed,0,1,72100
late_clique,shuffled,1000,250,repair,10000,1,85500
late_clique,shuffled,1000,250,repair,100000,1,209700
late_clique,shuffled,1000,250,repair,1000000,1,1195100
late_clique,shuffled,1000,250,balanced,10000,1,79000
late_clique,shuffled,1000,250,balanced,100000,1,76700
late_clique,shuffled,1000,250,balanced,1000000,1,75500
late_clique,shuffled,1000,250,multi_seed_experiment,10000,1,299400
late_clique,shuffled,1000,250,multi_seed_experiment,100000,1,344800
late_clique,shuffled,1000,250,multi_seed_experiment,1000000,1,819900
late_clique,shuffled,1000,250,baseline,0,1,17600
late_clique,shuffled,1000,250,forward,0,1,66300
late_clique,shuffled,1000,250,backward,0,1,91500
late_clique,shuffled,1000,250,repair,10000,2,60500
late_clique,shuffled,1000,250,repair,100000,2,204900
late_clique,shuffled,1000,250,repair,1000000,2,1195200
late_clique,shuffled,1000,250,balanced,10000,2,79700
late_clique,shuffled,1000,250,balanced,100000,2,77400
late_clique,shuffled,1000,250,balanced,1000000,2,76100
late_clique,shuffled,1000,250,multi_seed_experiment,10000,2,308300
late_clique,shuffled,1000,250,multi_seed_experiment,100000,2,341200
late_clique,shuffled,1000,250,multi_seed_experiment,1000000,2,809700
late_clique,shuffled,1000,250,baseline,0,2,17500
late_clique,shuffled,1000,250,forward,0,2,65900
late_clique,shuffled,1000,250,backward,0,2,90700
late_clique,shuffled,1000,250,best_seed,0,2,72900
late_clique,shuffled,1000,250,repair,100000,3,203800
late_clique,shuffled,1000,250,repair,1000000,3,1199400
late_clique,shuffled,1000,250,balanced,10000,3,78500
late_clique,shuffled,1000,250,balanced,100000,3,76400
late_clique,shuffled,1000,250,balanced,1000000,3,75100
late_clique,shuffled,1000,250,multi_seed_experiment,10000,3,296100
late_clique,shuffled,1000,250,multi_seed_experiment,100000,3,345200
late_clique,shuffled,1000,250,multi_seed_experiment,1000000,3,807900
late_clique,shuffled,1000,250,baseline,0,3,17500
late_clique,shuffled,1000,250,forward,0,3,65900
late_clique,shuffled,1000,250,backward,0,3,109300
late_clique,shuffled,1000,250,best_seed,0,3,73500
late_clique,shuffled,1000,250,repair,10000,3,60400
late_clique,shuffled,1000,250,repair,1000000,4,1198100
late_clique,shuffled,1000,250,balanced,10000,4,79000
late_clique,shuffled,1000,250,balanced,100000,4,76400
late_clique,shuffled,1000,250,balanced,1000000,4,75400
late_clique,shuffled,1000,250,multi_seed_experiment,10000,4,298600
late_clique,shuffled,1000,250,multi_seed_experiment,100000,4,343300
late_clique,shuffled,1000,250,multi_seed_experiment,1000000,4,823700
late_clique,shuffled,1000,250,baseline,0,4,17500
late_clique,shuffled,1000,250,forward,0,4,66200
late_clique,shuffled,1000,250,backward,0,4,91300
late_clique,shuffled,1000,250,best_seed,0,4,73200
late_clique,shuffled,1000,250,repair,10000,4,60200
late_clique,shuffled,1000,250,repair,100000,4,204900
long_short,sorted,1000,3,backward,0,0,44200
long_short,sorted,1000,3,best_seed,0,0,65400
long_short,sorted,1000,3,repair,10000,0,31300
long_short,sorted,1000,3,repair,100000,0,78000
long_short,sorted,1000,3,repair,1000000,0,85600
long_short,sorted,1000,3,balanced,10000,0,85900
long_short,sorted,1000,3,balanced,100000,0,130400
long_short,sorted,1000,3,balanced,1000000,0,130400
long_short,sorted,1000,3,multi_seed_experiment,10000,0,144600
long_short,sorted,1000,3,multi_seed_experiment,100000,0,266300
long_short,sorted,1000,3,multi_seed_experiment,1000000,0,299600
long_short,sorted,1000,3,baseline,0,0,6200
long_short,sorted,1000,3,forward,0,0,23900
long_short,sorted,1000,3,best_seed,0,1,64500
long_short,sorted,1000,3,repair,10000,1,31200
long_short,sorted,1000,3,repair,100000,1,80300
long_short,sorted,1000,3,repair,1000000,1,77600
long_short,sorted,1000,3,balanced,10000,1,83900
long_short,sorted,1000,3,balanced,100000,1,133500
long_short,sorted,1000,3,balanced,1000000,1,130400
long_short,sorted,1000,3,multi_seed_experiment,10000,1,145900
long_short,sorted,1000,3,multi_seed_experiment,100000,1,270200
long_short,sorted,1000,3,multi_seed_experiment,1000000,1,313400
long_short,sorted,1000,3,baseline,0,1,6300
long_short,sorted,1000,3,forward,0,1,24000
long_short,sorted,1000,3,backward,0,1,44200
long_short,sorted,1000,3,repair,10000,2,31200
long_short,sorted,1000,3,repair,100000,2,78000
long_short,sorted,1000,3,repair,1000000,2,77400
long_short,sorted,1000,3,balanced,10000,2,83800
long_short,sorted,1000,3,balanced,100000,2,130500
long_short,sorted,1000,3,balanced,1000000,2,130100
long_short,sorted,1000,3,multi_seed_experiment,10000,2,144600
long_short,sorted,1000,3,multi_seed_experiment,100000,2,263400
long_short,sorted,1000,3,multi_seed_experiment,1000000,2,294700
long_short,sorted,1000,3,baseline,0,2,6500
long_short,sorted,1000,3,forward,0,2,24900
long_short,sorted,1000,3,backward,0,2,40200
long_short,sorted,1000,3,best_seed,0,2,72600
long_short,sorted,1000,3,repair,100000,3,78000
long_short,sorted,1000,3,repair,1000000,3,77100
long_short,sorted,1000,3,balanced,10000,3,83200
long_short,sorted,1000,3,balanced,100000,3,129200
long_short,sorted,1000,3,balanced,1000000,3,129500
long_short,sorted,1000,3,multi_seed_experiment,10000,3,146200
long_short,sorted,1000,3,multi_seed_experiment,100000,3,259800
long_short,sorted,1000,3,multi_seed_experiment,1000000,3,293600
long_short,sorted,1000,3,baseline,0,3,6300
long_short,sorted,1000,3,forward,0,3,26100
long_short,sorted,1000,3,backward,0,3,40200
long_short,sorted,1000,3,best_seed,0,3,63900
long_short,sorted,1000,3,repair,10000,3,30900
long_short,sorted,1000,3,repair,1000000,4,77300
long_short,sorted,1000,3,balanced,10000,4,83200
long_short,sorted,1000,3,balanced,100000,4,129500
long_short,sorted,1000,3,balanced,1000000,4,138900
long_short,sorted,1000,3,multi_seed_experiment,10000,4,149100
long_short,sorted,1000,3,multi_seed_experiment,100000,4,257400
long_short,sorted,1000,3,multi_seed_experiment,1000000,4,293000
long_short,sorted,1000,3,baseline,0,4,6700
long_short,sorted,1000,3,forward,0,4,23700
long_short,sorted,1000,3,backward,0,4,44200
long_short,sorted,1000,3,best_seed,0,4,63600
long_short,sorted,1000,3,repair,10000,4,31100
long_short,sorted,1000,3,repair,100000,4,77000
long_short,shuffled,1000,3,backward,0,0,84400
long_short,shuffled,1000,3,best_seed,0,0,96800
long_short,shuffled,1000,3,repair,10000,0,58700
long_short,shuffled,1000,3,repair,100000,0,105900
long_short,shuffled,1000,3,repair,1000000,0,105400
long_short,shuffled,1000,3,balanced,10000,0,113300
long_short,shuffled,1000,3,balanced,100000,0,131600
long_short,shuffled,1000,3,balanced,1000000,0,130000
long_short,shuffled,1000,3,multi_seed_experiment,10000,0,273400
long_short,shuffled,1000,3,multi_seed_experiment,100000,0,387300
long_short,shuffled,1000,3,multi_seed_experiment,1000000,0,407000
long_short,shuffled,1000,3,baseline,0,0,19300
long_short,shuffled,1000,3,forward,0,0,50000
long_short,shuffled,1000,3,best_seed,0,1,93400
long_short,shuffled,1000,3,repair,10000,1,57600
long_short,shuffled,1000,3,repair,100000,1,106900
long_short,shuffled,1000,3,repair,1000000,1,105300
long_short,shuffled,1000,3,balanced,10000,1,113300
long_short,shuffled,1000,3,balanced,100000,1,130000
long_short,shuffled,1000,3,balanced,1000000,1,129900
long_short,shuffled,1000,3,multi_seed_experiment,10000,1,277500
long_short,shuffled,1000,3,multi_seed_experiment,100000,1,382300
long_short,shuffled,1000,3,multi_seed_experiment,1000000,1,405100
long_short,shuffled,1000,3,baseline,0,1,19300
long_short,shuffled,1000,3,forward,0,1,49800
long_short,shuffled,1000,3,backward,0,1,67600
long_short,shuffled,1000,3,repair,10000,2,57400
long_short,shuffled,1000,3,repair,100000,2,105600
long_short,shuffled,1000,3,repair,1000000,2,105200
long_short,shuffled,1000,3,balanced,10000,2,118000
long_short,shuffled,1000,3,balanced,100000,2,129900
long_short,shuffled,1000,3,balanced,1000000,2,136600
long_short,shuffled,1000,3,multi_seed_experiment,10000,2,274300
long_short,shuffled,1000,3,multi_seed_experiment,100000,2,378500
long_short,shuffled,1000,3,multi_seed_experiment,1000000,2,402400
long_short,shuffled,1000,3,baseline,0,2,19300
long_short,shuffled,1000,3,forward,0,2,49900
long_short,shuffled,1000,3,backward,0,2,72400
long_short,shuffled,1000,3,best_seed,0,2,90100
long_short,shuffled,1000,3,repair,100000,3,106200
long_short,shuffled,1000,3,repair,1000000,3,105400
long_short,shuffled,1000,3,balanced,10000,3,112400
long_short,shuffled,1000,3,balanced,100000,3,130900
long_short,shuffled,1000,3,balanced,1000000,3,129200
long_short,shuffled,1000,3,multi_seed_experiment,10000,3,274500
long_short,shuffled,1000,3,multi_seed_experiment,100000,3,380100
long_short,shuffled,1000,3,multi_seed_experiment,1000000,3,416200
long_short,shuffled,1000,3,baseline,0,3,19300
long_short,shuffled,1000,3,forward,0,3,53300
long_short,shuffled,1000,3,backward,0,3,67500
long_short,shuffled,1000,3,best_seed,0,3,90100
long_short,shuffled,1000,3,repair,10000,3,57500
long_short,shuffled,1000,3,repair,1000000,4,105800
long_short,shuffled,1000,3,balanced,10000,4,112600
long_short,shuffled,1000,3,balanced,100000,4,130800
long_short,shuffled,1000,3,balanced,1000000,4,129200
long_short,shuffled,1000,3,multi_seed_experiment,10000,4,275700
long_short,shuffled,1000,3,multi_seed_experiment,100000,4,382600
long_short,shuffled,1000,3,multi_seed_experiment,1000000,4,401700
long_short,shuffled,1000,3,baseline,0,4,19300
long_short,shuffled,1000,3,forward,0,4,49900
long_short,shuffled,1000,3,backward,0,4,67300
long_short,shuffled,1000,3,best_seed,0,4,89600
long_short,shuffled,1000,3,repair,10000,4,57500
long_short,shuffled,1000,3,repair,100000,4,115100
ties,sorted,1000,56,backward,0,0,84800
ties,sorted,1000,56,best_seed,0,0,136500
ties,sorted,1000,56,repair,10000,0,57900
ties,sorted,1000,56,repair,100000,0,100200
ties,sorted,1000,56,repair,1000000,0,99100
ties,sorted,1000,56,balanced,10000,0,139300
ties,sorted,1000,56,balanced,100000,0,138100
ties,sorted,1000,56,balanced,1000000,0,135900
ties,sorted,1000,56,multi_seed_experiment,10000,0,266600
ties,sorted,1000,56,multi_seed_experiment,100000,0,335500
ties,sorted,1000,56,multi_seed_experiment,1000000,0,335300
ties,sorted,1000,56,baseline,0,0,19400
ties,sorted,1000,56,forward,0,0,69700
ties,sorted,1000,56,best_seed,0,1,136400
ties,sorted,1000,56,repair,10000,1,55300
ties,sorted,1000,56,repair,100000,1,100400
ties,sorted,1000,56,repair,1000000,1,99400
ties,sorted,1000,56,balanced,10000,1,144100
ties,sorted,1000,56,balanced,100000,1,138200
ties,sorted,1000,56,balanced,1000000,1,136000
ties,sorted,1000,56,multi_seed_experiment,10000,1,262100
ties,sorted,1000,56,multi_seed_experiment,100000,1,341900
ties,sorted,1000,56,multi_seed_experiment,1000000,1,335400
ties,sorted,1000,56,baseline,0,1,19300
ties,sorted,1000,56,forward,0,1,69400
ties,sorted,1000,56,backward,0,1,85500
ties,sorted,1000,56,repair,10000,2,55800
ties,sorted,1000,56,repair,100000,2,99900
ties,sorted,1000,56,repair,1000000,2,99200
ties,sorted,1000,56,balanced,10000,2,139500
ties,sorted,1000,56,balanced,100000,2,138200
ties,sorted,1000,56,balanced,1000000,2,136200
ties,sorted,1000,56,multi_seed_experiment,10000,2,261700
ties,sorted,1000,56,multi_seed_experiment,100000,2,334500
ties,sorted,1000,56,multi_seed_experiment,1000000,2,346100
ties,sorted,1000,56,baseline,0,2,19300
ties,sorted,1000,56,forward,0,2,69500
ties,sorted,1000,56,backward,0,2,85300
ties,sorted,1000,56,best_seed,0,2,135700
ties,sorted,1000,56,repair,100000,3,100800
ties,sorted,1000,56,repair,1000000,3,100100
ties,sorted,1000,56,balanced,10000,3,139500
ties,sorted,1000,56,balanced,100000,3,136600
ties,sorted,1000,56,balanced,1000000,3,134400
ties,sorted,1000,56,multi_seed_experiment,10000,3,272100
ties,sorted,1000,56,multi_seed_experiment,100000,3,333700
ties,sorted,1000,56,multi_seed_experiment,1000000,3,332800
ties,sorted,1000,56,baseline,0,3,19300
ties,sorted,1000,56,forward,0,3,68900
ties,sorted,1000,56,backward,0,3,85000
ties,sorted,1000,56,best_seed,0,3,135300
ties,sorted,1000,56,repair,10000,3,55100
ties,sorted,1000,56,repair,1000000,4,100000
ties,sorted,1000,56,balanced,10000,4,137700
ties,sorted,1000,56,balanced,100000,4,142800
ties,sorted,1000,56,balanced,1000000,4,134600
ties,sorted,1000,56,multi_seed_experiment,10000,4,259700
ties,sorted,1000,56,multi_seed_experiment,100000,4,334500
ties,sorted,1000,56,multi_seed_experiment,1000000,4,332600
ties,sorted,1000,56,baseline,0,4,19200
ties,sorted,1000,56,forward,0,4,69000
ties,sorted,1000,56,backward,0,4,85300
ties,sorted,1000,56,best_seed,0,4,139700
ties,sorted,1000,56,repair,10000,4,55200
ties,sorted,1000,56,repair,100000,4,99900
ties,shuffled,1000,56,backward,0,0,141500
ties,shuffled,1000,56,best_seed,0,0,170600
ties,shuffled,1000,56,repair,10000,0,87500
ties,shuffled,1000,56,repair,100000,0,90500
ties,shuffled,1000,56,repair,1000000,0,87400
ties,shuffled,1000,56,balanced,10000,0,177500
ties,shuffled,1000,56,balanced,100000,0,171900
ties,shuffled,1000,56,balanced,1000000,0,170200
ties,shuffled,1000,56,multi_seed_experiment,10000,0,406900
ties,shuffled,1000,56,multi_seed_experiment,100000,0,450400
ties,shuffled,1000,56,multi_seed_experiment,1000000,0,445600
ties,shuffled,1000,56,baseline,0,0,33000
ties,shuffled,1000,56,forward,0,0,100500
ties,shuffled,1000,56,best_seed,0,1,169400
ties,shuffled,1000,56,repair,10000,1,86500
ties,shuffled,1000,56,repair,100000,1,88600
ties,shuffled,1000,56,repair,1000000,1,87800
ties,shuffled,1000,56,balanced,10000,1,171600
ties,shuffled,1000,56,balanced,100000,1,171600
ties,shuffled,1000,56,balanced,1000000,1,170000
ties,shuffled,1000,56,multi_seed_experiment,10000,1,418600
ties,shuffled,1000,56,multi_seed_experiment,100000,1,445300
ties,shuffled,1000,56,multi_seed_experiment,1000000,1,444000
ties,shuffled,1000,56,baseline,0,1,32800
ties,shuffled,1000,56,forward,0,1,100200
ties,shuffled,1000,56,backward,0,1,115400
ties,shuffled,1000,56,repair,10000,2,86100
ties,shuffled,1000,56,repair,100000,2,87800
ties,shuffled,1000,56,repair,1000000,2,93100
ties,shuffled,1000,56,balanced,10000,2,171700
ties,shuffled,1000,56,balanced,100000,2,171100
ties,shuffled,1000,56,balanced,1000000,2,169400
ties,shuffled,1000,56,multi_seed_experiment,10000,2,404800
ties,shuffled,1000,56,multi_seed_experiment,100000,2,444200
ties,shuffled,1000,56,multi_seed_experiment,1000000,2,450600
ties,shuffled,1000,56,baseline,0,2,33000
ties,shuffled,1000,56,forward,0,2,100600
ties,shuffled,1000,56,backward,0,2,115700
ties,shuffled,1000,56,best_seed,0,2,169300
ties,shuffled,1000,56,repair,100000,3,92400
ties,shuffled,1000,56,repair,1000000,3,88400
ties,shuffled,1000,56,balanced,10000,3,170900
ties,shuffled,1000,56,balanced,100000,3,170200
ties,shuffled,1000,56,balanced,1000000,3,177200
ties,shuffled,1000,56,multi_seed_experiment,10000,3,405300
ties,shuffled,1000,56,multi_seed_experiment,100000,3,443100
ties,shuffled,1000,56,multi_seed_experiment,1000000,3,443300
ties,shuffled,1000,56,baseline,0,3,32800
ties,shuffled,1000,56,forward,0,3,100600
ties,shuffled,1000,56,backward,0,3,120400
ties,shuffled,1000,56,best_seed,0,3,168900
ties,shuffled,1000,56,repair,10000,3,86400
ties,shuffled,1000,56,repair,1000000,4,88300
ties,shuffled,1000,56,balanced,10000,4,175700
ties,shuffled,1000,56,balanced,100000,4,169900
ties,shuffled,1000,56,balanced,1000000,4,168900
ties,shuffled,1000,56,multi_seed_experiment,10000,4,404000
ties,shuffled,1000,56,multi_seed_experiment,100000,4,448200
ties,shuffled,1000,56,multi_seed_experiment,1000000,4,443800
ties,shuffled,1000,56,baseline,0,4,37300
ties,shuffled,1000,56,forward,0,4,105800
ties,shuffled,1000,56,backward,0,4,116000
ties,shuffled,1000,56,best_seed,0,4,168600
ties,shuffled,1000,56,repair,10000,4,86400
ties,shuffled,1000,56,repair,100000,4,87800
duplicates,sorted,1000,32,backward,0,0,64400
duplicates,sorted,1000,32,best_seed,0,0,21200
duplicates,sorted,1000,32,repair,10000,0,22800
duplicates,sorted,1000,32,repair,100000,0,22900
duplicates,sorted,1000,32,repair,1000000,0,22500
duplicates,sorted,1000,32,balanced,10000,0,17300
duplicates,sorted,1000,32,balanced,100000,0,17300
duplicates,sorted,1000,32,balanced,1000000,0,17300
duplicates,sorted,1000,32,multi_seed_experiment,10000,0,182000
duplicates,sorted,1000,32,multi_seed_experiment,100000,0,180300
duplicates,sorted,1000,32,multi_seed_experiment,1000000,0,184500
duplicates,sorted,1000,32,baseline,0,0,16200
duplicates,sorted,1000,32,forward,0,0,46800
duplicates,sorted,1000,32,best_seed,0,1,20800
duplicates,sorted,1000,32,repair,10000,1,23000
duplicates,sorted,1000,32,repair,100000,1,22800
duplicates,sorted,1000,32,repair,1000000,1,22700
duplicates,sorted,1000,32,balanced,10000,1,17300
duplicates,sorted,1000,32,balanced,100000,1,17400
duplicates,sorted,1000,32,balanced,1000000,1,17300
duplicates,sorted,1000,32,multi_seed_experiment,10000,1,183600
duplicates,sorted,1000,32,multi_seed_experiment,100000,1,180000
duplicates,sorted,1000,32,multi_seed_experiment,1000000,1,180200
duplicates,sorted,1000,32,baseline,0,1,16000
duplicates,sorted,1000,32,forward,0,1,46800
duplicates,sorted,1000,32,backward,0,1,64100
duplicates,sorted,1000,32,repair,10000,2,22700
duplicates,sorted,1000,32,repair,100000,2,23000
duplicates,sorted,1000,32,repair,1000000,2,22700
duplicates,sorted,1000,32,balanced,10000,2,17400
duplicates,sorted,1000,32,balanced,100000,2,17300
duplicates,sorted,1000,32,balanced,1000000,2,17400
duplicates,sorted,1000,32,multi_seed_experiment,10000,2,181100
duplicates,sorted,1000,32,multi_seed_experiment,100000,2,179900
duplicates,sorted,1000,32,multi_seed_experiment,1000000,2,179800
duplicates,sorted,1000,32,baseline,0,2,16100
duplicates,sorted,1000,32,forward,0,2,48800
duplicates,sorted,1000,32,backward,0,2,63900
duplicates,sorted,1000,32,best_seed,0,2,20900
duplicates,sorted,1000,32,repair,100000,3,22700
duplicates,sorted,1000,32,repair,1000000,3,23000
duplicates,sorted,1000,32,balanced,10000,3,17500
duplicates,sorted,1000,32,balanced,100000,3,17400
duplicates,sorted,1000,32,balanced,1000000,3,17300
duplicates,sorted,1000,32,multi_seed_experiment,10000,3,181500
duplicates,sorted,1000,32,multi_seed_experiment,100000,3,193100
duplicates,sorted,1000,32,multi_seed_experiment,1000000,3,192900
duplicates,sorted,1000,32,baseline,0,3,16100
duplicates,sorted,1000,32,forward,0,3,46900
duplicates,sorted,1000,32,backward,0,3,64100
duplicates,sorted,1000,32,best_seed,0,3,21000
duplicates,sorted,1000,32,repair,10000,3,23000
duplicates,sorted,1000,32,repair,1000000,4,22600
duplicates,sorted,1000,32,balanced,10000,4,17600
duplicates,sorted,1000,32,balanced,100000,4,17500
duplicates,sorted,1000,32,balanced,1000000,4,17400
duplicates,sorted,1000,32,multi_seed_experiment,10000,4,181500
duplicates,sorted,1000,32,multi_seed_experiment,100000,4,180200
duplicates,sorted,1000,32,multi_seed_experiment,1000000,4,179800
duplicates,sorted,1000,32,baseline,0,4,16100
duplicates,sorted,1000,32,forward,0,4,51400
duplicates,sorted,1000,32,backward,0,4,63900
duplicates,sorted,1000,32,best_seed,0,4,20900
duplicates,sorted,1000,32,repair,10000,4,22800
duplicates,sorted,1000,32,repair,100000,4,22700
duplicates,shuffled,1000,32,backward,0,0,91100
duplicates,shuffled,1000,32,best_seed,0,0,48400
duplicates,shuffled,1000,32,repair,10000,0,49400
duplicates,shuffled,1000,32,repair,100000,0,54300
duplicates,shuffled,1000,32,repair,1000000,0,49000
duplicates,shuffled,1000,32,balanced,10000,0,30500
duplicates,shuffled,1000,32,balanced,100000,0,30600
duplicates,shuffled,1000,32,balanced,1000000,0,30600
duplicates,shuffled,1000,32,multi_seed_experiment,10000,0,314800
duplicates,shuffled,1000,32,multi_seed_experiment,100000,0,312100
duplicates,shuffled,1000,32,multi_seed_experiment,1000000,0,316500
duplicates,shuffled,1000,32,baseline,0,0,29000
duplicates,shuffled,1000,32,forward,0,0,75700
duplicates,shuffled,1000,32,best_seed,0,1,47100
duplicates,shuffled,1000,32,repair,10000,1,48800
duplicates,shuffled,1000,32,repair,100000,1,53200
duplicates,shuffled,1000,32,repair,1000000,1,48800
duplicates,shuffled,1000,32,balanced,10000,1,30500
duplicates,shuffled,1000,32,balanced,100000,1,30400
duplicates,shuffled,1000,32,balanced,1000000,1,30400
duplicates,shuffled,1000,32,multi_seed_experiment,10000,1,322700
duplicates,shuffled,1000,32,multi_seed_experiment,100000,1,311900
duplicates,shuffled,1000,32,multi_seed_experiment,1000000,1,310900
duplicates,shuffled,1000,32,baseline,0,1,29300
duplicates,shuffled,1000,32,forward,0,1,73700
duplicates,shuffled,1000,32,backward,0,1,90900
duplicates,shuffled,1000,32,repair,10000,2,50100
duplicates,shuffled,1000,32,repair,100000,2,49500
duplicates,shuffled,1000,32,repair,1000000,2,49100
duplicates,shuffled,1000,32,balanced,10000,2,30600
duplicates,shuffled,1000,32,balanced,100000,2,30500
duplicates,shuffled,1000,32,balanced,1000000,2,30500
duplicates,shuffled,1000,32,multi_seed_experiment,10000,2,314100
duplicates,shuffled,1000,32,multi_seed_experiment,100000,2,312800
duplicates,shuffled,1000,32,multi_seed_experiment,1000000,2,311900
duplicates,shuffled,1000,32,baseline,0,2,29100
duplicates,shuffled,1000,32,forward,0,2,73400
duplicates,shuffled,1000,32,backward,0,2,90900
duplicates,shuffled,1000,32,best_seed,0,2,52800
duplicates,shuffled,1000,32,repair,100000,3,49700
duplicates,shuffled,1000,32,repair,1000000,3,48800
duplicates,shuffled,1000,32,balanced,10000,3,30500
duplicates,shuffled,1000,32,balanced,100000,3,30500
duplicates,shuffled,1000,32,balanced,1000000,3,30400
duplicates,shuffled,1000,32,multi_seed_experiment,10000,3,315400
duplicates,shuffled,1000,32,multi_seed_experiment,100000,3,311400
duplicates,shuffled,1000,32,multi_seed_experiment,1000000,3,311300
duplicates,shuffled,1000,32,baseline,0,3,29000
duplicates,shuffled,1000,32,forward,0,3,73500
duplicates,shuffled,1000,32,backward,0,3,91300
duplicates,shuffled,1000,32,best_seed,0,3,48800
duplicates,shuffled,1000,32,repair,10000,3,49200
duplicates,shuffled,1000,32,repair,1000000,4,49200
duplicates,shuffled,1000,32,balanced,10000,4,30800
duplicates,shuffled,1000,32,balanced,100000,4,30500
duplicates,shuffled,1000,32,balanced,1000000,4,30400
duplicates,shuffled,1000,32,multi_seed_experiment,10000,4,316400
duplicates,shuffled,1000,32,multi_seed_experiment,100000,4,311000
duplicates,shuffled,1000,32,multi_seed_experiment,1000000,4,310700
duplicates,shuffled,1000,32,baseline,0,4,29000
duplicates,shuffled,1000,32,forward,0,4,73200
duplicates,shuffled,1000,32,backward,0,4,95700
duplicates,shuffled,1000,32,best_seed,0,4,48800
duplicates,shuffled,1000,32,repair,10000,4,49200
duplicates,shuffled,1000,32,repair,100000,4,49000
mixed_empty,sorted,1000,22,backward,0,0,50700
mixed_empty,sorted,1000,22,best_seed,0,0,40400
mixed_empty,sorted,1000,22,repair,10000,0,34400
mixed_empty,sorted,1000,22,repair,100000,0,112900
mixed_empty,sorted,1000,22,repair,1000000,0,112700
mixed_empty,sorted,1000,22,balanced,10000,0,42500
mixed_empty,sorted,1000,22,balanced,100000,0,41100
mixed_empty,sorted,1000,22,balanced,1000000,0,40000
mixed_empty,sorted,1000,22,multi_seed_experiment,10000,0,146300
mixed_empty,sorted,1000,22,multi_seed_experiment,100000,0,209600
mixed_empty,sorted,1000,22,multi_seed_experiment,1000000,0,230300
mixed_empty,sorted,1000,22,baseline,0,0,10500
mixed_empty,sorted,1000,22,forward,0,0,36000
mixed_empty,sorted,1000,22,best_seed,0,1,39000
mixed_empty,sorted,1000,22,repair,10000,1,33700
mixed_empty,sorted,1000,22,repair,100000,1,109100
mixed_empty,sorted,1000,22,repair,1000000,1,109400
mixed_empty,sorted,1000,22,balanced,10000,1,41600
mixed_empty,sorted,1000,22,balanced,100000,1,40700
mixed_empty,sorted,1000,22,balanced,1000000,1,39600
mixed_empty,sorted,1000,22,multi_seed_experiment,10000,1,143800
mixed_empty,sorted,1000,22,multi_seed_experiment,100000,1,208100
mixed_empty,sorted,1000,22,multi_seed_experiment,1000000,1,229700
mixed_empty,sorted,1000,22,baseline,0,1,10500
mixed_empty,sorted,1000,22,forward,0,1,37800
mixed_empty,sorted,1000,22,backward,0,1,50900
mixed_empty,sorted,1000,22,repair,10000,2,33800
mixed_empty,sorted,1000,22,repair,100000,2,109000
mixed_empty,sorted,1000,22,repair,1000000,2,109500
mixed_empty,sorted,1000,22,balanced,10000,2,42200
mixed_empty,sorted,1000,22,balanced,100000,2,40800
mixed_empty,sorted,1000,22,balanced,1000000,2,40000
mixed_empty,sorted,1000,22,multi_seed_experiment,10000,2,148800
mixed_empty,sorted,1000,22,multi_seed_experiment,100000,2,214800
mixed_empty,sorted,1000,22,multi_seed_experiment,1000000,2,229900
mixed_empty,sorted,1000,22,baseline,0,2,10500
mixed_empty,sorted,1000,22,forward,0,2,36100
mixed_empty,sorted,1000,22,backward,0,2,50900
mixed_empty,sorted,1000,22,best_seed,0,2,39200
mixed_empty,sorted,1000,22,repair,100000,3,109500
mixed_empty,sorted,1000,22,repair,1000000,3,115000
mixed_empty,sorted,1000,22,balanced,10000,3,47500
mixed_empty,sorted,1000,22,balanced,100000,3,40600
mixed_empty,sorted,1000,22,balanced,1000000,3,40000
mixed_empty,sorted,1000,22,multi_seed_experiment,10000,3,144000
mixed_empty,sorted,1000,22,multi_seed_experiment,100000,3,208300
mixed_empty,sorted,1000,22,multi_seed_experiment,1000000,3,232600
mixed_empty,sorted,1000,22,baseline,0,3,10500
mixed_empty,sorted,1000,22,forward,0,3,35900
mixed_empty,sorted,1000,22,backward,0,3,50400
mixed_empty,sorted,1000,22,best_seed,0,3,39700
mixed_empty,sorted,1000,22,repair,10000,3,34100
mixed_empty,sorted,1000,22,repair,1000000,4,110900
mixed_empty,sorted,1000,22,balanced,10000,4,44200
mixed_empty,sorted,1000,22,balanced,100000,4,40600
mixed_empty,sorted,1000,22,balanced,1000000,4,39600
mixed_empty,sorted,1000,22,multi_seed_experiment,10000,4,145700
mixed_empty,sorted,1000,22,multi_seed_experiment,100000,4,208700
mixed_empty,sorted,1000,22,multi_seed_experiment,1000000,4,231900
mixed_empty,sorted,1000,22,baseline,0,4,10600
mixed_empty,sorted,1000,22,forward,0,4,35900
mixed_empty,sorted,1000,22,backward,0,4,50200
mixed_empty,sorted,1000,22,best_seed,0,4,39600
mixed_empty,sorted,1000,22,repair,10000,4,33900
mixed_empty,sorted,1000,22,repair,100000,4,110300
mixed_empty,shuffled,1000,22,backward,0,0,75900
mixed_empty,shuffled,1000,22,best_seed,0,0,63000
mixed_empty,shuffled,1000,22,repair,10000,0,56300
mixed_empty,shuffled,1000,22,repair,100000,0,133300
mixed_empty,shuffled,1000,22,repair,1000000,0,134600
mixed_empty,shuffled,1000,22,balanced,10000,0,69800
mixed_empty,shuffled,1000,22,balanced,100000,0,63600
mixed_empty,shuffled,1000,22,balanced,1000000,0,62200
mixed_empty,shuffled,1000,22,multi_seed_experiment,10000,0,246400
mixed_empty,shuffled,1000,22,multi_seed_experiment,100000,0,312200
mixed_empty,shuffled,1000,22,multi_seed_experiment,1000000,0,337700
mixed_empty,shuffled,1000,22,baseline,0,0,19900
mixed_empty,shuffled,1000,22,forward,0,0,59200
mixed_empty,shuffled,1000,22,best_seed,0,1,60000
mixed_empty,shuffled,1000,22,repair,10000,1,55400
mixed_empty,shuffled,1000,22,repair,100000,1,132300
mixed_empty,shuffled,1000,22,repair,1000000,1,132600
mixed_empty,shuffled,1000,22,balanced,10000,1,63900
mixed_empty,shuffled,1000,22,balanced,100000,1,63900
mixed_empty,shuffled,1000,22,balanced,1000000,1,68200
mixed_empty,shuffled,1000,22,multi_seed_experiment,10000,1,243900
mixed_empty,shuffled,1000,22,multi_seed_experiment,100000,1,316200
mixed_empty,shuffled,1000,22,multi_seed_experiment,1000000,1,331600
mixed_empty,shuffled,1000,22,baseline,0,1,19800
mixed_empty,shuffled,1000,22,forward,0,1,57400
mixed_empty,shuffled,1000,22,backward,0,1,76000
mixed_empty,shuffled,1000,22,repair,10000,2,56200
mixed_empty,shuffled,1000,22,repair,100000,2,133700
mixed_empty,shuffled,1000,22,repair,1000000,2,140100
mixed_empty,shuffled,1000,22,balanced,10000,2,65100
mixed_empty,shuffled,1000,22,balanced,100000,2,63500
mixed_empty,shuffled,1000,22,balanced,1000000,2,61800
mixed_empty,shuffled,1000,22,multi_seed_experiment,10000,2,243700
mixed_empty,shuffled,1000,22,multi_seed_experiment,100000,2,310900
mixed_empty,shuffled,1000,22,multi_seed_experiment,1000000,2,332300
mixed_empty,shuffled,1000,22,baseline,0,2,19700
mixed_empty,shuffled,1000,22,forward,0,2,57200
mixed_empty,shuffled,1000,22,backward,0,2,75600
mixed_empty,shuffled,1000,22,best_seed,0,2,66400
mixed_empty,shuffled,1000,22,repair,100000,3,138900
mixed_empty,shuffled,1000,22,repair,1000000,3,133600
mixed_empty,shuffled,1000,22,balanced,10000,3,64300
mixed_empty,shuffled,1000,22,balanced,100000,3,62700
mixed_empty,shuffled,1000,22,balanced,1000000,3,61100
mixed_empty,shuffled,1000,22,multi_seed_experiment,10000,3,243100
mixed_empty,shuffled,1000,22,multi_seed_experiment,100000,3,309200
mixed_empty,shuffled,1000,22,multi_seed_experiment,1000000,3,332000
mixed_empty,shuffled,1000,22,baseline,0,3,20000
mixed_empty,shuffled,1000,22,forward,0,3,56900
mixed_empty,shuffled,1000,22,backward,0,3,75900
mixed_empty,shuffled,1000,22,best_seed,0,3,61500
mixed_empty,shuffled,1000,22,repair,10000,3,56200
mixed_empty,shuffled,1000,22,repair,1000000,4,132400
mixed_empty,shuffled,1000,22,balanced,10000,4,64300
mixed_empty,shuffled,1000,22,balanced,100000,4,62400
mixed_empty,shuffled,1000,22,balanced,1000000,4,61000
mixed_empty,shuffled,1000,22,multi_seed_experiment,10000,4,245400
mixed_empty,shuffled,1000,22,multi_seed_experiment,100000,4,308700
mixed_empty,shuffled,1000,22,multi_seed_experiment,1000000,4,330900
mixed_empty,shuffled,1000,22,baseline,0,4,19800
mixed_empty,shuffled,1000,22,forward,0,4,59000
mixed_empty,shuffled,1000,22,backward,0,4,75800
mixed_empty,shuffled,1000,22,best_seed,0,4,61700
mixed_empty,shuffled,1000,22,repair,10000,4,55700
mixed_empty,shuffled,1000,22,repair,100000,4,134200
stars,sorted,1000,2,backward,0,0,40300
stars,sorted,1000,2,best_seed,0,0,59900
stars,sorted,1000,2,repair,10000,0,24200
stars,sorted,1000,2,repair,100000,0,24200
stars,sorted,1000,2,repair,1000000,0,24000
stars,sorted,1000,2,balanced,10000,0,78200
stars,sorted,1000,2,balanced,100000,0,72700
stars,sorted,1000,2,balanced,1000000,0,72300
stars,sorted,1000,2,multi_seed_experiment,10000,0,136000
stars,sorted,1000,2,multi_seed_experiment,100000,0,158700
stars,sorted,1000,2,multi_seed_experiment,1000000,0,168200
stars,sorted,1000,2,baseline,0,0,5600
stars,sorted,1000,2,forward,0,0,22600
stars,sorted,1000,2,best_seed,0,1,69500
stars,sorted,1000,2,repair,10000,1,24800
stars,sorted,1000,2,repair,100000,1,23900
stars,sorted,1000,2,repair,1000000,1,23700
stars,sorted,1000,2,balanced,10000,1,72600
stars,sorted,1000,2,balanced,100000,1,72300
stars,sorted,1000,2,balanced,1000000,1,77100
stars,sorted,1000,2,multi_seed_experiment,10000,1,139900
stars,sorted,1000,2,multi_seed_experiment,100000,1,159000
stars,sorted,1000,2,multi_seed_experiment,1000000,1,160400
stars,sorted,1000,2,baseline,0,1,5600
stars,sorted,1000,2,forward,0,1,22800
stars,sorted,1000,2,backward,0,1,38900
stars,sorted,1000,2,repair,10000,2,24200
stars,sorted,1000,2,repair,100000,2,24000
stars,sorted,1000,2,repair,1000000,2,23800
stars,sorted,1000,2,balanced,10000,2,72400
stars,sorted,1000,2,balanced,100000,2,72800
stars,sorted,1000,2,balanced,1000000,2,72200
stars,sorted,1000,2,multi_seed_experiment,10000,2,138100
stars,sorted,1000,2,multi_seed_experiment,100000,2,160800
stars,sorted,1000,2,multi_seed_experiment,1000000,2,163800
stars,sorted,1000,2,baseline,0,2,5600
stars,sorted,1000,2,forward,0,2,28500
stars,sorted,1000,2,backward,0,2,43000
stars,sorted,1000,2,best_seed,0,2,60000
stars,sorted,1000,2,repair,100000,3,24500
stars,sorted,1000,2,repair,1000000,3,24100
stars,sorted,1000,2,balanced,10000,3,72700
stars,sorted,1000,2,balanced,100000,3,72400
stars,sorted,1000,2,balanced,1000000,3,72200
stars,sorted,1000,2,multi_seed_experiment,10000,3,137600
stars,sorted,1000,2,multi_seed_experiment,100000,3,160400
stars,sorted,1000,2,multi_seed_experiment,1000000,3,159100
stars,sorted,1000,2,baseline,0,3,5600
stars,sorted,1000,2,forward,0,3,22700
stars,sorted,1000,2,backward,0,3,38900
stars,sorted,1000,2,best_seed,0,3,59700
stars,sorted,1000,2,repair,10000,3,24200
stars,sorted,1000,2,repair,1000000,4,26500
stars,sorted,1000,2,balanced,10000,4,82100
stars,sorted,1000,2,balanced,100000,4,73000
stars,sorted,1000,2,balanced,1000000,4,72800
stars,sorted,1000,2,multi_seed_experiment,10000,4,139400
stars,sorted,1000,2,multi_seed_experiment,100000,4,158900
stars,sorted,1000,2,multi_seed_experiment,1000000,4,160500
stars,sorted,1000,2,baseline,0,4,5600
stars,sorted,1000,2,forward,0,4,22700
stars,sorted,1000,2,backward,0,4,39100
stars,sorted,1000,2,best_seed,0,4,60000
stars,sorted,1000,2,repair,10000,4,24600
stars,sorted,1000,2,repair,100000,4,24900
stars,shuffled,1000,2,backward,0,0,68500
stars,shuffled,1000,2,best_seed,0,0,85900
stars,shuffled,1000,2,repair,10000,0,52200
stars,shuffled,1000,2,repair,100000,0,50600
stars,shuffled,1000,2,repair,1000000,0,50000
stars,shuffled,1000,2,balanced,10000,0,101800
stars,shuffled,1000,2,balanced,100000,0,98200
stars,shuffled,1000,2,balanced,1000000,0,98600
stars,shuffled,1000,2,multi_seed_experiment,10000,0,269700
stars,shuffled,1000,2,multi_seed_experiment,100000,0,305300
stars,shuffled,1000,2,multi_seed_experiment,1000000,0,289700
stars,shuffled,1000,2,baseline,0,0,18700
stars,shuffled,1000,2,forward,0,0,48900
stars,shuffled,1000,2,best_seed,0,1,85700
stars,shuffled,1000,2,repair,10000,1,50900
stars,shuffled,1000,2,repair,100000,1,50500
stars,shuffled,1000,2,repair,1000000,1,50000
stars,shuffled,1000,2,balanced,10000,1,99200
stars,shuffled,1000,2,balanced,100000,1,98700
stars,shuffled,1000,2,balanced,1000000,1,101800
stars,shuffled,1000,2,multi_seed_experiment,10000,1,272900
stars,shuffled,1000,2,multi_seed_experiment,100000,1,293800
stars,shuffled,1000,2,multi_seed_experiment,1000000,1,292400
stars,shuffled,1000,2,baseline,0,1,18600
stars,shuffled,1000,2,forward,0,1,48900
stars,shuffled,1000,2,backward,0,1,64900
stars,shuffled,1000,2,repair,10000,2,51400
stars,shuffled,1000,2,repair,100000,2,50200
stars,shuffled,1000,2,repair,1000000,2,50100
stars,shuffled,1000,2,balanced,10000,2,99400
stars,shuffled,1000,2,balanced,100000,2,99200
stars,shuffled,1000,2,balanced,1000000,2,98600
stars,shuffled,1000,2,multi_seed_experiment,10000,2,276500
stars,shuffled,1000,2,multi_seed_experiment,100000,2,291700
stars,shuffled,1000,2,multi_seed_experiment,1000000,2,289000
stars,shuffled,1000,2,baseline,0,2,18600
stars,shuffled,1000,2,forward,0,2,49200
stars,shuffled,1000,2,backward,0,2,65200
stars,shuffled,1000,2,best_seed,0,2,86200
stars,shuffled,1000,2,repair,100000,3,50400
stars,shuffled,1000,2,repair,1000000,3,50200
stars,shuffled,1000,2,balanced,10000,3,98800
stars,shuffled,1000,2,balanced,100000,3,98900
stars,shuffled,1000,2,balanced,1000000,3,101600
stars,shuffled,1000,2,multi_seed_experiment,10000,3,272800
stars,shuffled,1000,2,multi_seed_experiment,100000,3,288800
stars,shuffled,1000,2,multi_seed_experiment,1000000,3,289200
stars,shuffled,1000,2,baseline,0,3,19200
stars,shuffled,1000,2,forward,0,3,49400
stars,shuffled,1000,2,backward,0,3,65500
stars,shuffled,1000,2,best_seed,0,3,86100
stars,shuffled,1000,2,repair,10000,3,51400
stars,shuffled,1000,2,repair,1000000,4,50300
stars,shuffled,1000,2,balanced,10000,4,98900
stars,shuffled,1000,2,balanced,100000,4,98800
stars,shuffled,1000,2,balanced,1000000,4,104000
stars,shuffled,1000,2,multi_seed_experiment,10000,4,272300
stars,shuffled,1000,2,multi_seed_experiment,100000,4,289200
stars,shuffled,1000,2,multi_seed_experiment,1000000,4,293800
stars,shuffled,1000,2,baseline,0,4,18500
stars,shuffled,1000,2,forward,0,4,48900
stars,shuffled,1000,2,backward,0,4,64700
stars,shuffled,1000,2,best_seed,0,4,87800
stars,shuffled,1000,2,repair,10000,4,50700
stars,shuffled,1000,2,repair,100000,4,50200
low8,sorted,10000,8,backward,0,0,497500
low8,sorted,10000,8,best_seed,0,0,179200
low8,sorted,10000,8,repair,10000,0,209200
low8,sorted,10000,8,repair,100000,0,204800
low8,sorted,10000,8,repair,1000000,0,219000
low8,sorted,10000,8,balanced,10000,0,144800
low8,sorted,10000,8,balanced,100000,0,120300
low8,sorted,10000,8,balanced,1000000,0,146700
low8,sorted,10000,8,multi_seed_experiment,10000,0,1482900
low8,sorted,10000,8,multi_seed_experiment,100000,0,1495900
low8,sorted,10000,8,multi_seed_experiment,1000000,0,1553300
low8,sorted,10000,8,baseline,0,0,105500
low8,sorted,10000,8,forward,0,0,338000
low8,sorted,10000,8,best_seed,0,1,180600
low8,sorted,10000,8,repair,10000,1,206500
low8,sorted,10000,8,repair,100000,1,208700
low8,sorted,10000,8,repair,1000000,1,219400
low8,sorted,10000,8,balanced,10000,1,150500
low8,sorted,10000,8,balanced,100000,1,116700
low8,sorted,10000,8,balanced,1000000,1,148600
low8,sorted,10000,8,multi_seed_experiment,10000,1,1544100
low8,sorted,10000,8,multi_seed_experiment,100000,1,1577100
low8,sorted,10000,8,multi_seed_experiment,1000000,1,1569400
low8,sorted,10000,8,baseline,0,1,104700
low8,sorted,10000,8,forward,0,1,348000
low8,sorted,10000,8,backward,0,1,458100
low8,sorted,10000,8,repair,10000,2,196100
low8,sorted,10000,8,repair,100000,2,209100
low8,sorted,10000,8,repair,1000000,2,209000
low8,sorted,10000,8,balanced,10000,2,147000
low8,sorted,10000,8,balanced,100000,2,116300
low8,sorted,10000,8,balanced,1000000,2,145000
low8,sorted,10000,8,multi_seed_experiment,10000,2,1499800
low8,sorted,10000,8,multi_seed_experiment,100000,2,1499200
low8,sorted,10000,8,multi_seed_experiment,1000000,2,1558300
low8,sorted,10000,8,baseline,0,2,104100
low8,sorted,10000,8,forward,0,2,338300
low8,sorted,10000,8,backward,0,2,448100
low8,sorted,10000,8,best_seed,0,2,172500
low8,sorted,10000,8,repair,100000,3,207400
low8,sorted,10000,8,repair,1000000,3,207500
low8,sorted,10000,8,balanced,10000,3,144300
low8,sorted,10000,8,balanced,100000,3,118900
low8,sorted,10000,8,balanced,1000000,3,146100
low8,sorted,10000,8,multi_seed_experiment,10000,3,1531000
low8,sorted,10000,8,multi_seed_experiment,100000,3,1542100
low8,sorted,10000,8,multi_seed_experiment,1000000,3,1559700
low8,sorted,10000,8,baseline,0,3,106300
low8,sorted,10000,8,forward,0,3,331500
low8,sorted,10000,8,backward,0,3,439200
low8,sorted,10000,8,best_seed,0,3,170800
low8,sorted,10000,8,repair,10000,3,209500
low8,sorted,10000,8,repair,1000000,4,215800
low8,sorted,10000,8,balanced,10000,4,147100
low8,sorted,10000,8,balanced,100000,4,115200
low8,sorted,10000,8,balanced,1000000,4,151100
low8,sorted,10000,8,multi_seed_experiment,10000,4,1527900
low8,sorted,10000,8,multi_seed_experiment,100000,4,1469100
low8,sorted,10000,8,multi_seed_experiment,1000000,4,1489100
low8,sorted,10000,8,baseline,0,4,103900
low8,sorted,10000,8,forward,0,4,342700
low8,sorted,10000,8,backward,0,4,493200
low8,sorted,10000,8,best_seed,0,4,181100
low8,sorted,10000,8,repair,10000,4,213700
low8,sorted,10000,8,repair,100000,4,214100
low8,shuffled,10000,8,backward,0,0,1154300
low8,shuffled,10000,8,best_seed,0,0,698600
low8,shuffled,10000,8,repair,10000,0,774700
low8,shuffled,10000,8,repair,100000,0,743900
low8,shuffled,10000,8,repair,1000000,0,817800
low8,shuffled,10000,8,balanced,10000,0,434000
low8,shuffled,10000,8,balanced,100000,0,417600
low8,shuffled,10000,8,balanced,1000000,0,411800
low8,shuffled,10000,8,multi_seed_experiment,10000,0,4299900
low8,shuffled,10000,8,multi_seed_experiment,100000,0,4289400
low8,shuffled,10000,8,multi_seed_experiment,1000000,0,4263900
low8,shuffled,10000,8,baseline,0,0,393800
low8,shuffled,10000,8,forward,0,0,872000
low8,shuffled,10000,8,best_seed,0,1,716200
low8,shuffled,10000,8,repair,10000,1,692500
low8,shuffled,10000,8,repair,100000,1,691800
low8,shuffled,10000,8,repair,1000000,1,679100
low8,shuffled,10000,8,balanced,10000,1,368300
low8,shuffled,10000,8,balanced,100000,1,362800
low8,shuffled,10000,8,balanced,1000000,1,370400
low8,shuffled,10000,8,multi_seed_experiment,10000,1,4245200
low8,shuffled,10000,8,multi_seed_experiment,100000,1,4275800
low8,shuffled,10000,8,multi_seed_experiment,1000000,1,4341200
low8,shuffled,10000,8,baseline,0,1,359100
low8,shuffled,10000,8,forward,0,1,793500
low8,shuffled,10000,8,backward,0,1,1097300
low8,shuffled,10000,8,repair,10000,2,721500
low8,shuffled,10000,8,repair,100000,2,695800
low8,shuffled,10000,8,repair,1000000,2,690800
low8,shuffled,10000,8,balanced,10000,2,371800
low8,shuffled,10000,8,balanced,100000,2,376600
low8,shuffled,10000,8,balanced,1000000,2,370400
low8,shuffled,10000,8,multi_seed_experiment,10000,2,4311400
low8,shuffled,10000,8,multi_seed_experiment,100000,2,4372600
low8,shuffled,10000,8,multi_seed_experiment,1000000,2,4279400
low8,shuffled,10000,8,baseline,0,2,356000
low8,shuffled,10000,8,forward,0,2,813200
low8,shuffled,10000,8,backward,0,2,1107700
low8,shuffled,10000,8,best_seed,0,2,732800
low8,shuffled,10000,8,repair,100000,3,687600
low8,shuffled,10000,8,repair,1000000,3,663700
low8,shuffled,10000,8,balanced,10000,3,373700
low8,shuffled,10000,8,balanced,100000,3,371500
low8,shuffled,10000,8,balanced,1000000,3,377100
low8,shuffled,10000,8,multi_seed_experiment,10000,3,4311100
low8,shuffled,10000,8,multi_seed_experiment,100000,3,4321100
low8,shuffled,10000,8,multi_seed_experiment,1000000,3,4395600
low8,shuffled,10000,8,baseline,0,3,365000
low8,shuffled,10000,8,forward,0,3,789100
low8,shuffled,10000,8,backward,0,3,1193300
low8,shuffled,10000,8,best_seed,0,3,690700
low8,shuffled,10000,8,repair,10000,3,776800
low8,shuffled,10000,8,repair,1000000,4,733100
low8,shuffled,10000,8,balanced,10000,4,404700
low8,shuffled,10000,8,balanced,100000,4,394600
low8,shuffled,10000,8,balanced,1000000,4,423200
low8,shuffled,10000,8,multi_seed_experiment,10000,4,4326300
low8,shuffled,10000,8,multi_seed_experiment,100000,4,4273600
low8,shuffled,10000,8,multi_seed_experiment,1000000,4,4330400
low8,shuffled,10000,8,baseline,0,4,392900
low8,shuffled,10000,8,forward,0,4,872900
low8,shuffled,10000,8,backward,0,4,1188300
low8,shuffled,10000,8,best_seed,0,4,674400
low8,shuffled,10000,8,repair,10000,4,701100
low8,shuffled,10000,8,repair,100000,4,708300
moderate128,sorted,10000,128,backward,0,0,612500
moderate128,sorted,10000,128,best_seed,0,0,386800
moderate128,sorted,10000,128,repair,10000,0,305100
moderate128,sorted,10000,128,repair,100000,0,276700
moderate128,sorted,10000,128,repair,1000000,0,279800
moderate128,sorted,10000,128,balanced,10000,0,231100
moderate128,sorted,10000,128,balanced,100000,0,232000
moderate128,sorted,10000,128,balanced,1000000,0,231500
moderate128,sorted,10000,128,multi_seed_experiment,10000,0,2594900
moderate128,sorted,10000,128,multi_seed_experiment,100000,0,2337700
moderate128,sorted,10000,128,multi_seed_experiment,1000000,0,2262400
moderate128,sorted,10000,128,baseline,0,0,225100
moderate128,sorted,10000,128,forward,0,0,542800
moderate128,sorted,10000,128,best_seed,0,1,260000
moderate128,sorted,10000,128,repair,10000,1,293700
moderate128,sorted,10000,128,repair,100000,1,301300
moderate128,sorted,10000,128,repair,1000000,1,301200
moderate128,sorted,10000,128,balanced,10000,1,231200
moderate128,sorted,10000,128,balanced,100000,1,231000
moderate128,sorted,10000,128,balanced,1000000,1,240300
moderate128,sorted,10000,128,multi_seed_experiment,10000,1,2307600
moderate128,sorted,10000,128,multi_seed_experiment,100000,1,2325400
moderate128,sorted,10000,128,multi_seed_experiment,1000000,1,2334900
moderate128,sorted,10000,128,baseline,0,1,220000
moderate128,sorted,10000,128,forward,0,1,557300
moderate128,sorted,10000,128,backward,0,1,618300
moderate128,sorted,10000,128,repair,10000,2,344500
moderate128,sorted,10000,128,repair,100000,2,347000
moderate128,sorted,10000,128,repair,1000000,2,340600
moderate128,sorted,10000,128,balanced,10000,2,266800
moderate128,sorted,10000,128,balanced,100000,2,270400
moderate128,sorted,10000,128,balanced,1000000,2,261700
moderate128,sorted,10000,128,multi_seed_experiment,10000,2,2311700
moderate128,sorted,10000,128,multi_seed_experiment,100000,2,2302800
moderate128,sorted,10000,128,multi_seed_experiment,1000000,2,2310100
moderate128,sorted,10000,128,baseline,0,2,250200
moderate128,sorted,10000,128,forward,0,2,609400
moderate128,sorted,10000,128,backward,0,2,656600
moderate128,sorted,10000,128,best_seed,0,2,279800
moderate128,sorted,10000,128,repair,100000,3,297700
moderate128,sorted,10000,128,repair,1000000,3,304500
moderate128,sorted,10000,128,balanced,10000,3,231100
moderate128,sorted,10000,128,balanced,100000,3,236600
moderate128,sorted,10000,128,balanced,1000000,3,249300
moderate128,sorted,10000,128,multi_seed_experiment,10000,3,2326900
moderate128,sorted,10000,128,multi_seed_experiment,100000,3,2394700
moderate128,sorted,10000,128,multi_seed_experiment,1000000,3,2401800
moderate128,sorted,10000,128,baseline,0,3,220000
moderate128,sorted,10000,128,forward,0,3,558000
moderate128,sorted,10000,128,backward,0,3,613700
moderate128,sorted,10000,128,best_seed,0,3,322700
moderate128,sorted,10000,128,repair,10000,3,285300
moderate128,sorted,10000,128,repair,1000000,4,275900
moderate128,sorted,10000,128,balanced,10000,4,235800
moderate128,sorted,10000,128,balanced,100000,4,230800
moderate128,sorted,10000,128,balanced,1000000,4,259000
moderate128,sorted,10000,128,multi_seed_experiment,10000,4,2202300
moderate128,sorted,10000,128,multi_seed_experiment,100000,4,2272400
moderate128,sorted,10000,128,multi_seed_experiment,1000000,4,2126700
moderate128,sorted,10000,128,baseline,0,4,219800
moderate128,sorted,10000,128,forward,0,4,555000
moderate128,sorted,10000,128,backward,0,4,606700
moderate128,sorted,10000,128,best_seed,0,4,278100
moderate128,sorted,10000,128,repair,10000,4,295400
moderate128,sorted,10000,128,repair,100000,4,302600
moderate128,shuffled,10000,128,backward,0,0,1331400
moderate128,shuffled,10000,128,best_seed,0,0,771500
moderate128,shuffled,10000,128,repair,10000,0,788400
moderate128,shuffled,10000,128,repair,100000,0,792600
moderate128,shuffled,10000,128,repair,1000000,0,780900
moderate128,shuffled,10000,128,balanced,10000,0,479700
moderate128,shuffled,10000,128,balanced,100000,0,470900
moderate128,shuffled,10000,128,balanced,1000000,0,504800
moderate128,shuffled,10000,128,multi_seed_experiment,10000,0,5212300
moderate128,shuffled,10000,128,multi_seed_experiment,100000,0,5214500
moderate128,shuffled,10000,128,multi_seed_experiment,1000000,0,4842300
moderate128,shuffled,10000,128,baseline,0,0,459700
moderate128,shuffled,10000,128,forward,0,0,1034300
moderate128,shuffled,10000,128,best_seed,0,1,800000
moderate128,shuffled,10000,128,repair,10000,1,791300
moderate128,shuffled,10000,128,repair,100000,1,774100
moderate128,shuffled,10000,128,repair,1000000,1,772400
moderate128,shuffled,10000,128,balanced,10000,1,471100
moderate128,shuffled,10000,128,balanced,100000,1,470400
moderate128,shuffled,10000,128,balanced,1000000,1,482900
moderate128,shuffled,10000,128,multi_seed_experiment,10000,1,4800000
moderate128,shuffled,10000,128,multi_seed_experiment,100000,1,4918600
moderate128,shuffled,10000,128,multi_seed_experiment,1000000,1,4998300
moderate128,shuffled,10000,128,baseline,0,1,468400
moderate128,shuffled,10000,128,forward,0,1,1042000
moderate128,shuffled,10000,128,backward,0,1,1300200
moderate128,shuffled,10000,128,repair,10000,2,844300
moderate128,shuffled,10000,128,repair,100000,2,879100
moderate128,shuffled,10000,128,repair,1000000,2,853900
moderate128,shuffled,10000,128,balanced,10000,2,507100
moderate128,shuffled,10000,128,balanced,100000,2,470000
moderate128,shuffled,10000,128,balanced,1000000,2,478400
moderate128,shuffled,10000,128,multi_seed_experiment,10000,2,4901900
moderate128,shuffled,10000,128,multi_seed_experiment,100000,2,4994100
moderate128,shuffled,10000,128,multi_seed_experiment,1000000,2,4935000
moderate128,shuffled,10000,128,baseline,0,2,505100
moderate128,shuffled,10000,128,forward,0,2,1035800
moderate128,shuffled,10000,128,backward,0,2,1291800
moderate128,shuffled,10000,128,best_seed,0,2,830100
moderate128,shuffled,10000,128,repair,100000,3,797500
moderate128,shuffled,10000,128,repair,1000000,3,794500
moderate128,shuffled,10000,128,balanced,10000,3,476300
moderate128,shuffled,10000,128,balanced,100000,3,479100
moderate128,shuffled,10000,128,balanced,1000000,3,483400
moderate128,shuffled,10000,128,multi_seed_experiment,10000,3,4773200
moderate128,shuffled,10000,128,multi_seed_experiment,100000,3,4892100
moderate128,shuffled,10000,128,multi_seed_experiment,1000000,3,5001500
moderate128,shuffled,10000,128,baseline,0,3,470000
moderate128,shuffled,10000,128,forward,0,3,1037100
moderate128,shuffled,10000,128,backward,0,3,1297700
moderate128,shuffled,10000,128,best_seed,0,3,826300
moderate128,shuffled,10000,128,repair,10000,3,789100
moderate128,shuffled,10000,128,repair,1000000,4,777000
moderate128,shuffled,10000,128,balanced,10000,4,490800
moderate128,shuffled,10000,128,balanced,100000,4,474700
moderate128,shuffled,10000,128,balanced,1000000,4,491700
moderate128,shuffled,10000,128,multi_seed_experiment,10000,4,5091800
moderate128,shuffled,10000,128,multi_seed_experiment,100000,4,4831300
moderate128,shuffled,10000,128,multi_seed_experiment,1000000,4,4914800
moderate128,shuffled,10000,128,baseline,0,4,468000
moderate128,shuffled,10000,128,forward,0,4,1038100
moderate128,shuffled,10000,128,backward,0,4,1304000
moderate128,shuffled,10000,128,best_seed,0,4,776800
moderate128,shuffled,10000,128,repair,10000,4,800000
moderate128,shuffled,10000,128,repair,100000,4,782300
clique,sorted,10000,10000,backward,0,0,869000
clique,sorted,10000,10000,best_seed,0,0,175100
clique,sorted,10000,10000,repair,10000,0,162400
clique,sorted,10000,10000,repair,100000,0,166100
clique,sorted,10000,10000,repair,1000000,0,264900
clique,sorted,10000,10000,balanced,10000,0,116300
clique,sorted,10000,10000,balanced,100000,0,113700
clique,sorted,10000,10000,balanced,1000000,0,76200
clique,sorted,10000,10000,multi_seed_experiment,10000,0,2587000
clique,sorted,10000,10000,multi_seed_experiment,100000,0,3013500
clique,sorted,10000,10000,multi_seed_experiment,1000000,0,2464400
clique,sorted,10000,10000,baseline,0,0,133600
clique,sorted,10000,10000,forward,0,0,735900
clique,sorted,10000,10000,best_seed,0,1,138500
clique,sorted,10000,10000,repair,10000,1,158200
clique,sorted,10000,10000,repair,100000,1,161200
clique,sorted,10000,10000,repair,1000000,1,259700
clique,sorted,10000,10000,balanced,10000,1,113300
clique,sorted,10000,10000,balanced,100000,1,104100
clique,sorted,10000,10000,balanced,1000000,1,77000
clique,sorted,10000,10000,multi_seed_experiment,10000,1,2530900
clique,sorted,10000,10000,multi_seed_experiment,100000,1,2545500
clique,sorted,10000,10000,multi_seed_experiment,1000000,1,2580500
clique,sorted,10000,10000,baseline,0,1,138100
clique,sorted,10000,10000,forward,0,1,764600
clique,sorted,10000,10000,backward,0,1,921600
clique,sorted,10000,10000,repair,10000,2,233900
clique,sorted,10000,10000,repair,100000,2,315700
clique,sorted,10000,10000,repair,1000000,2,284700
clique,sorted,10000,10000,balanced,10000,2,124300
clique,sorted,10000,10000,balanced,100000,2,84400
clique,sorted,10000,10000,balanced,1000000,2,383800
clique,sorted,10000,10000,multi_seed_experiment,10000,2,2825100
clique,sorted,10000,10000,multi_seed_experiment,100000,2,2798200
clique,sorted,10000,10000,multi_seed_experiment,1000000,2,2609100
clique,sorted,10000,10000,baseline,0,2,71200
clique,sorted,10000,10000,forward,0,2,804600
clique,sorted,10000,10000,backward,0,2,877200
clique,sorted,10000,10000,best_seed,0,2,205000
clique,sorted,10000,10000,repair,100000,3,203400
clique,sorted,10000,10000,repair,1000000,3,264100
clique,sorted,10000,10000,balanced,10000,3,106200
clique,sorted,10000,10000,balanced,100000,3,84800
clique,sorted,10000,10000,balanced,1000000,3,76900
clique,sorted,10000,10000,multi_seed_experiment,10000,3,2644500
clique,sorted,10000,10000,multi_seed_experiment,100000,3,2662500
clique,sorted,10000,10000,multi_seed_experiment,1000000,3,2713700
clique,sorted,10000,10000,baseline,0,3,105300
clique,sorted,10000,10000,forward,0,3,768400
clique,sorted,10000,10000,backward,0,3,865300
clique,sorted,10000,10000,best_seed,0,3,185900
clique,sorted,10000,10000,repair,10000,3,216100
clique,sorted,10000,10000,repair,1000000,4,217900
clique,sorted,10000,10000,balanced,10000,4,247500
clique,sorted,10000,10000,balanced,100000,4,308200
clique,sorted,10000,10000,balanced,1000000,4,103300
clique,sorted,10000,10000,multi_seed_experiment,10000,4,2644400
clique,sorted,10000,10000,multi_seed_experiment,100000,4,2626000
clique,sorted,10000,10000,multi_seed_experiment,1000000,4,2675600
clique,sorted,10000,10000,baseline,0,4,129000
clique,sorted,10000,10000,forward,0,4,734600
clique,sorted,10000,10000,backward,0,4,938300
clique,sorted,10000,10000,best_seed,0,4,173600
clique,sorted,10000,10000,repair,10000,4,251800
clique,sorted,10000,10000,repair,100000,4,197300
clique,shuffled,10000,10000,backward,0,0,861700
clique,shuffled,10000,10000,best_seed,0,0,190600
clique,shuffled,10000,10000,repair,10000,0,113200
clique,shuffled,10000,10000,repair,100000,0,241100
clique,shuffled,10000,10000,repair,1000000,0,237800
clique,shuffled,10000,10000,balanced,10000,0,77700
clique,shuffled,10000,10000,balanced,100000,0,76900
clique,shuffled,10000,10000,balanced,1000000,0,76900
clique,shuffled,10000,10000,multi_seed_experiment,10000,0,2386900
clique,shuffled,10000,10000,multi_seed_experiment,100000,0,2421000
clique,shuffled,10000,10000,multi_seed_experiment,1000000,0,2366100
clique,shuffled,10000,10000,baseline,0,0,133400
clique,shuffled,10000,10000,forward,0,0,732600
clique,shuffled,10000,10000,best_seed,0,1,123700
clique,shuffled,10000,10000,repair,10000,1,139800
clique,shuffled,10000,10000,repair,100000,1,244200
clique,shuffled,10000,10000,repair,1000000,1,187200
clique,shuffled,10000,10000,balanced,10000,1,77600
clique,shuffled,10000,10000,balanced,100000,1,77500
clique,shuffled,10000,10000,balanced,1000000,1,77500
clique,shuffled,10000,10000,multi_seed_experiment,10000,1,2323700
clique,shuffled,10000,10000,multi_seed_experiment,100000,1,2443300
clique,shuffled,10000,10000,multi_seed_experiment,1000000,1,2393700
clique,shuffled,10000,10000,baseline,0,1,301100
clique,shuffled,10000,10000,forward,0,1,923000
clique,shuffled,10000,10000,backward,0,1,971900
clique,shuffled,10000,10000,repair,10000,2,300600
clique,shuffled,10000,10000,repair,100000,2,145300
clique,shuffled,10000,10000,repair,1000000,2,226200
clique,shuffled,10000,10000,balanced,10000,2,89600
clique,shuffled,10000,10000,balanced,100000,2,77800
clique,shuffled,10000,10000,balanced,1000000,2,77300
clique,shuffled,10000,10000,multi_seed_experiment,10000,2,2351400
clique,shuffled,10000,10000,multi_seed_experiment,100000,2,2445400
clique,shuffled,10000,10000,multi_seed_experiment,1000000,2,2353500
clique,shuffled,10000,10000,baseline,0,2,144100
clique,shuffled,10000,10000,forward,0,2,730200
clique,shuffled,10000,10000,backward,0,2,950600
clique,shuffled,10000,10000,best_seed,0,2,180900
clique,shuffled,10000,10000,repair,100000,3,238000
clique,shuffled,10000,10000,repair,1000000,3,153900
clique,shuffled,10000,10000,balanced,10000,3,77000
clique,shuffled,10000,10000,balanced,100000,3,76000
clique,shuffled,10000,10000,balanced,1000000,3,76000
clique,shuffled,10000,10000,multi_seed_experiment,10000,3,2619600
clique,shuffled,10000,10000,multi_seed_experiment,100000,3,2502900
clique,shuffled,10000,10000,multi_seed_experiment,1000000,3,2942600
clique,shuffled,10000,10000,baseline,0,3,198700
clique,shuffled,10000,10000,forward,0,3,727300
clique,shuffled,10000,10000,backward,0,3,881100
clique,shuffled,10000,10000,best_seed,0,3,252200
clique,shuffled,10000,10000,repair,10000,3,152600
clique,shuffled,10000,10000,repair,1000000,4,211400
clique,shuffled,10000,10000,balanced,10000,4,154600
clique,shuffled,10000,10000,balanced,100000,4,179000
clique,shuffled,10000,10000,balanced,1000000,4,105300
clique,shuffled,10000,10000,multi_seed_experiment,10000,4,2504400
clique,shuffled,10000,10000,multi_seed_experiment,100000,4,2405900
clique,shuffled,10000,10000,multi_seed_experiment,1000000,4,2204100
clique,shuffled,10000,10000,baseline,0,4,75300
clique,shuffled,10000,10000,forward,0,4,734000
clique,shuffled,10000,10000,backward,0,4,916900
clique,shuffled,10000,10000,best_seed,0,4,179900
clique,shuffled,10000,10000,repair,10000,4,213100
clique,shuffled,10000,10000,repair,100000,4,115300
nearly_clique,sorted,10000,7500,backward,0,0,639800
nearly_clique,sorted,10000,7500,best_seed,0,0,589700
nearly_clique,sorted,10000,7500,repair,10000,0,407500
nearly_clique,sorted,10000,7500,repair,100000,0,586300
nearly_clique,sorted,10000,7500,repair,1000000,0,1687100
nearly_clique,sorted,10000,7500,balanced,10000,0,814200
nearly_clique,sorted,10000,7500,balanced,100000,0,823200
nearly_clique,sorted,10000,7500,balanced,1000000,0,779900
nearly_clique,sorted,10000,7500,multi_seed_experiment,10000,0,2434100
nearly_clique,sorted,10000,7500,multi_seed_experiment,100000,0,2776700
nearly_clique,sorted,10000,7500,multi_seed_experiment,1000000,0,2755000
nearly_clique,sorted,10000,7500,baseline,0,0,36600
nearly_clique,sorted,10000,7500,forward,0,0,554600
nearly_clique,sorted,10000,7500,best_seed,0,1,599900
nearly_clique,sorted,10000,7500,repair,10000,1,479000
nearly_clique,sorted,10000,7500,repair,100000,1,648000
nearly_clique,sorted,10000,7500,repair,1000000,1,1877000
nearly_clique,sorted,10000,7500,balanced,10000,1,903100
nearly_clique,sorted,10000,7500,balanced,100000,1,767700
nearly_clique,sorted,10000,7500,balanced,1000000,1,612900
nearly_clique,sorted,10000,7500,multi_seed_experiment,10000,1,2204500
nearly_clique,sorted,10000,7500,multi_seed_experiment,100000,1,2193100
nearly_clique,sorted,10000,7500,multi_seed_experiment,1000000,1,2406700
nearly_clique,sorted,10000,7500,baseline,0,1,114300
nearly_clique,sorted,10000,7500,forward,0,1,564300
nearly_clique,sorted,10000,7500,backward,0,1,656700
nearly_clique,sorted,10000,7500,repair,10000,2,507400
nearly_clique,sorted,10000,7500,repair,100000,2,391900
nearly_clique,sorted,10000,7500,repair,1000000,2,1528600
nearly_clique,sorted,10000,7500,balanced,10000,2,715600
nearly_clique,sorted,10000,7500,balanced,100000,2,615900
nearly_clique,sorted,10000,7500,balanced,1000000,2,681900
nearly_clique,sorted,10000,7500,multi_seed_experiment,10000,2,2164500
nearly_clique,sorted,10000,7500,multi_seed_experiment,100000,2,2198800
nearly_clique,sorted,10000,7500,multi_seed_experiment,1000000,2,2498500
nearly_clique,sorted,10000,7500,baseline,0,2,120200
nearly_clique,sorted,10000,7500,forward,0,2,678700
nearly_clique,sorted,10000,7500,backward,0,2,610700
nearly_clique,sorted,10000,7500,best_seed,0,2,714200
nearly_clique,sorted,10000,7500,repair,100000,3,464600
nearly_clique,sorted,10000,7500,repair,1000000,3,1718700
nearly_clique,sorted,10000,7500,balanced,10000,3,721800
nearly_clique,sorted,10000,7500,balanced,100000,3,608600
nearly_clique,sorted,10000,7500,balanced,1000000,3,602200
nearly_clique,sorted,10000,7500,multi_seed_experiment,10000,3,2596300
nearly_clique,sorted,10000,7500,multi_seed_experiment,100000,3,2132300
nearly_clique,sorted,10000,7500,multi_seed_experiment,1000000,3,2434700
nearly_clique,sorted,10000,7500,baseline,0,3,36200
nearly_clique,sorted,10000,7500,forward,0,3,598700
nearly_clique,sorted,10000,7500,backward,0,3,727400
nearly_clique,sorted,10000,7500,best_seed,0,3,685400
nearly_clique,sorted,10000,7500,repair,10000,3,532200
nearly_clique,sorted,10000,7500,repair,1000000,4,1585400
nearly_clique,sorted,10000,7500,balanced,10000,4,842100
nearly_clique,sorted,10000,7500,balanced,100000,4,619800
nearly_clique,sorted,10000,7500,balanced,1000000,4,618800
nearly_clique,sorted,10000,7500,multi_seed_experiment,10000,4,2050100
nearly_clique,sorted,10000,7500,multi_seed_experiment,100000,4,2139100
nearly_clique,sorted,10000,7500,multi_seed_experiment,1000000,4,2821000
nearly_clique,sorted,10000,7500,baseline,0,4,72600
nearly_clique,sorted,10000,7500,forward,0,4,586600
nearly_clique,sorted,10000,7500,backward,0,4,663200
nearly_clique,sorted,10000,7500,best_seed,0,4,660400
nearly_clique,sorted,10000,7500,repair,10000,4,462400
nearly_clique,sorted,10000,7500,repair,100000,4,477000
nearly_clique,shuffled,10000,7500,backward,0,0,687400
nearly_clique,shuffled,10000,7500,best_seed,0,0,739300
nearly_clique,shuffled,10000,7500,repair,10000,0,436400
nearly_clique,shuffled,10000,7500,repair,100000,0,425900
nearly_clique,shuffled,10000,7500,repair,1000000,0,1738900
nearly_clique,shuffled,10000,7500,balanced,10000,0,826600
nearly_clique,shuffled,10000,7500,balanced,100000,0,654000
nearly_clique,shuffled,10000,7500,balanced,1000000,0,660700
nearly_clique,shuffled,10000,7500,multi_seed_experiment,10000,0,2259700
nearly_clique,shuffled,10000,7500,multi_seed_experiment,100000,0,2042100
nearly_clique,shuffled,10000,7500,multi_seed_experiment,1000000,0,2488900
nearly_clique,shuffled,10000,7500,baseline,0,0,88500
nearly_clique,shuffled,10000,7500,forward,0,0,626900
nearly_clique,shuffled,10000,7500,best_seed,0,1,649500
nearly_clique,shuffled,10000,7500,repair,10000,1,437900
nearly_clique,shuffled,10000,7500,repair,100000,1,588000
nearly_clique,shuffled,10000,7500,repair,1000000,1,1608800
nearly_clique,shuffled,10000,7500,balanced,10000,1,851600
nearly_clique,shuffled,10000,7500,balanced,100000,1,649900
nearly_clique,shuffled,10000,7500,balanced,1000000,1,1055500
nearly_clique,shuffled,10000,7500,multi_seed_experiment,10000,1,2501300
nearly_clique,shuffled,10000,7500,multi_seed_experiment,100000,1,2343700
nearly_clique,shuffled,10000,7500,multi_seed_experiment,1000000,1,2561600
nearly_clique,shuffled,10000,7500,baseline,0,1,51800
nearly_clique,shuffled,10000,7500,forward,0,1,573200
nearly_clique,shuffled,10000,7500,backward,0,1,613900
nearly_clique,shuffled,10000,7500,repair,10000,2,423700
nearly_clique,shuffled,10000,7500,repair,100000,2,614400
nearly_clique,shuffled,10000,7500,repair,1000000,2,1704000
nearly_clique,shuffled,10000,7500,balanced,10000,2,785400
nearly_clique,shuffled,10000,7500,balanced,100000,2,671000
nearly_clique,shuffled,10000,7500,balanced,1000000,2,670600
nearly_clique,shuffled,10000,7500,multi_seed_experiment,10000,2,2099500
nearly_clique,shuffled,10000,7500,multi_seed_experiment,100000,2,2210100
nearly_clique,shuffled,10000,7500,multi_seed_experiment,1000000,2,2330600
nearly_clique,shuffled,10000,7500,baseline,0,2,51900
nearly_clique,shuffled,10000,7500,forward,0,2,572900
nearly_clique,shuffled,10000,7500,backward,0,2,612700
nearly_clique,shuffled,10000,7500,best_seed,0,2,616000
nearly_clique,shuffled,10000,7500,repair,100000,3,411500
nearly_clique,shuffled,10000,7500,repair,1000000,3,1724400
nearly_clique,shuffled,10000,7500,balanced,10000,3,675500
nearly_clique,shuffled,10000,7500,balanced,100000,3,858200
nearly_clique,shuffled,10000,7500,balanced,1000000,3,650600
nearly_clique,shuffled,10000,7500,multi_seed_experiment,10000,3,2058700
nearly_clique,shuffled,10000,7500,multi_seed_experiment,100000,3,2021400
nearly_clique,shuffled,10000,7500,multi_seed_experiment,1000000,3,2332800
nearly_clique,shuffled,10000,7500,baseline,0,3,53500
nearly_clique,shuffled,10000,7500,forward,0,3,734200
nearly_clique,shuffled,10000,7500,backward,0,3,663000
nearly_clique,shuffled,10000,7500,best_seed,0,3,624600
nearly_clique,shuffled,10000,7500,repair,10000,3,445500
nearly_clique,shuffled,10000,7500,repair,1000000,4,1641300
nearly_clique,shuffled,10000,7500,balanced,10000,4,798500
nearly_clique,shuffled,10000,7500,balanced,100000,4,661900
nearly_clique,shuffled,10000,7500,balanced,1000000,4,655200
nearly_clique,shuffled,10000,7500,multi_seed_experiment,10000,4,2034000
nearly_clique,shuffled,10000,7500,multi_seed_experiment,100000,4,2252500
nearly_clique,shuffled,10000,7500,multi_seed_experiment,1000000,4,2569900
nearly_clique,shuffled,10000,7500,baseline,0,4,53600
nearly_clique,shuffled,10000,7500,forward,0,4,592300
nearly_clique,shuffled,10000,7500,backward,0,4,631300
nearly_clique,shuffled,10000,7500,best_seed,0,4,636100
nearly_clique,shuffled,10000,7500,repair,10000,4,441900
nearly_clique,shuffled,10000,7500,repair,100000,4,430800
late_clique,sorted,10000,2500,backward,0,0,959000
late_clique,sorted,10000,2500,best_seed,0,0,560500
late_clique,sorted,10000,2500,repair,10000,0,244600
late_clique,sorted,10000,2500,repair,100000,0,339100
late_clique,sorted,10000,2500,repair,1000000,0,1543000
late_clique,sorted,10000,2500,balanced,10000,0,583100
late_clique,sorted,10000,2500,balanced,100000,0,578600
late_clique,sorted,10000,2500,balanced,1000000,0,587000
late_clique,sorted,10000,2500,multi_seed_experiment,10000,0,1802100
late_clique,sorted,10000,2500,multi_seed_experiment,100000,0,1987700
late_clique,sorted,10000,2500,multi_seed_experiment,1000000,0,2082000
late_clique,sorted,10000,2500,baseline,0,0,40400
late_clique,sorted,10000,2500,forward,0,0,537200
late_clique,sorted,10000,2500,best_seed,0,1,558800
late_clique,sorted,10000,2500,repair,10000,1,277000
late_clique,sorted,10000,2500,repair,100000,1,641500
late_clique,sorted,10000,2500,repair,1000000,1,1608700
late_clique,sorted,10000,2500,balanced,10000,1,592300
late_clique,sorted,10000,2500,balanced,100000,1,578800
late_clique,sorted,10000,2500,balanced,1000000,1,583900
late_clique,sorted,10000,2500,multi_seed_experiment,10000,1,2024700
late_clique,sorted,10000,2500,multi_seed_experiment,100000,1,1784600
late_clique,sorted,10000,2500,multi_seed_experiment,1000000,1,2099400
late_clique,sorted,10000,2500,baseline,0,1,40900
late_clique,sorted,10000,2500,forward,0,1,501800
late_clique,sorted,10000,2500,backward,0,1,821500
late_clique,sorted,10000,2500,repair,10000,2,232300
late_clique,sorted,10000,2500,repair,100000,2,306000
late_clique,sorted,10000,2500,repair,1000000,2,1539200
late_clique,sorted,10000,2500,balanced,10000,2,574800
late_clique,sorted,10000,2500,balanced,100000,2,578900
late_clique,sorted,10000,2500,balanced,1000000,2,578000
late_clique,sorted,10000,2500,multi_seed_experiment,10000,2,1988700
late_clique,sorted,10000,2500,multi_seed_experiment,100000,2,1777900
late_clique,sorted,10000,2500,multi_seed_experiment,1000000,2,2137900
late_clique,sorted,10000,2500,baseline,0,2,40600
late_clique,sorted,10000,2500,forward,0,2,519000
late_clique,sorted,10000,2500,backward,0,2,818800
late_clique,sorted,10000,2500,best_seed,0,2,559500
late_clique,sorted,10000,2500,repair,100000,3,303500
late_clique,sorted,10000,2500,repair,1000000,3,1654800
late_clique,sorted,10000,2500,balanced,10000,3,634900
late_clique,sorted,10000,2500,balanced,100000,3,579000
late_clique,sorted,10000,2500,balanced,1000000,3,583200
late_clique,sorted,10000,2500,multi_seed_experiment,10000,3,1890000
late_clique,sorted,10000,2500,multi_seed_experiment,100000,3,1924200
late_clique,sorted,10000,2500,multi_seed_experiment,1000000,3,2003200
late_clique,sorted,10000,2500,baseline,0,3,50600
late_clique,sorted,10000,2500,forward,0,3,531100
late_clique,sorted,10000,2500,backward,0,3,859900
late_clique,sorted,10000,2500,best_seed,0,3,553800
late_clique,sorted,10000,2500,repair,10000,3,239600
late_clique,sorted,10000,2500,repair,1000000,4,1574900
late_clique,sorted,10000,2500,balanced,10000,4,668600
late_clique,sorted,10000,2500,balanced,100000,4,622100
late_clique,sorted,10000,2500,balanced,1000000,4,586000
late_clique,sorted,10000,2500,multi_seed_experiment,10000,4,1882900
late_clique,sorted,10000,2500,multi_seed_experiment,100000,4,2003800
late_clique,sorted,10000,2500,multi_seed_experiment,1000000,4,1920700
late_clique,sorted,10000,2500,baseline,0,4,40500
late_clique,sorted,10000,2500,forward,0,4,509800
late_clique,sorted,10000,2500,backward,0,4,813500
late_clique,sorted,10000,2500,best_seed,0,4,555500
late_clique,sorted,10000,2500,repair,10000,4,227400
late_clique,sorted,10000,2500,repair,100000,4,294400
late_clique,shuffled,10000,2500,backward,0,0,1332200
late_clique,shuffled,10000,2500,best_seed,0,0,1085600
late_clique,shuffled,10000,2500,repair,10000,0,748600
late_clique,shuffled,10000,2500,repair,100000,0,822800
late_clique,shuffled,10000,2500,repair,1000000,0,2079600
late_clique,shuffled,10000,2500,balanced,10000,0,1096000
late_clique,shuffled,10000,2500,balanced,100000,0,1085800
late_clique,shuffled,10000,2500,balanced,1000000,0,1080500
late_clique,shuffled,10000,2500,multi_seed_experiment,10000,0,4375700
late_clique,shuffled,10000,2500,multi_seed_experiment,100000,0,4599800
late_clique,shuffled,10000,2500,multi_seed_experiment,1000000,0,4402300
late_clique,shuffled,10000,2500,baseline,0,0,299300
late_clique,shuffled,10000,2500,forward,0,0,1011800
late_clique,shuffled,10000,2500,best_seed,0,1,1055200
late_clique,shuffled,10000,2500,repair,10000,1,725000
late_clique,shuffled,10000,2500,repair,100000,1,789000
late_clique,shuffled,10000,2500,repair,1000000,1,2164000
late_clique,shuffled,10000,2500,balanced,10000,1,1145000
late_clique,shuffled,10000,2500,balanced,100000,1,1078700
late_clique,shuffled,10000,2500,balanced,1000000,1,1080700
late_clique,shuffled,10000,2500,multi_seed_experiment,10000,1,4442700
late_clique,shuffled,10000,2500,multi_seed_experiment,100000,1,4355300
late_clique,shuffled,10000,2500,multi_seed_experiment,1000000,1,4490600
late_clique,shuffled,10000,2500,baseline,0,1,288600
late_clique,shuffled,10000,2500,forward,0,1,998100
late_clique,shuffled,10000,2500,backward,0,1,1319700
late_clique,shuffled,10000,2500,repair,10000,2,740700
late_clique,shuffled,10000,2500,repair,100000,2,797500
late_clique,shuffled,10000,2500,repair,1000000,2,2097300
late_clique,shuffled,10000,2500,balanced,10000,2,1190700
late_clique,shuffled,10000,2500,balanced,100000,2,1183700
late_clique,shuffled,10000,2500,balanced,1000000,2,1104100
late_clique,shuffled,10000,2500,multi_seed_experiment,10000,2,4443400
late_clique,shuffled,10000,2500,multi_seed_experiment,100000,2,4660800
late_clique,shuffled,10000,2500,multi_seed_experiment,1000000,2,4450800
late_clique,shuffled,10000,2500,baseline,0,2,402500
late_clique,shuffled,10000,2500,forward,0,2,1111300
late_clique,shuffled,10000,2500,backward,0,2,1411900
late_clique,shuffled,10000,2500,best_seed,0,2,1049900
late_clique,shuffled,10000,2500,repair,100000,3,832100
late_clique,shuffled,10000,2500,repair,1000000,3,2178100
late_clique,shuffled,10000,2500,balanced,10000,3,1075600
late_clique,shuffled,10000,2500,balanced,100000,3,1076000
late_clique,shuffled,10000,2500,balanced,1000000,3,1078300
late_clique,shuffled,10000,2500,multi_seed_experiment,10000,3,4364700
late_clique,shuffled,10000,2500,multi_seed_experiment,100000,3,4516400
late_clique,shuffled,10000,2500,multi_seed_experiment,1000000,3,4520400
late_clique,shuffled,10000,2500,baseline,0,3,288800
late_clique,shuffled,10000,2500,forward,0,3,1013000
late_clique,shuffled,10000,2500,backward,0,3,1324300
late_clique,shuffled,10000,2500,best_seed,0,3,1144100
late_clique,shuffled,10000,2500,repair,10000,3,786100
late_clique,shuffled,10000,2500,repair,1000000,4,2145400
late_clique,shuffled,10000,2500,balanced,10000,4,1101400
late_clique,shuffled,10000,2500,balanced,100000,4,1084400
late_clique,shuffled,10000,2500,balanced,1000000,4,1082700
late_clique,shuffled,10000,2500,multi_seed_experiment,10000,4,4523600
late_clique,shuffled,10000,2500,multi_seed_experiment,100000,4,4584000
late_clique,shuffled,10000,2500,multi_seed_experiment,1000000,4,4668300
late_clique,shuffled,10000,2500,baseline,0,4,334100
late_clique,shuffled,10000,2500,forward,0,4,1040900
late_clique,shuffled,10000,2500,backward,0,4,1372800
late_clique,shuffled,10000,2500,best_seed,0,4,1053200
late_clique,shuffled,10000,2500,repair,10000,4,734800
late_clique,shuffled,10000,2500,repair,100000,4,898600
long_short,sorted,10000,3,backward,0,0,477000
long_short,sorted,10000,3,best_seed,0,0,672800
long_short,sorted,10000,3,repair,10000,0,224300
long_short,sorted,10000,3,repair,100000,0,292700
long_short,sorted,10000,3,repair,1000000,0,820100
long_short,sorted,10000,3,balanced,10000,0,776900
long_short,sorted,10000,3,balanced,100000,0,863300
long_short,sorted,10000,3,balanced,1000000,0,1400800
long_short,sorted,10000,3,multi_seed_experiment,10000,0,1378600
long_short,sorted,10000,3,multi_seed_experiment,100000,0,1414300
long_short,sorted,10000,3,multi_seed_experiment,1000000,0,2635400
long_short,sorted,10000,3,baseline,0,0,87400
long_short,sorted,10000,3,forward,0,0,231900
long_short,sorted,10000,3,best_seed,0,1,721700
long_short,sorted,10000,3,repair,10000,1,223500
long_short,sorted,10000,3,repair,100000,1,347600
long_short,sorted,10000,3,repair,1000000,1,894800
long_short,sorted,10000,3,balanced,10000,1,794300
long_short,sorted,10000,3,balanced,100000,1,869400
long_short,sorted,10000,3,balanced,1000000,1,1418900
long_short,sorted,10000,3,multi_seed_experiment,10000,1,1307600
long_short,sorted,10000,3,multi_seed_experiment,100000,1,1399600
long_short,sorted,10000,3,multi_seed_experiment,1000000,1,2593300
long_short,sorted,10000,3,baseline,0,1,57600
long_short,sorted,10000,3,forward,0,1,224700
long_short,sorted,10000,3,backward,0,1,437500
long_short,sorted,10000,3,repair,10000,2,219000
long_short,sorted,10000,3,repair,100000,2,291700
long_short,sorted,10000,3,repair,1000000,2,932000
long_short,sorted,10000,3,balanced,10000,2,833400
long_short,sorted,10000,3,balanced,100000,2,859800
long_short,sorted,10000,3,balanced,1000000,2,1457500
long_short,sorted,10000,3,multi_seed_experiment,10000,2,1300600
long_short,sorted,10000,3,multi_seed_experiment,100000,2,1440900
long_short,sorted,10000,3,multi_seed_experiment,1000000,2,2581400
long_short,sorted,10000,3,baseline,0,2,87000
long_short,sorted,10000,3,forward,0,2,244200
long_short,sorted,10000,3,backward,0,2,476300
long_short,sorted,10000,3,best_seed,0,2,689500
long_short,sorted,10000,3,repair,100000,3,289500
long_short,sorted,10000,3,repair,1000000,3,916900
long_short,sorted,10000,3,balanced,10000,3,862600
long_short,sorted,10000,3,balanced,100000,3,914200
long_short,sorted,10000,3,balanced,1000000,3,1517100
long_short,sorted,10000,3,multi_seed_experiment,10000,3,1327600
long_short,sorted,10000,3,multi_seed_experiment,100000,3,1451400
long_short,sorted,10000,3,multi_seed_experiment,1000000,3,2599600
long_short,sorted,10000,3,baseline,0,3,87100
long_short,sorted,10000,3,forward,0,3,244500
long_short,sorted,10000,3,backward,0,3,477300
long_short,sorted,10000,3,best_seed,0,3,664400
long_short,sorted,10000,3,repair,10000,3,220800
long_short,sorted,10000,3,repair,1000000,4,866600
long_short,sorted,10000,3,balanced,10000,4,786600
long_short,sorted,10000,3,balanced,100000,4,871500
long_short,sorted,10000,3,balanced,1000000,4,1390500
long_short,sorted,10000,3,multi_seed_experiment,10000,4,1419200
long_short,sorted,10000,3,multi_seed_experiment,100000,4,1457100
long_short,sorted,10000,3,multi_seed_experiment,1000000,4,2538100
long_short,sorted,10000,3,baseline,0,4,86700
long_short,sorted,10000,3,forward,0,4,222400
long_short,sorted,10000,3,backward,0,4,484700
long_short,sorted,10000,3,best_seed,0,4,656200
long_short,sorted,10000,3,repair,10000,4,219700
long_short,sorted,10000,3,repair,100000,4,300700
long_short,shuffled,10000,3,backward,0,0,1014200
long_short,shuffled,10000,3,best_seed,0,0,1216900
long_short,shuffled,10000,3,repair,10000,0,764900
long_short,shuffled,10000,3,repair,100000,0,848800
long_short,shuffled,10000,3,repair,1000000,0,1528000
long_short,shuffled,10000,3,balanced,10000,0,1386200
long_short,shuffled,10000,3,balanced,100000,0,1384700
long_short,shuffled,10000,3,balanced,1000000,0,1469100
long_short,shuffled,10000,3,multi_seed_experiment,10000,0,3920700
long_short,shuffled,10000,3,multi_seed_experiment,100000,0,4017800
long_short,shuffled,10000,3,multi_seed_experiment,1000000,0,5038100
long_short,shuffled,10000,3,baseline,0,0,352800
long_short,shuffled,10000,3,forward,0,0,741700
long_short,shuffled,10000,3,best_seed,0,1,1268000
long_short,shuffled,10000,3,repair,10000,1,767200
long_short,shuffled,10000,3,repair,100000,1,839600
long_short,shuffled,10000,3,repair,1000000,1,1543000
long_short,shuffled,10000,3,balanced,10000,1,1387100
long_short,shuffled,10000,3,balanced,100000,1,1404400
long_short,shuffled,10000,3,balanced,1000000,1,1437700
long_short,shuffled,10000,3,multi_seed_experiment,10000,1,4195100
long_short,shuffled,10000,3,multi_seed_experiment,100000,1,4058300
long_short,shuffled,10000,3,multi_seed_experiment,1000000,1,5056500
long_short,shuffled,10000,3,baseline,0,1,323500
long_short,shuffled,10000,3,forward,0,1,754700
long_short,shuffled,10000,3,backward,0,1,996600
long_short,shuffled,10000,3,repair,10000,2,762200
long_short,shuffled,10000,3,repair,100000,2,913500
long_short,shuffled,10000,3,repair,1000000,2,1484100
long_short,shuffled,10000,3,balanced,10000,2,1331900
long_short,shuffled,10000,3,balanced,100000,2,1442200
long_short,shuffled,10000,3,balanced,1000000,2,1535400
long_short,shuffled,10000,3,multi_seed_experiment,10000,2,3993600
long_short,shuffled,10000,3,multi_seed_experiment,100000,2,4010600
long_short,shuffled,10000,3,multi_seed_experiment,1000000,2,5238300
long_short,shuffled,10000,3,baseline,0,2,349700
long_short,shuffled,10000,3,forward,0,2,758500
long_short,shuffled,10000,3,backward,0,2,1021600
long_short,shuffled,10000,3,best_seed,0,2,1204400
long_short,shuffled,10000,3,repair,100000,3,841200
long_short,shuffled,10000,3,repair,1000000,3,1426400
long_short,shuffled,10000,3,balanced,10000,3,1305400
long_short,shuffled,10000,3,balanced,100000,3,1538100
long_short,shuffled,10000,3,balanced,1000000,3,1521900
long_short,shuffled,10000,3,multi_seed_experiment,10000,3,3941400
long_short,shuffled,10000,3,multi_seed_experiment,100000,3,4141800
long_short,shuffled,10000,3,multi_seed_experiment,1000000,3,4964200
long_short,shuffled,10000,3,baseline,0,3,348800
long_short,shuffled,10000,3,forward,0,3,757400
long_short,shuffled,10000,3,backward,0,3,1009000
long_short,shuffled,10000,3,best_seed,0,3,1225300
long_short,shuffled,10000,3,repair,10000,3,739800
long_short,shuffled,10000,3,repair,1000000,4,1426200
long_short,shuffled,10000,3,balanced,10000,4,1321300
long_short,shuffled,10000,3,balanced,100000,4,1382600
long_short,shuffled,10000,3,balanced,1000000,4,1454600
long_short,shuffled,10000,3,multi_seed_experiment,10000,4,3991700
long_short,shuffled,10000,3,multi_seed_experiment,100000,4,4257800
long_short,shuffled,10000,3,multi_seed_experiment,1000000,4,4931300
long_short,shuffled,10000,3,baseline,0,4,311100
long_short,shuffled,10000,3,forward,0,4,790000
long_short,shuffled,10000,3,backward,0,4,1035800
long_short,shuffled,10000,3,best_seed,0,4,1229000
long_short,shuffled,10000,3,repair,10000,4,757700
long_short,shuffled,10000,3,repair,100000,4,830700
ties,sorted,10000,56,backward,0,0,897100
ties,sorted,10000,56,best_seed,0,0,1343000
ties,sorted,10000,56,repair,10000,0,399500
ties,sorted,10000,56,repair,100000,0,473700
ties,sorted,10000,56,repair,1000000,0,789400
ties,sorted,10000,56,balanced,10000,0,1502400
ties,sorted,10000,56,balanced,100000,0,1387000
ties,sorted,10000,56,balanced,1000000,0,1370700
ties,sorted,10000,56,multi_seed_experiment,10000,0,2397500
ties,sorted,10000,56,multi_seed_experiment,100000,0,2648300
ties,sorted,10000,56,multi_seed_experiment,1000000,0,3137900
ties,sorted,10000,56,baseline,0,0,201700
ties,sorted,10000,56,forward,0,0,644900
ties,sorted,10000,56,best_seed,0,1,1346900
ties,sorted,10000,56,repair,10000,1,396400
ties,sorted,10000,56,repair,100000,1,582100
ties,sorted,10000,56,repair,1000000,1,801900
ties,sorted,10000,56,balanced,10000,1,1472300
ties,sorted,10000,56,balanced,100000,1,1372100
ties,sorted,10000,56,balanced,1000000,1,1334300
ties,sorted,10000,56,multi_seed_experiment,10000,1,2549900
ties,sorted,10000,56,multi_seed_experiment,100000,1,2659800
ties,sorted,10000,56,multi_seed_experiment,1000000,1,3069900
ties,sorted,10000,56,baseline,0,1,204800
ties,sorted,10000,56,forward,0,1,650400
ties,sorted,10000,56,backward,0,1,868600
ties,sorted,10000,56,repair,10000,2,315200
ties,sorted,10000,56,repair,100000,2,456900
ties,sorted,10000,56,repair,1000000,2,781700
ties,sorted,10000,56,balanced,10000,2,1449800
ties,sorted,10000,56,balanced,100000,2,1328800
ties,sorted,10000,56,balanced,1000000,2,1357700
ties,sorted,10000,56,multi_seed_experiment,10000,2,2413200
ties,sorted,10000,56,multi_seed_experiment,100000,2,2611800
ties,sorted,10000,56,multi_seed_experiment,1000000,2,3000200
ties,sorted,10000,56,baseline,0,2,192800
ties,sorted,10000,56,forward,0,2,641300
ties,sorted,10000,56,backward,0,2,861200
ties,sorted,10000,56,best_seed,0,2,1362200
ties,sorted,10000,56,repair,100000,3,471800
ties,sorted,10000,56,repair,1000000,3,775500
ties,sorted,10000,56,balanced,10000,3,1431600
ties,sorted,10000,56,balanced,100000,3,1336800
ties,sorted,10000,56,balanced,1000000,3,1352700
ties,sorted,10000,56,multi_seed_experiment,10000,3,2540600
ties,sorted,10000,56,multi_seed_experiment,100000,3,2583000
ties,sorted,10000,56,multi_seed_experiment,1000000,3,3029400
ties,sorted,10000,56,baseline,0,3,211300
ties,sorted,10000,56,forward,0,3,635200
ties,sorted,10000,56,backward,0,3,856800
ties,sorted,10000,56,best_seed,0,3,1420200
ties,sorted,10000,56,repair,10000,3,318800
ties,sorted,10000,56,repair,1000000,4,782600
ties,sorted,10000,56,balanced,10000,4,1384600
ties,sorted,10000,56,balanced,100000,4,1315100
ties,sorted,10000,56,balanced,1000000,4,1346500
ties,sorted,10000,56,multi_seed_experiment,10000,4,2377700
ties,sorted,10000,56,multi_seed_experiment,100000,4,2668100
ties,sorted,10000,56,multi_seed_experiment,1000000,4,3048600
ties,sorted,10000,56,baseline,0,4,192600
ties,sorted,10000,56,forward,0,4,647600
ties,sorted,10000,56,backward,0,4,880300
ties,sorted,10000,56,best_seed,0,4,1347800
ties,sorted,10000,56,repair,10000,4,322900
ties,sorted,10000,56,repair,100000,4,485900
ties,shuffled,10000,56,backward,0,0,1374400
ties,shuffled,10000,56,best_seed,0,0,1938100
ties,shuffled,10000,56,repair,10000,0,868200
ties,shuffled,10000,56,repair,100000,0,961600
ties,shuffled,10000,56,repair,1000000,0,985700
ties,shuffled,10000,56,balanced,10000,0,2024800
ties,shuffled,10000,56,balanced,100000,0,1939800
ties,shuffled,10000,56,balanced,1000000,0,1932300
ties,shuffled,10000,56,multi_seed_experiment,10000,0,5119400
ties,shuffled,10000,56,multi_seed_experiment,100000,0,5264300
ties,shuffled,10000,56,multi_seed_experiment,1000000,0,5541600
ties,shuffled,10000,56,baseline,0,0,485200
ties,shuffled,10000,56,forward,0,0,1241700
ties,shuffled,10000,56,best_seed,0,1,1965500
ties,shuffled,10000,56,repair,10000,1,831900
ties,shuffled,10000,56,repair,100000,1,1035000
ties,shuffled,10000,56,repair,1000000,1,975700
ties,shuffled,10000,56,balanced,10000,1,2043000
ties,shuffled,10000,56,balanced,100000,1,1938000
ties,shuffled,10000,56,balanced,1000000,1,1915000
ties,shuffled,10000,56,multi_seed_experiment,10000,1,5158200
ties,shuffled,10000,56,multi_seed_experiment,100000,1,5273100
ties,shuffled,10000,56,multi_seed_experiment,1000000,1,5456600
ties,shuffled,10000,56,baseline,0,1,471800
ties,shuffled,10000,56,forward,0,1,1231600
ties,shuffled,10000,56,backward,0,1,1400100
ties,shuffled,10000,56,repair,10000,2,874700
ties,shuffled,10000,56,repair,100000,2,1006100
ties,shuffled,10000,56,repair,1000000,2,995000
ties,shuffled,10000,56,balanced,10000,2,2009500
ties,shuffled,10000,56,balanced,100000,2,2038600
ties,shuffled,10000,56,balanced,1000000,2,1921100
ties,shuffled,10000,56,multi_seed_experiment,10000,2,5107700
ties,shuffled,10000,56,multi_seed_experiment,100000,2,5221400
ties,shuffled,10000,56,multi_seed_experiment,1000000,2,5566100
ties,shuffled,10000,56,baseline,0,2,449000
ties,shuffled,10000,56,forward,0,2,1217300
ties,shuffled,10000,56,backward,0,2,1387000
ties,shuffled,10000,56,best_seed,0,2,1935300
ties,shuffled,10000,56,repair,100000,3,1037200
ties,shuffled,10000,56,repair,1000000,3,1041000
ties,shuffled,10000,56,balanced,10000,3,1993800
ties,shuffled,10000,56,balanced,100000,3,1916400
ties,shuffled,10000,56,balanced,1000000,3,1905900
ties,shuffled,10000,56,multi_seed_experiment,10000,3,5029600
ties,shuffled,10000,56,multi_seed_experiment,100000,3,5458600
ties,shuffled,10000,56,multi_seed_experiment,1000000,3,5488600
ties,shuffled,10000,56,baseline,0,3,440200
ties,shuffled,10000,56,forward,0,3,1198800
ties,shuffled,10000,56,backward,0,3,1415800
ties,shuffled,10000,56,best_seed,0,3,1905400
ties,shuffled,10000,56,repair,10000,3,819400
ties,shuffled,10000,56,repair,1000000,4,1072700
ties,shuffled,10000,56,balanced,10000,4,1932300
ties,shuffled,10000,56,balanced,100000,4,1913000
ties,shuffled,10000,56,balanced,1000000,4,1904100
ties,shuffled,10000,56,multi_seed_experiment,10000,4,5107000
ties,shuffled,10000,56,multi_seed_experiment,100000,4,5120000
ties,shuffled,10000,56,multi_seed_experiment,1000000,4,5496400
ties,shuffled,10000,56,baseline,0,4,474300
ties,shuffled,10000,56,forward,0,4,1227900
ties,shuffled,10000,56,backward,0,4,1460700
ties,shuffled,10000,56,best_seed,0,4,1895600
ties,shuffled,10000,56,repair,10000,4,825400
ties,shuffled,10000,56,repair,100000,4,1006100
duplicates,sorted,10000,32,backward,0,0,664800
duplicates,sorted,10000,32,best_seed,0,0,196600
duplicates,sorted,10000,32,repair,10000,0,209900
duplicates,sorted,10000,32,repair,100000,0,207800
duplicates,sorted,10000,32,repair,1000000,0,207900
duplicates,sorted,10000,32,balanced,10000,0,165600
duplicates,sorted,10000,32,balanced,100000,0,164900
duplicates,sorted,10000,32,balanced,1000000,0,164700
duplicates,sorted,10000,32,multi_seed_experiment,10000,0,1743900
duplicates,sorted,10000,32,multi_seed_experiment,100000,0,1747700
duplicates,sorted,10000,32,multi_seed_experiment,1000000,0,1787700
duplicates,sorted,10000,32,baseline,0,0,153900
duplicates,sorted,10000,32,forward,0,0,447500
duplicates,sorted,10000,32,best_seed,0,1,196200
duplicates,sorted,10000,32,repair,10000,1,211700
duplicates,sorted,10000,32,repair,100000,1,207600
duplicates,sorted,10000,32,repair,1000000,1,213800
duplicates,sorted,10000,32,balanced,10000,1,164600
duplicates,sorted,10000,32,balanced,100000,1,164700
duplicates,sorted,10000,32,balanced,1000000,1,164700
duplicates,sorted,10000,32,multi_seed_experiment,10000,1,1744200
duplicates,sorted,10000,32,multi_seed_experiment,100000,1,1742300
duplicates,sorted,10000,32,multi_seed_experiment,1000000,1,1761300
duplicates,sorted,10000,32,baseline,0,1,154000
duplicates,sorted,10000,32,forward,0,1,440800
duplicates,sorted,10000,32,backward,0,1,667400
duplicates,sorted,10000,32,repair,10000,2,213000
duplicates,sorted,10000,32,repair,100000,2,271500
duplicates,sorted,10000,32,repair,1000000,2,212400
duplicates,sorted,10000,32,balanced,10000,2,164700
duplicates,sorted,10000,32,balanced,100000,2,165400
duplicates,sorted,10000,32,balanced,1000000,2,165300
duplicates,sorted,10000,32,multi_seed_experiment,10000,2,1847600
duplicates,sorted,10000,32,multi_seed_experiment,100000,2,1747100
duplicates,sorted,10000,32,multi_seed_experiment,1000000,2,1743300
duplicates,sorted,10000,32,baseline,0,2,154000
duplicates,sorted,10000,32,forward,0,2,449600
duplicates,sorted,10000,32,backward,0,2,670100
duplicates,sorted,10000,32,best_seed,0,2,197600
duplicates,sorted,10000,32,repair,100000,3,217100
duplicates,sorted,10000,32,repair,1000000,3,210100
duplicates,sorted,10000,32,balanced,10000,3,166500
duplicates,sorted,10000,32,balanced,100000,3,176700
duplicates,sorted,10000,32,balanced,1000000,3,168500
duplicates,sorted,10000,32,multi_seed_experiment,10000,3,1761300
duplicates,sorted,10000,32,multi_seed_experiment,100000,3,1759200
duplicates,sorted,10000,32,multi_seed_experiment,1000000,3,1758200
duplicates,sorted,10000,32,baseline,0,3,154800
duplicates,sorted,10000,32,forward,0,3,442300
duplicates,sorted,10000,32,backward,0,3,656500
duplicates,sorted,10000,32,best_seed,0,3,193700
duplicates,sorted,10000,32,repair,10000,3,211800
duplicates,sorted,10000,32,repair,1000000,4,207800
duplicates,sorted,10000,32,balanced,10000,4,164700
duplicates,sorted,10000,32,balanced,100000,4,173000
duplicates,sorted,10000,32,balanced,1000000,4,166500
duplicates,sorted,10000,32,multi_seed_experiment,10000,4,1769400
duplicates,sorted,10000,32,multi_seed_experiment,100000,4,2044300
duplicates,sorted,10000,32,multi_seed_experiment,1000000,4,1813000
duplicates,sorted,10000,32,baseline,0,4,156000
duplicates,sorted,10000,32,forward,0,4,450700
duplicates,sorted,10000,32,backward,0,4,670400
duplicates,sorted,10000,32,best_seed,0,4,197500
duplicates,sorted,10000,32,repair,10000,4,208900
duplicates,sorted,10000,32,repair,100000,4,208800
duplicates,shuffled,10000,32,backward,0,0,1174300
duplicates,shuffled,10000,32,best_seed,0,0,694900
duplicates,shuffled,10000,32,repair,10000,0,728700
duplicates,shuffled,10000,32,repair,100000,0,725200
duplicates,shuffled,10000,32,repair,1000000,0,721500
duplicates,shuffled,10000,32,balanced,10000,0,427600
duplicates,shuffled,10000,32,balanced,100000,0,421400
duplicates,shuffled,10000,32,balanced,1000000,0,414400
duplicates,shuffled,10000,32,multi_seed_experiment,10000,0,4369000
duplicates,shuffled,10000,32,multi_seed_experiment,100000,0,4306700
duplicates,shuffled,10000,32,multi_seed_experiment,1000000,0,4346500
duplicates,shuffled,10000,32,baseline,0,0,405400
duplicates,shuffled,10000,32,forward,0,0,953100
duplicates,shuffled,10000,32,best_seed,0,1,708300
duplicates,shuffled,10000,32,repair,10000,1,809700
duplicates,shuffled,10000,32,repair,100000,1,735300
duplicates,shuffled,10000,32,repair,1000000,1,710400
duplicates,shuffled,10000,32,balanced,10000,1,414900
duplicates,shuffled,10000,32,balanced,100000,1,414500
duplicates,shuffled,10000,32,balanced,1000000,1,413700
duplicates,shuffled,10000,32,multi_seed_experiment,10000,1,4463900
duplicates,shuffled,10000,32,multi_seed_experiment,100000,1,4374600
duplicates,shuffled,10000,32,multi_seed_experiment,1000000,1,4350000
duplicates,shuffled,10000,32,baseline,0,1,404300
duplicates,shuffled,10000,32,forward,0,1,953200
duplicates,shuffled,10000,32,backward,0,1,1292600
duplicates,shuffled,10000,32,repair,10000,2,755700
duplicates,shuffled,10000,32,repair,100000,2,737400
duplicates,shuffled,10000,32,repair,1000000,2,788300
duplicates,shuffled,10000,32,balanced,10000,2,435500
duplicates,shuffled,10000,32,balanced,100000,2,447800
duplicates,shuffled,10000,32,balanced,1000000,2,429600
duplicates,shuffled,10000,32,multi_seed_experiment,10000,2,4639100
duplicates,shuffled,10000,32,multi_seed_experiment,100000,2,4577300
duplicates,shuffled,10000,32,multi_seed_experiment,1000000,2,4593600
duplicates,shuffled,10000,32,baseline,0,2,424200
duplicates,shuffled,10000,32,forward,0,2,1202000
duplicates,shuffled,10000,32,backward,0,2,1243700
duplicates,shuffled,10000,32,best_seed,0,2,744100
duplicates,shuffled,10000,32,repair,100000,3,755600
duplicates,shuffled,10000,32,repair,1000000,3,769700
duplicates,shuffled,10000,32,balanced,10000,3,442900
duplicates,shuffled,10000,32,balanced,100000,3,443800
duplicates,shuffled,10000,32,balanced,1000000,3,439800
duplicates,shuffled,10000,32,multi_seed_experiment,10000,3,4587700
duplicates,shuffled,10000,32,multi_seed_experiment,100000,3,4789400
duplicates,shuffled,10000,32,multi_seed_experiment,1000000,3,4774700
duplicates,shuffled,10000,32,baseline,0,3,430600
duplicates,shuffled,10000,32,forward,0,3,991500
duplicates,shuffled,10000,32,backward,0,3,1245000
duplicates,shuffled,10000,32,best_seed,0,3,738900
duplicates,shuffled,10000,32,repair,10000,3,752600
duplicates,shuffled,10000,32,repair,1000000,4,769600
duplicates,shuffled,10000,32,balanced,10000,4,453000
duplicates,shuffled,10000,32,balanced,100000,4,439800
duplicates,shuffled,10000,32,balanced,1000000,4,439700
duplicates,shuffled,10000,32,multi_seed_experiment,10000,4,4630400
duplicates,shuffled,10000,32,multi_seed_experiment,100000,4,4524300
duplicates,shuffled,10000,32,multi_seed_experiment,1000000,4,4755200
duplicates,shuffled,10000,32,baseline,0,4,433000
duplicates,shuffled,10000,32,forward,0,4,994300
duplicates,shuffled,10000,32,backward,0,4,1252000
duplicates,shuffled,10000,32,best_seed,0,4,740900
duplicates,shuffled,10000,32,repair,10000,4,748300
duplicates,shuffled,10000,32,repair,100000,4,753800
mixed_empty,sorted,10000,22,backward,0,0,560900
mixed_empty,sorted,10000,22,best_seed,0,0,410300
mixed_empty,sorted,10000,22,repair,10000,0,212800
mixed_empty,sorted,10000,22,repair,100000,0,219300
mixed_empty,sorted,10000,22,repair,1000000,0,1202700
mixed_empty,sorted,10000,22,balanced,10000,0,408600
mixed_empty,sorted,10000,22,balanced,100000,0,415700
mixed_empty,sorted,10000,22,balanced,1000000,0,415200
mixed_empty,sorted,10000,22,multi_seed_experiment,10000,0,1548000
mixed_empty,sorted,10000,22,multi_seed_experiment,100000,0,1468300
mixed_empty,sorted,10000,22,multi_seed_experiment,1000000,0,2063700
mixed_empty,sorted,10000,22,baseline,0,0,118000
mixed_empty,sorted,10000,22,forward,0,0,366500
mixed_empty,sorted,10000,22,best_seed,0,1,467400
mixed_empty,sorted,10000,22,repair,10000,1,228500
mixed_empty,sorted,10000,22,repair,100000,1,213000
mixed_empty,sorted,10000,22,repair,1000000,1,1277300
mixed_empty,sorted,10000,22,balanced,10000,1,407300
mixed_empty,sorted,10000,22,balanced,100000,1,402800
mixed_empty,sorted,10000,22,balanced,1000000,1,408900
mixed_empty,sorted,10000,22,multi_seed_experiment,10000,1,1536000
mixed_empty,sorted,10000,22,multi_seed_experiment,100000,1,1451300
mixed_empty,sorted,10000,22,multi_seed_experiment,1000000,1,2022100
mixed_empty,sorted,10000,22,baseline,0,1,116400
mixed_empty,sorted,10000,22,forward,0,1,362900
mixed_empty,sorted,10000,22,backward,0,1,572100
mixed_empty,sorted,10000,22,repair,10000,2,209600
mixed_empty,sorted,10000,22,repair,100000,2,207600
mixed_empty,sorted,10000,22,repair,1000000,2,1139500
mixed_empty,sorted,10000,22,balanced,10000,2,528700
mixed_empty,sorted,10000,22,balanced,100000,2,407100
mixed_empty,sorted,10000,22,balanced,1000000,2,405700
mixed_empty,sorted,10000,22,multi_seed_experiment,10000,2,1508900
mixed_empty,sorted,10000,22,multi_seed_experiment,100000,2,1546300
mixed_empty,sorted,10000,22,multi_seed_experiment,1000000,2,2024700
mixed_empty,sorted,10000,22,baseline,0,2,127000
mixed_empty,sorted,10000,22,forward,0,2,369100
mixed_empty,sorted,10000,22,backward,0,2,576100
mixed_empty,sorted,10000,22,best_seed,0,2,405700
mixed_empty,sorted,10000,22,repair,100000,3,235700
mixed_empty,sorted,10000,22,repair,1000000,3,1134400
mixed_empty,sorted,10000,22,balanced,10000,3,462800
mixed_empty,sorted,10000,22,balanced,100000,3,412100
mixed_empty,sorted,10000,22,balanced,1000000,3,407100
mixed_empty,sorted,10000,22,multi_seed_experiment,10000,3,1631500
mixed_empty,sorted,10000,22,multi_seed_experiment,100000,3,1635400
mixed_empty,sorted,10000,22,multi_seed_experiment,1000000,3,2074200
mixed_empty,sorted,10000,22,baseline,0,3,116900
mixed_empty,sorted,10000,22,forward,0,3,370200
mixed_empty,sorted,10000,22,backward,0,3,540000
mixed_empty,sorted,10000,22,best_seed,0,3,398100
mixed_empty,sorted,10000,22,repair,10000,3,209900
mixed_empty,sorted,10000,22,repair,1000000,4,1136500
mixed_empty,sorted,10000,22,balanced,10000,4,464300
mixed_empty,sorted,10000,22,balanced,100000,4,410700
mixed_empty,sorted,10000,22,balanced,1000000,4,413200
mixed_empty,sorted,10000,22,multi_seed_experiment,10000,4,1515200
mixed_empty,sorted,10000,22,multi_seed_experiment,100000,4,1456300
mixed_empty,sorted,10000,22,multi_seed_experiment,1000000,4,2208700
mixed_empty,sorted,10000,22,baseline,0,4,121100
mixed_empty,sorted,10000,22,forward,0,4,370400
mixed_empty,sorted,10000,22,backward,0,4,539300
mixed_empty,sorted,10000,22,best_seed,0,4,397600
mixed_empty,sorted,10000,22,repair,10000,4,222000
mixed_empty,sorted,10000,22,repair,100000,4,209400
mixed_empty,shuffled,10000,22,backward,0,0,1022000
mixed_empty,shuffled,10000,22,best_seed,0,0,835200
mixed_empty,shuffled,10000,22,repair,10000,0,650000
mixed_empty,shuffled,10000,22,repair,100000,0,624500
mixed_empty,shuffled,10000,22,repair,1000000,0,1636700
mixed_empty,shuffled,10000,22,balanced,10000,0,840300
mixed_empty,shuffled,10000,22,balanced,100000,0,831800
mixed_empty,shuffled,10000,22,balanced,1000000,0,819100
mixed_empty,shuffled,10000,22,multi_seed_experiment,10000,0,3647200
mixed_empty,shuffled,10000,22,multi_seed_experiment,100000,0,3655500
mixed_empty,shuffled,10000,22,multi_seed_experiment,1000000,0,4181100
mixed_empty,shuffled,10000,22,baseline,0,0,313800
mixed_empty,shuffled,10000,22,forward,0,0,788700
mixed_empty,shuffled,10000,22,best_seed,0,1,806900
mixed_empty,shuffled,10000,22,repair,10000,1,628000
mixed_empty,shuffled,10000,22,repair,100000,1,617100
mixed_empty,shuffled,10000,22,repair,1000000,1,1653100
mixed_empty,shuffled,10000,22,balanced,10000,1,892100
mixed_empty,shuffled,10000,22,balanced,100000,1,822900
mixed_empty,shuffled,10000,22,balanced,1000000,1,820500
mixed_empty,shuffled,10000,22,multi_seed_experiment,10000,1,3819000
mixed_empty,shuffled,10000,22,multi_seed_experiment,100000,1,3540800
mixed_empty,shuffled,10000,22,multi_seed_experiment,1000000,1,4138200
mixed_empty,shuffled,10000,22,baseline,0,1,307200
mixed_empty,shuffled,10000,22,forward,0,1,785600
mixed_empty,shuffled,10000,22,backward,0,1,977500
mixed_empty,shuffled,10000,22,repair,10000,2,626400
mixed_empty,shuffled,10000,22,repair,100000,2,791000
mixed_empty,shuffled,10000,22,repair,1000000,2,1562200
mixed_empty,shuffled,10000,22,balanced,10000,2,875700
mixed_empty,shuffled,10000,22,balanced,100000,2,823600
mixed_empty,shuffled,10000,22,balanced,1000000,2,818300
mixed_empty,shuffled,10000,22,multi_seed_experiment,10000,2,3604900
mixed_empty,shuffled,10000,22,multi_seed_experiment,100000,2,3555800
mixed_empty,shuffled,10000,22,multi_seed_experiment,1000000,2,4333600
mixed_empty,shuffled,10000,22,baseline,0,2,307500
mixed_empty,shuffled,10000,22,forward,0,2,783200
mixed_empty,shuffled,10000,22,backward,0,2,1231700
mixed_empty,shuffled,10000,22,best_seed,0,2,801400
mixed_empty,shuffled,10000,22,repair,100000,3,673600
mixed_empty,shuffled,10000,22,repair,1000000,3,1573200
mixed_empty,shuffled,10000,22,balanced,10000,3,878900
mixed_empty,shuffled,10000,22,balanced,100000,3,824200
mixed_empty,shuffled,10000,22,balanced,1000000,3,833100
mixed_empty,shuffled,10000,22,multi_seed_experiment,10000,3,3776100
mixed_empty,shuffled,10000,22,multi_seed_experiment,100000,3,3531500
mixed_empty,shuffled,10000,22,multi_seed_experiment,1000000,3,4036100
mixed_empty,shuffled,10000,22,baseline,0,3,307300
mixed_empty,shuffled,10000,22,forward,0,3,788800
mixed_empty,shuffled,10000,22,backward,0,3,977100
mixed_empty,shuffled,10000,22,best_seed,0,3,811500
mixed_empty,shuffled,10000,22,repair,10000,3,614100
mixed_empty,shuffled,10000,22,repair,1000000,4,1787400
mixed_empty,shuffled,10000,22,balanced,10000,4,844100
mixed_empty,shuffled,10000,22,balanced,100000,4,828800
mixed_empty,shuffled,10000,22,balanced,1000000,4,842600
mixed_empty,shuffled,10000,22,multi_seed_experiment,10000,4,3563300
mixed_empty,shuffled,10000,22,multi_seed_experiment,100000,4,3655300
mixed_empty,shuffled,10000,22,multi_seed_experiment,1000000,4,4076600
mixed_empty,shuffled,10000,22,baseline,0,4,308900
mixed_empty,shuffled,10000,22,forward,0,4,784900
mixed_empty,shuffled,10000,22,backward,0,4,1007900
mixed_empty,shuffled,10000,22,best_seed,0,4,808500
mixed_empty,shuffled,10000,22,repair,10000,4,629900
mixed_empty,shuffled,10000,22,repair,100000,4,634700
stars,sorted,10000,2,backward,0,0,790700
stars,sorted,10000,2,best_seed,0,0,996300
stars,sorted,10000,2,repair,10000,0,230900
stars,sorted,10000,2,repair,100000,0,330700
stars,sorted,10000,2,repair,1000000,0,427500
stars,sorted,10000,2,balanced,10000,0,1069700
stars,sorted,10000,2,balanced,100000,0,746200
stars,sorted,10000,2,balanced,1000000,0,870600
stars,sorted,10000,2,multi_seed_experiment,10000,0,1218000
stars,sorted,10000,2,multi_seed_experiment,100000,0,1487200
stars,sorted,10000,2,multi_seed_experiment,1000000,0,2112700
stars,sorted,10000,2,baseline,0,0,53100
stars,sorted,10000,2,forward,0,0,211200
stars,sorted,10000,2,best_seed,0,1,643000
stars,sorted,10000,2,repair,10000,1,146700
stars,sorted,10000,2,repair,100000,1,217900
stars,sorted,10000,2,repair,1000000,1,266300
stars,sorted,10000,2,balanced,10000,1,710600
stars,sorted,10000,2,balanced,100000,1,738000
stars,sorted,10000,2,balanced,1000000,1,818900
stars,sorted,10000,2,multi_seed_experiment,10000,1,1558000
stars,sorted,10000,2,multi_seed_experiment,100000,1,1390700
stars,sorted,10000,2,multi_seed_experiment,1000000,1,2110100
stars,sorted,10000,2,baseline,0,1,53500
stars,sorted,10000,2,forward,0,1,228200
stars,sorted,10000,2,backward,0,1,461400
stars,sorted,10000,2,repair,10000,2,147800
stars,sorted,10000,2,repair,100000,2,205200
stars,sorted,10000,2,repair,1000000,2,266200
stars,sorted,10000,2,balanced,10000,2,688200
stars,sorted,10000,2,balanced,100000,2,797500
stars,sorted,10000,2,balanced,1000000,2,874100
stars,sorted,10000,2,multi_seed_experiment,10000,2,1202400
stars,sorted,10000,2,multi_seed_experiment,100000,2,1353500
stars,sorted,10000,2,multi_seed_experiment,1000000,2,2194800
stars,sorted,10000,2,baseline,0,2,54000
stars,sorted,10000,2,forward,0,2,211700
stars,sorted,10000,2,backward,0,2,472500
stars,sorted,10000,2,best_seed,0,2,632600
stars,sorted,10000,2,repair,100000,3,212800
stars,sorted,10000,2,repair,1000000,3,266500
stars,sorted,10000,2,balanced,10000,3,678900
stars,sorted,10000,2,balanced,100000,3,969100
stars,sorted,10000,2,balanced,1000000,3,812100
stars,sorted,10000,2,multi_seed_experiment,10000,3,1205900
stars,sorted,10000,2,multi_seed_experiment,100000,3,1366500
stars,sorted,10000,2,multi_seed_experiment,1000000,3,1862200
stars,sorted,10000,2,baseline,0,3,52600
stars,sorted,10000,2,forward,0,3,210200
stars,sorted,10000,2,backward,0,3,429100
stars,sorted,10000,2,best_seed,0,3,844400
stars,sorted,10000,2,repair,10000,3,148000
stars,sorted,10000,2,repair,1000000,4,319800
stars,sorted,10000,2,balanced,10000,4,834200
stars,sorted,10000,2,balanced,100000,4,745000
stars,sorted,10000,2,balanced,1000000,4,799800
stars,sorted,10000,2,multi_seed_experiment,10000,4,1210300
stars,sorted,10000,2,multi_seed_experiment,100000,4,1581600
stars,sorted,10000,2,multi_seed_experiment,1000000,4,1948200
stars,sorted,10000,2,baseline,0,4,52700
stars,sorted,10000,2,forward,0,4,221900
stars,sorted,10000,2,backward,0,4,451700
stars,sorted,10000,2,best_seed,0,4,640400
stars,sorted,10000,2,repair,10000,4,192200
stars,sorted,10000,2,repair,100000,4,251500
stars,shuffled,10000,2,backward,0,0,1003000
stars,shuffled,10000,2,best_seed,0,0,1434400
stars,shuffled,10000,2,repair,10000,0,669900
stars,shuffled,10000,2,repair,100000,0,741700
stars,shuffled,10000,2,repair,1000000,0,819500
stars,shuffled,10000,2,balanced,10000,0,1239900
stars,shuffled,10000,2,balanced,100000,0,1312700
stars,shuffled,10000,2,balanced,1000000,0,1393200
stars,shuffled,10000,2,multi_seed_experiment,10000,0,3912200
stars,shuffled,10000,2,multi_seed_experiment,100000,0,4229500
stars,shuffled,10000,2,multi_seed_experiment,1000000,0,4638200
stars,shuffled,10000,2,baseline,0,0,316300
stars,shuffled,10000,2,forward,0,0,727000
stars,shuffled,10000,2,best_seed,0,1,1196900
stars,shuffled,10000,2,repair,10000,1,680800
stars,shuffled,10000,2,repair,100000,1,725500
stars,shuffled,10000,2,repair,1000000,1,796700
stars,shuffled,10000,2,balanced,10000,1,1256400
stars,shuffled,10000,2,balanced,100000,1,1528900
stars,shuffled,10000,2,balanced,1000000,1,1396900
stars,shuffled,10000,2,multi_seed_experiment,10000,1,4080200
stars,shuffled,10000,2,multi_seed_experiment,100000,1,4145400
stars,shuffled,10000,2,multi_seed_experiment,1000000,1,4900800
stars,shuffled,10000,2,baseline,0,1,312800
stars,shuffled,10000,2,forward,0,1,740600
stars,shuffled,10000,2,backward,0,1,1073200
stars,shuffled,10000,2,repair,10000,2,673300
stars,shuffled,10000,2,repair,100000,2,735200
stars,shuffled,10000,2,repair,1000000,2,789400
stars,shuffled,10000,2,balanced,10000,2,1242000
stars,shuffled,10000,2,balanced,100000,2,1296900
stars,shuffled,10000,2,balanced,1000000,2,1354900
stars,shuffled,10000,2,multi_seed_experiment,10000,2,4048900
stars,shuffled,10000,2,multi_seed_experiment,100000,2,4141200
stars,shuffled,10000,2,multi_seed_experiment,1000000,2,4642800
stars,shuffled,10000,2,baseline,0,2,308900
stars,shuffled,10000,2,forward,0,2,733200
stars,shuffled,10000,2,backward,0,2,992100
stars,shuffled,10000,2,best_seed,0,2,1176700
stars,shuffled,10000,2,repair,100000,3,725900
stars,shuffled,10000,2,repair,1000000,3,928700
stars,shuffled,10000,2,balanced,10000,3,1224100
stars,shuffled,10000,2,balanced,100000,3,1312500
stars,shuffled,10000,2,balanced,1000000,3,1437500
stars,shuffled,10000,2,multi_seed_experiment,10000,3,3983300
stars,shuffled,10000,2,multi_seed_experiment,100000,3,4159600
stars,shuffled,10000,2,multi_seed_experiment,1000000,3,4969100
stars,shuffled,10000,2,baseline,0,3,310100
stars,shuffled,10000,2,forward,0,3,763900
stars,shuffled,10000,2,backward,0,3,1024800
stars,shuffled,10000,2,best_seed,0,3,1177000
stars,shuffled,10000,2,repair,10000,3,682600
stars,shuffled,10000,2,repair,1000000,4,797100
stars,shuffled,10000,2,balanced,10000,4,1248300
stars,shuffled,10000,2,balanced,100000,4,1303000
stars,shuffled,10000,2,balanced,1000000,4,1379400
stars,shuffled,10000,2,multi_seed_experiment,10000,4,3902800
stars,shuffled,10000,2,multi_seed_experiment,100000,4,4100900
stars,shuffled,10000,2,multi_seed_experiment,1000000,4,4651000
stars,shuffled,10000,2,baseline,0,4,341000
stars,shuffled,10000,2,forward,0,4,756300
stars,shuffled,10000,2,backward,0,4,1208000
stars,shuffled,10000,2,best_seed,0,4,1174800
stars,shuffled,10000,2,repair,10000,4,668400
stars,shuffled,10000,2,repair,100000,4,737300
low8,sorted,100000,8,backward,0,0,5199400
low8,sorted,100000,8,best_seed,0,0,2347600
low8,sorted,100000,8,repair,10000,0,2644000
low8,sorted,100000,8,repair,100000,0,2470400
low8,sorted,100000,8,repair,1000000,0,2279000
low8,sorted,100000,8,balanced,10000,0,1317200
low8,sorted,100000,8,balanced,100000,0,1357400
low8,sorted,100000,8,balanced,1000000,0,1545400
low8,sorted,100000,8,multi_seed_experiment,10000,0,14131100
low8,sorted,100000,8,multi_seed_experiment,100000,0,13560500
low8,sorted,100000,8,multi_seed_experiment,1000000,0,14047900
low8,sorted,100000,8,baseline,0,0,1244500
low8,sorted,100000,8,forward,0,0,4406200
low8,sorted,100000,8,best_seed,0,1,1933100
low8,sorted,100000,8,repair,10000,1,2256900
low8,sorted,100000,8,repair,100000,1,2467900
low8,sorted,100000,8,repair,1000000,1,2202200
low8,sorted,100000,8,balanced,10000,1,1321300
low8,sorted,100000,8,balanced,100000,1,1512500
low8,sorted,100000,8,balanced,1000000,1,1311200
low8,sorted,100000,8,multi_seed_experiment,10000,1,14134200
low8,sorted,100000,8,multi_seed_experiment,100000,1,13466400
low8,sorted,100000,8,multi_seed_experiment,1000000,1,15032200
low8,sorted,100000,8,baseline,0,1,1188600
low8,sorted,100000,8,forward,0,1,3559100
low8,sorted,100000,8,backward,0,1,3749300
low8,sorted,100000,8,repair,10000,2,2081400
low8,sorted,100000,8,repair,100000,2,2118900
low8,sorted,100000,8,repair,1000000,2,2025700
low8,sorted,100000,8,balanced,10000,2,1312400
low8,sorted,100000,8,balanced,100000,2,1302000
low8,sorted,100000,8,balanced,1000000,2,1224900
low8,sorted,100000,8,multi_seed_experiment,10000,2,13818100
low8,sorted,100000,8,multi_seed_experiment,100000,2,13877100
low8,sorted,100000,8,multi_seed_experiment,1000000,2,14257400
low8,sorted,100000,8,baseline,0,2,1234100
low8,sorted,100000,8,forward,0,2,3473800
low8,sorted,100000,8,backward,0,2,3701700
low8,sorted,100000,8,best_seed,0,2,1909400
low8,sorted,100000,8,repair,100000,3,1934200
low8,sorted,100000,8,repair,1000000,3,1802500
low8,sorted,100000,8,balanced,10000,3,1201700
low8,sorted,100000,8,balanced,100000,3,1194300
low8,sorted,100000,8,balanced,1000000,3,1420000
low8,sorted,100000,8,multi_seed_experiment,10000,3,13948800
low8,sorted,100000,8,multi_seed_experiment,100000,3,12969600
low8,sorted,100000,8,multi_seed_experiment,1000000,3,14004500
low8,sorted,100000,8,baseline,0,3,1229100
low8,sorted,100000,8,forward,0,3,3552700
low8,sorted,100000,8,backward,0,3,3804500
low8,sorted,100000,8,best_seed,0,3,1723500
low8,sorted,100000,8,repair,10000,3,1965400
low8,sorted,100000,8,repair,1000000,4,1786900
low8,sorted,100000,8,balanced,10000,4,1203700
low8,sorted,100000,8,balanced,100000,4,1187300
low8,sorted,100000,8,balanced,1000000,4,1301900
low8,sorted,100000,8,multi_seed_experiment,10000,4,13520900
low8,sorted,100000,8,multi_seed_experiment,100000,4,13755200
low8,sorted,100000,8,multi_seed_experiment,1000000,4,14163500
low8,sorted,100000,8,baseline,0,4,1168100
low8,sorted,100000,8,forward,0,4,3602000
low8,sorted,100000,8,backward,0,4,3714000
low8,sorted,100000,8,best_seed,0,4,1725300
low8,sorted,100000,8,repair,10000,4,1955700
low8,sorted,100000,8,repair,100000,4,1990500
low8,shuffled,100000,8,backward,0,0,13974300
low8,shuffled,100000,8,best_seed,0,0,8666200
low8,shuffled,100000,8,repair,10000,0,8894500
low8,shuffled,100000,8,repair,100000,0,9705400
low8,shuffled,100000,8,repair,1000000,0,8920900
low8,shuffled,100000,8,balanced,10000,0,4573000
low8,shuffled,100000,8,balanced,100000,0,4468200
low8,shuffled,100000,8,balanced,1000000,0,4881800
low8,shuffled,100000,8,multi_seed_experiment,10000,0,51812100
low8,shuffled,100000,8,multi_seed_experiment,100000,0,52675000
low8,shuffled,100000,8,multi_seed_experiment,1000000,0,52183600
low8,shuffled,100000,8,baseline,0,0,4844200
low8,shuffled,100000,8,forward,0,0,10482800
low8,shuffled,100000,8,best_seed,0,1,8575000
low8,shuffled,100000,8,repair,10000,1,8890800
low8,shuffled,100000,8,repair,100000,1,8685100
low8,shuffled,100000,8,repair,1000000,1,8754200
low8,shuffled,100000,8,balanced,10000,1,4686000
low8,shuffled,100000,8,balanced,100000,1,4920300
low8,shuffled,100000,8,balanced,1000000,1,4731700
low8,shuffled,100000,8,multi_seed_experiment,10000,1,52678700
low8,shuffled,100000,8,multi_seed_experiment,100000,1,51914900
low8,shuffled,100000,8,multi_seed_experiment,1000000,1,51961500
low8,shuffled,100000,8,baseline,0,1,4348600
low8,shuffled,100000,8,forward,0,1,10098100
low8,shuffled,100000,8,backward,0,1,18492000
low8,shuffled,100000,8,repair,10000,2,9129500
low8,shuffled,100000,8,repair,100000,2,9040800
low8,shuffled,100000,8,repair,1000000,2,8969800
low8,shuffled,100000,8,balanced,10000,2,4620700
low8,shuffled,100000,8,balanced,100000,2,4702600
low8,shuffled,100000,8,balanced,1000000,2,4571500
low8,shuffled,100000,8,multi_seed_experiment,10000,2,54741000
low8,shuffled,100000,8,multi_seed_experiment,100000,2,52839300
low8,shuffled,100000,8,multi_seed_experiment,1000000,2,51617800
low8,shuffled,100000,8,baseline,0,2,4553300
low8,shuffled,100000,8,forward,0,2,10397800
low8,shuffled,100000,8,backward,0,2,13999700
low8,shuffled,100000,8,best_seed,0,2,8618100
low8,shuffled,100000,8,repair,100000,3,8971900
low8,shuffled,100000,8,repair,1000000,3,9059200
low8,shuffled,100000,8,balanced,10000,3,4857500
low8,shuffled,100000,8,balanced,100000,3,4566800
low8,shuffled,100000,8,balanced,1000000,3,4600300
low8,shuffled,100000,8,multi_seed_experiment,10000,3,51662600
low8,shuffled,100000,8,multi_seed_experiment,100000,3,52142200
low8,shuffled,100000,8,multi_seed_experiment,1000000,3,52514700
low8,shuffled,100000,8,baseline,0,3,4705800
low8,shuffled,100000,8,forward,0,3,10228500
low8,shuffled,100000,8,backward,0,3,13990000
low8,shuffled,100000,8,best_seed,0,3,8187500
low8,shuffled,100000,8,repair,10000,3,8562200
low8,shuffled,100000,8,repair,1000000,4,8823100
low8,shuffled,100000,8,balanced,10000,4,4971000
low8,shuffled,100000,8,balanced,100000,4,4559800
low8,shuffled,100000,8,balanced,1000000,4,4757900
low8,shuffled,100000,8,multi_seed_experiment,10000,4,52119500
low8,shuffled,100000,8,multi_seed_experiment,100000,4,52775700
low8,shuffled,100000,8,multi_seed_experiment,1000000,4,51813200
low8,shuffled,100000,8,baseline,0,4,4561900
low8,shuffled,100000,8,forward,0,4,10488200
low8,shuffled,100000,8,backward,0,4,14023900
low8,shuffled,100000,8,best_seed,0,4,8608400
low8,shuffled,100000,8,repair,10000,4,9332400
low8,shuffled,100000,8,repair,100000,4,9204600
moderate128,sorted,100000,128,backward,0,0,6418300
moderate128,sorted,100000,128,best_seed,0,0,2852600
moderate128,sorted,100000,128,repair,10000,0,3181200
moderate128,sorted,100000,128,repair,100000,0,3229200
moderate128,sorted,100000,128,repair,1000000,0,3040200
moderate128,sorted,100000,128,balanced,10000,0,2361200
moderate128,sorted,100000,128,balanced,100000,0,2361600
moderate128,sorted,100000,128,balanced,1000000,0,2360400
moderate128,sorted,100000,128,multi_seed_experiment,10000,0,22335200
moderate128,sorted,100000,128,multi_seed_experiment,100000,0,22211700
moderate128,sorted,100000,128,multi_seed_experiment,1000000,0,21950300
moderate128,sorted,100000,128,baseline,0,0,2370000
moderate128,sorted,100000,128,forward,0,0,6015300
moderate128,sorted,100000,128,best_seed,0,1,2918400
moderate128,sorted,100000,128,repair,10000,1,3180200
moderate128,sorted,100000,128,repair,100000,1,4032100
moderate128,sorted,100000,128,repair,1000000,1,4049400
moderate128,sorted,100000,128,balanced,10000,1,3128500
moderate128,sorted,100000,128,balanced,100000,1,3333600
moderate128,sorted,100000,128,balanced,1000000,1,3249500
moderate128,sorted,100000,128,multi_seed_experiment,10000,1,28867700
moderate128,sorted,100000,128,multi_seed_experiment,100000,1,23053200
moderate128,sorted,100000,128,multi_seed_experiment,1000000,1,22418000
moderate128,sorted,100000,128,baseline,0,1,2256500
moderate128,sorted,100000,128,forward,0,1,5879200
moderate128,sorted,100000,128,backward,0,1,5889100
moderate128,sorted,100000,128,repair,10000,2,3250400
moderate128,sorted,100000,128,repair,100000,2,3083300
moderate128,sorted,100000,128,repair,1000000,2,3133600
moderate128,sorted,100000,128,balanced,10000,2,2670700
moderate128,sorted,100000,128,balanced,100000,2,2515200
moderate128,sorted,100000,128,balanced,1000000,2,2631200
moderate128,sorted,100000,128,multi_seed_experiment,10000,2,21832600
moderate128,sorted,100000,128,multi_seed_experiment,100000,2,22254500
moderate128,sorted,100000,128,multi_seed_experiment,1000000,2,21708500
moderate128,sorted,100000,128,baseline,0,2,2564700
moderate128,sorted,100000,128,forward,0,2,5903100
moderate128,sorted,100000,128,backward,0,2,6480500
moderate128,sorted,100000,128,best_seed,0,2,3012100
moderate128,sorted,100000,128,repair,100000,3,3007300
moderate128,sorted,100000,128,repair,1000000,3,3074100
moderate128,sorted,100000,128,balanced,10000,3,2369900
moderate128,sorted,100000,128,balanced,100000,3,2344600
moderate128,sorted,100000,128,balanced,1000000,3,2358400
moderate128,sorted,100000,128,multi_seed_experiment,10000,3,21840800
moderate128,sorted,100000,128,multi_seed_experiment,100000,3,22032400
moderate128,sorted,100000,128,multi_seed_experiment,1000000,3,22215300
moderate128,sorted,100000,128,baseline,0,3,2353200
moderate128,sorted,100000,128,forward,0,3,5782300
moderate128,sorted,100000,128,backward,0,3,6348800
moderate128,sorted,100000,128,best_seed,0,3,2923700
moderate128,sorted,100000,128,repair,10000,3,2994000
moderate128,sorted,100000,128,repair,1000000,4,2995800
moderate128,sorted,100000,128,balanced,10000,4,2460000
moderate128,sorted,100000,128,balanced,100000,4,2449600
moderate128,sorted,100000,128,balanced,1000000,4,2356200
moderate128,sorted,100000,128,multi_seed_experiment,10000,4,22077100
moderate128,sorted,100000,128,multi_seed_experiment,100000,4,25356100
moderate128,sorted,100000,128,multi_seed_experiment,1000000,4,23257400
moderate128,sorted,100000,128,baseline,0,4,2361400
moderate128,sorted,100000,128,forward,0,4,5968600
moderate128,sorted,100000,128,backward,0,4,6119600
moderate128,sorted,100000,128,best_seed,0,4,2825000
moderate128,sorted,100000,128,repair,10000,4,3048900
moderate128,sorted,100000,128,repair,100000,4,2991400
moderate128,shuffled,100000,128,backward,0,0,15928900
moderate128,shuffled,100000,128,best_seed,0,0,9864600
moderate128,shuffled,100000,128,repair,10000,0,10541300
moderate128,shuffled,100000,128,repair,100000,0,10118200
moderate128,shuffled,100000,128,repair,1000000,0,10330700
moderate128,shuffled,100000,128,balanced,10000,0,5974600
moderate128,shuffled,100000,128,balanced,100000,0,5752400
moderate128,shuffled,100000,128,balanced,1000000,0,6004300
moderate128,shuffled,100000,128,multi_seed_experiment,10000,0,60932900
moderate128,shuffled,100000,128,multi_seed_experiment,100000,0,59613100
moderate128,shuffled,100000,128,multi_seed_experiment,1000000,0,60779000
moderate128,shuffled,100000,128,baseline,0,0,6136600
moderate128,shuffled,100000,128,forward,0,0,12809600
moderate128,shuffled,100000,128,best_seed,0,1,9896500
moderate128,shuffled,100000,128,repair,10000,1,10331100
moderate128,shuffled,100000,128,repair,100000,1,10263100
moderate128,shuffled,100000,128,repair,1000000,1,10141100
moderate128,shuffled,100000,128,balanced,10000,1,6008600
moderate128,shuffled,100000,128,balanced,100000,1,5968400
moderate128,shuffled,100000,128,balanced,1000000,1,6129100
moderate128,shuffled,100000,128,multi_seed_experiment,10000,1,60306400
moderate128,shuffled,100000,128,multi_seed_experiment,100000,1,64903300
moderate128,shuffled,100000,128,multi_seed_experiment,1000000,1,68083500
moderate128,shuffled,100000,128,baseline,0,1,5837900
moderate128,shuffled,100000,128,forward,0,1,12635000
moderate128,shuffled,100000,128,backward,0,1,15753300
moderate128,shuffled,100000,128,repair,10000,2,10054100
moderate128,shuffled,100000,128,repair,100000,2,10244600
moderate128,shuffled,100000,128,repair,1000000,2,10119000
moderate128,shuffled,100000,128,balanced,10000,2,6010000
moderate128,shuffled,100000,128,balanced,100000,2,6043600
moderate128,shuffled,100000,128,balanced,1000000,2,5861300
moderate128,shuffled,100000,128,multi_seed_experiment,10000,2,59995600
moderate128,shuffled,100000,128,multi_seed_experiment,100000,2,59902100
moderate128,shuffled,100000,128,multi_seed_experiment,1000000,2,61372800
moderate128,shuffled,100000,128,baseline,0,2,5889100
moderate128,shuffled,100000,128,forward,0,2,15282100
moderate128,shuffled,100000,128,backward,0,2,19455700
moderate128,shuffled,100000,128,best_seed,0,2,9744100
moderate128,shuffled,100000,128,repair,100000,3,9998500
moderate128,shuffled,100000,128,repair,1000000,3,10037700
moderate128,shuffled,100000,128,balanced,10000,3,5831000
moderate128,shuffled,100000,128,balanced,100000,3,5734000
moderate128,shuffled,100000,128,balanced,1000000,3,6020000
moderate128,shuffled,100000,128,multi_seed_experiment,10000,3,60004800
moderate128,shuffled,100000,128,multi_seed_experiment,100000,3,61919500
moderate128,shuffled,100000,128,multi_seed_experiment,1000000,3,59539100
moderate128,shuffled,100000,128,baseline,0,3,5701500
moderate128,shuffled,100000,128,forward,0,3,12811700
moderate128,shuffled,100000,128,backward,0,3,16334100
moderate128,shuffled,100000,128,best_seed,0,3,9637100
moderate128,shuffled,100000,128,repair,10000,3,9991000
moderate128,shuffled,100000,128,repair,1000000,4,10134100
moderate128,shuffled,100000,128,balanced,10000,4,5937900
moderate128,shuffled,100000,128,balanced,100000,4,5921300
moderate128,shuffled,100000,128,balanced,1000000,4,5863900
moderate128,shuffled,100000,128,multi_seed_experiment,10000,4,60614000
moderate128,shuffled,100000,128,multi_seed_experiment,100000,4,63650200
moderate128,shuffled,100000,128,multi_seed_experiment,1000000,4,59676200
moderate128,shuffled,100000,128,baseline,0,4,6011900
moderate128,shuffled,100000,128,forward,0,4,12835600
moderate128,shuffled,100000,128,backward,0,4,15816300
moderate128,shuffled,100000,128,best_seed,0,4,9395800
moderate128,shuffled,100000,128,repair,10000,4,9787400
moderate128,shuffled,100000,128,repair,100000,4,9844100
clique,sorted,100000,100000,backward,0,0,9738800
clique,sorted,100000,100000,best_seed,0,0,1703800
clique,sorted,100000,100000,repair,10000,0,2194600
clique,sorted,100000,100000,repair,100000,0,2395100
clique,sorted,100000,100000,repair,1000000,0,2107100
clique,sorted,100000,100000,balanced,10000,0,1293600
clique,sorted,100000,100000,balanced,100000,0,1356100
clique,sorted,100000,100000,balanced,1000000,0,1283900
clique,sorted,100000,100000,multi_seed_experiment,10000,0,26897100
clique,sorted,100000,100000,multi_seed_experiment,100000,0,28583600
clique,sorted,100000,100000,multi_seed_experiment,1000000,0,27554200
clique,sorted,100000,100000,baseline,0,0,1093000
clique,sorted,100000,100000,forward,0,0,8955500
clique,sorted,100000,100000,best_seed,0,1,2019000
clique,sorted,100000,100000,repair,10000,1,2128900
clique,sorted,100000,100000,repair,100000,1,2558600
clique,sorted,100000,100000,repair,1000000,1,2211200
clique,sorted,100000,100000,balanced,10000,1,1294800
clique,sorted,100000,100000,balanced,100000,1,1337800
clique,sorted,100000,100000,balanced,1000000,1,1285900
clique,sorted,100000,100000,multi_seed_experiment,10000,1,27351400
clique,sorted,100000,100000,multi_seed_experiment,100000,1,26040100
clique,sorted,100000,100000,multi_seed_experiment,1000000,1,27475700
clique,sorted,100000,100000,baseline,0,1,941500
clique,sorted,100000,100000,forward,0,1,9090800
clique,sorted,100000,100000,backward,0,1,9798500
clique,sorted,100000,100000,repair,10000,2,2148000
clique,sorted,100000,100000,repair,100000,2,2072000
clique,sorted,100000,100000,repair,1000000,2,2412100
clique,sorted,100000,100000,balanced,10000,2,1413400
clique,sorted,100000,100000,balanced,100000,2,1328300
clique,sorted,100000,100000,balanced,1000000,2,1322700
clique,sorted,100000,100000,multi_seed_experiment,10000,2,26958400
clique,sorted,100000,100000,multi_seed_experiment,100000,2,27140200
clique,sorted,100000,100000,multi_seed_experiment,1000000,2,26862000
clique,sorted,100000,100000,baseline,0,2,1295800
clique,sorted,100000,100000,forward,0,2,8856600
clique,sorted,100000,100000,backward,0,2,9979600
clique,sorted,100000,100000,best_seed,0,2,1710200
clique,sorted,100000,100000,repair,100000,3,2138700
clique,sorted,100000,100000,repair,1000000,3,2032500
clique,sorted,100000,100000,balanced,10000,3,1278400
clique,sorted,100000,100000,balanced,100000,3,1697000
clique,sorted,100000,100000,balanced,1000000,3,1381400
clique,sorted,100000,100000,multi_seed_experiment,10000,3,25965100
clique,sorted,100000,100000,multi_seed_experiment,100000,3,28079100
clique,sorted,100000,100000,multi_seed_experiment,1000000,3,26524300
clique,sorted,100000,100000,baseline,0,3,918600
clique,sorted,100000,100000,forward,0,3,8815400
clique,sorted,100000,100000,backward,0,3,10393000
clique,sorted,100000,100000,best_seed,0,3,1691500
clique,sorted,100000,100000,repair,10000,3,2176200
clique,sorted,100000,100000,repair,1000000,4,2095300
clique,sorted,100000,100000,balanced,10000,4,1584700
clique,sorted,100000,100000,balanced,100000,4,1321200
clique,sorted,100000,100000,balanced,1000000,4,1271100
clique,sorted,100000,100000,multi_seed_experiment,10000,4,26195900
clique,sorted,100000,100000,multi_seed_experiment,100000,4,26335500
clique,sorted,100000,100000,multi_seed_experiment,1000000,4,27010600
clique,sorted,100000,100000,baseline,0,4,949900
clique,sorted,100000,100000,forward,0,4,8825700
clique,sorted,100000,100000,backward,0,4,9902300
clique,sorted,100000,100000,best_seed,0,4,1731900
clique,sorted,100000,100000,repair,10000,4,2268800
clique,sorted,100000,100000,repair,100000,4,2304100
clique,shuffled,100000,100000,backward,0,0,9791200
clique,shuffled,100000,100000,best_seed,0,0,2081600
clique,shuffled,100000,100000,repair,10000,0,2150800
clique,shuffled,100000,100000,repair,100000,0,2217400
clique,shuffled,100000,100000,repair,1000000,0,2100800
clique,shuffled,100000,100000,balanced,10000,0,1363000
clique,shuffled,100000,100000,balanced,100000,0,1342400
clique,shuffled,100000,100000,balanced,1000000,0,1363500
clique,shuffled,100000,100000,multi_seed_experiment,10000,0,26967800
clique,shuffled,100000,100000,multi_seed_experiment,100000,0,30209400
clique,shuffled,100000,100000,multi_seed_experiment,1000000,0,29576800
clique,shuffled,100000,100000,baseline,0,0,1136900
clique,shuffled,100000,100000,forward,0,0,10022100
clique,shuffled,100000,100000,best_seed,0,1,2020700
clique,shuffled,100000,100000,repair,10000,1,2128500
clique,shuffled,100000,100000,repair,100000,1,2120400
clique,shuffled,100000,100000,repair,1000000,1,2384200
clique,shuffled,100000,100000,balanced,10000,1,1297900
clique,shuffled,100000,100000,balanced,100000,1,1391000
clique,shuffled,100000,100000,balanced,1000000,1,1344300
clique,shuffled,100000,100000,multi_seed_experiment,10000,1,27472700
clique,shuffled,100000,100000,multi_seed_experiment,100000,1,27378100
clique,shuffled,100000,100000,multi_seed_experiment,1000000,1,27860200
clique,shuffled,100000,100000,baseline,0,1,1041800
clique,shuffled,100000,100000,forward,0,1,9132100
clique,shuffled,100000,100000,backward,0,1,9850400
clique,shuffled,100000,100000,repair,10000,2,2103700
clique,shuffled,100000,100000,repair,100000,2,2084600
clique,shuffled,100000,100000,repair,1000000,2,2327300
clique,shuffled,100000,100000,balanced,10000,2,1625700
clique,shuffled,100000,100000,balanced,100000,2,1749000
clique,shuffled,100000,100000,balanced,1000000,2,1291100
clique,shuffled,100000,100000,multi_seed_experiment,10000,2,27967900
clique,shuffled,100000,100000,multi_seed_experiment,100000,2,27464400
clique,shuffled,100000,100000,multi_seed_experiment,1000000,2,26910600
clique,shuffled,100000,100000,baseline,0,2,922300
clique,shuffled,100000,100000,forward,0,2,9191100
clique,shuffled,100000,100000,backward,0,2,9903500
clique,shuffled,100000,100000,best_seed,0,2,2064700
clique,shuffled,100000,100000,repair,100000,3,2400000
clique,shuffled,100000,100000,repair,1000000,3,2082100
clique,shuffled,100000,100000,balanced,10000,3,1468000
clique,shuffled,100000,100000,balanced,100000,3,1510600
clique,shuffled,100000,100000,balanced,1000000,3,1437400
clique,shuffled,100000,100000,multi_seed_experiment,10000,3,26467600
clique,shuffled,100000,100000,multi_seed_experiment,100000,3,28210900
clique,shuffled,100000,100000,multi_seed_experiment,1000000,3,27607200
clique,shuffled,100000,100000,baseline,0,3,906500
clique,shuffled,100000,100000,forward,0,3,9235900
clique,shuffled,100000,100000,backward,0,3,9806400
clique,shuffled,100000,100000,best_seed,0,3,1790300
clique,shuffled,100000,100000,repair,10000,3,2106700
clique,shuffled,100000,100000,repair,1000000,4,2076300
clique,shuffled,100000,100000,balanced,10000,4,1278600
clique,shuffled,100000,100000,balanced,100000,4,1314600
clique,shuffled,100000,100000,balanced,1000000,4,1342800
clique,shuffled,100000,100000,multi_seed_experiment,10000,4,26975800
clique,shuffled,100000,100000,multi_seed_experiment,100000,4,26877900
clique,shuffled,100000,100000,multi_seed_experiment,1000000,4,26070500
clique,shuffled,100000,100000,baseline,0,4,924900
clique,shuffled,100000,100000,forward,0,4,9086600
clique,shuffled,100000,100000,backward,0,4,9870700
clique,shuffled,100000,100000,best_seed,0,4,1837200
clique,shuffled,100000,100000,repair,10000,4,2198200
clique,shuffled,100000,100000,repair,100000,4,2177100
nearly_clique,sorted,100000,75000,backward,0,0,9160300
nearly_clique,sorted,100000,75000,best_seed,0,0,8920200
nearly_clique,sorted,100000,75000,repair,10000,0,6136200
nearly_clique,sorted,100000,75000,repair,100000,0,5257400
nearly_clique,sorted,100000,75000,repair,1000000,0,5677400
nearly_clique,sorted,100000,75000,balanced,10000,0,9764300
nearly_clique,sorted,100000,75000,balanced,100000,0,9843900
nearly_clique,sorted,100000,75000,balanced,1000000,0,9513900
nearly_clique,sorted,100000,75000,multi_seed_experiment,10000,0,28569000
nearly_clique,sorted,100000,75000,multi_seed_experiment,100000,0,27807300
nearly_clique,sorted,100000,75000,multi_seed_experiment,1000000,0,27854300
nearly_clique,sorted,100000,75000,baseline,0,0,807800
nearly_clique,sorted,100000,75000,forward,0,0,8436800
nearly_clique,sorted,100000,75000,best_seed,0,1,9056100
nearly_clique,sorted,100000,75000,repair,10000,1,5343500
nearly_clique,sorted,100000,75000,repair,100000,1,6248900
nearly_clique,sorted,100000,75000,repair,1000000,1,5099900
nearly_clique,sorted,100000,75000,balanced,10000,1,9489900
nearly_clique,sorted,100000,75000,balanced,100000,1,9165200
nearly_clique,sorted,100000,75000,balanced,1000000,1,9756700
nearly_clique,sorted,100000,75000,multi_seed_experiment,10000,1,30953400
nearly_clique,sorted,100000,75000,multi_seed_experiment,100000,1,28376600
nearly_clique,sorted,100000,75000,multi_seed_experiment,1000000,1,28294100
nearly_clique,sorted,100000,75000,baseline,0,1,801900
nearly_clique,sorted,100000,75000,forward,0,1,8158400
nearly_clique,sorted,100000,75000,backward,0,1,8805200
nearly_clique,sorted,100000,75000,repair,10000,2,6304500
nearly_clique,sorted,100000,75000,repair,100000,2,5511600
nearly_clique,sorted,100000,75000,repair,1000000,2,5084400
nearly_clique,sorted,100000,75000,balanced,10000,2,9187000
nearly_clique,sorted,100000,75000,balanced,100000,2,9915400
nearly_clique,sorted,100000,75000,balanced,1000000,2,9240100
nearly_clique,sorted,100000,75000,multi_seed_experiment,10000,2,27676900
nearly_clique,sorted,100000,75000,multi_seed_experiment,100000,2,31713700
nearly_clique,sorted,100000,75000,multi_seed_experiment,1000000,2,28046900
nearly_clique,sorted,100000,75000,baseline,0,2,783000
nearly_clique,sorted,100000,75000,forward,0,2,8440100
nearly_clique,sorted,100000,75000,backward,0,2,9088900
nearly_clique,sorted,100000,75000,best_seed,0,2,9142000
nearly_clique,sorted,100000,75000,repair,100000,3,5889100
nearly_clique,sorted,100000,75000,repair,1000000,3,5245100
nearly_clique,sorted,100000,75000,balanced,10000,3,9276600
nearly_clique,sorted,100000,75000,balanced,100000,3,9591700
nearly_clique,sorted,100000,75000,balanced,1000000,3,9284000
nearly_clique,sorted,100000,75000,multi_seed_experiment,10000,3,27238100
nearly_clique,sorted,100000,75000,multi_seed_experiment,100000,3,28531100
nearly_clique,sorted,100000,75000,multi_seed_experiment,1000000,3,27349800
nearly_clique,sorted,100000,75000,baseline,0,3,1001900
nearly_clique,sorted,100000,75000,forward,0,3,8139800
nearly_clique,sorted,100000,75000,backward,0,3,9045900
nearly_clique,sorted,100000,75000,best_seed,0,3,8996000
nearly_clique,sorted,100000,75000,repair,10000,3,5591300
nearly_clique,sorted,100000,75000,repair,1000000,4,5909500
nearly_clique,sorted,100000,75000,balanced,10000,4,9880000
nearly_clique,sorted,100000,75000,balanced,100000,4,9637600
nearly_clique,sorted,100000,75000,balanced,1000000,4,9430600
nearly_clique,sorted,100000,75000,multi_seed_experiment,10000,4,27428200
nearly_clique,sorted,100000,75000,multi_seed_experiment,100000,4,28192800
nearly_clique,sorted,100000,75000,multi_seed_experiment,1000000,4,28157900
nearly_clique,sorted,100000,75000,baseline,0,4,796800
nearly_clique,sorted,100000,75000,forward,0,4,8604200
nearly_clique,sorted,100000,75000,backward,0,4,8984700
nearly_clique,sorted,100000,75000,best_seed,0,4,9329100
nearly_clique,sorted,100000,75000,repair,10000,4,5258300
nearly_clique,sorted,100000,75000,repair,100000,4,5902200
nearly_clique,shuffled,100000,75000,backward,0,0,9358600
nearly_clique,shuffled,100000,75000,best_seed,0,0,9240300
nearly_clique,shuffled,100000,75000,repair,10000,0,5969200
nearly_clique,shuffled,100000,75000,repair,100000,0,5673700
nearly_clique,shuffled,100000,75000,repair,1000000,0,6186300
nearly_clique,shuffled,100000,75000,balanced,10000,0,10210600
nearly_clique,shuffled,100000,75000,balanced,100000,0,11193800
nearly_clique,shuffled,100000,75000,balanced,1000000,0,11453900
nearly_clique,shuffled,100000,75000,multi_seed_experiment,10000,0,33353700
nearly_clique,shuffled,100000,75000,multi_seed_experiment,100000,0,32900500
nearly_clique,shuffled,100000,75000,multi_seed_experiment,1000000,0,31577400
nearly_clique,shuffled,100000,75000,baseline,0,0,1011900
nearly_clique,shuffled,100000,75000,forward,0,0,8708300
nearly_clique,shuffled,100000,75000,best_seed,0,1,9624100
nearly_clique,shuffled,100000,75000,repair,10000,1,5857500
nearly_clique,shuffled,100000,75000,repair,100000,1,5737800
nearly_clique,shuffled,100000,75000,repair,1000000,1,5693800
nearly_clique,shuffled,100000,75000,balanced,10000,1,11255800
nearly_clique,shuffled,100000,75000,balanced,100000,1,12118400
nearly_clique,shuffled,100000,75000,balanced,1000000,1,12064400
nearly_clique,shuffled,100000,75000,multi_seed_experiment,10000,1,39705500
nearly_clique,shuffled,100000,75000,multi_seed_experiment,100000,1,39795100
nearly_clique,shuffled,100000,75000,multi_seed_experiment,1000000,1,31253800
nearly_clique,shuffled,100000,75000,baseline,0,1,995000
nearly_clique,shuffled,100000,75000,forward,0,1,8757300
nearly_clique,shuffled,100000,75000,backward,0,1,9757900
nearly_clique,shuffled,100000,75000,repair,10000,2,6472400
nearly_clique,shuffled,100000,75000,repair,100000,2,5801500
nearly_clique,shuffled,100000,75000,repair,1000000,2,6326700
nearly_clique,shuffled,100000,75000,balanced,10000,2,10349200
nearly_clique,shuffled,100000,75000,balanced,100000,2,10221000
nearly_clique,shuffled,100000,75000,balanced,1000000,2,10027600
nearly_clique,shuffled,100000,75000,multi_seed_experiment,10000,2,31780100
nearly_clique,shuffled,100000,75000,multi_seed_experiment,100000,2,31891800
nearly_clique,shuffled,100000,75000,multi_seed_experiment,1000000,2,30922400
nearly_clique,shuffled,100000,75000,baseline,0,2,936500
nearly_clique,shuffled,100000,75000,forward,0,2,8952700
nearly_clique,shuffled,100000,75000,backward,0,2,9592200
nearly_clique,shuffled,100000,75000,best_seed,0,2,9289900
nearly_clique,shuffled,100000,75000,repair,100000,3,5845100
nearly_clique,shuffled,100000,75000,repair,1000000,3,5594200
nearly_clique,shuffled,100000,75000,balanced,10000,3,9800300
nearly_clique,shuffled,100000,75000,balanced,100000,3,10278400
nearly_clique,shuffled,100000,75000,balanced,1000000,3,9688000
nearly_clique,shuffled,100000,75000,multi_seed_experiment,10000,3,30516900
nearly_clique,shuffled,100000,75000,multi_seed_experiment,100000,3,30985300
nearly_clique,shuffled,100000,75000,multi_seed_experiment,1000000,3,31292700
nearly_clique,shuffled,100000,75000,baseline,0,3,939900
nearly_clique,shuffled,100000,75000,forward,0,3,8669500
nearly_clique,shuffled,100000,75000,backward,0,3,9546100
nearly_clique,shuffled,100000,75000,best_seed,0,3,9638200
nearly_clique,shuffled,100000,75000,repair,10000,3,6038000
nearly_clique,shuffled,100000,75000,repair,1000000,4,5960300
nearly_clique,shuffled,100000,75000,balanced,10000,4,10038400
nearly_clique,shuffled,100000,75000,balanced,100000,4,10510200
nearly_clique,shuffled,100000,75000,balanced,1000000,4,10096100
nearly_clique,shuffled,100000,75000,multi_seed_experiment,10000,4,30533800
nearly_clique,shuffled,100000,75000,multi_seed_experiment,100000,4,30165900
nearly_clique,shuffled,100000,75000,multi_seed_experiment,1000000,4,31198500
nearly_clique,shuffled,100000,75000,baseline,0,4,1307800
nearly_clique,shuffled,100000,75000,forward,0,4,9150300
nearly_clique,shuffled,100000,75000,backward,0,4,9711600
nearly_clique,shuffled,100000,75000,best_seed,0,4,9392800
nearly_clique,shuffled,100000,75000,repair,10000,4,6092700
nearly_clique,shuffled,100000,75000,repair,100000,4,5719700
late_clique,sorted,100000,25000,backward,0,0,10683600
late_clique,sorted,100000,25000,best_seed,0,0,7253300
late_clique,sorted,100000,25000,repair,10000,0,2612600
late_clique,sorted,100000,25000,repair,100000,0,3285100
late_clique,sorted,100000,25000,repair,1000000,0,3982100
late_clique,sorted,100000,25000,balanced,10000,0,7799600
late_clique,sorted,100000,25000,balanced,100000,0,7889100
late_clique,sorted,100000,25000,balanced,1000000,0,7671800
late_clique,sorted,100000,25000,multi_seed_experiment,10000,0,23483900
late_clique,sorted,100000,25000,multi_seed_experiment,100000,0,24529400
late_clique,sorted,100000,25000,multi_seed_experiment,1000000,0,23722900
late_clique,sorted,100000,25000,baseline,0,0,415000
late_clique,sorted,100000,25000,forward,0,0,6865600
late_clique,sorted,100000,25000,best_seed,0,1,7217800
late_clique,sorted,100000,25000,repair,10000,1,3427300
late_clique,sorted,100000,25000,repair,100000,1,3362300
late_clique,sorted,100000,25000,repair,1000000,1,4475000
late_clique,sorted,100000,25000,balanced,10000,1,9441300
late_clique,sorted,100000,25000,balanced,100000,1,7588700
late_clique,sorted,100000,25000,balanced,1000000,1,7509700
late_clique,sorted,100000,25000,multi_seed_experiment,10000,1,24183000
late_clique,sorted,100000,25000,multi_seed_experiment,100000,1,24068000
late_clique,sorted,100000,25000,multi_seed_experiment,1000000,1,24102600
late_clique,sorted,100000,25000,baseline,0,1,427300
late_clique,sorted,100000,25000,forward,0,1,6652900
late_clique,sorted,100000,25000,backward,0,1,10717300
late_clique,sorted,100000,25000,repair,10000,2,2764800
late_clique,sorted,100000,25000,repair,100000,2,2571700
late_clique,sorted,100000,25000,repair,1000000,2,3996100
late_clique,sorted,100000,25000,balanced,10000,2,7688300
late_clique,sorted,100000,25000,balanced,100000,2,8053300
late_clique,sorted,100000,25000,balanced,1000000,2,7450200
late_clique,sorted,100000,25000,multi_seed_experiment,10000,2,23554000
late_clique,sorted,100000,25000,multi_seed_experiment,100000,2,23410500
late_clique,sorted,100000,25000,multi_seed_experiment,1000000,2,23595400
late_clique,sorted,100000,25000,baseline,0,2,702700
late_clique,sorted,100000,25000,forward,0,2,6855800
late_clique,sorted,100000,25000,backward,0,2,10798700
late_clique,sorted,100000,25000,best_seed,0,2,7391800
late_clique,sorted,100000,25000,repair,100000,3,2973600
late_clique,sorted,100000,25000,repair,1000000,3,3841800
late_clique,sorted,100000,25000,balanced,10000,3,7546000
late_clique,sorted,100000,25000,balanced,100000,3,7590000
late_clique,sorted,100000,25000,balanced,1000000,3,7522700
late_clique,sorted,100000,25000,multi_seed_experiment,10000,3,24253600
late_clique,sorted,100000,25000,multi_seed_experiment,100000,3,23431200
late_clique,sorted,100000,25000,multi_seed_experiment,1000000,3,24360600
late_clique,sorted,100000,25000,baseline,0,3,466500
late_clique,sorted,100000,25000,forward,0,3,6688000
late_clique,sorted,100000,25000,backward,0,3,11186700
late_clique,sorted,100000,25000,best_seed,0,3,7479300
late_clique,sorted,100000,25000,repair,10000,3,2620300
late_clique,sorted,100000,25000,repair,1000000,4,4224500
late_clique,sorted,100000,25000,balanced,10000,4,7465200
late_clique,sorted,100000,25000,balanced,100000,4,7579600
late_clique,sorted,100000,25000,balanced,1000000,4,7779300
late_clique,sorted,100000,25000,multi_seed_experiment,10000,4,24508700
late_clique,sorted,100000,25000,multi_seed_experiment,100000,4,23611900
late_clique,sorted,100000,25000,multi_seed_experiment,1000000,4,23505900
late_clique,sorted,100000,25000,baseline,0,4,403600
late_clique,sorted,100000,25000,forward,0,4,6918200
late_clique,sorted,100000,25000,backward,0,4,10822500
late_clique,sorted,100000,25000,best_seed,0,4,7450500
late_clique,sorted,100000,25000,repair,10000,4,2550300
late_clique,sorted,100000,25000,repair,100000,4,2559500
late_clique,shuffled,100000,25000,backward,0,0,18055300
late_clique,shuffled,100000,25000,best_seed,0,0,14184500
late_clique,shuffled,100000,25000,repair,10000,0,9896700
late_clique,shuffled,100000,25000,repair,100000,0,9180200
late_clique,shuffled,100000,25000,repair,1000000,0,10741700
late_clique,shuffled,100000,25000,balanced,10000,0,14412800
late_clique,shuffled,100000,25000,balanced,100000,0,15021800
late_clique,shuffled,100000,25000,balanced,1000000,0,17561900
late_clique,shuffled,100000,25000,multi_seed_experiment,10000,0,59346800
late_clique,shuffled,100000,25000,multi_seed_experiment,100000,0,59647500
late_clique,shuffled,100000,25000,multi_seed_experiment,1000000,0,63283500
late_clique,shuffled,100000,25000,baseline,0,0,4714200
late_clique,shuffled,100000,25000,forward,0,0,14641000
late_clique,shuffled,100000,25000,best_seed,0,1,14460200
late_clique,shuffled,100000,25000,repair,10000,1,9775100
late_clique,shuffled,100000,25000,repair,100000,1,9856500
late_clique,shuffled,100000,25000,repair,1000000,1,11418900
late_clique,shuffled,100000,25000,balanced,10000,1,14943400
late_clique,shuffled,100000,25000,balanced,100000,1,14651700
late_clique,shuffled,100000,25000,balanced,1000000,1,14447700
late_clique,shuffled,100000,25000,multi_seed_experiment,10000,1,62128400
late_clique,shuffled,100000,25000,multi_seed_experiment,100000,1,63033800
late_clique,shuffled,100000,25000,multi_seed_experiment,1000000,1,63988500
late_clique,shuffled,100000,25000,baseline,0,1,3906900
late_clique,shuffled,100000,25000,forward,0,1,13788800
late_clique,shuffled,100000,25000,backward,0,1,18510200
late_clique,shuffled,100000,25000,repair,10000,2,9647000
late_clique,shuffled,100000,25000,repair,100000,2,9741400
late_clique,shuffled,100000,25000,repair,1000000,2,11258600
late_clique,shuffled,100000,25000,balanced,10000,2,14510600
late_clique,shuffled,100000,25000,balanced,100000,2,14250900
late_clique,shuffled,100000,25000,balanced,1000000,2,14450500
late_clique,shuffled,100000,25000,multi_seed_experiment,10000,2,60333500
late_clique,shuffled,100000,25000,multi_seed_experiment,100000,2,59499200
late_clique,shuffled,100000,25000,multi_seed_experiment,1000000,2,59709000
late_clique,shuffled,100000,25000,baseline,0,2,3614900
late_clique,shuffled,100000,25000,forward,0,2,13430600
late_clique,shuffled,100000,25000,backward,0,2,18650300
late_clique,shuffled,100000,25000,best_seed,0,2,14181500
late_clique,shuffled,100000,25000,repair,100000,3,10504300
late_clique,shuffled,100000,25000,repair,1000000,3,11528600
late_clique,shuffled,100000,25000,balanced,10000,3,14797900
late_clique,shuffled,100000,25000,balanced,100000,3,15799000
late_clique,shuffled,100000,25000,balanced,1000000,3,15681400
late_clique,shuffled,100000,25000,multi_seed_experiment,10000,3,58915100
late_clique,shuffled,100000,25000,multi_seed_experiment,100000,3,59719900
late_clique,shuffled,100000,25000,multi_seed_experiment,1000000,3,60062000
late_clique,shuffled,100000,25000,baseline,0,3,3695600
late_clique,shuffled,100000,25000,forward,0,3,13356500
late_clique,shuffled,100000,25000,backward,0,3,17902500
late_clique,shuffled,100000,25000,best_seed,0,3,14093000
late_clique,shuffled,100000,25000,repair,10000,3,9879900
late_clique,shuffled,100000,25000,repair,1000000,4,11205800
late_clique,shuffled,100000,25000,balanced,10000,4,14436100
late_clique,shuffled,100000,25000,balanced,100000,4,14149700
late_clique,shuffled,100000,25000,balanced,1000000,4,14562100
late_clique,shuffled,100000,25000,multi_seed_experiment,10000,4,63736200
late_clique,shuffled,100000,25000,multi_seed_experiment,100000,4,59741600
late_clique,shuffled,100000,25000,multi_seed_experiment,1000000,4,64139500
late_clique,shuffled,100000,25000,baseline,0,4,3920200
late_clique,shuffled,100000,25000,forward,0,4,13589700
late_clique,shuffled,100000,25000,backward,0,4,20589200
late_clique,shuffled,100000,25000,best_seed,0,4,13880700
late_clique,shuffled,100000,25000,repair,10000,4,9419700
late_clique,shuffled,100000,25000,repair,100000,4,9395700
long_short,sorted,100000,3,backward,0,0,5358900
long_short,sorted,100000,3,best_seed,0,0,7694600
long_short,sorted,100000,3,repair,10000,0,2005300
long_short,sorted,100000,3,repair,100000,0,2482500
long_short,sorted,100000,3,repair,1000000,0,2708700
long_short,sorted,100000,3,balanced,10000,0,8682400
long_short,sorted,100000,3,balanced,100000,0,9377900
long_short,sorted,100000,3,balanced,1000000,0,9270700
long_short,sorted,100000,3,multi_seed_experiment,10000,0,14530300
long_short,sorted,100000,3,multi_seed_experiment,100000,0,14827900
long_short,sorted,100000,3,multi_seed_experiment,1000000,0,17150200
long_short,sorted,100000,3,baseline,0,0,598600
long_short,sorted,100000,3,forward,0,0,2474200
long_short,sorted,100000,3,best_seed,0,1,8091000
long_short,sorted,100000,3,repair,10000,1,2303300
long_short,sorted,100000,3,repair,100000,1,3853300
long_short,sorted,100000,3,repair,1000000,1,2922700
long_short,sorted,100000,3,balanced,10000,1,9005600
long_short,sorted,100000,3,balanced,100000,1,9549200
long_short,sorted,100000,3,balanced,1000000,1,9557800
long_short,sorted,100000,3,multi_seed_experiment,10000,1,16304800
long_short,sorted,100000,3,multi_seed_experiment,100000,1,15612700
long_short,sorted,100000,3,multi_seed_experiment,1000000,1,17781900
long_short,sorted,100000,3,baseline,0,1,608700
long_short,sorted,100000,3,forward,0,1,2479500
long_short,sorted,100000,3,backward,0,1,6187200
long_short,sorted,100000,3,repair,10000,2,1954900
long_short,sorted,100000,3,repair,100000,2,2586300
long_short,sorted,100000,3,repair,1000000,2,2565300
long_short,sorted,100000,3,balanced,10000,2,8924300
long_short,sorted,100000,3,balanced,100000,2,8955300
long_short,sorted,100000,3,balanced,1000000,2,8935100
long_short,sorted,100000,3,multi_seed_experiment,10000,2,15375700
long_short,sorted,100000,3,multi_seed_experiment,100000,2,15074900
long_short,sorted,100000,3,multi_seed_experiment,1000000,2,18105000
long_short,sorted,100000,3,baseline,0,2,662300
long_short,sorted,100000,3,forward,0,2,2447800
long_short,sorted,100000,3,backward,0,2,5547600
long_short,sorted,100000,3,best_seed,0,2,7701200
long_short,sorted,100000,3,repair,100000,3,2948200
long_short,sorted,100000,3,repair,1000000,3,2538100
long_short,sorted,100000,3,balanced,10000,3,9830400
long_short,sorted,100000,3,balanced,100000,3,9356500
long_short,sorted,100000,3,balanced,1000000,3,8984300
long_short,sorted,100000,3,multi_seed_experiment,10000,3,15006600
long_short,sorted,100000,3,multi_seed_experiment,100000,3,14935900
long_short,sorted,100000,3,multi_seed_experiment,1000000,3,17264900
long_short,sorted,100000,3,baseline,0,3,847800
long_short,sorted,100000,3,forward,0,3,2937100
long_short,sorted,100000,3,backward,0,3,5421700
long_short,sorted,100000,3,best_seed,0,3,7677600
long_short,sorted,100000,3,repair,10000,3,2033000
long_short,sorted,100000,3,repair,1000000,4,2514300
long_short,sorted,100000,3,balanced,10000,4,8630300
long_short,sorted,100000,3,balanced,100000,4,8871500
long_short,sorted,100000,3,balanced,1000000,4,8863600
long_short,sorted,100000,3,multi_seed_experiment,10000,4,14642900
long_short,sorted,100000,3,multi_seed_experiment,100000,4,15187000
long_short,sorted,100000,3,multi_seed_experiment,1000000,4,17878000
long_short,sorted,100000,3,baseline,0,4,600400
long_short,sorted,100000,3,forward,0,4,2754300
long_short,sorted,100000,3,backward,0,4,5358400
long_short,sorted,100000,3,best_seed,0,4,7850000
long_short,sorted,100000,3,repair,10000,4,1869400
long_short,sorted,100000,3,repair,100000,4,2499500
long_short,shuffled,100000,3,backward,0,0,13086200
long_short,shuffled,100000,3,best_seed,0,0,15766500
long_short,shuffled,100000,3,repair,10000,0,9153100
long_short,shuffled,100000,3,repair,100000,0,10020500
long_short,shuffled,100000,3,repair,1000000,0,10179400
long_short,shuffled,100000,3,balanced,10000,0,16181800
long_short,shuffled,100000,3,balanced,100000,0,17112100
long_short,shuffled,100000,3,balanced,1000000,0,18299600
long_short,shuffled,100000,3,multi_seed_experiment,10000,0,50435600
long_short,shuffled,100000,3,multi_seed_experiment,100000,0,52303800
long_short,shuffled,100000,3,multi_seed_experiment,1000000,0,53772300
long_short,shuffled,100000,3,baseline,0,0,5957200
long_short,shuffled,100000,3,forward,0,0,14687100
long_short,shuffled,100000,3,best_seed,0,1,23648200
long_short,shuffled,100000,3,repair,10000,1,12630200
long_short,shuffled,100000,3,repair,100000,1,13728200
long_short,shuffled,100000,3,repair,1000000,1,13036800
long_short,shuffled,100000,3,balanced,10000,1,18257500
long_short,shuffled,100000,3,balanced,100000,1,17500300
long_short,shuffled,100000,3,balanced,1000000,1,20507700
long_short,shuffled,100000,3,multi_seed_experiment,10000,1,54726200
long_short,shuffled,100000,3,multi_seed_experiment,100000,1,52098700
long_short,shuffled,100000,3,multi_seed_experiment,1000000,1,54129400
long_short,shuffled,100000,3,baseline,0,1,4079800
long_short,shuffled,100000,3,forward,0,1,10771000
long_short,shuffled,100000,3,backward,0,1,13129200
long_short,shuffled,100000,3,repair,10000,2,9229100
long_short,shuffled,100000,3,repair,100000,2,10159800
long_short,shuffled,100000,3,repair,1000000,2,10026600
long_short,shuffled,100000,3,balanced,10000,2,16375700
long_short,shuffled,100000,3,balanced,100000,2,17108700
long_short,shuffled,100000,3,balanced,1000000,2,18439500
long_short,shuffled,100000,3,multi_seed_experiment,10000,2,51020500
long_short,shuffled,100000,3,multi_seed_experiment,100000,2,55546100
long_short,shuffled,100000,3,multi_seed_experiment,1000000,2,55732100
long_short,shuffled,100000,3,baseline,0,2,3980400
long_short,shuffled,100000,3,forward,0,2,9868300
long_short,shuffled,100000,3,backward,0,2,13721500
long_short,shuffled,100000,3,best_seed,0,2,15994300
long_short,shuffled,100000,3,repair,100000,3,10018200
long_short,shuffled,100000,3,repair,1000000,3,9663000
long_short,shuffled,100000,3,balanced,10000,3,16399000
long_short,shuffled,100000,3,balanced,100000,3,16997600
long_short,shuffled,100000,3,balanced,1000000,3,18424900
long_short,shuffled,100000,3,multi_seed_experiment,10000,3,51289600
long_short,shuffled,100000,3,multi_seed_experiment,100000,3,50748200
long_short,shuffled,100000,3,multi_seed_experiment,1000000,3,55174800
long_short,shuffled,100000,3,baseline,0,3,4080400
long_short,shuffled,100000,3,forward,0,3,9765300
long_short,shuffled,100000,3,backward,0,3,13109100
long_short,shuffled,100000,3,best_seed,0,3,15511700
long_short,shuffled,100000,3,repair,10000,3,9151400
long_short,shuffled,100000,3,repair,1000000,4,9956200
long_short,shuffled,100000,3,balanced,10000,4,16479700
long_short,shuffled,100000,3,balanced,100000,4,16793300
long_short,shuffled,100000,3,balanced,1000000,4,18346400
long_short,shuffled,100000,3,multi_seed_experiment,10000,4,50609400
long_short,shuffled,100000,3,multi_seed_experiment,100000,4,50426700
long_short,shuffled,100000,3,multi_seed_experiment,1000000,4,54462900
long_short,shuffled,100000,3,baseline,0,4,4499500
long_short,shuffled,100000,3,forward,0,4,9917000
long_short,shuffled,100000,3,backward,0,4,13771000
long_short,shuffled,100000,3,best_seed,0,4,15757400
long_short,shuffled,100000,3,repair,10000,4,9401200
long_short,shuffled,100000,3,repair,100000,4,9997700
ties,sorted,100000,56,backward,0,0,9345200
ties,sorted,100000,56,best_seed,0,0,13950600
ties,sorted,100000,56,repair,10000,0,3690500
ties,sorted,100000,56,repair,100000,0,3169300
ties,sorted,100000,56,repair,1000000,0,5293600
ties,sorted,100000,56,balanced,10000,0,14280000
ties,sorted,100000,56,balanced,100000,0,13588000
ties,sorted,100000,56,balanced,1000000,0,15543300
ties,sorted,100000,56,multi_seed_experiment,10000,0,26254200
ties,sorted,100000,56,multi_seed_experiment,100000,0,27654700
ties,sorted,100000,56,multi_seed_experiment,1000000,0,29066000
ties,sorted,100000,56,baseline,0,0,2028200
ties,sorted,100000,56,forward,0,0,6770600
ties,sorted,100000,56,best_seed,0,1,13928900
ties,sorted,100000,56,repair,10000,1,3391900
ties,sorted,100000,56,repair,100000,1,3151700
ties,sorted,100000,56,repair,1000000,1,5608200
ties,sorted,100000,56,balanced,10000,1,14358300
ties,sorted,100000,56,balanced,100000,1,13642800
ties,sorted,100000,56,balanced,1000000,1,13879500
ties,sorted,100000,56,multi_seed_experiment,10000,1,26111200
ties,sorted,100000,56,multi_seed_experiment,100000,1,26102100
ties,sorted,100000,56,multi_seed_experiment,1000000,1,27785700
ties,sorted,100000,56,baseline,0,1,2588100
ties,sorted,100000,56,forward,0,1,7229600
ties,sorted,100000,56,backward,0,1,9320700
ties,sorted,100000,56,repair,10000,2,3449600
ties,sorted,100000,56,repair,100000,2,3718500
ties,sorted,100000,56,repair,1000000,2,5179000
ties,sorted,100000,56,balanced,10000,2,13871900
ties,sorted,100000,56,balanced,100000,2,14111000
ties,sorted,100000,56,balanced,1000000,2,13918100
ties,sorted,100000,56,multi_seed_experiment,10000,2,25932700
ties,sorted,100000,56,multi_seed_experiment,100000,2,25348800
ties,sorted,100000,56,multi_seed_experiment,1000000,2,27396900
ties,sorted,100000,56,baseline,0,2,2070300
ties,sorted,100000,56,forward,0,2,6490300
ties,sorted,100000,56,backward,0,2,9083000
ties,sorted,100000,56,best_seed,0,2,13522800
ties,sorted,100000,56,repair,100000,3,3454600
ties,sorted,100000,56,repair,1000000,3,5847600
ties,sorted,100000,56,balanced,10000,3,14181300
ties,sorted,100000,56,balanced,100000,3,13895800
ties,sorted,100000,56,balanced,1000000,3,13867800
ties,sorted,100000,56,multi_seed_experiment,10000,3,25814000
ties,sorted,100000,56,multi_seed_experiment,100000,3,25588200
ties,sorted,100000,56,multi_seed_experiment,1000000,3,27455800
ties,sorted,100000,56,baseline,0,3,2231700
ties,sorted,100000,56,forward,0,3,6656900
ties,sorted,100000,56,backward,0,3,9186100
ties,sorted,100000,56,best_seed,0,3,13804700
ties,sorted,100000,56,repair,10000,3,3372800
ties,sorted,100000,56,repair,1000000,4,5513900
ties,sorted,100000,56,balanced,10000,4,14226200
ties,sorted,100000,56,balanced,100000,4,13759000
ties,sorted,100000,56,balanced,1000000,4,13481200
ties,sorted,100000,56,multi_seed_experiment,10000,4,25767200
ties,sorted,100000,56,multi_seed_experiment,100000,4,26525900
ties,sorted,100000,56,multi_seed_experiment,1000000,4,27359600
ties,sorted,100000,56,baseline,0,4,2116500
ties,sorted,100000,56,forward,0,4,6479900
ties,sorted,100000,56,backward,0,4,9055400
ties,sorted,100000,56,best_seed,0,4,13786900
ties,sorted,100000,56,repair,10000,4,3230500
ties,sorted,100000,56,repair,100000,4,3449000
ties,shuffled,100000,56,backward,0,0,16548100
ties,shuffled,100000,56,best_seed,0,0,22843500
ties,shuffled,100000,56,repair,10000,0,10540700
ties,shuffled,100000,56,repair,100000,0,10930500
ties,shuffled,100000,56,repair,1000000,0,13790800
ties,shuffled,100000,56,balanced,10000,0,22615000
ties,shuffled,100000,56,balanced,100000,0,22650300
ties,shuffled,100000,56,balanced,1000000,0,22992800
ties,shuffled,100000,56,multi_seed_experiment,10000,0,64735200
ties,shuffled,100000,56,multi_seed_experiment,100000,0,64478400
ties,shuffled,100000,56,multi_seed_experiment,1000000,0,66143200
ties,shuffled,100000,56,baseline,0,0,5766300
ties,shuffled,100000,56,forward,0,0,14785300
ties,shuffled,100000,56,best_seed,0,1,22527000
ties,shuffled,100000,56,repair,10000,1,10624900
ties,shuffled,100000,56,repair,100000,1,10936300
ties,shuffled,100000,56,repair,1000000,1,13471400
ties,shuffled,100000,56,balanced,10000,1,22795300
ties,shuffled,100000,56,balanced,100000,1,23847900
ties,shuffled,100000,56,balanced,1000000,1,24881200
ties,shuffled,100000,56,multi_seed_experiment,10000,1,64648100
ties,shuffled,100000,56,multi_seed_experiment,100000,1,64707400
ties,shuffled,100000,56,multi_seed_experiment,1000000,1,65436400
ties,shuffled,100000,56,baseline,0,1,5947600
ties,shuffled,100000,56,forward,0,1,15440700
ties,shuffled,100000,56,backward,0,1,17114300
ties,shuffled,100000,56,repair,10000,2,10933800
ties,shuffled,100000,56,repair,100000,2,11089800
ties,shuffled,100000,56,repair,1000000,2,13595300
ties,shuffled,100000,56,balanced,10000,2,22722700
ties,shuffled,100000,56,balanced,100000,2,23781700
ties,shuffled,100000,56,balanced,1000000,2,23169400
ties,shuffled,100000,56,multi_seed_experiment,10000,2,64559600
ties,shuffled,100000,56,multi_seed_experiment,100000,2,63819200
ties,shuffled,100000,56,multi_seed_experiment,1000000,2,65963900
ties,shuffled,100000,56,baseline,0,2,6086400
ties,shuffled,100000,56,forward,0,2,15425500
ties,shuffled,100000,56,backward,0,2,17207200
ties,shuffled,100000,56,best_seed,0,2,22592800
ties,shuffled,100000,56,repair,100000,3,10947300
ties,shuffled,100000,56,repair,1000000,3,13493700
ties,shuffled,100000,56,balanced,10000,3,22860200
ties,shuffled,100000,56,balanced,100000,3,22794600
ties,shuffled,100000,56,balanced,1000000,3,23603100
ties,shuffled,100000,56,multi_seed_experiment,10000,3,64648800
ties,shuffled,100000,56,multi_seed_experiment,100000,3,64808200
ties,shuffled,100000,56,multi_seed_experiment,1000000,3,65916600
ties,shuffled,100000,56,baseline,0,3,5707000
ties,shuffled,100000,56,forward,0,3,14938500
ties,shuffled,100000,56,backward,0,3,16784200
ties,shuffled,100000,56,best_seed,0,3,22753700
ties,shuffled,100000,56,repair,10000,3,10934700
ties,shuffled,100000,56,repair,1000000,4,13892500
ties,shuffled,100000,56,balanced,10000,4,22734900
ties,shuffled,100000,56,balanced,100000,4,22776100
ties,shuffled,100000,56,balanced,1000000,4,23497600
ties,shuffled,100000,56,multi_seed_experiment,10000,4,63033300
ties,shuffled,100000,56,multi_seed_experiment,100000,4,76947300
ties,shuffled,100000,56,multi_seed_experiment,1000000,4,81985700
ties,shuffled,100000,56,baseline,0,4,6052800
ties,shuffled,100000,56,forward,0,4,15102300
ties,shuffled,100000,56,backward,0,4,17035600
ties,shuffled,100000,56,best_seed,0,4,23276900
ties,shuffled,100000,56,repair,10000,4,11356100
ties,shuffled,100000,56,repair,100000,4,11158500
duplicates,sorted,100000,32,backward,0,0,7615500
duplicates,sorted,100000,32,best_seed,0,0,2202200
duplicates,sorted,100000,32,repair,10000,0,2340100
duplicates,sorted,100000,32,repair,100000,0,2366700
duplicates,sorted,100000,32,repair,1000000,0,2424600
duplicates,sorted,100000,32,balanced,10000,0,1869400
duplicates,sorted,100000,32,balanced,100000,0,1923300
duplicates,sorted,100000,32,balanced,1000000,0,1895900
duplicates,sorted,100000,32,multi_seed_experiment,10000,0,20555600
duplicates,sorted,100000,32,multi_seed_experiment,100000,0,20371600
duplicates,sorted,100000,32,multi_seed_experiment,1000000,0,20543800
duplicates,sorted,100000,32,baseline,0,0,1636000
duplicates,sorted,100000,32,forward,0,0,5041000
duplicates,sorted,100000,32,best_seed,0,1,2321100
duplicates,sorted,100000,32,repair,10000,1,2349700
duplicates,sorted,100000,32,repair,100000,1,2386400
duplicates,sorted,100000,32,repair,1000000,1,2497400
duplicates,sorted,100000,32,balanced,10000,1,1884600
duplicates,sorted,100000,32,balanced,100000,1,1733500
duplicates,sorted,100000,32,balanced,1000000,1,1726800
duplicates,sorted,100000,32,multi_seed_experiment,10000,1,20280900
duplicates,sorted,100000,32,multi_seed_experiment,100000,1,24460500
duplicates,sorted,100000,32,multi_seed_experiment,1000000,1,20293800
duplicates,sorted,100000,32,baseline,0,1,1603800
duplicates,sorted,100000,32,forward,0,1,5105700
duplicates,sorted,100000,32,backward,0,1,7658400
duplicates,sorted,100000,32,repair,10000,2,2725500
duplicates,sorted,100000,32,repair,100000,2,2358000
duplicates,sorted,100000,32,repair,1000000,2,2380500
duplicates,sorted,100000,32,balanced,10000,2,1769600
duplicates,sorted,100000,32,balanced,100000,2,1963500
duplicates,sorted,100000,32,balanced,1000000,2,1750200
duplicates,sorted,100000,32,multi_seed_experiment,10000,2,20442800
duplicates,sorted,100000,32,multi_seed_experiment,100000,2,20684600
duplicates,sorted,100000,32,multi_seed_experiment,1000000,2,20533000
duplicates,sorted,100000,32,baseline,0,2,1662600
duplicates,sorted,100000,32,forward,0,2,6646500
duplicates,sorted,100000,32,backward,0,2,11085000
duplicates,sorted,100000,32,best_seed,0,2,2447000
duplicates,sorted,100000,32,repair,100000,3,2512800
duplicates,sorted,100000,32,repair,1000000,3,2561700
duplicates,sorted,100000,32,balanced,10000,3,1985300
duplicates,sorted,100000,32,balanced,100000,3,1759700
duplicates,sorted,100000,32,balanced,1000000,3,2290400
duplicates,sorted,100000,32,multi_seed_experiment,10000,3,20817900
duplicates,sorted,100000,32,multi_seed_experiment,100000,3,21455700
duplicates,sorted,100000,32,multi_seed_experiment,1000000,3,20733500
duplicates,sorted,100000,32,baseline,0,3,1652300
duplicates,sorted,100000,32,forward,0,3,4822000
duplicates,sorted,100000,32,backward,0,3,7767200
duplicates,sorted,100000,32,best_seed,0,3,2364800
duplicates,sorted,100000,32,repair,10000,3,2390300
duplicates,sorted,100000,32,repair,1000000,4,2421900
duplicates,sorted,100000,32,balanced,10000,4,1855600
duplicates,sorted,100000,32,balanced,100000,4,2010800
duplicates,sorted,100000,32,balanced,1000000,4,1838400
duplicates,sorted,100000,32,multi_seed_experiment,10000,4,20414700
duplicates,sorted,100000,32,multi_seed_experiment,100000,4,20303500
duplicates,sorted,100000,32,multi_seed_experiment,1000000,4,20560000
duplicates,sorted,100000,32,baseline,0,4,1796200
duplicates,sorted,100000,32,forward,0,4,4973000
duplicates,sorted,100000,32,backward,0,4,8126100
duplicates,sorted,100000,32,best_seed,0,4,2168700
duplicates,sorted,100000,32,repair,10000,4,2594900
duplicates,sorted,100000,32,repair,100000,4,2366400
duplicates,shuffled,100000,32,backward,0,0,15327600
duplicates,shuffled,100000,32,best_seed,0,0,8892100
duplicates,shuffled,100000,32,repair,10000,0,10563600
duplicates,shuffled,100000,32,repair,100000,0,9271000
duplicates,shuffled,100000,32,repair,1000000,0,9298200
duplicates,shuffled,100000,32,balanced,10000,0,5604200
duplicates,shuffled,100000,32,balanced,100000,0,5175200
duplicates,shuffled,100000,32,balanced,1000000,0,5178000
duplicates,shuffled,100000,32,multi_seed_experiment,10000,0,56097100
duplicates,shuffled,100000,32,multi_seed_experiment,100000,0,57249400
duplicates,shuffled,100000,32,multi_seed_experiment,1000000,0,56660800
duplicates,shuffled,100000,32,baseline,0,0,5217200
duplicates,shuffled,100000,32,forward,0,0,12003400
duplicates,shuffled,100000,32,best_seed,0,1,9115500
duplicates,shuffled,100000,32,repair,10000,1,9773000
duplicates,shuffled,100000,32,repair,100000,1,9502500
duplicates,shuffled,100000,32,repair,1000000,1,9717800
duplicates,shuffled,100000,32,balanced,10000,1,5209600
duplicates,shuffled,100000,32,balanced,100000,1,5184800
duplicates,shuffled,100000,32,balanced,1000000,1,5632700
duplicates,shuffled,100000,32,multi_seed_experiment,10000,1,56577100
duplicates,shuffled,100000,32,multi_seed_experiment,100000,1,56564900
duplicates,shuffled,100000,32,multi_seed_experiment,1000000,1,56827700
duplicates,shuffled,100000,32,baseline,0,1,5050300
duplicates,shuffled,100000,32,forward,0,1,12109200
duplicates,shuffled,100000,32,backward,0,1,15024500
duplicates,shuffled,100000,32,repair,10000,2,9417400
duplicates,shuffled,100000,32,repair,100000,2,9246600
duplicates,shuffled,100000,32,repair,1000000,2,9420900
duplicates,shuffled,100000,32,balanced,10000,2,5281300
duplicates,shuffled,100000,32,balanced,100000,2,5347800
duplicates,shuffled,100000,32,balanced,1000000,2,5194300
duplicates,shuffled,100000,32,multi_seed_experiment,10000,2,56646800
duplicates,shuffled,100000,32,multi_seed_experiment,100000,2,56226600
duplicates,shuffled,100000,32,multi_seed_experiment,1000000,2,56423800
duplicates,shuffled,100000,32,baseline,0,2,5296900
duplicates,shuffled,100000,32,forward,0,2,12036300
duplicates,shuffled,100000,32,backward,0,2,15094800
duplicates,shuffled,100000,32,best_seed,0,2,8941000
duplicates,shuffled,100000,32,repair,100000,3,9434500
duplicates,shuffled,100000,32,repair,1000000,3,9401000
duplicates,shuffled,100000,32,balanced,10000,3,5251400
duplicates,shuffled,100000,32,balanced,100000,3,5451700
duplicates,shuffled,100000,32,balanced,1000000,3,5211100
duplicates,shuffled,100000,32,multi_seed_experiment,10000,3,55933400
duplicates,shuffled,100000,32,multi_seed_experiment,100000,3,56197900
duplicates,shuffled,100000,32,multi_seed_experiment,1000000,3,56903900
duplicates,shuffled,100000,32,baseline,0,3,5197500
duplicates,shuffled,100000,32,forward,0,3,11953600
duplicates,shuffled,100000,32,backward,0,3,15800400
duplicates,shuffled,100000,32,best_seed,0,3,9148700
duplicates,shuffled,100000,32,repair,10000,3,9388700
duplicates,shuffled,100000,32,repair,1000000,4,9235200
duplicates,shuffled,100000,32,balanced,10000,4,5289000
duplicates,shuffled,100000,32,balanced,100000,4,5502000
duplicates,shuffled,100000,32,balanced,1000000,4,5261500
duplicates,shuffled,100000,32,multi_seed_experiment,10000,4,59453000
duplicates,shuffled,100000,32,multi_seed_experiment,100000,4,56201200
duplicates,shuffled,100000,32,multi_seed_experiment,1000000,4,57085100
duplicates,shuffled,100000,32,baseline,0,4,5110900
duplicates,shuffled,100000,32,forward,0,4,11716600
duplicates,shuffled,100000,32,backward,0,4,15661700
duplicates,shuffled,100000,32,best_seed,0,4,9120100
duplicates,shuffled,100000,32,repair,10000,4,9879400
duplicates,shuffled,100000,32,repair,100000,4,9511100
mixed_empty,sorted,100000,22,backward,0,0,5784300
mixed_empty,sorted,100000,22,best_seed,0,0,4083300
mixed_empty,sorted,100000,22,repair,10000,0,2206100
mixed_empty,sorted,100000,22,repair,100000,0,2628300
mixed_empty,sorted,100000,22,repair,1000000,0,2490000
mixed_empty,sorted,100000,22,balanced,10000,0,4112400
mixed_empty,sorted,100000,22,balanced,100000,0,4132700
mixed_empty,sorted,100000,22,balanced,1000000,0,4124700
mixed_empty,sorted,100000,22,multi_seed_experiment,10000,0,15790400
mixed_empty,sorted,100000,22,multi_seed_experiment,100000,0,16644500
mixed_empty,sorted,100000,22,multi_seed_experiment,1000000,0,16385100
mixed_empty,sorted,100000,22,baseline,0,0,1130600
mixed_empty,sorted,100000,22,forward,0,0,3679500
mixed_empty,sorted,100000,22,best_seed,0,1,3944500
mixed_empty,sorted,100000,22,repair,10000,1,2317000
mixed_empty,sorted,100000,22,repair,100000,1,2527800
mixed_empty,sorted,100000,22,repair,1000000,1,2506700
mixed_empty,sorted,100000,22,balanced,10000,1,4377900
mixed_empty,sorted,100000,22,balanced,100000,1,4128800
mixed_empty,sorted,100000,22,balanced,1000000,1,4147500
mixed_empty,sorted,100000,22,multi_seed_experiment,10000,1,16141200
mixed_empty,sorted,100000,22,multi_seed_experiment,100000,1,15722200
mixed_empty,sorted,100000,22,multi_seed_experiment,1000000,1,16403300
mixed_empty,sorted,100000,22,baseline,0,1,1407700
mixed_empty,sorted,100000,22,forward,0,1,3647200
mixed_empty,sorted,100000,22,backward,0,1,6076700
mixed_empty,sorted,100000,22,repair,10000,2,2231800
mixed_empty,sorted,100000,22,repair,100000,2,2422300
mixed_empty,sorted,100000,22,repair,1000000,2,2531100
mixed_empty,sorted,100000,22,balanced,10000,2,4080600
mixed_empty,sorted,100000,22,balanced,100000,2,4217500
mixed_empty,sorted,100000,22,balanced,1000000,2,4082800
mixed_empty,sorted,100000,22,multi_seed_experiment,10000,2,16620000
mixed_empty,sorted,100000,22,multi_seed_experiment,100000,2,17007700
mixed_empty,sorted,100000,22,multi_seed_experiment,1000000,2,16571200
mixed_empty,sorted,100000,22,baseline,0,2,1297000
mixed_empty,sorted,100000,22,forward,0,2,4919300
mixed_empty,sorted,100000,22,backward,0,2,5896600
mixed_empty,sorted,100000,22,best_seed,0,2,4240200
mixed_empty,sorted,100000,22,repair,100000,3,2585800
mixed_empty,sorted,100000,22,repair,1000000,3,2627300
mixed_empty,sorted,100000,22,balanced,10000,3,4169900
mixed_empty,sorted,100000,22,balanced,100000,3,4404000
mixed_empty,sorted,100000,22,balanced,1000000,3,4195200
mixed_empty,sorted,100000,22,multi_seed_experiment,10000,3,16849100
mixed_empty,sorted,100000,22,multi_seed_experiment,100000,3,17122200
mixed_empty,sorted,100000,22,multi_seed_experiment,1000000,3,18116100
mixed_empty,sorted,100000,22,baseline,0,3,1149200
mixed_empty,sorted,100000,22,forward,0,3,4371000
mixed_empty,sorted,100000,22,backward,0,3,7805500
mixed_empty,sorted,100000,22,best_seed,0,3,5117400
mixed_empty,sorted,100000,22,repair,10000,3,2834000
mixed_empty,sorted,100000,22,repair,1000000,4,3368700
mixed_empty,sorted,100000,22,balanced,10000,4,5506700
mixed_empty,sorted,100000,22,balanced,100000,4,5243800
mixed_empty,sorted,100000,22,balanced,1000000,4,5326900
mixed_empty,sorted,100000,22,multi_seed_experiment,10000,4,20300800
mixed_empty,sorted,100000,22,multi_seed_experiment,100000,4,16558700
mixed_empty,sorted,100000,22,multi_seed_experiment,1000000,4,20296400
mixed_empty,sorted,100000,22,baseline,0,4,1723800
mixed_empty,sorted,100000,22,forward,0,4,4734200
mixed_empty,sorted,100000,22,backward,0,4,7872800
mixed_empty,sorted,100000,22,best_seed,0,4,5578700
mixed_empty,sorted,100000,22,repair,10000,4,2966300
mixed_empty,sorted,100000,22,repair,100000,4,3338500
mixed_empty,shuffled,100000,22,backward,0,0,11677600
mixed_empty,shuffled,100000,22,best_seed,0,0,9802100
mixed_empty,shuffled,100000,22,repair,10000,0,7496600
mixed_empty,shuffled,100000,22,repair,100000,0,8216600
mixed_empty,shuffled,100000,22,repair,1000000,0,9930500
mixed_empty,shuffled,100000,22,balanced,10000,0,12847400
mixed_empty,shuffled,100000,22,balanced,100000,0,9362700
mixed_empty,shuffled,100000,22,balanced,1000000,0,9627700
mixed_empty,shuffled,100000,22,multi_seed_experiment,10000,0,43660000
mixed_empty,shuffled,100000,22,multi_seed_experiment,100000,0,44665000
mixed_empty,shuffled,100000,22,multi_seed_experiment,1000000,0,43771500
mixed_empty,shuffled,100000,22,baseline,0,0,3718400
mixed_empty,shuffled,100000,22,forward,0,0,9472000
mixed_empty,shuffled,100000,22,best_seed,0,1,9463500
mixed_empty,shuffled,100000,22,repair,10000,1,7736800
mixed_empty,shuffled,100000,22,repair,100000,1,7619200
mixed_empty,shuffled,100000,22,repair,1000000,1,7727300
mixed_empty,shuffled,100000,22,balanced,10000,1,9673000
mixed_empty,shuffled,100000,22,balanced,100000,1,9563600
mixed_empty,shuffled,100000,22,balanced,1000000,1,9489900
mixed_empty,shuffled,100000,22,multi_seed_experiment,10000,1,42484500
mixed_empty,shuffled,100000,22,multi_seed_experiment,100000,1,48808400
mixed_empty,shuffled,100000,22,multi_seed_experiment,1000000,1,43795800
mixed_empty,shuffled,100000,22,baseline,0,1,3615800
mixed_empty,shuffled,100000,22,forward,0,1,9140600
mixed_empty,shuffled,100000,22,backward,0,1,12007200
mixed_empty,shuffled,100000,22,repair,10000,2,7379500
mixed_empty,shuffled,100000,22,repair,100000,2,7787700
mixed_empty,shuffled,100000,22,repair,1000000,2,7753600
mixed_empty,shuffled,100000,22,balanced,10000,2,9755900
mixed_empty,shuffled,100000,22,balanced,100000,2,9569500
mixed_empty,shuffled,100000,22,balanced,1000000,2,9545900
mixed_empty,shuffled,100000,22,multi_seed_experiment,10000,2,43031700
mixed_empty,shuffled,100000,22,multi_seed_experiment,100000,2,42674000
mixed_empty,shuffled,100000,22,multi_seed_experiment,1000000,2,43466900
mixed_empty,shuffled,100000,22,baseline,0,2,3573300
mixed_empty,shuffled,100000,22,forward,0,2,8909500
mixed_empty,shuffled,100000,22,backward,0,2,11467000
mixed_empty,shuffled,100000,22,best_seed,0,2,9536700
mixed_empty,shuffled,100000,22,repair,100000,3,8012700
mixed_empty,shuffled,100000,22,repair,1000000,3,7807300
mixed_empty,shuffled,100000,22,balanced,10000,3,9570100
mixed_empty,shuffled,100000,22,balanced,100000,3,9481500
mixed_empty,shuffled,100000,22,balanced,1000000,3,9664700
mixed_empty,shuffled,100000,22,multi_seed_experiment,10000,3,42552800
mixed_empty,shuffled,100000,22,multi_seed_experiment,100000,3,42973300
mixed_empty,shuffled,100000,22,multi_seed_experiment,1000000,3,44184600
mixed_empty,shuffled,100000,22,baseline,0,3,3586000
mixed_empty,shuffled,100000,22,forward,0,3,9531200
mixed_empty,shuffled,100000,22,backward,0,3,11641500
mixed_empty,shuffled,100000,22,best_seed,0,3,9404300
mixed_empty,shuffled,100000,22,repair,10000,3,7497400
mixed_empty,shuffled,100000,22,repair,1000000,4,8116600
mixed_empty,shuffled,100000,22,balanced,10000,4,9712200
mixed_empty,shuffled,100000,22,balanced,100000,4,10783000
mixed_empty,shuffled,100000,22,balanced,1000000,4,9583400
mixed_empty,shuffled,100000,22,multi_seed_experiment,10000,4,42425500
mixed_empty,shuffled,100000,22,multi_seed_experiment,100000,4,43176500
mixed_empty,shuffled,100000,22,multi_seed_experiment,1000000,4,43796000
mixed_empty,shuffled,100000,22,baseline,0,4,3810900
mixed_empty,shuffled,100000,22,forward,0,4,8916400
mixed_empty,shuffled,100000,22,backward,0,4,11464300
mixed_empty,shuffled,100000,22,best_seed,0,4,9260500
mixed_empty,shuffled,100000,22,repair,10000,4,7955300
mixed_empty,shuffled,100000,22,repair,100000,4,8045300
stars,sorted,100000,2,backward,0,0,5456200
stars,sorted,100000,2,best_seed,0,0,1166300
stars,sorted,100000,2,repair,10000,0,1610800
stars,sorted,100000,2,repair,100000,0,1343200
stars,sorted,100000,2,repair,1000000,0,1380400
stars,sorted,100000,2,balanced,10000,0,740500
stars,sorted,100000,2,balanced,100000,0,744700
stars,sorted,100000,2,balanced,1000000,0,791300
stars,sorted,100000,2,multi_seed_experiment,10000,0,14437800
stars,sorted,100000,2,multi_seed_experiment,100000,0,14080000
stars,sorted,100000,2,multi_seed_experiment,1000000,0,15312100
stars,sorted,100000,2,baseline,0,0,587800
stars,sorted,100000,2,forward,0,0,2280800
stars,sorted,100000,2,best_seed,0,1,1151900
stars,sorted,100000,2,repair,10000,1,1359000
stars,sorted,100000,2,repair,100000,1,1868900
stars,sorted,100000,2,repair,1000000,1,2058800
stars,sorted,100000,2,balanced,10000,1,737900
stars,sorted,100000,2,balanced,100000,1,739300
stars,sorted,100000,2,balanced,1000000,1,743300
stars,sorted,100000,2,multi_seed_experiment,10000,1,13833100
stars,sorted,100000,2,multi_seed_experiment,100000,1,13878800
stars,sorted,100000,2,multi_seed_experiment,1000000,1,15973800
stars,sorted,100000,2,baseline,0,1,545700
stars,sorted,100000,2,forward,0,1,2285900
stars,sorted,100000,2,backward,0,1,5440600
stars,sorted,100000,2,repair,10000,2,1327600
stars,sorted,100000,2,repair,100000,2,1352400
stars,sorted,100000,2,repair,1000000,2,1334900
stars,sorted,100000,2,balanced,10000,2,740900
stars,sorted,100000,2,balanced,100000,2,747700
stars,sorted,100000,2,balanced,1000000,2,736100
stars,sorted,100000,2,multi_seed_experiment,10000,2,14137600
stars,sorted,100000,2,multi_seed_experiment,100000,2,13781800
stars,sorted,100000,2,multi_seed_experiment,1000000,2,15876800
stars,sorted,100000,2,baseline,0,2,680600
stars,sorted,100000,2,forward,0,2,2280700
stars,sorted,100000,2,backward,0,2,5504000
stars,sorted,100000,2,best_seed,0,2,1153900
stars,sorted,100000,2,repair,100000,3,1330600
stars,sorted,100000,2,repair,1000000,3,1317300
stars,sorted,100000,2,balanced,10000,3,745700
stars,sorted,100000,2,balanced,100000,3,735000
stars,sorted,100000,2,balanced,1000000,3,736400
stars,sorted,100000,2,multi_seed_experiment,10000,3,14143800
stars,sorted,100000,2,multi_seed_experiment,100000,3,13723600
stars,sorted,100000,2,multi_seed_experiment,1000000,3,15279100
stars,sorted,100000,2,baseline,0,3,557000
stars,sorted,100000,2,forward,0,3,2272400
stars,sorted,100000,2,backward,0,3,5818300
stars,sorted,100000,2,best_seed,0,3,1187100
stars,sorted,100000,2,repair,10000,3,1321100
stars,sorted,100000,2,repair,1000000,4,1397500
stars,sorted,100000,2,balanced,10000,4,730900
stars,sorted,100000,2,balanced,100000,4,745200
stars,sorted,100000,2,balanced,1000000,4,738400
stars,sorted,100000,2,multi_seed_experiment,10000,4,14173100
stars,sorted,100000,2,multi_seed_experiment,100000,4,14114900
stars,sorted,100000,2,multi_seed_experiment,1000000,4,15193800
stars,sorted,100000,2,baseline,0,4,556400
stars,sorted,100000,2,forward,0,4,2748500
stars,sorted,100000,2,backward,0,4,5423300
stars,sorted,100000,2,best_seed,0,4,1290000
stars,sorted,100000,2,repair,10000,4,1359000
stars,sorted,100000,2,repair,100000,4,1323700
stars,shuffled,100000,2,backward,0,0,13085000
stars,shuffled,100000,2,best_seed,0,0,7731300
stars,shuffled,100000,2,repair,10000,0,8600600
stars,shuffled,100000,2,repair,100000,0,8423300
stars,shuffled,100000,2,repair,1000000,0,8349000
stars,shuffled,100000,2,balanced,10000,0,4165900
stars,shuffled,100000,2,balanced,100000,0,4421700
stars,shuffled,100000,2,balanced,1000000,0,4121600
stars,shuffled,100000,2,multi_seed_experiment,10000,0,51189600
stars,shuffled,100000,2,multi_seed_experiment,100000,0,51202300
stars,shuffled,100000,2,multi_seed_experiment,1000000,0,52572700
stars,shuffled,100000,2,baseline,0,0,3924000
stars,shuffled,100000,2,forward,0,0,9377100
stars,shuffled,100000,2,best_seed,0,1,8074200
stars,shuffled,100000,2,repair,10000,1,8684700
stars,shuffled,100000,2,repair,100000,1,8342800
stars,shuffled,100000,2,repair,1000000,1,8572000
stars,shuffled,100000,2,balanced,10000,1,4069600
stars,shuffled,100000,2,balanced,100000,1,4159200
stars,shuffled,100000,2,balanced,1000000,1,4368900
stars,shuffled,100000,2,multi_seed_experiment,10000,1,49989700
stars,shuffled,100000,2,multi_seed_experiment,100000,1,51655400
stars,shuffled,100000,2,multi_seed_experiment,1000000,1,55365900
stars,shuffled,100000,2,baseline,0,1,4124900
stars,shuffled,100000,2,forward,0,1,13765900
stars,shuffled,100000,2,backward,0,1,18882000
stars,shuffled,100000,2,repair,10000,2,12235500
stars,shuffled,100000,2,repair,100000,2,12281600
stars,shuffled,100000,2,repair,1000000,2,12408800
stars,shuffled,100000,2,balanced,10000,2,6384600
stars,shuffled,100000,2,balanced,100000,2,6318700
stars,shuffled,100000,2,balanced,1000000,2,6386600
stars,shuffled,100000,2,multi_seed_experiment,10000,2,56530400
stars,shuffled,100000,2,multi_seed_experiment,100000,2,60453300
stars,shuffled,100000,2,multi_seed_experiment,1000000,2,54555100
stars,shuffled,100000,2,baseline,0,2,4133400
stars,shuffled,100000,2,forward,0,2,10763500
stars,shuffled,100000,2,backward,0,2,16801100
stars,shuffled,100000,2,best_seed,0,2,8023200
stars,shuffled,100000,2,repair,100000,3,8397800
stars,shuffled,100000,2,repair,1000000,3,8886200
stars,shuffled,100000,2,balanced,10000,3,4187200
stars,shuffled,100000,2,balanced,100000,3,4218600
stars,shuffled,100000,2,balanced,1000000,3,4676800
stars,shuffled,100000,2,multi_seed_experiment,10000,3,50958700
stars,shuffled,100000,2,multi_seed_experiment,100000,3,57651800
stars,shuffled,100000,2,multi_seed_experiment,1000000,3,52580100
stars,shuffled,100000,2,baseline,0,3,4213300
stars,shuffled,100000,2,forward,0,3,9692600
stars,shuffled,100000,2,backward,0,3,12880700
stars,shuffled,100000,2,best_seed,0,3,8102900
stars,shuffled,100000,2,repair,10000,3,8542100
stars,shuffled,100000,2,repair,1000000,4,8540200
stars,shuffled,100000,2,balanced,10000,4,4099000
stars,shuffled,100000,2,balanced,100000,4,4428100
stars,shuffled,100000,2,balanced,1000000,4,4192500
stars,shuffled,100000,2,multi_seed_experiment,10000,4,50318800
stars,shuffled,100000,2,multi_seed_experiment,100000,4,50191100
stars,shuffled,100000,2,multi_seed_experiment,1000000,4,52877000
stars,shuffled,100000,2,baseline,0,4,3917700
stars,shuffled,100000,2,forward,0,4,9523900
stars,shuffled,100000,2,backward,0,4,12861700
stars,shuffled,100000,2,best_seed,0,4,8105300
stars,shuffled,100000,2,repair,10000,4,8849100
stars,shuffled,100000,2,repair,100000,4,8121200
