corpus,id,workload,engine,method,max_work,median_ns,min_ns,max_ns,samples,runtime_ratio
target/balance-work/smoke,2a72b70e07239f7f1f649f6040f11af2b098e92b0f23ef900b123728651fc8a8,integer,auto,repair,100000,81500,79600,83400,3,1.2998405103668262
target/balance-work/smoke,2a72b70e07239f7f1f649f6040f11af2b098e92b0f23ef900b123728651fc8a8,integer,auto,balanced,100000,80700,79500,81100,3,1.2870813397129186
target/balance-work/smoke,2a72b70e07239f7f1f649f6040f11af2b098e92b0f23ef900b123728651fc8a8,integer,auto,baseline,0,62700,59000,64700,3,1.0
target/balance-work/smoke,2a72b70e07239f7f1f649f6040f11af2b098e92b0f23ef900b123728651fc8a8,integer,streaming,balanced,100000,189500,179400,195800,3,1.164004914004914
target/balance-work/smoke,2a72b70e07239f7f1f649f6040f11af2b098e92b0f23ef900b123728651fc8a8,integer,streaming,baseline,0,162800,161400,164000,3,1.0
target/balance-work/smoke,2a72b70e07239f7f1f649f6040f11af2b098e92b0f23ef900b123728651fc8a8,integer,streaming,repair,100000,186900,180300,189600,3,1.148034398034398
target/balance-work/smoke,2a72b70e07239f7f1f649f6040f11af2b098e92b0f23ef900b123728651fc8a8,date,auto,baseline,0,62200,62100,63700,3,1.0
target/balance-work/smoke,2a72b70e07239f7f1f649f6040f11af2b098e92b0f23ef900b123728651fc8a8,date,auto,repair,100000,82900,81300,111100,3,1.332797427652733
target/balance-work/smoke,2a72b70e07239f7f1f649f6040f11af2b098e92b0f23ef900b123728651fc8a8,date,auto,balanced,100000,81300,80700,84600,3,1.3070739549839228
target/balance-work/smoke,2a72b70e07239f7f1f649f6040f11af2b098e92b0f23ef900b123728651fc8a8,date,streaming,balanced,100000,184700,179000,238600,3,1.1579937304075234
target/balance-work/smoke,2a72b70e07239f7f1f649f6040f11af2b098e92b0f23ef900b123728651fc8a8,date,streaming,baseline,0,159500,155800,175000,3,1.0
target/balance-work/smoke,2a72b70e07239f7f1f649f6040f11af2b098e92b0f23ef900b123728651fc8a8,date,streaming,repair,100000,192900,185900,193800,3,1.2094043887147334
target/balance-work/smoke,2a72b70e07239f7f1f649f6040f11af2b098e92b0f23ef900b123728651fc8a8,datetime,auto,repair,100000,84500,81500,85600,3,1.3141524105754276
target/balance-work/smoke,2a72b70e07239f7f1f649f6040f11af2b098e92b0f23ef900b123728651fc8a8,datetime,auto,balanced,100000,81300,80600,82400,3,1.2643856920684293
target/balance-work/smoke,2a72b70e07239f7f1f649f6040f11af2b098e92b0f23ef900b123728651fc8a8,datetime,auto,baseline,0,64300,63800,71100,3,1.0
target/balance-work/smoke,2a72b70e07239f7f1f649f6040f11af2b098e92b0f23ef900b123728651fc8a8,datetime,streaming,repair,100000,190800,189000,227300,3,1.0909090909090908
target/balance-work/smoke,2a72b70e07239f7f1f649f6040f11af2b098e92b0f23ef900b123728651fc8a8,datetime,streaming,balanced,100000,195900,192400,207500,3,1.1200686106346485
target/balance-work/smoke,2a72b70e07239f7f1f649f6040f11af2b098e92b0f23ef900b123728651fc8a8,datetime,streaming,baseline,0,174900,173700,184200,3,1.0
target/balance-work/smoke,2a72b70e07239f7f1f649f6040f11af2b098e92b0f23ef900b123728651fc8a8,grouped,auto,repair,100000,182300,178600,183500,3,1.515378221113882
target/balance-work/smoke,2a72b70e07239f7f1f649f6040f11af2b098e92b0f23ef900b123728651fc8a8,grouped,auto,balanced,100000,174100,172700,180800,3,1.4472152950955943
target/balance-work/smoke,2a72b70e07239f7f1f649f6040f11af2b098e92b0f23ef900b123728651fc8a8,grouped,auto,baseline,0,120300,119300,195500,3,1.0
target/balance-work/smoke,2a72b70e07239f7f1f649f6040f11af2b098e92b0f23ef900b123728651fc8a8,grouped,streaming,repair,100000,267600,258400,274800,3,1.2314772204325817
target/balance-work/smoke,2a72b70e07239f7f1f649f6040f11af2b098e92b0f23ef900b123728651fc8a8,grouped,streaming,balanced,100000,260100,254200,286300,3,1.1969627243442247
target/balance-work/smoke,2a72b70e07239f7f1f649f6040f11af2b098e92b0f23ef900b123728651fc8a8,grouped,streaming,baseline,0,217300,216500,355500,3,1.0
target/balance-work/smoke,2a72b70e07239f7f1f649f6040f11af2b098e92b0f23ef900b123728651fc8a8,sliced,auto,balanced,100000,76000,75800,81000,3,1.178294573643411
target/balance-work/smoke,2a72b70e07239f7f1f649f6040f11af2b098e92b0f23ef900b123728651fc8a8,sliced,auto,baseline,0,64500,57500,72800,3,1.0
target/balance-work/smoke,2a72b70e07239f7f1f649f6040f11af2b098e92b0f23ef900b123728651fc8a8,sliced,auto,repair,100000,80100,78900,81300,3,1.241860465116279
target/balance-work/smoke,2a72b70e07239f7f1f649f6040f11af2b098e92b0f23ef900b123728651fc8a8,sliced,streaming,baseline,0,172100,156600,236300,3,1.0
target/balance-work/smoke,2a72b70e07239f7f1f649f6040f11af2b098e92b0f23ef900b123728651fc8a8,sliced,streaming,repair,100000,190600,185300,411900,3,1.1074956420685649
target/balance-work/smoke,2a72b70e07239f7f1f649f6040f11af2b098e92b0f23ef900b123728651fc8a8,sliced,streaming,balanced,100000,189700,184200,196000,3,1.1022661243463103
target/balance-work/smoke,2a72b70e07239f7f1f649f6040f11af2b098e92b0f23ef900b123728651fc8a8,multi_chunk,auto,baseline,0,70500,62300,70700,3,1.0
target/balance-work/smoke,2a72b70e07239f7f1f649f6040f11af2b098e92b0f23ef900b123728651fc8a8,multi_chunk,auto,repair,100000,80700,80500,81600,3,1.1446808510638298
target/balance-work/smoke,2a72b70e07239f7f1f649f6040f11af2b098e92b0f23ef900b123728651fc8a8,multi_chunk,auto,balanced,100000,82200,80500,83800,3,1.1659574468085105
target/balance-work/smoke,2a72b70e07239f7f1f649f6040f11af2b098e92b0f23ef900b123728651fc8a8,multi_chunk,streaming,baseline,0,173000,168900,179500,3,1.0
target/balance-work/smoke,2a72b70e07239f7f1f649f6040f11af2b098e92b0f23ef900b123728651fc8a8,multi_chunk,streaming,repair,100000,179700,174600,199600,3,1.038728323699422
target/balance-work/smoke,2a72b70e07239f7f1f649f6040f11af2b098e92b0f23ef900b123728651fc8a8,multi_chunk,streaming,balanced,100000,222500,184500,262700,3,1.2861271676300579
target/balance-work/smoke,473927de64b0e2dd4caaa9079e8463db261443e93449d29b31ac653d275c2fcf,integer,auto,repair,100000,82700,80700,82800,3,1.3646864686468647
target/balance-work/smoke,473927de64b0e2dd4caaa9079e8463db261443e93449d29b31ac653d275c2fcf,integer,auto,balanced,100000,81000,78600,81700,3,1.3366336633663367
target/balance-work/smoke,473927de64b0e2dd4caaa9079e8463db261443e93449d29b31ac653d275c2fcf,integer,auto,baseline,0,60600,59100,61800,3,1.0
target/balance-work/smoke,473927de64b0e2dd4caaa9079e8463db261443e93449d29b31ac653d275c2fcf,integer,streaming,baseline,0,168800,168800,220400,3,1.0
target/balance-work/smoke,473927de64b0e2dd4caaa9079e8463db261443e93449d29b31ac653d275c2fcf,integer,streaming,repair,100000,212000,189400,225800,3,1.2559241706161137
target/balance-work/smoke,473927de64b0e2dd4caaa9079e8463db261443e93449d29b31ac653d275c2fcf,integer,streaming,balanced,100000,212100,201400,213300,3,1.2565165876777251
target/balance-work/smoke,473927de64b0e2dd4caaa9079e8463db261443e93449d29b31ac653d275c2fcf,date,auto,balanced,100000,86200,83600,86800,3,1.344773790951638
target/balance-work/smoke,473927de64b0e2dd4caaa9079e8463db261443e93449d29b31ac653d275c2fcf,date,auto,baseline,0,64100,62700,86900,3,1.0
target/balance-work/smoke,473927de64b0e2dd4caaa9079e8463db261443e93449d29b31ac653d275c2fcf,date,auto,repair,100000,90600,81500,97200,3,1.4134165366614664
target/balance-work/smoke,473927de64b0e2dd4caaa9079e8463db261443e93449d29b31ac653d275c2fcf,date,streaming,baseline,0,183900,182100,201800,3,1.0
target/balance-work/smoke,473927de64b0e2dd4caaa9079e8463db261443e93449d29b31ac653d275c2fcf,date,streaming,repair,100000,222800,199600,291700,3,1.2115280043501904
target/balance-work/smoke,473927de64b0e2dd4caaa9079e8463db261443e93449d29b31ac653d275c2fcf,date,streaming,balanced,100000,219600,218100,223400,3,1.1941272430668841
target/balance-work/smoke,473927de64b0e2dd4caaa9079e8463db261443e93449d29b31ac653d275c2fcf,datetime,auto,balanced,100000,86700,86300,90900,3,1.3236641221374046
target/balance-work/smoke,473927de64b0e2dd4caaa9079e8463db261443e93449d29b31ac653d275c2fcf,datetime,auto,baseline,0,65500,65000,69800,3,1.0
target/balance-work/smoke,473927de64b0e2dd4caaa9079e8463db261443e93449d29b31ac653d275c2fcf,datetime,auto,repair,100000,85400,85300,105600,3,1.3038167938931298
target/balance-work/smoke,473927de64b0e2dd4caaa9079e8463db261443e93449d29b31ac653d275c2fcf,datetime,streaming,balanced,100000,202800,195000,208600,3,1.0816
target/balance-work/smoke,473927de64b0e2dd4caaa9079e8463db261443e93449d29b31ac653d275c2fcf,datetime,streaming,baseline,0,187500,178200,251300,3,1.0
target/balance-work/smoke,473927de64b0e2dd4caaa9079e8463db261443e93449d29b31ac653d275c2fcf,datetime,streaming,repair,100000,212500,203500,221900,3,1.1333333333333333
target/balance-work/smoke,473927de64b0e2dd4caaa9079e8463db261443e93449d29b31ac653d275c2fcf,grouped,auto,balanced,100000,207200,182500,208900,3,1.6804541768045418
target/balance-work/smoke,473927de64b0e2dd4caaa9079e8463db261443e93449d29b31ac653d275c2fcf,grouped,auto,baseline,0,123300,121700,127300,3,1.0
target/balance-work/smoke,473927de64b0e2dd4caaa9079e8463db261443e93449d29b31ac653d275c2fcf,grouped,auto,repair,100000,187800,186300,188800,3,1.5231143552311435
target/balance-work/smoke,473927de64b0e2dd4caaa9079e8463db261443e93449d29b31ac653d275c2fcf,grouped,streaming,balanced,100000,287100,258600,306000,3,1.3310152990264257
target/balance-work/smoke,473927de64b0e2dd4caaa9079e8463db261443e93449d29b31ac653d275c2fcf,grouped,streaming,baseline,0,215700,205700,304800,3,1.0
target/balance-work/smoke,473927de64b0e2dd4caaa9079e8463db261443e93449d29b31ac653d275c2fcf,grouped,streaming,repair,100000,322200,277500,336000,3,1.493741307371349
target/balance-work/smoke,473927de64b0e2dd4caaa9079e8463db261443e93449d29b31ac653d275c2fcf,sliced,auto,balanced,100000,80500,79400,82400,3,1.2757527733755942
target/balance-work/smoke,473927de64b0e2dd4caaa9079e8463db261443e93449d29b31ac653d275c2fcf,sliced,auto,baseline,0,63100,61600,67500,3,1.0
target/balance-work/smoke,473927de64b0e2dd4caaa9079e8463db261443e93449d29b31ac653d275c2fcf,sliced,auto,repair,100000,80100,79200,83000,3,1.2694136291600633
target/balance-work/smoke,473927de64b0e2dd4caaa9079e8463db261443e93449d29b31ac653d275c2fcf,sliced,streaming,repair,100000,187400,186300,199500,3,1.092074592074592
target/balance-work/smoke,473927de64b0e2dd4caaa9079e8463db261443e93449d29b31ac653d275c2fcf,sliced,streaming,balanced,100000,186800,169400,188600,3,1.0885780885780887
target/balance-work/smoke,473927de64b0e2dd4caaa9079e8463db261443e93449d29b31ac653d275c2fcf,sliced,streaming,baseline,0,171600,169600,172500,3,1.0
target/balance-work/smoke,473927de64b0e2dd4caaa9079e8463db261443e93449d29b31ac653d275c2fcf,multi_chunk,auto,repair,100000,82700,79400,156800,3,1.3168789808917198
target/balance-work/smoke,473927de64b0e2dd4caaa9079e8463db261443e93449d29b31ac653d275c2fcf,multi_chunk,auto,balanced,100000,81700,81100,81800,3,1.3009554140127388
target/balance-work/smoke,473927de64b0e2dd4caaa9079e8463db261443e93449d29b31ac653d275c2fcf,multi_chunk,auto,baseline,0,62800,61500,63900,3,1.0
target/balance-work/smoke,473927de64b0e2dd4caaa9079e8463db261443e93449d29b31ac653d275c2fcf,multi_chunk,streaming,repair,100000,206200,196000,361400,3,0.9927780452575831
target/balance-work/smoke,473927de64b0e2dd4caaa9079e8463db261443e93449d29b31ac653d275c2fcf,multi_chunk,streaming,balanced,100000,188500,186500,250800,3,0.9075589792970631
target/balance-work/smoke,473927de64b0e2dd4caaa9079e8463db261443e93449d29b31ac653d275c2fcf,multi_chunk,streaming,baseline,0,207700,165800,236900,3,1.0
target/balance-work/smoke,6cbb139cc8e799a54f65dba537b443df912e3942b95895f71247b833098eda02,integer,auto,repair,100000,71300,68600,72300,3,1.2357019064124783
target/balance-work/smoke,6cbb139cc8e799a54f65dba537b443df912e3942b95895f71247b833098eda02,integer,auto,balanced,100000,65600,64900,67700,3,1.1369150779896013
target/balance-work/smoke,6cbb139cc8e799a54f65dba537b443df912e3942b95895f71247b833098eda02,integer,auto,baseline,0,57700,56600,66200,3,1.0
target/balance-work/smoke,6cbb139cc8e799a54f65dba537b443df912e3942b95895f71247b833098eda02,integer,streaming,baseline,0,161000,158300,165400,3,1.0
target/balance-work/smoke,6cbb139cc8e799a54f65dba537b443df912e3942b95895f71247b833098eda02,integer,streaming,repair,100000,177400,174000,180200,3,1.101863354037267
target/balance-work/smoke,6cbb139cc8e799a54f65dba537b443df912e3942b95895f71247b833098eda02,integer,streaming,balanced,100000,164300,156200,170200,3,1.020496894409938
target/balance-work/smoke,6cbb139cc8e799a54f65dba537b443df912e3942b95895f71247b833098eda02,date,auto,repair,100000,73400,73400,76300,3,1.1344667697063369
target/balance-work/smoke,6cbb139cc8e799a54f65dba537b443df912e3942b95895f71247b833098eda02,date,auto,balanced,100000,68400,68000,68900,3,1.0571870170015456
target/balance-work/smoke,6cbb139cc8e799a54f65dba537b443df912e3942b95895f71247b833098eda02,date,auto,baseline,0,64700,60100,122400,3,1.0
target/balance-work/smoke,6cbb139cc8e799a54f65dba537b443df912e3942b95895f71247b833098eda02,date,streaming,repair,100000,176800,176800,178300,3,1.0940594059405941
target/balance-work/smoke,6cbb139cc8e799a54f65dba537b443df912e3942b95895f71247b833098eda02,date,streaming,balanced,100000,166800,163100,174100,3,1.0321782178217822
target/balance-work/smoke,6cbb139cc8e799a54f65dba537b443df912e3942b95895f71247b833098eda02,date,streaming,baseline,0,161600,147300,181200,3,1.0
target/balance-work/smoke,6cbb139cc8e799a54f65dba537b443df912e3942b95895f71247b833098eda02,datetime,auto,balanced,100000,72300,71000,72500,3,1.1004566210045663
target/balance-work/smoke,6cbb139cc8e799a54f65dba537b443df912e3942b95895f71247b833098eda02,datetime,auto,baseline,0,65700,63000,70100,3,1.0
target/balance-work/smoke,6cbb139cc8e799a54f65dba537b443df912e3942b95895f71247b833098eda02,datetime,auto,repair,100000,78200,76500,80100,3,1.1902587519025876
target/balance-work/smoke,6cbb139cc8e799a54f65dba537b443df912e3942b95895f71247b833098eda02,datetime,streaming,repair,100000,187000,183100,190800,3,1.0108108108108107
target/balance-work/smoke,6cbb139cc8e799a54f65dba537b443df912e3942b95895f71247b833098eda02,datetime,streaming,balanced,100000,185800,180300,220700,3,1.0043243243243243
target/balance-work/smoke,6cbb139cc8e799a54f65dba537b443df912e3942b95895f71247b833098eda02,datetime,streaming,baseline,0,185000,171000,197300,3,1.0
target/balance-work/smoke,6cbb139cc8e799a54f65dba537b443df912e3942b95895f71247b833098eda02,grouped,auto,balanced,100000,141800,139800,156100,3,1.1519090170593014
target/balance-work/smoke,6cbb139cc8e799a54f65dba537b443df912e3942b95895f71247b833098eda02,grouped,auto,baseline,0,123100,115400,146300,3,1.0
target/balance-work/smoke,6cbb139cc8e799a54f65dba537b443df912e3942b95895f71247b833098eda02,grouped,auto,repair,100000,166800,152700,169900,3,1.354995938261576
target/balance-work/smoke,6cbb139cc8e799a54f65dba537b443df912e3942b95895f71247b833098eda02,grouped,streaming,repair,100000,235300,234600,349000,3,1.0575280898876405
target/balance-work/smoke,6cbb139cc8e799a54f65dba537b443df912e3942b95895f71247b833098eda02,grouped,streaming,balanced,100000,282100,194100,385200,3,1.2678651685393258
target/balance-work/smoke,6cbb139cc8e799a54f65dba537b443df912e3942b95895f71247b833098eda02,grouped,streaming,baseline,0,222500,198700,273900,3,1.0
target/balance-work/smoke,6cbb139cc8e799a54f65dba537b443df912e3942b95895f71247b833098eda02,sliced,auto,balanced,100000,76100,68100,79100,3,1.1689708141321045
target/balance-work/smoke,6cbb139cc8e799a54f65dba537b443df912e3942b95895f71247b833098eda02,sliced,auto,baseline,0,65100,63500,116500,3,1.0
target/balance-work/smoke,6cbb139cc8e799a54f65dba537b443df912e3942b95895f71247b833098eda02,sliced,auto,repair,100000,89200,82700,98700,3,1.370199692780338
target/balance-work/smoke,6cbb139cc8e799a54f65dba537b443df912e3942b95895f71247b833098eda02,sliced,streaming,baseline,0,158800,143700,167200,3,1.0
target/balance-work/smoke,6cbb139cc8e799a54f65dba537b443df912e3942b95895f71247b833098eda02,sliced,streaming,repair,100000,173500,155300,174500,3,1.0925692695214106
target/balance-work/smoke,6cbb139cc8e799a54f65dba537b443df912e3942b95895f71247b833098eda02,sliced,streaming,balanced,100000,174200,172000,177200,3,1.0969773299748111
target/balance-work/smoke,6cbb139cc8e799a54f65dba537b443df912e3942b95895f71247b833098eda02,multi_chunk,auto,balanced,100000,66300,66100,68600,3,1.0642054574638844
target/balance-work/smoke,6cbb139cc8e799a54f65dba537b443df912e3942b95895f71247b833098eda02,multi_chunk,auto,baseline,0,62300,58300,73100,3,1.0
target/balance-work/smoke,6cbb139cc8e799a54f65dba537b443df912e3942b95895f71247b833098eda02,multi_chunk,auto,repair,100000,72600,69400,74300,3,1.1653290529695024
target/balance-work/smoke,6cbb139cc8e799a54f65dba537b443df912e3942b95895f71247b833098eda02,multi_chunk,streaming,repair,100000,201500,191900,215100,3,1.1213132999443518
target/balance-work/smoke,6cbb139cc8e799a54f65dba537b443df912e3942b95895f71247b833098eda02,multi_chunk,streaming,balanced,100000,188400,169900,264800,3,1.0484140233722872
target/balance-work/smoke,6cbb139cc8e799a54f65dba537b443df912e3942b95895f71247b833098eda02,multi_chunk,streaming,baseline,0,179700,173500,193500,3,1.0
target/balance-work/smoke,26ef64e6f057eec9971eed4cd3fb30539118a198905b021124d71449ca9c7430,integer,auto,repair,100000,73200,70800,75900,3,1.2577319587628866
target/balance-work/smoke,26ef64e6f057eec9971eed4cd3fb30539118a198905b021124d71449ca9c7430,integer,auto,balanced,100000,68200,67000,68800,3,1.1718213058419245
target/balance-work/smoke,26ef64e6f057eec9971eed4cd3fb30539118a198905b021124d71449ca9c7430,integer,auto,baseline,0,58200,57700,63900,3,1.0
target/balance-work/smoke,26ef64e6f057eec9971eed4cd3fb30539118a198905b021124d71449ca9c7430,integer,streaming,baseline,0,161200,159300,161700,3,1.0
target/balance-work/smoke,26ef64e6f057eec9971eed4cd3fb30539118a198905b021124d71449ca9c7430,integer,streaming,repair,100000,180200,160400,187400,3,1.117866004962779
target/balance-work/smoke,26ef64e6f057eec9971eed4cd3fb30539118a198905b021124d71449ca9c7430,integer,streaming,balanced,100000,200400,183000,203600,3,1.2431761786600497
target/balance-work/smoke,26ef64e6f057eec9971eed4cd3fb30539118a198905b021124d71449ca9c7430,date,auto,balanced,100000,72400,71500,80500,3,1.1947194719471947
target/balance-work/smoke,26ef64e6f057eec9971eed4cd3fb30539118a198905b021124d71449ca9c7430,date,auto,baseline,0,60600,60400,62700,3,1.0
target/balance-work/smoke,26ef64e6f057eec9971eed4cd3fb30539118a198905b021124d71449ca9c7430,date,auto,repair,100000,74200,72900,80900,3,1.2244224422442245
target/balance-work/smoke,26ef64e6f057eec9971eed4cd3fb30539118a198905b021124d71449ca9c7430,date,streaming,balanced,100000,166100,142100,173500,3,1.0466288594833018
target/balance-work/smoke,26ef64e6f057eec9971eed4cd3fb30539118a198905b021124d71449ca9c7430,date,streaming,baseline,0,158700,151000,161200,3,1.0
target/balance-work/smoke,26ef64e6f057eec9971eed4cd3fb30539118a198905b021124d71449ca9c7430,date,streaming,repair,100000,179200,171100,180300,3,1.129174543163201
target/balance-work/smoke,26ef64e6f057eec9971eed4cd3fb30539118a198905b021124d71449ca9c7430,datetime,auto,baseline,0,64800,63900,69900,3,1.0
target/balance-work/smoke,26ef64e6f057eec9971eed4cd3fb30539118a198905b021124d71449ca9c7430,datetime,auto,repair,100000,78200,76900,78300,3,1.2067901234567902
target/balance-work/smoke,26ef64e6f057eec9971eed4cd3fb30539118a198905b021124d71449ca9c7430,datetime,auto,balanced,100000,74000,72400,77400,3,1.1419753086419753
target/balance-work/smoke,26ef64e6f057eec9971eed4cd3fb30539118a198905b021124d71449ca9c7430,datetime,streaming,repair,100000,187700,186000,187800,3,1.116597263533611
target/balance-work/smoke,26ef64e6f057eec9971eed4cd3fb30539118a198905b021124d71449ca9c7430,datetime,streaming,balanced,100000,188800,178400,263500,3,1.123140987507436
target/balance-work/smoke,26ef64e6f057eec9971eed4cd3fb30539118a198905b021124d71449ca9c7430,datetime,streaming,baseline,0,168100,149300,170500,3,1.0
target/balance-work/smoke,26ef64e6f057eec9971eed4cd3fb30539118a198905b021124d71449ca9c7430,grouped,auto,balanced,100000,140800,139900,143900,3,1.002849002849003
target/balance-work/smoke,26ef64e6f057eec9971eed4cd3fb30539118a198905b021124d71449ca9c7430,grouped,auto,baseline,0,140400,121400,145400,3,1.0
target/balance-work/smoke,26ef64e6f057eec9971eed4cd3fb30539118a198905b021124d71449ca9c7430,grouped,auto,repair,100000,163700,153400,167300,3,1.165954415954416
target/balance-work/smoke,26ef64e6f057eec9971eed4cd3fb30539118a198905b021124d71449ca9c7430,grouped,streaming,repair,100000,255900,239400,358300,3,1.1653005464480874
target/balance-work/smoke,26ef64e6f057eec9971eed4cd3fb30539118a198905b021124d71449ca9c7430,grouped,streaming,balanced,100000,239300,220300,253700,3,1.0897085610200363
target/balance-work/smoke,26ef64e6f057eec9971eed4cd3fb30539118a198905b021124d71449ca9c7430,grouped,streaming,baseline,0,219600,218300,226900,3,1.0
target/balance-work/smoke,26ef64e6f057eec9971eed4cd3fb30539118a198905b021124d71449ca9c7430,sliced,auto,baseline,0,59600,58000,62600,3,1.0
target/balance-work/smoke,26ef64e6f057eec9971eed4cd3fb30539118a198905b021124d71449ca9c7430,sliced,auto,repair,100000,72500,70300,75200,3,1.2164429530201342
target/balance-work/smoke,26ef64e6f057eec9971eed4cd3fb30539118a198905b021124d71449ca9c7430,sliced,auto,balanced,100000,67300,66700,68800,3,1.1291946308724832
target/balance-work/smoke,26ef64e6f057eec9971eed4cd3fb30539118a198905b021124d71449ca9c7430,sliced,streaming,baseline,0,167900,164000,186400,3,1.0
target/balance-work/smoke,26ef64e6f057eec9971eed4cd3fb30539118a198905b021124d71449ca9c7430,sliced,streaming,repair,100000,178600,171000,196300,3,1.0637284097677189
target/balance-work/smoke,26ef64e6f057eec9971eed4cd3fb30539118a198905b021124d71449ca9c7430,sliced,streaming,balanced,100000,167800,131100,183000,3,0.9994044073853484
target/balance-work/smoke,26ef64e6f057eec9971eed4cd3fb30539118a198905b021124d71449ca9c7430,multi_chunk,auto,repair,100000,75200,73100,75700,3,1.205128205128205
target/balance-work/smoke,26ef64e6f057eec9971eed4cd3fb30539118a198905b021124d71449ca9c7430,multi_chunk,auto,balanced,100000,68900,67500,69200,3,1.1041666666666667
target/balance-work/smoke,26ef64e6f057eec9971eed4cd3fb30539118a198905b021124d71449ca9c7430,multi_chunk,auto,baseline,0,62400,60300,63000,3,1.0
target/balance-work/smoke,26ef64e6f057eec9971eed4cd3fb30539118a198905b021124d71449ca9c7430,multi_chunk,streaming,baseline,0,159100,140800,164700,3,1.0
target/balance-work/smoke,26ef64e6f057eec9971eed4cd3fb30539118a198905b021124d71449ca9c7430,multi_chunk,streaming,repair,100000,215400,176400,247100,3,1.353865493400377
target/balance-work/smoke,26ef64e6f057eec9971eed4cd3fb30539118a198905b021124d71449ca9c7430,multi_chunk,streaming,balanced,100000,199100,164100,200700,3,1.251414204902577
target/balance-work/smoke,5a9b57f45a8c30019752ad9b620d118f1f48de02f59cef85ddce3b4e1c20c248,integer,auto,repair,100000,73100,68900,77200,3,1.2347972972972974
target/balance-work/smoke,5a9b57f45a8c30019752ad9b620d118f1f48de02f59cef85ddce3b4e1c20c248,integer,auto,balanced,100000,68700,67400,74700,3,1.160472972972973
target/balance-work/smoke,5a9b57f45a8c30019752ad9b620d118f1f48de02f59cef85ddce3b4e1c20c248,integer,auto,baseline,0,59200,59200,60400,3,1.0
target/balance-work/smoke,5a9b57f45a8c30019752ad9b620d118f1f48de02f59cef85ddce3b4e1c20c248,integer,streaming,repair,100000,183600,180600,192100,3,1.175416133162612
target/balance-work/smoke,5a9b57f45a8c30019752ad9b620d118f1f48de02f59cef85ddce3b4e1c20c248,integer,streaming,balanced,100000,170800,170600,172100,3,1.0934699103713188
target/balance-work/smoke,5a9b57f45a8c30019752ad9b620d118f1f48de02f59cef85ddce3b4e1c20c248,integer,streaming,baseline,0,156200,151500,170500,3,1.0
target/balance-work/smoke,5a9b57f45a8c30019752ad9b620d118f1f48de02f59cef85ddce3b4e1c20c248,date,auto,repair,100000,72800,72800,73500,3,1.2297297297297298
target/balance-work/smoke,5a9b57f45a8c30019752ad9b620d118f1f48de02f59cef85ddce3b4e1c20c248,date,auto,balanced,100000,67200,66600,67300,3,1.135135135135135
target/balance-work/smoke,5a9b57f45a8c30019752ad9b620d118f1f48de02f59cef85ddce3b4e1c20c248,date,auto,baseline,0,59200,58900,61000,3,1.0
target/balance-work/smoke,5a9b57f45a8c30019752ad9b620d118f1f48de02f59cef85ddce3b4e1c20c248,date,streaming,repair,100000,188000,155900,247000,3,1.5149073327961322
target/balance-work/smoke,5a9b57f45a8c30019752ad9b620d118f1f48de02f59cef85ddce3b4e1c20c248,date,streaming,balanced,100000,175700,144100,186600,3,1.4157937147461725
target/balance-work/smoke,5a9b57f45a8c30019752ad9b620d118f1f48de02f59cef85ddce3b4e1c20c248,date,streaming,baseline,0,124100,120500,146400,3,1.0
target/balance-work/smoke,5a9b57f45a8c30019752ad9b620d118f1f48de02f59cef85ddce3b4e1c20c248,datetime,auto,baseline,0,65900,65000,74700,3,1.0
target/balance-work/smoke,5a9b57f45a8c30019752ad9b620d118f1f48de02f59cef85ddce3b4e1c20c248,datetime,auto,repair,100000,82000,72600,93800,3,1.244309559939302
target/balance-work/smoke,5a9b57f45a8c30019752ad9b620d118f1f48de02f59cef85ddce3b4e1c20c248,datetime,auto,balanced,100000,70600,68600,72000,3,1.0713201820940819
target/balance-work/smoke,5a9b57f45a8c30019752ad9b620d118f1f48de02f59cef85ddce3b4e1c20c248,datetime,streaming,balanced,100000,173700,172600,180600,3,0.9937070938215103
target/balance-work/smoke,5a9b57f45a8c30019752ad9b620d118f1f48de02f59cef85ddce3b4e1c20c248,datetime,streaming,baseline,0,174800,170300,189800,3,1.0
target/balance-work/smoke,5a9b57f45a8c30019752ad9b620d118f1f48de02f59cef85ddce3b4e1c20c248,datetime,streaming,repair,100000,191200,184100,193700,3,1.0938215102974829
target/balance-work/smoke,5a9b57f45a8c30019752ad9b620d118f1f48de02f59cef85ddce3b4e1c20c248,grouped,auto,balanced,100000,144300,142300,153700,3,1.0736607142857142
target/balance-work/smoke,5a9b57f45a8c30019752ad9b620d118f1f48de02f59cef85ddce3b4e1c20c248,grouped,auto,baseline,0,134400,122200,139900,3,1.0
target/balance-work/smoke,5a9b57f45a8c30019752ad9b620d118f1f48de02f59cef85ddce3b4e1c20c248,grouped,auto,repair,100000,164700,151100,174000,3,1.2254464285714286
target/balance-work/smoke,5a9b57f45a8c30019752ad9b620d118f1f48de02f59cef85ddce3b4e1c20c248,grouped,streaming,repair,100000,302600,281900,303600,3,1.4100652376514446
target/balance-work/smoke,5a9b57f45a8c30019752ad9b620d118f1f48de02f59cef85ddce3b4e1c20c248,grouped,streaming,balanced,100000,230400,225100,362300,3,1.0736253494874184
target/balance-work/smoke,5a9b57f45a8c30019752ad9b620d118f1f48de02f59cef85ddce3b4e1c20c248,grouped,streaming,baseline,0,214600,205900,243900,3,1.0
target/balance-work/smoke,5a9b57f45a8c30019752ad9b620d118f1f48de02f59cef85ddce3b4e1c20c248,sliced,auto,balanced,100000,66900,64100,68500,3,1.1416382252559727
target/balance-work/smoke,5a9b57f45a8c30019752ad9b620d118f1f48de02f59cef85ddce3b4e1c20c248,sliced,auto,baseline,0,58600,57400,59900,3,1.0
target/balance-work/smoke,5a9b57f45a8c30019752ad9b620d118f1f48de02f59cef85ddce3b4e1c20c248,sliced,auto,repair,100000,67900,67700,71800,3,1.158703071672355
target/balance-work/smoke,5a9b57f45a8c30019752ad9b620d118f1f48de02f59cef85ddce3b4e1c20c248,sliced,streaming,baseline,0,152000,149400,163800,3,1.0
target/balance-work/smoke,5a9b57f45a8c30019752ad9b620d118f1f48de02f59cef85ddce3b4e1c20c248,sliced,streaming,repair,100000,178100,177800,184300,3,1.1717105263157894
target/balance-work/smoke,5a9b57f45a8c30019752ad9b620d118f1f48de02f59cef85ddce3b4e1c20c248,sliced,streaming,balanced,100000,165100,158400,170000,3,1.0861842105263158
target/balance-work/smoke,5a9b57f45a8c30019752ad9b620d118f1f48de02f59cef85ddce3b4e1c20c248,multi_chunk,auto,repair,100000,72900,68700,73800,3,1.202970297029703
target/balance-work/smoke,5a9b57f45a8c30019752ad9b620d118f1f48de02f59cef85ddce3b4e1c20c248,multi_chunk,auto,balanced,100000,68300,66700,69700,3,1.127062706270627
target/balance-work/smoke,5a9b57f45a8c30019752ad9b620d118f1f48de02f59cef85ddce3b4e1c20c248,multi_chunk,auto,baseline,0,60600,59500,64000,3,1.0
target/balance-work/smoke,5a9b57f45a8c30019752ad9b620d118f1f48de02f59cef85ddce3b4e1c20c248,multi_chunk,streaming,balanced,100000,169300,165600,183900,3,1.0162064825930373
target/balance-work/smoke,5a9b57f45a8c30019752ad9b620d118f1f48de02f59cef85ddce3b4e1c20c248,multi_chunk,streaming,baseline,0,166600,156900,181600,3,1.0
target/balance-work/smoke,5a9b57f45a8c30019752ad9b620d118f1f48de02f59cef85ddce3b4e1c20c248,multi_chunk,streaming,repair,100000,177100,169000,211800,3,1.0630252100840336
target/balance-work/smoke,a7209d9d855ab1e5f61f39a53993eb3e37e27ef53c4ba153caf4589e01f124a9,integer,auto,repair,100000,73600,72100,83900,3,1.2085385878489328
target/balance-work/smoke,a7209d9d855ab1e5f61f39a53993eb3e37e27ef53c4ba153caf4589e01f124a9,integer,auto,balanced,100000,67200,66600,69900,3,1.103448275862069
target/balance-work/smoke,a7209d9d855ab1e5f61f39a53993eb3e37e27ef53c4ba153caf4589e01f124a9,integer,auto,baseline,0,60900,57900,60900,3,1.0
target/balance-work/smoke,a7209d9d855ab1e5f61f39a53993eb3e37e27ef53c4ba153caf4589e01f124a9,integer,streaming,baseline,0,158900,153400,172400,3,1.0
target/balance-work/smoke,a7209d9d855ab1e5f61f39a53993eb3e37e27ef53c4ba153caf4589e01f124a9,integer,streaming,repair,100000,178600,178100,180700,3,1.1239773442416614
target/balance-work/smoke,a7209d9d855ab1e5f61f39a53993eb3e37e27ef53c4ba153caf4589e01f124a9,integer,streaming,balanced,100000,161400,157300,173600,3,1.0157331655129012
target/balance-work/smoke,a7209d9d855ab1e5f61f39a53993eb3e37e27ef53c4ba153caf4589e01f124a9,date,auto,baseline,0,62700,59600,63500,3,1.0
target/balance-work/smoke,a7209d9d855ab1e5f61f39a53993eb3e37e27ef53c4ba153caf4589e01f124a9,date,auto,repair,100000,72300,71700,77600,3,1.1531100478468899
target/balance-work/smoke,a7209d9d855ab1e5f61f39a53993eb3e37e27ef53c4ba153caf4589e01f124a9,date,auto,balanced,100000,69400,68000,82000,3,1.1068580542264752
target/balance-work/smoke,a7209d9d855ab1e5f61f39a53993eb3e37e27ef53c4ba153caf4589e01f124a9,date,streaming,balanced,100000,168700,166500,179800,3,0.9831002331002331
target/balance-work/smoke,a7209d9d855ab1e5f61f39a53993eb3e37e27ef53c4ba153caf4589e01f124a9,date,streaming,baseline,0,171600,171500,208200,3,1.0
target/balance-work/smoke,a7209d9d855ab1e5f61f39a53993eb3e37e27ef53c4ba153caf4589e01f124a9,date,streaming,repair,100000,177700,167800,215300,3,1.0355477855477855
target/balance-work/smoke,a7209d9d855ab1e5f61f39a53993eb3e37e27ef53c4ba153caf4589e01f124a9,datetime,auto,repair,100000,78500,77400,79900,3,1.2640901771336555
target/balance-work/smoke,a7209d9d855ab1e5f61f39a53993eb3e37e27ef53c4ba153caf4589e01f124a9,datetime,auto,balanced,100000,71900,71800,72900,3,1.1578099838969405
target/balance-work/smoke,a7209d9d855ab1e5f61f39a53993eb3e37e27ef53c4ba153caf4589e01f124a9,datetime,auto,baseline,0,62100,61800,134300,3,1.0
target/balance-work/smoke,a7209d9d855ab1e5f61f39a53993eb3e37e27ef53c4ba153caf4589e01f124a9,datetime,streaming,baseline,0,203000,198500,307900,3,1.0
target/balance-work/smoke,a7209d9d855ab1e5f61f39a53993eb3e37e27ef53c4ba153caf4589e01f124a9,datetime,streaming,repair,100000,226200,226000,261300,3,1.1142857142857143
target/balance-work/smoke,a7209d9d855ab1e5f61f39a53993eb3e37e27ef53c4ba153caf4589e01f124a9,datetime,streaming,balanced,100000,217800,209700,233000,3,1.0729064039408867
target/balance-work/smoke,a7209d9d855ab1e5f61f39a53993eb3e37e27ef53c4ba153caf4589e01f124a9,grouped,auto,balanced,100000,172700,165600,178900,3,1.1513333333333333
target/balance-work/smoke,a7209d9d855ab1e5f61f39a53993eb3e37e27ef53c4ba153caf4589e01f124a9,grouped,auto,baseline,0,150000,148200,159200,3,1.0
target/balance-work/smoke,a7209d9d855ab1e5f61f39a53993eb3e37e27ef53c4ba153caf4589e01f124a9,grouped,auto,repair,100000,182100,181800,186300,3,1.214
target/balance-work/smoke,a7209d9d855ab1e5f61f39a53993eb3e37e27ef53c4ba153caf4589e01f124a9,grouped,streaming,balanced,100000,275900,272800,327600,3,1.1151980598221503
target/balance-work/smoke,a7209d9d855ab1e5f61f39a53993eb3e37e27ef53c4ba153caf4589e01f124a9,grouped,streaming,baseline,0,247400,246600,254900,3,1.0
target/balance-work/smoke,a7209d9d855ab1e5f61f39a53993eb3e37e27ef53c4ba153caf4589e01f124a9,grouped,streaming,repair,100000,288200,278800,298900,3,1.1649151172190784
target/balance-work/smoke,a7209d9d855ab1e5f61f39a53993eb3e37e27ef53c4ba153caf4589e01f124a9,sliced,auto,repair,100000,79000,74200,86500,3,1.1416184971098267
target/balance-work/smoke,a7209d9d855ab1e5f61f39a53993eb3e37e27ef53c4ba153caf4589e01f124a9,sliced,auto,balanced,100000,70500,68700,173400,3,1.01878612716763
target/balance-work/smoke,a7209d9d855ab1e5f61f39a53993eb3e37e27ef53c4ba153caf4589e01f124a9,sliced,auto,baseline,0,69200,64800,174500,3,1.0
target/balance-work/smoke,a7209d9d855ab1e5f61f39a53993eb3e37e27ef53c4ba153caf4589e01f124a9,sliced,streaming,balanced,100000,220700,208300,227700,3,1.0509523809523809
target/balance-work/smoke,a7209d9d855ab1e5f61f39a53993eb3e37e27ef53c4ba153caf4589e01f124a9,sliced,streaming,baseline,0,210000,202400,216300,3,1.0
target/balance-work/smoke,a7209d9d855ab1e5f61f39a53993eb3e37e27ef53c4ba153caf4589e01f124a9,sliced,streaming,repair,100000,242800,240700,255400,3,1.1561904761904762
target/balance-work/smoke,a7209d9d855ab1e5f61f39a53993eb3e37e27ef53c4ba153caf4589e01f124a9,multi_chunk,auto,balanced,100000,69300,69000,71900,3,1.1647058823529413
target/balance-work/smoke,a7209d9d855ab1e5f61f39a53993eb3e37e27ef53c4ba153caf4589e01f124a9,multi_chunk,auto,baseline,0,59500,59300,76400,3,1.0
target/balance-work/smoke,a7209d9d855ab1e5f61f39a53993eb3e37e27ef53c4ba153caf4589e01f124a9,multi_chunk,auto,repair,100000,76300,76200,77000,3,1.2823529411764707
target/balance-work/smoke,a7209d9d855ab1e5f61f39a53993eb3e37e27ef53c4ba153caf4589e01f124a9,multi_chunk,streaming,balanced,100000,202400,200600,280900,3,1.049792531120332
target/balance-work/smoke,a7209d9d855ab1e5f61f39a53993eb3e37e27ef53c4ba153caf4589e01f124a9,multi_chunk,streaming,baseline,0,192800,185800,268500,3,1.0
target/balance-work/smoke,a7209d9d855ab1e5f61f39a53993eb3e37e27ef53c4ba153caf4589e01f124a9,multi_chunk,streaming,repair,100000,219400,184100,230700,3,1.137966804979253
target/balance-work/smoke,d6350dac47abb672bf5f1d5ff430a251e2b4f85ccdcad4e2d5887dc1fffd17b7,integer,auto,balanced,100000,67400,65500,68000,3,1.1640759930915372
target/balance-work/smoke,d6350dac47abb672bf5f1d5ff430a251e2b4f85ccdcad4e2d5887dc1fffd17b7,integer,auto,baseline,0,57900,57500,60500,3,1.0
target/balance-work/smoke,d6350dac47abb672bf5f1d5ff430a251e2b4f85ccdcad4e2d5887dc1fffd17b7,integer,auto,repair,100000,73700,70900,90600,3,1.2728842832469776
target/balance-work/smoke,d6350dac47abb672bf5f1d5ff430a251e2b4f85ccdcad4e2d5887dc1fffd17b7,integer,streaming,balanced,100000,170700,162500,189600,3,1.05305367057372
target/balance-work/smoke,d6350dac47abb672bf5f1d5ff430a251e2b4f85ccdcad4e2d5887dc1fffd17b7,integer,streaming,baseline,0,162100,160200,181100,3,1.0
target/balance-work/smoke,d6350dac47abb672bf5f1d5ff430a251e2b4f85ccdcad4e2d5887dc1fffd17b7,integer,streaming,repair,100000,177300,173000,180400,3,1.093769278223319
target/balance-work/smoke,d6350dac47abb672bf5f1d5ff430a251e2b4f85ccdcad4e2d5887dc1fffd17b7,date,auto,baseline,0,60300,58200,73700,3,1.0
target/balance-work/smoke,d6350dac47abb672bf5f1d5ff430a251e2b4f85ccdcad4e2d5887dc1fffd17b7,date,auto,repair,100000,72600,71300,74400,3,1.2039800995024876
target/balance-work/smoke,d6350dac47abb672bf5f1d5ff430a251e2b4f85ccdcad4e2d5887dc1fffd17b7,date,auto,balanced,100000,66900,66600,103300,3,1.109452736318408
target/balance-work/smoke,d6350dac47abb672bf5f1d5ff430a251e2b4f85ccdcad4e2d5887dc1fffd17b7,date,streaming,repair,100000,213100,209200,265700,3,1.1305039787798408
target/balance-work/smoke,d6350dac47abb672bf5f1d5ff430a251e2b4f85ccdcad4e2d5887dc1fffd17b7,date,streaming,balanced,100000,254700,188500,271200,3,1.3511936339522546
target/balance-work/smoke,d6350dac47abb672bf5f1d5ff430a251e2b4f85ccdcad4e2d5887dc1fffd17b7,date,streaming,baseline,0,188500,187700,222500,3,1.0
target/balance-work/smoke,d6350dac47abb672bf5f1d5ff430a251e2b4f85ccdcad4e2d5887dc1fffd17b7,datetime,auto,balanced,100000,73600,70200,132200,3,1.1446345256609642
target/balance-work/smoke,d6350dac47abb672bf5f1d5ff430a251e2b4f85ccdcad4e2d5887dc1fffd17b7,datetime,auto,baseline,0,64300,61700,65500,3,1.0
target/balance-work/smoke,d6350dac47abb672bf5f1d5ff430a251e2b4f85ccdcad4e2d5887dc1fffd17b7,datetime,auto,repair,100000,74100,74000,116000,3,1.1524105754276828
target/balance-work/smoke,d6350dac47abb672bf5f1d5ff430a251e2b4f85ccdcad4e2d5887dc1fffd17b7,datetime,streaming,repair,100000,189500,182600,258100,3,0.8563036601897877
target/balance-work/smoke,d6350dac47abb672bf5f1d5ff430a251e2b4f85ccdcad4e2d5887dc1fffd17b7,datetime,streaming,balanced,100000,190000,189600,222800,3,0.8585630366018979
target/balance-work/smoke,d6350dac47abb672bf5f1d5ff430a251e2b4f85ccdcad4e2d5887dc1fffd17b7,datetime,streaming,baseline,0,221300,177300,241600,3,1.0
target/balance-work/smoke,d6350dac47abb672bf5f1d5ff430a251e2b4f85ccdcad4e2d5887dc1fffd17b7,grouped,auto,baseline,0,116100,113600,128100,3,1.0
target/balance-work/smoke,d6350dac47abb672bf5f1d5ff430a251e2b4f85ccdcad4e2d5887dc1fffd17b7,grouped,auto,repair,100000,171300,154700,172300,3,1.475452196382429
target/balance-work/smoke,d6350dac47abb672bf5f1d5ff430a251e2b4f85ccdcad4e2d5887dc1fffd17b7,grouped,auto,balanced,100000,143900,134400,145300,3,1.239448751076658
target/balance-work/smoke,d6350dac47abb672bf5f1d5ff430a251e2b4f85ccdcad4e2d5887dc1fffd17b7,grouped,streaming,balanced,100000,263200,235700,351000,3,1.17921146953405
target/balance-work/smoke,d6350dac47abb672bf5f1d5ff430a251e2b4f85ccdcad4e2d5887dc1fffd17b7,grouped,streaming,baseline,0,223200,203900,234100,3,1.0
target/balance-work/smoke,d6350dac47abb672bf5f1d5ff430a251e2b4f85ccdcad4e2d5887dc1fffd17b7,grouped,streaming,repair,100000,251900,251100,308800,3,1.128584229390681
target/balance-work/smoke,d6350dac47abb672bf5f1d5ff430a251e2b4f85ccdcad4e2d5887dc1fffd17b7,sliced,auto,balanced,100000,65700,64800,92000,3,1.0841584158415842
target/balance-work/smoke,d6350dac47abb672bf5f1d5ff430a251e2b4f85ccdcad4e2d5887dc1fffd17b7,sliced,auto,baseline,0,60600,56300,68700,3,1.0
target/balance-work/smoke,d6350dac47abb672bf5f1d5ff430a251e2b4f85ccdcad4e2d5887dc1fffd17b7,sliced,auto,repair,100000,69000,67700,72900,3,1.1386138613861385
target/balance-work/smoke,d6350dac47abb672bf5f1d5ff430a251e2b4f85ccdcad4e2d5887dc1fffd17b7,sliced,streaming,balanced,100000,204800,196800,218600,3,1.1629755820556502
target/balance-work/smoke,d6350dac47abb672bf5f1d5ff430a251e2b4f85ccdcad4e2d5887dc1fffd17b7,sliced,streaming,baseline,0,176100,169300,274300,3,1.0
target/balance-work/smoke,d6350dac47abb672bf5f1d5ff430a251e2b4f85ccdcad4e2d5887dc1fffd17b7,sliced,streaming,repair,100000,206200,176400,209700,3,1.1709256104486088
target/balance-work/smoke,d6350dac47abb672bf5f1d5ff430a251e2b4f85ccdcad4e2d5887dc1fffd17b7,multi_chunk,auto,baseline,0,67300,63100,69100,3,1.0
target/balance-work/smoke,d6350dac47abb672bf5f1d5ff430a251e2b4f85ccdcad4e2d5887dc1fffd17b7,multi_chunk,auto,repair,100000,76300,73700,253400,3,1.1337295690936107
target/balance-work/smoke,d6350dac47abb672bf5f1d5ff430a251e2b4f85ccdcad4e2d5887dc1fffd17b7,multi_chunk,auto,balanced,100000,71800,70200,87800,3,1.0668647845468053
target/balance-work/smoke,d6350dac47abb672bf5f1d5ff430a251e2b4f85ccdcad4e2d5887dc1fffd17b7,multi_chunk,streaming,balanced,100000,200500,194800,321800,3,0.8891352549889135
target/balance-work/smoke,d6350dac47abb672bf5f1d5ff430a251e2b4f85ccdcad4e2d5887dc1fffd17b7,multi_chunk,streaming,baseline,0,225500,189300,249300,3,1.0
target/balance-work/smoke,d6350dac47abb672bf5f1d5ff430a251e2b4f85ccdcad4e2d5887dc1fffd17b7,multi_chunk,streaming,repair,100000,208300,194200,331400,3,0.9237250554323725
target/balance-work/smoke,8fff4f736a38e4ffd37cdfa9b51d8131f7a7351414d687621dada141418dd9ab,integer,auto,repair,100000,71400,70200,76400,3,1.193979933110368
target/balance-work/smoke,8fff4f736a38e4ffd37cdfa9b51d8131f7a7351414d687621dada141418dd9ab,integer,auto,balanced,100000,69600,68000,69900,3,1.1638795986622072
target/balance-work/smoke,8fff4f736a38e4ffd37cdfa9b51d8131f7a7351414d687621dada141418dd9ab,integer,auto,baseline,0,59800,58400,67300,3,1.0
target/balance-work/smoke,8fff4f736a38e4ffd37cdfa9b51d8131f7a7351414d687621dada141418dd9ab,integer,streaming,baseline,0,276100,213200,543300,3,1.0
target/balance-work/smoke,8fff4f736a38e4ffd37cdfa9b51d8131f7a7351414d687621dada141418dd9ab,integer,streaming,repair,100000,316200,304000,408900,3,1.1452372328866354
target/balance-work/smoke,8fff4f736a38e4ffd37cdfa9b51d8131f7a7351414d687621dada141418dd9ab,integer,streaming,balanced,100000,305000,286100,310300,3,1.1046722202100687
target/balance-work/smoke,8fff4f736a38e4ffd37cdfa9b51d8131f7a7351414d687621dada141418dd9ab,date,auto,repair,100000,92200,88500,104800,3,1.1081730769230769
target/balance-work/smoke,8fff4f736a38e4ffd37cdfa9b51d8131f7a7351414d687621dada141418dd9ab,date,auto,balanced,100000,115300,109000,275800,3,1.3858173076923077
target/balance-work/smoke,8fff4f736a38e4ffd37cdfa9b51d8131f7a7351414d687621dada141418dd9ab,date,auto,baseline,0,83200,65800,96700,3,1.0
target/balance-work/smoke,8fff4f736a38e4ffd37cdfa9b51d8131f7a7351414d687621dada141418dd9ab,date,streaming,baseline,0,244900,172400,273100,3,1.0
target/balance-work/smoke,8fff4f736a38e4ffd37cdfa9b51d8131f7a7351414d687621dada141418dd9ab,date,streaming,repair,100000,316400,208600,329100,3,1.291955900367497
target/balance-work/smoke,8fff4f736a38e4ffd37cdfa9b51d8131f7a7351414d687621dada141418dd9ab,date,streaming,balanced,100000,229300,185100,239300,3,0.9363005308289097
target/balance-work/smoke,8fff4f736a38e4ffd37cdfa9b51d8131f7a7351414d687621dada141418dd9ab,datetime,auto,repair,100000,79300,78400,93600,3,1.2162576687116564
target/balance-work/smoke,8fff4f736a38e4ffd37cdfa9b51d8131f7a7351414d687621dada141418dd9ab,datetime,auto,balanced,100000,76900,74600,77400,3,1.1794478527607362
target/balance-work/smoke,8fff4f736a38e4ffd37cdfa9b51d8131f7a7351414d687621dada141418dd9ab,datetime,auto,baseline,0,65200,65100,70100,3,1.0
target/balance-work/smoke,8fff4f736a38e4ffd37cdfa9b51d8131f7a7351414d687621dada141418dd9ab,datetime,streaming,repair,100000,310000,276000,343200,3,1.113905856988861
target/balance-work/smoke,8fff4f736a38e4ffd37cdfa9b51d8131f7a7351414d687621dada141418dd9ab,datetime,streaming,balanced,100000,252300,238500,269200,3,0.9065756378009342
target/balance-work/smoke,8fff4f736a38e4ffd37cdfa9b51d8131f7a7351414d687621dada141418dd9ab,datetime,streaming,baseline,0,278300,249100,323600,3,1.0
target/balance-work/smoke,8fff4f736a38e4ffd37cdfa9b51d8131f7a7351414d687621dada141418dd9ab,grouped,auto,balanced,100000,229300,160300,307800,3,1.230810520665593
target/balance-work/smoke,8fff4f736a38e4ffd37cdfa9b51d8131f7a7351414d687621dada141418dd9ab,grouped,auto,baseline,0,186300,125600,221100,3,1.0
target/balance-work/smoke,8fff4f736a38e4ffd37cdfa9b51d8131f7a7351414d687621dada141418dd9ab,grouped,auto,repair,100000,236500,205100,271900,3,1.2694578636607623
target/balance-work/smoke,8fff4f736a38e4ffd37cdfa9b51d8131f7a7351414d687621dada141418dd9ab,grouped,streaming,balanced,100000,238800,209700,261100,3,1.0131523122613493
target/balance-work/smoke,8fff4f736a38e4ffd37cdfa9b51d8131f7a7351414d687621dada141418dd9ab,grouped,streaming,baseline,0,235700,226000,277200,3,1.0
target/balance-work/smoke,8fff4f736a38e4ffd37cdfa9b51d8131f7a7351414d687621dada141418dd9ab,grouped,streaming,repair,100000,253200,235400,272900,3,1.0742469240560033
target/balance-work/smoke,8fff4f736a38e4ffd37cdfa9b51d8131f7a7351414d687621dada141418dd9ab,sliced,auto,balanced,100000,69600,69400,71800,3,1.0909090909090908
target/balance-work/smoke,8fff4f736a38e4ffd37cdfa9b51d8131f7a7351414d687621dada141418dd9ab,sliced,auto,baseline,0,63800,58800,84900,3,1.0
target/balance-work/smoke,8fff4f736a38e4ffd37cdfa9b51d8131f7a7351414d687621dada141418dd9ab,sliced,auto,repair,100000,73000,71200,78500,3,1.1442006269592477
target/balance-work/smoke,8fff4f736a38e4ffd37cdfa9b51d8131f7a7351414d687621dada141418dd9ab,sliced,streaming,balanced,100000,195200,176600,299800,3,1.0790491984521835
target/balance-work/smoke,8fff4f736a38e4ffd37cdfa9b51d8131f7a7351414d687621dada141418dd9ab,sliced,streaming,baseline,0,180900,180500,204700,3,1.0
target/balance-work/smoke,8fff4f736a38e4ffd37cdfa9b51d8131f7a7351414d687621dada141418dd9ab,sliced,streaming,repair,100000,197500,195400,210300,3,1.091763405196241
target/balance-work/smoke,8fff4f736a38e4ffd37cdfa9b51d8131f7a7351414d687621dada141418dd9ab,multi_chunk,auto,balanced,100000,74100,72600,74400,3,1.1990291262135921
target/balance-work/smoke,8fff4f736a38e4ffd37cdfa9b51d8131f7a7351414d687621dada141418dd9ab,multi_chunk,auto,baseline,0,61800,61200,65100,3,1.0
target/balance-work/smoke,8fff4f736a38e4ffd37cdfa9b51d8131f7a7351414d687621dada141418dd9ab,multi_chunk,auto,repair,100000,74400,73700,74500,3,1.203883495145631
target/balance-work/smoke,8fff4f736a38e4ffd37cdfa9b51d8131f7a7351414d687621dada141418dd9ab,multi_chunk,streaming,baseline,0,188800,184400,216100,3,1.0
target/balance-work/smoke,8fff4f736a38e4ffd37cdfa9b51d8131f7a7351414d687621dada141418dd9ab,multi_chunk,streaming,repair,100000,193300,191300,197800,3,1.023834745762712
target/balance-work/smoke,8fff4f736a38e4ffd37cdfa9b51d8131f7a7351414d687621dada141418dd9ab,multi_chunk,streaming,balanced,100000,194600,175600,216300,3,1.0307203389830508
target/balance-work/smoke,085a17af089887c83d30dafd1ce8cc31417fd44449341619b362793fdd3c3eab,integer,auto,repair,100000,78000,74700,86300,3,1.3310580204778157
target/balance-work/smoke,085a17af089887c83d30dafd1ce8cc31417fd44449341619b362793fdd3c3eab,integer,auto,balanced,100000,70400,68000,70800,3,1.2013651877133107
target/balance-work/smoke,085a17af089887c83d30dafd1ce8cc31417fd44449341619b362793fdd3c3eab,integer,auto,baseline,0,58600,58500,59900,3,1.0
target/balance-work/smoke,085a17af089887c83d30dafd1ce8cc31417fd44449341619b362793fdd3c3eab,integer,streaming,balanced,100000,177300,175500,233600,3,1.1102066374452098
target/balance-work/smoke,085a17af089887c83d30dafd1ce8cc31417fd44449341619b362793fdd3c3eab,integer,streaming,baseline,0,159700,156400,177600,3,1.0
target/balance-work/smoke,085a17af089887c83d30dafd1ce8cc31417fd44449341619b362793fdd3c3eab,integer,streaming,repair,100000,218800,185200,227700,3,1.3700688791484033
target/balance-work/smoke,085a17af089887c83d30dafd1ce8cc31417fd44449341619b362793fdd3c3eab,date,auto,baseline,0,62600,62300,63500,3,1.0
target/balance-work/smoke,085a17af089887c83d30dafd1ce8cc31417fd44449341619b362793fdd3c3eab,date,auto,repair,100000,77000,76200,80500,3,1.2300319488817892
target/balance-work/smoke,085a17af089887c83d30dafd1ce8cc31417fd44449341619b362793fdd3c3eab,date,auto,balanced,100000,69700,69600,76800,3,1.1134185303514377
target/balance-work/smoke,085a17af089887c83d30dafd1ce8cc31417fd44449341619b362793fdd3c3eab,date,streaming,balanced,100000,172600,166800,173100,3,1.1407799074686054
target/balance-work/smoke,085a17af089887c83d30dafd1ce8cc31417fd44449341619b362793fdd3c3eab,date,streaming,baseline,0,151300,141500,159200,3,1.0
target/balance-work/smoke,085a17af089887c83d30dafd1ce8cc31417fd44449341619b362793fdd3c3eab,date,streaming,repair,100000,186900,183400,192800,3,1.2352941176470589
target/balance-work/smoke,085a17af089887c83d30dafd1ce8cc31417fd44449341619b362793fdd3c3eab,datetime,auto,baseline,0,61500,60400,62100,3,1.0
target/balance-work/smoke,085a17af089887c83d30dafd1ce8cc31417fd44449341619b362793fdd3c3eab,datetime,auto,repair,100000,83000,78600,86000,3,1.3495934959349594
target/balance-work/smoke,085a17af089887c83d30dafd1ce8cc31417fd44449341619b362793fdd3c3eab,datetime,auto,balanced,100000,70600,70100,75500,3,1.1479674796747967
target/balance-work/smoke,085a17af089887c83d30dafd1ce8cc31417fd44449341619b362793fdd3c3eab,datetime,streaming,balanced,100000,178200,170300,183600,3,1.0336426914153132
target/balance-work/smoke,085a17af089887c83d30dafd1ce8cc31417fd44449341619b362793fdd3c3eab,datetime,streaming,baseline,0,172400,169400,180000,3,1.0
target/balance-work/smoke,085a17af089887c83d30dafd1ce8cc31417fd44449341619b362793fdd3c3eab,datetime,streaming,repair,100000,190300,187100,195000,3,1.1038283062645011
target/balance-work/smoke,085a17af089887c83d30dafd1ce8cc31417fd44449341619b362793fdd3c3eab,grouped,auto,repair,100000,238300,192400,268600,3,1.6985032074126871
target/balance-work/smoke,085a17af089887c83d30dafd1ce8cc31417fd44449341619b362793fdd3c3eab,grouped,auto,balanced,100000,180800,159400,202300,3,1.2886671418389166
target/balance-work/smoke,085a17af089887c83d30dafd1ce8cc31417fd44449341619b362793fdd3c3eab,grouped,auto,baseline,0,140300,120600,184500,3,1.0
target/balance-work/smoke,085a17af089887c83d30dafd1ce8cc31417fd44449341619b362793fdd3c3eab,grouped,streaming,balanced,100000,246200,226900,256700,3,1.0718328254244667
target/balance-work/smoke,085a17af089887c83d30dafd1ce8cc31417fd44449341619b362793fdd3c3eab,grouped,streaming,baseline,0,229700,213400,258800,3,1.0
target/balance-work/smoke,085a17af089887c83d30dafd1ce8cc31417fd44449341619b362793fdd3c3eab,grouped,streaming,repair,100000,265700,263500,293200,3,1.1567261645624727
target/balance-work/smoke,085a17af089887c83d30dafd1ce8cc31417fd44449341619b362793fdd3c3eab,sliced,auto,baseline,0,57700,56900,60500,3,1.0
target/balance-work/smoke,085a17af089887c83d30dafd1ce8cc31417fd44449341619b362793fdd3c3eab,sliced,auto,repair,100000,72600,72500,73500,3,1.2582322357019065
target/balance-work/smoke,085a17af089887c83d30dafd1ce8cc31417fd44449341619b362793fdd3c3eab,sliced,auto,balanced,100000,68500,64700,72900,3,1.1871750433275563
target/balance-work/smoke,085a17af089887c83d30dafd1ce8cc31417fd44449341619b362793fdd3c3eab,sliced,streaming,baseline,0,161400,143300,163100,3,1.0
target/balance-work/smoke,085a17af089887c83d30dafd1ce8cc31417fd44449341619b362793fdd3c3eab,sliced,streaming,repair,100000,178600,177100,186700,3,1.1065675340768277
target/balance-work/smoke,085a17af089887c83d30dafd1ce8cc31417fd44449341619b362793fdd3c3eab,sliced,streaming,balanced,100000,167900,164700,176100,3,1.040272614622057
target/balance-work/smoke,085a17af089887c83d30dafd1ce8cc31417fd44449341619b362793fdd3c3eab,multi_chunk,auto,baseline,0,62300,59200,64100,3,1.0
target/balance-work/smoke,085a17af089887c83d30dafd1ce8cc31417fd44449341619b362793fdd3c3eab,multi_chunk,auto,repair,100000,75000,74900,75000,3,1.203852327447833
target/balance-work/smoke,085a17af089887c83d30dafd1ce8cc31417fd44449341619b362793fdd3c3eab,multi_chunk,auto,balanced,100000,67500,67000,74500,3,1.0834670947030498
target/balance-work/smoke,085a17af089887c83d30dafd1ce8cc31417fd44449341619b362793fdd3c3eab,multi_chunk,streaming,balanced,100000,164500,162200,173600,3,1.1503496503496504
target/balance-work/smoke,085a17af089887c83d30dafd1ce8cc31417fd44449341619b362793fdd3c3eab,multi_chunk,streaming,baseline,0,143000,142900,156000,3,1.0
target/balance-work/smoke,085a17af089887c83d30dafd1ce8cc31417fd44449341619b362793fdd3c3eab,multi_chunk,streaming,repair,100000,180400,170900,181100,3,1.2615384615384615
target/balance-work/smoke,bdf8c256557b9a4c09a895eee3e613cd4f87eee57792cb5c832f1f8d3ff280e3,integer,auto,balanced,100000,71300,70000,74100,3,1.1481481481481481
target/balance-work/smoke,bdf8c256557b9a4c09a895eee3e613cd4f87eee57792cb5c832f1f8d3ff280e3,integer,auto,baseline,0,62100,60000,63800,3,1.0
target/balance-work/smoke,bdf8c256557b9a4c09a895eee3e613cd4f87eee57792cb5c832f1f8d3ff280e3,integer,auto,repair,100000,76700,75800,77500,3,1.2351046698872785
target/balance-work/smoke,bdf8c256557b9a4c09a895eee3e613cd4f87eee57792cb5c832f1f8d3ff280e3,integer,streaming,baseline,0,209500,177200,242500,3,1.0
target/balance-work/smoke,bdf8c256557b9a4c09a895eee3e613cd4f87eee57792cb5c832f1f8d3ff280e3,integer,streaming,repair,100000,194900,194700,306600,3,0.930310262529833
target/balance-work/smoke,bdf8c256557b9a4c09a895eee3e613cd4f87eee57792cb5c832f1f8d3ff280e3,integer,streaming,balanced,100000,187800,186800,203500,3,0.8964200477326969
target/balance-work/smoke,bdf8c256557b9a4c09a895eee3e613cd4f87eee57792cb5c832f1f8d3ff280e3,date,auto,baseline,0,62900,62000,65200,3,1.0
target/balance-work/smoke,bdf8c256557b9a4c09a895eee3e613cd4f87eee57792cb5c832f1f8d3ff280e3,date,auto,repair,100000,80700,80000,92000,3,1.2829888712241653
target/balance-work/smoke,bdf8c256557b9a4c09a895eee3e613cd4f87eee57792cb5c832f1f8d3ff280e3,date,auto,balanced,100000,74200,74000,111000,3,1.179650238473768
target/balance-work/smoke,bdf8c256557b9a4c09a895eee3e613cd4f87eee57792cb5c832f1f8d3ff280e3,date,streaming,baseline,0,282200,236200,286100,3,1.0
target/balance-work/smoke,bdf8c256557b9a4c09a895eee3e613cd4f87eee57792cb5c832f1f8d3ff280e3,date,streaming,repair,100000,317900,258700,321200,3,1.1265060240963856
target/balance-work/smoke,bdf8c256557b9a4c09a895eee3e613cd4f87eee57792cb5c832f1f8d3ff280e3,date,streaming,balanced,100000,245800,222300,268800,3,0.8710134656272147
target/balance-work/smoke,bdf8c256557b9a4c09a895eee3e613cd4f87eee57792cb5c832f1f8d3ff280e3,datetime,auto,repair,100000,87500,85600,107000,3,1.282991202346041
target/balance-work/smoke,bdf8c256557b9a4c09a895eee3e613cd4f87eee57792cb5c832f1f8d3ff280e3,datetime,auto,balanced,100000,79500,76800,246600,3,1.1656891495601174
target/balance-work/smoke,bdf8c256557b9a4c09a895eee3e613cd4f87eee57792cb5c832f1f8d3ff280e3,datetime,auto,baseline,0,68200,67400,125500,3,1.0
target/balance-work/smoke,bdf8c256557b9a4c09a895eee3e613cd4f87eee57792cb5c832f1f8d3ff280e3,datetime,streaming,repair,100000,285200,256600,299900,3,1.1794871794871795
target/balance-work/smoke,bdf8c256557b9a4c09a895eee3e613cd4f87eee57792cb5c832f1f8d3ff280e3,datetime,streaming,balanced,100000,255900,226500,274800,3,1.0583126550868487
target/balance-work/smoke,bdf8c256557b9a4c09a895eee3e613cd4f87eee57792cb5c832f1f8d3ff280e3,datetime,streaming,baseline,0,241800,235900,246100,3,1.0
target/balance-work/smoke,bdf8c256557b9a4c09a895eee3e613cd4f87eee57792cb5c832f1f8d3ff280e3,grouped,auto,balanced,100000,223200,186100,336700,3,1.237250554323725
target/balance-work/smoke,bdf8c256557b9a4c09a895eee3e613cd4f87eee57792cb5c832f1f8d3ff280e3,grouped,auto,baseline,0,180400,158600,192500,3,1.0
target/balance-work/smoke,bdf8c256557b9a4c09a895eee3e613cd4f87eee57792cb5c832f1f8d3ff280e3,grouped,auto,repair,100000,239600,233900,247800,3,1.328159645232816
target/balance-work/smoke,bdf8c256557b9a4c09a895eee3e613cd4f87eee57792cb5c832f1f8d3ff280e3,grouped,streaming,repair,100000,384100,312900,405100,3,1.4342793129200897
target/balance-work/smoke,bdf8c256557b9a4c09a895eee3e613cd4f87eee57792cb5c832f1f8d3ff280e3,grouped,streaming,balanced,100000,285600,269200,295600,3,1.0664675130694548
target/balance-work/smoke,bdf8c256557b9a4c09a895eee3e613cd4f87eee57792cb5c832f1f8d3ff280e3,grouped,streaming,baseline,0,267800,244800,290600,3,1.0
target/balance-work/smoke,bdf8c256557b9a4c09a895eee3e613cd4f87eee57792cb5c832f1f8d3ff280e3,sliced,auto,repair,100000,81900,78000,96300,3,1.3514851485148516
target/balance-work/smoke,bdf8c256557b9a4c09a895eee3e613cd4f87eee57792cb5c832f1f8d3ff280e3,sliced,auto,balanced,100000,71400,70800,72700,3,1.1782178217821782
target/balance-work/smoke,bdf8c256557b9a4c09a895eee3e613cd4f87eee57792cb5c832f1f8d3ff280e3,sliced,auto,baseline,0,60600,60300,63200,3,1.0
target/balance-work/smoke,bdf8c256557b9a4c09a895eee3e613cd4f87eee57792cb5c832f1f8d3ff280e3,sliced,streaming,baseline,0,291900,215700,310500,3,1.0
target/balance-work/smoke,bdf8c256557b9a4c09a895eee3e613cd4f87eee57792cb5c832f1f8d3ff280e3,sliced,streaming,repair,100000,333300,267500,343500,3,1.1418293936279549
target/balance-work/smoke,bdf8c256557b9a4c09a895eee3e613cd4f87eee57792cb5c832f1f8d3ff280e3,sliced,streaming,balanced,100000,260600,254200,366000,3,0.8927714970880438
target/balance-work/smoke,bdf8c256557b9a4c09a895eee3e613cd4f87eee57792cb5c832f1f8d3ff280e3,multi_chunk,auto,repair,100000,80400,78600,92100,3,1.1840942562592047
target/balance-work/smoke,bdf8c256557b9a4c09a895eee3e613cd4f87eee57792cb5c832f1f8d3ff280e3,multi_chunk,auto,balanced,100000,72000,71800,73200,3,1.0603829160530192
target/balance-work/smoke,bdf8c256557b9a4c09a895eee3e613cd4f87eee57792cb5c832f1f8d3ff280e3,multi_chunk,auto,baseline,0,67900,61700,69800,3,1.0
target/balance-work/smoke,bdf8c256557b9a4c09a895eee3e613cd4f87eee57792cb5c832f1f8d3ff280e3,multi_chunk,streaming,balanced,100000,252000,227100,261100,3,0.9859154929577465
target/balance-work/smoke,bdf8c256557b9a4c09a895eee3e613cd4f87eee57792cb5c832f1f8d3ff280e3,multi_chunk,streaming,baseline,0,255600,219800,299900,3,1.0
target/balance-work/smoke,bdf8c256557b9a4c09a895eee3e613cd4f87eee57792cb5c832f1f8d3ff280e3,multi_chunk,streaming,repair,100000,266800,250000,326400,3,1.0438184663536776
target/balance-work/smoke,3cac0d16dec351d337673fd5d219c690503231c3a20c38284dcb2dba1ec64178,integer,auto,repair,100000,76100,71400,77000,3,1.3120689655172413
target/balance-work/smoke,3cac0d16dec351d337673fd5d219c690503231c3a20c38284dcb2dba1ec64178,integer,auto,balanced,100000,66400,65900,67200,3,1.1448275862068966
target/balance-work/smoke,3cac0d16dec351d337673fd5d219c690503231c3a20c38284dcb2dba1ec64178,integer,auto,baseline,0,58000,57300,62000,3,1.0
target/balance-work/smoke,3cac0d16dec351d337673fd5d219c690503231c3a20c38284dcb2dba1ec64178,integer,streaming,baseline,0,247100,223000,375000,3,1.0
target/balance-work/smoke,3cac0d16dec351d337673fd5d219c690503231c3a20c38284dcb2dba1ec64178,integer,streaming,repair,100000,407100,216300,434100,3,1.6475111290975313
target/balance-work/smoke,3cac0d16dec351d337673fd5d219c690503231c3a20c38284dcb2dba1ec64178,integer,streaming,balanced,100000,297700,206800,303900,3,1.2047753945770943
target/balance-work/smoke,3cac0d16dec351d337673fd5d219c690503231c3a20c38284dcb2dba1ec64178,date,auto,balanced,100000,70600,70000,70900,3,1.157377049180328
target/balance-work/smoke,3cac0d16dec351d337673fd5d219c690503231c3a20c38284dcb2dba1ec64178,date,auto,baseline,0,61000,60400,66900,3,1.0
target/balance-work/smoke,3cac0d16dec351d337673fd5d219c690503231c3a20c38284dcb2dba1ec64178,date,auto,repair,100000,74900,73600,75400,3,1.2278688524590164
target/balance-work/smoke,3cac0d16dec351d337673fd5d219c690503231c3a20c38284dcb2dba1ec64178,date,streaming,baseline,0,265500,202700,327800,3,1.0
target/balance-work/smoke,3cac0d16dec351d337673fd5d219c690503231c3a20c38284dcb2dba1ec64178,date,streaming,repair,100000,243100,232200,257700,3,0.9156308851224105
target/balance-work/smoke,3cac0d16dec351d337673fd5d219c690503231c3a20c38284dcb2dba1ec64178,date,streaming,balanced,100000,235400,210100,265700,3,0.8866290018832391
target/balance-work/smoke,3cac0d16dec351d337673fd5d219c690503231c3a20c38284dcb2dba1ec64178,datetime,auto,baseline,0,68800,64300,80800,3,1.0
target/balance-work/smoke,3cac0d16dec351d337673fd5d219c690503231c3a20c38284dcb2dba1ec64178,datetime,auto,repair,100000,85400,80100,88000,3,1.2412790697674418
target/balance-work/smoke,3cac0d16dec351d337673fd5d219c690503231c3a20c38284dcb2dba1ec64178,datetime,auto,balanced,100000,102700,74800,149400,3,1.492732558139535
target/balance-work/smoke,3cac0d16dec351d337673fd5d219c690503231c3a20c38284dcb2dba1ec64178,datetime,streaming,baseline,0,244200,213800,254400,3,1.0
target/balance-work/smoke,3cac0d16dec351d337673fd5d219c690503231c3a20c38284dcb2dba1ec64178,datetime,streaming,repair,100000,261700,255100,277800,3,1.0716625716625716
target/balance-work/smoke,3cac0d16dec351d337673fd5d219c690503231c3a20c38284dcb2dba1ec64178,datetime,streaming,balanced,100000,278100,243800,342000,3,1.1388206388206388
target/balance-work/smoke,3cac0d16dec351d337673fd5d219c690503231c3a20c38284dcb2dba1ec64178,grouped,auto,baseline,0,164400,161500,218100,3,1.0
target/balance-work/smoke,3cac0d16dec351d337673fd5d219c690503231c3a20c38284dcb2dba1ec64178,grouped,auto,repair,100000,204100,201900,210100,3,1.241484184914842
target/balance-work/smoke,3cac0d16dec351d337673fd5d219c690503231c3a20c38284dcb2dba1ec64178,grouped,auto,balanced,100000,248900,179900,252900,3,1.5139902676399026
target/balance-work/smoke,3cac0d16dec351d337673fd5d219c690503231c3a20c38284dcb2dba1ec64178,grouped,streaming,balanced,100000,273200,266700,276800,3,1.0832672482157018
target/balance-work/smoke,3cac0d16dec351d337673fd5d219c690503231c3a20c38284dcb2dba1ec64178,grouped,streaming,baseline,0,252200,243200,279400,3,1.0
target/balance-work/smoke,3cac0d16dec351d337673fd5d219c690503231c3a20c38284dcb2dba1ec64178,grouped,streaming,repair,100000,308200,304500,315400,3,1.2220459952418716
target/balance-work/smoke,3cac0d16dec351d337673fd5d219c690503231c3a20c38284dcb2dba1ec64178,sliced,auto,baseline,0,62200,60200,69300,3,1.0
target/balance-work/smoke,3cac0d16dec351d337673fd5d219c690503231c3a20c38284dcb2dba1ec64178,sliced,auto,repair,100000,74500,72600,84700,3,1.197749196141479
target/balance-work/smoke,3cac0d16dec351d337673fd5d219c690503231c3a20c38284dcb2dba1ec64178,sliced,auto,balanced,100000,127200,74500,135000,3,2.045016077170418
target/balance-work/smoke,3cac0d16dec351d337673fd5d219c690503231c3a20c38284dcb2dba1ec64178,sliced,streaming,balanced,100000,211100,211100,213100,3,1.0257531584062196
target/balance-work/smoke,3cac0d16dec351d337673fd5d219c690503231c3a20c38284dcb2dba1ec64178,sliced,streaming,baseline,0,205800,198800,214200,3,1.0
target/balance-work/smoke,3cac0d16dec351d337673fd5d219c690503231c3a20c38284dcb2dba1ec64178,sliced,streaming,repair,100000,232500,229300,244900,3,1.129737609329446
target/balance-work/smoke,3cac0d16dec351d337673fd5d219c690503231c3a20c38284dcb2dba1ec64178,multi_chunk,auto,balanced,100000,69900,68300,70900,3,1.1148325358851674
target/balance-work/smoke,3cac0d16dec351d337673fd5d219c690503231c3a20c38284dcb2dba1ec64178,multi_chunk,auto,baseline,0,62700,60500,64200,3,1.0
target/balance-work/smoke,3cac0d16dec351d337673fd5d219c690503231c3a20c38284dcb2dba1ec64178,multi_chunk,auto,repair,100000,74400,72900,74600,3,1.186602870813397
target/balance-work/smoke,3cac0d16dec351d337673fd5d219c690503231c3a20c38284dcb2dba1ec64178,multi_chunk,streaming,repair,100000,294200,271700,307400,3,1.2037643207855975
target/balance-work/smoke,3cac0d16dec351d337673fd5d219c690503231c3a20c38284dcb2dba1ec64178,multi_chunk,streaming,balanced,100000,309700,239700,311200,3,1.2671849427168576
target/balance-work/smoke,3cac0d16dec351d337673fd5d219c690503231c3a20c38284dcb2dba1ec64178,multi_chunk,streaming,baseline,0,244400,236100,274300,3,1.0
target/balance-work/smoke,1280d756d8b1bd8fceedad30ef694a37ed8cd36fbb0be37dd9f2d949ab6b7a54,integer,auto,repair,100000,80500,78700,122400,3,1.3068181818181819
target/balance-work/smoke,1280d756d8b1bd8fceedad30ef694a37ed8cd36fbb0be37dd9f2d949ab6b7a54,integer,auto,balanced,100000,70100,69500,77700,3,1.1379870129870129
target/balance-work/smoke,1280d756d8b1bd8fceedad30ef694a37ed8cd36fbb0be37dd9f2d949ab6b7a54,integer,auto,baseline,0,61600,59100,63600,3,1.0
target/balance-work/smoke,1280d756d8b1bd8fceedad30ef694a37ed8cd36fbb0be37dd9f2d949ab6b7a54,integer,streaming,baseline,0,217300,200200,228600,3,1.0
target/balance-work/smoke,1280d756d8b1bd8fceedad30ef694a37ed8cd36fbb0be37dd9f2d949ab6b7a54,integer,streaming,repair,100000,230000,227200,327900,3,1.058444546709618
target/balance-work/smoke,1280d756d8b1bd8fceedad30ef694a37ed8cd36fbb0be37dd9f2d949ab6b7a54,integer,streaming,balanced,100000,242300,226200,250500,3,1.1150483202945236
target/balance-work/smoke,1280d756d8b1bd8fceedad30ef694a37ed8cd36fbb0be37dd9f2d949ab6b7a54,date,auto,repair,100000,77100,76000,78700,3,1.2577487765089723
target/balance-work/smoke,1280d756d8b1bd8fceedad30ef694a37ed8cd36fbb0be37dd9f2d949ab6b7a54,date,auto,balanced,100000,71500,71200,75800,3,1.166394779771615
target/balance-work/smoke,1280d756d8b1bd8fceedad30ef694a37ed8cd36fbb0be37dd9f2d949ab6b7a54,date,auto,baseline,0,61300,61200,65600,3,1.0
target/balance-work/smoke,1280d756d8b1bd8fceedad30ef694a37ed8cd36fbb0be37dd9f2d949ab6b7a54,date,streaming,balanced,100000,254600,222600,366800,3,1.119120879120879
target/balance-work/smoke,1280d756d8b1bd8fceedad30ef694a37ed8cd36fbb0be37dd9f2d949ab6b7a54,date,streaming,baseline,0,227500,213100,230000,3,1.0
target/balance-work/smoke,1280d756d8b1bd8fceedad30ef694a37ed8cd36fbb0be37dd9f2d949ab6b7a54,date,streaming,repair,100000,281000,263600,354200,3,1.2351648351648352
target/balance-work/smoke,1280d756d8b1bd8fceedad30ef694a37ed8cd36fbb0be37dd9f2d949ab6b7a54,datetime,auto,repair,100000,79700,79300,82000,3,1.1337126600284495
target/balance-work/smoke,1280d756d8b1bd8fceedad30ef694a37ed8cd36fbb0be37dd9f2d949ab6b7a54,datetime,auto,balanced,100000,74300,73600,74800,3,1.0568990042674253
target/balance-work/smoke,1280d756d8b1bd8fceedad30ef694a37ed8cd36fbb0be37dd9f2d949ab6b7a54,datetime,auto,baseline,0,70300,67700,75000,3,1.0
target/balance-work/smoke,1280d756d8b1bd8fceedad30ef694a37ed8cd36fbb0be37dd9f2d949ab6b7a54,datetime,streaming,balanced,100000,219700,191900,293000,3,0.8578680203045685
target/balance-work/smoke,1280d756d8b1bd8fceedad30ef694a37ed8cd36fbb0be37dd9f2d949ab6b7a54,datetime,streaming,baseline,0,256100,222400,261400,3,1.0
target/balance-work/smoke,1280d756d8b1bd8fceedad30ef694a37ed8cd36fbb0be37dd9f2d949ab6b7a54,datetime,streaming,repair,100000,242200,224000,252900,3,0.9457243264349864
target/balance-work/smoke,1280d756d8b1bd8fceedad30ef694a37ed8cd36fbb0be37dd9f2d949ab6b7a54,grouped,auto,balanced,100000,263000,203100,280100,3,1.266859344894027
target/balance-work/smoke,1280d756d8b1bd8fceedad30ef694a37ed8cd36fbb0be37dd9f2d949ab6b7a54,grouped,auto,baseline,0,207600,177600,239700,3,1.0
target/balance-work/smoke,1280d756d8b1bd8fceedad30ef694a37ed8cd36fbb0be37dd9f2d949ab6b7a54,grouped,auto,repair,100000,252900,216700,294700,3,1.2182080924855492
target/balance-work/smoke,1280d756d8b1bd8fceedad30ef694a37ed8cd36fbb0be37dd9f2d949ab6b7a54,grouped,streaming,balanced,100000,282500,273500,330200,3,1.0873749037721323
target/balance-work/smoke,1280d756d8b1bd8fceedad30ef694a37ed8cd36fbb0be37dd9f2d949ab6b7a54,grouped,streaming,baseline,0,259800,252600,268900,3,1.0
target/balance-work/smoke,1280d756d8b1bd8fceedad30ef694a37ed8cd36fbb0be37dd9f2d949ab6b7a54,grouped,streaming,repair,100000,301100,293900,306600,3,1.1589684372594304
target/balance-work/smoke,1280d756d8b1bd8fceedad30ef694a37ed8cd36fbb0be37dd9f2d949ab6b7a54,sliced,auto,balanced,100000,70300,68300,77400,3,1.0461309523809523
target/balance-work/smoke,1280d756d8b1bd8fceedad30ef694a37ed8cd36fbb0be37dd9f2d949ab6b7a54,sliced,auto,baseline,0,67200,59400,216500,3,1.0
target/balance-work/smoke,1280d756d8b1bd8fceedad30ef694a37ed8cd36fbb0be37dd9f2d949ab6b7a54,sliced,auto,repair,100000,78200,71900,104000,3,1.1636904761904763
target/balance-work/smoke,1280d756d8b1bd8fceedad30ef694a37ed8cd36fbb0be37dd9f2d949ab6b7a54,sliced,streaming,repair,100000,256200,230600,310000,3,1.151978417266187
target/balance-work/smoke,1280d756d8b1bd8fceedad30ef694a37ed8cd36fbb0be37dd9f2d949ab6b7a54,sliced,streaming,balanced,100000,234000,225800,250000,3,1.0521582733812949
target/balance-work/smoke,1280d756d8b1bd8fceedad30ef694a37ed8cd36fbb0be37dd9f2d949ab6b7a54,sliced,streaming,baseline,0,222400,218400,237200,3,1.0
target/balance-work/smoke,1280d756d8b1bd8fceedad30ef694a37ed8cd36fbb0be37dd9f2d949ab6b7a54,multi_chunk,auto,repair,100000,78900,76700,84100,3,1.308457711442786
target/balance-work/smoke,1280d756d8b1bd8fceedad30ef694a37ed8cd36fbb0be37dd9f2d949ab6b7a54,multi_chunk,auto,balanced,100000,71600,69500,78000,3,1.187396351575456
target/balance-work/smoke,1280d756d8b1bd8fceedad30ef694a37ed8cd36fbb0be37dd9f2d949ab6b7a54,multi_chunk,auto,baseline,0,60300,60200,71800,3,1.0
target/balance-work/smoke,1280d756d8b1bd8fceedad30ef694a37ed8cd36fbb0be37dd9f2d949ab6b7a54,multi_chunk,streaming,balanced,100000,232000,214500,232400,3,1.145679012345679
target/balance-work/smoke,1280d756d8b1bd8fceedad30ef694a37ed8cd36fbb0be37dd9f2d949ab6b7a54,multi_chunk,streaming,baseline,0,202500,190500,267700,3,1.0
target/balance-work/smoke,1280d756d8b1bd8fceedad30ef694a37ed8cd36fbb0be37dd9f2d949ab6b7a54,multi_chunk,streaming,repair,100000,251300,228300,290400,3,1.2409876543209877
target/balance-work/smoke,3704f1ca7954a92b4ce6488728f362e8f8c884a21390521a073c05593993b414,integer,auto,baseline,0,57500,57000,62300,3,1.0
target/balance-work/smoke,3704f1ca7954a92b4ce6488728f362e8f8c884a21390521a073c05593993b414,integer,auto,repair,100000,69600,66500,71000,3,1.2104347826086956
target/balance-work/smoke,3704f1ca7954a92b4ce6488728f362e8f8c884a21390521a073c05593993b414,integer,auto,balanced,100000,61800,61500,64500,3,1.0747826086956522
target/balance-work/smoke,3704f1ca7954a92b4ce6488728f362e8f8c884a21390521a073c05593993b414,integer,streaming,repair,100000,239300,216000,310200,3,1.1012425218591808
target/balance-work/smoke,3704f1ca7954a92b4ce6488728f362e8f8c884a21390521a073c05593993b414,integer,streaming,balanced,100000,220100,206000,273100,3,1.0128854118729866
target/balance-work/smoke,3704f1ca7954a92b4ce6488728f362e8f8c884a21390521a073c05593993b414,integer,streaming,baseline,0,217300,197800,217600,3,1.0
target/balance-work/smoke,3704f1ca7954a92b4ce6488728f362e8f8c884a21390521a073c05593993b414,date,auto,baseline,0,59800,58900,63100,3,1.0
target/balance-work/smoke,3704f1ca7954a92b4ce6488728f362e8f8c884a21390521a073c05593993b414,date,auto,repair,100000,71400,68500,73300,3,1.193979933110368
target/balance-work/smoke,3704f1ca7954a92b4ce6488728f362e8f8c884a21390521a073c05593993b414,date,auto,balanced,100000,66100,64900,67700,3,1.105351170568562
target/balance-work/smoke,3704f1ca7954a92b4ce6488728f362e8f8c884a21390521a073c05593993b414,date,streaming,repair,100000,225300,222000,244200,3,0.9744809688581315
target/balance-work/smoke,3704f1ca7954a92b4ce6488728f362e8f8c884a21390521a073c05593993b414,date,streaming,balanced,100000,222200,214500,241100,3,0.9610726643598616
target/balance-work/smoke,3704f1ca7954a92b4ce6488728f362e8f8c884a21390521a073c05593993b414,date,streaming,baseline,0,231200,209700,264600,3,1.0
target/balance-work/smoke,3704f1ca7954a92b4ce6488728f362e8f8c884a21390521a073c05593993b414,datetime,auto,baseline,0,70100,64400,71600,3,1.0
target/balance-work/smoke,3704f1ca7954a92b4ce6488728f362e8f8c884a21390521a073c05593993b414,datetime,auto,repair,100000,73400,73200,81600,3,1.0470756062767475
target/balance-work/smoke,3704f1ca7954a92b4ce6488728f362e8f8c884a21390521a073c05593993b414,datetime,auto,balanced,100000,107900,67100,126000,3,1.5392296718972895
target/balance-work/smoke,3704f1ca7954a92b4ce6488728f362e8f8c884a21390521a073c05593993b414,datetime,streaming,repair,100000,205100,188800,311700,3,1.1177111716621253
target/balance-work/smoke,3704f1ca7954a92b4ce6488728f362e8f8c884a21390521a073c05593993b414,datetime,streaming,balanced,100000,183000,182500,231300,3,0.997275204359673
target/balance-work/smoke,3704f1ca7954a92b4ce6488728f362e8f8c884a21390521a073c05593993b414,datetime,streaming,baseline,0,183500,174500,210500,3,1.0
target/balance-work/smoke,3704f1ca7954a92b4ce6488728f362e8f8c884a21390521a073c05593993b414,grouped,auto,balanced,100000,178400,170800,190000,3,1.1791143423661599
target/balance-work/smoke,3704f1ca7954a92b4ce6488728f362e8f8c884a21390521a073c05593993b414,grouped,auto,baseline,0,151300,146400,158600,3,1.0
target/balance-work/smoke,3704f1ca7954a92b4ce6488728f362e8f8c884a21390521a073c05593993b414,grouped,auto,repair,100000,211700,192600,273000,3,1.3992068737607402
target/balance-work/smoke,3704f1ca7954a92b4ce6488728f362e8f8c884a21390521a073c05593993b414,grouped,streaming,baseline,0,253400,242100,287000,3,1.0
target/balance-work/smoke,3704f1ca7954a92b4ce6488728f362e8f8c884a21390521a073c05593993b414,grouped,streaming,repair,100000,277900,270900,283700,3,1.0966850828729282
target/balance-work/smoke,3704f1ca7954a92b4ce6488728f362e8f8c884a21390521a073c05593993b414,grouped,streaming,balanced,100000,254000,243000,281100,3,1.0023677979479084
target/balance-work/smoke,3704f1ca7954a92b4ce6488728f362e8f8c884a21390521a073c05593993b414,sliced,auto,repair,100000,69500,69000,78400,3,1.1583333333333334
target/balance-work/smoke,3704f1ca7954a92b4ce6488728f362e8f8c884a21390521a073c05593993b414,sliced,auto,balanced,100000,68700,62000,276200,3,1.145
target/balance-work/smoke,3704f1ca7954a92b4ce6488728f362e8f8c884a21390521a073c05593993b414,sliced,auto,baseline,0,60000,57800,68300,3,1.0
target/balance-work/smoke,3704f1ca7954a92b4ce6488728f362e8f8c884a21390521a073c05593993b414,sliced,streaming,repair,100000,183100,181400,185400,3,1.0450913242009132
target/balance-work/smoke,3704f1ca7954a92b4ce6488728f362e8f8c884a21390521a073c05593993b414,sliced,streaming,balanced,100000,180000,179200,181800,3,1.0273972602739727
target/balance-work/smoke,3704f1ca7954a92b4ce6488728f362e8f8c884a21390521a073c05593993b414,sliced,streaming,baseline,0,175200,172600,192800,3,1.0
target/balance-work/smoke,3704f1ca7954a92b4ce6488728f362e8f8c884a21390521a073c05593993b414,multi_chunk,auto,baseline,0,61100,59100,62100,3,1.0
target/balance-work/smoke,3704f1ca7954a92b4ce6488728f362e8f8c884a21390521a073c05593993b414,multi_chunk,auto,repair,100000,67500,66500,67700,3,1.104746317512275
target/balance-work/smoke,3704f1ca7954a92b4ce6488728f362e8f8c884a21390521a073c05593993b414,multi_chunk,auto,balanced,100000,65600,63100,74200,3,1.0736497545008183
target/balance-work/smoke,3704f1ca7954a92b4ce6488728f362e8f8c884a21390521a073c05593993b414,multi_chunk,streaming,repair,100000,181500,180000,182700,3,1.0044272274488102
target/balance-work/smoke,3704f1ca7954a92b4ce6488728f362e8f8c884a21390521a073c05593993b414,multi_chunk,streaming,balanced,100000,180100,179700,199500,3,0.9966795794133924
target/balance-work/smoke,3704f1ca7954a92b4ce6488728f362e8f8c884a21390521a073c05593993b414,multi_chunk,streaming,baseline,0,180700,177400,182500,3,1.0
target/balance-work/smoke,b42ba3afd3791ccc6f257fe8aea3af71a3bf8d72bba583da5159dad8a405f6e0,integer,auto,repair,100000,72700,68600,73100,3,1.1706924315619969
target/balance-work/smoke,b42ba3afd3791ccc6f257fe8aea3af71a3bf8d72bba583da5159dad8a405f6e0,integer,auto,balanced,100000,64800,63100,98900,3,1.0434782608695652
target/balance-work/smoke,b42ba3afd3791ccc6f257fe8aea3af71a3bf8d72bba583da5159dad8a405f6e0,integer,auto,baseline,0,62100,58600,65800,3,1.0
target/balance-work/smoke,b42ba3afd3791ccc6f257fe8aea3af71a3bf8d72bba583da5159dad8a405f6e0,integer,streaming,balanced,100000,183800,172200,184100,3,1.0401810979060555
target/balance-work/smoke,b42ba3afd3791ccc6f257fe8aea3af71a3bf8d72bba583da5159dad8a405f6e0,integer,streaming,baseline,0,176700,174800,186200,3,1.0
target/balance-work/smoke,b42ba3afd3791ccc6f257fe8aea3af71a3bf8d72bba583da5159dad8a405f6e0,integer,streaming,repair,100000,257000,201100,271000,3,1.454442558007923
target/balance-work/smoke,b42ba3afd3791ccc6f257fe8aea3af71a3bf8d72bba583da5159dad8a405f6e0,date,auto,repair,100000,71100,70100,72900,3,1.1949579831932773
target/balance-work/smoke,b42ba3afd3791ccc6f257fe8aea3af71a3bf8d72bba583da5159dad8a405f6e0,date,auto,balanced,100000,64500,64200,64800,3,1.084033613445378
target/balance-work/smoke,b42ba3afd3791ccc6f257fe8aea3af71a3bf8d72bba583da5159dad8a405f6e0,date,auto,baseline,0,59500,59000,72700,3,1.0
target/balance-work/smoke,b42ba3afd3791ccc6f257fe8aea3af71a3bf8d72bba583da5159dad8a405f6e0,date,streaming,baseline,0,180800,175800,183800,3,1.0
target/balance-work/smoke,b42ba3afd3791ccc6f257fe8aea3af71a3bf8d72bba583da5159dad8a405f6e0,date,streaming,repair,100000,188000,181500,188300,3,1.0398230088495575
target/balance-work/smoke,b42ba3afd3791ccc6f257fe8aea3af71a3bf8d72bba583da5159dad8a405f6e0,date,streaming,balanced,100000,184800,178400,187500,3,1.0221238938053097
target/balance-work/smoke,b42ba3afd3791ccc6f257fe8aea3af71a3bf8d72bba583da5159dad8a405f6e0,datetime,auto,balanced,100000,66800,66400,69800,3,1.0198473282442748
target/balance-work/smoke,b42ba3afd3791ccc6f257fe8aea3af71a3bf8d72bba583da5159dad8a405f6e0,datetime,auto,baseline,0,65500,61400,70500,3,1.0
target/balance-work/smoke,b42ba3afd3791ccc6f257fe8aea3af71a3bf8d72bba583da5159dad8a405f6e0,datetime,auto,repair,100000,72300,71900,72600,3,1.1038167938931298
target/balance-work/smoke,b42ba3afd3791ccc6f257fe8aea3af71a3bf8d72bba583da5159dad8a405f6e0,datetime,streaming,baseline,0,182700,181700,183000,3,1.0
target/balance-work/smoke,b42ba3afd3791ccc6f257fe8aea3af71a3bf8d72bba583da5159dad8a405f6e0,datetime,streaming,repair,100000,190700,187700,199700,3,1.0437876299945266
target/balance-work/smoke,b42ba3afd3791ccc6f257fe8aea3af71a3bf8d72bba583da5159dad8a405f6e0,datetime,streaming,balanced,100000,186400,182400,188000,3,1.0202517788724685
target/balance-work/smoke,b42ba3afd3791ccc6f257fe8aea3af71a3bf8d72bba583da5159dad8a405f6e0,grouped,auto,balanced,100000,130500,129500,131200,3,1.0592532467532467
target/balance-work/smoke,b42ba3afd3791ccc6f257fe8aea3af71a3bf8d72bba583da5159dad8a405f6e0,grouped,auto,baseline,0,123200,122300,137500,3,1.0
target/balance-work/smoke,b42ba3afd3791ccc6f257fe8aea3af71a3bf8d72bba583da5159dad8a405f6e0,grouped,auto,repair,100000,146100,146000,148100,3,1.1858766233766234
target/balance-work/smoke,b42ba3afd3791ccc6f257fe8aea3af71a3bf8d72bba583da5159dad8a405f6e0,grouped,streaming,balanced,100000,235600,233000,253500,3,1.1055842327545753
target/balance-work/smoke,b42ba3afd3791ccc6f257fe8aea3af71a3bf8d72bba583da5159dad8a405f6e0,grouped,streaming,baseline,0,213100,211600,386000,3,1.0
target/balance-work/smoke,b42ba3afd3791ccc6f257fe8aea3af71a3bf8d72bba583da5159dad8a405f6e0,grouped,streaming,repair,100000,342300,233400,435100,3,1.6062881276396057
target/balance-work/smoke,b42ba3afd3791ccc6f257fe8aea3af71a3bf8d72bba583da5159dad8a405f6e0,sliced,auto,repair,100000,68500,68000,68800,3,1.1341059602649006
target/balance-work/smoke,b42ba3afd3791ccc6f257fe8aea3af71a3bf8d72bba583da5159dad8a405f6e0,sliced,auto,balanced,100000,62200,61400,86400,3,1.0298013245033113
target/balance-work/smoke,b42ba3afd3791ccc6f257fe8aea3af71a3bf8d72bba583da5159dad8a405f6e0,sliced,auto,baseline,0,60400,57900,62200,3,1.0
target/balance-work/smoke,b42ba3afd3791ccc6f257fe8aea3af71a3bf8d72bba583da5159dad8a405f6e0,sliced,streaming,baseline,0,185100,180000,236500,3,1.0
target/balance-work/smoke,b42ba3afd3791ccc6f257fe8aea3af71a3bf8d72bba583da5159dad8a405f6e0,sliced,streaming,repair,100000,185500,181700,210300,3,1.0021609940572664
target/balance-work/smoke,b42ba3afd3791ccc6f257fe8aea3af71a3bf8d72bba583da5159dad8a405f6e0,sliced,streaming,balanced,100000,180000,172900,186200,3,0.9724473257698542
target/balance-work/smoke,b42ba3afd3791ccc6f257fe8aea3af71a3bf8d72bba583da5159dad8a405f6e0,multi_chunk,auto,repair,100000,68300,67400,71100,3,1.0998389694041868
target/balance-work/smoke,b42ba3afd3791ccc6f257fe8aea3af71a3bf8d72bba583da5159dad8a405f6e0,multi_chunk,auto,balanced,100000,63500,63400,65800,3,1.0225442834138487
target/balance-work/smoke,b42ba3afd3791ccc6f257fe8aea3af71a3bf8d72bba583da5159dad8a405f6e0,multi_chunk,auto,baseline,0,62100,59100,63300,3,1.0
target/balance-work/smoke,b42ba3afd3791ccc6f257fe8aea3af71a3bf8d72bba583da5159dad8a405f6e0,multi_chunk,streaming,balanced,100000,181600,179100,208200,3,0.9675013319126265
target/balance-work/smoke,b42ba3afd3791ccc6f257fe8aea3af71a3bf8d72bba583da5159dad8a405f6e0,multi_chunk,streaming,baseline,0,187700,178700,261300,3,1.0
target/balance-work/smoke,b42ba3afd3791ccc6f257fe8aea3af71a3bf8d72bba583da5159dad8a405f6e0,multi_chunk,streaming,repair,100000,226500,186300,375400,3,1.2067128396377198
target/balance-work/smoke,ac8c10caa728b32cd31a297f132bbabcbeb816c143c3c42c349e13351b17eae5,integer,auto,balanced,100000,64900,61400,73700,3,1.1132075471698113
target/balance-work/smoke,ac8c10caa728b32cd31a297f132bbabcbeb816c143c3c42c349e13351b17eae5,integer,auto,baseline,0,58300,57900,59100,3,1.0
target/balance-work/smoke,ac8c10caa728b32cd31a297f132bbabcbeb816c143c3c42c349e13351b17eae5,integer,auto,repair,100000,66400,64800,68900,3,1.1389365351629503
target/balance-work/smoke,ac8c10caa728b32cd31a297f132bbabcbeb816c143c3c42c349e13351b17eae5,integer,streaming,baseline,0,164900,154700,176300,3,1.0
target/balance-work/smoke,ac8c10caa728b32cd31a297f132bbabcbeb816c143c3c42c349e13351b17eae5,integer,streaming,repair,100000,174900,174300,187100,3,1.0606428138265616
target/balance-work/smoke,ac8c10caa728b32cd31a297f132bbabcbeb816c143c3c42c349e13351b17eae5,integer,streaming,balanced,100000,173200,167000,247300,3,1.0503335354760461
target/balance-work/smoke,ac8c10caa728b32cd31a297f132bbabcbeb816c143c3c42c349e13351b17eae5,date,auto,repair,100000,73600,67600,76700,3,1.2646048109965635
target/balance-work/smoke,ac8c10caa728b32cd31a297f132bbabcbeb816c143c3c42c349e13351b17eae5,date,auto,balanced,100000,64800,61600,84200,3,1.1134020618556701
target/balance-work/smoke,ac8c10caa728b32cd31a297f132bbabcbeb816c143c3c42c349e13351b17eae5,date,auto,baseline,0,58200,58100,60600,3,1.0
target/balance-work/smoke,ac8c10caa728b32cd31a297f132bbabcbeb816c143c3c42c349e13351b17eae5,date,streaming,balanced,100000,175400,158500,176700,3,1.1122384273937858
target/balance-work/smoke,ac8c10caa728b32cd31a297f132bbabcbeb816c143c3c42c349e13351b17eae5,date,streaming,baseline,0,157700,154200,162500,3,1.0
target/balance-work/smoke,ac8c10caa728b32cd31a297f132bbabcbeb816c143c3c42c349e13351b17eae5,date,streaming,repair,100000,178800,178400,180800,3,1.1337983512999366
target/balance-work/smoke,ac8c10caa728b32cd31a297f132bbabcbeb816c143c3c42c349e13351b17eae5,datetime,auto,balanced,100000,66900,66300,68400,3,1.0755627009646302
target/balance-work/smoke,ac8c10caa728b32cd31a297f132bbabcbeb816c143c3c42c349e13351b17eae5,datetime,auto,baseline,0,62200,62000,64300,3,1.0
target/balance-work/smoke,ac8c10caa728b32cd31a297f132bbabcbeb816c143c3c42c349e13351b17eae5,datetime,auto,repair,100000,71000,70500,76600,3,1.1414790996784565
target/balance-work/smoke,ac8c10caa728b32cd31a297f132bbabcbeb816c143c3c42c349e13351b17eae5,datetime,streaming,baseline,0,165400,158300,173600,3,1.0
target/balance-work/smoke,ac8c10caa728b32cd31a297f132bbabcbeb816c143c3c42c349e13351b17eae5,datetime,streaming,repair,100000,175300,174200,175800,3,1.0598548972188633
target/balance-work/smoke,ac8c10caa728b32cd31a297f132bbabcbeb816c143c3c42c349e13351b17eae5,datetime,streaming,balanced,100000,163000,161100,232900,3,0.9854897218863361
target/balance-work/smoke,ac8c10caa728b32cd31a297f132bbabcbeb816c143c3c42c349e13351b17eae5,grouped,auto,repair,100000,140500,138200,147000,3,1.2292213473315836
target/balance-work/smoke,ac8c10caa728b32cd31a297f132bbabcbeb816c143c3c42c349e13351b17eae5,grouped,auto,balanced,100000,126800,122200,135200,3,1.1093613298337708
target/balance-work/smoke,ac8c10caa728b32cd31a297f132bbabcbeb816c143c3c42c349e13351b17eae5,grouped,auto,baseline,0,114300,113900,118500,3,1.0
target/balance-work/smoke,ac8c10caa728b32cd31a297f132bbabcbeb816c143c3c42c349e13351b17eae5,grouped,streaming,baseline,0,207700,194500,226500,3,1.0
target/balance-work/smoke,ac8c10caa728b32cd31a297f132bbabcbeb816c143c3c42c349e13351b17eae5,grouped,streaming,repair,100000,310100,239100,400600,3,1.4930187770823302
target/balance-work/smoke,ac8c10caa728b32cd31a297f132bbabcbeb816c143c3c42c349e13351b17eae5,grouped,streaming,balanced,100000,261600,231100,357000,3,1.2595089070775156
target/balance-work/smoke,ac8c10caa728b32cd31a297f132bbabcbeb816c143c3c42c349e13351b17eae5,sliced,auto,balanced,100000,60400,59600,61600,3,1.015126050420168
target/balance-work/smoke,ac8c10caa728b32cd31a297f132bbabcbeb816c143c3c42c349e13351b17eae5,sliced,auto,baseline,0,59500,57100,71600,3,1.0
target/balance-work/smoke,ac8c10caa728b32cd31a297f132bbabcbeb816c143c3c42c349e13351b17eae5,sliced,auto,repair,100000,66300,63700,66900,3,1.1142857142857143
target/balance-work/smoke,ac8c10caa728b32cd31a297f132bbabcbeb816c143c3c42c349e13351b17eae5,sliced,streaming,baseline,0,155500,128200,161900,3,1.0
target/balance-work/smoke,ac8c10caa728b32cd31a297f132bbabcbeb816c143c3c42c349e13351b17eae5,sliced,streaming,repair,100000,177200,171800,186600,3,1.139549839228296
target/balance-work/smoke,ac8c10caa728b32cd31a297f132bbabcbeb816c143c3c42c349e13351b17eae5,sliced,streaming,balanced,100000,158800,142400,160900,3,1.0212218649517686
target/balance-work/smoke,ac8c10caa728b32cd31a297f132bbabcbeb816c143c3c42c349e13351b17eae5,multi_chunk,auto,balanced,100000,64700,64000,66700,3,1.1097770154373927
target/balance-work/smoke,ac8c10caa728b32cd31a297f132bbabcbeb816c143c3c42c349e13351b17eae5,multi_chunk,auto,baseline,0,58300,57700,59300,3,1.0
target/balance-work/smoke,ac8c10caa728b32cd31a297f132bbabcbeb816c143c3c42c349e13351b17eae5,multi_chunk,auto,repair,100000,65100,65100,65800,3,1.1166380789022299
target/balance-work/smoke,ac8c10caa728b32cd31a297f132bbabcbeb816c143c3c42c349e13351b17eae5,multi_chunk,streaming,balanced,100000,169400,127400,201900,3,1.0272892662219526
target/balance-work/smoke,ac8c10caa728b32cd31a297f132bbabcbeb816c143c3c42c349e13351b17eae5,multi_chunk,streaming,baseline,0,164900,130200,180100,3,1.0
target/balance-work/smoke,ac8c10caa728b32cd31a297f132bbabcbeb816c143c3c42c349e13351b17eae5,multi_chunk,streaming,repair,100000,178100,146300,185900,3,1.0800485142510612
target/balance-work/smoke,2f44119f3f6bf2abfc3c56d9e5d4a195eda435fec9216a0e133ab2d2e4ee0846,integer,auto,repair,100000,66600,66000,68200,3,1.1231028667790894
target/balance-work/smoke,2f44119f3f6bf2abfc3c56d9e5d4a195eda435fec9216a0e133ab2d2e4ee0846,integer,auto,balanced,100000,64200,61900,67800,3,1.0826306913996628
target/balance-work/smoke,2f44119f3f6bf2abfc3c56d9e5d4a195eda435fec9216a0e133ab2d2e4ee0846,integer,auto,baseline,0,59300,57100,62800,3,1.0
target/balance-work/smoke,2f44119f3f6bf2abfc3c56d9e5d4a195eda435fec9216a0e133ab2d2e4ee0846,integer,streaming,baseline,0,167300,145900,167600,3,1.0
target/balance-work/smoke,2f44119f3f6bf2abfc3c56d9e5d4a195eda435fec9216a0e133ab2d2e4ee0846,integer,streaming,repair,100000,174000,173400,183500,3,1.0400478182904962
target/balance-work/smoke,2f44119f3f6bf2abfc3c56d9e5d4a195eda435fec9216a0e133ab2d2e4ee0846,integer,streaming,balanced,100000,164000,148500,177200,3,0.9802749551703527
target/balance-work/smoke,2f44119f3f6bf2abfc3c56d9e5d4a195eda435fec9216a0e133ab2d2e4ee0846,date,auto,baseline,0,62300,59200,62400,3,1.0
target/balance-work/smoke,2f44119f3f6bf2abfc3c56d9e5d4a195eda435fec9216a0e133ab2d2e4ee0846,date,auto,repair,100000,68800,68700,72600,3,1.1043338683788122
target/balance-work/smoke,2f44119f3f6bf2abfc3c56d9e5d4a195eda435fec9216a0e133ab2d2e4ee0846,date,auto,balanced,100000,65200,63700,65200,3,1.0465489566613162
target/balance-work/smoke,2f44119f3f6bf2abfc3c56d9e5d4a195eda435fec9216a0e133ab2d2e4ee0846,date,streaming,repair,100000,175400,173800,177600,3,1.1338073691014867
target/balance-work/smoke,2f44119f3f6bf2abfc3c56d9e5d4a195eda435fec9216a0e133ab2d2e4ee0846,date,streaming,balanced,100000,157700,156800,164500,3,1.0193923723335487
target/balance-work/smoke,2f44119f3f6bf2abfc3c56d9e5d4a195eda435fec9216a0e133ab2d2e4ee0846,date,streaming,baseline,0,154700,153400,155200,3,1.0
target/balance-work/smoke,2f44119f3f6bf2abfc3c56d9e5d4a195eda435fec9216a0e133ab2d2e4ee0846,datetime,auto,balanced,100000,69500,66500,70200,3,1.1049284578696343
target/balance-work/smoke,2f44119f3f6bf2abfc3c56d9e5d4a195eda435fec9216a0e133ab2d2e4ee0846,datetime,auto,baseline,0,62900,62200,75100,3,1.0
target/balance-work/smoke,2f44119f3f6bf2abfc3c56d9e5d4a195eda435fec9216a0e133ab2d2e4ee0846,datetime,auto,repair,100000,75400,71500,75600,3,1.1987281399046106
target/balance-work/smoke,2f44119f3f6bf2abfc3c56d9e5d4a195eda435fec9216a0e133ab2d2e4ee0846,datetime,streaming,balanced,100000,186100,176400,271800,3,0.8836657169990503
target/balance-work/smoke,2f44119f3f6bf2abfc3c56d9e5d4a195eda435fec9216a0e133ab2d2e4ee0846,datetime,streaming,baseline,0,210600,163200,257600,3,1.0
target/balance-work/smoke,2f44119f3f6bf2abfc3c56d9e5d4a195eda435fec9216a0e133ab2d2e4ee0846,datetime,streaming,repair,100000,209700,195800,212200,3,0.9957264957264957
target/balance-work/smoke,2f44119f3f6bf2abfc3c56d9e5d4a195eda435fec9216a0e133ab2d2e4ee0846,grouped,auto,baseline,0,126000,117000,150800,3,1.0
target/balance-work/smoke,2f44119f3f6bf2abfc3c56d9e5d4a195eda435fec9216a0e133ab2d2e4ee0846,grouped,auto,repair,100000,143400,143400,151000,3,1.138095238095238
target/balance-work/smoke,2f44119f3f6bf2abfc3c56d9e5d4a195eda435fec9216a0e133ab2d2e4ee0846,grouped,auto,balanced,100000,124700,124500,128900,3,0.9896825396825397
target/balance-work/smoke,2f44119f3f6bf2abfc3c56d9e5d4a195eda435fec9216a0e133ab2d2e4ee0846,grouped,streaming,baseline,0,234000,181800,256600,3,1.0
target/balance-work/smoke,2f44119f3f6bf2abfc3c56d9e5d4a195eda435fec9216a0e133ab2d2e4ee0846,grouped,streaming,repair,100000,258700,230200,278500,3,1.1055555555555556
target/balance-work/smoke,2f44119f3f6bf2abfc3c56d9e5d4a195eda435fec9216a0e133ab2d2e4ee0846,grouped,streaming,balanced,100000,240700,218400,286800,3,1.0286324786324785
target/balance-work/smoke,2f44119f3f6bf2abfc3c56d9e5d4a195eda435fec9216a0e133ab2d2e4ee0846,sliced,auto,baseline,0,61800,58200,62100,3,1.0
target/balance-work/smoke,2f44119f3f6bf2abfc3c56d9e5d4a195eda435fec9216a0e133ab2d2e4ee0846,sliced,auto,repair,100000,66500,66400,68100,3,1.0760517799352751
target/balance-work/smoke,2f44119f3f6bf2abfc3c56d9e5d4a195eda435fec9216a0e133ab2d2e4ee0846,sliced,auto,balanced,100000,66500,62800,67200,3,1.0760517799352751
target/balance-work/smoke,2f44119f3f6bf2abfc3c56d9e5d4a195eda435fec9216a0e133ab2d2e4ee0846,sliced,streaming,repair,100000,163700,143700,177300,3,1.069235793598955
target/balance-work/smoke,2f44119f3f6bf2abfc3c56d9e5d4a195eda435fec9216a0e133ab2d2e4ee0846,sliced,streaming,balanced,100000,157000,128700,159600,3,1.0254735467015024
target/balance-work/smoke,2f44119f3f6bf2abfc3c56d9e5d4a195eda435fec9216a0e133ab2d2e4ee0846,sliced,streaming,baseline,0,153100,150600,173200,3,1.0
target/balance-work/smoke,2f44119f3f6bf2abfc3c56d9e5d4a195eda435fec9216a0e133ab2d2e4ee0846,multi_chunk,auto,repair,100000,70200,69400,71800,3,1.21875
target/balance-work/smoke,2f44119f3f6bf2abfc3c56d9e5d4a195eda435fec9216a0e133ab2d2e4ee0846,multi_chunk,auto,balanced,100000,62700,62200,65700,3,1.0885416666666667
target/balance-work/smoke,2f44119f3f6bf2abfc3c56d9e5d4a195eda435fec9216a0e133ab2d2e4ee0846,multi_chunk,auto,baseline,0,57600,57500,68900,3,1.0
target/balance-work/smoke,2f44119f3f6bf2abfc3c56d9e5d4a195eda435fec9216a0e133ab2d2e4ee0846,multi_chunk,streaming,repair,100000,205100,198400,211800,3,0.9752734189253447
target/balance-work/smoke,2f44119f3f6bf2abfc3c56d9e5d4a195eda435fec9216a0e133ab2d2e4ee0846,multi_chunk,streaming,balanced,100000,207200,186800,207500,3,0.9852591535901094
target/balance-work/smoke,2f44119f3f6bf2abfc3c56d9e5d4a195eda435fec9216a0e133ab2d2e4ee0846,multi_chunk,streaming,baseline,0,210300,197500,217700,3,1.0
target/balance-work/smoke,d97ece41809312dc8659b2491fc716b34f16bc1d2a12dbf8f719f564e5c56b3c,integer,auto,balanced,100000,71100,70700,82600,3,1.2517605633802817
target/balance-work/smoke,d97ece41809312dc8659b2491fc716b34f16bc1d2a12dbf8f719f564e5c56b3c,integer,auto,baseline,0,56800,56700,58900,3,1.0
target/balance-work/smoke,d97ece41809312dc8659b2491fc716b34f16bc1d2a12dbf8f719f564e5c56b3c,integer,auto,repair,100000,69900,67800,74300,3,1.2306338028169015
target/balance-work/smoke,d97ece41809312dc8659b2491fc716b34f16bc1d2a12dbf8f719f564e5c56b3c,integer,streaming,baseline,0,170900,165000,183300,3,1.0
target/balance-work/smoke,d97ece41809312dc8659b2491fc716b34f16bc1d2a12dbf8f719f564e5c56b3c,integer,streaming,repair,100000,177400,164700,212400,3,1.0380339379754242
target/balance-work/smoke,d97ece41809312dc8659b2491fc716b34f16bc1d2a12dbf8f719f564e5c56b3c,integer,streaming,balanced,100000,178200,177700,185100,3,1.042715038033938
target/balance-work/smoke,d97ece41809312dc8659b2491fc716b34f16bc1d2a12dbf8f719f564e5c56b3c,date,auto,baseline,0,62100,61200,70800,3,1.0
target/balance-work/smoke,d97ece41809312dc8659b2491fc716b34f16bc1d2a12dbf8f719f564e5c56b3c,date,auto,repair,100000,73500,71600,77700,3,1.183574879227053
target/balance-work/smoke,d97ece41809312dc8659b2491fc716b34f16bc1d2a12dbf8f719f564e5c56b3c,date,auto,balanced,100000,71400,70600,71700,3,1.1497584541062802
target/balance-work/smoke,d97ece41809312dc8659b2491fc716b34f16bc1d2a12dbf8f719f564e5c56b3c,date,streaming,baseline,0,166900,142100,181700,3,1.0
target/balance-work/smoke,d97ece41809312dc8659b2491fc716b34f16bc1d2a12dbf8f719f564e5c56b3c,date,streaming,repair,100000,184700,171400,200900,3,1.1066506890353505
target/balance-work/smoke,d97ece41809312dc8659b2491fc716b34f16bc1d2a12dbf8f719f564e5c56b3c,date,streaming,balanced,100000,179100,145000,195400,3,1.07309766327142
target/balance-work/smoke,d97ece41809312dc8659b2491fc716b34f16bc1d2a12dbf8f719f564e5c56b3c,datetime,auto,repair,100000,77900,73400,79500,3,1.277049180327869
target/balance-work/smoke,d97ece41809312dc8659b2491fc716b34f16bc1d2a12dbf8f719f564e5c56b3c,datetime,auto,balanced,100000,75000,72700,76200,3,1.2295081967213115
target/balance-work/smoke,d97ece41809312dc8659b2491fc716b34f16bc1d2a12dbf8f719f564e5c56b3c,datetime,auto,baseline,0,61000,60300,65500,3,1.0
target/balance-work/smoke,d97ece41809312dc8659b2491fc716b34f16bc1d2a12dbf8f719f564e5c56b3c,datetime,streaming,baseline,0,163800,132500,268000,3,1.0
target/balance-work/smoke,d97ece41809312dc8659b2491fc716b34f16bc1d2a12dbf8f719f564e5c56b3c,datetime,streaming,repair,100000,214700,181300,264900,3,1.3107448107448108
target/balance-work/smoke,d97ece41809312dc8659b2491fc716b34f16bc1d2a12dbf8f719f564e5c56b3c,datetime,streaming,balanced,100000,227100,206900,231600,3,1.3864468864468864
target/balance-work/smoke,d97ece41809312dc8659b2491fc716b34f16bc1d2a12dbf8f719f564e5c56b3c,grouped,auto,repair,100000,151100,149000,152000,3,1.319650655021834
target/balance-work/smoke,d97ece41809312dc8659b2491fc716b34f16bc1d2a12dbf8f719f564e5c56b3c,grouped,auto,balanced,100000,155600,150100,192400,3,1.3589519650655022
target/balance-work/smoke,d97ece41809312dc8659b2491fc716b34f16bc1d2a12dbf8f719f564e5c56b3c,grouped,auto,baseline,0,114500,113400,115000,3,1.0
target/balance-work/smoke,d97ece41809312dc8659b2491fc716b34f16bc1d2a12dbf8f719f564e5c56b3c,grouped,streaming,balanced,100000,243100,232400,253900,3,1.2842049656629688
target/balance-work/smoke,d97ece41809312dc8659b2491fc716b34f16bc1d2a12dbf8f719f564e5c56b3c,grouped,streaming,baseline,0,189300,174000,204800,3,1.0
target/balance-work/smoke,d97ece41809312dc8659b2491fc716b34f16bc1d2a12dbf8f719f564e5c56b3c,grouped,streaming,repair,100000,250800,239800,252100,3,1.3248811410459589
target/balance-work/smoke,d97ece41809312dc8659b2491fc716b34f16bc1d2a12dbf8f719f564e5c56b3c,sliced,auto,balanced,100000,68800,68200,77800,3,1.2112676056338028
target/balance-work/smoke,d97ece41809312dc8659b2491fc716b34f16bc1d2a12dbf8f719f564e5c56b3c,sliced,auto,baseline,0,56800,56400,58500,3,1.0
target/balance-work/smoke,d97ece41809312dc8659b2491fc716b34f16bc1d2a12dbf8f719f564e5c56b3c,sliced,auto,repair,100000,71700,67700,72100,3,1.2623239436619718
target/balance-work/smoke,d97ece41809312dc8659b2491fc716b34f16bc1d2a12dbf8f719f564e5c56b3c,sliced,streaming,balanced,100000,181200,176500,231800,3,1.1035322777101095
target/balance-work/smoke,d97ece41809312dc8659b2491fc716b34f16bc1d2a12dbf8f719f564e5c56b3c,sliced,streaming,baseline,0,164200,153500,172100,3,1.0
target/balance-work/smoke,d97ece41809312dc8659b2491fc716b34f16bc1d2a12dbf8f719f564e5c56b3c,sliced,streaming,repair,100000,179700,168600,190600,3,1.094397076735688
target/balance-work/smoke,d97ece41809312dc8659b2491fc716b34f16bc1d2a12dbf8f719f564e5c56b3c,multi_chunk,auto,balanced,100000,73500,70900,73800,3,1.2672413793103448
target/balance-work/smoke,d97ece41809312dc8659b2491fc716b34f16bc1d2a12dbf8f719f564e5c56b3c,multi_chunk,auto,baseline,0,58000,57600,64700,3,1.0
target/balance-work/smoke,d97ece41809312dc8659b2491fc716b34f16bc1d2a12dbf8f719f564e5c56b3c,multi_chunk,auto,repair,100000,69800,69600,70900,3,1.203448275862069
target/balance-work/smoke,d97ece41809312dc8659b2491fc716b34f16bc1d2a12dbf8f719f564e5c56b3c,multi_chunk,streaming,balanced,100000,172100,164900,177200,3,1.1504010695187166
target/balance-work/smoke,d97ece41809312dc8659b2491fc716b34f16bc1d2a12dbf8f719f564e5c56b3c,multi_chunk,streaming,baseline,0,149600,138000,159900,3,1.0
target/balance-work/smoke,d97ece41809312dc8659b2491fc716b34f16bc1d2a12dbf8f719f564e5c56b3c,multi_chunk,streaming,repair,100000,174600,169900,185100,3,1.1671122994652405
target/balance-work/smoke,936d043960eeb3dd6974e1a11276b5edb3b5749b0ad57a00ab7ac64dfda3fc1a,integer,auto,repair,100000,72300,71400,85600,3,1.2110552763819096
target/balance-work/smoke,936d043960eeb3dd6974e1a11276b5edb3b5749b0ad57a00ab7ac64dfda3fc1a,integer,auto,balanced,100000,73500,72300,75300,3,1.2311557788944723
target/balance-work/smoke,936d043960eeb3dd6974e1a11276b5edb3b5749b0ad57a00ab7ac64dfda3fc1a,integer,auto,baseline,0,59700,58700,62100,3,1.0
target/balance-work/smoke,936d043960eeb3dd6974e1a11276b5edb3b5749b0ad57a00ab7ac64dfda3fc1a,integer,streaming,baseline,0,173600,155500,218800,3,1.0
target/balance-work/smoke,936d043960eeb3dd6974e1a11276b5edb3b5749b0ad57a00ab7ac64dfda3fc1a,integer,streaming,repair,100000,211100,184700,249500,3,1.2160138248847927
target/balance-work/smoke,936d043960eeb3dd6974e1a11276b5edb3b5749b0ad57a00ab7ac64dfda3fc1a,integer,streaming,balanced,100000,246600,198800,328000,3,1.4205069124423964
target/balance-work/smoke,936d043960eeb3dd6974e1a11276b5edb3b5749b0ad57a00ab7ac64dfda3fc1a,date,auto,baseline,0,61300,59000,66200,3,1.0
target/balance-work/smoke,936d043960eeb3dd6974e1a11276b5edb3b5749b0ad57a00ab7ac64dfda3fc1a,date,auto,repair,100000,73000,72700,75300,3,1.1908646003262642
target/balance-work/smoke,936d043960eeb3dd6974e1a11276b5edb3b5749b0ad57a00ab7ac64dfda3fc1a,date,auto,balanced,100000,75500,72600,75500,3,1.231647634584013
target/balance-work/smoke,936d043960eeb3dd6974e1a11276b5edb3b5749b0ad57a00ab7ac64dfda3fc1a,date,streaming,repair,100000,198100,195500,254400,3,1.1862275449101796
target/balance-work/smoke,936d043960eeb3dd6974e1a11276b5edb3b5749b0ad57a00ab7ac64dfda3fc1a,date,streaming,balanced,100000,184300,172800,199300,3,1.1035928143712574
target/balance-work/smoke,936d043960eeb3dd6974e1a11276b5edb3b5749b0ad57a00ab7ac64dfda3fc1a,date,streaming,baseline,0,167000,150600,191400,3,1.0
target/balance-work/smoke,936d043960eeb3dd6974e1a11276b5edb3b5749b0ad57a00ab7ac64dfda3fc1a,datetime,auto,repair,100000,76100,74100,77500,3,1.2137161084529506
target/balance-work/smoke,936d043960eeb3dd6974e1a11276b5edb3b5749b0ad57a00ab7ac64dfda3fc1a,datetime,auto,balanced,100000,79200,76300,80500,3,1.263157894736842
target/balance-work/smoke,936d043960eeb3dd6974e1a11276b5edb3b5749b0ad57a00ab7ac64dfda3fc1a,datetime,auto,baseline,0,62700,61200,63200,3,1.0
target/balance-work/smoke,936d043960eeb3dd6974e1a11276b5edb3b5749b0ad57a00ab7ac64dfda3fc1a,datetime,streaming,balanced,100000,143400,140700,213500,3,1.0294328786791098
target/balance-work/smoke,936d043960eeb3dd6974e1a11276b5edb3b5749b0ad57a00ab7ac64dfda3fc1a,datetime,streaming,baseline,0,139300,126200,156400,3,1.0
target/balance-work/smoke,936d043960eeb3dd6974e1a11276b5edb3b5749b0ad57a00ab7ac64dfda3fc1a,datetime,streaming,repair,100000,162300,152400,165000,3,1.1651112706389088
target/balance-work/smoke,936d043960eeb3dd6974e1a11276b5edb3b5749b0ad57a00ab7ac64dfda3fc1a,grouped,auto,balanced,100000,157900,154900,175000,3,1.3092868988391377
target/balance-work/smoke,936d043960eeb3dd6974e1a11276b5edb3b5749b0ad57a00ab7ac64dfda3fc1a,grouped,auto,baseline,0,120600,119600,127900,3,1.0
target/balance-work/smoke,936d043960eeb3dd6974e1a11276b5edb3b5749b0ad57a00ab7ac64dfda3fc1a,grouped,auto,repair,100000,159300,156700,168200,3,1.3208955223880596
target/balance-work/smoke,936d043960eeb3dd6974e1a11276b5edb3b5749b0ad57a00ab7ac64dfda3fc1a,grouped,streaming,repair,100000,231900,226800,255200,3,1.13232421875
target/balance-work/smoke,936d043960eeb3dd6974e1a11276b5edb3b5749b0ad57a00ab7ac64dfda3fc1a,grouped,streaming,balanced,100000,230200,206400,239700,3,1.1240234375
target/balance-work/smoke,936d043960eeb3dd6974e1a11276b5edb3b5749b0ad57a00ab7ac64dfda3fc1a,grouped,streaming,baseline,0,204800,195500,223400,3,1.0
target/balance-work/smoke,936d043960eeb3dd6974e1a11276b5edb3b5749b0ad57a00ab7ac64dfda3fc1a,sliced,auto,balanced,100000,72300,70800,73700,3,1.2171717171717171
target/balance-work/smoke,936d043960eeb3dd6974e1a11276b5edb3b5749b0ad57a00ab7ac64dfda3fc1a,sliced,auto,baseline,0,59400,56800,71700,3,1.0
target/balance-work/smoke,936d043960eeb3dd6974e1a11276b5edb3b5749b0ad57a00ab7ac64dfda3fc1a,sliced,auto,repair,100000,72700,71600,77800,3,1.2239057239057238
target/balance-work/smoke,936d043960eeb3dd6974e1a11276b5edb3b5749b0ad57a00ab7ac64dfda3fc1a,sliced,streaming,baseline,0,204500,163000,237900,3,1.0
target/balance-work/smoke,936d043960eeb3dd6974e1a11276b5edb3b5749b0ad57a00ab7ac64dfda3fc1a,sliced,streaming,repair,100000,182100,177200,205100,3,0.8904645476772616
target/balance-work/smoke,936d043960eeb3dd6974e1a11276b5edb3b5749b0ad57a00ab7ac64dfda3fc1a,sliced,streaming,balanced,100000,182300,179100,183400,3,0.8914425427872861
target/balance-work/smoke,936d043960eeb3dd6974e1a11276b5edb3b5749b0ad57a00ab7ac64dfda3fc1a,multi_chunk,auto,balanced,100000,74800,74800,77100,3,1.2343234323432344
target/balance-work/smoke,936d043960eeb3dd6974e1a11276b5edb3b5749b0ad57a00ab7ac64dfda3fc1a,multi_chunk,auto,baseline,0,60600,59600,72000,3,1.0
target/balance-work/smoke,936d043960eeb3dd6974e1a11276b5edb3b5749b0ad57a00ab7ac64dfda3fc1a,multi_chunk,auto,repair,100000,74400,72700,77200,3,1.2277227722772277
target/balance-work/smoke,936d043960eeb3dd6974e1a11276b5edb3b5749b0ad57a00ab7ac64dfda3fc1a,multi_chunk,streaming,balanced,100000,173700,155100,185700,3,1.0643382352941178
target/balance-work/smoke,936d043960eeb3dd6974e1a11276b5edb3b5749b0ad57a00ab7ac64dfda3fc1a,multi_chunk,streaming,baseline,0,163200,158900,202200,3,1.0
target/balance-work/smoke,936d043960eeb3dd6974e1a11276b5edb3b5749b0ad57a00ab7ac64dfda3fc1a,multi_chunk,streaming,repair,100000,166800,152500,205700,3,1.0220588235294117
target/balance-work/smoke,1e355a689aa32a26df4cc38ffbe48cd1711af444e59c8ecfb726c99026611e32,integer,auto,repair,100000,66600,66400,67300,3,1.1978417266187051
target/balance-work/smoke,1e355a689aa32a26df4cc38ffbe48cd1711af444e59c8ecfb726c99026611e32,integer,auto,balanced,100000,63700,59900,70900,3,1.14568345323741
target/balance-work/smoke,1e355a689aa32a26df4cc38ffbe48cd1711af444e59c8ecfb726c99026611e32,integer,auto,baseline,0,55600,55400,56700,3,1.0
target/balance-work/smoke,1e355a689aa32a26df4cc38ffbe48cd1711af444e59c8ecfb726c99026611e32,integer,streaming,balanced,100000,163400,151200,211200,3,0.9606114050558495
target/balance-work/smoke,1e355a689aa32a26df4cc38ffbe48cd1711af444e59c8ecfb726c99026611e32,integer,streaming,baseline,0,170100,156000,209900,3,1.0
target/balance-work/smoke,1e355a689aa32a26df4cc38ffbe48cd1711af444e59c8ecfb726c99026611e32,integer,streaming,repair,100000,175200,167000,217400,3,1.0299823633156966
target/balance-work/smoke,1e355a689aa32a26df4cc38ffbe48cd1711af444e59c8ecfb726c99026611e32,date,auto,balanced,100000,64100,63400,64700,3,1.0791245791245792
target/balance-work/smoke,1e355a689aa32a26df4cc38ffbe48cd1711af444e59c8ecfb726c99026611e32,date,auto,baseline,0,59400,57600,59800,3,1.0
target/balance-work/smoke,1e355a689aa32a26df4cc38ffbe48cd1711af444e59c8ecfb726c99026611e32,date,auto,repair,100000,70700,68800,74100,3,1.1902356902356903
target/balance-work/smoke,1e355a689aa32a26df4cc38ffbe48cd1711af444e59c8ecfb726c99026611e32,date,streaming,balanced,100000,178400,134500,178600,3,1.0971709717097171
target/balance-work/smoke,1e355a689aa32a26df4cc38ffbe48cd1711af444e59c8ecfb726c99026611e32,date,streaming,baseline,0,162600,159900,165700,3,1.0
target/balance-work/smoke,1e355a689aa32a26df4cc38ffbe48cd1711af444e59c8ecfb726c99026611e32,date,streaming,repair,100000,169700,161500,175500,3,1.0436654366543665
target/balance-work/smoke,1e355a689aa32a26df4cc38ffbe48cd1711af444e59c8ecfb726c99026611e32,datetime,auto,baseline,0,62100,59600,63000,3,1.0
target/balance-work/smoke,1e355a689aa32a26df4cc38ffbe48cd1711af444e59c8ecfb726c99026611e32,datetime,auto,repair,100000,71300,69000,73100,3,1.1481481481481481
target/balance-work/smoke,1e355a689aa32a26df4cc38ffbe48cd1711af444e59c8ecfb726c99026611e32,datetime,auto,balanced,100000,64700,64300,64700,3,1.0418679549114331
target/balance-work/smoke,1e355a689aa32a26df4cc38ffbe48cd1711af444e59c8ecfb726c99026611e32,datetime,streaming,baseline,0,171600,147400,177400,3,1.0
target/balance-work/smoke,1e355a689aa32a26df4cc38ffbe48cd1711af444e59c8ecfb726c99026611e32,datetime,streaming,repair,100000,177700,175200,181700,3,1.0355477855477855
target/balance-work/smoke,1e355a689aa32a26df4cc38ffbe48cd1711af444e59c8ecfb726c99026611e32,datetime,streaming,balanced,100000,192500,168300,245400,3,1.1217948717948718
target/balance-work/smoke,1e355a689aa32a26df4cc38ffbe48cd1711af444e59c8ecfb726c99026611e32,grouped,auto,repair,100000,169900,140800,175800,3,1.1693048864418445
target/balance-work/smoke,1e355a689aa32a26df4cc38ffbe48cd1711af444e59c8ecfb726c99026611e32,grouped,auto,balanced,100000,124700,123900,168000,3,0.8582243633860978
target/balance-work/smoke,1e355a689aa32a26df4cc38ffbe48cd1711af444e59c8ecfb726c99026611e32,grouped,auto,baseline,0,145300,121800,162100,3,1.0
target/balance-work/smoke,1e355a689aa32a26df4cc38ffbe48cd1711af444e59c8ecfb726c99026611e32,grouped,streaming,baseline,0,202300,195500,202300,3,1.0
target/balance-work/smoke,1e355a689aa32a26df4cc38ffbe48cd1711af444e59c8ecfb726c99026611e32,grouped,streaming,repair,100000,219100,204400,247400,3,1.0830449826989619
target/balance-work/smoke,1e355a689aa32a26df4cc38ffbe48cd1711af444e59c8ecfb726c99026611e32,grouped,streaming,balanced,100000,219800,211700,236600,3,1.0865051903114187
target/balance-work/smoke,1e355a689aa32a26df4cc38ffbe48cd1711af444e59c8ecfb726c99026611e32,sliced,auto,repair,100000,64400,64000,66900,3,1.1459074733096086
target/balance-work/smoke,1e355a689aa32a26df4cc38ffbe48cd1711af444e59c8ecfb726c99026611e32,sliced,auto,balanced,100000,63000,61000,64100,3,1.1209964412811388
target/balance-work/smoke,1e355a689aa32a26df4cc38ffbe48cd1711af444e59c8ecfb726c99026611e32,sliced,auto,baseline,0,56200,56100,67200,3,1.0
target/balance-work/smoke,1e355a689aa32a26df4cc38ffbe48cd1711af444e59c8ecfb726c99026611e32,sliced,streaming,balanced,100000,173600,160600,223800,3,0.9660545353366722
target/balance-work/smoke,1e355a689aa32a26df4cc38ffbe48cd1711af444e59c8ecfb726c99026611e32,sliced,streaming,baseline,0,179700,143000,223800,3,1.0
target/balance-work/smoke,1e355a689aa32a26df4cc38ffbe48cd1711af444e59c8ecfb726c99026611e32,sliced,streaming,repair,100000,182100,178700,228300,3,1.013355592654424
target/balance-work/smoke,1e355a689aa32a26df4cc38ffbe48cd1711af444e59c8ecfb726c99026611e32,multi_chunk,auto,repair,100000,78500,70200,84100,3,1.319327731092437
target/balance-work/smoke,1e355a689aa32a26df4cc38ffbe48cd1711af444e59c8ecfb726c99026611e32,multi_chunk,auto,balanced,100000,68700,65000,73900,3,1.1546218487394957
target/balance-work/smoke,1e355a689aa32a26df4cc38ffbe48cd1711af444e59c8ecfb726c99026611e32,multi_chunk,auto,baseline,0,59500,57200,69000,3,1.0
target/balance-work/smoke,1e355a689aa32a26df4cc38ffbe48cd1711af444e59c8ecfb726c99026611e32,multi_chunk,streaming,baseline,0,175600,170400,177500,3,1.0
target/balance-work/smoke,1e355a689aa32a26df4cc38ffbe48cd1711af444e59c8ecfb726c99026611e32,multi_chunk,streaming,repair,100000,176400,154300,178700,3,1.0045558086560364
target/balance-work/smoke,1e355a689aa32a26df4cc38ffbe48cd1711af444e59c8ecfb726c99026611e32,multi_chunk,streaming,balanced,100000,166500,156100,201100,3,0.9481776765375854
target/balance-work/smoke,065b4639abccb9fd9508c171cc7636fe4b987ae28ca6dd1969e7c7295c6fc124,integer,auto,balanced,100000,64900,63700,83700,3,1.0467741935483872
target/balance-work/smoke,065b4639abccb9fd9508c171cc7636fe4b987ae28ca6dd1969e7c7295c6fc124,integer,auto,baseline,0,62000,60800,63200,3,1.0
target/balance-work/smoke,065b4639abccb9fd9508c171cc7636fe4b987ae28ca6dd1969e7c7295c6fc124,integer,auto,repair,100000,68900,67800,76600,3,1.1112903225806452
target/balance-work/smoke,065b4639abccb9fd9508c171cc7636fe4b987ae28ca6dd1969e7c7295c6fc124,integer,streaming,baseline,0,165600,163000,183800,3,1.0
target/balance-work/smoke,065b4639abccb9fd9508c171cc7636fe4b987ae28ca6dd1969e7c7295c6fc124,integer,streaming,repair,100000,182100,174300,340400,3,1.0996376811594204
target/balance-work/smoke,065b4639abccb9fd9508c171cc7636fe4b987ae28ca6dd1969e7c7295c6fc124,integer,streaming,balanced,100000,198900,174200,221800,3,1.201086956521739
target/balance-work/smoke,065b4639abccb9fd9508c171cc7636fe4b987ae28ca6dd1969e7c7295c6fc124,date,auto,baseline,0,61800,59000,64800,3,1.0
target/balance-work/smoke,065b4639abccb9fd9508c171cc7636fe4b987ae28ca6dd1969e7c7295c6fc124,date,auto,repair,100000,73700,69000,73900,3,1.192556634304207
target/balance-work/smoke,065b4639abccb9fd9508c171cc7636fe4b987ae28ca6dd1969e7c7295c6fc124,date,auto,balanced,100000,64400,64300,70100,3,1.0420711974110033
target/balance-work/smoke,065b4639abccb9fd9508c171cc7636fe4b987ae28ca6dd1969e7c7295c6fc124,date,streaming,balanced,100000,164800,149200,190400,3,0.9059923034634415
target/balance-work/smoke,065b4639abccb9fd9508c171cc7636fe4b987ae28ca6dd1969e7c7295c6fc124,date,streaming,baseline,0,181900,175300,202400,3,1.0
target/balance-work/smoke,065b4639abccb9fd9508c171cc7636fe4b987ae28ca6dd1969e7c7295c6fc124,date,streaming,repair,100000,180900,165400,233300,3,0.994502473886751
target/balance-work/smoke,065b4639abccb9fd9508c171cc7636fe4b987ae28ca6dd1969e7c7295c6fc124,datetime,auto,baseline,0,65700,64600,103800,3,1.0
target/balance-work/smoke,065b4639abccb9fd9508c171cc7636fe4b987ae28ca6dd1969e7c7295c6fc124,datetime,auto,repair,100000,73500,72200,105200,3,1.1187214611872147
target/balance-work/smoke,065b4639abccb9fd9508c171cc7636fe4b987ae28ca6dd1969e7c7295c6fc124,datetime,auto,balanced,100000,83100,78800,96900,3,1.264840182648402
target/balance-work/smoke,065b4639abccb9fd9508c171cc7636fe4b987ae28ca6dd1969e7c7295c6fc124,datetime,streaming,repair,100000,275700,177900,328900,3,1.2352150537634408
target/balance-work/smoke,065b4639abccb9fd9508c171cc7636fe4b987ae28ca6dd1969e7c7295c6fc124,datetime,streaming,balanced,100000,234100,198600,242800,3,1.0488351254480286
target/balance-work/smoke,065b4639abccb9fd9508c171cc7636fe4b987ae28ca6dd1969e7c7295c6fc124,datetime,streaming,baseline,0,223200,175100,245800,3,1.0
target/balance-work/smoke,065b4639abccb9fd9508c171cc7636fe4b987ae28ca6dd1969e7c7295c6fc124,grouped,auto,baseline,0,174400,136400,303200,3,1.0
target/balance-work/smoke,065b4639abccb9fd9508c171cc7636fe4b987ae28ca6dd1969e7c7295c6fc124,grouped,auto,repair,100000,203800,201500,245200,3,1.1685779816513762
target/balance-work/smoke,065b4639abccb9fd9508c171cc7636fe4b987ae28ca6dd1969e7c7295c6fc124,grouped,auto,balanced,100000,181500,143800,240800,3,1.040711009174312
target/balance-work/smoke,065b4639abccb9fd9508c171cc7636fe4b987ae28ca6dd1969e7c7295c6fc124,grouped,streaming,baseline,0,206100,186900,237600,3,1.0
target/balance-work/smoke,065b4639abccb9fd9508c171cc7636fe4b987ae28ca6dd1969e7c7295c6fc124,grouped,streaming,repair,100000,255900,229700,274700,3,1.2416302765647744
target/balance-work/smoke,065b4639abccb9fd9508c171cc7636fe4b987ae28ca6dd1969e7c7295c6fc124,grouped,streaming,balanced,100000,227900,215300,241900,3,1.1057738961669092
target/balance-work/smoke,065b4639abccb9fd9508c171cc7636fe4b987ae28ca6dd1969e7c7295c6fc124,sliced,auto,balanced,100000,64100,63700,65700,3,1.1089965397923875
target/balance-work/smoke,065b4639abccb9fd9508c171cc7636fe4b987ae28ca6dd1969e7c7295c6fc124,sliced,auto,baseline,0,57800,57600,61900,3,1.0
target/balance-work/smoke,065b4639abccb9fd9508c171cc7636fe4b987ae28ca6dd1969e7c7295c6fc124,sliced,auto,repair,100000,66200,65800,80000,3,1.1453287197231834
target/balance-work/smoke,065b4639abccb9fd9508c171cc7636fe4b987ae28ca6dd1969e7c7295c6fc124,sliced,streaming,repair,100000,193000,182200,270100,3,0.9396299902629016
target/balance-work/smoke,065b4639abccb9fd9508c171cc7636fe4b987ae28ca6dd1969e7c7295c6fc124,sliced,streaming,balanced,100000,243900,203800,280000,3,1.1874391431353457
target/balance-work/smoke,065b4639abccb9fd9508c171cc7636fe4b987ae28ca6dd1969e7c7295c6fc124,sliced,streaming,baseline,0,205400,172900,304500,3,1.0
target/balance-work/smoke,065b4639abccb9fd9508c171cc7636fe4b987ae28ca6dd1969e7c7295c6fc124,multi_chunk,auto,balanced,100000,65500,62900,68500,3,1.0971524288107202
target/balance-work/smoke,065b4639abccb9fd9508c171cc7636fe4b987ae28ca6dd1969e7c7295c6fc124,multi_chunk,auto,baseline,0,59700,58700,62500,3,1.0
target/balance-work/smoke,065b4639abccb9fd9508c171cc7636fe4b987ae28ca6dd1969e7c7295c6fc124,multi_chunk,auto,repair,100000,70000,68800,79000,3,1.1725293132328307
target/balance-work/smoke,065b4639abccb9fd9508c171cc7636fe4b987ae28ca6dd1969e7c7295c6fc124,multi_chunk,streaming,repair,100000,176500,172500,181800,3,0.9655361050328227
target/balance-work/smoke,065b4639abccb9fd9508c171cc7636fe4b987ae28ca6dd1969e7c7295c6fc124,multi_chunk,streaming,balanced,100000,196300,179800,240400,3,1.073851203501094
target/balance-work/smoke,065b4639abccb9fd9508c171cc7636fe4b987ae28ca6dd1969e7c7295c6fc124,multi_chunk,streaming,baseline,0,182800,180200,205900,3,1.0
target/balance-work/smoke,f0dfdce6df109f3472f4ac78d85bf65308ba142fa7908172c00f9d8e897abd29,integer,auto,balanced,100000,60200,58500,61300,3,1.0617283950617284
target/balance-work/smoke,f0dfdce6df109f3472f4ac78d85bf65308ba142fa7908172c00f9d8e897abd29,integer,auto,baseline,0,56700,54800,66500,3,1.0
target/balance-work/smoke,f0dfdce6df109f3472f4ac78d85bf65308ba142fa7908172c00f9d8e897abd29,integer,auto,repair,100000,65200,65100,69600,3,1.1499118165784832
target/balance-work/smoke,f0dfdce6df109f3472f4ac78d85bf65308ba142fa7908172c00f9d8e897abd29,integer,streaming,balanced,100000,174000,158500,176600,3,1.0558252427184467
target/balance-work/smoke,f0dfdce6df109f3472f4ac78d85bf65308ba142fa7908172c00f9d8e897abd29,integer,streaming,baseline,0,164800,127300,173000,3,1.0
target/balance-work/smoke,f0dfdce6df109f3472f4ac78d85bf65308ba142fa7908172c00f9d8e897abd29,integer,streaming,repair,100000,169100,157800,175100,3,1.0260922330097086
target/balance-work/smoke,f0dfdce6df109f3472f4ac78d85bf65308ba142fa7908172c00f9d8e897abd29,date,auto,repair,100000,87300,70300,107900,3,1.334862385321101
target/balance-work/smoke,f0dfdce6df109f3472f4ac78d85bf65308ba142fa7908172c00f9d8e897abd29,date,auto,balanced,100000,68800,62300,89800,3,1.0519877675840978
target/balance-work/smoke,f0dfdce6df109f3472f4ac78d85bf65308ba142fa7908172c00f9d8e897abd29,date,auto,baseline,0,65400,58800,65600,3,1.0
target/balance-work/smoke,f0dfdce6df109f3472f4ac78d85bf65308ba142fa7908172c00f9d8e897abd29,date,streaming,baseline,0,175100,161700,188400,3,1.0
target/balance-work/smoke,f0dfdce6df109f3472f4ac78d85bf65308ba142fa7908172c00f9d8e897abd29,date,streaming,repair,100000,173600,170000,176300,3,0.9914334665905197
target/balance-work/smoke,f0dfdce6df109f3472f4ac78d85bf65308ba142fa7908172c00f9d8e897abd29,date,streaming,balanced,100000,185600,171900,201400,3,1.0599657338663622
target/balance-work/smoke,f0dfdce6df109f3472f4ac78d85bf65308ba142fa7908172c00f9d8e897abd29,datetime,auto,baseline,0,63000,59900,63800,3,1.0
target/balance-work/smoke,f0dfdce6df109f3472f4ac78d85bf65308ba142fa7908172c00f9d8e897abd29,datetime,auto,repair,100000,72800,69700,86300,3,1.1555555555555554
target/balance-work/smoke,f0dfdce6df109f3472f4ac78d85bf65308ba142fa7908172c00f9d8e897abd29,datetime,auto,balanced,100000,65800,64900,67000,3,1.0444444444444445
target/balance-work/smoke,f0dfdce6df109f3472f4ac78d85bf65308ba142fa7908172c00f9d8e897abd29,datetime,streaming,repair,100000,181100,176800,187600,3,1.0414031052328925
target/balance-work/smoke,f0dfdce6df109f3472f4ac78d85bf65308ba142fa7908172c00f9d8e897abd29,datetime,streaming,balanced,100000,178000,175300,252100,3,1.0235767682576193
target/balance-work/smoke,f0dfdce6df109f3472f4ac78d85bf65308ba142fa7908172c00f9d8e897abd29,datetime,streaming,baseline,0,173900,170700,183900,3,1.0
target/balance-work/smoke,f0dfdce6df109f3472f4ac78d85bf65308ba142fa7908172c00f9d8e897abd29,grouped,auto,balanced,100000,144500,123300,186700,3,1.1262665627435697
target/balance-work/smoke,f0dfdce6df109f3472f4ac78d85bf65308ba142fa7908172c00f9d8e897abd29,grouped,auto,baseline,0,128300,114000,153800,3,1.0
target/balance-work/smoke,f0dfdce6df109f3472f4ac78d85bf65308ba142fa7908172c00f9d8e897abd29,grouped,auto,repair,100000,142400,142000,199700,3,1.1098986749805144
target/balance-work/smoke,f0dfdce6df109f3472f4ac78d85bf65308ba142fa7908172c00f9d8e897abd29,grouped,streaming,repair,100000,245100,208500,274700,3,1.0773626373626373
target/balance-work/smoke,f0dfdce6df109f3472f4ac78d85bf65308ba142fa7908172c00f9d8e897abd29,grouped,streaming,balanced,100000,241600,186200,245000,3,1.061978021978022
target/balance-work/smoke,f0dfdce6df109f3472f4ac78d85bf65308ba142fa7908172c00f9d8e897abd29,grouped,streaming,baseline,0,227500,205500,240000,3,1.0
target/balance-work/smoke,f0dfdce6df109f3472f4ac78d85bf65308ba142fa7908172c00f9d8e897abd29,sliced,auto,repair,100000,77800,66700,98100,3,1.3141891891891893
target/balance-work/smoke,f0dfdce6df109f3472f4ac78d85bf65308ba142fa7908172c00f9d8e897abd29,sliced,auto,balanced,100000,78100,60700,91100,3,1.3192567567567568
target/balance-work/smoke,f0dfdce6df109f3472f4ac78d85bf65308ba142fa7908172c00f9d8e897abd29,sliced,auto,baseline,0,59200,56200,69200,3,1.0
target/balance-work/smoke,f0dfdce6df109f3472f4ac78d85bf65308ba142fa7908172c00f9d8e897abd29,sliced,streaming,repair,100000,174300,163400,176600,3,1.0069324090121317
target/balance-work/smoke,f0dfdce6df109f3472f4ac78d85bf65308ba142fa7908172c00f9d8e897abd29,sliced,streaming,balanced,100000,185200,169000,245200,3,1.069901790872328
target/balance-work/smoke,f0dfdce6df109f3472f4ac78d85bf65308ba142fa7908172c00f9d8e897abd29,sliced,streaming,baseline,0,173100,167000,174700,3,1.0
target/balance-work/smoke,f0dfdce6df109f3472f4ac78d85bf65308ba142fa7908172c00f9d8e897abd29,multi_chunk,auto,repair,100000,68800,66700,86900,3,1.186206896551724
target/balance-work/smoke,f0dfdce6df109f3472f4ac78d85bf65308ba142fa7908172c00f9d8e897abd29,multi_chunk,auto,balanced,100000,62500,61600,62600,3,1.0775862068965518
target/balance-work/smoke,f0dfdce6df109f3472f4ac78d85bf65308ba142fa7908172c00f9d8e897abd29,multi_chunk,auto,baseline,0,58000,57500,60600,3,1.0
target/balance-work/smoke,f0dfdce6df109f3472f4ac78d85bf65308ba142fa7908172c00f9d8e897abd29,multi_chunk,streaming,baseline,0,172300,157200,203600,3,1.0
target/balance-work/smoke,f0dfdce6df109f3472f4ac78d85bf65308ba142fa7908172c00f9d8e897abd29,multi_chunk,streaming,repair,100000,172500,163800,252600,3,1.0011607661056297
target/balance-work/smoke,f0dfdce6df109f3472f4ac78d85bf65308ba142fa7908172c00f9d8e897abd29,multi_chunk,streaming,balanced,100000,169300,155500,172300,3,0.9825885084155542
target/balance-work/smoke,47ae622521f9a468209ab287b74ba4f893729dad94da3a5ebd0ec62ecd33a0bd,integer,auto,baseline,0,60200,57500,60600,3,1.0
target/balance-work/smoke,47ae622521f9a468209ab287b74ba4f893729dad94da3a5ebd0ec62ecd33a0bd,integer,auto,repair,100000,66600,66300,70000,3,1.106312292358804
target/balance-work/smoke,47ae622521f9a468209ab287b74ba4f893729dad94da3a5ebd0ec62ecd33a0bd,integer,auto,balanced,100000,62400,61300,66900,3,1.0365448504983388
target/balance-work/smoke,47ae622521f9a468209ab287b74ba4f893729dad94da3a5ebd0ec62ecd33a0bd,integer,streaming,repair,100000,173200,168500,188200,3,1.098984771573604
target/balance-work/smoke,47ae622521f9a468209ab287b74ba4f893729dad94da3a5ebd0ec62ecd33a0bd,integer,streaming,balanced,100000,149900,145900,178900,3,0.9511421319796954
target/balance-work/smoke,47ae622521f9a468209ab287b74ba4f893729dad94da3a5ebd0ec62ecd33a0bd,integer,streaming,baseline,0,157600,139300,322700,3,1.0
target/balance-work/smoke,47ae622521f9a468209ab287b74ba4f893729dad94da3a5ebd0ec62ecd33a0bd,date,auto,baseline,0,60300,58800,60500,3,1.0
target/balance-work/smoke,47ae622521f9a468209ab287b74ba4f893729dad94da3a5ebd0ec62ecd33a0bd,date,auto,repair,100000,68300,67700,68800,3,1.1326699834162521
target/balance-work/smoke,47ae622521f9a468209ab287b74ba4f893729dad94da3a5ebd0ec62ecd33a0bd,date,auto,balanced,100000,66300,62900,74500,3,1.099502487562189
target/balance-work/smoke,47ae622521f9a468209ab287b74ba4f893729dad94da3a5ebd0ec62ecd33a0bd,date,streaming,repair,100000,180500,177200,195100,3,1.1169554455445545
target/balance-work/smoke,47ae622521f9a468209ab287b74ba4f893729dad94da3a5ebd0ec62ecd33a0bd,date,streaming,balanced,100000,162900,160000,164000,3,1.0080445544554455
target/balance-work/smoke,47ae622521f9a468209ab287b74ba4f893729dad94da3a5ebd0ec62ecd33a0bd,date,streaming,baseline,0,161600,152000,168900,3,1.0
target/balance-work/smoke,47ae622521f9a468209ab287b74ba4f893729dad94da3a5ebd0ec62ecd33a0bd,datetime,auto,baseline,0,60000,60000,61800,3,1.0
target/balance-work/smoke,47ae622521f9a468209ab287b74ba4f893729dad94da3a5ebd0ec62ecd33a0bd,datetime,auto,repair,100000,71300,70000,74000,3,1.1883333333333332
target/balance-work/smoke,47ae622521f9a468209ab287b74ba4f893729dad94da3a5ebd0ec62ecd33a0bd,datetime,auto,balanced,100000,66400,64400,77900,3,1.1066666666666667
target/balance-work/smoke,47ae622521f9a468209ab287b74ba4f893729dad94da3a5ebd0ec62ecd33a0bd,datetime,streaming,repair,100000,189200,182300,189900,3,1.1480582524271845
target/balance-work/smoke,47ae622521f9a468209ab287b74ba4f893729dad94da3a5ebd0ec62ecd33a0bd,datetime,streaming,balanced,100000,164500,161300,210300,3,0.9981796116504854
target/balance-work/smoke,47ae622521f9a468209ab287b74ba4f893729dad94da3a5ebd0ec62ecd33a0bd,datetime,streaming,baseline,0,164800,164000,181000,3,1.0
target/balance-work/smoke,47ae622521f9a468209ab287b74ba4f893729dad94da3a5ebd0ec62ecd33a0bd,grouped,auto,repair,100000,157000,141400,257300,3,1.346483704974271
target/balance-work/smoke,47ae622521f9a468209ab287b74ba4f893729dad94da3a5ebd0ec62ecd33a0bd,grouped,auto,balanced,100000,124700,123400,126200,3,1.069468267581475
target/balance-work/smoke,47ae622521f9a468209ab287b74ba4f893729dad94da3a5ebd0ec62ecd33a0bd,grouped,auto,baseline,0,116600,114800,186100,3,1.0
target/balance-work/smoke,47ae622521f9a468209ab287b74ba4f893729dad94da3a5ebd0ec62ecd33a0bd,grouped,streaming,repair,100000,231500,221900,247200,3,1.0413855150697255
target/balance-work/smoke,47ae622521f9a468209ab287b74ba4f893729dad94da3a5ebd0ec62ecd33a0bd,grouped,streaming,balanced,100000,217000,195200,218800,3,0.9761583445793972
target/balance-work/smoke,47ae622521f9a468209ab287b74ba4f893729dad94da3a5ebd0ec62ecd33a0bd,grouped,streaming,baseline,0,222300,206700,230600,3,1.0
target/balance-work/smoke,47ae622521f9a468209ab287b74ba4f893729dad94da3a5ebd0ec62ecd33a0bd,sliced,auto,balanced,100000,61600,60600,62500,3,1.0864197530864197
target/balance-work/smoke,47ae622521f9a468209ab287b74ba4f893729dad94da3a5ebd0ec62ecd33a0bd,sliced,auto,baseline,0,56700,56600,62500,3,1.0
target/balance-work/smoke,47ae622521f9a468209ab287b74ba4f893729dad94da3a5ebd0ec62ecd33a0bd,sliced,auto,repair,100000,65300,64400,65600,3,1.1516754850088184
target/balance-work/smoke,47ae622521f9a468209ab287b74ba4f893729dad94da3a5ebd0ec62ecd33a0bd,sliced,streaming,baseline,0,210700,153400,252000,3,1.0
target/balance-work/smoke,47ae622521f9a468209ab287b74ba4f893729dad94da3a5ebd0ec62ecd33a0bd,sliced,streaming,repair,100000,221800,183600,279200,3,1.0526815377313716
target/balance-work/smoke,47ae622521f9a468209ab287b74ba4f893729dad94da3a5ebd0ec62ecd33a0bd,sliced,streaming,balanced,100000,172400,166600,183500,3,0.8182249644043664
target/balance-work/smoke,47ae622521f9a468209ab287b74ba4f893729dad94da3a5ebd0ec62ecd33a0bd,multi_chunk,auto,repair,100000,69900,68700,150400,3,1.1347402597402598
target/balance-work/smoke,47ae622521f9a468209ab287b74ba4f893729dad94da3a5ebd0ec62ecd33a0bd,multi_chunk,auto,balanced,100000,62900,62300,78800,3,1.021103896103896
target/balance-work/smoke,47ae622521f9a468209ab287b74ba4f893729dad94da3a5ebd0ec62ecd33a0bd,multi_chunk,auto,baseline,0,61600,61200,111000,3,1.0
target/balance-work/smoke,47ae622521f9a468209ab287b74ba4f893729dad94da3a5ebd0ec62ecd33a0bd,multi_chunk,streaming,balanced,100000,167100,165200,178900,3,1.0189024390243901
target/balance-work/smoke,47ae622521f9a468209ab287b74ba4f893729dad94da3a5ebd0ec62ecd33a0bd,multi_chunk,streaming,baseline,0,164000,160700,168700,3,1.0
target/balance-work/smoke,47ae622521f9a468209ab287b74ba4f893729dad94da3a5ebd0ec62ecd33a0bd,multi_chunk,streaming,repair,100000,182200,178900,184200,3,1.1109756097560977
target/balance-work/smoke,ca91b4bb2c20dff23850d176623e768394fce9ab522a2078d5a83a5412b12e73,integer,auto,balanced,100000,61400,59200,72700,3,1.108303249097473
target/balance-work/smoke,ca91b4bb2c20dff23850d176623e768394fce9ab522a2078d5a83a5412b12e73,integer,auto,baseline,0,55400,55300,56900,3,1.0
target/balance-work/smoke,ca91b4bb2c20dff23850d176623e768394fce9ab522a2078d5a83a5412b12e73,integer,auto,repair,100000,67200,63900,69300,3,1.2129963898916967
target/balance-work/smoke,ca91b4bb2c20dff23850d176623e768394fce9ab522a2078d5a83a5412b12e73,integer,streaming,balanced,100000,182900,176100,188500,3,0.9054455445544555
target/balance-work/smoke,ca91b4bb2c20dff23850d176623e768394fce9ab522a2078d5a83a5412b12e73,integer,streaming,baseline,0,202000,161700,240000,3,1.0
target/balance-work/smoke,ca91b4bb2c20dff23850d176623e768394fce9ab522a2078d5a83a5412b12e73,integer,streaming,repair,100000,175300,158700,238800,3,0.8678217821782178
target/balance-work/smoke,ca91b4bb2c20dff23850d176623e768394fce9ab522a2078d5a83a5412b12e73,date,auto,baseline,0,57500,55800,97900,3,1.0
target/balance-work/smoke,ca91b4bb2c20dff23850d176623e768394fce9ab522a2078d5a83a5412b12e73,date,auto,repair,100000,70200,65800,71000,3,1.2208695652173913
target/balance-work/smoke,ca91b4bb2c20dff23850d176623e768394fce9ab522a2078d5a83a5412b12e73,date,auto,balanced,100000,62900,61300,63600,3,1.093913043478261
target/balance-work/smoke,ca91b4bb2c20dff23850d176623e768394fce9ab522a2078d5a83a5412b12e73,date,streaming,repair,100000,261500,192800,310400,3,1.4074273412271259
target/balance-work/smoke,ca91b4bb2c20dff23850d176623e768394fce9ab522a2078d5a83a5412b12e73,date,streaming,balanced,100000,231600,162200,233700,3,1.2465016146393972
target/balance-work/smoke,ca91b4bb2c20dff23850d176623e768394fce9ab522a2078d5a83a5412b12e73,date,streaming,baseline,0,185800,146600,199500,3,1.0
target/balance-work/smoke,ca91b4bb2c20dff23850d176623e768394fce9ab522a2078d5a83a5412b12e73,datetime,auto,baseline,0,59900,58800,60600,3,1.0
target/balance-work/smoke,ca91b4bb2c20dff23850d176623e768394fce9ab522a2078d5a83a5412b12e73,datetime,auto,repair,100000,72100,67800,73100,3,1.2036727879799667
target/balance-work/smoke,ca91b4bb2c20dff23850d176623e768394fce9ab522a2078d5a83a5412b12e73,datetime,auto,balanced,100000,65600,63400,65800,3,1.0951585976627713
target/balance-work/smoke,ca91b4bb2c20dff23850d176623e768394fce9ab522a2078d5a83a5412b12e73,datetime,streaming,baseline,0,157400,156400,165700,3,1.0
target/balance-work/smoke,ca91b4bb2c20dff23850d176623e768394fce9ab522a2078d5a83a5412b12e73,datetime,streaming,repair,100000,171300,144800,180500,3,1.0883100381194408
target/balance-work/smoke,ca91b4bb2c20dff23850d176623e768394fce9ab522a2078d5a83a5412b12e73,datetime,streaming,balanced,100000,167200,161200,170800,3,1.062261753494282
target/balance-work/smoke,ca91b4bb2c20dff23850d176623e768394fce9ab522a2078d5a83a5412b12e73,grouped,auto,balanced,100000,151000,122900,174600,3,1.280746395250212
target/balance-work/smoke,ca91b4bb2c20dff23850d176623e768394fce9ab522a2078d5a83a5412b12e73,grouped,auto,baseline,0,117900,115800,125500,3,1.0
target/balance-work/smoke,ca91b4bb2c20dff23850d176623e768394fce9ab522a2078d5a83a5412b12e73,grouped,auto,repair,100000,137100,135500,137400,3,1.1628498727735368
target/balance-work/smoke,ca91b4bb2c20dff23850d176623e768394fce9ab522a2078d5a83a5412b12e73,grouped,streaming,balanced,100000,217900,207400,239100,3,1.023966165413534
target/balance-work/smoke,ca91b4bb2c20dff23850d176623e768394fce9ab522a2078d5a83a5412b12e73,grouped,streaming,baseline,0,212800,210700,224300,3,1.0
target/balance-work/smoke,ca91b4bb2c20dff23850d176623e768394fce9ab522a2078d5a83a5412b12e73,grouped,streaming,repair,100000,230000,203500,233700,3,1.080827067669173
target/balance-work/smoke,ca91b4bb2c20dff23850d176623e768394fce9ab522a2078d5a83a5412b12e73,sliced,auto,balanced,100000,61400,59800,61700,3,1.037162162162162
target/balance-work/smoke,ca91b4bb2c20dff23850d176623e768394fce9ab522a2078d5a83a5412b12e73,sliced,auto,baseline,0,59200,56100,60000,3,1.0
target/balance-work/smoke,ca91b4bb2c20dff23850d176623e768394fce9ab522a2078d5a83a5412b12e73,sliced,auto,repair,100000,64600,64000,71200,3,1.0912162162162162
target/balance-work/smoke,ca91b4bb2c20dff23850d176623e768394fce9ab522a2078d5a83a5412b12e73,sliced,streaming,repair,100000,170000,169800,170800,3,1.1463250168577208
target/balance-work/smoke,ca91b4bb2c20dff23850d176623e768394fce9ab522a2078d5a83a5412b12e73,sliced,streaming,balanced,100000,157300,156800,177000,3,1.0606877950101146
target/balance-work/smoke,ca91b4bb2c20dff23850d176623e768394fce9ab522a2078d5a83a5412b12e73,sliced,streaming,baseline,0,148300,147800,293000,3,1.0
target/balance-work/smoke,ca91b4bb2c20dff23850d176623e768394fce9ab522a2078d5a83a5412b12e73,multi_chunk,auto,repair,100000,69400,68100,82000,3,1.1986183074265975
target/balance-work/smoke,ca91b4bb2c20dff23850d176623e768394fce9ab522a2078d5a83a5412b12e73,multi_chunk,auto,balanced,100000,62000,59900,64000,3,1.0708117443868739
target/balance-work/smoke,ca91b4bb2c20dff23850d176623e768394fce9ab522a2078d5a83a5412b12e73,multi_chunk,auto,baseline,0,57900,56300,58100,3,1.0
target/balance-work/smoke,ca91b4bb2c20dff23850d176623e768394fce9ab522a2078d5a83a5412b12e73,multi_chunk,streaming,balanced,100000,163100,148100,164000,3,0.9872881355932204
target/balance-work/smoke,ca91b4bb2c20dff23850d176623e768394fce9ab522a2078d5a83a5412b12e73,multi_chunk,streaming,baseline,0,165200,149900,168700,3,1.0
target/balance-work/smoke,ca91b4bb2c20dff23850d176623e768394fce9ab522a2078d5a83a5412b12e73,multi_chunk,streaming,repair,100000,180200,169400,182100,3,1.0907990314769975
target/balance-work/smoke,54d7192702603d7768bbd293d6d59b7f225a785f6736454cd623107114e8bf30,integer,auto,balanced,100000,63400,61800,63700,3,1.0949913644214162
target/balance-work/smoke,54d7192702603d7768bbd293d6d59b7f225a785f6736454cd623107114e8bf30,integer,auto,baseline,0,57900,57300,62100,3,1.0
target/balance-work/smoke,54d7192702603d7768bbd293d6d59b7f225a785f6736454cd623107114e8bf30,integer,auto,repair,100000,67700,66900,73600,3,1.1692573402417963
target/balance-work/smoke,54d7192702603d7768bbd293d6d59b7f225a785f6736454cd623107114e8bf30,integer,streaming,repair,100000,174000,167200,197300,3,1.084788029925187
target/balance-work/smoke,54d7192702603d7768bbd293d6d59b7f225a785f6736454cd623107114e8bf30,integer,streaming,balanced,100000,168900,160200,168900,3,1.0529925187032418
target/balance-work/smoke,54d7192702603d7768bbd293d6d59b7f225a785f6736454cd623107114e8bf30,integer,streaming,baseline,0,160400,158300,218000,3,1.0
target/balance-work/smoke,54d7192702603d7768bbd293d6d59b7f225a785f6736454cd623107114e8bf30,date,auto,repair,100000,71600,71500,79400,3,1.226027397260274
target/balance-work/smoke,54d7192702603d7768bbd293d6d59b7f225a785f6736454cd623107114e8bf30,date,auto,balanced,100000,63100,62400,64200,3,1.0804794520547945
target/balance-work/smoke,54d7192702603d7768bbd293d6d59b7f225a785f6736454cd623107114e8bf30,date,auto,baseline,0,58400,58100,125300,3,1.0
target/balance-work/smoke,54d7192702603d7768bbd293d6d59b7f225a785f6736454cd623107114e8bf30,date,streaming,baseline,0,172000,168500,172800,3,1.0
target/balance-work/smoke,54d7192702603d7768bbd293d6d59b7f225a785f6736454cd623107114e8bf30,date,streaming,repair,100000,177500,177400,192300,3,1.0319767441860466
target/balance-work/smoke,54d7192702603d7768bbd293d6d59b7f225a785f6736454cd623107114e8bf30,date,streaming,balanced,100000,176000,165400,176500,3,1.0232558139534884
target/balance-work/smoke,54d7192702603d7768bbd293d6d59b7f225a785f6736454cd623107114e8bf30,datetime,auto,baseline,0,60500,60400,68100,3,1.0
target/balance-work/smoke,54d7192702603d7768bbd293d6d59b7f225a785f6736454cd623107114e8bf30,datetime,auto,repair,100000,74200,71800,74200,3,1.2264462809917356
target/balance-work/smoke,54d7192702603d7768bbd293d6d59b7f225a785f6736454cd623107114e8bf30,datetime,auto,balanced,100000,67200,64900,69800,3,1.1107438016528925
target/balance-work/smoke,54d7192702603d7768bbd293d6d59b7f225a785f6736454cd623107114e8bf30,datetime,streaming,repair,100000,206400,192600,220600,3,1.1595505617977528
target/balance-work/smoke,54d7192702603d7768bbd293d6d59b7f225a785f6736454cd623107114e8bf30,datetime,streaming,balanced,100000,189100,179500,234000,3,1.0623595505617978
target/balance-work/smoke,54d7192702603d7768bbd293d6d59b7f225a785f6736454cd623107114e8bf30,datetime,streaming,baseline,0,178000,175400,198900,3,1.0
target/balance-work/smoke,54d7192702603d7768bbd293d6d59b7f225a785f6736454cd623107114e8bf30,grouped,auto,baseline,0,138800,119000,150300,3,1.0
target/balance-work/smoke,54d7192702603d7768bbd293d6d59b7f225a785f6736454cd623107114e8bf30,grouped,auto,repair,100000,156400,143400,158500,3,1.1268011527377522
target/balance-work/smoke,54d7192702603d7768bbd293d6d59b7f225a785f6736454cd623107114e8bf30,grouped,auto,balanced,100000,200300,125400,211200,3,1.4430835734870318
target/balance-work/smoke,54d7192702603d7768bbd293d6d59b7f225a785f6736454cd623107114e8bf30,grouped,streaming,baseline,0,215000,211000,229200,3,1.0
target/balance-work/smoke,54d7192702603d7768bbd293d6d59b7f225a785f6736454cd623107114e8bf30,grouped,streaming,repair,100000,257900,241800,276100,3,1.1995348837209303
target/balance-work/smoke,54d7192702603d7768bbd293d6d59b7f225a785f6736454cd623107114e8bf30,grouped,streaming,balanced,100000,225000,196700,249000,3,1.0465116279069768
target/balance-work/smoke,54d7192702603d7768bbd293d6d59b7f225a785f6736454cd623107114e8bf30,sliced,auto,balanced,100000,62700,60600,65300,3,1.0681431005110733
target/balance-work/smoke,54d7192702603d7768bbd293d6d59b7f225a785f6736454cd623107114e8bf30,sliced,auto,baseline,0,58700,55700,60100,3,1.0
target/balance-work/smoke,54d7192702603d7768bbd293d6d59b7f225a785f6736454cd623107114e8bf30,sliced,auto,repair,100000,68000,65200,68600,3,1.1584327086882453
target/balance-work/smoke,54d7192702603d7768bbd293d6d59b7f225a785f6736454cd623107114e8bf30,sliced,streaming,balanced,100000,172000,171400,183400,3,0.8797953964194374
target/balance-work/smoke,54d7192702603d7768bbd293d6d59b7f225a785f6736454cd623107114e8bf30,sliced,streaming,baseline,0,195500,187900,273700,3,1.0
target/balance-work/smoke,54d7192702603d7768bbd293d6d59b7f225a785f6736454cd623107114e8bf30,sliced,streaming,repair,100000,220000,154900,224000,3,1.1253196930946292
target/balance-work/smoke,54d7192702603d7768bbd293d6d59b7f225a785f6736454cd623107114e8bf30,multi_chunk,auto,repair,100000,68200,68200,74900,3,1.1481481481481481
target/balance-work/smoke,54d7192702603d7768bbd293d6d59b7f225a785f6736454cd623107114e8bf30,multi_chunk,auto,balanced,100000,66700,62900,67500,3,1.1228956228956228
target/balance-work/smoke,54d7192702603d7768bbd293d6d59b7f225a785f6736454cd623107114e8bf30,multi_chunk,auto,baseline,0,59400,59000,81700,3,1.0
target/balance-work/smoke,54d7192702603d7768bbd293d6d59b7f225a785f6736454cd623107114e8bf30,multi_chunk,streaming,repair,100000,179300,172200,179600,3,1.0147142048670061
target/balance-work/smoke,54d7192702603d7768bbd293d6d59b7f225a785f6736454cd623107114e8bf30,multi_chunk,streaming,balanced,100000,179400,157700,190500,3,1.0152801358234296
target/balance-work/smoke,54d7192702603d7768bbd293d6d59b7f225a785f6736454cd623107114e8bf30,multi_chunk,streaming,baseline,0,176700,166100,183800,3,1.0
target/balance-work/smoke,668330f28a2b910ccd07c6703cfee29fa1083f98c3938c0e51ad0689584f9d83,integer,auto,baseline,0,60900,60800,66900,3,1.0
target/balance-work/smoke,668330f28a2b910ccd07c6703cfee29fa1083f98c3938c0e51ad0689584f9d83,integer,auto,repair,100000,67400,65200,67600,3,1.1067323481116584
target/balance-work/smoke,668330f28a2b910ccd07c6703cfee29fa1083f98c3938c0e51ad0689584f9d83,integer,auto,balanced,100000,61800,61400,63300,3,1.0147783251231528
target/balance-work/smoke,668330f28a2b910ccd07c6703cfee29fa1083f98c3938c0e51ad0689584f9d83,integer,streaming,baseline,0,160700,154500,161300,3,1.0
target/balance-work/smoke,668330f28a2b910ccd07c6703cfee29fa1083f98c3938c0e51ad0689584f9d83,integer,streaming,repair,100000,171100,156300,179900,3,1.0647168637212197
target/balance-work/smoke,668330f28a2b910ccd07c6703cfee29fa1083f98c3938c0e51ad0689584f9d83,integer,streaming,balanced,100000,159600,157600,171600,3,0.9931549471064095
target/balance-work/smoke,668330f28a2b910ccd07c6703cfee29fa1083f98c3938c0e51ad0689584f9d83,date,auto,baseline,0,67600,59000,120300,3,1.0
target/balance-work/smoke,668330f28a2b910ccd07c6703cfee29fa1083f98c3938c0e51ad0689584f9d83,date,auto,repair,100000,71700,70300,98400,3,1.0606508875739644
target/balance-work/smoke,668330f28a2b910ccd07c6703cfee29fa1083f98c3938c0e51ad0689584f9d83,date,auto,balanced,100000,68700,65400,72300,3,1.0162721893491125
target/balance-work/smoke,668330f28a2b910ccd07c6703cfee29fa1083f98c3938c0e51ad0689584f9d83,date,streaming,balanced,100000,168600,167900,179400,3,1.0394574599260173
target/balance-work/smoke,668330f28a2b910ccd07c6703cfee29fa1083f98c3938c0e51ad0689584f9d83,date,streaming,baseline,0,162200,157000,171300,3,1.0
target/balance-work/smoke,668330f28a2b910ccd07c6703cfee29fa1083f98c3938c0e51ad0689584f9d83,date,streaming,repair,100000,176200,175300,187700,3,1.0863131935881627
target/balance-work/smoke,668330f28a2b910ccd07c6703cfee29fa1083f98c3938c0e51ad0689584f9d83,datetime,auto,repair,100000,71100,69800,72300,3,1.148626817447496
target/balance-work/smoke,668330f28a2b910ccd07c6703cfee29fa1083f98c3938c0e51ad0689584f9d83,datetime,auto,balanced,100000,64500,64100,64500,3,1.0420032310177707
target/balance-work/smoke,668330f28a2b910ccd07c6703cfee29fa1083f98c3938c0e51ad0689584f9d83,datetime,auto,baseline,0,61900,59800,63200,3,1.0
target/balance-work/smoke,668330f28a2b910ccd07c6703cfee29fa1083f98c3938c0e51ad0689584f9d83,datetime,streaming,repair,100000,181600,175800,207700,3,1.1589023611997447
target/balance-work/smoke,668330f28a2b910ccd07c6703cfee29fa1083f98c3938c0e51ad0689584f9d83,datetime,streaming,balanced,100000,162300,161100,179700,3,1.0357370772176133
target/balance-work/smoke,668330f28a2b910ccd07c6703cfee29fa1083f98c3938c0e51ad0689584f9d83,datetime,streaming,baseline,0,156700,156000,157900,3,1.0
target/balance-work/smoke,668330f28a2b910ccd07c6703cfee29fa1083f98c3938c0e51ad0689584f9d83,grouped,auto,balanced,100000,128900,126100,135500,3,1.0914479254868756
target/balance-work/smoke,668330f28a2b910ccd07c6703cfee29fa1083f98c3938c0e51ad0689584f9d83,grouped,auto,baseline,0,118100,116700,121600,3,1.0
target/balance-work/smoke,668330f28a2b910ccd07c6703cfee29fa1083f98c3938c0e51ad0689584f9d83,grouped,auto,repair,100000,145000,141000,232800,3,1.2277730736663843
target/balance-work/smoke,668330f28a2b910ccd07c6703cfee29fa1083f98c3938c0e51ad0689584f9d83,grouped,streaming,balanced,100000,241200,220300,369000,3,1.194059405940594
target/balance-work/smoke,668330f28a2b910ccd07c6703cfee29fa1083f98c3938c0e51ad0689584f9d83,grouped,streaming,baseline,0,202000,183400,202200,3,1.0
target/balance-work/smoke,668330f28a2b910ccd07c6703cfee29fa1083f98c3938c0e51ad0689584f9d83,grouped,streaming,repair,100000,278500,232700,317300,3,1.3787128712871286
target/balance-work/smoke,668330f28a2b910ccd07c6703cfee29fa1083f98c3938c0e51ad0689584f9d83,sliced,auto,baseline,0,56200,55800,57800,3,1.0
target/balance-work/smoke,668330f28a2b910ccd07c6703cfee29fa1083f98c3938c0e51ad0689584f9d83,sliced,auto,repair,100000,64900,64200,68000,3,1.1548042704626333
target/balance-work/smoke,668330f28a2b910ccd07c6703cfee29fa1083f98c3938c0e51ad0689584f9d83,sliced,auto,balanced,100000,62800,60500,63600,3,1.1174377224199288
target/balance-work/smoke,668330f28a2b910ccd07c6703cfee29fa1083f98c3938c0e51ad0689584f9d83,sliced,streaming,repair,100000,197200,172200,202100,3,1.178720860729229
target/balance-work/smoke,668330f28a2b910ccd07c6703cfee29fa1083f98c3938c0e51ad0689584f9d83,sliced,streaming,balanced,100000,171500,156600,177100,3,1.0251046025104602
target/balance-work/smoke,668330f28a2b910ccd07c6703cfee29fa1083f98c3938c0e51ad0689584f9d83,sliced,streaming,baseline,0,167300,148400,195500,3,1.0
target/balance-work/smoke,668330f28a2b910ccd07c6703cfee29fa1083f98c3938c0e51ad0689584f9d83,multi_chunk,auto,repair,100000,71200,68100,102600,3,1.155844155844156
target/balance-work/smoke,668330f28a2b910ccd07c6703cfee29fa1083f98c3938c0e51ad0689584f9d83,multi_chunk,auto,balanced,100000,68100,63200,69300,3,1.1055194805194806
target/balance-work/smoke,668330f28a2b910ccd07c6703cfee29fa1083f98c3938c0e51ad0689584f9d83,multi_chunk,auto,baseline,0,61600,58300,63000,3,1.0
target/balance-work/smoke,668330f28a2b910ccd07c6703cfee29fa1083f98c3938c0e51ad0689584f9d83,multi_chunk,streaming,balanced,100000,224700,187800,292400,3,1.024623803009576
target/balance-work/smoke,668330f28a2b910ccd07c6703cfee29fa1083f98c3938c0e51ad0689584f9d83,multi_chunk,streaming,baseline,0,219300,198900,249800,3,1.0
target/balance-work/smoke,668330f28a2b910ccd07c6703cfee29fa1083f98c3938c0e51ad0689584f9d83,multi_chunk,streaming,repair,100000,227900,218400,254400,3,1.0392156862745099
target/balance-work/smoke,68b156b222737c787eacf889fea69d58f273c171b24eb6f516f6163196a0d5ee,integer,auto,baseline,0,61500,61400,62000,3,1.0
target/balance-work/smoke,68b156b222737c787eacf889fea69d58f273c171b24eb6f516f6163196a0d5ee,integer,auto,repair,100000,68500,67900,69300,3,1.113821138211382
target/balance-work/smoke,68b156b222737c787eacf889fea69d58f273c171b24eb6f516f6163196a0d5ee,integer,auto,balanced,100000,63000,62300,63900,3,1.024390243902439
target/balance-work/smoke,68b156b222737c787eacf889fea69d58f273c171b24eb6f516f6163196a0d5ee,integer,streaming,baseline,0,191100,164600,191200,3,1.0
target/balance-work/smoke,68b156b222737c787eacf889fea69d58f273c171b24eb6f516f6163196a0d5ee,integer,streaming,repair,100000,178100,175900,182300,3,0.9319727891156463
target/balance-work/smoke,68b156b222737c787eacf889fea69d58f273c171b24eb6f516f6163196a0d5ee,integer,streaming,balanced,100000,201800,200600,206200,3,1.0559916274201988
target/balance-work/smoke,68b156b222737c787eacf889fea69d58f273c171b24eb6f516f6163196a0d5ee,date,auto,balanced,100000,68300,65700,70700,3,1.130794701986755
target/balance-work/smoke,68b156b222737c787eacf889fea69d58f273c171b24eb6f516f6163196a0d5ee,date,auto,baseline,0,60400,59200,60500,3,1.0
target/balance-work/smoke,68b156b222737c787eacf889fea69d58f273c171b24eb6f516f6163196a0d5ee,date,auto,repair,100000,70600,69200,71200,3,1.1688741721854305
target/balance-work/smoke,68b156b222737c787eacf889fea69d58f273c171b24eb6f516f6163196a0d5ee,date,streaming,baseline,0,202000,172000,261100,3,1.0
target/balance-work/smoke,68b156b222737c787eacf889fea69d58f273c171b24eb6f516f6163196a0d5ee,date,streaming,repair,100000,191800,175800,385700,3,0.9495049504950495
target/balance-work/smoke,68b156b222737c787eacf889fea69d58f273c171b24eb6f516f6163196a0d5ee,date,streaming,balanced,100000,191200,172200,248800,3,0.9465346534653465
target/balance-work/smoke,68b156b222737c787eacf889fea69d58f273c171b24eb6f516f6163196a0d5ee,datetime,auto,balanced,100000,69900,68200,70900,3,1.0464071856287425
target/balance-work/smoke,68b156b222737c787eacf889fea69d58f273c171b24eb6f516f6163196a0d5ee,datetime,auto,baseline,0,66800,63700,106400,3,1.0
target/balance-work/smoke,68b156b222737c787eacf889fea69d58f273c171b24eb6f516f6163196a0d5ee,datetime,auto,repair,100000,81300,74200,92700,3,1.217065868263473
target/balance-work/smoke,68b156b222737c787eacf889fea69d58f273c171b24eb6f516f6163196a0d5ee,datetime,streaming,repair,100000,182800,157500,190100,3,1.0560369728480647
target/balance-work/smoke,68b156b222737c787eacf889fea69d58f273c171b24eb6f516f6163196a0d5ee,datetime,streaming,balanced,100000,154200,146900,185700,3,0.8908145580589255
target/balance-work/smoke,68b156b222737c787eacf889fea69d58f273c171b24eb6f516f6163196a0d5ee,datetime,streaming,baseline,0,173100,169700,202400,3,1.0
target/balance-work/smoke,68b156b222737c787eacf889fea69d58f273c171b24eb6f516f6163196a0d5ee,grouped,auto,baseline,0,118600,116100,125300,3,1.0
target/balance-work/smoke,68b156b222737c787eacf889fea69d58f273c171b24eb6f516f6163196a0d5ee,grouped,auto,repair,100000,142000,140600,148200,3,1.197301854974705
target/balance-work/smoke,68b156b222737c787eacf889fea69d58f273c171b24eb6f516f6163196a0d5ee,grouped,auto,balanced,100000,129700,126500,134000,3,1.0935919055649241
target/balance-work/smoke,68b156b222737c787eacf889fea69d58f273c171b24eb6f516f6163196a0d5ee,grouped,streaming,repair,100000,243000,227700,252300,3,1.1807580174927115
target/balance-work/smoke,68b156b222737c787eacf889fea69d58f273c171b24eb6f516f6163196a0d5ee,grouped,streaming,balanced,100000,232500,212000,241100,3,1.129737609329446
target/balance-work/smoke,68b156b222737c787eacf889fea69d58f273c171b24eb6f516f6163196a0d5ee,grouped,streaming,baseline,0,205800,186700,218800,3,1.0
target/balance-work/smoke,68b156b222737c787eacf889fea69d58f273c171b24eb6f516f6163196a0d5ee,sliced,auto,baseline,0,59300,58500,61300,3,1.0
target/balance-work/smoke,68b156b222737c787eacf889fea69d58f273c171b24eb6f516f6163196a0d5ee,sliced,auto,repair,100000,66400,65600,70500,3,1.1197301854974704
target/balance-work/smoke,68b156b222737c787eacf889fea69d58f273c171b24eb6f516f6163196a0d5ee,sliced,auto,balanced,100000,61500,60700,61500,3,1.0370994940978078
target/balance-work/smoke,68b156b222737c787eacf889fea69d58f273c171b24eb6f516f6163196a0d5ee,sliced,streaming,baseline,0,159300,117600,162000,3,1.0
target/balance-work/smoke,68b156b222737c787eacf889fea69d58f273c171b24eb6f516f6163196a0d5ee,sliced,streaming,repair,100000,173300,148400,208900,3,1.0878844946641557
target/balance-work/smoke,68b156b222737c787eacf889fea69d58f273c171b24eb6f516f6163196a0d5ee,sliced,streaming,balanced,100000,157800,124700,160400,3,0.9905838041431262
target/balance-work/smoke,68b156b222737c787eacf889fea69d58f273c171b24eb6f516f6163196a0d5ee,multi_chunk,auto,repair,100000,69600,67300,70800,3,1.2104347826086956
target/balance-work/smoke,68b156b222737c787eacf889fea69d58f273c171b24eb6f516f6163196a0d5ee,multi_chunk,auto,balanced,100000,64200,62200,67300,3,1.1165217391304347
target/balance-work/smoke,68b156b222737c787eacf889fea69d58f273c171b24eb6f516f6163196a0d5ee,multi_chunk,auto,baseline,0,57500,57500,63400,3,1.0
target/balance-work/smoke,68b156b222737c787eacf889fea69d58f273c171b24eb6f516f6163196a0d5ee,multi_chunk,streaming,baseline,0,180900,169900,241800,3,1.0
target/balance-work/smoke,68b156b222737c787eacf889fea69d58f273c171b24eb6f516f6163196a0d5ee,multi_chunk,streaming,repair,100000,177600,175100,179200,3,0.9817578772802653
target/balance-work/smoke,68b156b222737c787eacf889fea69d58f273c171b24eb6f516f6163196a0d5ee,multi_chunk,streaming,balanced,100000,184100,160400,194300,3,1.0176893311221669
target/balance-work/smoke,436cf7b8db42bf743189ce676b545a7cd2b9e195aa4fe6408f46ab1cce697dd8,integer,auto,baseline,0,60700,60200,61400,3,1.0
target/balance-work/smoke,436cf7b8db42bf743189ce676b545a7cd2b9e195aa4fe6408f46ab1cce697dd8,integer,auto,repair,100000,65900,65500,68500,3,1.085667215815486
target/balance-work/smoke,436cf7b8db42bf743189ce676b545a7cd2b9e195aa4fe6408f46ab1cce697dd8,integer,auto,balanced,100000,60800,59300,61500,3,1.00164744645799
target/balance-work/smoke,436cf7b8db42bf743189ce676b545a7cd2b9e195aa4fe6408f46ab1cce697dd8,integer,streaming,baseline,0,190400,172500,231700,3,1.0
target/balance-work/smoke,436cf7b8db42bf743189ce676b545a7cd2b9e195aa4fe6408f46ab1cce697dd8,integer,streaming,repair,100000,185800,182600,192700,3,0.9758403361344538
target/balance-work/smoke,436cf7b8db42bf743189ce676b545a7cd2b9e195aa4fe6408f46ab1cce697dd8,integer,streaming,balanced,100000,196300,169400,264500,3,1.030987394957983
target/balance-work/smoke,436cf7b8db42bf743189ce676b545a7cd2b9e195aa4fe6408f46ab1cce697dd8,date,auto,baseline,0,58300,58200,59800,3,1.0
target/balance-work/smoke,436cf7b8db42bf743189ce676b545a7cd2b9e195aa4fe6408f46ab1cce697dd8,date,auto,repair,100000,67700,67200,72800,3,1.1612349914236706
target/balance-work/smoke,436cf7b8db42bf743189ce676b545a7cd2b9e195aa4fe6408f46ab1cce697dd8,date,auto,balanced,100000,63100,62500,65300,3,1.0823327615780447
target/balance-work/smoke,436cf7b8db42bf743189ce676b545a7cd2b9e195aa4fe6408f46ab1cce697dd8,date,streaming,balanced,100000,247300,246900,299200,3,1.0024321037697608
target/balance-work/smoke,436cf7b8db42bf743189ce676b545a7cd2b9e195aa4fe6408f46ab1cce697dd8,date,streaming,baseline,0,246700,200500,299000,3,1.0
target/balance-work/smoke,436cf7b8db42bf743189ce676b545a7cd2b9e195aa4fe6408f46ab1cce697dd8,date,streaming,repair,100000,275600,223500,278800,3,1.117146331576814
target/balance-work/smoke,436cf7b8db42bf743189ce676b545a7cd2b9e195aa4fe6408f46ab1cce697dd8,datetime,auto,repair,100000,76000,75600,83200,3,1.1326378539493294
target/balance-work/smoke,436cf7b8db42bf743189ce676b545a7cd2b9e195aa4fe6408f46ab1cce697dd8,datetime,auto,balanced,100000,80800,72200,249300,3,1.2041728763040238
target/balance-work/smoke,436cf7b8db42bf743189ce676b545a7cd2b9e195aa4fe6408f46ab1cce697dd8,datetime,auto,baseline,0,67100,63900,147300,3,1.0
target/balance-work/smoke,436cf7b8db42bf743189ce676b545a7cd2b9e195aa4fe6408f46ab1cce697dd8,datetime,streaming,balanced,100000,176900,173200,203100,3,0.9768083931529542
target/balance-work/smoke,436cf7b8db42bf743189ce676b545a7cd2b9e195aa4fe6408f46ab1cce697dd8,datetime,streaming,baseline,0,181100,165600,200200,3,1.0
target/balance-work/smoke,436cf7b8db42bf743189ce676b545a7cd2b9e195aa4fe6408f46ab1cce697dd8,datetime,streaming,repair,100000,179400,179400,179800,3,0.9906129210381005
target/balance-work/smoke,436cf7b8db42bf743189ce676b545a7cd2b9e195aa4fe6408f46ab1cce697dd8,grouped,auto,baseline,0,121100,117100,212700,3,1.0
target/balance-work/smoke,436cf7b8db42bf743189ce676b545a7cd2b9e195aa4fe6408f46ab1cce697dd8,grouped,auto,repair,100000,202000,139800,244600,3,1.6680429397192402
target/balance-work/smoke,436cf7b8db42bf743189ce676b545a7cd2b9e195aa4fe6408f46ab1cce697dd8,grouped,auto,balanced,100000,188200,156800,274400,3,1.5540875309661437
target/balance-work/smoke,436cf7b8db42bf743189ce676b545a7cd2b9e195aa4fe6408f46ab1cce697dd8,grouped,streaming,repair,100000,247600,216600,248300,3,1.274974253347065
target/balance-work/smoke,436cf7b8db42bf743189ce676b545a7cd2b9e195aa4fe6408f46ab1cce697dd8,grouped,streaming,balanced,100000,220800,199500,232400,3,1.13697219361483
target/balance-work/smoke,436cf7b8db42bf743189ce676b545a7cd2b9e195aa4fe6408f46ab1cce697dd8,grouped,streaming,baseline,0,194200,175500,208000,3,1.0
target/balance-work/smoke,436cf7b8db42bf743189ce676b545a7cd2b9e195aa4fe6408f46ab1cce697dd8,sliced,auto,balanced,100000,60800,60600,62300,3,1.0685413005272408
target/balance-work/smoke,436cf7b8db42bf743189ce676b545a7cd2b9e195aa4fe6408f46ab1cce697dd8,sliced,auto,baseline,0,56900,55300,58900,3,1.0
target/balance-work/smoke,436cf7b8db42bf743189ce676b545a7cd2b9e195aa4fe6408f46ab1cce697dd8,sliced,auto,repair,100000,65100,64400,70900,3,1.1441124780316345
target/balance-work/smoke,436cf7b8db42bf743189ce676b545a7cd2b9e195aa4fe6408f46ab1cce697dd8,sliced,streaming,balanced,100000,223400,178400,240100,3,1.210840108401084
target/balance-work/smoke,436cf7b8db42bf743189ce676b545a7cd2b9e195aa4fe6408f46ab1cce697dd8,sliced,streaming,baseline,0,184500,125900,252400,3,1.0
target/balance-work/smoke,436cf7b8db42bf743189ce676b545a7cd2b9e195aa4fe6408f46ab1cce697dd8,sliced,streaming,repair,100000,239800,152300,298100,3,1.2997289972899728
target/balance-work/smoke,436cf7b8db42bf743189ce676b545a7cd2b9e195aa4fe6408f46ab1cce697dd8,multi_chunk,auto,balanced,100000,64000,62900,66200,3,1.0666666666666667
target/balance-work/smoke,436cf7b8db42bf743189ce676b545a7cd2b9e195aa4fe6408f46ab1cce697dd8,multi_chunk,auto,baseline,0,60000,58300,64900,3,1.0
target/balance-work/smoke,436cf7b8db42bf743189ce676b545a7cd2b9e195aa4fe6408f46ab1cce697dd8,multi_chunk,auto,repair,100000,68300,68100,70400,3,1.1383333333333334
target/balance-work/smoke,436cf7b8db42bf743189ce676b545a7cd2b9e195aa4fe6408f46ab1cce697dd8,multi_chunk,streaming,repair,100000,183900,156800,267500,3,0.9658613445378151
target/balance-work/smoke,436cf7b8db42bf743189ce676b545a7cd2b9e195aa4fe6408f46ab1cce697dd8,multi_chunk,streaming,balanced,100000,185400,175900,204900,3,0.9737394957983193
target/balance-work/smoke,436cf7b8db42bf743189ce676b545a7cd2b9e195aa4fe6408f46ab1cce697dd8,multi_chunk,streaming,baseline,0,190400,174700,244700,3,1.0
target/balance-work/smoke,14a3cd964f1e329f55f7e9e289f0fd768191d10fabaa2318aec36662b3814400,integer,auto,repair,100000,65000,64700,88300,3,1.1245674740484428
target/balance-work/smoke,14a3cd964f1e329f55f7e9e289f0fd768191d10fabaa2318aec36662b3814400,integer,auto,balanced,100000,64700,60800,66100,3,1.1193771626297577
target/balance-work/smoke,14a3cd964f1e329f55f7e9e289f0fd768191d10fabaa2318aec36662b3814400,integer,auto,baseline,0,57800,56500,60600,3,1.0
target/balance-work/smoke,14a3cd964f1e329f55f7e9e289f0fd768191d10fabaa2318aec36662b3814400,integer,streaming,balanced,100000,173400,170500,175000,3,1.1245136186770428
target/balance-work/smoke,14a3cd964f1e329f55f7e9e289f0fd768191d10fabaa2318aec36662b3814400,integer,streaming,baseline,0,154200,151400,154500,3,1.0
target/balance-work/smoke,14a3cd964f1e329f55f7e9e289f0fd768191d10fabaa2318aec36662b3814400,integer,streaming,repair,100000,168300,168200,249100,3,1.0914396887159532
target/balance-work/smoke,14a3cd964f1e329f55f7e9e289f0fd768191d10fabaa2318aec36662b3814400,date,auto,baseline,0,62000,60500,64700,3,1.0
target/balance-work/smoke,14a3cd964f1e329f55f7e9e289f0fd768191d10fabaa2318aec36662b3814400,date,auto,repair,100000,70600,68100,73000,3,1.1387096774193548
target/balance-work/smoke,14a3cd964f1e329f55f7e9e289f0fd768191d10fabaa2318aec36662b3814400,date,auto,balanced,100000,64300,63000,64500,3,1.0370967741935484
target/balance-work/smoke,14a3cd964f1e329f55f7e9e289f0fd768191d10fabaa2318aec36662b3814400,date,streaming,baseline,0,152400,142200,155100,3,1.0
target/balance-work/smoke,14a3cd964f1e329f55f7e9e289f0fd768191d10fabaa2318aec36662b3814400,date,streaming,repair,100000,175200,174000,177800,3,1.1496062992125984
target/balance-work/smoke,14a3cd964f1e329f55f7e9e289f0fd768191d10fabaa2318aec36662b3814400,date,streaming,balanced,100000,162600,157700,169100,3,1.0669291338582678
target/balance-work/smoke,14a3cd964f1e329f55f7e9e289f0fd768191d10fabaa2318aec36662b3814400,datetime,auto,baseline,0,60800,60300,63000,3,1.0
target/balance-work/smoke,14a3cd964f1e329f55f7e9e289f0fd768191d10fabaa2318aec36662b3814400,datetime,auto,repair,100000,73600,70000,77200,3,1.2105263157894737
target/balance-work/smoke,14a3cd964f1e329f55f7e9e289f0fd768191d10fabaa2318aec36662b3814400,datetime,auto,balanced,100000,65000,64200,67100,3,1.069078947368421
target/balance-work/smoke,14a3cd964f1e329f55f7e9e289f0fd768191d10fabaa2318aec36662b3814400,datetime,streaming,balanced,100000,175100,173400,203200,3,1.0936914428482198
target/balance-work/smoke,14a3cd964f1e329f55f7e9e289f0fd768191d10fabaa2318aec36662b3814400,datetime,streaming,baseline,0,160100,159400,174000,3,1.0
target/balance-work/smoke,14a3cd964f1e329f55f7e9e289f0fd768191d10fabaa2318aec36662b3814400,datetime,streaming,repair,100000,177100,175400,180300,3,1.1061836352279826
target/balance-work/smoke,14a3cd964f1e329f55f7e9e289f0fd768191d10fabaa2318aec36662b3814400,grouped,auto,baseline,0,117900,117600,126400,3,1.0
target/balance-work/smoke,14a3cd964f1e329f55f7e9e289f0fd768191d10fabaa2318aec36662b3814400,grouped,auto,repair,100000,144100,135900,146000,3,1.2222222222222223
target/balance-work/smoke,14a3cd964f1e329f55f7e9e289f0fd768191d10fabaa2318aec36662b3814400,grouped,auto,balanced,100000,137300,128200,159600,3,1.164546225614928
target/balance-work/smoke,14a3cd964f1e329f55f7e9e289f0fd768191d10fabaa2318aec36662b3814400,grouped,streaming,repair,100000,220800,215400,300200,3,1.1168437025796663
target/balance-work/smoke,14a3cd964f1e329f55f7e9e289f0fd768191d10fabaa2318aec36662b3814400,grouped,streaming,balanced,100000,195100,181400,211100,3,0.986848760748609
target/balance-work/smoke,14a3cd964f1e329f55f7e9e289f0fd768191d10fabaa2318aec36662b3814400,grouped,streaming,baseline,0,197700,187900,203500,3,1.0
target/balance-work/smoke,14a3cd964f1e329f55f7e9e289f0fd768191d10fabaa2318aec36662b3814400,sliced,auto,repair,100000,66200,64100,69900,3,1.163444639718805
target/balance-work/smoke,14a3cd964f1e329f55f7e9e289f0fd768191d10fabaa2318aec36662b3814400,sliced,auto,balanced,100000,60500,59800,76700,3,1.063268892794376
target/balance-work/smoke,14a3cd964f1e329f55f7e9e289f0fd768191d10fabaa2318aec36662b3814400,sliced,auto,baseline,0,56900,55700,60400,3,1.0
target/balance-work/smoke,14a3cd964f1e329f55f7e9e289f0fd768191d10fabaa2318aec36662b3814400,sliced,streaming,balanced,100000,213600,159400,280500,3,1.0733668341708542
target/balance-work/smoke,14a3cd964f1e329f55f7e9e289f0fd768191d10fabaa2318aec36662b3814400,sliced,streaming,baseline,0,199000,165200,202600,3,1.0
target/balance-work/smoke,14a3cd964f1e329f55f7e9e289f0fd768191d10fabaa2318aec36662b3814400,sliced,streaming,repair,100000,256300,177000,267300,3,1.2879396984924623
target/balance-work/smoke,14a3cd964f1e329f55f7e9e289f0fd768191d10fabaa2318aec36662b3814400,multi_chunk,auto,repair,100000,68500,66400,70600,3,1.1871750433275563
target/balance-work/smoke,14a3cd964f1e329f55f7e9e289f0fd768191d10fabaa2318aec36662b3814400,multi_chunk,auto,balanced,100000,62500,62400,64700,3,1.0831889081455806
target/balance-work/smoke,14a3cd964f1e329f55f7e9e289f0fd768191d10fabaa2318aec36662b3814400,multi_chunk,auto,baseline,0,57700,57500,60600,3,1.0
target/balance-work/smoke,14a3cd964f1e329f55f7e9e289f0fd768191d10fabaa2318aec36662b3814400,multi_chunk,streaming,balanced,100000,147300,144900,174100,3,0.9358322744599746
target/balance-work/smoke,14a3cd964f1e329f55f7e9e289f0fd768191d10fabaa2318aec36662b3814400,multi_chunk,streaming,baseline,0,157400,141100,164600,3,1.0
target/balance-work/smoke,14a3cd964f1e329f55f7e9e289f0fd768191d10fabaa2318aec36662b3814400,multi_chunk,streaming,repair,100000,169800,168800,170300,3,1.0787801778907242
target/balance-work/smoke,9db6a1f9390b562ed0e067ed85e73fe5c6a1efbcb0c5e9e3f6eaf42dc629ef52,integer,auto,baseline,0,61000,59600,62300,3,1.0
target/balance-work/smoke,9db6a1f9390b562ed0e067ed85e73fe5c6a1efbcb0c5e9e3f6eaf42dc629ef52,integer,auto,repair,100000,70800,69600,72700,3,1.160655737704918
target/balance-work/smoke,9db6a1f9390b562ed0e067ed85e73fe5c6a1efbcb0c5e9e3f6eaf42dc629ef52,integer,auto,balanced,100000,65800,62500,67800,3,1.0786885245901638
target/balance-work/smoke,9db6a1f9390b562ed0e067ed85e73fe5c6a1efbcb0c5e9e3f6eaf42dc629ef52,integer,streaming,repair,100000,193000,187900,213900,3,0.9882232462877624
target/balance-work/smoke,9db6a1f9390b562ed0e067ed85e73fe5c6a1efbcb0c5e9e3f6eaf42dc629ef52,integer,streaming,balanced,100000,245400,164500,260500,3,1.2565284178187404
target/balance-work/smoke,9db6a1f9390b562ed0e067ed85e73fe5c6a1efbcb0c5e9e3f6eaf42dc629ef52,integer,streaming,baseline,0,195300,176400,219700,3,1.0
target/balance-work/smoke,9db6a1f9390b562ed0e067ed85e73fe5c6a1efbcb0c5e9e3f6eaf42dc629ef52,date,auto,repair,100000,75300,71100,76300,3,1.2915951972555746
target/balance-work/smoke,9db6a1f9390b562ed0e067ed85e73fe5c6a1efbcb0c5e9e3f6eaf42dc629ef52,date,auto,balanced,100000,65700,65300,70100,3,1.1269296740994854
target/balance-work/smoke,9db6a1f9390b562ed0e067ed85e73fe5c6a1efbcb0c5e9e3f6eaf42dc629ef52,date,auto,baseline,0,58300,57700,59100,3,1.0
target/balance-work/smoke,9db6a1f9390b562ed0e067ed85e73fe5c6a1efbcb0c5e9e3f6eaf42dc629ef52,date,streaming,baseline,0,192600,142700,194200,3,1.0
target/balance-work/smoke,9db6a1f9390b562ed0e067ed85e73fe5c6a1efbcb0c5e9e3f6eaf42dc629ef52,date,streaming,repair,100000,184900,175800,212500,3,0.9600207684319834
target/balance-work/smoke,9db6a1f9390b562ed0e067ed85e73fe5c6a1efbcb0c5e9e3f6eaf42dc629ef52,date,streaming,balanced,100000,160700,152400,169100,3,0.8343717549325026
target/balance-work/smoke,9db6a1f9390b562ed0e067ed85e73fe5c6a1efbcb0c5e9e3f6eaf42dc629ef52,datetime,auto,balanced,100000,66700,66000,67900,3,1.1191275167785235
target/balance-work/smoke,9db6a1f9390b562ed0e067ed85e73fe5c6a1efbcb0c5e9e3f6eaf42dc629ef52,datetime,auto,baseline,0,59600,59100,61200,3,1.0
target/balance-work/smoke,9db6a1f9390b562ed0e067ed85e73fe5c6a1efbcb0c5e9e3f6eaf42dc629ef52,datetime,auto,repair,100000,73600,73500,90200,3,1.2348993288590604
target/balance-work/smoke,9db6a1f9390b562ed0e067ed85e73fe5c6a1efbcb0c5e9e3f6eaf42dc629ef52,datetime,streaming,balanced,100000,193300,170600,216800,3,1.1277712952158694
target/balance-work/smoke,9db6a1f9390b562ed0e067ed85e73fe5c6a1efbcb0c5e9e3f6eaf42dc629ef52,datetime,streaming,baseline,0,171400,169600,182500,3,1.0
target/balance-work/smoke,9db6a1f9390b562ed0e067ed85e73fe5c6a1efbcb0c5e9e3f6eaf42dc629ef52,datetime,streaming,repair,100000,194500,188600,194800,3,1.1347724620770128
target/balance-work/smoke,9db6a1f9390b562ed0e067ed85e73fe5c6a1efbcb0c5e9e3f6eaf42dc629ef52,grouped,auto,repair,100000,179800,158200,221400,3,1.2264665757162347
target/balance-work/smoke,9db6a1f9390b562ed0e067ed85e73fe5c6a1efbcb0c5e9e3f6eaf42dc629ef52,grouped,auto,balanced,100000,187600,158000,195900,3,1.2796725784447476
target/balance-work/smoke,9db6a1f9390b562ed0e067ed85e73fe5c6a1efbcb0c5e9e3f6eaf42dc629ef52,grouped,auto,baseline,0,146600,123200,156700,3,1.0
target/balance-work/smoke,9db6a1f9390b562ed0e067ed85e73fe5c6a1efbcb0c5e9e3f6eaf42dc629ef52,grouped,streaming,balanced,100000,210900,206600,215700,3,0.9577656675749319
target/balance-work/smoke,9db6a1f9390b562ed0e067ed85e73fe5c6a1efbcb0c5e9e3f6eaf42dc629ef52,grouped,streaming,baseline,0,220200,180900,258300,3,1.0
target/balance-work/smoke,9db6a1f9390b562ed0e067ed85e73fe5c6a1efbcb0c5e9e3f6eaf42dc629ef52,grouped,streaming,repair,100000,234100,230700,244000,3,1.0631244323342417
target/balance-work/smoke,9db6a1f9390b562ed0e067ed85e73fe5c6a1efbcb0c5e9e3f6eaf42dc629ef52,sliced,auto,repair,100000,78900,75300,82400,3,1.1829085457271364
target/balance-work/smoke,9db6a1f9390b562ed0e067ed85e73fe5c6a1efbcb0c5e9e3f6eaf42dc629ef52,sliced,auto,balanced,100000,66300,66200,89300,3,0.9940029985007496
target/balance-work/smoke,9db6a1f9390b562ed0e067ed85e73fe5c6a1efbcb0c5e9e3f6eaf42dc629ef52,sliced,auto,baseline,0,66700,61200,109200,3,1.0
target/balance-work/smoke,9db6a1f9390b562ed0e067ed85e73fe5c6a1efbcb0c5e9e3f6eaf42dc629ef52,sliced,streaming,baseline,0,157800,141700,181200,3,1.0
target/balance-work/smoke,9db6a1f9390b562ed0e067ed85e73fe5c6a1efbcb0c5e9e3f6eaf42dc629ef52,sliced,streaming,repair,100000,174300,169800,181300,3,1.1045627376425855
target/balance-work/smoke,9db6a1f9390b562ed0e067ed85e73fe5c6a1efbcb0c5e9e3f6eaf42dc629ef52,sliced,streaming,balanced,100000,150400,148300,160800,3,0.9531051964512041
target/balance-work/smoke,9db6a1f9390b562ed0e067ed85e73fe5c6a1efbcb0c5e9e3f6eaf42dc629ef52,multi_chunk,auto,baseline,0,59400,58700,61000,3,1.0
target/balance-work/smoke,9db6a1f9390b562ed0e067ed85e73fe5c6a1efbcb0c5e9e3f6eaf42dc629ef52,multi_chunk,auto,repair,100000,72900,72600,76500,3,1.2272727272727273
target/balance-work/smoke,9db6a1f9390b562ed0e067ed85e73fe5c6a1efbcb0c5e9e3f6eaf42dc629ef52,multi_chunk,auto,balanced,100000,66200,65200,70500,3,1.1144781144781144
target/balance-work/smoke,9db6a1f9390b562ed0e067ed85e73fe5c6a1efbcb0c5e9e3f6eaf42dc629ef52,multi_chunk,streaming,repair,100000,153200,144900,176500,3,0.9941596365996106
target/balance-work/smoke,9db6a1f9390b562ed0e067ed85e73fe5c6a1efbcb0c5e9e3f6eaf42dc629ef52,multi_chunk,streaming,balanced,100000,171400,162200,185400,3,1.1122647631408176
target/balance-work/smoke,9db6a1f9390b562ed0e067ed85e73fe5c6a1efbcb0c5e9e3f6eaf42dc629ef52,multi_chunk,streaming,baseline,0,154100,147800,155400,3,1.0
target/balance-work/smoke,8c295966aab02f746e37fc2d98cb9191e89c2e3fd629c418b0e78f6f602b589c,integer,auto,balanced,100000,66000,63900,66500,3,1.1538461538461537
target/balance-work/smoke,8c295966aab02f746e37fc2d98cb9191e89c2e3fd629c418b0e78f6f602b589c,integer,auto,baseline,0,57200,56200,67700,3,1.0
target/balance-work/smoke,8c295966aab02f746e37fc2d98cb9191e89c2e3fd629c418b0e78f6f602b589c,integer,auto,repair,100000,73000,71200,74800,3,1.2762237762237763
target/balance-work/smoke,8c295966aab02f746e37fc2d98cb9191e89c2e3fd629c418b0e78f6f602b589c,integer,streaming,balanced,100000,170000,165600,171100,3,1.0625
target/balance-work/smoke,8c295966aab02f746e37fc2d98cb9191e89c2e3fd629c418b0e78f6f602b589c,integer,streaming,baseline,0,160000,157400,166600,3,1.0
target/balance-work/smoke,8c295966aab02f746e37fc2d98cb9191e89c2e3fd629c418b0e78f6f602b589c,integer,streaming,repair,100000,180700,177200,186400,3,1.129375
target/balance-work/smoke,8c295966aab02f746e37fc2d98cb9191e89c2e3fd629c418b0e78f6f602b589c,date,auto,balanced,100000,67500,66000,68600,3,1.1578044596912522
target/balance-work/smoke,8c295966aab02f746e37fc2d98cb9191e89c2e3fd629c418b0e78f6f602b589c,date,auto,baseline,0,58300,58000,64200,3,1.0
target/balance-work/smoke,8c295966aab02f746e37fc2d98cb9191e89c2e3fd629c418b0e78f6f602b589c,date,auto,repair,100000,75900,71600,76600,3,1.3018867924528301
target/balance-work/smoke,8c295966aab02f746e37fc2d98cb9191e89c2e3fd629c418b0e78f6f602b589c,date,streaming,balanced,100000,171500,151700,202700,3,1.012994683992912
target/balance-work/smoke,8c295966aab02f746e37fc2d98cb9191e89c2e3fd629c418b0e78f6f602b589c,date,streaming,baseline,0,169300,156100,243000,3,1.0
target/balance-work/smoke,8c295966aab02f746e37fc2d98cb9191e89c2e3fd629c418b0e78f6f602b589c,date,streaming,repair,100000,181500,179400,196500,3,1.0720614294152393
target/balance-work/smoke,8c295966aab02f746e37fc2d98cb9191e89c2e3fd629c418b0e78f6f602b589c,datetime,auto,baseline,0,64200,62300,64500,3,1.0
target/balance-work/smoke,8c295966aab02f746e37fc2d98cb9191e89c2e3fd629c418b0e78f6f602b589c,datetime,auto,repair,100000,75000,73900,77500,3,1.1682242990654206
target/balance-work/smoke,8c295966aab02f746e37fc2d98cb9191e89c2e3fd629c418b0e78f6f602b589c,datetime,auto,balanced,100000,67800,67400,68300,3,1.0560747663551402
target/balance-work/smoke,8c295966aab02f746e37fc2d98cb9191e89c2e3fd629c418b0e78f6f602b589c,datetime,streaming,repair,100000,186000,183100,211800,3,1.1900191938579654
target/balance-work/smoke,8c295966aab02f746e37fc2d98cb9191e89c2e3fd629c418b0e78f6f602b589c,datetime,streaming,balanced,100000,164300,154800,173800,3,1.051183621241203
target/balance-work/smoke,8c295966aab02f746e37fc2d98cb9191e89c2e3fd629c418b0e78f6f602b589c,datetime,streaming,baseline,0,156300,144100,224800,3,1.0
target/balance-work/smoke,8c295966aab02f746e37fc2d98cb9191e89c2e3fd629c418b0e78f6f602b589c,grouped,auto,repair,100000,154200,153500,164600,3,1.3112244897959184
target/balance-work/smoke,8c295966aab02f746e37fc2d98cb9191e89c2e3fd629c418b0e78f6f602b589c,grouped,auto,balanced,100000,133000,130800,142500,3,1.130952380952381
target/balance-work/smoke,8c295966aab02f746e37fc2d98cb9191e89c2e3fd629c418b0e78f6f602b589c,grouped,auto,baseline,0,117600,113800,136700,3,1.0
target/balance-work/smoke,8c295966aab02f746e37fc2d98cb9191e89c2e3fd629c418b0e78f6f602b589c,grouped,streaming,balanced,100000,205300,191400,248400,3,1.0389676113360324
target/balance-work/smoke,8c295966aab02f746e37fc2d98cb9191e89c2e3fd629c418b0e78f6f602b589c,grouped,streaming,baseline,0,197600,197000,199500,3,1.0
target/balance-work/smoke,8c295966aab02f746e37fc2d98cb9191e89c2e3fd629c418b0e78f6f602b589c,grouped,streaming,repair,100000,293000,243000,333300,3,1.4827935222672064
target/balance-work/smoke,8c295966aab02f746e37fc2d98cb9191e89c2e3fd629c418b0e78f6f602b589c,sliced,auto,baseline,0,58800,57400,71300,3,1.0
target/balance-work/smoke,8c295966aab02f746e37fc2d98cb9191e89c2e3fd629c418b0e78f6f602b589c,sliced,auto,repair,100000,72300,69300,76300,3,1.2295918367346939
target/balance-work/smoke,8c295966aab02f746e37fc2d98cb9191e89c2e3fd629c418b0e78f6f602b589c,sliced,auto,balanced,100000,64600,64200,65800,3,1.098639455782313
target/balance-work/smoke,8c295966aab02f746e37fc2d98cb9191e89c2e3fd629c418b0e78f6f602b589c,sliced,streaming,baseline,0,161400,155600,161600,3,1.0
target/balance-work/smoke,8c295966aab02f746e37fc2d98cb9191e89c2e3fd629c418b0e78f6f602b589c,sliced,streaming,repair,100000,179600,165200,181700,3,1.1127633209417596
target/balance-work/smoke,8c295966aab02f746e37fc2d98cb9191e89c2e3fd629c418b0e78f6f602b589c,sliced,streaming,balanced,100000,162300,148100,173000,3,1.0055762081784387
target/balance-work/smoke,8c295966aab02f746e37fc2d98cb9191e89c2e3fd629c418b0e78f6f602b589c,multi_chunk,auto,baseline,0,59800,59400,61600,3,1.0
target/balance-work/smoke,8c295966aab02f746e37fc2d98cb9191e89c2e3fd629c418b0e78f6f602b589c,multi_chunk,auto,repair,100000,71100,70700,72200,3,1.1889632107023411
target/balance-work/smoke,8c295966aab02f746e37fc2d98cb9191e89c2e3fd629c418b0e78f6f602b589c,multi_chunk,auto,balanced,100000,67400,64200,72400,3,1.1270903010033444
target/balance-work/smoke,8c295966aab02f746e37fc2d98cb9191e89c2e3fd629c418b0e78f6f602b589c,multi_chunk,streaming,baseline,0,178100,176400,194700,3,1.0
target/balance-work/smoke,8c295966aab02f746e37fc2d98cb9191e89c2e3fd629c418b0e78f6f602b589c,multi_chunk,streaming,repair,100000,203700,185700,239700,3,1.1437394722066254
target/balance-work/smoke,8c295966aab02f746e37fc2d98cb9191e89c2e3fd629c418b0e78f6f602b589c,multi_chunk,streaming,balanced,100000,183200,173800,205600,3,1.0286355979786637
handcrafted,e3c10630a42dc4bb7905018034b475e54840bbc9b9fcda75efe65e17d45f2083,integer,auto,balanced,100000,70900,67200,73700,3,1.2416812609457093
handcrafted,e3c10630a42dc4bb7905018034b475e54840bbc9b9fcda75efe65e17d45f2083,integer,auto,repair_supplied,100000,66900,66900,67200,3,1.1716287215411558
handcrafted,e3c10630a42dc4bb7905018034b475e54840bbc9b9fcda75efe65e17d45f2083,integer,auto,baseline,0,57100,56400,60600,3,1.0
handcrafted,e3c10630a42dc4bb7905018034b475e54840bbc9b9fcda75efe65e17d45f2083,integer,auto,repair,100000,68000,64900,69700,3,1.1908931698774081
handcrafted,e3c10630a42dc4bb7905018034b475e54840bbc9b9fcda75efe65e17d45f2083,integer,streaming,repair,100000,179100,164500,194000,3,1.0907429963459196
handcrafted,e3c10630a42dc4bb7905018034b475e54840bbc9b9fcda75efe65e17d45f2083,integer,streaming,balanced,100000,172000,143200,182100,3,1.0475030450669915
handcrafted,e3c10630a42dc4bb7905018034b475e54840bbc9b9fcda75efe65e17d45f2083,integer,streaming,repair_supplied,100000,171600,171200,205400,3,1.0450669914738124
handcrafted,e3c10630a42dc4bb7905018034b475e54840bbc9b9fcda75efe65e17d45f2083,integer,streaming,baseline,0,164200,143100,166600,3,1.0
handcrafted,e3c10630a42dc4bb7905018034b475e54840bbc9b9fcda75efe65e17d45f2083,date,auto,baseline,0,60800,58300,62000,3,1.0
handcrafted,e3c10630a42dc4bb7905018034b475e54840bbc9b9fcda75efe65e17d45f2083,date,auto,repair,100000,72500,69100,79800,3,1.1924342105263157
handcrafted,e3c10630a42dc4bb7905018034b475e54840bbc9b9fcda75efe65e17d45f2083,date,auto,balanced,100000,69500,69400,69700,3,1.143092105263158
handcrafted,e3c10630a42dc4bb7905018034b475e54840bbc9b9fcda75efe65e17d45f2083,date,auto,repair_supplied,100000,69800,69300,70100,3,1.1480263157894737
handcrafted,e3c10630a42dc4bb7905018034b475e54840bbc9b9fcda75efe65e17d45f2083,date,streaming,repair,100000,177100,170300,193300,3,1.1159420289855073
handcrafted,e3c10630a42dc4bb7905018034b475e54840bbc9b9fcda75efe65e17d45f2083,date,streaming,balanced,100000,174700,173600,175400,3,1.1008191556395714
handcrafted,e3c10630a42dc4bb7905018034b475e54840bbc9b9fcda75efe65e17d45f2083,date,streaming,repair_supplied,100000,174600,169500,179200,3,1.1001890359168243
handcrafted,e3c10630a42dc4bb7905018034b475e54840bbc9b9fcda75efe65e17d45f2083,date,streaming,baseline,0,158700,143800,160000,3,1.0
handcrafted,e3c10630a42dc4bb7905018034b475e54840bbc9b9fcda75efe65e17d45f2083,datetime,auto,repair_supplied,100000,74400,71700,81700,3,1.1005917159763314
handcrafted,e3c10630a42dc4bb7905018034b475e54840bbc9b9fcda75efe65e17d45f2083,datetime,auto,baseline,0,67600,61300,72600,3,1.0
handcrafted,e3c10630a42dc4bb7905018034b475e54840bbc9b9fcda75efe65e17d45f2083,datetime,auto,repair,100000,74900,72400,76900,3,1.1079881656804733
handcrafted,e3c10630a42dc4bb7905018034b475e54840bbc9b9fcda75efe65e17d45f2083,datetime,auto,balanced,100000,79000,71600,158400,3,1.168639053254438
handcrafted,e3c10630a42dc4bb7905018034b475e54840bbc9b9fcda75efe65e17d45f2083,datetime,streaming,baseline,0,173700,167900,205600,3,1.0
handcrafted,e3c10630a42dc4bb7905018034b475e54840bbc9b9fcda75efe65e17d45f2083,datetime,streaming,repair,100000,177400,175900,263200,3,1.021301093839954
handcrafted,e3c10630a42dc4bb7905018034b475e54840bbc9b9fcda75efe65e17d45f2083,datetime,streaming,balanced,100000,181200,178100,191500,3,1.0431778929188256
handcrafted,e3c10630a42dc4bb7905018034b475e54840bbc9b9fcda75efe65e17d45f2083,datetime,streaming,repair_supplied,100000,180500,177900,186900,3,1.0391479562464019
handcrafted,e3c10630a42dc4bb7905018034b475e54840bbc9b9fcda75efe65e17d45f2083,grouped,auto,repair,100000,164700,147700,187500,3,1.128082191780822
handcrafted,e3c10630a42dc4bb7905018034b475e54840bbc9b9fcda75efe65e17d45f2083,grouped,auto,balanced,100000,155300,145500,186300,3,1.0636986301369864
handcrafted,e3c10630a42dc4bb7905018034b475e54840bbc9b9fcda75efe65e17d45f2083,grouped,auto,repair_supplied,100000,191300,161400,199700,3,1.3102739726027397
handcrafted,e3c10630a42dc4bb7905018034b475e54840bbc9b9fcda75efe65e17d45f2083,grouped,auto,baseline,0,146000,119200,197500,3,1.0
handcrafted,e3c10630a42dc4bb7905018034b475e54840bbc9b9fcda75efe65e17d45f2083,grouped,streaming,balanced,100000,235200,224300,243500,3,1.2123711340206185
handcrafted,e3c10630a42dc4bb7905018034b475e54840bbc9b9fcda75efe65e17d45f2083,grouped,streaming,repair_supplied,100000,239300,235000,251600,3,1.2335051546391753
handcrafted,e3c10630a42dc4bb7905018034b475e54840bbc9b9fcda75efe65e17d45f2083,grouped,streaming,baseline,0,194000,192500,204500,3,1.0
handcrafted,e3c10630a42dc4bb7905018034b475e54840bbc9b9fcda75efe65e17d45f2083,grouped,streaming,repair,100000,204200,201700,249800,3,1.052577319587629
handcrafted,e3c10630a42dc4bb7905018034b475e54840bbc9b9fcda75efe65e17d45f2083,sliced,auto,repair,100000,70700,63700,72900,3,1.221070811744387
handcrafted,e3c10630a42dc4bb7905018034b475e54840bbc9b9fcda75efe65e17d45f2083,sliced,auto,balanced,100000,68700,65900,69000,3,1.1865284974093264
handcrafted,e3c10630a42dc4bb7905018034b475e54840bbc9b9fcda75efe65e17d45f2083,sliced,auto,repair_supplied,100000,66300,66200,68300,3,1.145077720207254
handcrafted,e3c10630a42dc4bb7905018034b475e54840bbc9b9fcda75efe65e17d45f2083,sliced,auto,baseline,0,57900,55500,58900,3,1.0
handcrafted,e3c10630a42dc4bb7905018034b475e54840bbc9b9fcda75efe65e17d45f2083,sliced,streaming,repair,100000,185300,170300,193400,3,1.2320478723404256
handcrafted,e3c10630a42dc4bb7905018034b475e54840bbc9b9fcda75efe65e17d45f2083,sliced,streaming,balanced,100000,177300,175100,181800,3,1.1788563829787233
handcrafted,e3c10630a42dc4bb7905018034b475e54840bbc9b9fcda75efe65e17d45f2083,sliced,streaming,repair_supplied,100000,166500,164100,171900,3,1.1070478723404256
handcrafted,e3c10630a42dc4bb7905018034b475e54840bbc9b9fcda75efe65e17d45f2083,sliced,streaming,baseline,0,150400,147800,157700,3,1.0
handcrafted,e3c10630a42dc4bb7905018034b475e54840bbc9b9fcda75efe65e17d45f2083,multi_chunk,auto,repair,100000,82500,67900,87800,3,1.379598662207358
handcrafted,e3c10630a42dc4bb7905018034b475e54840bbc9b9fcda75efe65e17d45f2083,multi_chunk,auto,balanced,100000,70200,70000,71300,3,1.173913043478261
handcrafted,e3c10630a42dc4bb7905018034b475e54840bbc9b9fcda75efe65e17d45f2083,multi_chunk,auto,repair_supplied,100000,68700,68500,73700,3,1.148829431438127
handcrafted,e3c10630a42dc4bb7905018034b475e54840bbc9b9fcda75efe65e17d45f2083,multi_chunk,auto,baseline,0,59800,58500,61700,3,1.0
handcrafted,e3c10630a42dc4bb7905018034b475e54840bbc9b9fcda75efe65e17d45f2083,multi_chunk,streaming,repair_supplied,100000,189500,184900,190900,3,1.0406370126304227
handcrafted,e3c10630a42dc4bb7905018034b475e54840bbc9b9fcda75efe65e17d45f2083,multi_chunk,streaming,baseline,0,182100,178400,191200,3,1.0
handcrafted,e3c10630a42dc4bb7905018034b475e54840bbc9b9fcda75efe65e17d45f2083,multi_chunk,streaming,repair,100000,186000,182000,189600,3,1.0214168039538716
handcrafted,e3c10630a42dc4bb7905018034b475e54840bbc9b9fcda75efe65e17d45f2083,multi_chunk,streaming,balanced,100000,187200,180100,200300,3,1.028006589785832
handcrafted,bac8fea576e809addff2549817a7f7350d8d7f3c0e0573fab5ba5d06946b2848,integer,auto,balanced,100000,75700,71400,91600,3,1.3119584055459272
handcrafted,bac8fea576e809addff2549817a7f7350d8d7f3c0e0573fab5ba5d06946b2848,integer,auto,repair_supplied,100000,68100,67600,69700,3,1.1802426343154246
handcrafted,bac8fea576e809addff2549817a7f7350d8d7f3c0e0573fab5ba5d06946b2848,integer,auto,baseline,0,57700,57700,58100,3,1.0
handcrafted,bac8fea576e809addff2549817a7f7350d8d7f3c0e0573fab5ba5d06946b2848,integer,auto,repair,100000,69900,69100,73400,3,1.2114384748700173
handcrafted,bac8fea576e809addff2549817a7f7350d8d7f3c0e0573fab5ba5d06946b2848,integer,streaming,repair,100000,190300,173900,278100,3,1.1732429099876696
handcrafted,bac8fea576e809addff2549817a7f7350d8d7f3c0e0573fab5ba5d06946b2848,integer,streaming,balanced,100000,202600,184200,352000,3,1.2490752157829839
handcrafted,bac8fea576e809addff2549817a7f7350d8d7f3c0e0573fab5ba5d06946b2848,integer,streaming,repair_supplied,100000,178500,168900,185000,3,1.1004932182490752
handcrafted,bac8fea576e809addff2549817a7f7350d8d7f3c0e0573fab5ba5d06946b2848,integer,streaming,baseline,0,162200,141600,168600,3,1.0
handcrafted,bac8fea576e809addff2549817a7f7350d8d7f3c0e0573fab5ba5d06946b2848,date,auto,balanced,100000,89700,74000,110000,3,1.4170616113744077
handcrafted,bac8fea576e809addff2549817a7f7350d8d7f3c0e0573fab5ba5d06946b2848,date,auto,repair_supplied,100000,88700,73700,94000,3,1.401263823064771
handcrafted,bac8fea576e809addff2549817a7f7350d8d7f3c0e0573fab5ba5d06946b2848,date,auto,baseline,0,63300,60700,74300,3,1.0
handcrafted,bac8fea576e809addff2549817a7f7350d8d7f3c0e0573fab5ba5d06946b2848,date,auto,repair,100000,86700,71800,92300,3,1.3696682464454977
handcrafted,bac8fea576e809addff2549817a7f7350d8d7f3c0e0573fab5ba5d06946b2848,date,streaming,baseline,0,228200,211400,287100,3,1.0
handcrafted,bac8fea576e809addff2549817a7f7350d8d7f3c0e0573fab5ba5d06946b2848,date,streaming,repair,100000,202500,185000,235000,3,0.8873794916739702
handcrafted,bac8fea576e809addff2549817a7f7350d8d7f3c0e0573fab5ba5d06946b2848,date,streaming,balanced,100000,211500,191800,243300,3,0.9268185801928133
handcrafted,bac8fea576e809addff2549817a7f7350d8d7f3c0e0573fab5ba5d06946b2848,date,streaming,repair_supplied,100000,230700,192000,285600,3,1.0109553023663453
handcrafted,bac8fea576e809addff2549817a7f7350d8d7f3c0e0573fab5ba5d06946b2848,datetime,auto,baseline,0,62500,62400,66600,3,1.0
handcrafted,bac8fea576e809addff2549817a7f7350d8d7f3c0e0573fab5ba5d06946b2848,datetime,auto,repair,100000,76400,74100,77600,3,1.2224
handcrafted,bac8fea576e809addff2549817a7f7350d8d7f3c0e0573fab5ba5d06946b2848,datetime,auto,balanced,100000,79900,77500,83300,3,1.2784
handcrafted,bac8fea576e809addff2549817a7f7350d8d7f3c0e0573fab5ba5d06946b2848,datetime,auto,repair_supplied,100000,77800,73500,80500,3,1.2448
handcrafted,bac8fea576e809addff2549817a7f7350d8d7f3c0e0573fab5ba5d06946b2848,datetime,streaming,balanced,100000,187700,182900,201500,3,1.05331088664422
handcrafted,bac8fea576e809addff2549817a7f7350d8d7f3c0e0573fab5ba5d06946b2848,datetime,streaming,repair_supplied,100000,172700,172000,196300,3,0.9691358024691358
handcrafted,bac8fea576e809addff2549817a7f7350d8d7f3c0e0573fab5ba5d06946b2848,datetime,streaming,baseline,0,178200,172200,185900,3,1.0
handcrafted,bac8fea576e809addff2549817a7f7350d8d7f3c0e0573fab5ba5d06946b2848,datetime,streaming,repair,100000,193500,164900,200700,3,1.0858585858585859
handcrafted,bac8fea576e809addff2549817a7f7350d8d7f3c0e0573fab5ba5d06946b2848,grouped,auto,balanced,100000,179000,165500,189000,3,0.8714703018500487
handcrafted,bac8fea576e809addff2549817a7f7350d8d7f3c0e0573fab5ba5d06946b2848,grouped,auto,repair_supplied,100000,213800,152200,274800,3,1.0408958130477117
handcrafted,bac8fea576e809addff2549817a7f7350d8d7f3c0e0573fab5ba5d06946b2848,grouped,auto,baseline,0,205400,163100,209300,3,1.0
handcrafted,bac8fea576e809addff2549817a7f7350d8d7f3c0e0573fab5ba5d06946b2848,grouped,auto,repair,100000,240000,186300,242700,3,1.1684518013631937
handcrafted,bac8fea576e809addff2549817a7f7350d8d7f3c0e0573fab5ba5d06946b2848,grouped,streaming,balanced,100000,264100,234100,336600,3,1.1162299239222315
handcrafted,bac8fea576e809addff2549817a7f7350d8d7f3c0e0573fab5ba5d06946b2848,grouped,streaming,repair_supplied,100000,259800,199600,311200,3,1.0980557903634827
handcrafted,bac8fea576e809addff2549817a7f7350d8d7f3c0e0573fab5ba5d06946b2848,grouped,streaming,baseline,0,236600,203800,250600,3,1.0
handcrafted,bac8fea576e809addff2549817a7f7350d8d7f3c0e0573fab5ba5d06946b2848,grouped,streaming,repair,100000,268800,244000,275200,3,1.136094674556213
handcrafted,bac8fea576e809addff2549817a7f7350d8d7f3c0e0573fab5ba5d06946b2848,sliced,auto,repair_supplied,100000,69600,68600,71900,3,1.2125435540069687
handcrafted,bac8fea576e809addff2549817a7f7350d8d7f3c0e0573fab5ba5d06946b2848,sliced,auto,baseline,0,57400,56000,59100,3,1.0
handcrafted,bac8fea576e809addff2549817a7f7350d8d7f3c0e0573fab5ba5d06946b2848,sliced,auto,repair,100000,70000,68900,75900,3,1.2195121951219512
handcrafted,bac8fea576e809addff2549817a7f7350d8d7f3c0e0573fab5ba5d06946b2848,sliced,auto,balanced,100000,74000,71500,77100,3,1.289198606271777
handcrafted,bac8fea576e809addff2549817a7f7350d8d7f3c0e0573fab5ba5d06946b2848,sliced,streaming,baseline,0,169600,168400,171600,3,1.0
handcrafted,bac8fea576e809addff2549817a7f7350d8d7f3c0e0573fab5ba5d06946b2848,sliced,streaming,repair,100000,182300,181800,184200,3,1.0748820754716981
handcrafted,bac8fea576e809addff2549817a7f7350d8d7f3c0e0573fab5ba5d06946b2848,sliced,streaming,balanced,100000,200000,164100,205600,3,1.179245283018868
handcrafted,bac8fea576e809addff2549817a7f7350d8d7f3c0e0573fab5ba5d06946b2848,sliced,streaming,repair_supplied,100000,194500,170900,208900,3,1.146816037735849
handcrafted,bac8fea576e809addff2549817a7f7350d8d7f3c0e0573fab5ba5d06946b2848,multi_chunk,auto,balanced,100000,75000,71500,75400,3,1.2798634812286689
handcrafted,bac8fea576e809addff2549817a7f7350d8d7f3c0e0573fab5ba5d06946b2848,multi_chunk,auto,repair_supplied,100000,69500,68400,73500,3,1.1860068259385665
handcrafted,bac8fea576e809addff2549817a7f7350d8d7f3c0e0573fab5ba5d06946b2848,multi_chunk,auto,baseline,0,58600,58500,58900,3,1.0
handcrafted,bac8fea576e809addff2549817a7f7350d8d7f3c0e0573fab5ba5d06946b2848,multi_chunk,auto,repair,100000,69500,69500,76800,3,1.1860068259385665
handcrafted,bac8fea576e809addff2549817a7f7350d8d7f3c0e0573fab5ba5d06946b2848,multi_chunk,streaming,repair_supplied,100000,214200,166900,327700,3,1.0258620689655173
handcrafted,bac8fea576e809addff2549817a7f7350d8d7f3c0e0573fab5ba5d06946b2848,multi_chunk,streaming,baseline,0,208800,170800,212300,3,1.0
handcrafted,bac8fea576e809addff2549817a7f7350d8d7f3c0e0573fab5ba5d06946b2848,multi_chunk,streaming,repair,100000,232500,187600,258000,3,1.1135057471264367
handcrafted,bac8fea576e809addff2549817a7f7350d8d7f3c0e0573fab5ba5d06946b2848,multi_chunk,streaming,balanced,100000,228500,192400,283500,3,1.0943486590038314
handcrafted,87cae300bf45881fc9299f2fda054cdb683957b1b4eb70523c72be2251ed5d47,integer,auto,repair,100000,65200,64900,74400,3,1.1897810218978102
handcrafted,87cae300bf45881fc9299f2fda054cdb683957b1b4eb70523c72be2251ed5d47,integer,auto,balanced,100000,63100,59100,82700,3,1.1514598540145986
handcrafted,87cae300bf45881fc9299f2fda054cdb683957b1b4eb70523c72be2251ed5d47,integer,auto,baseline,0,54800,54500,56300,3,1.0
handcrafted,87cae300bf45881fc9299f2fda054cdb683957b1b4eb70523c72be2251ed5d47,integer,streaming,balanced,100000,169000,168700,171900,3,0.9888823873610298
handcrafted,87cae300bf45881fc9299f2fda054cdb683957b1b4eb70523c72be2251ed5d47,integer,streaming,baseline,0,170900,155800,171600,3,1.0
handcrafted,87cae300bf45881fc9299f2fda054cdb683957b1b4eb70523c72be2251ed5d47,integer,streaming,repair,100000,172600,166000,216000,3,1.0099473376243417
handcrafted,87cae300bf45881fc9299f2fda054cdb683957b1b4eb70523c72be2251ed5d47,date,auto,repair,100000,62500,61900,65400,3,1.0665529010238908
handcrafted,87cae300bf45881fc9299f2fda054cdb683957b1b4eb70523c72be2251ed5d47,date,auto,balanced,100000,60600,58700,66900,3,1.0341296928327646
handcrafted,87cae300bf45881fc9299f2fda054cdb683957b1b4eb70523c72be2251ed5d47,date,auto,baseline,0,58600,56200,58800,3,1.0
handcrafted,87cae300bf45881fc9299f2fda054cdb683957b1b4eb70523c72be2251ed5d47,date,streaming,baseline,0,163400,148800,167700,3,1.0
handcrafted,87cae300bf45881fc9299f2fda054cdb683957b1b4eb70523c72be2251ed5d47,date,streaming,repair,100000,167700,165200,170000,3,1.0263157894736843
handcrafted,87cae300bf45881fc9299f2fda054cdb683957b1b4eb70523c72be2251ed5d47,date,streaming,balanced,100000,153700,131900,156100,3,0.9406364749082007
handcrafted,87cae300bf45881fc9299f2fda054cdb683957b1b4eb70523c72be2251ed5d47,datetime,auto,repair,100000,67300,66900,69900,3,1.125418060200669
handcrafted,87cae300bf45881fc9299f2fda054cdb683957b1b4eb70523c72be2251ed5d47,datetime,auto,balanced,100000,62200,61700,65600,3,1.040133779264214
handcrafted,87cae300bf45881fc9299f2fda054cdb683957b1b4eb70523c72be2251ed5d47,datetime,auto,baseline,0,59800,57900,66700,3,1.0
handcrafted,87cae300bf45881fc9299f2fda054cdb683957b1b4eb70523c72be2251ed5d47,datetime,streaming,repair,100000,192700,174600,254800,3,1.0427489177489178
handcrafted,87cae300bf45881fc9299f2fda054cdb683957b1b4eb70523c72be2251ed5d47,datetime,streaming,balanced,100000,216100,169800,228400,3,1.1693722943722944
handcrafted,87cae300bf45881fc9299f2fda054cdb683957b1b4eb70523c72be2251ed5d47,datetime,streaming,baseline,0,184800,165000,240500,3,1.0
handcrafted,87cae300bf45881fc9299f2fda054cdb683957b1b4eb70523c72be2251ed5d47,grouped,auto,balanced,100000,68300,60200,70400,3,1.0875796178343948
handcrafted,87cae300bf45881fc9299f2fda054cdb683957b1b4eb70523c72be2251ed5d47,grouped,auto,baseline,0,62800,61000,101800,3,1.0
handcrafted,87cae300bf45881fc9299f2fda054cdb683957b1b4eb70523c72be2251ed5d47,grouped,auto,repair,100000,62200,62000,101800,3,0.9904458598726115
handcrafted,87cae300bf45881fc9299f2fda054cdb683957b1b4eb70523c72be2251ed5d47,grouped,streaming,repair,100000,147100,141100,155300,3,1.0201109570041609
handcrafted,87cae300bf45881fc9299f2fda054cdb683957b1b4eb70523c72be2251ed5d47,grouped,streaming,balanced,100000,139600,131400,171200,3,0.9680998613037448
handcrafted,87cae300bf45881fc9299f2fda054cdb683957b1b4eb70523c72be2251ed5d47,grouped,streaming,baseline,0,144200,137700,148500,3,1.0
handcrafted,87cae300bf45881fc9299f2fda054cdb683957b1b4eb70523c72be2251ed5d47,sliced,auto,balanced,100000,57300,56100,58400,3,1.0977011494252873
handcrafted,87cae300bf45881fc9299f2fda054cdb683957b1b4eb70523c72be2251ed5d47,sliced,auto,baseline,0,52200,51900,52300,3,1.0
handcrafted,87cae300bf45881fc9299f2fda054cdb683957b1b4eb70523c72be2251ed5d47,sliced,auto,repair,100000,58300,58100,62500,3,1.1168582375478928
handcrafted,87cae300bf45881fc9299f2fda054cdb683957b1b4eb70523c72be2251ed5d47,sliced,streaming,repair,100000,164500,161900,178500,3,1.1144986449864498
handcrafted,87cae300bf45881fc9299f2fda054cdb683957b1b4eb70523c72be2251ed5d47,sliced,streaming,balanced,100000,166200,153000,180900,3,1.1260162601626016
handcrafted,87cae300bf45881fc9299f2fda054cdb683957b1b4eb70523c72be2251ed5d47,sliced,streaming,baseline,0,147600,146900,167200,3,1.0
handcrafted,87cae300bf45881fc9299f2fda054cdb683957b1b4eb70523c72be2251ed5d47,multi_chunk,auto,repair,100000,59200,58300,62300,3,1.121212121212121
handcrafted,87cae300bf45881fc9299f2fda054cdb683957b1b4eb70523c72be2251ed5d47,multi_chunk,auto,balanced,100000,56300,56100,59000,3,1.066287878787879
handcrafted,87cae300bf45881fc9299f2fda054cdb683957b1b4eb70523c72be2251ed5d47,multi_chunk,auto,baseline,0,52800,52500,56000,3,1.0
handcrafted,87cae300bf45881fc9299f2fda054cdb683957b1b4eb70523c72be2251ed5d47,multi_chunk,streaming,balanced,100000,169300,160100,270500,3,0.9769186381996537
handcrafted,87cae300bf45881fc9299f2fda054cdb683957b1b4eb70523c72be2251ed5d47,multi_chunk,streaming,baseline,0,173300,153300,274000,3,1.0
handcrafted,87cae300bf45881fc9299f2fda054cdb683957b1b4eb70523c72be2251ed5d47,multi_chunk,streaming,repair,100000,209800,167300,273300,3,1.2106174264281593
handcrafted,cc527d73d14dfbbf0803f7d11a4f2dd028145e28e16b64973a56da92b1e5ec16,integer,auto,balanced,100000,62600,60600,62900,3,1.1340579710144927
handcrafted,cc527d73d14dfbbf0803f7d11a4f2dd028145e28e16b64973a56da92b1e5ec16,integer,auto,baseline,0,55200,54900,55300,3,1.0
handcrafted,cc527d73d14dfbbf0803f7d11a4f2dd028145e28e16b64973a56da92b1e5ec16,integer,auto,repair,100000,62100,61900,62500,3,1.125
handcrafted,cc527d73d14dfbbf0803f7d11a4f2dd028145e28e16b64973a56da92b1e5ec16,integer,streaming,repair,100000,195000,187100,229200,3,0.9549461312438785
handcrafted,cc527d73d14dfbbf0803f7d11a4f2dd028145e28e16b64973a56da92b1e5ec16,integer,streaming,balanced,100000,222800,178200,269700,3,1.091087169441724
handcrafted,cc527d73d14dfbbf0803f7d11a4f2dd028145e28e16b64973a56da92b1e5ec16,integer,streaming,baseline,0,204200,176500,230900,3,1.0
handcrafted,cc527d73d14dfbbf0803f7d11a4f2dd028145e28e16b64973a56da92b1e5ec16,date,auto,balanced,100000,61000,59800,64000,3,1.0912343470483006
handcrafted,cc527d73d14dfbbf0803f7d11a4f2dd028145e28e16b64973a56da92b1e5ec16,date,auto,baseline,0,55900,55200,58700,3,1.0
handcrafted,cc527d73d14dfbbf0803f7d11a4f2dd028145e28e16b64973a56da92b1e5ec16,date,auto,repair,100000,67600,64400,73000,3,1.2093023255813953
handcrafted,cc527d73d14dfbbf0803f7d11a4f2dd028145e28e16b64973a56da92b1e5ec16,date,streaming,baseline,0,222500,206400,271900,3,1.0
handcrafted,cc527d73d14dfbbf0803f7d11a4f2dd028145e28e16b64973a56da92b1e5ec16,date,streaming,repair,100000,238500,238000,249800,3,1.0719101123595505
handcrafted,cc527d73d14dfbbf0803f7d11a4f2dd028145e28e16b64973a56da92b1e5ec16,date,streaming,balanced,100000,226000,207500,233600,3,1.0157303370786517
handcrafted,cc527d73d14dfbbf0803f7d11a4f2dd028145e28e16b64973a56da92b1e5ec16,datetime,auto,repair,100000,70700,69200,165600,3,1.1983050847457628
handcrafted,cc527d73d14dfbbf0803f7d11a4f2dd028145e28e16b64973a56da92b1e5ec16,datetime,auto,balanced,100000,63400,63000,70900,3,1.0745762711864406
handcrafted,cc527d73d14dfbbf0803f7d11a4f2dd028145e28e16b64973a56da92b1e5ec16,datetime,auto,baseline,0,59000,58700,163900,3,1.0
handcrafted,cc527d73d14dfbbf0803f7d11a4f2dd028145e28e16b64973a56da92b1e5ec16,datetime,streaming,baseline,0,215200,202000,225100,3,1.0
handcrafted,cc527d73d14dfbbf0803f7d11a4f2dd028145e28e16b64973a56da92b1e5ec16,datetime,streaming,repair,100000,224000,180000,241300,3,1.0408921933085502
handcrafted,cc527d73d14dfbbf0803f7d11a4f2dd028145e28e16b64973a56da92b1e5ec16,datetime,streaming,balanced,100000,222200,182900,223600,3,1.0325278810408922
handcrafted,cc527d73d14dfbbf0803f7d11a4f2dd028145e28e16b64973a56da92b1e5ec16,grouped,auto,repair,100000,129800,129500,167000,3,0.9855732725892179
handcrafted,cc527d73d14dfbbf0803f7d11a4f2dd028145e28e16b64973a56da92b1e5ec16,grouped,auto,balanced,100000,130200,115700,140800,3,0.9886104783599089
handcrafted,cc527d73d14dfbbf0803f7d11a4f2dd028145e28e16b64973a56da92b1e5ec16,grouped,auto,baseline,0,131700,110900,189100,3,1.0
handcrafted,cc527d73d14dfbbf0803f7d11a4f2dd028145e28e16b64973a56da92b1e5ec16,grouped,streaming,repair,100000,241600,204200,257800,3,1.1047096479195244
handcrafted,cc527d73d14dfbbf0803f7d11a4f2dd028145e28e16b64973a56da92b1e5ec16,grouped,streaming,balanced,100000,197200,182400,344000,3,0.9016918152720622
handcrafted,cc527d73d14dfbbf0803f7d11a4f2dd028145e28e16b64973a56da92b1e5ec16,grouped,streaming,baseline,0,218700,167200,225800,3,1.0
handcrafted,cc527d73d14dfbbf0803f7d11a4f2dd028145e28e16b64973a56da92b1e5ec16,sliced,auto,balanced,100000,57700,57500,60700,3,1.0087412587412588
handcrafted,cc527d73d14dfbbf0803f7d11a4f2dd028145e28e16b64973a56da92b1e5ec16,sliced,auto,baseline,0,57200,56500,65600,3,1.0
handcrafted,cc527d73d14dfbbf0803f7d11a4f2dd028145e28e16b64973a56da92b1e5ec16,sliced,auto,repair,100000,62700,60700,63800,3,1.0961538461538463
handcrafted,cc527d73d14dfbbf0803f7d11a4f2dd028145e28e16b64973a56da92b1e5ec16,sliced,streaming,balanced,100000,182300,165500,196100,3,1.0452981651376148
handcrafted,cc527d73d14dfbbf0803f7d11a4f2dd028145e28e16b64973a56da92b1e5ec16,sliced,streaming,baseline,0,174400,170100,177200,3,1.0
handcrafted,cc527d73d14dfbbf0803f7d11a4f2dd028145e28e16b64973a56da92b1e5ec16,sliced,streaming,repair,100000,175800,173000,177800,3,1.0080275229357798
handcrafted,cc527d73d14dfbbf0803f7d11a4f2dd028145e28e16b64973a56da92b1e5ec16,multi_chunk,auto,baseline,0,59000,56300,60400,3,1.0
handcrafted,cc527d73d14dfbbf0803f7d11a4f2dd028145e28e16b64973a56da92b1e5ec16,multi_chunk,auto,repair,100000,63700,63600,73100,3,1.0796610169491525
handcrafted,cc527d73d14dfbbf0803f7d11a4f2dd028145e28e16b64973a56da92b1e5ec16,multi_chunk,auto,balanced,100000,62700,60400,63800,3,1.0627118644067797
handcrafted,cc527d73d14dfbbf0803f7d11a4f2dd028145e28e16b64973a56da92b1e5ec16,multi_chunk,streaming,baseline,0,165300,160100,181000,3,1.0
handcrafted,cc527d73d14dfbbf0803f7d11a4f2dd028145e28e16b64973a56da92b1e5ec16,multi_chunk,streaming,repair,100000,175200,174400,219600,3,1.05989110707804
handcrafted,cc527d73d14dfbbf0803f7d11a4f2dd028145e28e16b64973a56da92b1e5ec16,multi_chunk,streaming,balanced,100000,173300,149700,229800,3,1.0483968542044768
handcrafted,8f532cfb8eea51ee3ab762f0b5f4030eb642874c67585a8721cb97e6a1042e85,integer,auto,balanced,100000,63900,63700,68200,3,1.14721723518851
handcrafted,8f532cfb8eea51ee3ab762f0b5f4030eb642874c67585a8721cb97e6a1042e85,integer,auto,baseline,0,55700,55400,56600,3,1.0
handcrafted,8f532cfb8eea51ee3ab762f0b5f4030eb642874c67585a8721cb97e6a1042e85,integer,auto,repair,100000,64100,63800,64200,3,1.1508078994614004
handcrafted,8f532cfb8eea51ee3ab762f0b5f4030eb642874c67585a8721cb97e6a1042e85,integer,streaming,repair,100000,169000,166800,181000,3,0.9478407178911946
handcrafted,8f532cfb8eea51ee3ab762f0b5f4030eb642874c67585a8721cb97e6a1042e85,integer,streaming,balanced,100000,205500,168700,245900,3,1.1525518788558609
handcrafted,8f532cfb8eea51ee3ab762f0b5f4030eb642874c67585a8721cb97e6a1042e85,integer,streaming,baseline,0,178300,139700,191400,3,1.0
handcrafted,8f532cfb8eea51ee3ab762f0b5f4030eb642874c67585a8721cb97e6a1042e85,date,auto,repair,100000,68900,66400,76400,3,1.1838487972508591
handcrafted,8f532cfb8eea51ee3ab762f0b5f4030eb642874c67585a8721cb97e6a1042e85,date,auto,balanced,100000,64200,61800,65800,3,1.1030927835051547
handcrafted,8f532cfb8eea51ee3ab762f0b5f4030eb642874c67585a8721cb97e6a1042e85,date,auto,baseline,0,58200,57600,156700,3,1.0
handcrafted,8f532cfb8eea51ee3ab762f0b5f4030eb642874c67585a8721cb97e6a1042e85,date,streaming,balanced,100000,212300,172400,222200,3,1.1074595722483047
handcrafted,8f532cfb8eea51ee3ab762f0b5f4030eb642874c67585a8721cb97e6a1042e85,date,streaming,baseline,0,191700,163000,258200,3,1.0
handcrafted,8f532cfb8eea51ee3ab762f0b5f4030eb642874c67585a8721cb97e6a1042e85,date,streaming,repair,100000,213100,195500,265500,3,1.1116327595200834
handcrafted,8f532cfb8eea51ee3ab762f0b5f4030eb642874c67585a8721cb97e6a1042e85,datetime,auto,repair,100000,72700,72100,73700,3,1.2056384742951907
handcrafted,8f532cfb8eea51ee3ab762f0b5f4030eb642874c67585a8721cb97e6a1042e85,datetime,auto,balanced,100000,66200,64900,82700,3,1.097844112769486
handcrafted,8f532cfb8eea51ee3ab762f0b5f4030eb642874c67585a8721cb97e6a1042e85,datetime,auto,baseline,0,60300,57900,60400,3,1.0
handcrafted,8f532cfb8eea51ee3ab762f0b5f4030eb642874c67585a8721cb97e6a1042e85,datetime,streaming,baseline,0,178800,177500,180700,3,1.0
handcrafted,8f532cfb8eea51ee3ab762f0b5f4030eb642874c67585a8721cb97e6a1042e85,datetime,streaming,repair,100000,183800,180500,189400,3,1.0279642058165548
handcrafted,8f532cfb8eea51ee3ab762f0b5f4030eb642874c67585a8721cb97e6a1042e85,datetime,streaming,balanced,100000,182100,174400,185800,3,1.0184563758389262
handcrafted,8f532cfb8eea51ee3ab762f0b5f4030eb642874c67585a8721cb97e6a1042e85,grouped,auto,balanced,100000,122500,120600,124400,3,1.1353104726598702
handcrafted,8f532cfb8eea51ee3ab762f0b5f4030eb642874c67585a8721cb97e6a1042e85,grouped,auto,baseline,0,107900,107900,110000,3,1.0
handcrafted,8f532cfb8eea51ee3ab762f0b5f4030eb642874c67585a8721cb97e6a1042e85,grouped,auto,repair,100000,141400,133600,143300,3,1.3104726598702503
handcrafted,8f532cfb8eea51ee3ab762f0b5f4030eb642874c67585a8721cb97e6a1042e85,grouped,streaming,repair,100000,269600,246700,278900,3,1.0822962665596145
handcrafted,8f532cfb8eea51ee3ab762f0b5f4030eb642874c67585a8721cb97e6a1042e85,grouped,streaming,balanced,100000,226800,222200,270500,3,0.9104777197912485
handcrafted,8f532cfb8eea51ee3ab762f0b5f4030eb642874c67585a8721cb97e6a1042e85,grouped,streaming,baseline,0,249100,223400,249700,3,1.0
handcrafted,8f532cfb8eea51ee3ab762f0b5f4030eb642874c67585a8721cb97e6a1042e85,sliced,auto,baseline,0,55000,54400,56700,3,1.0
handcrafted,8f532cfb8eea51ee3ab762f0b5f4030eb642874c67585a8721cb97e6a1042e85,sliced,auto,repair,100000,65300,64000,67100,3,1.1872727272727273
handcrafted,8f532cfb8eea51ee3ab762f0b5f4030eb642874c67585a8721cb97e6a1042e85,sliced,auto,balanced,100000,62900,61300,63600,3,1.1436363636363636
handcrafted,8f532cfb8eea51ee3ab762f0b5f4030eb642874c67585a8721cb97e6a1042e85,sliced,streaming,repair,100000,174300,173100,178400,3,1.042464114832536
handcrafted,8f532cfb8eea51ee3ab762f0b5f4030eb642874c67585a8721cb97e6a1042e85,sliced,streaming,balanced,100000,165000,161100,177100,3,0.9868421052631579
handcrafted,8f532cfb8eea51ee3ab762f0b5f4030eb642874c67585a8721cb97e6a1042e85,sliced,streaming,baseline,0,167200,160500,174600,3,1.0
handcrafted,8f532cfb8eea51ee3ab762f0b5f4030eb642874c67585a8721cb97e6a1042e85,multi_chunk,auto,repair,100000,68500,65100,68700,3,1.1975524475524475
handcrafted,8f532cfb8eea51ee3ab762f0b5f4030eb642874c67585a8721cb97e6a1042e85,multi_chunk,auto,balanced,100000,61900,61500,63000,3,1.082167832167832
handcrafted,8f532cfb8eea51ee3ab762f0b5f4030eb642874c67585a8721cb97e6a1042e85,multi_chunk,auto,baseline,0,57200,56400,65400,3,1.0
handcrafted,8f532cfb8eea51ee3ab762f0b5f4030eb642874c67585a8721cb97e6a1042e85,multi_chunk,streaming,baseline,0,212000,162000,246400,3,1.0
handcrafted,8f532cfb8eea51ee3ab762f0b5f4030eb642874c67585a8721cb97e6a1042e85,multi_chunk,streaming,repair,100000,239200,180000,300500,3,1.1283018867924528
handcrafted,8f532cfb8eea51ee3ab762f0b5f4030eb642874c67585a8721cb97e6a1042e85,multi_chunk,streaming,balanced,100000,192600,178000,239400,3,0.9084905660377358
handcrafted,191874804687ec31efb2a075798edfc68f07b21ed854e10af71298ffd73fd2ee,integer,auto,repair,100000,168700,166000,169500,3,2.567732115677321
handcrafted,191874804687ec31efb2a075798edfc68f07b21ed854e10af71298ffd73fd2ee,integer,auto,balanced,100000,99200,97600,103800,3,1.5098934550989345
handcrafted,191874804687ec31efb2a075798edfc68f07b21ed854e10af71298ffd73fd2ee,integer,auto,baseline,0,65700,64100,66000,3,1.0
handcrafted,191874804687ec31efb2a075798edfc68f07b21ed854e10af71298ffd73fd2ee,integer,streaming,baseline,0,182300,172800,208100,3,1.0
handcrafted,191874804687ec31efb2a075798edfc68f07b21ed854e10af71298ffd73fd2ee,integer,streaming,repair,100000,277700,273900,362100,3,1.5233132199670871
handcrafted,191874804687ec31efb2a075798edfc68f07b21ed854e10af71298ffd73fd2ee,integer,streaming,balanced,100000,209800,206200,248800,3,1.1508502468458586
handcrafted,191874804687ec31efb2a075798edfc68f07b21ed854e10af71298ffd73fd2ee,date,auto,repair,100000,170600,163700,175700,3,2.4582132564841497
handcrafted,191874804687ec31efb2a075798edfc68f07b21ed854e10af71298ffd73fd2ee,date,auto,balanced,100000,105600,102700,107300,3,1.521613832853026
handcrafted,191874804687ec31efb2a075798edfc68f07b21ed854e10af71298ffd73fd2ee,date,auto,baseline,0,69400,67300,70300,3,1.0
handcrafted,191874804687ec31efb2a075798edfc68f07b21ed854e10af71298ffd73fd2ee,date,streaming,balanced,100000,212400,208100,309800,3,1.2590397154712507
handcrafted,191874804687ec31efb2a075798edfc68f07b21ed854e10af71298ffd73fd2ee,date,streaming,baseline,0,168700,168400,176500,3,1.0
handcrafted,191874804687ec31efb2a075798edfc68f07b21ed854e10af71298ffd73fd2ee,date,streaming,repair,100000,401700,310000,412800,3,2.3811499703615886
handcrafted,191874804687ec31efb2a075798edfc68f07b21ed854e10af71298ffd73fd2ee,datetime,auto,balanced,100000,105500,104100,113300,3,1.401062416998672
handcrafted,191874804687ec31efb2a075798edfc68f07b21ed854e10af71298ffd73fd2ee,datetime,auto,baseline,0,75300,72400,77600,3,1.0
handcrafted,191874804687ec31efb2a075798edfc68f07b21ed854e10af71298ffd73fd2ee,datetime,auto,repair,100000,168800,167700,172900,3,2.241699867197875
handcrafted,191874804687ec31efb2a075798edfc68f07b21ed854e10af71298ffd73fd2ee,datetime,streaming,repair,100000,286100,276900,299600,3,1.5824115044247788
handcrafted,191874804687ec31efb2a075798edfc68f07b21ed854e10af71298ffd73fd2ee,datetime,streaming,balanced,100000,204000,203200,247700,3,1.1283185840707965
handcrafted,191874804687ec31efb2a075798edfc68f07b21ed854e10af71298ffd73fd2ee,datetime,streaming,baseline,0,180800,160100,181000,3,1.0
handcrafted,191874804687ec31efb2a075798edfc68f07b21ed854e10af71298ffd73fd2ee,grouped,auto,baseline,0,195300,188400,206200,3,1.0
handcrafted,191874804687ec31efb2a075798edfc68f07b21ed854e10af71298ffd73fd2ee,grouped,auto,repair,100000,555900,550300,569100,3,2.846390168970814
handcrafted,191874804687ec31efb2a075798edfc68f07b21ed854e10af71298ffd73fd2ee,grouped,auto,balanced,100000,363200,295200,369300,3,1.8597030209933436
handcrafted,191874804687ec31efb2a075798edfc68f07b21ed854e10af71298ffd73fd2ee,grouped,streaming,balanced,100000,454400,384100,494300,3,1.324009324009324
handcrafted,191874804687ec31efb2a075798edfc68f07b21ed854e10af71298ffd73fd2ee,grouped,streaming,baseline,0,343200,265900,456600,3,1.0
handcrafted,191874804687ec31efb2a075798edfc68f07b21ed854e10af71298ffd73fd2ee,grouped,streaming,repair,100000,688700,651600,707600,3,2.0067016317016315
handcrafted,191874804687ec31efb2a075798edfc68f07b21ed854e10af71298ffd73fd2ee,sliced,auto,repair,100000,169500,168900,177500,3,2.496318114874816
handcrafted,191874804687ec31efb2a075798edfc68f07b21ed854e10af71298ffd73fd2ee,sliced,auto,balanced,100000,102600,101500,107800,3,1.5110456553755522
handcrafted,191874804687ec31efb2a075798edfc68f07b21ed854e10af71298ffd73fd2ee,sliced,auto,baseline,0,67900,65800,68600,3,1.0
handcrafted,191874804687ec31efb2a075798edfc68f07b21ed854e10af71298ffd73fd2ee,sliced,streaming,baseline,0,261400,198300,268200,3,1.0
handcrafted,191874804687ec31efb2a075798edfc68f07b21ed854e10af71298ffd73fd2ee,sliced,streaming,repair,100000,376800,345600,404600,3,1.441469013006886
handcrafted,191874804687ec31efb2a075798edfc68f07b21ed854e10af71298ffd73fd2ee,sliced,streaming,balanced,100000,274200,226600,326600,3,1.0489671002295333
handcrafted,191874804687ec31efb2a075798edfc68f07b21ed854e10af71298ffd73fd2ee,multi_chunk,auto,repair,100000,173600,166200,184800,3,2.445070422535211
handcrafted,191874804687ec31efb2a075798edfc68f07b21ed854e10af71298ffd73fd2ee,multi_chunk,auto,balanced,100000,104800,101500,111500,3,1.476056338028169
handcrafted,191874804687ec31efb2a075798edfc68f07b21ed854e10af71298ffd73fd2ee,multi_chunk,auto,baseline,0,71000,69600,89700,3,1.0
handcrafted,191874804687ec31efb2a075798edfc68f07b21ed854e10af71298ffd73fd2ee,multi_chunk,streaming,baseline,0,174500,167600,208900,3,1.0
handcrafted,191874804687ec31efb2a075798edfc68f07b21ed854e10af71298ffd73fd2ee,multi_chunk,streaming,repair,100000,289100,289000,388000,3,1.656733524355301
handcrafted,191874804687ec31efb2a075798edfc68f07b21ed854e10af71298ffd73fd2ee,multi_chunk,streaming,balanced,100000,217800,214200,289100,3,1.248137535816619
handcrafted,3494a49d441f67f481d5ff9c4871d7847f9e9610dbfc1aa55c9d0affc577a5f6,integer,auto,repair,100000,99600,96700,103500,3,1.4330935251798562
handcrafted,3494a49d441f67f481d5ff9c4871d7847f9e9610dbfc1aa55c9d0affc577a5f6,integer,auto,balanced,100000,146900,141700,149700,3,2.1136690647482013
handcrafted,3494a49d441f67f481d5ff9c4871d7847f9e9610dbfc1aa55c9d0affc577a5f6,integer,auto,baseline,0,69500,69400,71600,3,1.0
handcrafted,3494a49d441f67f481d5ff9c4871d7847f9e9610dbfc1aa55c9d0affc577a5f6,integer,streaming,baseline,0,209800,129100,212100,3,1.0
handcrafted,3494a49d441f67f481d5ff9c4871d7847f9e9610dbfc1aa55c9d0affc577a5f6,integer,streaming,repair,100000,238600,203800,258000,3,1.1372735938989513
handcrafted,3494a49d441f67f481d5ff9c4871d7847f9e9610dbfc1aa55c9d0affc577a5f6,integer,streaming,balanced,100000,274600,235000,385500,3,1.3088655862726406
handcrafted,3494a49d441f67f481d5ff9c4871d7847f9e9610dbfc1aa55c9d0affc577a5f6,date,auto,repair,100000,104500,103500,116800,3,1.4256480218281036
handcrafted,3494a49d441f67f481d5ff9c4871d7847f9e9610dbfc1aa55c9d0affc577a5f6,date,auto,balanced,100000,153500,152300,162200,3,2.0941336971350615
handcrafted,3494a49d441f67f481d5ff9c4871d7847f9e9610dbfc1aa55c9d0affc577a5f6,date,auto,baseline,0,73300,71900,75100,3,1.0
handcrafted,3494a49d441f67f481d5ff9c4871d7847f9e9610dbfc1aa55c9d0affc577a5f6,date,streaming,repair,100000,240000,220500,246600,3,1.3015184381778742
handcrafted,3494a49d441f67f481d5ff9c4871d7847f9e9610dbfc1aa55c9d0affc577a5f6,date,streaming,balanced,100000,286400,253200,287300,3,1.5531453362255965
handcrafted,3494a49d441f67f481d5ff9c4871d7847f9e9610dbfc1aa55c9d0affc577a5f6,date,streaming,baseline,0,184400,176500,220600,3,1.0
handcrafted,3494a49d441f67f481d5ff9c4871d7847f9e9610dbfc1aa55c9d0affc577a5f6,datetime,auto,baseline,0,76000,74500,76900,3,1.0
handcrafted,3494a49d441f67f481d5ff9c4871d7847f9e9610dbfc1aa55c9d0affc577a5f6,datetime,auto,repair,100000,107700,101900,175200,3,1.4171052631578946
handcrafted,3494a49d441f67f481d5ff9c4871d7847f9e9610dbfc1aa55c9d0affc577a5f6,datetime,auto,balanced,100000,153700,152500,157000,3,2.0223684210526316
handcrafted,3494a49d441f67f481d5ff9c4871d7847f9e9610dbfc1aa55c9d0affc577a5f6,datetime,streaming,repair,100000,220000,212200,252600,3,1.2304250559284116
handcrafted,3494a49d441f67f481d5ff9c4871d7847f9e9610dbfc1aa55c9d0affc577a5f6,datetime,streaming,balanced,100000,268100,254100,295600,3,1.499440715883669
handcrafted,3494a49d441f67f481d5ff9c4871d7847f9e9610dbfc1aa55c9d0affc577a5f6,datetime,streaming,baseline,0,178800,174600,181900,3,1.0
handcrafted,3494a49d441f67f481d5ff9c4871d7847f9e9610dbfc1aa55c9d0affc577a5f6,grouped,auto,baseline,0,191200,158700,198800,3,1.0
handcrafted,3494a49d441f67f481d5ff9c4871d7847f9e9610dbfc1aa55c9d0affc577a5f6,grouped,auto,repair,100000,295500,272300,306000,3,1.5455020920502092
handcrafted,3494a49d441f67f481d5ff9c4871d7847f9e9610dbfc1aa55c9d0affc577a5f6,grouped,auto,balanced,100000,472800,437400,562000,3,2.4728033472803346
handcrafted,3494a49d441f67f481d5ff9c4871d7847f9e9610dbfc1aa55c9d0affc577a5f6,grouped,streaming,baseline,0,260800,247400,274500,3,1.0
handcrafted,3494a49d441f67f481d5ff9c4871d7847f9e9610dbfc1aa55c9d0affc577a5f6,grouped,streaming,repair,100000,350600,343700,421800,3,1.344325153374233
handcrafted,3494a49d441f67f481d5ff9c4871d7847f9e9610dbfc1aa55c9d0affc577a5f6,grouped,streaming,balanced,100000,557200,526800,650200,3,2.1365030674846626
handcrafted,3494a49d441f67f481d5ff9c4871d7847f9e9610dbfc1aa55c9d0affc577a5f6,sliced,auto,repair,100000,102000,97900,114300,3,1.4739884393063585
handcrafted,3494a49d441f67f481d5ff9c4871d7847f9e9610dbfc1aa55c9d0affc577a5f6,sliced,auto,balanced,100000,145100,141100,147300,3,2.096820809248555
handcrafted,3494a49d441f67f481d5ff9c4871d7847f9e9610dbfc1aa55c9d0affc577a5f6,sliced,auto,baseline,0,69200,68800,70000,3,1.0
handcrafted,3494a49d441f67f481d5ff9c4871d7847f9e9610dbfc1aa55c9d0affc577a5f6,sliced,streaming,balanced,100000,418000,298100,421900,3,1.7061224489795919
handcrafted,3494a49d441f67f481d5ff9c4871d7847f9e9610dbfc1aa55c9d0affc577a5f6,sliced,streaming,baseline,0,245000,239200,273600,3,1.0
handcrafted,3494a49d441f67f481d5ff9c4871d7847f9e9610dbfc1aa55c9d0affc577a5f6,sliced,streaming,repair,100000,265700,259000,353400,3,1.0844897959183672
handcrafted,3494a49d441f67f481d5ff9c4871d7847f9e9610dbfc1aa55c9d0affc577a5f6,multi_chunk,auto,baseline,0,120600,117700,123200,3,1.0
handcrafted,3494a49d441f67f481d5ff9c4871d7847f9e9610dbfc1aa55c9d0affc577a5f6,multi_chunk,auto,repair,100000,160200,159900,174500,3,1.328358208955224
handcrafted,3494a49d441f67f481d5ff9c4871d7847f9e9610dbfc1aa55c9d0affc577a5f6,multi_chunk,auto,balanced,100000,235800,227800,256900,3,1.955223880597015
handcrafted,3494a49d441f67f481d5ff9c4871d7847f9e9610dbfc1aa55c9d0affc577a5f6,multi_chunk,streaming,baseline,0,213000,211100,214900,3,1.0
handcrafted,3494a49d441f67f481d5ff9c4871d7847f9e9610dbfc1aa55c9d0affc577a5f6,multi_chunk,streaming,repair,100000,252100,243200,257500,3,1.183568075117371
handcrafted,3494a49d441f67f481d5ff9c4871d7847f9e9610dbfc1aa55c9d0affc577a5f6,multi_chunk,streaming,balanced,100000,297000,294000,298300,3,1.3943661971830985
handcrafted,f7c5a727a698b745ac7c57deb53c8fbb0e9e009be8215a7f5d64458abfe51f0a,integer,auto,baseline,0,86400,86300,149100,3,1.0
handcrafted,f7c5a727a698b745ac7c57deb53c8fbb0e9e009be8215a7f5d64458abfe51f0a,integer,auto,repair,100000,105200,102800,128200,3,1.2175925925925926
handcrafted,f7c5a727a698b745ac7c57deb53c8fbb0e9e009be8215a7f5d64458abfe51f0a,integer,auto,balanced,100000,92200,90700,109900,3,1.0671296296296295
handcrafted,f7c5a727a698b745ac7c57deb53c8fbb0e9e009be8215a7f5d64458abfe51f0a,integer,streaming,baseline,0,230300,229500,235400,3,1.0
handcrafted,f7c5a727a698b745ac7c57deb53c8fbb0e9e009be8215a7f5d64458abfe51f0a,integer,streaming,repair,100000,261200,259100,326600,3,1.1341728180633956
handcrafted,f7c5a727a698b745ac7c57deb53c8fbb0e9e009be8215a7f5d64458abfe51f0a,integer,streaming,balanced,100000,323000,237400,393900,3,1.4025184541901867
handcrafted,f7c5a727a698b745ac7c57deb53c8fbb0e9e009be8215a7f5d64458abfe51f0a,date,auto,balanced,100000,99700,93800,111800,3,1.1090100111234704
handcrafted,f7c5a727a698b745ac7c57deb53c8fbb0e9e009be8215a7f5d64458abfe51f0a,date,auto,baseline,0,89900,86000,94200,3,1.0
handcrafted,f7c5a727a698b745ac7c57deb53c8fbb0e9e009be8215a7f5d64458abfe51f0a,date,auto,repair,100000,109200,105700,147900,3,1.2146829810901
handcrafted,f7c5a727a698b745ac7c57deb53c8fbb0e9e009be8215a7f5d64458abfe51f0a,date,streaming,baseline,0,269900,227500,319200,3,1.0
handcrafted,f7c5a727a698b745ac7c57deb53c8fbb0e9e009be8215a7f5d64458abfe51f0a,date,streaming,repair,100000,274400,256400,304100,3,1.0166728417932567
handcrafted,f7c5a727a698b745ac7c57deb53c8fbb0e9e009be8215a7f5d64458abfe51f0a,date,streaming,balanced,100000,239800,229900,296900,3,0.8884772137828826
handcrafted,f7c5a727a698b745ac7c57deb53c8fbb0e9e009be8215a7f5d64458abfe51f0a,datetime,auto,repair,100000,108600,107900,112300,3,1.2686915887850467
handcrafted,f7c5a727a698b745ac7c57deb53c8fbb0e9e009be8215a7f5d64458abfe51f0a,datetime,auto,balanced,100000,96300,96000,99300,3,1.125
handcrafted,f7c5a727a698b745ac7c57deb53c8fbb0e9e009be8215a7f5d64458abfe51f0a,datetime,auto,baseline,0,85600,84500,93500,3,1.0
handcrafted,f7c5a727a698b745ac7c57deb53c8fbb0e9e009be8215a7f5d64458abfe51f0a,datetime,streaming,balanced,100000,305100,248200,344500,3,1.2277665995975855
handcrafted,f7c5a727a698b745ac7c57deb53c8fbb0e9e009be8215a7f5d64458abfe51f0a,datetime,streaming,baseline,0,248500,239200,258400,3,1.0
handcrafted,f7c5a727a698b745ac7c57deb53c8fbb0e9e009be8215a7f5d64458abfe51f0a,datetime,streaming,repair,100000,273400,268300,389600,3,1.1002012072434608
handcrafted,f7c5a727a698b745ac7c57deb53c8fbb0e9e009be8215a7f5d64458abfe51f0a,grouped,auto,balanced,100000,275800,270500,286200,3,1.0901185770750987
handcrafted,f7c5a727a698b745ac7c57deb53c8fbb0e9e009be8215a7f5d64458abfe51f0a,grouped,auto,baseline,0,253000,250200,253200,3,1.0
handcrafted,f7c5a727a698b745ac7c57deb53c8fbb0e9e009be8215a7f5d64458abfe51f0a,grouped,auto,repair,100000,420200,325800,431700,3,1.6608695652173913
handcrafted,f7c5a727a698b745ac7c57deb53c8fbb0e9e009be8215a7f5d64458abfe51f0a,grouped,streaming,repair,100000,414400,406500,695800,3,1.196995956094743
handcrafted,f7c5a727a698b745ac7c57deb53c8fbb0e9e009be8215a7f5d64458abfe51f0a,grouped,streaming,balanced,100000,409900,364700,416400,3,1.1839976891969959
handcrafted,f7c5a727a698b745ac7c57deb53c8fbb0e9e009be8215a7f5d64458abfe51f0a,grouped,streaming,baseline,0,346200,342900,377200,3,1.0
handcrafted,f7c5a727a698b745ac7c57deb53c8fbb0e9e009be8215a7f5d64458abfe51f0a,sliced,auto,baseline,0,83200,78500,84800,3,1.0
handcrafted,f7c5a727a698b745ac7c57deb53c8fbb0e9e009be8215a7f5d64458abfe51f0a,sliced,auto,repair,100000,114700,101900,116400,3,1.3786057692307692
handcrafted,f7c5a727a698b745ac7c57deb53c8fbb0e9e009be8215a7f5d64458abfe51f0a,sliced,auto,balanced,100000,88200,85700,88300,3,1.0600961538461537
handcrafted,f7c5a727a698b745ac7c57deb53c8fbb0e9e009be8215a7f5d64458abfe51f0a,sliced,streaming,repair,100000,299600,277200,305800,3,1.0420869565217392
handcrafted,f7c5a727a698b745ac7c57deb53c8fbb0e9e009be8215a7f5d64458abfe51f0a,sliced,streaming,balanced,100000,259300,240200,316200,3,0.9019130434782608
handcrafted,f7c5a727a698b745ac7c57deb53c8fbb0e9e009be8215a7f5d64458abfe51f0a,sliced,streaming,baseline,0,287500,256200,294500,3,1.0
handcrafted,f7c5a727a698b745ac7c57deb53c8fbb0e9e009be8215a7f5d64458abfe51f0a,multi_chunk,auto,balanced,100000,95500,89800,118200,3,1.1182669789227166
handcrafted,f7c5a727a698b745ac7c57deb53c8fbb0e9e009be8215a7f5d64458abfe51f0a,multi_chunk,auto,baseline,0,85400,84500,88700,3,1.0
handcrafted,f7c5a727a698b745ac7c57deb53c8fbb0e9e009be8215a7f5d64458abfe51f0a,multi_chunk,auto,repair,100000,114300,108400,155900,3,1.338407494145199
handcrafted,f7c5a727a698b745ac7c57deb53c8fbb0e9e009be8215a7f5d64458abfe51f0a,multi_chunk,streaming,repair,100000,301800,271200,357000,3,1.1639028152718858
handcrafted,f7c5a727a698b745ac7c57deb53c8fbb0e9e009be8215a7f5d64458abfe51f0a,multi_chunk,streaming,balanced,100000,251400,238700,255100,3,0.9695333590435788
handcrafted,f7c5a727a698b745ac7c57deb53c8fbb0e9e009be8215a7f5d64458abfe51f0a,multi_chunk,streaming,baseline,0,259300,244400,431200,3,1.0
handcrafted,f9100828824c27a71c602e37a63fd63ffda87f83a8a2fe9868d37647bc913df5,integer,auto,balanced,100000,78600,77200,92400,3,1.0301441677588468
handcrafted,f9100828824c27a71c602e37a63fd63ffda87f83a8a2fe9868d37647bc913df5,integer,auto,baseline,0,76300,70300,110700,3,1.0
handcrafted,f9100828824c27a71c602e37a63fd63ffda87f83a8a2fe9868d37647bc913df5,integer,auto,repair,100000,95500,93900,96700,3,1.2516382699868938
handcrafted,f9100828824c27a71c602e37a63fd63ffda87f83a8a2fe9868d37647bc913df5,integer,streaming,repair,100000,362200,249500,410600,3,1.647112323783538
handcrafted,f9100828824c27a71c602e37a63fd63ffda87f83a8a2fe9868d37647bc913df5,integer,streaming,balanced,100000,230500,224700,237400,3,1.0482037289677126
handcrafted,f9100828824c27a71c602e37a63fd63ffda87f83a8a2fe9868d37647bc913df5,integer,streaming,baseline,0,219900,219800,220200,3,1.0
handcrafted,f9100828824c27a71c602e37a63fd63ffda87f83a8a2fe9868d37647bc913df5,date,auto,baseline,0,115300,108300,134500,3,1.0
handcrafted,f9100828824c27a71c602e37a63fd63ffda87f83a8a2fe9868d37647bc913df5,date,auto,repair,100000,198500,154200,207200,3,1.7215958369470945
handcrafted,f9100828824c27a71c602e37a63fd63ffda87f83a8a2fe9868d37647bc913df5,date,auto,balanced,100000,139500,123100,324700,3,1.209887250650477
handcrafted,f9100828824c27a71c602e37a63fd63ffda87f83a8a2fe9868d37647bc913df5,date,streaming,baseline,0,474800,407200,762000,3,1.0
handcrafted,f9100828824c27a71c602e37a63fd63ffda87f83a8a2fe9868d37647bc913df5,date,streaming,repair,100000,522600,395800,620600,3,1.1006739679865207
handcrafted,f9100828824c27a71c602e37a63fd63ffda87f83a8a2fe9868d37647bc913df5,date,streaming,balanced,100000,359300,308300,422100,3,0.7567396798652064
handcrafted,f9100828824c27a71c602e37a63fd63ffda87f83a8a2fe9868d37647bc913df5,datetime,auto,baseline,0,91400,77200,102400,3,1.0
handcrafted,f9100828824c27a71c602e37a63fd63ffda87f83a8a2fe9868d37647bc913df5,datetime,auto,repair,100000,115400,101600,250500,3,1.262582056892779
handcrafted,f9100828824c27a71c602e37a63fd63ffda87f83a8a2fe9868d37647bc913df5,datetime,auto,balanced,100000,95900,89800,120700,3,1.049234135667396
handcrafted,f9100828824c27a71c602e37a63fd63ffda87f83a8a2fe9868d37647bc913df5,datetime,streaming,repair,100000,431700,332900,483900,3,1.5163329820864067
handcrafted,f9100828824c27a71c602e37a63fd63ffda87f83a8a2fe9868d37647bc913df5,datetime,streaming,balanced,100000,252400,249200,369300,3,0.8865472427116263
handcrafted,f9100828824c27a71c602e37a63fd63ffda87f83a8a2fe9868d37647bc913df5,datetime,streaming,baseline,0,284700,232700,352400,3,1.0
handcrafted,f9100828824c27a71c602e37a63fd63ffda87f83a8a2fe9868d37647bc913df5,grouped,auto,repair,100000,628500,333300,637200,3,1.5079174664107486
handcrafted,f9100828824c27a71c602e37a63fd63ffda87f83a8a2fe9868d37647bc913df5,grouped,auto,balanced,100000,383200,234100,581000,3,0.9193857965451055
handcrafted,f9100828824c27a71c602e37a63fd63ffda87f83a8a2fe9868d37647bc913df5,grouped,auto,baseline,0,416800,403700,420400,3,1.0
handcrafted,f9100828824c27a71c602e37a63fd63ffda87f83a8a2fe9868d37647bc913df5,grouped,streaming,balanced,100000,400000,377500,426200,3,0.7041013906002465
handcrafted,f9100828824c27a71c602e37a63fd63ffda87f83a8a2fe9868d37647bc913df5,grouped,streaming,baseline,0,568100,293900,592800,3,1.0
handcrafted,f9100828824c27a71c602e37a63fd63ffda87f83a8a2fe9868d37647bc913df5,grouped,streaming,repair,100000,395200,378200,406700,3,0.6956521739130435
handcrafted,f9100828824c27a71c602e37a63fd63ffda87f83a8a2fe9868d37647bc913df5,sliced,auto,baseline,0,73300,72500,208200,3,1.0
handcrafted,f9100828824c27a71c602e37a63fd63ffda87f83a8a2fe9868d37647bc913df5,sliced,auto,repair,100000,108300,94400,145200,3,1.4774897680763983
handcrafted,f9100828824c27a71c602e37a63fd63ffda87f83a8a2fe9868d37647bc913df5,sliced,auto,balanced,100000,85100,79600,85300,3,1.1609822646657573
handcrafted,f9100828824c27a71c602e37a63fd63ffda87f83a8a2fe9868d37647bc913df5,sliced,streaming,repair,100000,261600,251100,306800,3,0.8822934232715008
handcrafted,f9100828824c27a71c602e37a63fd63ffda87f83a8a2fe9868d37647bc913df5,sliced,streaming,balanced,100000,230600,229500,257400,3,0.7777403035413153
handcrafted,f9100828824c27a71c602e37a63fd63ffda87f83a8a2fe9868d37647bc913df5,sliced,streaming,baseline,0,296500,219500,308000,3,1.0
handcrafted,f9100828824c27a71c602e37a63fd63ffda87f83a8a2fe9868d37647bc913df5,multi_chunk,auto,repair,100000,98900,94700,106500,3,1.3169107856191744
handcrafted,f9100828824c27a71c602e37a63fd63ffda87f83a8a2fe9868d37647bc913df5,multi_chunk,auto,balanced,100000,87300,84000,96900,3,1.162450066577896
handcrafted,f9100828824c27a71c602e37a63fd63ffda87f83a8a2fe9868d37647bc913df5,multi_chunk,auto,baseline,0,75100,74900,77000,3,1.0
handcrafted,f9100828824c27a71c602e37a63fd63ffda87f83a8a2fe9868d37647bc913df5,multi_chunk,streaming,balanced,100000,234600,234100,250400,3,0.9071925754060325
handcrafted,f9100828824c27a71c602e37a63fd63ffda87f83a8a2fe9868d37647bc913df5,multi_chunk,streaming,baseline,0,258600,224800,403300,3,1.0
handcrafted,f9100828824c27a71c602e37a63fd63ffda87f83a8a2fe9868d37647bc913df5,multi_chunk,streaming,repair,100000,353400,257100,549000,3,1.3665893271461718
handcrafted,8e5524b6635a10ff038a4e3aa0bfc06423f45ffd71d06309f397174cee535b4b,integer,auto,balanced,100000,299600,297700,349000,3,4.059620596205962
handcrafted,8e5524b6635a10ff038a4e3aa0bfc06423f45ffd71d06309f397174cee535b4b,integer,auto,baseline,0,73800,72400,82100,3,1.0
handcrafted,8e5524b6635a10ff038a4e3aa0bfc06423f45ffd71d06309f397174cee535b4b,integer,auto,repair,100000,210000,187800,273100,3,2.845528455284553
handcrafted,8e5524b6635a10ff038a4e3aa0bfc06423f45ffd71d06309f397174cee535b4b,integer,streaming,balanced,100000,450100,440100,565900,3,2.0384963768115942
handcrafted,8e5524b6635a10ff038a4e3aa0bfc06423f45ffd71d06309f397174cee535b4b,integer,streaming,baseline,0,220800,218200,246100,3,1.0
handcrafted,8e5524b6635a10ff038a4e3aa0bfc06423f45ffd71d06309f397174cee535b4b,integer,streaming,repair,100000,344300,342000,350600,3,1.5593297101449275
handcrafted,8e5524b6635a10ff038a4e3aa0bfc06423f45ffd71d06309f397174cee535b4b,date,auto,repair,100000,196300,193300,197800,3,2.569371727748691
handcrafted,8e5524b6635a10ff038a4e3aa0bfc06423f45ffd71d06309f397174cee535b4b,date,auto,balanced,100000,296100,294800,359100,3,3.8756544502617802
handcrafted,8e5524b6635a10ff038a4e3aa0bfc06423f45ffd71d06309f397174cee535b4b,date,auto,baseline,0,76400,74700,81500,3,1.0
handcrafted,8e5524b6635a10ff038a4e3aa0bfc06423f45ffd71d06309f397174cee535b4b,date,streaming,balanced,100000,455900,452700,549200,3,1.8600571195430438
handcrafted,8e5524b6635a10ff038a4e3aa0bfc06423f45ffd71d06309f397174cee535b4b,date,streaming,baseline,0,245100,233500,319300,3,1.0
handcrafted,8e5524b6635a10ff038a4e3aa0bfc06423f45ffd71d06309f397174cee535b4b,date,streaming,repair,100000,388100,355200,440500,3,1.5834353325173398
handcrafted,8e5524b6635a10ff038a4e3aa0bfc06423f45ffd71d06309f397174cee535b4b,datetime,auto,baseline,0,87700,77900,120100,3,1.0
handcrafted,8e5524b6635a10ff038a4e3aa0bfc06423f45ffd71d06309f397174cee535b4b,datetime,auto,repair,100000,197500,195100,226900,3,2.251995438996579
handcrafted,8e5524b6635a10ff038a4e3aa0bfc06423f45ffd71d06309f397174cee535b4b,datetime,auto,balanced,100000,305800,296100,309700,3,3.4868871151653362
handcrafted,8e5524b6635a10ff038a4e3aa0bfc06423f45ffd71d06309f397174cee535b4b,datetime,streaming,baseline,0,230800,228300,258600,3,1.0
handcrafted,8e5524b6635a10ff038a4e3aa0bfc06423f45ffd71d06309f397174cee535b4b,datetime,streaming,repair,100000,377800,348800,450900,3,1.6369150779896013
handcrafted,8e5524b6635a10ff038a4e3aa0bfc06423f45ffd71d06309f397174cee535b4b,datetime,streaming,balanced,100000,550800,501900,579700,3,2.386481802426343
handcrafted,8e5524b6635a10ff038a4e3aa0bfc06423f45ffd71d06309f397174cee535b4b,grouped,auto,baseline,0,214700,206900,233800,3,1.0
handcrafted,8e5524b6635a10ff038a4e3aa0bfc06423f45ffd71d06309f397174cee535b4b,grouped,auto,repair,100000,722700,665600,743500,3,3.3660922217047045
handcrafted,8e5524b6635a10ff038a4e3aa0bfc06423f45ffd71d06309f397174cee535b4b,grouped,auto,balanced,100000,1124200,1091800,1173500,3,5.236143455985095
handcrafted,8e5524b6635a10ff038a4e3aa0bfc06423f45ffd71d06309f397174cee535b4b,grouped,streaming,repair,100000,737900,719900,789300,3,2.138840579710145
handcrafted,8e5524b6635a10ff038a4e3aa0bfc06423f45ffd71d06309f397174cee535b4b,grouped,streaming,balanced,100000,1331400,1153300,1351700,3,3.8591304347826085
handcrafted,8e5524b6635a10ff038a4e3aa0bfc06423f45ffd71d06309f397174cee535b4b,grouped,streaming,baseline,0,345000,304300,354300,3,1.0
handcrafted,8e5524b6635a10ff038a4e3aa0bfc06423f45ffd71d06309f397174cee535b4b,sliced,auto,repair,100000,182600,180500,193300,3,2.571830985915493
handcrafted,8e5524b6635a10ff038a4e3aa0bfc06423f45ffd71d06309f397174cee535b4b,sliced,auto,balanced,100000,284300,280200,309600,3,4.004225352112676
handcrafted,8e5524b6635a10ff038a4e3aa0bfc06423f45ffd71d06309f397174cee535b4b,sliced,auto,baseline,0,71000,69100,82800,3,1.0
handcrafted,8e5524b6635a10ff038a4e3aa0bfc06423f45ffd71d06309f397174cee535b4b,sliced,streaming,baseline,0,231500,198100,270900,3,1.0
handcrafted,8e5524b6635a10ff038a4e3aa0bfc06423f45ffd71d06309f397174cee535b4b,sliced,streaming,repair,100000,493800,336300,570500,3,2.13304535637149
handcrafted,8e5524b6635a10ff038a4e3aa0bfc06423f45ffd71d06309f397174cee535b4b,sliced,streaming,balanced,100000,456000,434500,550900,3,1.9697624190064795
handcrafted,8e5524b6635a10ff038a4e3aa0bfc06423f45ffd71d06309f397174cee535b4b,multi_chunk,auto,repair,100000,188700,183500,210000,3,2.4538361508452535
handcrafted,8e5524b6635a10ff038a4e3aa0bfc06423f45ffd71d06309f397174cee535b4b,multi_chunk,auto,balanced,100000,283600,283600,289200,3,3.6879063719115734
handcrafted,8e5524b6635a10ff038a4e3aa0bfc06423f45ffd71d06309f397174cee535b4b,multi_chunk,auto,baseline,0,76900,73500,78200,3,1.0
handcrafted,8e5524b6635a10ff038a4e3aa0bfc06423f45ffd71d06309f397174cee535b4b,multi_chunk,streaming,repair,100000,343500,341500,344500,3,1.4660691421254801
handcrafted,8e5524b6635a10ff038a4e3aa0bfc06423f45ffd71d06309f397174cee535b4b,multi_chunk,streaming,balanced,100000,437600,435400,460300,3,1.8676909944515578
handcrafted,8e5524b6635a10ff038a4e3aa0bfc06423f45ffd71d06309f397174cee535b4b,multi_chunk,streaming,baseline,0,234300,219400,316700,3,1.0
