corpus,id,family,population,seed,order,workload,engine,groups,n,graph_n,method,max_work,sample,total_ns
target/balance-work/smoke,2a72b70e07239f7f1f649f6040f11af2b098e92b0f23ef900b123728651fc8a8,random_endpoints,random_endpoints,52445471917782066144587618844170033906,sorted,integer,auto,1,40,40,repair,100000,0,81500
target/balance-work/smoke,2a72b70e07239f7f1f649f6040f11af2b098e92b0f23ef900b123728651fc8a8,random_endpoints,random_endpoints,52445471917782066144587618844170033906,sorted,integer,auto,1,40,40,balanced,100000,0,81100
target/balance-work/smoke,2a72b70e07239f7f1f649f6040f11af2b098e92b0f23ef900b123728651fc8a8,random_endpoints,random_endpoints,52445471917782066144587618844170033906,sorted,integer,auto,1,40,40,baseline,0,0,64700
target/balance-work/smoke,2a72b70e07239f7f1f649f6040f11af2b098e92b0f23ef900b123728651fc8a8,random_endpoints,random_endpoints,52445471917782066144587618844170033906,sorted,integer,auto,1,40,40,baseline,0,1,62700
target/balance-work/smoke,2a72b70e07239f7f1f649f6040f11af2b098e92b0f23ef900b123728651fc8a8,random_endpoints,random_endpoints,52445471917782066144587618844170033906,sorted,integer,auto,1,40,40,repair,100000,1,79600
target/balance-work/smoke,2a72b70e07239f7f1f649f6040f11af2b098e92b0f23ef900b123728651fc8a8,random_endpoints,random_endpoints,52445471917782066144587618844170033906,sorted,integer,auto,1,40,40,balanced,100000,1,80700
target/balance-work/smoke,2a72b70e07239f7f1f649f6040f11af2b098e92b0f23ef900b123728651fc8a8,random_endpoints,random_endpoints,52445471917782066144587618844170033906,sorted,integer,auto,1,40,40,repair,100000,2,83400
target/balance-work/smoke,2a72b70e07239f7f1f649f6040f11af2b098e92b0f23ef900b123728651fc8a8,random_endpoints,random_endpoints,52445471917782066144587618844170033906,sorted,integer,auto,1,40,40,balanced,100000,2,79500
target/balance-work/smoke,2a72b70e07239f7f1f649f6040f11af2b098e92b0f23ef900b123728651fc8a8,random_endpoints,random_endpoints,52445471917782066144587618844170033906,sorted,integer,auto,1,40,40,baseline,0,2,59000
target/balance-work/smoke,2a72b70e07239f7f1f649f6040f11af2b098e92b0f23ef900b123728651fc8a8,random_endpoints,random_endpoints,52445471917782066144587618844170033906,sorted,integer,streaming,1,40,40,balanced,100000,0,195800
target/balance-work/smoke,2a72b70e07239f7f1f649f6040f11af2b098e92b0f23ef900b123728651fc8a8,random_endpoints,random_endpoints,52445471917782066144587618844170033906,sorted,integer,streaming,1,40,40,baseline,0,0,161400
target/balance-work/smoke,2a72b70e07239f7f1f649f6040f11af2b098e92b0f23ef900b123728651fc8a8,random_endpoints,random_endpoints,52445471917782066144587618844170033906,sorted,integer,streaming,1,40,40,repair,100000,0,189600
target/balance-work/smoke,2a72b70e07239f7f1f649f6040f11af2b098e92b0f23ef900b123728651fc8a8,random_endpoints,random_endpoints,52445471917782066144587618844170033906,sorted,integer,streaming,1,40,40,baseline,0,1,164000
target/balance-work/smoke,2a72b70e07239f7f1f649f6040f11af2b098e92b0f23ef900b123728651fc8a8,random_endpoints,random_endpoints,52445471917782066144587618844170033906,sorted,integer,streaming,1,40,40,repair,100000,1,186900
target/balance-work/smoke,2a72b70e07239f7f1f649f6040f11af2b098e92b0f23ef900b123728651fc8a8,random_endpoints,random_endpoints,52445471917782066144587618844170033906,sorted,integer,streaming,1,40,40,balanced,100000,1,179400
target/balance-work/smoke,2a72b70e07239f7f1f649f6040f11af2b098e92b0f23ef900b123728651fc8a8,random_endpoints,random_endpoints,52445471917782066144587618844170033906,sorted,integer,streaming,1,40,40,balanced,100000,2,189500
target/balance-work/smoke,2a72b70e07239f7f1f649f6040f11af2b098e92b0f23ef900b123728651fc8a8,random_endpoints,random_endpoints,52445471917782066144587618844170033906,sorted,integer,streaming,1,40,40,baseline,0,2,162800
target/balance-work/smoke,2a72b70e07239f7f1f649f6040f11af2b098e92b0f23ef900b123728651fc8a8,random_endpoints,random_endpoints,52445471917782066144587618844170033906,sorted,integer,streaming,1,40,40,repair,100000,2,180300
target/balance-work/smoke,2a72b70e07239f7f1f649f6040f11af2b098e92b0f23ef900b123728651fc8a8,random_endpoints,random_endpoints,52445471917782066144587618844170033906,sorted,date,auto,1,40,40,baseline,0,0,62200
target/balance-work/smoke,2a72b70e07239f7f1f649f6040f11af2b098e92b0f23ef900b123728651fc8a8,random_endpoints,random_endpoints,52445471917782066144587618844170033906,sorted,date,auto,1,40,40,repair,100000,0,81300
target/balance-work/smoke,2a72b70e07239f7f1f649f6040f11af2b098e92b0f23ef900b123728651fc8a8,random_endpoints,random_endpoints,52445471917782066144587618844170033906,sorted,date,auto,1,40,40,balanced,100000,0,80700
target/balance-work/smoke,2a72b70e07239f7f1f649f6040f11af2b098e92b0f23ef900b123728651fc8a8,random_endpoints,random_endpoints,52445471917782066144587618844170033906,sorted,date,auto,1,40,40,repair,100000,1,111100
target/balance-work/smoke,2a72b70e07239f7f1f649f6040f11af2b098e92b0f23ef900b123728651fc8a8,random_endpoints,random_endpoints,52445471917782066144587618844170033906,sorted,date,auto,1,40,40,balanced,100000,1,84600
target/balance-work/smoke,2a72b70e07239f7f1f649f6040f11af2b098e92b0f23ef900b123728651fc8a8,random_endpoints,random_endpoints,52445471917782066144587618844170033906,sorted,date,auto,1,40,40,baseline,0,1,62100
target/balance-work/smoke,2a72b70e07239f7f1f649f6040f11af2b098e92b0f23ef900b123728651fc8a8,random_endpoints,random_endpoints,52445471917782066144587618844170033906,sorted,date,auto,1,40,40,baseline,0,2,63700
target/balance-work/smoke,2a72b70e07239f7f1f649f6040f11af2b098e92b0f23ef900b123728651fc8a8,random_endpoints,random_endpoints,52445471917782066144587618844170033906,sorted,date,auto,1,40,40,repair,100000,2,82900
target/balance-work/smoke,2a72b70e07239f7f1f649f6040f11af2b098e92b0f23ef900b123728651fc8a8,random_endpoints,random_endpoints,52445471917782066144587618844170033906,sorted,date,auto,1,40,40,balanced,100000,2,81300
target/balance-work/smoke,2a72b70e07239f7f1f649f6040f11af2b098e92b0f23ef900b123728651fc8a8,random_endpoints,random_endpoints,52445471917782066144587618844170033906,sorted,date,streaming,1,40,40,balanced,100000,0,184700
target/balance-work/smoke,2a72b70e07239f7f1f649f6040f11af2b098e92b0f23ef900b123728651fc8a8,random_endpoints,random_endpoints,52445471917782066144587618844170033906,sorted,date,streaming,1,40,40,baseline,0,0,175000
target/balance-work/smoke,2a72b70e07239f7f1f649f6040f11af2b098e92b0f23ef900b123728651fc8a8,random_endpoints,random_endpoints,52445471917782066144587618844170033906,sorted,date,streaming,1,40,40,repair,100000,0,193800
target/balance-work/smoke,2a72b70e07239f7f1f649f6040f11af2b098e92b0f23ef900b123728651fc8a8,random_endpoints,random_endpoints,52445471917782066144587618844170033906,sorted,date,streaming,1,40,40,balanced,100000,1,179000
target/balance-work/smoke,2a72b70e07239f7f1f649f6040f11af2b098e92b0f23ef900b123728651fc8a8,random_endpoints,random_endpoints,52445471917782066144587618844170033906,sorted,date,streaming,1,40,40,baseline,0,1,159500
target/balance-work/smoke,2a72b70e07239f7f1f649f6040f11af2b098e92b0f23ef900b123728651fc8a8,random_endpoints,random_endpoints,52445471917782066144587618844170033906,sorted,date,streaming,1,40,40,repair,100000,1,192900
target/balance-work/smoke,2a72b70e07239f7f1f649f6040f11af2b098e92b0f23ef900b123728651fc8a8,random_endpoints,random_endpoints,52445471917782066144587618844170033906,sorted,date,streaming,1,40,40,repair,100000,2,185900
target/balance-work/smoke,2a72b70e07239f7f1f649f6040f11af2b098e92b0f23ef900b123728651fc8a8,random_endpoints,random_endpoints,52445471917782066144587618844170033906,sorted,date,streaming,1,40,40,balanced,100000,2,238600
target/balance-work/smoke,2a72b70e07239f7f1f649f6040f11af2b098e92b0f23ef900b123728651fc8a8,random_endpoints,random_endpoints,52445471917782066144587618844170033906,sorted,date,streaming,1,40,40,baseline,0,2,155800
target/balance-work/smoke,2a72b70e07239f7f1f649f6040f11af2b098e92b0f23ef900b123728651fc8a8,random_endpoints,random_endpoints,52445471917782066144587618844170033906,sorted,datetime,auto,1,40,40,repair,100000,0,84500
target/balance-work/smoke,2a72b70e07239f7f1f649f6040f11af2b098e92b0f23ef900b123728651fc8a8,random_endpoints,random_endpoints,52445471917782066144587618844170033906,sorted,datetime,auto,1,40,40,balanced,100000,0,82400
target/balance-work/smoke,2a72b70e07239f7f1f649f6040f11af2b098e92b0f23ef900b123728651fc8a8,random_endpoints,random_endpoints,52445471917782066144587618844170033906,sorted,datetime,auto,1,40,40,baseline,0,0,63800
target/balance-work/smoke,2a72b70e07239f7f1f649f6040f11af2b098e92b0f23ef900b123728651fc8a8,random_endpoints,random_endpoints,52445471917782066144587618844170033906,sorted,datetime,auto,1,40,40,repair,100000,1,85600
target/balance-work/smoke,2a72b70e07239f7f1f649f6040f11af2b098e92b0f23ef900b123728651fc8a8,random_endpoints,random_endpoints,52445471917782066144587618844170033906,sorted,datetime,auto,1,40,40,balanced,100000,1,81300
target/balance-work/smoke,2a72b70e07239f7f1f649f6040f11af2b098e92b0f23ef900b123728651fc8a8,random_endpoints,random_endpoints,52445471917782066144587618844170033906,sorted,datetime,auto,1,40,40,baseline,0,1,71100
target/balance-work/smoke,2a72b70e07239f7f1f649f6040f11af2b098e92b0f23ef900b123728651fc8a8,random_endpoints,random_endpoints,52445471917782066144587618844170033906,sorted,datetime,auto,1,40,40,baseline,0,2,64300
target/balance-work/smoke,2a72b70e07239f7f1f649f6040f11af2b098e92b0f23ef900b123728651fc8a8,random_endpoints,random_endpoints,52445471917782066144587618844170033906,sorted,datetime,auto,1,40,40,repair,100000,2,81500
target/balance-work/smoke,2a72b70e07239f7f1f649f6040f11af2b098e92b0f23ef900b123728651fc8a8,random_endpoints,random_endpoints,52445471917782066144587618844170033906,sorted,datetime,auto,1,40,40,balanced,100000,2,80600
target/balance-work/smoke,2a72b70e07239f7f1f649f6040f11af2b098e92b0f23ef900b123728651fc8a8,random_endpoints,random_endpoints,52445471917782066144587618844170033906,sorted,datetime,streaming,1,40,40,repair,100000,0,227300
target/balance-work/smoke,2a72b70e07239f7f1f649f6040f11af2b098e92b0f23ef900b123728651fc8a8,random_endpoints,random_endpoints,52445471917782066144587618844170033906,sorted,datetime,streaming,1,40,40,balanced,100000,0,195900
target/balance-work/smoke,2a72b70e07239f7f1f649f6040f11af2b098e92b0f23ef900b123728651fc8a8,random_endpoints,random_endpoints,52445471917782066144587618844170033906,sorted,datetime,streaming,1,40,40,baseline,0,0,184200
target/balance-work/smoke,2a72b70e07239f7f1f649f6040f11af2b098e92b0f23ef900b123728651fc8a8,random_endpoints,random_endpoints,52445471917782066144587618844170033906,sorted,datetime,streaming,1,40,40,baseline,0,1,174900
target/balance-work/smoke,2a72b70e07239f7f1f649f6040f11af2b098e92b0f23ef900b123728651fc8a8,random_endpoints,random_endpoints,52445471917782066144587618844170033906,sorted,datetime,streaming,1,40,40,repair,100000,1,190800
target/balance-work/smoke,2a72b70e07239f7f1f649f6040f11af2b098e92b0f23ef900b123728651fc8a8,random_endpoints,random_endpoints,52445471917782066144587618844170033906,sorted,datetime,streaming,1,40,40,balanced,100000,1,192400
target/balance-work/smoke,2a72b70e07239f7f1f649f6040f11af2b098e92b0f23ef900b123728651fc8a8,random_endpoints,random_endpoints,52445471917782066144587618844170033906,sorted,datetime,streaming,1,40,40,balanced,100000,2,207500
target/balance-work/smoke,2a72b70e07239f7f1f649f6040f11af2b098e92b0f23ef900b123728651fc8a8,random_endpoints,random_endpoints,52445471917782066144587618844170033906,sorted,datetime,streaming,1,40,40,baseline,0,2,173700
target/balance-work/smoke,2a72b70e07239f7f1f649f6040f11af2b098e92b0f23ef900b123728651fc8a8,random_endpoints,random_endpoints,52445471917782066144587618844170033906,sorted,datetime,streaming,1,40,40,repair,100000,2,189000
target/balance-work/smoke,2a72b70e07239f7f1f649f6040f11af2b098e92b0f23ef900b123728651fc8a8,random_endpoints,random_endpoints,52445471917782066144587618844170033906,sorted,grouped,auto,4,160,40,repair,100000,0,183500
target/balance-work/smoke,2a72b70e07239f7f1f649f6040f11af2b098e92b0f23ef900b123728651fc8a8,random_endpoints,random_endpoints,52445471917782066144587618844170033906,sorted,grouped,auto,4,160,40,balanced,100000,0,180800
target/balance-work/smoke,2a72b70e07239f7f1f649f6040f11af2b098e92b0f23ef900b123728651fc8a8,random_endpoints,random_endpoints,52445471917782066144587618844170033906,sorted,grouped,auto,4,160,40,baseline,0,0,120300
target/balance-work/smoke,2a72b70e07239f7f1f649f6040f11af2b098e92b0f23ef900b123728651fc8a8,random_endpoints,random_endpoints,52445471917782066144587618844170033906,sorted,grouped,auto,4,160,40,repair,100000,1,182300
target/balance-work/smoke,2a72b70e07239f7f1f649f6040f11af2b098e92b0f23ef900b123728651fc8a8,random_endpoints,random_endpoints,52445471917782066144587618844170033906,sorted,grouped,auto,4,160,40,balanced,100000,1,174100
target/balance-work/smoke,2a72b70e07239f7f1f649f6040f11af2b098e92b0f23ef900b123728651fc8a8,random_endpoints,random_endpoints,52445471917782066144587618844170033906,sorted,grouped,auto,4,160,40,baseline,0,1,119300
target/balance-work/smoke,2a72b70e07239f7f1f649f6040f11af2b098e92b0f23ef900b123728651fc8a8,random_endpoints,random_endpoints,52445471917782066144587618844170033906,sorted,grouped,auto,4,160,40,repair,100000,2,178600
target/balance-work/smoke,2a72b70e07239f7f1f649f6040f11af2b098e92b0f23ef900b123728651fc8a8,random_endpoints,random_endpoints,52445471917782066144587618844170033906,sorted,grouped,auto,4,160,40,balanced,100000,2,172700
target/balance-work/smoke,2a72b70e07239f7f1f649f6040f11af2b098e92b0f23ef900b123728651fc8a8,random_endpoints,random_endpoints,52445471917782066144587618844170033906,sorted,grouped,auto,4,160,40,baseline,0,2,195500
target/balance-work/smoke,2a72b70e07239f7f1f649f6040f11af2b098e92b0f23ef900b123728651fc8a8,random_endpoints,random_endpoints,52445471917782066144587618844170033906,sorted,grouped,streaming,4,160,40,repair,100000,0,267600
target/balance-work/smoke,2a72b70e07239f7f1f649f6040f11af2b098e92b0f23ef900b123728651fc8a8,random_endpoints,random_endpoints,52445471917782066144587618844170033906,sorted,grouped,streaming,4,160,40,balanced,100000,0,254200
target/balance-work/smoke,2a72b70e07239f7f1f649f6040f11af2b098e92b0f23ef900b123728651fc8a8,random_endpoints,random_endpoints,52445471917782066144587618844170033906,sorted,grouped,streaming,4,160,40,baseline,0,0,355500
target/balance-work/smoke,2a72b70e07239f7f1f649f6040f11af2b098e92b0f23ef900b123728651fc8a8,random_endpoints,random_endpoints,52445471917782066144587618844170033906,sorted,grouped,streaming,4,160,40,balanced,100000,1,286300
target/balance-work/smoke,2a72b70e07239f7f1f649f6040f11af2b098e92b0f23ef900b123728651fc8a8,random_endpoints,random_endpoints,52445471917782066144587618844170033906,sorted,grouped,streaming,4,160,40,baseline,0,1,216500
target/balance-work/smoke,2a72b70e07239f7f1f649f6040f11af2b098e92b0f23ef900b123728651fc8a8,random_endpoints,random_endpoints,52445471917782066144587618844170033906,sorted,grouped,streaming,4,160,40,repair,100000,1,258400
target/balance-work/smoke,2a72b70e07239f7f1f649f6040f11af2b098e92b0f23ef900b123728651fc8a8,random_endpoints,random_endpoints,52445471917782066144587618844170033906,sorted,grouped,streaming,4,160,40,baseline,0,2,217300
target/balance-work/smoke,2a72b70e07239f7f1f649f6040f11af2b098e92b0f23ef900b123728651fc8a8,random_endpoints,random_endpoints,52445471917782066144587618844170033906,sorted,grouped,streaming,4,160,40,repair,100000,2,274800
target/balance-work/smoke,2a72b70e07239f7f1f649f6040f11af2b098e92b0f23ef900b123728651fc8a8,random_endpoints,random_endpoints,52445471917782066144587618844170033906,sorted,grouped,streaming,4,160,40,balanced,100000,2,260100
target/balance-work/smoke,2a72b70e07239f7f1f649f6040f11af2b098e92b0f23ef900b123728651fc8a8,random_endpoints,random_endpoints,52445471917782066144587618844170033906,sorted,sliced,auto,1,40,40,balanced,100000,0,81000
target/balance-work/smoke,2a72b70e07239f7f1f649f6040f11af2b098e92b0f23ef900b123728651fc8a8,random_endpoints,random_endpoints,52445471917782066144587618844170033906,sorted,sliced,auto,1,40,40,baseline,0,0,72800
target/balance-work/smoke,2a72b70e07239f7f1f649f6040f11af2b098e92b0f23ef900b123728651fc8a8,random_endpoints,random_endpoints,52445471917782066144587618844170033906,sorted,sliced,auto,1,40,40,repair,100000,0,80100
target/balance-work/smoke,2a72b70e07239f7f1f649f6040f11af2b098e92b0f23ef900b123728651fc8a8,random_endpoints,random_endpoints,52445471917782066144587618844170033906,sorted,sliced,auto,1,40,40,repair,100000,1,81300
target/balance-work/smoke,2a72b70e07239f7f1f649f6040f11af2b098e92b0f23ef900b123728651fc8a8,random_endpoints,random_endpoints,52445471917782066144587618844170033906,sorted,sliced,auto,1,40,40,balanced,100000,1,76000
target/balance-work/smoke,2a72b70e07239f7f1f649f6040f11af2b098e92b0f23ef900b123728651fc8a8,random_endpoints,random_endpoints,52445471917782066144587618844170033906,sorted,sliced,auto,1,40,40,baseline,0,1,57500
target/balance-work/smoke,2a72b70e07239f7f1f649f6040f11af2b098e92b0f23ef900b123728651fc8a8,random_endpoints,random_endpoints,52445471917782066144587618844170033906,sorted,sliced,auto,1,40,40,repair,100000,2,78900
target/balance-work/smoke,2a72b70e07239f7f1f649f6040f11af2b098e92b0f23ef900b123728651fc8a8,random_endpoints,random_endpoints,52445471917782066144587618844170033906,sorted,sliced,auto,1,40,40,balanced,100000,2,75800
target/balance-work/smoke,2a72b70e07239f7f1f649f6040f11af2b098e92b0f23ef900b123728651fc8a8,random_endpoints,random_endpoints,52445471917782066144587618844170033906,sorted,sliced,auto,1,40,40,baseline,0,2,64500
target/balance-work/smoke,2a72b70e07239f7f1f649f6040f11af2b098e92b0f23ef900b123728651fc8a8,random_endpoints,random_endpoints,52445471917782066144587618844170033906,sorted,sliced,streaming,1,40,40,baseline,0,0,172100
target/balance-work/smoke,2a72b70e07239f7f1f649f6040f11af2b098e92b0f23ef900b123728651fc8a8,random_endpoints,random_endpoints,52445471917782066144587618844170033906,sorted,sliced,streaming,1,40,40,repair,100000,0,190600
target/balance-work/smoke,2a72b70e07239f7f1f649f6040f11af2b098e92b0f23ef900b123728651fc8a8,random_endpoints,random_endpoints,52445471917782066144587618844170033906,sorted,sliced,streaming,1,40,40,balanced,100000,0,196000
target/balance-work/smoke,2a72b70e07239f7f1f649f6040f11af2b098e92b0f23ef900b123728651fc8a8,random_endpoints,random_endpoints,52445471917782066144587618844170033906,sorted,sliced,streaming,1,40,40,balanced,100000,1,189700
target/balance-work/smoke,2a72b70e07239f7f1f649f6040f11af2b098e92b0f23ef900b123728651fc8a8,random_endpoints,random_endpoints,52445471917782066144587618844170033906,sorted,sliced,streaming,1,40,40,baseline,0,1,156600
target/balance-work/smoke,2a72b70e07239f7f1f649f6040f11af2b098e92b0f23ef900b123728651fc8a8,random_endpoints,random_endpoints,52445471917782066144587618844170033906,sorted,sliced,streaming,1,40,40,repair,100000,1,185300
target/balance-work/smoke,2a72b70e07239f7f1f649f6040f11af2b098e92b0f23ef900b123728651fc8a8,random_endpoints,random_endpoints,52445471917782066144587618844170033906,sorted,sliced,streaming,1,40,40,balanced,100000,2,184200
target/balance-work/smoke,2a72b70e07239f7f1f649f6040f11af2b098e92b0f23ef900b123728651fc8a8,random_endpoints,random_endpoints,52445471917782066144587618844170033906,sorted,sliced,streaming,1,40,40,baseline,0,2,236300
target/balance-work/smoke,2a72b70e07239f7f1f649f6040f11af2b098e92b0f23ef900b123728651fc8a8,random_endpoints,random_endpoints,52445471917782066144587618844170033906,sorted,sliced,streaming,1,40,40,repair,100000,2,411900
target/balance-work/smoke,2a72b70e07239f7f1f649f6040f11af2b098e92b0f23ef900b123728651fc8a8,random_endpoints,random_endpoints,52445471917782066144587618844170033906,sorted,multi_chunk,auto,1,40,40,baseline,0,0,70700
target/balance-work/smoke,2a72b70e07239f7f1f649f6040f11af2b098e92b0f23ef900b123728651fc8a8,random_endpoints,random_endpoints,52445471917782066144587618844170033906,sorted,multi_chunk,auto,1,40,40,repair,100000,0,81600
target/balance-work/smoke,2a72b70e07239f7f1f649f6040f11af2b098e92b0f23ef900b123728651fc8a8,random_endpoints,random_endpoints,52445471917782066144587618844170033906,sorted,multi_chunk,auto,1,40,40,balanced,100000,0,82200
target/balance-work/smoke,2a72b70e07239f7f1f649f6040f11af2b098e92b0f23ef900b123728651fc8a8,random_endpoints,random_endpoints,52445471917782066144587618844170033906,sorted,multi_chunk,auto,1,40,40,balanced,100000,1,83800
target/balance-work/smoke,2a72b70e07239f7f1f649f6040f11af2b098e92b0f23ef900b123728651fc8a8,random_endpoints,random_endpoints,52445471917782066144587618844170033906,sorted,multi_chunk,auto,1,40,40,baseline,0,1,62300
target/balance-work/smoke,2a72b70e07239f7f1f649f6040f11af2b098e92b0f23ef900b123728651fc8a8,random_endpoints,random_endpoints,52445471917782066144587618844170033906,sorted,multi_chunk,auto,1,40,40,repair,100000,1,80500
target/balance-work/smoke,2a72b70e07239f7f1f649f6040f11af2b098e92b0f23ef900b123728651fc8a8,random_endpoints,random_endpoints,52445471917782066144587618844170033906,sorted,multi_chunk,auto,1,40,40,baseline,0,2,70500
target/balance-work/smoke,2a72b70e07239f7f1f649f6040f11af2b098e92b0f23ef900b123728651fc8a8,random_endpoints,random_endpoints,52445471917782066144587618844170033906,sorted,multi_chunk,auto,1,40,40,repair,100000,2,80700
target/balance-work/smoke,2a72b70e07239f7f1f649f6040f11af2b098e92b0f23ef900b123728651fc8a8,random_endpoints,random_endpoints,52445471917782066144587618844170033906,sorted,multi_chunk,auto,1,40,40,balanced,100000,2,80500
target/balance-work/smoke,2a72b70e07239f7f1f649f6040f11af2b098e92b0f23ef900b123728651fc8a8,random_endpoints,random_endpoints,52445471917782066144587618844170033906,sorted,multi_chunk,streaming,1,40,40,baseline,0,0,173000
target/balance-work/smoke,2a72b70e07239f7f1f649f6040f11af2b098e92b0f23ef900b123728651fc8a8,random_endpoints,random_endpoints,52445471917782066144587618844170033906,sorted,multi_chunk,streaming,1,40,40,repair,100000,0,199600
target/balance-work/smoke,2a72b70e07239f7f1f649f6040f11af2b098e92b0f23ef900b123728651fc8a8,random_endpoints,random_endpoints,52445471917782066144587618844170033906,sorted,multi_chunk,streaming,1,40,40,balanced,100000,0,184500
target/balance-work/smoke,2a72b70e07239f7f1f649f6040f11af2b098e92b0f23ef900b123728651fc8a8,random_endpoints,random_endpoints,52445471917782066144587618844170033906,sorted,multi_chunk,streaming,1,40,40,repair,100000,1,179700
target/balance-work/smoke,2a72b70e07239f7f1f649f6040f11af2b098e92b0f23ef900b123728651fc8a8,random_endpoints,random_endpoints,52445471917782066144587618844170033906,sorted,multi_chunk,streaming,1,40,40,balanced,100000,1,222500
target/balance-work/smoke,2a72b70e07239f7f1f649f6040f11af2b098e92b0f23ef900b123728651fc8a8,random_endpoints,random_endpoints,52445471917782066144587618844170033906,sorted,multi_chunk,streaming,1,40,40,baseline,0,1,179500
target/balance-work/smoke,2a72b70e07239f7f1f649f6040f11af2b098e92b0f23ef900b123728651fc8a8,random_endpoints,random_endpoints,52445471917782066144587618844170033906,sorted,multi_chunk,streaming,1,40,40,baseline,0,2,168900
target/balance-work/smoke,2a72b70e07239f7f1f649f6040f11af2b098e92b0f23ef900b123728651fc8a8,random_endpoints,random_endpoints,52445471917782066144587618844170033906,sorted,multi_chunk,streaming,1,40,40,repair,100000,2,174600
target/balance-work/smoke,2a72b70e07239f7f1f649f6040f11af2b098e92b0f23ef900b123728651fc8a8,random_endpoints,random_endpoints,52445471917782066144587618844170033906,sorted,multi_chunk,streaming,1,40,40,balanced,100000,2,262700
target/balance-work/smoke,473927de64b0e2dd4caaa9079e8463db261443e93449d29b31ac653d275c2fcf,random_endpoints,random_endpoints,52445471917782066144587618844170033906,shuffled,integer,auto,1,40,40,repair,100000,0,82700
target/balance-work/smoke,473927de64b0e2dd4caaa9079e8463db261443e93449d29b31ac653d275c2fcf,random_endpoints,random_endpoints,52445471917782066144587618844170033906,shuffled,integer,auto,1,40,40,balanced,100000,0,81700
target/balance-work/smoke,473927de64b0e2dd4caaa9079e8463db261443e93449d29b31ac653d275c2fcf,random_endpoints,random_endpoints,52445471917782066144587618844170033906,shuffled,integer,auto,1,40,40,baseline,0,0,60600
target/balance-work/smoke,473927de64b0e2dd4caaa9079e8463db261443e93449d29b31ac653d275c2fcf,random_endpoints,random_endpoints,52445471917782066144587618844170033906,shuffled,integer,auto,1,40,40,baseline,0,1,61800
target/balance-work/smoke,473927de64b0e2dd4caaa9079e8463db261443e93449d29b31ac653d275c2fcf,random_endpoints,random_endpoints,52445471917782066144587618844170033906,shuffled,integer,auto,1,40,40,repair,100000,1,80700
target/balance-work/smoke,473927de64b0e2dd4caaa9079e8463db261443e93449d29b31ac653d275c2fcf,random_endpoints,random_endpoints,52445471917782066144587618844170033906,shuffled,integer,auto,1,40,40,balanced,100000,1,81000
target/balance-work/smoke,473927de64b0e2dd4caaa9079e8463db261443e93449d29b31ac653d275c2fcf,random_endpoints,random_endpoints,52445471917782066144587618844170033906,shuffled,integer,auto,1,40,40,repair,100000,2,82800
target/balance-work/smoke,473927de64b0e2dd4caaa9079e8463db261443e93449d29b31ac653d275c2fcf,random_endpoints,random_endpoints,52445471917782066144587618844170033906,shuffled,integer,auto,1,40,40,balanced,100000,2,78600
target/balance-work/smoke,473927de64b0e2dd4caaa9079e8463db261443e93449d29b31ac653d275c2fcf,random_endpoints,random_endpoints,52445471917782066144587618844170033906,shuffled,integer,auto,1,40,40,baseline,0,2,59100
target/balance-work/smoke,473927de64b0e2dd4caaa9079e8463db261443e93449d29b31ac653d275c2fcf,random_endpoints,random_endpoints,52445471917782066144587618844170033906,shuffled,integer,streaming,1,40,40,baseline,0,0,220400
target/balance-work/smoke,473927de64b0e2dd4caaa9079e8463db261443e93449d29b31ac653d275c2fcf,random_endpoints,random_endpoints,52445471917782066144587618844170033906,shuffled,integer,streaming,1,40,40,repair,100000,0,225800
target/balance-work/smoke,473927de64b0e2dd4caaa9079e8463db261443e93449d29b31ac653d275c2fcf,random_endpoints,random_endpoints,52445471917782066144587618844170033906,shuffled,integer,streaming,1,40,40,balanced,100000,0,213300
target/balance-work/smoke,473927de64b0e2dd4caaa9079e8463db261443e93449d29b31ac653d275c2fcf,random_endpoints,random_endpoints,52445471917782066144587618844170033906,shuffled,integer,streaming,1,40,40,balanced,100000,1,201400
target/balance-work/smoke,473927de64b0e2dd4caaa9079e8463db261443e93449d29b31ac653d275c2fcf,random_endpoints,random_endpoints,52445471917782066144587618844170033906,shuffled,integer,streaming,1,40,40,baseline,0,1,168800
target/balance-work/smoke,473927de64b0e2dd4caaa9079e8463db261443e93449d29b31ac653d275c2fcf,random_endpoints,random_endpoints,52445471917782066144587618844170033906,shuffled,integer,streaming,1,40,40,repair,100000,1,212000
target/balance-work/smoke,473927de64b0e2dd4caaa9079e8463db261443e93449d29b31ac653d275c2fcf,random_endpoints,random_endpoints,52445471917782066144587618844170033906,shuffled,integer,streaming,1,40,40,baseline,0,2,168800
target/balance-work/smoke,473927de64b0e2dd4caaa9079e8463db261443e93449d29b31ac653d275c2fcf,random_endpoints,random_endpoints,52445471917782066144587618844170033906,shuffled,integer,streaming,1,40,40,repair,100000,2,189400
target/balance-work/smoke,473927de64b0e2dd4caaa9079e8463db261443e93449d29b31ac653d275c2fcf,random_endpoints,random_endpoints,52445471917782066144587618844170033906,shuffled,integer,streaming,1,40,40,balanced,100000,2,212100
target/balance-work/smoke,473927de64b0e2dd4caaa9079e8463db261443e93449d29b31ac653d275c2fcf,random_endpoints,random_endpoints,52445471917782066144587618844170033906,shuffled,date,auto,1,40,40,balanced,100000,0,83600
target/balance-work/smoke,473927de64b0e2dd4caaa9079e8463db261443e93449d29b31ac653d275c2fcf,random_endpoints,random_endpoints,52445471917782066144587618844170033906,shuffled,date,auto,1,40,40,baseline,0,0,86900
target/balance-work/smoke,473927de64b0e2dd4caaa9079e8463db261443e93449d29b31ac653d275c2fcf,random_endpoints,random_endpoints,52445471917782066144587618844170033906,shuffled,date,auto,1,40,40,repair,100000,0,97200
target/balance-work/smoke,473927de64b0e2dd4caaa9079e8463db261443e93449d29b31ac653d275c2fcf,random_endpoints,random_endpoints,52445471917782066144587618844170033906,shuffled,date,auto,1,40,40,repair,100000,1,90600
target/balance-work/smoke,473927de64b0e2dd4caaa9079e8463db261443e93449d29b31ac653d275c2fcf,random_endpoints,random_endpoints,52445471917782066144587618844170033906,shuffled,date,auto,1,40,40,balanced,100000,1,86800
target/balance-work/smoke,473927de64b0e2dd4caaa9079e8463db261443e93449d29b31ac653d275c2fcf,random_endpoints,random_endpoints,52445471917782066144587618844170033906,shuffled,date,auto,1,40,40,baseline,0,1,64100
target/balance-work/smoke,473927de64b0e2dd4caaa9079e8463db261443e93449d29b31ac653d275c2fcf,random_endpoints,random_endpoints,52445471917782066144587618844170033906,shuffled,date,auto,1,40,40,balanced,100000,2,86200
target/balance-work/smoke,473927de64b0e2dd4caaa9079e8463db261443e93449d29b31ac653d275c2fcf,random_endpoints,random_endpoints,52445471917782066144587618844170033906,shuffled,date,auto,1,40,40,baseline,0,2,62700
target/balance-work/smoke,473927de64b0e2dd4caaa9079e8463db261443e93449d29b31ac653d275c2fcf,random_endpoints,random_endpoints,52445471917782066144587618844170033906,shuffled,date,auto,1,40,40,repair,100000,2,81500
target/balance-work/smoke,473927de64b0e2dd4caaa9079e8463db261443e93449d29b31ac653d275c2fcf,random_endpoints,random_endpoints,52445471917782066144587618844170033906,shuffled,date,streaming,1,40,40,baseline,0,0,182100
target/balance-work/smoke,473927de64b0e2dd4caaa9079e8463db261443e93449d29b31ac653d275c2fcf,random_endpoints,random_endpoints,52445471917782066144587618844170033906,shuffled,date,streaming,1,40,40,repair,100000,0,291700
target/balance-work/smoke,473927de64b0e2dd4caaa9079e8463db261443e93449d29b31ac653d275c2fcf,random_endpoints,random_endpoints,52445471917782066144587618844170033906,shuffled,date,streaming,1,40,40,balanced,100000,0,223400
target/balance-work/smoke,473927de64b0e2dd4caaa9079e8463db261443e93449d29b31ac653d275c2fcf,random_endpoints,random_endpoints,52445471917782066144587618844170033906,shuffled,date,streaming,1,40,40,balanced,100000,1,219600
target/balance-work/smoke,473927de64b0e2dd4caaa9079e8463db261443e93449d29b31ac653d275c2fcf,random_endpoints,random_endpoints,52445471917782066144587618844170033906,shuffled,date,streaming,1,40,40,baseline,0,1,201800
target/balance-work/smoke,473927de64b0e2dd4caaa9079e8463db261443e93449d29b31ac653d275c2fcf,random_endpoints,random_endpoints,52445471917782066144587618844170033906,shuffled,date,streaming,1,40,40,repair,100000,1,222800
target/balance-work/smoke,473927de64b0e2dd4caaa9079e8463db261443e93449d29b31ac653d275c2fcf,random_endpoints,random_endpoints,52445471917782066144587618844170033906,shuffled,date,streaming,1,40,40,balanced,100000,2,218100
target/balance-work/smoke,473927de64b0e2dd4caaa9079e8463db261443e93449d29b31ac653d275c2fcf,random_endpoints,random_endpoints,52445471917782066144587618844170033906,shuffled,date,streaming,1,40,40,baseline,0,2,183900
target/balance-work/smoke,473927de64b0e2dd4caaa9079e8463db261443e93449d29b31ac653d275c2fcf,random_endpoints,random_endpoints,52445471917782066144587618844170033906,shuffled,date,streaming,1,40,40,repair,100000,2,199600
target/balance-work/smoke,473927de64b0e2dd4caaa9079e8463db261443e93449d29b31ac653d275c2fcf,random_endpoints,random_endpoints,52445471917782066144587618844170033906,shuffled,datetime,auto,1,40,40,balanced,100000,0,86700
target/balance-work/smoke,473927de64b0e2dd4caaa9079e8463db261443e93449d29b31ac653d275c2fcf,random_endpoints,random_endpoints,52445471917782066144587618844170033906,shuffled,datetime,auto,1,40,40,baseline,0,0,65000
target/balance-work/smoke,473927de64b0e2dd4caaa9079e8463db261443e93449d29b31ac653d275c2fcf,random_endpoints,random_endpoints,52445471917782066144587618844170033906,shuffled,datetime,auto,1,40,40,repair,100000,0,105600
target/balance-work/smoke,473927de64b0e2dd4caaa9079e8463db261443e93449d29b31ac653d275c2fcf,random_endpoints,random_endpoints,52445471917782066144587618844170033906,shuffled,datetime,auto,1,40,40,baseline,0,1,69800
target/balance-work/smoke,473927de64b0e2dd4caaa9079e8463db261443e93449d29b31ac653d275c2fcf,random_endpoints,random_endpoints,52445471917782066144587618844170033906,shuffled,datetime,auto,1,40,40,repair,100000,1,85300
target/balance-work/smoke,473927de64b0e2dd4caaa9079e8463db261443e93449d29b31ac653d275c2fcf,random_endpoints,random_endpoints,52445471917782066144587618844170033906,shuffled,datetime,auto,1,40,40,balanced,100000,1,86300
target/balance-work/smoke,473927de64b0e2dd4caaa9079e8463db261443e93449d29b31ac653d275c2fcf,random_endpoints,random_endpoints,52445471917782066144587618844170033906,shuffled,datetime,auto,1,40,40,balanced,100000,2,90900
target/balance-work/smoke,473927de64b0e2dd4caaa9079e8463db261443e93449d29b31ac653d275c2fcf,random_endpoints,random_endpoints,52445471917782066144587618844170033906,shuffled,datetime,auto,1,40,40,baseline,0,2,65500
target/balance-work/smoke,473927de64b0e2dd4caaa9079e8463db261443e93449d29b31ac653d275c2fcf,random_endpoints,random_endpoints,52445471917782066144587618844170033906,shuffled,datetime,auto,1,40,40,repair,100000,2,85400
target/balance-work/smoke,473927de64b0e2dd4caaa9079e8463db261443e93449d29b31ac653d275c2fcf,random_endpoints,random_endpoints,52445471917782066144587618844170033906,shuffled,datetime,streaming,1,40,40,balanced,100000,0,208600
target/balance-work/smoke,473927de64b0e2dd4caaa9079e8463db261443e93449d29b31ac653d275c2fcf,random_endpoints,random_endpoints,52445471917782066144587618844170033906,shuffled,datetime,streaming,1,40,40,baseline,0,0,251300
target/balance-work/smoke,473927de64b0e2dd4caaa9079e8463db261443e93449d29b31ac653d275c2fcf,random_endpoints,random_endpoints,52445471917782066144587618844170033906,shuffled,datetime,streaming,1,40,40,repair,100000,0,212500
target/balance-work/smoke,473927de64b0e2dd4caaa9079e8463db261443e93449d29b31ac653d275c2fcf,random_endpoints,random_endpoints,52445471917782066144587618844170033906,shuffled,datetime,streaming,1,40,40,repair,100000,1,203500
target/balance-work/smoke,473927de64b0e2dd4caaa9079e8463db261443e93449d29b31ac653d275c2fcf,random_endpoints,random_endpoints,52445471917782066144587618844170033906,shuffled,datetime,streaming,1,40,40,balanced,100000,1,202800
target/balance-work/smoke,473927de64b0e2dd4caaa9079e8463db261443e93449d29b31ac653d275c2fcf,random_endpoints,random_endpoints,52445471917782066144587618844170033906,shuffled,datetime,streaming,1,40,40,baseline,0,1,187500
target/balance-work/smoke,473927de64b0e2dd4caaa9079e8463db261443e93449d29b31ac653d275c2fcf,random_endpoints,random_endpoints,52445471917782066144587618844170033906,shuffled,datetime,streaming,1,40,40,balanced,100000,2,195000
target/balance-work/smoke,473927de64b0e2dd4caaa9079e8463db261443e93449d29b31ac653d275c2fcf,random_endpoints,random_endpoints,52445471917782066144587618844170033906,shuffled,datetime,streaming,1,40,40,baseline,0,2,178200
target/balance-work/smoke,473927de64b0e2dd4caaa9079e8463db261443e93449d29b31ac653d275c2fcf,random_endpoints,random_endpoints,52445471917782066144587618844170033906,shuffled,datetime,streaming,1,40,40,repair,100000,2,221900
target/balance-work/smoke,473927de64b0e2dd4caaa9079e8463db261443e93449d29b31ac653d275c2fcf,random_endpoints,random_endpoints,52445471917782066144587618844170033906,shuffled,grouped,auto,4,160,40,balanced,100000,0,208900
target/balance-work/smoke,473927de64b0e2dd4caaa9079e8463db261443e93449d29b31ac653d275c2fcf,random_endpoints,random_endpoints,52445471917782066144587618844170033906,shuffled,grouped,auto,4,160,40,baseline,0,0,123300
target/balance-work/smoke,473927de64b0e2dd4caaa9079e8463db261443e93449d29b31ac653d275c2fcf,random_endpoints,random_endpoints,52445471917782066144587618844170033906,shuffled,grouped,auto,4,160,40,repair,100000,0,187800
target/balance-work/smoke,473927de64b0e2dd4caaa9079e8463db261443e93449d29b31ac653d275c2fcf,random_endpoints,random_endpoints,52445471917782066144587618844170033906,shuffled,grouped,auto,4,160,40,baseline,0,1,127300
target/balance-work/smoke,473927de64b0e2dd4caaa9079e8463db261443e93449d29b31ac653d275c2fcf,random_endpoints,random_endpoints,52445471917782066144587618844170033906,shuffled,grouped,auto,4,160,40,repair,100000,1,188800
target/balance-work/smoke,473927de64b0e2dd4caaa9079e8463db261443e93449d29b31ac653d275c2fcf,random_endpoints,random_endpoints,52445471917782066144587618844170033906,shuffled,grouped,auto,4,160,40,balanced,100000,1,182500
target/balance-work/smoke,473927de64b0e2dd4caaa9079e8463db261443e93449d29b31ac653d275c2fcf,random_endpoints,random_endpoints,52445471917782066144587618844170033906,shuffled,grouped,auto,4,160,40,repair,100000,2,186300
target/balance-work/smoke,473927de64b0e2dd4caaa9079e8463db261443e93449d29b31ac653d275c2fcf,random_endpoints,random_endpoints,52445471917782066144587618844170033906,shuffled,grouped,auto,4,160,40,balanced,100000,2,207200
target/balance-work/smoke,473927de64b0e2dd4caaa9079e8463db261443e93449d29b31ac653d275c2fcf,random_endpoints,random_endpoints,52445471917782066144587618844170033906,shuffled,grouped,auto,4,160,40,baseline,0,2,121700
target/balance-work/smoke,473927de64b0e2dd4caaa9079e8463db261443e93449d29b31ac653d275c2fcf,random_endpoints,random_endpoints,52445471917782066144587618844170033906,shuffled,grouped,streaming,4,160,40,balanced,100000,0,258600
target/balance-work/smoke,473927de64b0e2dd4caaa9079e8463db261443e93449d29b31ac653d275c2fcf,random_endpoints,random_endpoints,52445471917782066144587618844170033906,shuffled,grouped,streaming,4,160,40,baseline,0,0,215700
target/balance-work/smoke,473927de64b0e2dd4caaa9079e8463db261443e93449d29b31ac653d275c2fcf,random_endpoints,random_endpoints,52445471917782066144587618844170033906,shuffled,grouped,streaming,4,160,40,repair,100000,0,277500
target/balance-work/smoke,473927de64b0e2dd4caaa9079e8463db261443e93449d29b31ac653d275c2fcf,random_endpoints,random_endpoints,52445471917782066144587618844170033906,shuffled,grouped,streaming,4,160,40,repair,100000,1,336000
target/balance-work/smoke,473927de64b0e2dd4caaa9079e8463db261443e93449d29b31ac653d275c2fcf,random_endpoints,random_endpoints,52445471917782066144587618844170033906,shuffled,grouped,streaming,4,160,40,balanced,100000,1,306000
target/balance-work/smoke,473927de64b0e2dd4caaa9079e8463db261443e93449d29b31ac653d275c2fcf,random_endpoints,random_endpoints,52445471917782066144587618844170033906,shuffled,grouped,streaming,4,160,40,baseline,0,1,304800
target/balance-work/smoke,473927de64b0e2dd4caaa9079e8463db261443e93449d29b31ac653d275c2fcf,random_endpoints,random_endpoints,52445471917782066144587618844170033906,shuffled,grouped,streaming,4,160,40,repair,100000,2,322200
target/balance-work/smoke,473927de64b0e2dd4caaa9079e8463db261443e93449d29b31ac653d275c2fcf,random_endpoints,random_endpoints,52445471917782066144587618844170033906,shuffled,grouped,streaming,4,160,40,balanced,100000,2,287100
target/balance-work/smoke,473927de64b0e2dd4caaa9079e8463db261443e93449d29b31ac653d275c2fcf,random_endpoints,random_endpoints,52445471917782066144587618844170033906,shuffled,grouped,streaming,4,160,40,baseline,0,2,205700
target/balance-work/smoke,473927de64b0e2dd4caaa9079e8463db261443e93449d29b31ac653d275c2fcf,random_endpoints,random_endpoints,52445471917782066144587618844170033906,shuffled,sliced,auto,1,40,40,balanced,100000,0,82400
target/balance-work/smoke,473927de64b0e2dd4caaa9079e8463db261443e93449d29b31ac653d275c2fcf,random_endpoints,random_endpoints,52445471917782066144587618844170033906,shuffled,sliced,auto,1,40,40,baseline,0,0,67500
target/balance-work/smoke,473927de64b0e2dd4caaa9079e8463db261443e93449d29b31ac653d275c2fcf,random_endpoints,random_endpoints,52445471917782066144587618844170033906,shuffled,sliced,auto,1,40,40,repair,100000,0,80100
target/balance-work/smoke,473927de64b0e2dd4caaa9079e8463db261443e93449d29b31ac653d275c2fcf,random_endpoints,random_endpoints,52445471917782066144587618844170033906,shuffled,sliced,auto,1,40,40,baseline,0,1,63100
target/balance-work/smoke,473927de64b0e2dd4caaa9079e8463db261443e93449d29b31ac653d275c2fcf,random_endpoints,random_endpoints,52445471917782066144587618844170033906,shuffled,sliced,auto,1,40,40,repair,100000,1,79200
target/balance-work/smoke,473927de64b0e2dd4caaa9079e8463db261443e93449d29b31ac653d275c2fcf,random_endpoints,random_endpoints,52445471917782066144587618844170033906,shuffled,sliced,auto,1,40,40,balanced,100000,1,80500
target/balance-work/smoke,473927de64b0e2dd4caaa9079e8463db261443e93449d29b31ac653d275c2fcf,random_endpoints,random_endpoints,52445471917782066144587618844170033906,shuffled,sliced,auto,1,40,40,repair,100000,2,83000
target/balance-work/smoke,473927de64b0e2dd4caaa9079e8463db261443e93449d29b31ac653d275c2fcf,random_endpoints,random_endpoints,52445471917782066144587618844170033906,shuffled,sliced,auto,1,40,40,balanced,100000,2,79400
target/balance-work/smoke,473927de64b0e2dd4caaa9079e8463db261443e93449d29b31ac653d275c2fcf,random_endpoints,random_endpoints,52445471917782066144587618844170033906,shuffled,sliced,auto,1,40,40,baseline,0,2,61600
target/balance-work/smoke,473927de64b0e2dd4caaa9079e8463db261443e93449d29b31ac653d275c2fcf,random_endpoints,random_endpoints,52445471917782066144587618844170033906,shuffled,sliced,streaming,1,40,40,repair,100000,0,199500
target/balance-work/smoke,473927de64b0e2dd4caaa9079e8463db261443e93449d29b31ac653d275c2fcf,random_endpoints,random_endpoints,52445471917782066144587618844170033906,shuffled,sliced,streaming,1,40,40,balanced,100000,0,186800
target/balance-work/smoke,473927de64b0e2dd4caaa9079e8463db261443e93449d29b31ac653d275c2fcf,random_endpoints,random_endpoints,52445471917782066144587618844170033906,shuffled,sliced,streaming,1,40,40,baseline,0,0,172500
target/balance-work/smoke,473927de64b0e2dd4caaa9079e8463db261443e93449d29b31ac653d275c2fcf,random_endpoints,random_endpoints,52445471917782066144587618844170033906,shuffled,sliced,streaming,1,40,40,baseline,0,1,171600
target/balance-work/smoke,473927de64b0e2dd4caaa9079e8463db261443e93449d29b31ac653d275c2fcf,random_endpoints,random_endpoints,52445471917782066144587618844170033906,shuffled,sliced,streaming,1,40,40,repair,100000,1,186300
target/balance-work/smoke,473927de64b0e2dd4caaa9079e8463db261443e93449d29b31ac653d275c2fcf,random_endpoints,random_endpoints,52445471917782066144587618844170033906,shuffled,sliced,streaming,1,40,40,balanced,100000,1,169400
target/balance-work/smoke,473927de64b0e2dd4caaa9079e8463db261443e93449d29b31ac653d275c2fcf,random_endpoints,random_endpoints,52445471917782066144587618844170033906,shuffled,sliced,streaming,1,40,40,baseline,0,2,169600
target/balance-work/smoke,473927de64b0e2dd4caaa9079e8463db261443e93449d29b31ac653d275c2fcf,random_endpoints,random_endpoints,52445471917782066144587618844170033906,shuffled,sliced,streaming,1,40,40,repair,100000,2,187400
target/balance-work/smoke,473927de64b0e2dd4caaa9079e8463db261443e93449d29b31ac653d275c2fcf,random_endpoints,random_endpoints,52445471917782066144587618844170033906,shuffled,sliced,streaming,1,40,40,balanced,100000,2,188600
target/balance-work/smoke,473927de64b0e2dd4caaa9079e8463db261443e93449d29b31ac653d275c2fcf,random_endpoints,random_endpoints,52445471917782066144587618844170033906,shuffled,multi_chunk,auto,1,40,40,repair,100000,0,82700
target/balance-work/smoke,473927de64b0e2dd4caaa9079e8463db261443e93449d29b31ac653d275c2fcf,random_endpoints,random_endpoints,52445471917782066144587618844170033906,shuffled,multi_chunk,auto,1,40,40,balanced,100000,0,81800
target/balance-work/smoke,473927de64b0e2dd4caaa9079e8463db261443e93449d29b31ac653d275c2fcf,random_endpoints,random_endpoints,52445471917782066144587618844170033906,shuffled,multi_chunk,auto,1,40,40,baseline,0,0,61500
target/balance-work/smoke,473927de64b0e2dd4caaa9079e8463db261443e93449d29b31ac653d275c2fcf,random_endpoints,random_endpoints,52445471917782066144587618844170033906,shuffled,multi_chunk,auto,1,40,40,baseline,0,1,62800
target/balance-work/smoke,473927de64b0e2dd4caaa9079e8463db261443e93449d29b31ac653d275c2fcf,random_endpoints,random_endpoints,52445471917782066144587618844170033906,shuffled,multi_chunk,auto,1,40,40,repair,100000,1,156800
target/balance-work/smoke,473927de64b0e2dd4caaa9079e8463db261443e93449d29b31ac653d275c2fcf,random_endpoints,random_endpoints,52445471917782066144587618844170033906,shuffled,multi_chunk,auto,1,40,40,balanced,100000,1,81700
target/balance-work/smoke,473927de64b0e2dd4caaa9079e8463db261443e93449d29b31ac653d275c2fcf,random_endpoints,random_endpoints,52445471917782066144587618844170033906,shuffled,multi_chunk,auto,1,40,40,baseline,0,2,63900
target/balance-work/smoke,473927de64b0e2dd4caaa9079e8463db261443e93449d29b31ac653d275c2fcf,random_endpoints,random_endpoints,52445471917782066144587618844170033906,shuffled,multi_chunk,auto,1,40,40,repair,100000,2,79400
target/balance-work/smoke,473927de64b0e2dd4caaa9079e8463db261443e93449d29b31ac653d275c2fcf,random_endpoints,random_endpoints,52445471917782066144587618844170033906,shuffled,multi_chunk,auto,1,40,40,balanced,100000,2,81100
target/balance-work/smoke,473927de64b0e2dd4caaa9079e8463db261443e93449d29b31ac653d275c2fcf,random_endpoints,random_endpoints,52445471917782066144587618844170033906,shuffled,multi_chunk,streaming,1,40,40,repair,100000,0,196000
target/balance-work/smoke,473927de64b0e2dd4caaa9079e8463db261443e93449d29b31ac653d275c2fcf,random_endpoints,random_endpoints,52445471917782066144587618844170033906,shuffled,multi_chunk,streaming,1,40,40,balanced,100000,0,186500
target/balance-work/smoke,473927de64b0e2dd4caaa9079e8463db261443e93449d29b31ac653d275c2fcf,random_endpoints,random_endpoints,52445471917782066144587618844170033906,shuffled,multi_chunk,streaming,1,40,40,baseline,0,0,165800
target/balance-work/smoke,473927de64b0e2dd4caaa9079e8463db261443e93449d29b31ac653d275c2fcf,random_endpoints,random_endpoints,52445471917782066144587618844170033906,shuffled,multi_chunk,streaming,1,40,40,repair,100000,1,361400
target/balance-work/smoke,473927de64b0e2dd4caaa9079e8463db261443e93449d29b31ac653d275c2fcf,random_endpoints,random_endpoints,52445471917782066144587618844170033906,shuffled,multi_chunk,streaming,1,40,40,balanced,100000,1,250800
target/balance-work/smoke,473927de64b0e2dd4caaa9079e8463db261443e93449d29b31ac653d275c2fcf,random_endpoints,random_endpoints,52445471917782066144587618844170033906,shuffled,multi_chunk,streaming,1,40,40,baseline,0,1,236900
target/balance-work/smoke,473927de64b0e2dd4caaa9079e8463db261443e93449d29b31ac653d275c2fcf,random_endpoints,random_endpoints,52445471917782066144587618844170033906,shuffled,multi_chunk,streaming,1,40,40,baseline,0,2,207700
target/balance-work/smoke,473927de64b0e2dd4caaa9079e8463db261443e93449d29b31ac653d275c2fcf,random_endpoints,random_endpoints,52445471917782066144587618844170033906,shuffled,multi_chunk,streaming,1,40,40,repair,100000,2,206200
target/balance-work/smoke,473927de64b0e2dd4caaa9079e8463db261443e93449d29b31ac653d275c2fcf,random_endpoints,random_endpoints,52445471917782066144587618844170033906,shuffled,multi_chunk,streaming,1,40,40,balanced,100000,2,188500
target/balance-work/smoke,6cbb139cc8e799a54f65dba537b443df912e3942b95895f71247b833098eda02,start_duration,start_duration,225444057804695624521883559701513853968,sorted,integer,auto,1,40,40,repair,100000,0,72300
target/balance-work/smoke,6cbb139cc8e799a54f65dba537b443df912e3942b95895f71247b833098eda02,start_duration,start_duration,225444057804695624521883559701513853968,sorted,integer,auto,1,40,40,balanced,100000,0,65600
target/balance-work/smoke,6cbb139cc8e799a54f65dba537b443df912e3942b95895f71247b833098eda02,start_duration,start_duration,225444057804695624521883559701513853968,sorted,integer,auto,1,40,40,baseline,0,0,57700
target/balance-work/smoke,6cbb139cc8e799a54f65dba537b443df912e3942b95895f71247b833098eda02,start_duration,start_duration,225444057804695624521883559701513853968,sorted,integer,auto,1,40,40,baseline,0,1,66200
target/balance-work/smoke,6cbb139cc8e799a54f65dba537b443df912e3942b95895f71247b833098eda02,start_duration,start_duration,225444057804695624521883559701513853968,sorted,integer,auto,1,40,40,repair,100000,1,71300
target/balance-work/smoke,6cbb139cc8e799a54f65dba537b443df912e3942b95895f71247b833098eda02,start_duration,start_duration,225444057804695624521883559701513853968,sorted,integer,auto,1,40,40,balanced,100000,1,64900
target/balance-work/smoke,6cbb139cc8e799a54f65dba537b443df912e3942b95895f71247b833098eda02,start_duration,start_duration,225444057804695624521883559701513853968,sorted,integer,auto,1,40,40,balanced,100000,2,67700
target/balance-work/smoke,6cbb139cc8e799a54f65dba537b443df912e3942b95895f71247b833098eda02,start_duration,start_duration,225444057804695624521883559701513853968,sorted,integer,auto,1,40,40,baseline,0,2,56600
target/balance-work/smoke,6cbb139cc8e799a54f65dba537b443df912e3942b95895f71247b833098eda02,start_duration,start_duration,225444057804695624521883559701513853968,sorted,integer,auto,1,40,40,repair,100000,2,68600
target/balance-work/smoke,6cbb139cc8e799a54f65dba537b443df912e3942b95895f71247b833098eda02,start_duration,start_duration,225444057804695624521883559701513853968,sorted,integer,streaming,1,40,40,baseline,0,0,165400
target/balance-work/smoke,6cbb139cc8e799a54f65dba537b443df912e3942b95895f71247b833098eda02,start_duration,start_duration,225444057804695624521883559701513853968,sorted,integer,streaming,1,40,40,repair,100000,0,177400
target/balance-work/smoke,6cbb139cc8e799a54f65dba537b443df912e3942b95895f71247b833098eda02,start_duration,start_duration,225444057804695624521883559701513853968,sorted,integer,streaming,1,40,40,balanced,100000,0,170200
target/balance-work/smoke,6cbb139cc8e799a54f65dba537b443df912e3942b95895f71247b833098eda02,start_duration,start_duration,225444057804695624521883559701513853968,sorted,integer,streaming,1,40,40,repair,100000,1,180200
target/balance-work/smoke,6cbb139cc8e799a54f65dba537b443df912e3942b95895f71247b833098eda02,start_duration,start_duration,225444057804695624521883559701513853968,sorted,integer,streaming,1,40,40,balanced,100000,1,164300
target/balance-work/smoke,6cbb139cc8e799a54f65dba537b443df912e3942b95895f71247b833098eda02,start_duration,start_duration,225444057804695624521883559701513853968,sorted,integer,streaming,1,40,40,baseline,0,1,161000
target/balance-work/smoke,6cbb139cc8e799a54f65dba537b443df912e3942b95895f71247b833098eda02,start_duration,start_duration,225444057804695624521883559701513853968,sorted,integer,streaming,1,40,40,baseline,0,2,158300
target/balance-work/smoke,6cbb139cc8e799a54f65dba537b443df912e3942b95895f71247b833098eda02,start_duration,start_duration,225444057804695624521883559701513853968,sorted,integer,streaming,1,40,40,repair,100000,2,174000
target/balance-work/smoke,6cbb139cc8e799a54f65dba537b443df912e3942b95895f71247b833098eda02,start_duration,start_duration,225444057804695624521883559701513853968,sorted,integer,streaming,1,40,40,balanced,100000,2,156200
target/balance-work/smoke,6cbb139cc8e799a54f65dba537b443df912e3942b95895f71247b833098eda02,start_duration,start_duration,225444057804695624521883559701513853968,sorted,date,auto,1,40,40,repair,100000,0,73400
target/balance-work/smoke,6cbb139cc8e799a54f65dba537b443df912e3942b95895f71247b833098eda02,start_duration,start_duration,225444057804695624521883559701513853968,sorted,date,auto,1,40,40,balanced,100000,0,68000
target/balance-work/smoke,6cbb139cc8e799a54f65dba537b443df912e3942b95895f71247b833098eda02,start_duration,start_duration,225444057804695624521883559701513853968,sorted,date,auto,1,40,40,baseline,0,0,122400
target/balance-work/smoke,6cbb139cc8e799a54f65dba537b443df912e3942b95895f71247b833098eda02,start_duration,start_duration,225444057804695624521883559701513853968,sorted,date,auto,1,40,40,baseline,0,1,64700
target/balance-work/smoke,6cbb139cc8e799a54f65dba537b443df912e3942b95895f71247b833098eda02,start_duration,start_duration,225444057804695624521883559701513853968,sorted,date,auto,1,40,40,repair,100000,1,73400
target/balance-work/smoke,6cbb139cc8e799a54f65dba537b443df912e3942b95895f71247b833098eda02,start_duration,start_duration,225444057804695624521883559701513853968,sorted,date,auto,1,40,40,balanced,100000,1,68900
target/balance-work/smoke,6cbb139cc8e799a54f65dba537b443df912e3942b95895f71247b833098eda02,start_duration,start_duration,225444057804695624521883559701513853968,sorted,date,auto,1,40,40,repair,100000,2,76300
target/balance-work/smoke,6cbb139cc8e799a54f65dba537b443df912e3942b95895f71247b833098eda02,start_duration,start_duration,225444057804695624521883559701513853968,sorted,date,auto,1,40,40,balanced,100000,2,68400
target/balance-work/smoke,6cbb139cc8e799a54f65dba537b443df912e3942b95895f71247b833098eda02,start_duration,start_duration,225444057804695624521883559701513853968,sorted,date,auto,1,40,40,baseline,0,2,60100
target/balance-work/smoke,6cbb139cc8e799a54f65dba537b443df912e3942b95895f71247b833098eda02,start_duration,start_duration,225444057804695624521883559701513853968,sorted,date,streaming,1,40,40,repair,100000,0,176800
target/balance-work/smoke,6cbb139cc8e799a54f65dba537b443df912e3942b95895f71247b833098eda02,start_duration,start_duration,225444057804695624521883559701513853968,sorted,date,streaming,1,40,40,balanced,100000,0,166800
target/balance-work/smoke,6cbb139cc8e799a54f65dba537b443df912e3942b95895f71247b833098eda02,start_duration,start_duration,225444057804695624521883559701513853968,sorted,date,streaming,1,40,40,baseline,0,0,147300
target/balance-work/smoke,6cbb139cc8e799a54f65dba537b443df912e3942b95895f71247b833098eda02,start_duration,start_duration,225444057804695624521883559701513853968,sorted,date,streaming,1,40,40,baseline,0,1,161600
target/balance-work/smoke,6cbb139cc8e799a54f65dba537b443df912e3942b95895f71247b833098eda02,start_duration,start_duration,225444057804695624521883559701513853968,sorted,date,streaming,1,40,40,repair,100000,1,176800
target/balance-work/smoke,6cbb139cc8e799a54f65dba537b443df912e3942b95895f71247b833098eda02,start_duration,start_duration,225444057804695624521883559701513853968,sorted,date,streaming,1,40,40,balanced,100000,1,174100
target/balance-work/smoke,6cbb139cc8e799a54f65dba537b443df912e3942b95895f71247b833098eda02,start_duration,start_duration,225444057804695624521883559701513853968,sorted,date,streaming,1,40,40,repair,100000,2,178300
target/balance-work/smoke,6cbb139cc8e799a54f65dba537b443df912e3942b95895f71247b833098eda02,start_duration,start_duration,225444057804695624521883559701513853968,sorted,date,streaming,1,40,40,balanced,100000,2,163100
target/balance-work/smoke,6cbb139cc8e799a54f65dba537b443df912e3942b95895f71247b833098eda02,start_duration,start_duration,225444057804695624521883559701513853968,sorted,date,streaming,1,40,40,baseline,0,2,181200
target/balance-work/smoke,6cbb139cc8e799a54f65dba537b443df912e3942b95895f71247b833098eda02,start_duration,start_duration,225444057804695624521883559701513853968,sorted,datetime,auto,1,40,40,balanced,100000,0,72300
target/balance-work/smoke,6cbb139cc8e799a54f65dba537b443df912e3942b95895f71247b833098eda02,start_duration,start_duration,225444057804695624521883559701513853968,sorted,datetime,auto,1,40,40,baseline,0,0,70100
target/balance-work/smoke,6cbb139cc8e799a54f65dba537b443df912e3942b95895f71247b833098eda02,start_duration,start_duration,225444057804695624521883559701513853968,sorted,datetime,auto,1,40,40,repair,100000,0,78200
target/balance-work/smoke,6cbb139cc8e799a54f65dba537b443df912e3942b95895f71247b833098eda02,start_duration,start_duration,225444057804695624521883559701513853968,sorted,datetime,auto,1,40,40,repair,100000,1,80100
target/balance-work/smoke,6cbb139cc8e799a54f65dba537b443df912e3942b95895f71247b833098eda02,start_duration,start_duration,225444057804695624521883559701513853968,sorted,datetime,auto,1,40,40,balanced,100000,1,72500
target/balance-work/smoke,6cbb139cc8e799a54f65dba537b443df912e3942b95895f71247b833098eda02,start_duration,start_duration,225444057804695624521883559701513853968,sorted,datetime,auto,1,40,40,baseline,0,1,63000
target/balance-work/smoke,6cbb139cc8e799a54f65dba537b443df912e3942b95895f71247b833098eda02,start_duration,start_duration,225444057804695624521883559701513853968,sorted,datetime,auto,1,40,40,baseline,0,2,65700
target/balance-work/smoke,6cbb139cc8e799a54f65dba537b443df912e3942b95895f71247b833098eda02,start_duration,start_duration,225444057804695624521883559701513853968,sorted,datetime,auto,1,40,40,repair,100000,2,76500
target/balance-work/smoke,6cbb139cc8e799a54f65dba537b443df912e3942b95895f71247b833098eda02,start_duration,start_duration,225444057804695624521883559701513853968,sorted,datetime,auto,1,40,40,balanced,100000,2,71000
target/balance-work/smoke,6cbb139cc8e799a54f65dba537b443df912e3942b95895f71247b833098eda02,start_duration,start_duration,225444057804695624521883559701513853968,sorted,datetime,streaming,1,40,40,repair,100000,0,187000
target/balance-work/smoke,6cbb139cc8e799a54f65dba537b443df912e3942b95895f71247b833098eda02,start_duration,start_duration,225444057804695624521883559701513853968,sorted,datetime,streaming,1,40,40,balanced,100000,0,180300
target/balance-work/smoke,6cbb139cc8e799a54f65dba537b443df912e3942b95895f71247b833098eda02,start_duration,start_duration,225444057804695624521883559701513853968,sorted,datetime,streaming,1,40,40,baseline,0,0,171000
target/balance-work/smoke,6cbb139cc8e799a54f65dba537b443df912e3942b95895f71247b833098eda02,start_duration,start_duration,225444057804695624521883559701513853968,sorted,datetime,streaming,1,40,40,balanced,100000,1,185800
target/balance-work/smoke,6cbb139cc8e799a54f65dba537b443df912e3942b95895f71247b833098eda02,start_duration,start_duration,225444057804695624521883559701513853968,sorted,datetime,streaming,1,40,40,baseline,0,1,197300
target/balance-work/smoke,6cbb139cc8e799a54f65dba537b443df912e3942b95895f71247b833098eda02,start_duration,start_duration,225444057804695624521883559701513853968,sorted,datetime,streaming,1,40,40,repair,100000,1,190800
target/balance-work/smoke,6cbb139cc8e799a54f65dba537b443df912e3942b95895f71247b833098eda02,start_duration,start_duration,225444057804695624521883559701513853968,sorted,datetime,streaming,1,40,40,baseline,0,2,185000
target/balance-work/smoke,6cbb139cc8e799a54f65dba537b443df912e3942b95895f71247b833098eda02,start_duration,start_duration,225444057804695624521883559701513853968,sorted,datetime,streaming,1,40,40,repair,100000,2,183100
target/balance-work/smoke,6cbb139cc8e799a54f65dba537b443df912e3942b95895f71247b833098eda02,start_duration,start_duration,225444057804695624521883559701513853968,sorted,datetime,streaming,1,40,40,balanced,100000,2,220700
target/balance-work/smoke,6cbb139cc8e799a54f65dba537b443df912e3942b95895f71247b833098eda02,start_duration,start_duration,225444057804695624521883559701513853968,sorted,grouped,auto,4,160,40,balanced,100000,0,156100
target/balance-work/smoke,6cbb139cc8e799a54f65dba537b443df912e3942b95895f71247b833098eda02,start_duration,start_duration,225444057804695624521883559701513853968,sorted,grouped,auto,4,160,40,baseline,0,0,146300
target/balance-work/smoke,6cbb139cc8e799a54f65dba537b443df912e3942b95895f71247b833098eda02,start_duration,start_duration,225444057804695624521883559701513853968,sorted,grouped,auto,4,160,40,repair,100000,0,169900
target/balance-work/smoke,6cbb139cc8e799a54f65dba537b443df912e3942b95895f71247b833098eda02,start_duration,start_duration,225444057804695624521883559701513853968,sorted,grouped,auto,4,160,40,repair,100000,1,166800
target/balance-work/smoke,6cbb139cc8e799a54f65dba537b443df912e3942b95895f71247b833098eda02,start_duration,start_duration,225444057804695624521883559701513853968,sorted,grouped,auto,4,160,40,balanced,100000,1,139800
target/balance-work/smoke,6cbb139cc8e799a54f65dba537b443df912e3942b95895f71247b833098eda02,start_duration,start_duration,225444057804695624521883559701513853968,sorted,grouped,auto,4,160,40,baseline,0,1,115400
target/balance-work/smoke,6cbb139cc8e799a54f65dba537b443df912e3942b95895f71247b833098eda02,start_duration,start_duration,225444057804695624521883559701513853968,sorted,grouped,auto,4,160,40,repair,100000,2,152700
target/balance-work/smoke,6cbb139cc8e799a54f65dba537b443df912e3942b95895f71247b833098eda02,start_duration,start_duration,225444057804695624521883559701513853968,sorted,grouped,auto,4,160,40,balanced,100000,2,141800
target/balance-work/smoke,6cbb139cc8e799a54f65dba537b443df912e3942b95895f71247b833098eda02,start_duration,start_duration,225444057804695624521883559701513853968,sorted,grouped,auto,4,160,40,baseline,0,2,123100
target/balance-work/smoke,6cbb139cc8e799a54f65dba537b443df912e3942b95895f71247b833098eda02,start_duration,start_duration,225444057804695624521883559701513853968,sorted,grouped,streaming,4,160,40,repair,100000,0,349000
target/balance-work/smoke,6cbb139cc8e799a54f65dba537b443df912e3942b95895f71247b833098eda02,start_duration,start_duration,225444057804695624521883559701513853968,sorted,grouped,streaming,4,160,40,balanced,100000,0,385200
target/balance-work/smoke,6cbb139cc8e799a54f65dba537b443df912e3942b95895f71247b833098eda02,start_duration,start_duration,225444057804695624521883559701513853968,sorted,grouped,streaming,4,160,40,baseline,0,0,273900
target/balance-work/smoke,6cbb139cc8e799a54f65dba537b443df912e3942b95895f71247b833098eda02,start_duration,start_duration,225444057804695624521883559701513853968,sorted,grouped,streaming,4,160,40,balanced,100000,1,282100
target/balance-work/smoke,6cbb139cc8e799a54f65dba537b443df912e3942b95895f71247b833098eda02,start_duration,start_duration,225444057804695624521883559701513853968,sorted,grouped,streaming,4,160,40,baseline,0,1,198700
target/balance-work/smoke,6cbb139cc8e799a54f65dba537b443df912e3942b95895f71247b833098eda02,start_duration,start_duration,225444057804695624521883559701513853968,sorted,grouped,streaming,4,160,40,repair,100000,1,234600
target/balance-work/smoke,6cbb139cc8e799a54f65dba537b443df912e3942b95895f71247b833098eda02,start_duration,start_duration,225444057804695624521883559701513853968,sorted,grouped,streaming,4,160,40,baseline,0,2,222500
target/balance-work/smoke,6cbb139cc8e799a54f65dba537b443df912e3942b95895f71247b833098eda02,start_duration,start_duration,225444057804695624521883559701513853968,sorted,grouped,streaming,4,160,40,repair,100000,2,235300
target/balance-work/smoke,6cbb139cc8e799a54f65dba537b443df912e3942b95895f71247b833098eda02,start_duration,start_duration,225444057804695624521883559701513853968,sorted,grouped,streaming,4,160,40,balanced,100000,2,194100
target/balance-work/smoke,6cbb139cc8e799a54f65dba537b443df912e3942b95895f71247b833098eda02,start_duration,start_duration,225444057804695624521883559701513853968,sorted,sliced,auto,1,40,40,balanced,100000,0,68100
target/balance-work/smoke,6cbb139cc8e799a54f65dba537b443df912e3942b95895f71247b833098eda02,start_duration,start_duration,225444057804695624521883559701513853968,sorted,sliced,auto,1,40,40,baseline,0,0,116500
target/balance-work/smoke,6cbb139cc8e799a54f65dba537b443df912e3942b95895f71247b833098eda02,start_duration,start_duration,225444057804695624521883559701513853968,sorted,sliced,auto,1,40,40,repair,100000,0,98700
target/balance-work/smoke,6cbb139cc8e799a54f65dba537b443df912e3942b95895f71247b833098eda02,start_duration,start_duration,225444057804695624521883559701513853968,sorted,sliced,auto,1,40,40,repair,100000,1,89200
target/balance-work/smoke,6cbb139cc8e799a54f65dba537b443df912e3942b95895f71247b833098eda02,start_duration,start_duration,225444057804695624521883559701513853968,sorted,sliced,auto,1,40,40,balanced,100000,1,79100
target/balance-work/smoke,6cbb139cc8e799a54f65dba537b443df912e3942b95895f71247b833098eda02,start_duration,start_duration,225444057804695624521883559701513853968,sorted,sliced,auto,1,40,40,baseline,0,1,65100
target/balance-work/smoke,6cbb139cc8e799a54f65dba537b443df912e3942b95895f71247b833098eda02,start_duration,start_duration,225444057804695624521883559701513853968,sorted,sliced,auto,1,40,40,balanced,100000,2,76100
target/balance-work/smoke,6cbb139cc8e799a54f65dba537b443df912e3942b95895f71247b833098eda02,start_duration,start_duration,225444057804695624521883559701513853968,sorted,sliced,auto,1,40,40,baseline,0,2,63500
target/balance-work/smoke,6cbb139cc8e799a54f65dba537b443df912e3942b95895f71247b833098eda02,start_duration,start_duration,225444057804695624521883559701513853968,sorted,sliced,auto,1,40,40,repair,100000,2,82700
target/balance-work/smoke,6cbb139cc8e799a54f65dba537b443df912e3942b95895f71247b833098eda02,start_duration,start_duration,225444057804695624521883559701513853968,sorted,sliced,streaming,1,40,40,baseline,0,0,167200
target/balance-work/smoke,6cbb139cc8e799a54f65dba537b443df912e3942b95895f71247b833098eda02,start_duration,start_duration,225444057804695624521883559701513853968,sorted,sliced,streaming,1,40,40,repair,100000,0,155300
target/balance-work/smoke,6cbb139cc8e799a54f65dba537b443df912e3942b95895f71247b833098eda02,start_duration,start_duration,225444057804695624521883559701513853968,sorted,sliced,streaming,1,40,40,balanced,100000,0,174200
target/balance-work/smoke,6cbb139cc8e799a54f65dba537b443df912e3942b95895f71247b833098eda02,start_duration,start_duration,225444057804695624521883559701513853968,sorted,sliced,streaming,1,40,40,balanced,100000,1,177200
target/balance-work/smoke,6cbb139cc8e799a54f65dba537b443df912e3942b95895f71247b833098eda02,start_duration,start_duration,225444057804695624521883559701513853968,sorted,sliced,streaming,1,40,40,baseline,0,1,143700
target/balance-work/smoke,6cbb139cc8e799a54f65dba537b443df912e3942b95895f71247b833098eda02,start_duration,start_duration,225444057804695624521883559701513853968,sorted,sliced,streaming,1,40,40,repair,100000,1,173500
target/balance-work/smoke,6cbb139cc8e799a54f65dba537b443df912e3942b95895f71247b833098eda02,start_duration,start_duration,225444057804695624521883559701513853968,sorted,sliced,streaming,1,40,40,balanced,100000,2,172000
target/balance-work/smoke,6cbb139cc8e799a54f65dba537b443df912e3942b95895f71247b833098eda02,start_duration,start_duration,225444057804695624521883559701513853968,sorted,sliced,streaming,1,40,40,baseline,0,2,158800
target/balance-work/smoke,6cbb139cc8e799a54f65dba537b443df912e3942b95895f71247b833098eda02,start_duration,start_duration,225444057804695624521883559701513853968,sorted,sliced,streaming,1,40,40,repair,100000,2,174500
target/balance-work/smoke,6cbb139cc8e799a54f65dba537b443df912e3942b95895f71247b833098eda02,start_duration,start_duration,225444057804695624521883559701513853968,sorted,multi_chunk,auto,1,40,40,balanced,100000,0,68600
target/balance-work/smoke,6cbb139cc8e799a54f65dba537b443df912e3942b95895f71247b833098eda02,start_duration,start_duration,225444057804695624521883559701513853968,sorted,multi_chunk,auto,1,40,40,baseline,0,0,73100
target/balance-work/smoke,6cbb139cc8e799a54f65dba537b443df912e3942b95895f71247b833098eda02,start_duration,start_duration,225444057804695624521883559701513853968,sorted,multi_chunk,auto,1,40,40,repair,100000,0,72600
target/balance-work/smoke,6cbb139cc8e799a54f65dba537b443df912e3942b95895f71247b833098eda02,start_duration,start_duration,225444057804695624521883559701513853968,sorted,multi_chunk,auto,1,40,40,baseline,0,1,62300
target/balance-work/smoke,6cbb139cc8e799a54f65dba537b443df912e3942b95895f71247b833098eda02,start_duration,start_duration,225444057804695624521883559701513853968,sorted,multi_chunk,auto,1,40,40,repair,100000,1,69400
target/balance-work/smoke,6cbb139cc8e799a54f65dba537b443df912e3942b95895f71247b833098eda02,start_duration,start_duration,225444057804695624521883559701513853968,sorted,multi_chunk,auto,1,40,40,balanced,100000,1,66300
target/balance-work/smoke,6cbb139cc8e799a54f65dba537b443df912e3942b95895f71247b833098eda02,start_duration,start_duration,225444057804695624521883559701513853968,sorted,multi_chunk,auto,1,40,40,repair,100000,2,74300
target/balance-work/smoke,6cbb139cc8e799a54f65dba537b443df912e3942b95895f71247b833098eda02,start_duration,start_duration,225444057804695624521883559701513853968,sorted,multi_chunk,auto,1,40,40,balanced,100000,2,66100
target/balance-work/smoke,6cbb139cc8e799a54f65dba537b443df912e3942b95895f71247b833098eda02,start_duration,start_duration,225444057804695624521883559701513853968,sorted,multi_chunk,auto,1,40,40,baseline,0,2,58300
target/balance-work/smoke,6cbb139cc8e799a54f65dba537b443df912e3942b95895f71247b833098eda02,start_duration,start_duration,225444057804695624521883559701513853968,sorted,multi_chunk,streaming,1,40,40,repair,100000,0,201500
target/balance-work/smoke,6cbb139cc8e799a54f65dba537b443df912e3942b95895f71247b833098eda02,start_duration,start_duration,225444057804695624521883559701513853968,sorted,multi_chunk,streaming,1,40,40,balanced,100000,0,169900
target/balance-work/smoke,6cbb139cc8e799a54f65dba537b443df912e3942b95895f71247b833098eda02,start_duration,start_duration,225444057804695624521883559701513853968,sorted,multi_chunk,streaming,1,40,40,baseline,0,0,179700
target/balance-work/smoke,6cbb139cc8e799a54f65dba537b443df912e3942b95895f71247b833098eda02,start_duration,start_duration,225444057804695624521883559701513853968,sorted,multi_chunk,streaming,1,40,40,balanced,100000,1,264800
target/balance-work/smoke,6cbb139cc8e799a54f65dba537b443df912e3942b95895f71247b833098eda02,start_duration,start_duration,225444057804695624521883559701513853968,sorted,multi_chunk,streaming,1,40,40,baseline,0,1,193500
target/balance-work/smoke,6cbb139cc8e799a54f65dba537b443df912e3942b95895f71247b833098eda02,start_duration,start_duration,225444057804695624521883559701513853968,sorted,multi_chunk,streaming,1,40,40,repair,100000,1,191900
target/balance-work/smoke,6cbb139cc8e799a54f65dba537b443df912e3942b95895f71247b833098eda02,start_duration,start_duration,225444057804695624521883559701513853968,sorted,multi_chunk,streaming,1,40,40,repair,100000,2,215100
target/balance-work/smoke,6cbb139cc8e799a54f65dba537b443df912e3942b95895f71247b833098eda02,start_duration,start_duration,225444057804695624521883559701513853968,sorted,multi_chunk,streaming,1,40,40,balanced,100000,2,188400
target/balance-work/smoke,6cbb139cc8e799a54f65dba537b443df912e3942b95895f71247b833098eda02,start_duration,start_duration,225444057804695624521883559701513853968,sorted,multi_chunk,streaming,1,40,40,baseline,0,2,173500
target/balance-work/smoke,26ef64e6f057eec9971eed4cd3fb30539118a198905b021124d71449ca9c7430,start_duration,start_duration,225444057804695624521883559701513853968,shuffled,integer,auto,1,40,40,repair,100000,0,75900
target/balance-work/smoke,26ef64e6f057eec9971eed4cd3fb30539118a198905b021124d71449ca9c7430,start_duration,start_duration,225444057804695624521883559701513853968,shuffled,integer,auto,1,40,40,balanced,100000,0,67000
target/balance-work/smoke,26ef64e6f057eec9971eed4cd3fb30539118a198905b021124d71449ca9c7430,start_duration,start_duration,225444057804695624521883559701513853968,shuffled,integer,auto,1,40,40,baseline,0,0,58200
target/balance-work/smoke,26ef64e6f057eec9971eed4cd3fb30539118a198905b021124d71449ca9c7430,start_duration,start_duration,225444057804695624521883559701513853968,shuffled,integer,auto,1,40,40,balanced,100000,1,68200
target/balance-work/smoke,26ef64e6f057eec9971eed4cd3fb30539118a198905b021124d71449ca9c7430,start_duration,start_duration,225444057804695624521883559701513853968,shuffled,integer,auto,1,40,40,baseline,0,1,57700
target/balance-work/smoke,26ef64e6f057eec9971eed4cd3fb30539118a198905b021124d71449ca9c7430,start_duration,start_duration,225444057804695624521883559701513853968,shuffled,integer,auto,1,40,40,repair,100000,1,70800
target/balance-work/smoke,26ef64e6f057eec9971eed4cd3fb30539118a198905b021124d71449ca9c7430,start_duration,start_duration,225444057804695624521883559701513853968,shuffled,integer,auto,1,40,40,baseline,0,2,63900
target/balance-work/smoke,26ef64e6f057eec9971eed4cd3fb30539118a198905b021124d71449ca9c7430,start_duration,start_duration,225444057804695624521883559701513853968,shuffled,integer,auto,1,40,40,repair,100000,2,73200
target/balance-work/smoke,26ef64e6f057eec9971eed4cd3fb30539118a198905b021124d71449ca9c7430,start_duration,start_duration,225444057804695624521883559701513853968,shuffled,integer,auto,1,40,40,balanced,100000,2,68800
target/balance-work/smoke,26ef64e6f057eec9971eed4cd3fb30539118a198905b021124d71449ca9c7430,start_duration,start_duration,225444057804695624521883559701513853968,shuffled,integer,streaming,1,40,40,baseline,0,0,159300
target/balance-work/smoke,26ef64e6f057eec9971eed4cd3fb30539118a198905b021124d71449ca9c7430,start_duration,start_duration,225444057804695624521883559701513853968,shuffled,integer,streaming,1,40,40,repair,100000,0,160400
target/balance-work/smoke,26ef64e6f057eec9971eed4cd3fb30539118a198905b021124d71449ca9c7430,start_duration,start_duration,225444057804695624521883559701513853968,shuffled,integer,streaming,1,40,40,balanced,100000,0,203600
target/balance-work/smoke,26ef64e6f057eec9971eed4cd3fb30539118a198905b021124d71449ca9c7430,start_duration,start_duration,225444057804695624521883559701513853968,shuffled,integer,streaming,1,40,40,balanced,100000,1,183000
target/balance-work/smoke,26ef64e6f057eec9971eed4cd3fb30539118a198905b021124d71449ca9c7430,start_duration,start_duration,225444057804695624521883559701513853968,shuffled,integer,streaming,1,40,40,baseline,0,1,161700
target/balance-work/smoke,26ef64e6f057eec9971eed4cd3fb30539118a198905b021124d71449ca9c7430,start_duration,start_duration,225444057804695624521883559701513853968,shuffled,integer,streaming,1,40,40,repair,100000,1,180200
target/balance-work/smoke,26ef64e6f057eec9971eed4cd3fb30539118a198905b021124d71449ca9c7430,start_duration,start_duration,225444057804695624521883559701513853968,shuffled,integer,streaming,1,40,40,repair,100000,2,187400
target/balance-work/smoke,26ef64e6f057eec9971eed4cd3fb30539118a198905b021124d71449ca9c7430,start_duration,start_duration,225444057804695624521883559701513853968,shuffled,integer,streaming,1,40,40,balanced,100000,2,200400
target/balance-work/smoke,26ef64e6f057eec9971eed4cd3fb30539118a198905b021124d71449ca9c7430,start_duration,start_duration,225444057804695624521883559701513853968,shuffled,integer,streaming,1,40,40,baseline,0,2,161200
target/balance-work/smoke,26ef64e6f057eec9971eed4cd3fb30539118a198905b021124d71449ca9c7430,start_duration,start_duration,225444057804695624521883559701513853968,shuffled,date,auto,1,40,40,balanced,100000,0,71500
target/balance-work/smoke,26ef64e6f057eec9971eed4cd3fb30539118a198905b021124d71449ca9c7430,start_duration,start_duration,225444057804695624521883559701513853968,shuffled,date,auto,1,40,40,baseline,0,0,60400
target/balance-work/smoke,26ef64e6f057eec9971eed4cd3fb30539118a198905b021124d71449ca9c7430,start_duration,start_duration,225444057804695624521883559701513853968,shuffled,date,auto,1,40,40,repair,100000,0,72900
target/balance-work/smoke,26ef64e6f057eec9971eed4cd3fb30539118a198905b021124d71449ca9c7430,start_duration,start_duration,225444057804695624521883559701513853968,shuffled,date,auto,1,40,40,balanced,100000,1,72400
target/balance-work/smoke,26ef64e6f057eec9971eed4cd3fb30539118a198905b021124d71449ca9c7430,start_duration,start_duration,225444057804695624521883559701513853968,shuffled,date,auto,1,40,40,baseline,0,1,60600
target/balance-work/smoke,26ef64e6f057eec9971eed4cd3fb30539118a198905b021124d71449ca9c7430,start_duration,start_duration,225444057804695624521883559701513853968,shuffled,date,auto,1,40,40,repair,100000,1,80900
target/balance-work/smoke,26ef64e6f057eec9971eed4cd3fb30539118a198905b021124d71449ca9c7430,start_duration,start_duration,225444057804695624521883559701513853968,shuffled,date,auto,1,40,40,balanced,100000,2,80500
target/balance-work/smoke,26ef64e6f057eec9971eed4cd3fb30539118a198905b021124d71449ca9c7430,start_duration,start_duration,225444057804695624521883559701513853968,shuffled,date,auto,1,40,40,baseline,0,2,62700
target/balance-work/smoke,26ef64e6f057eec9971eed4cd3fb30539118a198905b021124d71449ca9c7430,start_duration,start_duration,225444057804695624521883559701513853968,shuffled,date,auto,1,40,40,repair,100000,2,74200
target/balance-work/smoke,26ef64e6f057eec9971eed4cd3fb30539118a198905b021124d71449ca9c7430,start_duration,start_duration,225444057804695624521883559701513853968,shuffled,date,streaming,1,40,40,balanced,100000,0,166100
target/balance-work/smoke,26ef64e6f057eec9971eed4cd3fb30539118a198905b021124d71449ca9c7430,start_duration,start_duration,225444057804695624521883559701513853968,shuffled,date,streaming,1,40,40,baseline,0,0,161200
target/balance-work/smoke,26ef64e6f057eec9971eed4cd3fb30539118a198905b021124d71449ca9c7430,start_duration,start_duration,225444057804695624521883559701513853968,shuffled,date,streaming,1,40,40,repair,100000,0,179200
target/balance-work/smoke,26ef64e6f057eec9971eed4cd3fb30539118a198905b021124d71449ca9c7430,start_duration,start_duration,225444057804695624521883559701513853968,shuffled,date,streaming,1,40,40,repair,100000,1,180300
target/balance-work/smoke,26ef64e6f057eec9971eed4cd3fb30539118a198905b021124d71449ca9c7430,start_duration,start_duration,225444057804695624521883559701513853968,shuffled,date,streaming,1,40,40,balanced,100000,1,173500
target/balance-work/smoke,26ef64e6f057eec9971eed4cd3fb30539118a198905b021124d71449ca9c7430,start_duration,start_duration,225444057804695624521883559701513853968,shuffled,date,streaming,1,40,40,baseline,0,1,151000
target/balance-work/smoke,26ef64e6f057eec9971eed4cd3fb30539118a198905b021124d71449ca9c7430,start_duration,start_duration,225444057804695624521883559701513853968,shuffled,date,streaming,1,40,40,baseline,0,2,158700
target/balance-work/smoke,26ef64e6f057eec9971eed4cd3fb30539118a198905b021124d71449ca9c7430,start_duration,start_duration,225444057804695624521883559701513853968,shuffled,date,streaming,1,40,40,repair,100000,2,171100
target/balance-work/smoke,26ef64e6f057eec9971eed4cd3fb30539118a198905b021124d71449ca9c7430,start_duration,start_duration,225444057804695624521883559701513853968,shuffled,date,streaming,1,40,40,balanced,100000,2,142100
target/balance-work/smoke,26ef64e6f057eec9971eed4cd3fb30539118a198905b021124d71449ca9c7430,start_duration,start_duration,225444057804695624521883559701513853968,shuffled,datetime,auto,1,40,40,baseline,0,0,64800
target/balance-work/smoke,26ef64e6f057eec9971eed4cd3fb30539118a198905b021124d71449ca9c7430,start_duration,start_duration,225444057804695624521883559701513853968,shuffled,datetime,auto,1,40,40,repair,100000,0,78200
target/balance-work/smoke,26ef64e6f057eec9971eed4cd3fb30539118a198905b021124d71449ca9c7430,start_duration,start_duration,225444057804695624521883559701513853968,shuffled,datetime,auto,1,40,40,balanced,100000,0,74000
target/balance-work/smoke,26ef64e6f057eec9971eed4cd3fb30539118a198905b021124d71449ca9c7430,start_duration,start_duration,225444057804695624521883559701513853968,shuffled,datetime,auto,1,40,40,balanced,100000,1,77400
target/balance-work/smoke,26ef64e6f057eec9971eed4cd3fb30539118a198905b021124d71449ca9c7430,start_duration,start_duration,225444057804695624521883559701513853968,shuffled,datetime,auto,1,40,40,baseline,0,1,63900
target/balance-work/smoke,26ef64e6f057eec9971eed4cd3fb30539118a198905b021124d71449ca9c7430,start_duration,start_duration,225444057804695624521883559701513853968,shuffled,datetime,auto,1,40,40,repair,100000,1,78300
target/balance-work/smoke,26ef64e6f057eec9971eed4cd3fb30539118a198905b021124d71449ca9c7430,start_duration,start_duration,225444057804695624521883559701513853968,shuffled,datetime,auto,1,40,40,baseline,0,2,69900
target/balance-work/smoke,26ef64e6f057eec9971eed4cd3fb30539118a198905b021124d71449ca9c7430,start_duration,start_duration,225444057804695624521883559701513853968,shuffled,datetime,auto,1,40,40,repair,100000,2,76900
target/balance-work/smoke,26ef64e6f057eec9971eed4cd3fb30539118a198905b021124d71449ca9c7430,start_duration,start_duration,225444057804695624521883559701513853968,shuffled,datetime,auto,1,40,40,balanced,100000,2,72400
target/balance-work/smoke,26ef64e6f057eec9971eed4cd3fb30539118a198905b021124d71449ca9c7430,start_duration,start_duration,225444057804695624521883559701513853968,shuffled,datetime,streaming,1,40,40,repair,100000,0,187800
target/balance-work/smoke,26ef64e6f057eec9971eed4cd3fb30539118a198905b021124d71449ca9c7430,start_duration,start_duration,225444057804695624521883559701513853968,shuffled,datetime,streaming,1,40,40,balanced,100000,0,263500
target/balance-work/smoke,26ef64e6f057eec9971eed4cd3fb30539118a198905b021124d71449ca9c7430,start_duration,start_duration,225444057804695624521883559701513853968,shuffled,datetime,streaming,1,40,40,baseline,0,0,168100
target/balance-work/smoke,26ef64e6f057eec9971eed4cd3fb30539118a198905b021124d71449ca9c7430,start_duration,start_duration,225444057804695624521883559701513853968,shuffled,datetime,streaming,1,40,40,repair,100000,1,186000
target/balance-work/smoke,26ef64e6f057eec9971eed4cd3fb30539118a198905b021124d71449ca9c7430,start_duration,start_duration,225444057804695624521883559701513853968,shuffled,datetime,streaming,1,40,40,balanced,100000,1,178400
target/balance-work/smoke,26ef64e6f057eec9971eed4cd3fb30539118a198905b021124d71449ca9c7430,start_duration,start_duration,225444057804695624521883559701513853968,shuffled,datetime,streaming,1,40,40,baseline,0,1,149300
target/balance-work/smoke,26ef64e6f057eec9971eed4cd3fb30539118a198905b021124d71449ca9c7430,start_duration,start_duration,225444057804695624521883559701513853968,shuffled,datetime,streaming,1,40,40,balanced,100000,2,188800
target/balance-work/smoke,26ef64e6f057eec9971eed4cd3fb30539118a198905b021124d71449ca9c7430,start_duration,start_duration,225444057804695624521883559701513853968,shuffled,datetime,streaming,1,40,40,baseline,0,2,170500
target/balance-work/smoke,26ef64e6f057eec9971eed4cd3fb30539118a198905b021124d71449ca9c7430,start_duration,start_duration,225444057804695624521883559701513853968,shuffled,datetime,streaming,1,40,40,repair,100000,2,187700
target/balance-work/smoke,26ef64e6f057eec9971eed4cd3fb30539118a198905b021124d71449ca9c7430,start_duration,start_duration,225444057804695624521883559701513853968,shuffled,grouped,auto,4,160,40,balanced,100000,0,139900
target/balance-work/smoke,26ef64e6f057eec9971eed4cd3fb30539118a198905b021124d71449ca9c7430,start_duration,start_duration,225444057804695624521883559701513853968,shuffled,grouped,auto,4,160,40,baseline,0,0,145400
target/balance-work/smoke,26ef64e6f057eec9971eed4cd3fb30539118a198905b021124d71449ca9c7430,start_duration,start_duration,225444057804695624521883559701513853968,shuffled,grouped,auto,4,160,40,repair,100000,0,163700
target/balance-work/smoke,26ef64e6f057eec9971eed4cd3fb30539118a198905b021124d71449ca9c7430,start_duration,start_duration,225444057804695624521883559701513853968,shuffled,grouped,auto,4,160,40,repair,100000,1,167300
target/balance-work/smoke,26ef64e6f057eec9971eed4cd3fb30539118a198905b021124d71449ca9c7430,start_duration,start_duration,225444057804695624521883559701513853968,shuffled,grouped,auto,4,160,40,balanced,100000,1,143900
target/balance-work/smoke,26ef64e6f057eec9971eed4cd3fb30539118a198905b021124d71449ca9c7430,start_duration,start_duration,225444057804695624521883559701513853968,shuffled,grouped,auto,4,160,40,baseline,0,1,121400
target/balance-work/smoke,26ef64e6f057eec9971eed4cd3fb30539118a198905b021124d71449ca9c7430,start_duration,start_duration,225444057804695624521883559701513853968,shuffled,grouped,auto,4,160,40,repair,100000,2,153400
target/balance-work/smoke,26ef64e6f057eec9971eed4cd3fb30539118a198905b021124d71449ca9c7430,start_duration,start_duration,225444057804695624521883559701513853968,shuffled,grouped,auto,4,160,40,balanced,100000,2,140800
target/balance-work/smoke,26ef64e6f057eec9971eed4cd3fb30539118a198905b021124d71449ca9c7430,start_duration,start_duration,225444057804695624521883559701513853968,shuffled,grouped,auto,4,160,40,baseline,0,2,140400
target/balance-work/smoke,26ef64e6f057eec9971eed4cd3fb30539118a198905b021124d71449ca9c7430,start_duration,start_duration,225444057804695624521883559701513853968,shuffled,grouped,streaming,4,160,40,repair,100000,0,239400
target/balance-work/smoke,26ef64e6f057eec9971eed4cd3fb30539118a198905b021124d71449ca9c7430,start_duration,start_duration,225444057804695624521883559701513853968,shuffled,grouped,streaming,4,160,40,balanced,100000,0,220300
target/balance-work/smoke,26ef64e6f057eec9971eed4cd3fb30539118a198905b021124d71449ca9c7430,start_duration,start_duration,225444057804695624521883559701513853968,shuffled,grouped,streaming,4,160,40,baseline,0,0,226900
target/balance-work/smoke,26ef64e6f057eec9971eed4cd3fb30539118a198905b021124d71449ca9c7430,start_duration,start_duration,225444057804695624521883559701513853968,shuffled,grouped,streaming,4,160,40,repair,100000,1,255900
target/balance-work/smoke,26ef64e6f057eec9971eed4cd3fb30539118a198905b021124d71449ca9c7430,start_duration,start_duration,225444057804695624521883559701513853968,shuffled,grouped,streaming,4,160,40,balanced,100000,1,239300
target/balance-work/smoke,26ef64e6f057eec9971eed4cd3fb30539118a198905b021124d71449ca9c7430,start_duration,start_duration,225444057804695624521883559701513853968,shuffled,grouped,streaming,4,160,40,baseline,0,1,218300
target/balance-work/smoke,26ef64e6f057eec9971eed4cd3fb30539118a198905b021124d71449ca9c7430,start_duration,start_duration,225444057804695624521883559701513853968,shuffled,grouped,streaming,4,160,40,baseline,0,2,219600
target/balance-work/smoke,26ef64e6f057eec9971eed4cd3fb30539118a198905b021124d71449ca9c7430,start_duration,start_duration,225444057804695624521883559701513853968,shuffled,grouped,streaming,4,160,40,repair,100000,2,358300
target/balance-work/smoke,26ef64e6f057eec9971eed4cd3fb30539118a198905b021124d71449ca9c7430,start_duration,start_duration,225444057804695624521883559701513853968,shuffled,grouped,streaming,4,160,40,balanced,100000,2,253700
target/balance-work/smoke,26ef64e6f057eec9971eed4cd3fb30539118a198905b021124d71449ca9c7430,start_duration,start_duration,225444057804695624521883559701513853968,shuffled,sliced,auto,1,40,40,baseline,0,0,59600
target/balance-work/smoke,26ef64e6f057eec9971eed4cd3fb30539118a198905b021124d71449ca9c7430,start_duration,start_duration,225444057804695624521883559701513853968,shuffled,sliced,auto,1,40,40,repair,100000,0,72500
target/balance-work/smoke,26ef64e6f057eec9971eed4cd3fb30539118a198905b021124d71449ca9c7430,start_duration,start_duration,225444057804695624521883559701513853968,shuffled,sliced,auto,1,40,40,balanced,100000,0,67300
target/balance-work/smoke,26ef64e6f057eec9971eed4cd3fb30539118a198905b021124d71449ca9c7430,start_duration,start_duration,225444057804695624521883559701513853968,shuffled,sliced,auto,1,40,40,repair,100000,1,75200
target/balance-work/smoke,26ef64e6f057eec9971eed4cd3fb30539118a198905b021124d71449ca9c7430,start_duration,start_duration,225444057804695624521883559701513853968,shuffled,sliced,auto,1,40,40,balanced,100000,1,66700
target/balance-work/smoke,26ef64e6f057eec9971eed4cd3fb30539118a198905b021124d71449ca9c7430,start_duration,start_duration,225444057804695624521883559701513853968,shuffled,sliced,auto,1,40,40,baseline,0,1,62600
target/balance-work/smoke,26ef64e6f057eec9971eed4cd3fb30539118a198905b021124d71449ca9c7430,start_duration,start_duration,225444057804695624521883559701513853968,shuffled,sliced,auto,1,40,40,balanced,100000,2,68800
target/balance-work/smoke,26ef64e6f057eec9971eed4cd3fb30539118a198905b021124d71449ca9c7430,start_duration,start_duration,225444057804695624521883559701513853968,shuffled,sliced,auto,1,40,40,baseline,0,2,58000
target/balance-work/smoke,26ef64e6f057eec9971eed4cd3fb30539118a198905b021124d71449ca9c7430,start_duration,start_duration,225444057804695624521883559701513853968,shuffled,sliced,auto,1,40,40,repair,100000,2,70300
target/balance-work/smoke,26ef64e6f057eec9971eed4cd3fb30539118a198905b021124d71449ca9c7430,start_duration,start_duration,225444057804695624521883559701513853968,shuffled,sliced,streaming,1,40,40,baseline,0,0,186400
target/balance-work/smoke,26ef64e6f057eec9971eed4cd3fb30539118a198905b021124d71449ca9c7430,start_duration,start_duration,225444057804695624521883559701513853968,shuffled,sliced,streaming,1,40,40,repair,100000,0,196300
target/balance-work/smoke,26ef64e6f057eec9971eed4cd3fb30539118a198905b021124d71449ca9c7430,start_duration,start_duration,225444057804695624521883559701513853968,shuffled,sliced,streaming,1,40,40,balanced,100000,0,183000
target/balance-work/smoke,26ef64e6f057eec9971eed4cd3fb30539118a198905b021124d71449ca9c7430,start_duration,start_duration,225444057804695624521883559701513853968,shuffled,sliced,streaming,1,40,40,balanced,100000,1,167800
target/balance-work/smoke,26ef64e6f057eec9971eed4cd3fb30539118a198905b021124d71449ca9c7430,start_duration,start_duration,225444057804695624521883559701513853968,shuffled,sliced,streaming,1,40,40,baseline,0,1,164000
target/balance-work/smoke,26ef64e6f057eec9971eed4cd3fb30539118a198905b021124d71449ca9c7430,start_duration,start_duration,225444057804695624521883559701513853968,shuffled,sliced,streaming,1,40,40,repair,100000,1,178600
target/balance-work/smoke,26ef64e6f057eec9971eed4cd3fb30539118a198905b021124d71449ca9c7430,start_duration,start_duration,225444057804695624521883559701513853968,shuffled,sliced,streaming,1,40,40,baseline,0,2,167900
target/balance-work/smoke,26ef64e6f057eec9971eed4cd3fb30539118a198905b021124d71449ca9c7430,start_duration,start_duration,225444057804695624521883559701513853968,shuffled,sliced,streaming,1,40,40,repair,100000,2,171000
target/balance-work/smoke,26ef64e6f057eec9971eed4cd3fb30539118a198905b021124d71449ca9c7430,start_duration,start_duration,225444057804695624521883559701513853968,shuffled,sliced,streaming,1,40,40,balanced,100000,2,131100
target/balance-work/smoke,26ef64e6f057eec9971eed4cd3fb30539118a198905b021124d71449ca9c7430,start_duration,start_duration,225444057804695624521883559701513853968,shuffled,multi_chunk,auto,1,40,40,repair,100000,0,75700
target/balance-work/smoke,26ef64e6f057eec9971eed4cd3fb30539118a198905b021124d71449ca9c7430,start_duration,start_duration,225444057804695624521883559701513853968,shuffled,multi_chunk,auto,1,40,40,balanced,100000,0,68900
target/balance-work/smoke,26ef64e6f057eec9971eed4cd3fb30539118a198905b021124d71449ca9c7430,start_duration,start_duration,225444057804695624521883559701513853968,shuffled,multi_chunk,auto,1,40,40,baseline,0,0,60300
target/balance-work/smoke,26ef64e6f057eec9971eed4cd3fb30539118a198905b021124d71449ca9c7430,start_duration,start_duration,225444057804695624521883559701513853968,shuffled,multi_chunk,auto,1,40,40,baseline,0,1,62400
target/balance-work/smoke,26ef64e6f057eec9971eed4cd3fb30539118a198905b021124d71449ca9c7430,start_duration,start_duration,225444057804695624521883559701513853968,shuffled,multi_chunk,auto,1,40,40,repair,100000,1,73100
target/balance-work/smoke,26ef64e6f057eec9971eed4cd3fb30539118a198905b021124d71449ca9c7430,start_duration,start_duration,225444057804695624521883559701513853968,shuffled,multi_chunk,auto,1,40,40,balanced,100000,1,69200
target/balance-work/smoke,26ef64e6f057eec9971eed4cd3fb30539118a198905b021124d71449ca9c7430,start_duration,start_duration,225444057804695624521883559701513853968,shuffled,multi_chunk,auto,1,40,40,baseline,0,2,63000
target/balance-work/smoke,26ef64e6f057eec9971eed4cd3fb30539118a198905b021124d71449ca9c7430,start_duration,start_duration,225444057804695624521883559701513853968,shuffled,multi_chunk,auto,1,40,40,repair,100000,2,75200
target/balance-work/smoke,26ef64e6f057eec9971eed4cd3fb30539118a198905b021124d71449ca9c7430,start_duration,start_duration,225444057804695624521883559701513853968,shuffled,multi_chunk,auto,1,40,40,balanced,100000,2,67500
target/balance-work/smoke,26ef64e6f057eec9971eed4cd3fb30539118a198905b021124d71449ca9c7430,start_duration,start_duration,225444057804695624521883559701513853968,shuffled,multi_chunk,streaming,1,40,40,baseline,0,0,140800
target/balance-work/smoke,26ef64e6f057eec9971eed4cd3fb30539118a198905b021124d71449ca9c7430,start_duration,start_duration,225444057804695624521883559701513853968,shuffled,multi_chunk,streaming,1,40,40,repair,100000,0,176400
target/balance-work/smoke,26ef64e6f057eec9971eed4cd3fb30539118a198905b021124d71449ca9c7430,start_duration,start_duration,225444057804695624521883559701513853968,shuffled,multi_chunk,streaming,1,40,40,balanced,100000,0,164100
target/balance-work/smoke,26ef64e6f057eec9971eed4cd3fb30539118a198905b021124d71449ca9c7430,start_duration,start_duration,225444057804695624521883559701513853968,shuffled,multi_chunk,streaming,1,40,40,repair,100000,1,247100
target/balance-work/smoke,26ef64e6f057eec9971eed4cd3fb30539118a198905b021124d71449ca9c7430,start_duration,start_duration,225444057804695624521883559701513853968,shuffled,multi_chunk,streaming,1,40,40,balanced,100000,1,199100
target/balance-work/smoke,26ef64e6f057eec9971eed4cd3fb30539118a198905b021124d71449ca9c7430,start_duration,start_duration,225444057804695624521883559701513853968,shuffled,multi_chunk,streaming,1,40,40,baseline,0,1,164700
target/balance-work/smoke,26ef64e6f057eec9971eed4cd3fb30539118a198905b021124d71449ca9c7430,start_duration,start_duration,225444057804695624521883559701513853968,shuffled,multi_chunk,streaming,1,40,40,balanced,100000,2,200700
target/balance-work/smoke,26ef64e6f057eec9971eed4cd3fb30539118a198905b021124d71449ca9c7430,start_duration,start_duration,225444057804695624521883559701513853968,shuffled,multi_chunk,streaming,1,40,40,baseline,0,2,159100
target/balance-work/smoke,26ef64e6f057eec9971eed4cd3fb30539118a198905b021124d71449ca9c7430,start_duration,start_duration,225444057804695624521883559701513853968,shuffled,multi_chunk,streaming,1,40,40,repair,100000,2,215400
target/balance-work/smoke,5a9b57f45a8c30019752ad9b620d118f1f48de02f59cef85ddce3b4e1c20c248,fixed_duration,fixed_duration,224679981761851271149000026600539927167,sorted,integer,auto,1,40,40,repair,100000,0,77200
target/balance-work/smoke,5a9b57f45a8c30019752ad9b620d118f1f48de02f59cef85ddce3b4e1c20c248,fixed_duration,fixed_duration,224679981761851271149000026600539927167,sorted,integer,auto,1,40,40,balanced,100000,0,67400
target/balance-work/smoke,5a9b57f45a8c30019752ad9b620d118f1f48de02f59cef85ddce3b4e1c20c248,fixed_duration,fixed_duration,224679981761851271149000026600539927167,sorted,integer,auto,1,40,40,baseline,0,0,59200
target/balance-work/smoke,5a9b57f45a8c30019752ad9b620d118f1f48de02f59cef85ddce3b4e1c20c248,fixed_duration,fixed_duration,224679981761851271149000026600539927167,sorted,integer,auto,1,40,40,balanced,100000,1,68700
target/balance-work/smoke,5a9b57f45a8c30019752ad9b620d118f1f48de02f59cef85ddce3b4e1c20c248,fixed_duration,fixed_duration,224679981761851271149000026600539927167,sorted,integer,auto,1,40,40,baseline,0,1,59200
target/balance-work/smoke,5a9b57f45a8c30019752ad9b620d118f1f48de02f59cef85ddce3b4e1c20c248,fixed_duration,fixed_duration,224679981761851271149000026600539927167,sorted,integer,auto,1,40,40,repair,100000,1,68900
target/balance-work/smoke,5a9b57f45a8c30019752ad9b620d118f1f48de02f59cef85ddce3b4e1c20c248,fixed_duration,fixed_duration,224679981761851271149000026600539927167,sorted,integer,auto,1,40,40,repair,100000,2,73100
target/balance-work/smoke,5a9b57f45a8c30019752ad9b620d118f1f48de02f59cef85ddce3b4e1c20c248,fixed_duration,fixed_duration,224679981761851271149000026600539927167,sorted,integer,auto,1,40,40,balanced,100000,2,74700
target/balance-work/smoke,5a9b57f45a8c30019752ad9b620d118f1f48de02f59cef85ddce3b4e1c20c248,fixed_duration,fixed_duration,224679981761851271149000026600539927167,sorted,integer,auto,1,40,40,baseline,0,2,60400
target/balance-work/smoke,5a9b57f45a8c30019752ad9b620d118f1f48de02f59cef85ddce3b4e1c20c248,fixed_duration,fixed_duration,224679981761851271149000026600539927167,sorted,integer,streaming,1,40,40,repair,100000,0,183600
target/balance-work/smoke,5a9b57f45a8c30019752ad9b620d118f1f48de02f59cef85ddce3b4e1c20c248,fixed_duration,fixed_duration,224679981761851271149000026600539927167,sorted,integer,streaming,1,40,40,balanced,100000,0,170600
target/balance-work/smoke,5a9b57f45a8c30019752ad9b620d118f1f48de02f59cef85ddce3b4e1c20c248,fixed_duration,fixed_duration,224679981761851271149000026600539927167,sorted,integer,streaming,1,40,40,baseline,0,0,170500
target/balance-work/smoke,5a9b57f45a8c30019752ad9b620d118f1f48de02f59cef85ddce3b4e1c20c248,fixed_duration,fixed_duration,224679981761851271149000026600539927167,sorted,integer,streaming,1,40,40,balanced,100000,1,170800
target/balance-work/smoke,5a9b57f45a8c30019752ad9b620d118f1f48de02f59cef85ddce3b4e1c20c248,fixed_duration,fixed_duration,224679981761851271149000026600539927167,sorted,integer,streaming,1,40,40,baseline,0,1,151500
target/balance-work/smoke,5a9b57f45a8c30019752ad9b620d118f1f48de02f59cef85ddce3b4e1c20c248,fixed_duration,fixed_duration,224679981761851271149000026600539927167,sorted,integer,streaming,1,40,40,repair,100000,1,192100
target/balance-work/smoke,5a9b57f45a8c30019752ad9b620d118f1f48de02f59cef85ddce3b4e1c20c248,fixed_duration,fixed_duration,224679981761851271149000026600539927167,sorted,integer,streaming,1,40,40,balanced,100000,2,172100
target/balance-work/smoke,5a9b57f45a8c30019752ad9b620d118f1f48de02f59cef85ddce3b4e1c20c248,fixed_duration,fixed_duration,224679981761851271149000026600539927167,sorted,integer,streaming,1,40,40,baseline,0,2,156200
target/balance-work/smoke,5a9b57f45a8c30019752ad9b620d118f1f48de02f59cef85ddce3b4e1c20c248,fixed_duration,fixed_duration,224679981761851271149000026600539927167,sorted,integer,streaming,1,40,40,repair,100000,2,180600
target/balance-work/smoke,5a9b57f45a8c30019752ad9b620d118f1f48de02f59cef85ddce3b4e1c20c248,fixed_duration,fixed_duration,224679981761851271149000026600539927167,sorted,date,auto,1,40,40,repair,100000,0,72800
target/balance-work/smoke,5a9b57f45a8c30019752ad9b620d118f1f48de02f59cef85ddce3b4e1c20c248,fixed_duration,fixed_duration,224679981761851271149000026600539927167,sorted,date,auto,1,40,40,balanced,100000,0,67200
target/balance-work/smoke,5a9b57f45a8c30019752ad9b620d118f1f48de02f59cef85ddce3b4e1c20c248,fixed_duration,fixed_duration,224679981761851271149000026600539927167,sorted,date,auto,1,40,40,baseline,0,0,59200
target/balance-work/smoke,5a9b57f45a8c30019752ad9b620d118f1f48de02f59cef85ddce3b4e1c20c248,fixed_duration,fixed_duration,224679981761851271149000026600539927167,sorted,date,auto,1,40,40,baseline,0,1,61000
target/balance-work/smoke,5a9b57f45a8c30019752ad9b620d118f1f48de02f59cef85ddce3b4e1c20c248,fixed_duration,fixed_duration,224679981761851271149000026600539927167,sorted,date,auto,1,40,40,repair,100000,1,72800
target/balance-work/smoke,5a9b57f45a8c30019752ad9b620d118f1f48de02f59cef85ddce3b4e1c20c248,fixed_duration,fixed_duration,224679981761851271149000026600539927167,sorted,date,auto,1,40,40,balanced,100000,1,67300
target/balance-work/smoke,5a9b57f45a8c30019752ad9b620d118f1f48de02f59cef85ddce3b4e1c20c248,fixed_duration,fixed_duration,224679981761851271149000026600539927167,sorted,date,auto,1,40,40,repair,100000,2,73500
target/balance-work/smoke,5a9b57f45a8c30019752ad9b620d118f1f48de02f59cef85ddce3b4e1c20c248,fixed_duration,fixed_duration,224679981761851271149000026600539927167,sorted,date,auto,1,40,40,balanced,100000,2,66600
target/balance-work/smoke,5a9b57f45a8c30019752ad9b620d118f1f48de02f59cef85ddce3b4e1c20c248,fixed_duration,fixed_duration,224679981761851271149000026600539927167,sorted,date,auto,1,40,40,baseline,0,2,58900
target/balance-work/smoke,5a9b57f45a8c30019752ad9b620d118f1f48de02f59cef85ddce3b4e1c20c248,fixed_duration,fixed_duration,224679981761851271149000026600539927167,sorted,date,streaming,1,40,40,repair,100000,0,188000
target/balance-work/smoke,5a9b57f45a8c30019752ad9b620d118f1f48de02f59cef85ddce3b4e1c20c248,fixed_duration,fixed_duration,224679981761851271149000026600539927167,sorted,date,streaming,1,40,40,balanced,100000,0,175700
target/balance-work/smoke,5a9b57f45a8c30019752ad9b620d118f1f48de02f59cef85ddce3b4e1c20c248,fixed_duration,fixed_duration,224679981761851271149000026600539927167,sorted,date,streaming,1,40,40,baseline,0,0,146400
target/balance-work/smoke,5a9b57f45a8c30019752ad9b620d118f1f48de02f59cef85ddce3b4e1c20c248,fixed_duration,fixed_duration,224679981761851271149000026600539927167,sorted,date,streaming,1,40,40,repair,100000,1,247000
target/balance-work/smoke,5a9b57f45a8c30019752ad9b620d118f1f48de02f59cef85ddce3b4e1c20c248,fixed_duration,fixed_duration,224679981761851271149000026600539927167,sorted,date,streaming,1,40,40,balanced,100000,1,186600
target/balance-work/smoke,5a9b57f45a8c30019752ad9b620d118f1f48de02f59cef85ddce3b4e1c20c248,fixed_duration,fixed_duration,224679981761851271149000026600539927167,sorted,date,streaming,1,40,40,baseline,0,1,124100
target/balance-work/smoke,5a9b57f45a8c30019752ad9b620d118f1f48de02f59cef85ddce3b4e1c20c248,fixed_duration,fixed_duration,224679981761851271149000026600539927167,sorted,date,streaming,1,40,40,baseline,0,2,120500
target/balance-work/smoke,5a9b57f45a8c30019752ad9b620d118f1f48de02f59cef85ddce3b4e1c20c248,fixed_duration,fixed_duration,224679981761851271149000026600539927167,sorted,date,streaming,1,40,40,repair,100000,2,155900
target/balance-work/smoke,5a9b57f45a8c30019752ad9b620d118f1f48de02f59cef85ddce3b4e1c20c248,fixed_duration,fixed_duration,224679981761851271149000026600539927167,sorted,date,streaming,1,40,40,balanced,100000,2,144100
target/balance-work/smoke,5a9b57f45a8c30019752ad9b620d118f1f48de02f59cef85ddce3b4e1c20c248,fixed_duration,fixed_duration,224679981761851271149000026600539927167,sorted,datetime,auto,1,40,40,baseline,0,0,65000
target/balance-work/smoke,5a9b57f45a8c30019752ad9b620d118f1f48de02f59cef85ddce3b4e1c20c248,fixed_duration,fixed_duration,224679981761851271149000026600539927167,sorted,datetime,auto,1,40,40,repair,100000,0,72600
target/balance-work/smoke,5a9b57f45a8c30019752ad9b620d118f1f48de02f59cef85ddce3b4e1c20c248,fixed_duration,fixed_duration,224679981761851271149000026600539927167,sorted,datetime,auto,1,40,40,balanced,100000,0,68600
target/balance-work/smoke,5a9b57f45a8c30019752ad9b620d118f1f48de02f59cef85ddce3b4e1c20c248,fixed_duration,fixed_duration,224679981761851271149000026600539927167,sorted,datetime,auto,1,40,40,baseline,0,1,74700
target/balance-work/smoke,5a9b57f45a8c30019752ad9b620d118f1f48de02f59cef85ddce3b4e1c20c248,fixed_duration,fixed_duration,224679981761851271149000026600539927167,sorted,datetime,auto,1,40,40,repair,100000,1,82000
target/balance-work/smoke,5a9b57f45a8c30019752ad9b620d118f1f48de02f59cef85ddce3b4e1c20c248,fixed_duration,fixed_duration,224679981761851271149000026600539927167,sorted,datetime,auto,1,40,40,balanced,100000,1,70600
target/balance-work/smoke,5a9b57f45a8c30019752ad9b620d118f1f48de02f59cef85ddce3b4e1c20c248,fixed_duration,fixed_duration,224679981761851271149000026600539927167,sorted,datetime,auto,1,40,40,baseline,0,2,65900
target/balance-work/smoke,5a9b57f45a8c30019752ad9b620d118f1f48de02f59cef85ddce3b4e1c20c248,fixed_duration,fixed_duration,224679981761851271149000026600539927167,sorted,datetime,auto,1,40,40,repair,100000,2,93800
target/balance-work/smoke,5a9b57f45a8c30019752ad9b620d118f1f48de02f59cef85ddce3b4e1c20c248,fixed_duration,fixed_duration,224679981761851271149000026600539927167,sorted,datetime,auto,1,40,40,balanced,100000,2,72000
target/balance-work/smoke,5a9b57f45a8c30019752ad9b620d118f1f48de02f59cef85ddce3b4e1c20c248,fixed_duration,fixed_duration,224679981761851271149000026600539927167,sorted,datetime,streaming,1,40,40,balanced,100000,0,180600
target/balance-work/smoke,5a9b57f45a8c30019752ad9b620d118f1f48de02f59cef85ddce3b4e1c20c248,fixed_duration,fixed_duration,224679981761851271149000026600539927167,sorted,datetime,streaming,1,40,40,baseline,0,0,170300
target/balance-work/smoke,5a9b57f45a8c30019752ad9b620d118f1f48de02f59cef85ddce3b4e1c20c248,fixed_duration,fixed_duration,224679981761851271149000026600539927167,sorted,datetime,streaming,1,40,40,repair,100000,0,184100
target/balance-work/smoke,5a9b57f45a8c30019752ad9b620d118f1f48de02f59cef85ddce3b4e1c20c248,fixed_duration,fixed_duration,224679981761851271149000026600539927167,sorted,datetime,streaming,1,40,40,baseline,0,1,174800
target/balance-work/smoke,5a9b57f45a8c30019752ad9b620d118f1f48de02f59cef85ddce3b4e1c20c248,fixed_duration,fixed_duration,224679981761851271149000026600539927167,sorted,datetime,streaming,1,40,40,repair,100000,1,191200
target/balance-work/smoke,5a9b57f45a8c30019752ad9b620d118f1f48de02f59cef85ddce3b4e1c20c248,fixed_duration,fixed_duration,224679981761851271149000026600539927167,sorted,datetime,streaming,1,40,40,balanced,100000,1,173700
target/balance-work/smoke,5a9b57f45a8c30019752ad9b620d118f1f48de02f59cef85ddce3b4e1c20c248,fixed_duration,fixed_duration,224679981761851271149000026600539927167,sorted,datetime,streaming,1,40,40,baseline,0,2,189800
target/balance-work/smoke,5a9b57f45a8c30019752ad9b620d118f1f48de02f59cef85ddce3b4e1c20c248,fixed_duration,fixed_duration,224679981761851271149000026600539927167,sorted,datetime,streaming,1,40,40,repair,100000,2,193700
target/balance-work/smoke,5a9b57f45a8c30019752ad9b620d118f1f48de02f59cef85ddce3b4e1c20c248,fixed_duration,fixed_duration,224679981761851271149000026600539927167,sorted,datetime,streaming,1,40,40,balanced,100000,2,172600
target/balance-work/smoke,5a9b57f45a8c30019752ad9b620d118f1f48de02f59cef85ddce3b4e1c20c248,fixed_duration,fixed_duration,224679981761851271149000026600539927167,sorted,grouped,auto,4,160,40,balanced,100000,0,144300
target/balance-work/smoke,5a9b57f45a8c30019752ad9b620d118f1f48de02f59cef85ddce3b4e1c20c248,fixed_duration,fixed_duration,224679981761851271149000026600539927167,sorted,grouped,auto,4,160,40,baseline,0,0,122200
target/balance-work/smoke,5a9b57f45a8c30019752ad9b620d118f1f48de02f59cef85ddce3b4e1c20c248,fixed_duration,fixed_duration,224679981761851271149000026600539927167,sorted,grouped,auto,4,160,40,repair,100000,0,174000
target/balance-work/smoke,5a9b57f45a8c30019752ad9b620d118f1f48de02f59cef85ddce3b4e1c20c248,fixed_duration,fixed_duration,224679981761851271149000026600539927167,sorted,grouped,auto,4,160,40,balanced,100000,1,153700
target/balance-work/smoke,5a9b57f45a8c30019752ad9b620d118f1f48de02f59cef85ddce3b4e1c20c248,fixed_duration,fixed_duration,224679981761851271149000026600539927167,sorted,grouped,auto,4,160,40,baseline,0,1,139900
target/balance-work/smoke,5a9b57f45a8c30019752ad9b620d118f1f48de02f59cef85ddce3b4e1c20c248,fixed_duration,fixed_duration,224679981761851271149000026600539927167,sorted,grouped,auto,4,160,40,repair,100000,1,164700
target/balance-work/smoke,5a9b57f45a8c30019752ad9b620d118f1f48de02f59cef85ddce3b4e1c20c248,fixed_duration,fixed_duration,224679981761851271149000026600539927167,sorted,grouped,auto,4,160,40,baseline,0,2,134400
target/balance-work/smoke,5a9b57f45a8c30019752ad9b620d118f1f48de02f59cef85ddce3b4e1c20c248,fixed_duration,fixed_duration,224679981761851271149000026600539927167,sorted,grouped,auto,4,160,40,repair,100000,2,151100
target/balance-work/smoke,5a9b57f45a8c30019752ad9b620d118f1f48de02f59cef85ddce3b4e1c20c248,fixed_duration,fixed_duration,224679981761851271149000026600539927167,sorted,grouped,auto,4,160,40,balanced,100000,2,142300
target/balance-work/smoke,5a9b57f45a8c30019752ad9b620d118f1f48de02f59cef85ddce3b4e1c20c248,fixed_duration,fixed_duration,224679981761851271149000026600539927167,sorted,grouped,streaming,4,160,40,repair,100000,0,302600
target/balance-work/smoke,5a9b57f45a8c30019752ad9b620d118f1f48de02f59cef85ddce3b4e1c20c248,fixed_duration,fixed_duration,224679981761851271149000026600539927167,sorted,grouped,streaming,4,160,40,balanced,100000,0,225100
target/balance-work/smoke,5a9b57f45a8c30019752ad9b620d118f1f48de02f59cef85ddce3b4e1c20c248,fixed_duration,fixed_duration,224679981761851271149000026600539927167,sorted,grouped,streaming,4,160,40,baseline,0,0,214600
target/balance-work/smoke,5a9b57f45a8c30019752ad9b620d118f1f48de02f59cef85ddce3b4e1c20c248,fixed_duration,fixed_duration,224679981761851271149000026600539927167,sorted,grouped,streaming,4,160,40,balanced,100000,1,230400
target/balance-work/smoke,5a9b57f45a8c30019752ad9b620d118f1f48de02f59cef85ddce3b4e1c20c248,fixed_duration,fixed_duration,224679981761851271149000026600539927167,sorted,grouped,streaming,4,160,40,baseline,0,1,205900
target/balance-work/smoke,5a9b57f45a8c30019752ad9b620d118f1f48de02f59cef85ddce3b4e1c20c248,fixed_duration,fixed_duration,224679981761851271149000026600539927167,sorted,grouped,streaming,4,160,40,repair,100000,1,281900
target/balance-work/smoke,5a9b57f45a8c30019752ad9b620d118f1f48de02f59cef85ddce3b4e1c20c248,fixed_duration,fixed_duration,224679981761851271149000026600539927167,sorted,grouped,streaming,4,160,40,balanced,100000,2,362300
target/balance-work/smoke,5a9b57f45a8c30019752ad9b620d118f1f48de02f59cef85ddce3b4e1c20c248,fixed_duration,fixed_duration,224679981761851271149000026600539927167,sorted,grouped,streaming,4,160,40,baseline,0,2,243900
target/balance-work/smoke,5a9b57f45a8c30019752ad9b620d118f1f48de02f59cef85ddce3b4e1c20c248,fixed_duration,fixed_duration,224679981761851271149000026600539927167,sorted,grouped,streaming,4,160,40,repair,100000,2,303600
target/balance-work/smoke,5a9b57f45a8c30019752ad9b620d118f1f48de02f59cef85ddce3b4e1c20c248,fixed_duration,fixed_duration,224679981761851271149000026600539927167,sorted,sliced,auto,1,40,40,balanced,100000,0,68500
target/balance-work/smoke,5a9b57f45a8c30019752ad9b620d118f1f48de02f59cef85ddce3b4e1c20c248,fixed_duration,fixed_duration,224679981761851271149000026600539927167,sorted,sliced,auto,1,40,40,baseline,0,0,58600
target/balance-work/smoke,5a9b57f45a8c30019752ad9b620d118f1f48de02f59cef85ddce3b4e1c20c248,fixed_duration,fixed_duration,224679981761851271149000026600539927167,sorted,sliced,auto,1,40,40,repair,100000,0,67700
target/balance-work/smoke,5a9b57f45a8c30019752ad9b620d118f1f48de02f59cef85ddce3b4e1c20c248,fixed_duration,fixed_duration,224679981761851271149000026600539927167,sorted,sliced,auto,1,40,40,repair,100000,1,71800
target/balance-work/smoke,5a9b57f45a8c30019752ad9b620d118f1f48de02f59cef85ddce3b4e1c20c248,fixed_duration,fixed_duration,224679981761851271149000026600539927167,sorted,sliced,auto,1,40,40,balanced,100000,1,66900
target/balance-work/smoke,5a9b57f45a8c30019752ad9b620d118f1f48de02f59cef85ddce3b4e1c20c248,fixed_duration,fixed_duration,224679981761851271149000026600539927167,sorted,sliced,auto,1,40,40,baseline,0,1,57400
target/balance-work/smoke,5a9b57f45a8c30019752ad9b620d118f1f48de02f59cef85ddce3b4e1c20c248,fixed_duration,fixed_duration,224679981761851271149000026600539927167,sorted,sliced,auto,1,40,40,baseline,0,2,59900
target/balance-work/smoke,5a9b57f45a8c30019752ad9b620d118f1f48de02f59cef85ddce3b4e1c20c248,fixed_duration,fixed_duration,224679981761851271149000026600539927167,sorted,sliced,auto,1,40,40,repair,100000,2,67900
target/balance-work/smoke,5a9b57f45a8c30019752ad9b620d118f1f48de02f59cef85ddce3b4e1c20c248,fixed_duration,fixed_duration,224679981761851271149000026600539927167,sorted,sliced,auto,1,40,40,balanced,100000,2,64100
target/balance-work/smoke,5a9b57f45a8c30019752ad9b620d118f1f48de02f59cef85ddce3b4e1c20c248,fixed_duration,fixed_duration,224679981761851271149000026600539927167,sorted,sliced,streaming,1,40,40,baseline,0,0,149400
target/balance-work/smoke,5a9b57f45a8c30019752ad9b620d118f1f48de02f59cef85ddce3b4e1c20c248,fixed_duration,fixed_duration,224679981761851271149000026600539927167,sorted,sliced,streaming,1,40,40,repair,100000,0,177800
target/balance-work/smoke,5a9b57f45a8c30019752ad9b620d118f1f48de02f59cef85ddce3b4e1c20c248,fixed_duration,fixed_duration,224679981761851271149000026600539927167,sorted,sliced,streaming,1,40,40,balanced,100000,0,158400
target/balance-work/smoke,5a9b57f45a8c30019752ad9b620d118f1f48de02f59cef85ddce3b4e1c20c248,fixed_duration,fixed_duration,224679981761851271149000026600539927167,sorted,sliced,streaming,1,40,40,balanced,100000,1,165100
target/balance-work/smoke,5a9b57f45a8c30019752ad9b620d118f1f48de02f59cef85ddce3b4e1c20c248,fixed_duration,fixed_duration,224679981761851271149000026600539927167,sorted,sliced,streaming,1,40,40,baseline,0,1,152000
target/balance-work/smoke,5a9b57f45a8c30019752ad9b620d118f1f48de02f59cef85ddce3b4e1c20c248,fixed_duration,fixed_duration,224679981761851271149000026600539927167,sorted,sliced,streaming,1,40,40,repair,100000,1,178100
target/balance-work/smoke,5a9b57f45a8c30019752ad9b620d118f1f48de02f59cef85ddce3b4e1c20c248,fixed_duration,fixed_duration,224679981761851271149000026600539927167,sorted,sliced,streaming,1,40,40,balanced,100000,2,170000
target/balance-work/smoke,5a9b57f45a8c30019752ad9b620d118f1f48de02f59cef85ddce3b4e1c20c248,fixed_duration,fixed_duration,224679981761851271149000026600539927167,sorted,sliced,streaming,1,40,40,baseline,0,2,163800
target/balance-work/smoke,5a9b57f45a8c30019752ad9b620d118f1f48de02f59cef85ddce3b4e1c20c248,fixed_duration,fixed_duration,224679981761851271149000026600539927167,sorted,sliced,streaming,1,40,40,repair,100000,2,184300
target/balance-work/smoke,5a9b57f45a8c30019752ad9b620d118f1f48de02f59cef85ddce3b4e1c20c248,fixed_duration,fixed_duration,224679981761851271149000026600539927167,sorted,multi_chunk,auto,1,40,40,repair,100000,0,73800
target/balance-work/smoke,5a9b57f45a8c30019752ad9b620d118f1f48de02f59cef85ddce3b4e1c20c248,fixed_duration,fixed_duration,224679981761851271149000026600539927167,sorted,multi_chunk,auto,1,40,40,balanced,100000,0,68300
target/balance-work/smoke,5a9b57f45a8c30019752ad9b620d118f1f48de02f59cef85ddce3b4e1c20c248,fixed_duration,fixed_duration,224679981761851271149000026600539927167,sorted,multi_chunk,auto,1,40,40,baseline,0,0,60600
target/balance-work/smoke,5a9b57f45a8c30019752ad9b620d118f1f48de02f59cef85ddce3b4e1c20c248,fixed_duration,fixed_duration,224679981761851271149000026600539927167,sorted,multi_chunk,auto,1,40,40,repair,100000,1,72900
target/balance-work/smoke,5a9b57f45a8c30019752ad9b620d118f1f48de02f59cef85ddce3b4e1c20c248,fixed_duration,fixed_duration,224679981761851271149000026600539927167,sorted,multi_chunk,auto,1,40,40,balanced,100000,1,66700
target/balance-work/smoke,5a9b57f45a8c30019752ad9b620d118f1f48de02f59cef85ddce3b4e1c20c248,fixed_duration,fixed_duration,224679981761851271149000026600539927167,sorted,multi_chunk,auto,1,40,40,baseline,0,1,64000
target/balance-work/smoke,5a9b57f45a8c30019752ad9b620d118f1f48de02f59cef85ddce3b4e1c20c248,fixed_duration,fixed_duration,224679981761851271149000026600539927167,sorted,multi_chunk,auto,1,40,40,balanced,100000,2,69700
target/balance-work/smoke,5a9b57f45a8c30019752ad9b620d118f1f48de02f59cef85ddce3b4e1c20c248,fixed_duration,fixed_duration,224679981761851271149000026600539927167,sorted,multi_chunk,auto,1,40,40,baseline,0,2,59500
target/balance-work/smoke,5a9b57f45a8c30019752ad9b620d118f1f48de02f59cef85ddce3b4e1c20c248,fixed_duration,fixed_duration,224679981761851271149000026600539927167,sorted,multi_chunk,auto,1,40,40,repair,100000,2,68700
target/balance-work/smoke,5a9b57f45a8c30019752ad9b620d118f1f48de02f59cef85ddce3b4e1c20c248,fixed_duration,fixed_duration,224679981761851271149000026600539927167,sorted,multi_chunk,streaming,1,40,40,balanced,100000,0,169300
target/balance-work/smoke,5a9b57f45a8c30019752ad9b620d118f1f48de02f59cef85ddce3b4e1c20c248,fixed_duration,fixed_duration,224679981761851271149000026600539927167,sorted,multi_chunk,streaming,1,40,40,baseline,0,0,181600
target/balance-work/smoke,5a9b57f45a8c30019752ad9b620d118f1f48de02f59cef85ddce3b4e1c20c248,fixed_duration,fixed_duration,224679981761851271149000026600539927167,sorted,multi_chunk,streaming,1,40,40,repair,100000,0,211800
target/balance-work/smoke,5a9b57f45a8c30019752ad9b620d118f1f48de02f59cef85ddce3b4e1c20c248,fixed_duration,fixed_duration,224679981761851271149000026600539927167,sorted,multi_chunk,streaming,1,40,40,balanced,100000,1,183900
target/balance-work/smoke,5a9b57f45a8c30019752ad9b620d118f1f48de02f59cef85ddce3b4e1c20c248,fixed_duration,fixed_duration,224679981761851271149000026600539927167,sorted,multi_chunk,streaming,1,40,40,baseline,0,1,166600
target/balance-work/smoke,5a9b57f45a8c30019752ad9b620d118f1f48de02f59cef85ddce3b4e1c20c248,fixed_duration,fixed_duration,224679981761851271149000026600539927167,sorted,multi_chunk,streaming,1,40,40,repair,100000,1,169000
target/balance-work/smoke,5a9b57f45a8c30019752ad9b620d118f1f48de02f59cef85ddce3b4e1c20c248,fixed_duration,fixed_duration,224679981761851271149000026600539927167,sorted,multi_chunk,streaming,1,40,40,baseline,0,2,156900
target/balance-work/smoke,5a9b57f45a8c30019752ad9b620d118f1f48de02f59cef85ddce3b4e1c20c248,fixed_duration,fixed_duration,224679981761851271149000026600539927167,sorted,multi_chunk,streaming,1,40,40,repair,100000,2,177100
target/balance-work/smoke,5a9b57f45a8c30019752ad9b620d118f1f48de02f59cef85ddce3b4e1c20c248,fixed_duration,fixed_duration,224679981761851271149000026600539927167,sorted,multi_chunk,streaming,1,40,40,balanced,100000,2,165600
target/balance-work/smoke,a7209d9d855ab1e5f61f39a53993eb3e37e27ef53c4ba153caf4589e01f124a9,fixed_duration,fixed_duration,224679981761851271149000026600539927167,shuffled,integer,auto,1,40,40,repair,100000,0,83900
target/balance-work/smoke,a7209d9d855ab1e5f61f39a53993eb3e37e27ef53c4ba153caf4589e01f124a9,fixed_duration,fixed_duration,224679981761851271149000026600539927167,shuffled,integer,auto,1,40,40,balanced,100000,0,69900
target/balance-work/smoke,a7209d9d855ab1e5f61f39a53993eb3e37e27ef53c4ba153caf4589e01f124a9,fixed_duration,fixed_duration,224679981761851271149000026600539927167,shuffled,integer,auto,1,40,40,baseline,0,0,60900
target/balance-work/smoke,a7209d9d855ab1e5f61f39a53993eb3e37e27ef53c4ba153caf4589e01f124a9,fixed_duration,fixed_duration,224679981761851271149000026600539927167,shuffled,integer,auto,1,40,40,repair,100000,1,73600
target/balance-work/smoke,a7209d9d855ab1e5f61f39a53993eb3e37e27ef53c4ba153caf4589e01f124a9,fixed_duration,fixed_duration,224679981761851271149000026600539927167,shuffled,integer,auto,1,40,40,balanced,100000,1,66600
target/balance-work/smoke,a7209d9d855ab1e5f61f39a53993eb3e37e27ef53c4ba153caf4589e01f124a9,fixed_duration,fixed_duration,224679981761851271149000026600539927167,shuffled,integer,auto,1,40,40,baseline,0,1,57900
target/balance-work/smoke,a7209d9d855ab1e5f61f39a53993eb3e37e27ef53c4ba153caf4589e01f124a9,fixed_duration,fixed_duration,224679981761851271149000026600539927167,shuffled,integer,auto,1,40,40,baseline,0,2,60900
target/balance-work/smoke,a7209d9d855ab1e5f61f39a53993eb3e37e27ef53c4ba153caf4589e01f124a9,fixed_duration,fixed_duration,224679981761851271149000026600539927167,shuffled,integer,auto,1,40,40,repair,100000,2,72100
target/balance-work/smoke,a7209d9d855ab1e5f61f39a53993eb3e37e27ef53c4ba153caf4589e01f124a9,fixed_duration,fixed_duration,224679981761851271149000026600539927167,shuffled,integer,auto,1,40,40,balanced,100000,2,67200
target/balance-work/smoke,a7209d9d855ab1e5f61f39a53993eb3e37e27ef53c4ba153caf4589e01f124a9,fixed_duration,fixed_duration,224679981761851271149000026600539927167,shuffled,integer,streaming,1,40,40,baseline,0,0,172400
target/balance-work/smoke,a7209d9d855ab1e5f61f39a53993eb3e37e27ef53c4ba153caf4589e01f124a9,fixed_duration,fixed_duration,224679981761851271149000026600539927167,shuffled,integer,streaming,1,40,40,repair,100000,0,178100
target/balance-work/smoke,a7209d9d855ab1e5f61f39a53993eb3e37e27ef53c4ba153caf4589e01f124a9,fixed_duration,fixed_duration,224679981761851271149000026600539927167,shuffled,integer,streaming,1,40,40,balanced,100000,0,173600
target/balance-work/smoke,a7209d9d855ab1e5f61f39a53993eb3e37e27ef53c4ba153caf4589e01f124a9,fixed_duration,fixed_duration,224679981761851271149000026600539927167,shuffled,integer,streaming,1,40,40,baseline,0,1,158900
target/balance-work/smoke,a7209d9d855ab1e5f61f39a53993eb3e37e27ef53c4ba153caf4589e01f124a9,fixed_duration,fixed_duration,224679981761851271149000026600539927167,shuffled,integer,streaming,1,40,40,repair,100000,1,180700
target/balance-work/smoke,a7209d9d855ab1e5f61f39a53993eb3e37e27ef53c4ba153caf4589e01f124a9,fixed_duration,fixed_duration,224679981761851271149000026600539927167,shuffled,integer,streaming,1,40,40,balanced,100000,1,157300
target/balance-work/smoke,a7209d9d855ab1e5f61f39a53993eb3e37e27ef53c4ba153caf4589e01f124a9,fixed_duration,fixed_duration,224679981761851271149000026600539927167,shuffled,integer,streaming,1,40,40,balanced,100000,2,161400
target/balance-work/smoke,a7209d9d855ab1e5f61f39a53993eb3e37e27ef53c4ba153caf4589e01f124a9,fixed_duration,fixed_duration,224679981761851271149000026600539927167,shuffled,integer,streaming,1,40,40,baseline,0,2,153400
target/balance-work/smoke,a7209d9d855ab1e5f61f39a53993eb3e37e27ef53c4ba153caf4589e01f124a9,fixed_duration,fixed_duration,224679981761851271149000026600539927167,shuffled,integer,streaming,1,40,40,repair,100000,2,178600
target/balance-work/smoke,a7209d9d855ab1e5f61f39a53993eb3e37e27ef53c4ba153caf4589e01f124a9,fixed_duration,fixed_duration,224679981761851271149000026600539927167,shuffled,date,auto,1,40,40,baseline,0,0,59600
target/balance-work/smoke,a7209d9d855ab1e5f61f39a53993eb3e37e27ef53c4ba153caf4589e01f124a9,fixed_duration,fixed_duration,224679981761851271149000026600539927167,shuffled,date,auto,1,40,40,repair,100000,0,71700
target/balance-work/smoke,a7209d9d855ab1e5f61f39a53993eb3e37e27ef53c4ba153caf4589e01f124a9,fixed_duration,fixed_duration,224679981761851271149000026600539927167,shuffled,date,auto,1,40,40,balanced,100000,0,68000
target/balance-work/smoke,a7209d9d855ab1e5f61f39a53993eb3e37e27ef53c4ba153caf4589e01f124a9,fixed_duration,fixed_duration,224679981761851271149000026600539927167,shuffled,date,auto,1,40,40,repair,100000,1,77600
target/balance-work/smoke,a7209d9d855ab1e5f61f39a53993eb3e37e27ef53c4ba153caf4589e01f124a9,fixed_duration,fixed_duration,224679981761851271149000026600539927167,shuffled,date,auto,1,40,40,balanced,100000,1,82000
target/balance-work/smoke,a7209d9d855ab1e5f61f39a53993eb3e37e27ef53c4ba153caf4589e01f124a9,fixed_duration,fixed_duration,224679981761851271149000026600539927167,shuffled,date,auto,1,40,40,baseline,0,1,63500
target/balance-work/smoke,a7209d9d855ab1e5f61f39a53993eb3e37e27ef53c4ba153caf4589e01f124a9,fixed_duration,fixed_duration,224679981761851271149000026600539927167,shuffled,date,auto,1,40,40,baseline,0,2,62700
target/balance-work/smoke,a7209d9d855ab1e5f61f39a53993eb3e37e27ef53c4ba153caf4589e01f124a9,fixed_duration,fixed_duration,224679981761851271149000026600539927167,shuffled,date,auto,1,40,40,repair,100000,2,72300
target/balance-work/smoke,a7209d9d855ab1e5f61f39a53993eb3e37e27ef53c4ba153caf4589e01f124a9,fixed_duration,fixed_duration,224679981761851271149000026600539927167,shuffled,date,auto,1,40,40,balanced,100000,2,69400
target/balance-work/smoke,a7209d9d855ab1e5f61f39a53993eb3e37e27ef53c4ba153caf4589e01f124a9,fixed_duration,fixed_duration,224679981761851271149000026600539927167,shuffled,date,streaming,1,40,40,balanced,100000,0,179800
target/balance-work/smoke,a7209d9d855ab1e5f61f39a53993eb3e37e27ef53c4ba153caf4589e01f124a9,fixed_duration,fixed_duration,224679981761851271149000026600539927167,shuffled,date,streaming,1,40,40,baseline,0,0,208200
target/balance-work/smoke,a7209d9d855ab1e5f61f39a53993eb3e37e27ef53c4ba153caf4589e01f124a9,fixed_duration,fixed_duration,224679981761851271149000026600539927167,shuffled,date,streaming,1,40,40,repair,100000,0,177700
target/balance-work/smoke,a7209d9d855ab1e5f61f39a53993eb3e37e27ef53c4ba153caf4589e01f124a9,fixed_duration,fixed_duration,224679981761851271149000026600539927167,shuffled,date,streaming,1,40,40,baseline,0,1,171600
target/balance-work/smoke,a7209d9d855ab1e5f61f39a53993eb3e37e27ef53c4ba153caf4589e01f124a9,fixed_duration,fixed_duration,224679981761851271149000026600539927167,shuffled,date,streaming,1,40,40,repair,100000,1,215300
target/balance-work/smoke,a7209d9d855ab1e5f61f39a53993eb3e37e27ef53c4ba153caf4589e01f124a9,fixed_duration,fixed_duration,224679981761851271149000026600539927167,shuffled,date,streaming,1,40,40,balanced,100000,1,166500
target/balance-work/smoke,a7209d9d855ab1e5f61f39a53993eb3e37e27ef53c4ba153caf4589e01f124a9,fixed_duration,fixed_duration,224679981761851271149000026600539927167,shuffled,date,streaming,1,40,40,repair,100000,2,167800
target/balance-work/smoke,a7209d9d855ab1e5f61f39a53993eb3e37e27ef53c4ba153caf4589e01f124a9,fixed_duration,fixed_duration,224679981761851271149000026600539927167,shuffled,date,streaming,1,40,40,balanced,100000,2,168700
target/balance-work/smoke,a7209d9d855ab1e5f61f39a53993eb3e37e27ef53c4ba153caf4589e01f124a9,fixed_duration,fixed_duration,224679981761851271149000026600539927167,shuffled,date,streaming,1,40,40,baseline,0,2,171500
target/balance-work/smoke,a7209d9d855ab1e5f61f39a53993eb3e37e27ef53c4ba153caf4589e01f124a9,fixed_duration,fixed_duration,224679981761851271149000026600539927167,shuffled,datetime,auto,1,40,40,repair,100000,0,78500
target/balance-work/smoke,a7209d9d855ab1e5f61f39a53993eb3e37e27ef53c4ba153caf4589e01f124a9,fixed_duration,fixed_duration,224679981761851271149000026600539927167,shuffled,datetime,auto,1,40,40,balanced,100000,0,71800
target/balance-work/smoke,a7209d9d855ab1e5f61f39a53993eb3e37e27ef53c4ba153caf4589e01f124a9,fixed_duration,fixed_duration,224679981761851271149000026600539927167,shuffled,datetime,auto,1,40,40,baseline,0,0,62100
target/balance-work/smoke,a7209d9d855ab1e5f61f39a53993eb3e37e27ef53c4ba153caf4589e01f124a9,fixed_duration,fixed_duration,224679981761851271149000026600539927167,shuffled,datetime,auto,1,40,40,balanced,100000,1,72900
target/balance-work/smoke,a7209d9d855ab1e5f61f39a53993eb3e37e27ef53c4ba153caf4589e01f124a9,fixed_duration,fixed_duration,224679981761851271149000026600539927167,shuffled,datetime,auto,1,40,40,baseline,0,1,134300
target/balance-work/smoke,a7209d9d855ab1e5f61f39a53993eb3e37e27ef53c4ba153caf4589e01f124a9,fixed_duration,fixed_duration,224679981761851271149000026600539927167,shuffled,datetime,auto,1,40,40,repair,100000,1,77400
target/balance-work/smoke,a7209d9d855ab1e5f61f39a53993eb3e37e27ef53c4ba153caf4589e01f124a9,fixed_duration,fixed_duration,224679981761851271149000026600539927167,shuffled,datetime,auto,1,40,40,repair,100000,2,79900
target/balance-work/smoke,a7209d9d855ab1e5f61f39a53993eb3e37e27ef53c4ba153caf4589e01f124a9,fixed_duration,fixed_duration,224679981761851271149000026600539927167,shuffled,datetime,auto,1,40,40,balanced,100000,2,71900
target/balance-work/smoke,a7209d9d855ab1e5f61f39a53993eb3e37e27ef53c4ba153caf4589e01f124a9,fixed_duration,fixed_duration,224679981761851271149000026600539927167,shuffled,datetime,auto,1,40,40,baseline,0,2,61800
target/balance-work/smoke,a7209d9d855ab1e5f61f39a53993eb3e37e27ef53c4ba153caf4589e01f124a9,fixed_duration,fixed_duration,224679981761851271149000026600539927167,shuffled,datetime,streaming,1,40,40,baseline,0,0,307900
target/balance-work/smoke,a7209d9d855ab1e5f61f39a53993eb3e37e27ef53c4ba153caf4589e01f124a9,fixed_duration,fixed_duration,224679981761851271149000026600539927167,shuffled,datetime,streaming,1,40,40,repair,100000,0,261300
target/balance-work/smoke,a7209d9d855ab1e5f61f39a53993eb3e37e27ef53c4ba153caf4589e01f124a9,fixed_duration,fixed_duration,224679981761851271149000026600539927167,shuffled,datetime,streaming,1,40,40,balanced,100000,0,217800
target/balance-work/smoke,a7209d9d855ab1e5f61f39a53993eb3e37e27ef53c4ba153caf4589e01f124a9,fixed_duration,fixed_duration,224679981761851271149000026600539927167,shuffled,datetime,streaming,1,40,40,baseline,0,1,203000
target/balance-work/smoke,a7209d9d855ab1e5f61f39a53993eb3e37e27ef53c4ba153caf4589e01f124a9,fixed_duration,fixed_duration,224679981761851271149000026600539927167,shuffled,datetime,streaming,1,40,40,repair,100000,1,226000
target/balance-work/smoke,a7209d9d855ab1e5f61f39a53993eb3e37e27ef53c4ba153caf4589e01f124a9,fixed_duration,fixed_duration,224679981761851271149000026600539927167,shuffled,datetime,streaming,1,40,40,balanced,100000,1,233000
target/balance-work/smoke,a7209d9d855ab1e5f61f39a53993eb3e37e27ef53c4ba153caf4589e01f124a9,fixed_duration,fixed_duration,224679981761851271149000026600539927167,shuffled,datetime,streaming,1,40,40,balanced,100000,2,209700
target/balance-work/smoke,a7209d9d855ab1e5f61f39a53993eb3e37e27ef53c4ba153caf4589e01f124a9,fixed_duration,fixed_duration,224679981761851271149000026600539927167,shuffled,datetime,streaming,1,40,40,baseline,0,2,198500
target/balance-work/smoke,a7209d9d855ab1e5f61f39a53993eb3e37e27ef53c4ba153caf4589e01f124a9,fixed_duration,fixed_duration,224679981761851271149000026600539927167,shuffled,datetime,streaming,1,40,40,repair,100000,2,226200
target/balance-work/smoke,a7209d9d855ab1e5f61f39a53993eb3e37e27ef53c4ba153caf4589e01f124a9,fixed_duration,fixed_duration,224679981761851271149000026600539927167,shuffled,grouped,auto,4,160,40,balanced,100000,0,178900
target/balance-work/smoke,a7209d9d855ab1e5f61f39a53993eb3e37e27ef53c4ba153caf4589e01f124a9,fixed_duration,fixed_duration,224679981761851271149000026600539927167,shuffled,grouped,auto,4,160,40,baseline,0,0,148200
target/balance-work/smoke,a7209d9d855ab1e5f61f39a53993eb3e37e27ef53c4ba153caf4589e01f124a9,fixed_duration,fixed_duration,224679981761851271149000026600539927167,shuffled,grouped,auto,4,160,40,repair,100000,0,186300
target/balance-work/smoke,a7209d9d855ab1e5f61f39a53993eb3e37e27ef53c4ba153caf4589e01f124a9,fixed_duration,fixed_duration,224679981761851271149000026600539927167,shuffled,grouped,auto,4,160,40,repair,100000,1,181800
target/balance-work/smoke,a7209d9d855ab1e5f61f39a53993eb3e37e27ef53c4ba153caf4589e01f124a9,fixed_duration,fixed_duration,224679981761851271149000026600539927167,shuffled,grouped,auto,4,160,40,balanced,100000,1,172700
target/balance-work/smoke,a7209d9d855ab1e5f61f39a53993eb3e37e27ef53c4ba153caf4589e01f124a9,fixed_duration,fixed_duration,224679981761851271149000026600539927167,shuffled,grouped,auto,4,160,40,baseline,0,1,159200
target/balance-work/smoke,a7209d9d855ab1e5f61f39a53993eb3e37e27ef53c4ba153caf4589e01f124a9,fixed_duration,fixed_duration,224679981761851271149000026600539927167,shuffled,grouped,auto,4,160,40,baseline,0,2,150000
target/balance-work/smoke,a7209d9d855ab1e5f61f39a53993eb3e37e27ef53c4ba153caf4589e01f124a9,fixed_duration,fixed_duration,224679981761851271149000026600539927167,shuffled,grouped,auto,4,160,40,repair,100000,2,182100
target/balance-work/smoke,a7209d9d855ab1e5f61f39a53993eb3e37e27ef53c4ba153caf4589e01f124a9,fixed_duration,fixed_duration,224679981761851271149000026600539927167,shuffled,grouped,auto,4,160,40,balanced,100000,2,165600
target/balance-work/smoke,a7209d9d855ab1e5f61f39a53993eb3e37e27ef53c4ba153caf4589e01f124a9,fixed_duration,fixed_duration,224679981761851271149000026600539927167,shuffled,grouped,streaming,4,160,40,balanced,100000,0,327600
target/balance-work/smoke,a7209d9d855ab1e5f61f39a53993eb3e37e27ef53c4ba153caf4589e01f124a9,fixed_duration,fixed_duration,224679981761851271149000026600539927167,shuffled,grouped,streaming,4,160,40,baseline,0,0,247400
target/balance-work/smoke,a7209d9d855ab1e5f61f39a53993eb3e37e27ef53c4ba153caf4589e01f124a9,fixed_duration,fixed_duration,224679981761851271149000026600539927167,shuffled,grouped,streaming,4,160,40,repair,100000,0,288200
target/balance-work/smoke,a7209d9d855ab1e5f61f39a53993eb3e37e27ef53c4ba153caf4589e01f124a9,fixed_duration,fixed_duration,224679981761851271149000026600539927167,shuffled,grouped,streaming,4,160,40,baseline,0,1,254900
target/balance-work/smoke,a7209d9d855ab1e5f61f39a53993eb3e37e27ef53c4ba153caf4589e01f124a9,fixed_duration,fixed_duration,224679981761851271149000026600539927167,shuffled,grouped,streaming,4,160,40,repair,100000,1,298900
target/balance-work/smoke,a7209d9d855ab1e5f61f39a53993eb3e37e27ef53c4ba153caf4589e01f124a9,fixed_duration,fixed_duration,224679981761851271149000026600539927167,shuffled,grouped,streaming,4,160,40,balanced,100000,1,272800
target/balance-work/smoke,a7209d9d855ab1e5f61f39a53993eb3e37e27ef53c4ba153caf4589e01f124a9,fixed_duration,fixed_duration,224679981761851271149000026600539927167,shuffled,grouped,streaming,4,160,40,repair,100000,2,278800
target/balance-work/smoke,a7209d9d855ab1e5f61f39a53993eb3e37e27ef53c4ba153caf4589e01f124a9,fixed_duration,fixed_duration,224679981761851271149000026600539927167,shuffled,grouped,streaming,4,160,40,balanced,100000,2,275900
target/balance-work/smoke,a7209d9d855ab1e5f61f39a53993eb3e37e27ef53c4ba153caf4589e01f124a9,fixed_duration,fixed_duration,224679981761851271149000026600539927167,shuffled,grouped,streaming,4,160,40,baseline,0,2,246600
target/balance-work/smoke,a7209d9d855ab1e5f61f39a53993eb3e37e27ef53c4ba153caf4589e01f124a9,fixed_duration,fixed_duration,224679981761851271149000026600539927167,shuffled,sliced,auto,1,40,40,repair,100000,0,79000
target/balance-work/smoke,a7209d9d855ab1e5f61f39a53993eb3e37e27ef53c4ba153caf4589e01f124a9,fixed_duration,fixed_duration,224679981761851271149000026600539927167,shuffled,sliced,auto,1,40,40,balanced,100000,0,68700
target/balance-work/smoke,a7209d9d855ab1e5f61f39a53993eb3e37e27ef53c4ba153caf4589e01f124a9,fixed_duration,fixed_duration,224679981761851271149000026600539927167,shuffled,sliced,auto,1,40,40,baseline,0,0,174500
target/balance-work/smoke,a7209d9d855ab1e5f61f39a53993eb3e37e27ef53c4ba153caf4589e01f124a9,fixed_duration,fixed_duration,224679981761851271149000026600539927167,shuffled,sliced,auto,1,40,40,balanced,100000,1,173400
target/balance-work/smoke,a7209d9d855ab1e5f61f39a53993eb3e37e27ef53c4ba153caf4589e01f124a9,fixed_duration,fixed_duration,224679981761851271149000026600539927167,shuffled,sliced,auto,1,40,40,baseline,0,1,69200
target/balance-work/smoke,a7209d9d855ab1e5f61f39a53993eb3e37e27ef53c4ba153caf4589e01f124a9,fixed_duration,fixed_duration,224679981761851271149000026600539927167,shuffled,sliced,auto,1,40,40,repair,100000,1,86500
target/balance-work/smoke,a7209d9d855ab1e5f61f39a53993eb3e37e27ef53c4ba153caf4589e01f124a9,fixed_duration,fixed_duration,224679981761851271149000026600539927167,shuffled,sliced,auto,1,40,40,baseline,0,2,64800
target/balance-work/smoke,a7209d9d855ab1e5f61f39a53993eb3e37e27ef53c4ba153caf4589e01f124a9,fixed_duration,fixed_duration,224679981761851271149000026600539927167,shuffled,sliced,auto,1,40,40,repair,100000,2,74200
target/balance-work/smoke,a7209d9d855ab1e5f61f39a53993eb3e37e27ef53c4ba153caf4589e01f124a9,fixed_duration,fixed_duration,224679981761851271149000026600539927167,shuffled,sliced,auto,1,40,40,balanced,100000,2,70500
target/balance-work/smoke,a7209d9d855ab1e5f61f39a53993eb3e37e27ef53c4ba153caf4589e01f124a9,fixed_duration,fixed_duration,224679981761851271149000026600539927167,shuffled,sliced,streaming,1,40,40,balanced,100000,0,227700
target/balance-work/smoke,a7209d9d855ab1e5f61f39a53993eb3e37e27ef53c4ba153caf4589e01f124a9,fixed_duration,fixed_duration,224679981761851271149000026600539927167,shuffled,sliced,streaming,1,40,40,baseline,0,0,202400
target/balance-work/smoke,a7209d9d855ab1e5f61f39a53993eb3e37e27ef53c4ba153caf4589e01f124a9,fixed_duration,fixed_duration,224679981761851271149000026600539927167,shuffled,sliced,streaming,1,40,40,repair,100000,0,255400
target/balance-work/smoke,a7209d9d855ab1e5f61f39a53993eb3e37e27ef53c4ba153caf4589e01f124a9,fixed_duration,fixed_duration,224679981761851271149000026600539927167,shuffled,sliced,streaming,1,40,40,baseline,0,1,216300
target/balance-work/smoke,a7209d9d855ab1e5f61f39a53993eb3e37e27ef53c4ba153caf4589e01f124a9,fixed_duration,fixed_duration,224679981761851271149000026600539927167,shuffled,sliced,streaming,1,40,40,repair,100000,1,240700
target/balance-work/smoke,a7209d9d855ab1e5f61f39a53993eb3e37e27ef53c4ba153caf4589e01f124a9,fixed_duration,fixed_duration,224679981761851271149000026600539927167,shuffled,sliced,streaming,1,40,40,balanced,100000,1,220700
target/balance-work/smoke,a7209d9d855ab1e5f61f39a53993eb3e37e27ef53c4ba153caf4589e01f124a9,fixed_duration,fixed_duration,224679981761851271149000026600539927167,shuffled,sliced,streaming,1,40,40,balanced,100000,2,208300
target/balance-work/smoke,a7209d9d855ab1e5f61f39a53993eb3e37e27ef53c4ba153caf4589e01f124a9,fixed_duration,fixed_duration,224679981761851271149000026600539927167,shuffled,sliced,streaming,1,40,40,baseline,0,2,210000
target/balance-work/smoke,a7209d9d855ab1e5f61f39a53993eb3e37e27ef53c4ba153caf4589e01f124a9,fixed_duration,fixed_duration,224679981761851271149000026600539927167,shuffled,sliced,streaming,1,40,40,repair,100000,2,242800
target/balance-work/smoke,a7209d9d855ab1e5f61f39a53993eb3e37e27ef53c4ba153caf4589e01f124a9,fixed_duration,fixed_duration,224679981761851271149000026600539927167,shuffled,multi_chunk,auto,1,40,40,balanced,100000,0,71900
target/balance-work/smoke,a7209d9d855ab1e5f61f39a53993eb3e37e27ef53c4ba153caf4589e01f124a9,fixed_duration,fixed_duration,224679981761851271149000026600539927167,shuffled,multi_chunk,auto,1,40,40,baseline,0,0,76400
target/balance-work/smoke,a7209d9d855ab1e5f61f39a53993eb3e37e27ef53c4ba153caf4589e01f124a9,fixed_duration,fixed_duration,224679981761851271149000026600539927167,shuffled,multi_chunk,auto,1,40,40,repair,100000,0,76300
target/balance-work/smoke,a7209d9d855ab1e5f61f39a53993eb3e37e27ef53c4ba153caf4589e01f124a9,fixed_duration,fixed_duration,224679981761851271149000026600539927167,shuffled,multi_chunk,auto,1,40,40,repair,100000,1,77000
target/balance-work/smoke,a7209d9d855ab1e5f61f39a53993eb3e37e27ef53c4ba153caf4589e01f124a9,fixed_duration,fixed_duration,224679981761851271149000026600539927167,shuffled,multi_chunk,auto,1,40,40,balanced,100000,1,69300
target/balance-work/smoke,a7209d9d855ab1e5f61f39a53993eb3e37e27ef53c4ba153caf4589e01f124a9,fixed_duration,fixed_duration,224679981761851271149000026600539927167,shuffled,multi_chunk,auto,1,40,40,baseline,0,1,59500
target/balance-work/smoke,a7209d9d855ab1e5f61f39a53993eb3e37e27ef53c4ba153caf4589e01f124a9,fixed_duration,fixed_duration,224679981761851271149000026600539927167,shuffled,multi_chunk,auto,1,40,40,repair,100000,2,76200
target/balance-work/smoke,a7209d9d855ab1e5f61f39a53993eb3e37e27ef53c4ba153caf4589e01f124a9,fixed_duration,fixed_duration,224679981761851271149000026600539927167,shuffled,multi_chunk,auto,1,40,40,balanced,100000,2,69000
target/balance-work/smoke,a7209d9d855ab1e5f61f39a53993eb3e37e27ef53c4ba153caf4589e01f124a9,fixed_duration,fixed_duration,224679981761851271149000026600539927167,shuffled,multi_chunk,auto,1,40,40,baseline,0,2,59300
target/balance-work/smoke,a7209d9d855ab1e5f61f39a53993eb3e37e27ef53c4ba153caf4589e01f124a9,fixed_duration,fixed_duration,224679981761851271149000026600539927167,shuffled,multi_chunk,streaming,1,40,40,balanced,100000,0,280900
target/balance-work/smoke,a7209d9d855ab1e5f61f39a53993eb3e37e27ef53c4ba153caf4589e01f124a9,fixed_duration,fixed_duration,224679981761851271149000026600539927167,shuffled,multi_chunk,streaming,1,40,40,baseline,0,0,185800
target/balance-work/smoke,a7209d9d855ab1e5f61f39a53993eb3e37e27ef53c4ba153caf4589e01f124a9,fixed_duration,fixed_duration,224679981761851271149000026600539927167,shuffled,multi_chunk,streaming,1,40,40,repair,100000,0,184100
target/balance-work/smoke,a7209d9d855ab1e5f61f39a53993eb3e37e27ef53c4ba153caf4589e01f124a9,fixed_duration,fixed_duration,224679981761851271149000026600539927167,shuffled,multi_chunk,streaming,1,40,40,baseline,0,1,268500
target/balance-work/smoke,a7209d9d855ab1e5f61f39a53993eb3e37e27ef53c4ba153caf4589e01f124a9,fixed_duration,fixed_duration,224679981761851271149000026600539927167,shuffled,multi_chunk,streaming,1,40,40,repair,100000,1,230700
target/balance-work/smoke,a7209d9d855ab1e5f61f39a53993eb3e37e27ef53c4ba153caf4589e01f124a9,fixed_duration,fixed_duration,224679981761851271149000026600539927167,shuffled,multi_chunk,streaming,1,40,40,balanced,100000,1,200600
target/balance-work/smoke,a7209d9d855ab1e5f61f39a53993eb3e37e27ef53c4ba153caf4589e01f124a9,fixed_duration,fixed_duration,224679981761851271149000026600539927167,shuffled,multi_chunk,streaming,1,40,40,balanced,100000,2,202400
target/balance-work/smoke,a7209d9d855ab1e5f61f39a53993eb3e37e27ef53c4ba153caf4589e01f124a9,fixed_duration,fixed_duration,224679981761851271149000026600539927167,shuffled,multi_chunk,streaming,1,40,40,baseline,0,2,192800
target/balance-work/smoke,a7209d9d855ab1e5f61f39a53993eb3e37e27ef53c4ba153caf4589e01f124a9,fixed_duration,fixed_duration,224679981761851271149000026600539927167,shuffled,multi_chunk,streaming,1,40,40,repair,100000,2,219400
target/balance-work/smoke,d6350dac47abb672bf5f1d5ff430a251e2b4f85ccdcad4e2d5887dc1fffd17b7,heavy_tailed,heavy_tailed,86593941250856672716819020154068767578,sorted,integer,auto,1,40,40,balanced,100000,0,67400
target/balance-work/smoke,d6350dac47abb672bf5f1d5ff430a251e2b4f85ccdcad4e2d5887dc1fffd17b7,heavy_tailed,heavy_tailed,86593941250856672716819020154068767578,sorted,integer,auto,1,40,40,baseline,0,0,60500
target/balance-work/smoke,d6350dac47abb672bf5f1d5ff430a251e2b4f85ccdcad4e2d5887dc1fffd17b7,heavy_tailed,heavy_tailed,86593941250856672716819020154068767578,sorted,integer,auto,1,40,40,repair,100000,0,90600
target/balance-work/smoke,d6350dac47abb672bf5f1d5ff430a251e2b4f85ccdcad4e2d5887dc1fffd17b7,heavy_tailed,heavy_tailed,86593941250856672716819020154068767578,sorted,integer,auto,1,40,40,repair,100000,1,73700
target/balance-work/smoke,d6350dac47abb672bf5f1d5ff430a251e2b4f85ccdcad4e2d5887dc1fffd17b7,heavy_tailed,heavy_tailed,86593941250856672716819020154068767578,sorted,integer,auto,1,40,40,balanced,100000,1,65500
target/balance-work/smoke,d6350dac47abb672bf5f1d5ff430a251e2b4f85ccdcad4e2d5887dc1fffd17b7,heavy_tailed,heavy_tailed,86593941250856672716819020154068767578,sorted,integer,auto,1,40,40,baseline,0,1,57900
target/balance-work/smoke,d6350dac47abb672bf5f1d5ff430a251e2b4f85ccdcad4e2d5887dc1fffd17b7,heavy_tailed,heavy_tailed,86593941250856672716819020154068767578,sorted,integer,auto,1,40,40,balanced,100000,2,68000
target/balance-work/smoke,d6350dac47abb672bf5f1d5ff430a251e2b4f85ccdcad4e2d5887dc1fffd17b7,heavy_tailed,heavy_tailed,86593941250856672716819020154068767578,sorted,integer,auto,1,40,40,baseline,0,2,57500
target/balance-work/smoke,d6350dac47abb672bf5f1d5ff430a251e2b4f85ccdcad4e2d5887dc1fffd17b7,heavy_tailed,heavy_tailed,86593941250856672716819020154068767578,sorted,integer,auto,1,40,40,repair,100000,2,70900
target/balance-work/smoke,d6350dac47abb672bf5f1d5ff430a251e2b4f85ccdcad4e2d5887dc1fffd17b7,heavy_tailed,heavy_tailed,86593941250856672716819020154068767578,sorted,integer,streaming,1,40,40,balanced,100000,0,189600
target/balance-work/smoke,d6350dac47abb672bf5f1d5ff430a251e2b4f85ccdcad4e2d5887dc1fffd17b7,heavy_tailed,heavy_tailed,86593941250856672716819020154068767578,sorted,integer,streaming,1,40,40,baseline,0,0,162100
target/balance-work/smoke,d6350dac47abb672bf5f1d5ff430a251e2b4f85ccdcad4e2d5887dc1fffd17b7,heavy_tailed,heavy_tailed,86593941250856672716819020154068767578,sorted,integer,streaming,1,40,40,repair,100000,0,180400
target/balance-work/smoke,d6350dac47abb672bf5f1d5ff430a251e2b4f85ccdcad4e2d5887dc1fffd17b7,heavy_tailed,heavy_tailed,86593941250856672716819020154068767578,sorted,integer,streaming,1,40,40,balanced,100000,1,170700
target/balance-work/smoke,d6350dac47abb672bf5f1d5ff430a251e2b4f85ccdcad4e2d5887dc1fffd17b7,heavy_tailed,heavy_tailed,86593941250856672716819020154068767578,sorted,integer,streaming,1,40,40,baseline,0,1,160200
target/balance-work/smoke,d6350dac47abb672bf5f1d5ff430a251e2b4f85ccdcad4e2d5887dc1fffd17b7,heavy_tailed,heavy_tailed,86593941250856672716819020154068767578,sorted,integer,streaming,1,40,40,repair,100000,1,177300
target/balance-work/smoke,d6350dac47abb672bf5f1d5ff430a251e2b4f85ccdcad4e2d5887dc1fffd17b7,heavy_tailed,heavy_tailed,86593941250856672716819020154068767578,sorted,integer,streaming,1,40,40,baseline,0,2,181100
target/balance-work/smoke,d6350dac47abb672bf5f1d5ff430a251e2b4f85ccdcad4e2d5887dc1fffd17b7,heavy_tailed,heavy_tailed,86593941250856672716819020154068767578,sorted,integer,streaming,1,40,40,repair,100000,2,173000
target/balance-work/smoke,d6350dac47abb672bf5f1d5ff430a251e2b4f85ccdcad4e2d5887dc1fffd17b7,heavy_tailed,heavy_tailed,86593941250856672716819020154068767578,sorted,integer,streaming,1,40,40,balanced,100000,2,162500
target/balance-work/smoke,d6350dac47abb672bf5f1d5ff430a251e2b4f85ccdcad4e2d5887dc1fffd17b7,heavy_tailed,heavy_tailed,86593941250856672716819020154068767578,sorted,date,auto,1,40,40,baseline,0,0,60300
target/balance-work/smoke,d6350dac47abb672bf5f1d5ff430a251e2b4f85ccdcad4e2d5887dc1fffd17b7,heavy_tailed,heavy_tailed,86593941250856672716819020154068767578,sorted,date,auto,1,40,40,repair,100000,0,71300
target/balance-work/smoke,d6350dac47abb672bf5f1d5ff430a251e2b4f85ccdcad4e2d5887dc1fffd17b7,heavy_tailed,heavy_tailed,86593941250856672716819020154068767578,sorted,date,auto,1,40,40,balanced,100000,0,66900
target/balance-work/smoke,d6350dac47abb672bf5f1d5ff430a251e2b4f85ccdcad4e2d5887dc1fffd17b7,heavy_tailed,heavy_tailed,86593941250856672716819020154068767578,sorted,date,auto,1,40,40,repair,100000,1,74400
target/balance-work/smoke,d6350dac47abb672bf5f1d5ff430a251e2b4f85ccdcad4e2d5887dc1fffd17b7,heavy_tailed,heavy_tailed,86593941250856672716819020154068767578,sorted,date,auto,1,40,40,balanced,100000,1,66600
target/balance-work/smoke,d6350dac47abb672bf5f1d5ff430a251e2b4f85ccdcad4e2d5887dc1fffd17b7,heavy_tailed,heavy_tailed,86593941250856672716819020154068767578,sorted,date,auto,1,40,40,baseline,0,1,58200
target/balance-work/smoke,d6350dac47abb672bf5f1d5ff430a251e2b4f85ccdcad4e2d5887dc1fffd17b7,heavy_tailed,heavy_tailed,86593941250856672716819020154068767578,sorted,date,auto,1,40,40,repair,100000,2,72600
target/balance-work/smoke,d6350dac47abb672bf5f1d5ff430a251e2b4f85ccdcad4e2d5887dc1fffd17b7,heavy_tailed,heavy_tailed,86593941250856672716819020154068767578,sorted,date,auto,1,40,40,balanced,100000,2,103300
target/balance-work/smoke,d6350dac47abb672bf5f1d5ff430a251e2b4f85ccdcad4e2d5887dc1fffd17b7,heavy_tailed,heavy_tailed,86593941250856672716819020154068767578,sorted,date,auto,1,40,40,baseline,0,2,73700
target/balance-work/smoke,d6350dac47abb672bf5f1d5ff430a251e2b4f85ccdcad4e2d5887dc1fffd17b7,heavy_tailed,heavy_tailed,86593941250856672716819020154068767578,sorted,date,streaming,1,40,40,repair,100000,0,209200
target/balance-work/smoke,d6350dac47abb672bf5f1d5ff430a251e2b4f85ccdcad4e2d5887dc1fffd17b7,heavy_tailed,heavy_tailed,86593941250856672716819020154068767578,sorted,date,streaming,1,40,40,balanced,100000,0,188500
target/balance-work/smoke,d6350dac47abb672bf5f1d5ff430a251e2b4f85ccdcad4e2d5887dc1fffd17b7,heavy_tailed,heavy_tailed,86593941250856672716819020154068767578,sorted,date,streaming,1,40,40,baseline,0,0,188500
target/balance-work/smoke,d6350dac47abb672bf5f1d5ff430a251e2b4f85ccdcad4e2d5887dc1fffd17b7,heavy_tailed,heavy_tailed,86593941250856672716819020154068767578,sorted,date,streaming,1,40,40,repair,100000,1,265700
target/balance-work/smoke,d6350dac47abb672bf5f1d5ff430a251e2b4f85ccdcad4e2d5887dc1fffd17b7,heavy_tailed,heavy_tailed,86593941250856672716819020154068767578,sorted,date,streaming,1,40,40,balanced,100000,1,271200
target/balance-work/smoke,d6350dac47abb672bf5f1d5ff430a251e2b4f85ccdcad4e2d5887dc1fffd17b7,heavy_tailed,heavy_tailed,86593941250856672716819020154068767578,sorted,date,streaming,1,40,40,baseline,0,1,222500
target/balance-work/smoke,d6350dac47abb672bf5f1d5ff430a251e2b4f85ccdcad4e2d5887dc1fffd17b7,heavy_tailed,heavy_tailed,86593941250856672716819020154068767578,sorted,date,streaming,1,40,40,balanced,100000,2,254700
target/balance-work/smoke,d6350dac47abb672bf5f1d5ff430a251e2b4f85ccdcad4e2d5887dc1fffd17b7,heavy_tailed,heavy_tailed,86593941250856672716819020154068767578,sorted,date,streaming,1,40,40,baseline,0,2,187700
target/balance-work/smoke,d6350dac47abb672bf5f1d5ff430a251e2b4f85ccdcad4e2d5887dc1fffd17b7,heavy_tailed,heavy_tailed,86593941250856672716819020154068767578,sorted,date,streaming,1,40,40,repair,100000,2,213100
target/balance-work/smoke,d6350dac47abb672bf5f1d5ff430a251e2b4f85ccdcad4e2d5887dc1fffd17b7,heavy_tailed,heavy_tailed,86593941250856672716819020154068767578,sorted,datetime,auto,1,40,40,balanced,100000,0,70200
target/balance-work/smoke,d6350dac47abb672bf5f1d5ff430a251e2b4f85ccdcad4e2d5887dc1fffd17b7,heavy_tailed,heavy_tailed,86593941250856672716819020154068767578,sorted,datetime,auto,1,40,40,baseline,0,0,61700
target/balance-work/smoke,d6350dac47abb672bf5f1d5ff430a251e2b4f85ccdcad4e2d5887dc1fffd17b7,heavy_tailed,heavy_tailed,86593941250856672716819020154068767578,sorted,datetime,auto,1,40,40,repair,100000,0,74100
target/balance-work/smoke,d6350dac47abb672bf5f1d5ff430a251e2b4f85ccdcad4e2d5887dc1fffd17b7,heavy_tailed,heavy_tailed,86593941250856672716819020154068767578,sorted,datetime,auto,1,40,40,repair,100000,1,116000
target/balance-work/smoke,d6350dac47abb672bf5f1d5ff430a251e2b4f85ccdcad4e2d5887dc1fffd17b7,heavy_tailed,heavy_tailed,86593941250856672716819020154068767578,sorted,datetime,auto,1,40,40,balanced,100000,1,73600
target/balance-work/smoke,d6350dac47abb672bf5f1d5ff430a251e2b4f85ccdcad4e2d5887dc1fffd17b7,heavy_tailed,heavy_tailed,86593941250856672716819020154068767578,sorted,datetime,auto,1,40,40,baseline,0,1,64300
target/balance-work/smoke,d6350dac47abb672bf5f1d5ff430a251e2b4f85ccdcad4e2d5887dc1fffd17b7,heavy_tailed,heavy_tailed,86593941250856672716819020154068767578,sorted,datetime,auto,1,40,40,balanced,100000,2,132200
target/balance-work/smoke,d6350dac47abb672bf5f1d5ff430a251e2b4f85ccdcad4e2d5887dc1fffd17b7,heavy_tailed,heavy_tailed,86593941250856672716819020154068767578,sorted,datetime,auto,1,40,40,baseline,0,2,65500
target/balance-work/smoke,d6350dac47abb672bf5f1d5ff430a251e2b4f85ccdcad4e2d5887dc1fffd17b7,heavy_tailed,heavy_tailed,86593941250856672716819020154068767578,sorted,datetime,auto,1,40,40,repair,100000,2,74000
target/balance-work/smoke,d6350dac47abb672bf5f1d5ff430a251e2b4f85ccdcad4e2d5887dc1fffd17b7,heavy_tailed,heavy_tailed,86593941250856672716819020154068767578,sorted,datetime,streaming,1,40,40,repair,100000,0,182600
target/balance-work/smoke,d6350dac47abb672bf5f1d5ff430a251e2b4f85ccdcad4e2d5887dc1fffd17b7,heavy_tailed,heavy_tailed,86593941250856672716819020154068767578,sorted,datetime,streaming,1,40,40,balanced,100000,0,190000
target/balance-work/smoke,d6350dac47abb672bf5f1d5ff430a251e2b4f85ccdcad4e2d5887dc1fffd17b7,heavy_tailed,heavy_tailed,86593941250856672716819020154068767578,sorted,datetime,streaming,1,40,40,baseline,0,0,241600
target/balance-work/smoke,d6350dac47abb672bf5f1d5ff430a251e2b4f85ccdcad4e2d5887dc1fffd17b7,heavy_tailed,heavy_tailed,86593941250856672716819020154068767578,sorted,datetime,streaming,1,40,40,repair,100000,1,258100
target/balance-work/smoke,d6350dac47abb672bf5f1d5ff430a251e2b4f85ccdcad4e2d5887dc1fffd17b7,heavy_tailed,heavy_tailed,86593941250856672716819020154068767578,sorted,datetime,streaming,1,40,40,balanced,100000,1,189600
target/balance-work/smoke,d6350dac47abb672bf5f1d5ff430a251e2b4f85ccdcad4e2d5887dc1fffd17b7,heavy_tailed,heavy_tailed,86593941250856672716819020154068767578,sorted,datetime,streaming,1,40,40,baseline,0,1,177300
target/balance-work/smoke,d6350dac47abb672bf5f1d5ff430a251e2b4f85ccdcad4e2d5887dc1fffd17b7,heavy_tailed,heavy_tailed,86593941250856672716819020154068767578,sorted,datetime,streaming,1,40,40,balanced,100000,2,222800
target/balance-work/smoke,d6350dac47abb672bf5f1d5ff430a251e2b4f85ccdcad4e2d5887dc1fffd17b7,heavy_tailed,heavy_tailed,86593941250856672716819020154068767578,sorted,datetime,streaming,1,40,40,baseline,0,2,221300
target/balance-work/smoke,d6350dac47abb672bf5f1d5ff430a251e2b4f85ccdcad4e2d5887dc1fffd17b7,heavy_tailed,heavy_tailed,86593941250856672716819020154068767578,sorted,datetime,streaming,1,40,40,repair,100000,2,189500
target/balance-work/smoke,d6350dac47abb672bf5f1d5ff430a251e2b4f85ccdcad4e2d5887dc1fffd17b7,heavy_tailed,heavy_tailed,86593941250856672716819020154068767578,sorted,grouped,auto,4,160,40,baseline,0,0,113600
target/balance-work/smoke,d6350dac47abb672bf5f1d5ff430a251e2b4f85ccdcad4e2d5887dc1fffd17b7,heavy_tailed,heavy_tailed,86593941250856672716819020154068767578,sorted,grouped,auto,4,160,40,repair,100000,0,172300
target/balance-work/smoke,d6350dac47abb672bf5f1d5ff430a251e2b4f85ccdcad4e2d5887dc1fffd17b7,heavy_tailed,heavy_tailed,86593941250856672716819020154068767578,sorted,grouped,auto,4,160,40,balanced,100000,0,145300
target/balance-work/smoke,d6350dac47abb672bf5f1d5ff430a251e2b4f85ccdcad4e2d5887dc1fffd17b7,heavy_tailed,heavy_tailed,86593941250856672716819020154068767578,sorted,grouped,auto,4,160,40,repair,100000,1,154700
target/balance-work/smoke,d6350dac47abb672bf5f1d5ff430a251e2b4f85ccdcad4e2d5887dc1fffd17b7,heavy_tailed,heavy_tailed,86593941250856672716819020154068767578,sorted,grouped,auto,4,160,40,balanced,100000,1,134400
target/balance-work/smoke,d6350dac47abb672bf5f1d5ff430a251e2b4f85ccdcad4e2d5887dc1fffd17b7,heavy_tailed,heavy_tailed,86593941250856672716819020154068767578,sorted,grouped,auto,4,160,40,baseline,0,1,128100
target/balance-work/smoke,d6350dac47abb672bf5f1d5ff430a251e2b4f85ccdcad4e2d5887dc1fffd17b7,heavy_tailed,heavy_tailed,86593941250856672716819020154068767578,sorted,grouped,auto,4,160,40,baseline,0,2,116100
target/balance-work/smoke,d6350dac47abb672bf5f1d5ff430a251e2b4f85ccdcad4e2d5887dc1fffd17b7,heavy_tailed,heavy_tailed,86593941250856672716819020154068767578,sorted,grouped,auto,4,160,40,repair,100000,2,171300
target/balance-work/smoke,d6350dac47abb672bf5f1d5ff430a251e2b4f85ccdcad4e2d5887dc1fffd17b7,heavy_tailed,heavy_tailed,86593941250856672716819020154068767578,sorted,grouped,auto,4,160,40,balanced,100000,2,143900
target/balance-work/smoke,d6350dac47abb672bf5f1d5ff430a251e2b4f85ccdcad4e2d5887dc1fffd17b7,heavy_tailed,heavy_tailed,86593941250856672716819020154068767578,sorted,grouped,streaming,4,160,40,balanced,100000,0,235700
target/balance-work/smoke,d6350dac47abb672bf5f1d5ff430a251e2b4f85ccdcad4e2d5887dc1fffd17b7,heavy_tailed,heavy_tailed,86593941250856672716819020154068767578,sorted,grouped,streaming,4,160,40,baseline,0,0,223200
target/balance-work/smoke,d6350dac47abb672bf5f1d5ff430a251e2b4f85ccdcad4e2d5887dc1fffd17b7,heavy_tailed,heavy_tailed,86593941250856672716819020154068767578,sorted,grouped,streaming,4,160,40,repair,100000,0,308800
target/balance-work/smoke,d6350dac47abb672bf5f1d5ff430a251e2b4f85ccdcad4e2d5887dc1fffd17b7,heavy_tailed,heavy_tailed,86593941250856672716819020154068767578,sorted,grouped,streaming,4,160,40,baseline,0,1,203900
target/balance-work/smoke,d6350dac47abb672bf5f1d5ff430a251e2b4f85ccdcad4e2d5887dc1fffd17b7,heavy_tailed,heavy_tailed,86593941250856672716819020154068767578,sorted,grouped,streaming,4,160,40,repair,100000,1,251100
target/balance-work/smoke,d6350dac47abb672bf5f1d5ff430a251e2b4f85ccdcad4e2d5887dc1fffd17b7,heavy_tailed,heavy_tailed,86593941250856672716819020154068767578,sorted,grouped,streaming,4,160,40,balanced,100000,1,263200
target/balance-work/smoke,d6350dac47abb672bf5f1d5ff430a251e2b4f85ccdcad4e2d5887dc1fffd17b7,heavy_tailed,heavy_tailed,86593941250856672716819020154068767578,sorted,grouped,streaming,4,160,40,balanced,100000,2,351000
target/balance-work/smoke,d6350dac47abb672bf5f1d5ff430a251e2b4f85ccdcad4e2d5887dc1fffd17b7,heavy_tailed,heavy_tailed,86593941250856672716819020154068767578,sorted,grouped,streaming,4,160,40,baseline,0,2,234100
target/balance-work/smoke,d6350dac47abb672bf5f1d5ff430a251e2b4f85ccdcad4e2d5887dc1fffd17b7,heavy_tailed,heavy_tailed,86593941250856672716819020154068767578,sorted,grouped,streaming,4,160,40,repair,100000,2,251900
target/balance-work/smoke,d6350dac47abb672bf5f1d5ff430a251e2b4f85ccdcad4e2d5887dc1fffd17b7,heavy_tailed,heavy_tailed,86593941250856672716819020154068767578,sorted,sliced,auto,1,40,40,balanced,100000,0,64800
target/balance-work/smoke,d6350dac47abb672bf5f1d5ff430a251e2b4f85ccdcad4e2d5887dc1fffd17b7,heavy_tailed,heavy_tailed,86593941250856672716819020154068767578,sorted,sliced,auto,1,40,40,baseline,0,0,56300
target/balance-work/smoke,d6350dac47abb672bf5f1d5ff430a251e2b4f85ccdcad4e2d5887dc1fffd17b7,heavy_tailed,heavy_tailed,86593941250856672716819020154068767578,sorted,sliced,auto,1,40,40,repair,100000,0,67700
target/balance-work/smoke,d6350dac47abb672bf5f1d5ff430a251e2b4f85ccdcad4e2d5887dc1fffd17b7,heavy_tailed,heavy_tailed,86593941250856672716819020154068767578,sorted,sliced,auto,1,40,40,balanced,100000,1,92000
target/balance-work/smoke,d6350dac47abb672bf5f1d5ff430a251e2b4f85ccdcad4e2d5887dc1fffd17b7,heavy_tailed,heavy_tailed,86593941250856672716819020154068767578,sorted,sliced,auto,1,40,40,baseline,0,1,68700
target/balance-work/smoke,d6350dac47abb672bf5f1d5ff430a251e2b4f85ccdcad4e2d5887dc1fffd17b7,heavy_tailed,heavy_tailed,86593941250856672716819020154068767578,sorted,sliced,auto,1,40,40,repair,100000,1,72900
target/balance-work/smoke,d6350dac47abb672bf5f1d5ff430a251e2b4f85ccdcad4e2d5887dc1fffd17b7,heavy_tailed,heavy_tailed,86593941250856672716819020154068767578,sorted,sliced,auto,1,40,40,baseline,0,2,60600
target/balance-work/smoke,d6350dac47abb672bf5f1d5ff430a251e2b4f85ccdcad4e2d5887dc1fffd17b7,heavy_tailed,heavy_tailed,86593941250856672716819020154068767578,sorted,sliced,auto,1,40,40,repair,100000,2,69000
target/balance-work/smoke,d6350dac47abb672bf5f1d5ff430a251e2b4f85ccdcad4e2d5887dc1fffd17b7,heavy_tailed,heavy_tailed,86593941250856672716819020154068767578,sorted,sliced,auto,1,40,40,balanced,100000,2,65700
target/balance-work/smoke,d6350dac47abb672bf5f1d5ff430a251e2b4f85ccdcad4e2d5887dc1fffd17b7,heavy_tailed,heavy_tailed,86593941250856672716819020154068767578,sorted,sliced,streaming,1,40,40,balanced,100000,0,196800
target/balance-work/smoke,d6350dac47abb672bf5f1d5ff430a251e2b4f85ccdcad4e2d5887dc1fffd17b7,heavy_tailed,heavy_tailed,86593941250856672716819020154068767578,sorted,sliced,streaming,1,40,40,baseline,0,0,169300
target/balance-work/smoke,d6350dac47abb672bf5f1d5ff430a251e2b4f85ccdcad4e2d5887dc1fffd17b7,heavy_tailed,heavy_tailed,86593941250856672716819020154068767578,sorted,sliced,streaming,1,40,40,repair,100000,0,176400
target/balance-work/smoke,d6350dac47abb672bf5f1d5ff430a251e2b4f85ccdcad4e2d5887dc1fffd17b7,heavy_tailed,heavy_tailed,86593941250856672716819020154068767578,sorted,sliced,streaming,1,40,40,baseline,0,1,176100
target/balance-work/smoke,d6350dac47abb672bf5f1d5ff430a251e2b4f85ccdcad4e2d5887dc1fffd17b7,heavy_tailed,heavy_tailed,86593941250856672716819020154068767578,sorted,sliced,streaming,1,40,40,repair,100000,1,206200
target/balance-work/smoke,d6350dac47abb672bf5f1d5ff430a251e2b4f85ccdcad4e2d5887dc1fffd17b7,heavy_tailed,heavy_tailed,86593941250856672716819020154068767578,sorted,sliced,streaming,1,40,40,balanced,100000,1,204800
target/balance-work/smoke,d6350dac47abb672bf5f1d5ff430a251e2b4f85ccdcad4e2d5887dc1fffd17b7,heavy_tailed,heavy_tailed,86593941250856672716819020154068767578,sorted,sliced,streaming,1,40,40,repair,100000,2,209700
target/balance-work/smoke,d6350dac47abb672bf5f1d5ff430a251e2b4f85ccdcad4e2d5887dc1fffd17b7,heavy_tailed,heavy_tailed,86593941250856672716819020154068767578,sorted,sliced,streaming,1,40,40,balanced,100000,2,218600
target/balance-work/smoke,d6350dac47abb672bf5f1d5ff430a251e2b4f85ccdcad4e2d5887dc1fffd17b7,heavy_tailed,heavy_tailed,86593941250856672716819020154068767578,sorted,sliced,streaming,1,40,40,baseline,0,2,274300
target/balance-work/smoke,d6350dac47abb672bf5f1d5ff430a251e2b4f85ccdcad4e2d5887dc1fffd17b7,heavy_tailed,heavy_tailed,86593941250856672716819020154068767578,sorted,multi_chunk,auto,1,40,40,baseline,0,0,63100
target/balance-work/smoke,d6350dac47abb672bf5f1d5ff430a251e2b4f85ccdcad4e2d5887dc1fffd17b7,heavy_tailed,heavy_tailed,86593941250856672716819020154068767578,sorted,multi_chunk,auto,1,40,40,repair,100000,0,253400
target/balance-work/smoke,d6350dac47abb672bf5f1d5ff430a251e2b4f85ccdcad4e2d5887dc1fffd17b7,heavy_tailed,heavy_tailed,86593941250856672716819020154068767578,sorted,multi_chunk,auto,1,40,40,balanced,100000,0,87800
target/balance-work/smoke,d6350dac47abb672bf5f1d5ff430a251e2b4f85ccdcad4e2d5887dc1fffd17b7,heavy_tailed,heavy_tailed,86593941250856672716819020154068767578,sorted,multi_chunk,auto,1,40,40,baseline,0,1,69100
target/balance-work/smoke,d6350dac47abb672bf5f1d5ff430a251e2b4f85ccdcad4e2d5887dc1fffd17b7,heavy_tailed,heavy_tailed,86593941250856672716819020154068767578,sorted,multi_chunk,auto,1,40,40,repair,100000,1,76300
target/balance-work/smoke,d6350dac47abb672bf5f1d5ff430a251e2b4f85ccdcad4e2d5887dc1fffd17b7,heavy_tailed,heavy_tailed,86593941250856672716819020154068767578,sorted,multi_chunk,auto,1,40,40,balanced,100000,1,70200
target/balance-work/smoke,d6350dac47abb672bf5f1d5ff430a251e2b4f85ccdcad4e2d5887dc1fffd17b7,heavy_tailed,heavy_tailed,86593941250856672716819020154068767578,sorted,multi_chunk,auto,1,40,40,balanced,100000,2,71800
target/balance-work/smoke,d6350dac47abb672bf5f1d5ff430a251e2b4f85ccdcad4e2d5887dc1fffd17b7,heavy_tailed,heavy_tailed,86593941250856672716819020154068767578,sorted,multi_chunk,auto,1,40,40,baseline,0,2,67300
target/balance-work/smoke,d6350dac47abb672bf5f1d5ff430a251e2b4f85ccdcad4e2d5887dc1fffd17b7,heavy_tailed,heavy_tailed,86593941250856672716819020154068767578,sorted,multi_chunk,auto,1,40,40,repair,100000,2,73700
target/balance-work/smoke,d6350dac47abb672bf5f1d5ff430a251e2b4f85ccdcad4e2d5887dc1fffd17b7,heavy_tailed,heavy_tailed,86593941250856672716819020154068767578,sorted,multi_chunk,streaming,1,40,40,balanced,100000,0,321800
target/balance-work/smoke,d6350dac47abb672bf5f1d5ff430a251e2b4f85ccdcad4e2d5887dc1fffd17b7,heavy_tailed,heavy_tailed,86593941250856672716819020154068767578,sorted,multi_chunk,streaming,1,40,40,baseline,0,0,249300
target/balance-work/smoke,d6350dac47abb672bf5f1d5ff430a251e2b4f85ccdcad4e2d5887dc1fffd17b7,heavy_tailed,heavy_tailed,86593941250856672716819020154068767578,sorted,multi_chunk,streaming,1,40,40,repair,100000,0,331400
target/balance-work/smoke,d6350dac47abb672bf5f1d5ff430a251e2b4f85ccdcad4e2d5887dc1fffd17b7,heavy_tailed,heavy_tailed,86593941250856672716819020154068767578,sorted,multi_chunk,streaming,1,40,40,baseline,0,1,225500
target/balance-work/smoke,d6350dac47abb672bf5f1d5ff430a251e2b4f85ccdcad4e2d5887dc1fffd17b7,heavy_tailed,heavy_tailed,86593941250856672716819020154068767578,sorted,multi_chunk,streaming,1,40,40,repair,100000,1,194200
target/balance-work/smoke,d6350dac47abb672bf5f1d5ff430a251e2b4f85ccdcad4e2d5887dc1fffd17b7,heavy_tailed,heavy_tailed,86593941250856672716819020154068767578,sorted,multi_chunk,streaming,1,40,40,balanced,100000,1,194800
target/balance-work/smoke,d6350dac47abb672bf5f1d5ff430a251e2b4f85ccdcad4e2d5887dc1fffd17b7,heavy_tailed,heavy_tailed,86593941250856672716819020154068767578,sorted,multi_chunk,streaming,1,40,40,baseline,0,2,189300
target/balance-work/smoke,d6350dac47abb672bf5f1d5ff430a251e2b4f85ccdcad4e2d5887dc1fffd17b7,heavy_tailed,heavy_tailed,86593941250856672716819020154068767578,sorted,multi_chunk,streaming,1,40,40,repair,100000,2,208300
target/balance-work/smoke,d6350dac47abb672bf5f1d5ff430a251e2b4f85ccdcad4e2d5887dc1fffd17b7,heavy_tailed,heavy_tailed,86593941250856672716819020154068767578,sorted,multi_chunk,streaming,1,40,40,balanced,100000,2,200500
target/balance-work/smoke,8fff4f736a38e4ffd37cdfa9b51d8131f7a7351414d687621dada141418dd9ab,heavy_tailed,heavy_tailed,86593941250856672716819020154068767578,shuffled,integer,auto,1,40,40,repair,100000,0,76400
target/balance-work/smoke,8fff4f736a38e4ffd37cdfa9b51d8131f7a7351414d687621dada141418dd9ab,heavy_tailed,heavy_tailed,86593941250856672716819020154068767578,shuffled,integer,auto,1,40,40,balanced,100000,0,69600
target/balance-work/smoke,8fff4f736a38e4ffd37cdfa9b51d8131f7a7351414d687621dada141418dd9ab,heavy_tailed,heavy_tailed,86593941250856672716819020154068767578,shuffled,integer,auto,1,40,40,baseline,0,0,59800
target/balance-work/smoke,8fff4f736a38e4ffd37cdfa9b51d8131f7a7351414d687621dada141418dd9ab,heavy_tailed,heavy_tailed,86593941250856672716819020154068767578,shuffled,integer,auto,1,40,40,baseline,0,1,67300
target/balance-work/smoke,8fff4f736a38e4ffd37cdfa9b51d8131f7a7351414d687621dada141418dd9ab,heavy_tailed,heavy_tailed,86593941250856672716819020154068767578,shuffled,integer,auto,1,40,40,repair,100000,1,71400
target/balance-work/smoke,8fff4f736a38e4ffd37cdfa9b51d8131f7a7351414d687621dada141418dd9ab,heavy_tailed,heavy_tailed,86593941250856672716819020154068767578,shuffled,integer,auto,1,40,40,balanced,100000,1,68000
target/balance-work/smoke,8fff4f736a38e4ffd37cdfa9b51d8131f7a7351414d687621dada141418dd9ab,heavy_tailed,heavy_tailed,86593941250856672716819020154068767578,shuffled,integer,auto,1,40,40,balanced,100000,2,69900
target/balance-work/smoke,8fff4f736a38e4ffd37cdfa9b51d8131f7a7351414d687621dada141418dd9ab,heavy_tailed,heavy_tailed,86593941250856672716819020154068767578,shuffled,integer,auto,1,40,40,baseline,0,2,58400
target/balance-work/smoke,8fff4f736a38e4ffd37cdfa9b51d8131f7a7351414d687621dada141418dd9ab,heavy_tailed,heavy_tailed,86593941250856672716819020154068767578,shuffled,integer,auto,1,40,40,repair,100000,2,70200
target/balance-work/smoke,8fff4f736a38e4ffd37cdfa9b51d8131f7a7351414d687621dada141418dd9ab,heavy_tailed,heavy_tailed,86593941250856672716819020154068767578,shuffled,integer,streaming,1,40,40,baseline,0,0,543300
target/balance-work/smoke,8fff4f736a38e4ffd37cdfa9b51d8131f7a7351414d687621dada141418dd9ab,heavy_tailed,heavy_tailed,86593941250856672716819020154068767578,shuffled,integer,streaming,1,40,40,repair,100000,0,304000
target/balance-work/smoke,8fff4f736a38e4ffd37cdfa9b51d8131f7a7351414d687621dada141418dd9ab,heavy_tailed,heavy_tailed,86593941250856672716819020154068767578,shuffled,integer,streaming,1,40,40,balanced,100000,0,310300
target/balance-work/smoke,8fff4f736a38e4ffd37cdfa9b51d8131f7a7351414d687621dada141418dd9ab,heavy_tailed,heavy_tailed,86593941250856672716819020154068767578,shuffled,integer,streaming,1,40,40,balanced,100000,1,305000
target/balance-work/smoke,8fff4f736a38e4ffd37cdfa9b51d8131f7a7351414d687621dada141418dd9ab,heavy_tailed,heavy_tailed,86593941250856672716819020154068767578,shuffled,integer,streaming,1,40,40,baseline,0,1,276100
target/balance-work/smoke,8fff4f736a38e4ffd37cdfa9b51d8131f7a7351414d687621dada141418dd9ab,heavy_tailed,heavy_tailed,86593941250856672716819020154068767578,shuffled,integer,streaming,1,40,40,repair,100000,1,408900
target/balance-work/smoke,8fff4f736a38e4ffd37cdfa9b51d8131f7a7351414d687621dada141418dd9ab,heavy_tailed,heavy_tailed,86593941250856672716819020154068767578,shuffled,integer,streaming,1,40,40,repair,100000,2,316200
target/balance-work/smoke,8fff4f736a38e4ffd37cdfa9b51d8131f7a7351414d687621dada141418dd9ab,heavy_tailed,heavy_tailed,86593941250856672716819020154068767578,shuffled,integer,streaming,1,40,40,balanced,100000,2,286100
target/balance-work/smoke,8fff4f736a38e4ffd37cdfa9b51d8131f7a7351414d687621dada141418dd9ab,heavy_tailed,heavy_tailed,86593941250856672716819020154068767578,shuffled,integer,streaming,1,40,40,baseline,0,2,213200
target/balance-work/smoke,8fff4f736a38e4ffd37cdfa9b51d8131f7a7351414d687621dada141418dd9ab,heavy_tailed,heavy_tailed,86593941250856672716819020154068767578,shuffled,date,auto,1,40,40,repair,100000,0,104800
target/balance-work/smoke,8fff4f736a38e4ffd37cdfa9b51d8131f7a7351414d687621dada141418dd9ab,heavy_tailed,heavy_tailed,86593941250856672716819020154068767578,shuffled,date,auto,1,40,40,balanced,100000,0,275800
target/balance-work/smoke,8fff4f736a38e4ffd37cdfa9b51d8131f7a7351414d687621dada141418dd9ab,heavy_tailed,heavy_tailed,86593941250856672716819020154068767578,shuffled,date,auto,1,40,40,baseline,0,0,83200
target/balance-work/smoke,8fff4f736a38e4ffd37cdfa9b51d8131f7a7351414d687621dada141418dd9ab,heavy_tailed,heavy_tailed,86593941250856672716819020154068767578,shuffled,date,auto,1,40,40,baseline,0,1,96700
target/balance-work/smoke,8fff4f736a38e4ffd37cdfa9b51d8131f7a7351414d687621dada141418dd9ab,heavy_tailed,heavy_tailed,86593941250856672716819020154068767578,shuffled,date,auto,1,40,40,repair,100000,1,92200
target/balance-work/smoke,8fff4f736a38e4ffd37cdfa9b51d8131f7a7351414d687621dada141418dd9ab,heavy_tailed,heavy_tailed,86593941250856672716819020154068767578,shuffled,date,auto,1,40,40,balanced,100000,1,109000
target/balance-work/smoke,8fff4f736a38e4ffd37cdfa9b51d8131f7a7351414d687621dada141418dd9ab,heavy_tailed,heavy_tailed,86593941250856672716819020154068767578,shuffled,date,auto,1,40,40,repair,100000,2,88500
target/balance-work/smoke,8fff4f736a38e4ffd37cdfa9b51d8131f7a7351414d687621dada141418dd9ab,heavy_tailed,heavy_tailed,86593941250856672716819020154068767578,shuffled,date,auto,1,40,40,balanced,100000,2,115300
target/balance-work/smoke,8fff4f736a38e4ffd37cdfa9b51d8131f7a7351414d687621dada141418dd9ab,heavy_tailed,heavy_tailed,86593941250856672716819020154068767578,shuffled,date,auto,1,40,40,baseline,0,2,65800
target/balance-work/smoke,8fff4f736a38e4ffd37cdfa9b51d8131f7a7351414d687621dada141418dd9ab,heavy_tailed,heavy_tailed,86593941250856672716819020154068767578,shuffled,date,streaming,1,40,40,baseline,0,0,172400
target/balance-work/smoke,8fff4f736a38e4ffd37cdfa9b51d8131f7a7351414d687621dada141418dd9ab,heavy_tailed,heavy_tailed,86593941250856672716819020154068767578,shuffled,date,streaming,1,40,40,repair,100000,0,208600
target/balance-work/smoke,8fff4f736a38e4ffd37cdfa9b51d8131f7a7351414d687621dada141418dd9ab,heavy_tailed,heavy_tailed,86593941250856672716819020154068767578,shuffled,date,streaming,1,40,40,balanced,100000,0,185100
target/balance-work/smoke,8fff4f736a38e4ffd37cdfa9b51d8131f7a7351414d687621dada141418dd9ab,heavy_tailed,heavy_tailed,86593941250856672716819020154068767578,shuffled,date,streaming,1,40,40,balanced,100000,1,229300
target/balance-work/smoke,8fff4f736a38e4ffd37cdfa9b51d8131f7a7351414d687621dada141418dd9ab,heavy_tailed,heavy_tailed,86593941250856672716819020154068767578,shuffled,date,streaming,1,40,40,baseline,0,1,244900
target/balance-work/smoke,8fff4f736a38e4ffd37cdfa9b51d8131f7a7351414d687621dada141418dd9ab,heavy_tailed,heavy_tailed,86593941250856672716819020154068767578,shuffled,date,streaming,1,40,40,repair,100000,1,329100
target/balance-work/smoke,8fff4f736a38e4ffd37cdfa9b51d8131f7a7351414d687621dada141418dd9ab,heavy_tailed,heavy_tailed,86593941250856672716819020154068767578,shuffled,date,streaming,1,40,40,balanced,100000,2,239300
target/balance-work/smoke,8fff4f736a38e4ffd37cdfa9b51d8131f7a7351414d687621dada141418dd9ab,heavy_tailed,heavy_tailed,86593941250856672716819020154068767578,shuffled,date,streaming,1,40,40,baseline,0,2,273100
target/balance-work/smoke,8fff4f736a38e4ffd37cdfa9b51d8131f7a7351414d687621dada141418dd9ab,heavy_tailed,heavy_tailed,86593941250856672716819020154068767578,shuffled,date,streaming,1,40,40,repair,100000,2,316400
target/balance-work/smoke,8fff4f736a38e4ffd37cdfa9b51d8131f7a7351414d687621dada141418dd9ab,heavy_tailed,heavy_tailed,86593941250856672716819020154068767578,shuffled,datetime,auto,1,40,40,repair,100000,0,93600
target/balance-work/smoke,8fff4f736a38e4ffd37cdfa9b51d8131f7a7351414d687621dada141418dd9ab,heavy_tailed,heavy_tailed,86593941250856672716819020154068767578,shuffled,datetime,auto,1,40,40,balanced,100000,0,76900
target/balance-work/smoke,8fff4f736a38e4ffd37cdfa9b51d8131f7a7351414d687621dada141418dd9ab,heavy_tailed,heavy_tailed,86593941250856672716819020154068767578,shuffled,datetime,auto,1,40,40,baseline,0,0,65200
target/balance-work/smoke,8fff4f736a38e4ffd37cdfa9b51d8131f7a7351414d687621dada141418dd9ab,heavy_tailed,heavy_tailed,86593941250856672716819020154068767578,shuffled,datetime,auto,1,40,40,balanced,100000,1,77400
target/balance-work/smoke,8fff4f736a38e4ffd37cdfa9b51d8131f7a7351414d687621dada141418dd9ab,heavy_tailed,heavy_tailed,86593941250856672716819020154068767578,shuffled,datetime,auto,1,40,40,baseline,0,1,65100
target/balance-work/smoke,8fff4f736a38e4ffd37cdfa9b51d8131f7a7351414d687621dada141418dd9ab,heavy_tailed,heavy_tailed,86593941250856672716819020154068767578,shuffled,datetime,auto,1,40,40,repair,100000,1,79300
target/balance-work/smoke,8fff4f736a38e4ffd37cdfa9b51d8131f7a7351414d687621dada141418dd9ab,heavy_tailed,heavy_tailed,86593941250856672716819020154068767578,shuffled,datetime,auto,1,40,40,baseline,0,2,70100
target/balance-work/smoke,8fff4f736a38e4ffd37cdfa9b51d8131f7a7351414d687621dada141418dd9ab,heavy_tailed,heavy_tailed,86593941250856672716819020154068767578,shuffled,datetime,auto,1,40,40,repair,100000,2,78400
target/balance-work/smoke,8fff4f736a38e4ffd37cdfa9b51d8131f7a7351414d687621dada141418dd9ab,heavy_tailed,heavy_tailed,86593941250856672716819020154068767578,shuffled,datetime,auto,1,40,40,balanced,100000,2,74600
target/balance-work/smoke,8fff4f736a38e4ffd37cdfa9b51d8131f7a7351414d687621dada141418dd9ab,heavy_tailed,heavy_tailed,86593941250856672716819020154068767578,shuffled,datetime,streaming,1,40,40,repair,100000,0,276000
target/balance-work/smoke,8fff4f736a38e4ffd37cdfa9b51d8131f7a7351414d687621dada141418dd9ab,heavy_tailed,heavy_tailed,86593941250856672716819020154068767578,shuffled,datetime,streaming,1,40,40,balanced,100000,0,269200
target/balance-work/smoke,8fff4f736a38e4ffd37cdfa9b51d8131f7a7351414d687621dada141418dd9ab,heavy_tailed,heavy_tailed,86593941250856672716819020154068767578,shuffled,datetime,streaming,1,40,40,baseline,0,0,278300
target/balance-work/smoke,8fff4f736a38e4ffd37cdfa9b51d8131f7a7351414d687621dada141418dd9ab,heavy_tailed,heavy_tailed,86593941250856672716819020154068767578,shuffled,datetime,streaming,1,40,40,repair,100000,1,310000
target/balance-work/smoke,8fff4f736a38e4ffd37cdfa9b51d8131f7a7351414d687621dada141418dd9ab,heavy_tailed,heavy_tailed,86593941250856672716819020154068767578,shuffled,datetime,streaming,1,40,40,balanced,100000,1,238500
target/balance-work/smoke,8fff4f736a38e4ffd37cdfa9b51d8131f7a7351414d687621dada141418dd9ab,heavy_tailed,heavy_tailed,86593941250856672716819020154068767578,shuffled,datetime,streaming,1,40,40,baseline,0,1,249100
target/balance-work/smoke,8fff4f736a38e4ffd37cdfa9b51d8131f7a7351414d687621dada141418dd9ab,heavy_tailed,heavy_tailed,86593941250856672716819020154068767578,shuffled,datetime,streaming,1,40,40,balanced,100000,2,252300
target/balance-work/smoke,8fff4f736a38e4ffd37cdfa9b51d8131f7a7351414d687621dada141418dd9ab,heavy_tailed,heavy_tailed,86593941250856672716819020154068767578,shuffled,datetime,streaming,1,40,40,baseline,0,2,323600
target/balance-work/smoke,8fff4f736a38e4ffd37cdfa9b51d8131f7a7351414d687621dada141418dd9ab,heavy_tailed,heavy_tailed,86593941250856672716819020154068767578,shuffled,datetime,streaming,1,40,40,repair,100000,2,343200
target/balance-work/smoke,8fff4f736a38e4ffd37cdfa9b51d8131f7a7351414d687621dada141418dd9ab,heavy_tailed,heavy_tailed,86593941250856672716819020154068767578,shuffled,grouped,auto,4,160,40,balanced,100000,0,160300
target/balance-work/smoke,8fff4f736a38e4ffd37cdfa9b51d8131f7a7351414d687621dada141418dd9ab,heavy_tailed,heavy_tailed,86593941250856672716819020154068767578,shuffled,grouped,auto,4,160,40,baseline,0,0,125600
target/balance-work/smoke,8fff4f736a38e4ffd37cdfa9b51d8131f7a7351414d687621dada141418dd9ab,heavy_tailed,heavy_tailed,86593941250856672716819020154068767578,shuffled,grouped,auto,4,160,40,repair,100000,0,205100
target/balance-work/smoke,8fff4f736a38e4ffd37cdfa9b51d8131f7a7351414d687621dada141418dd9ab,heavy_tailed,heavy_tailed,86593941250856672716819020154068767578,shuffled,grouped,auto,4,160,40,baseline,0,1,221100
target/balance-work/smoke,8fff4f736a38e4ffd37cdfa9b51d8131f7a7351414d687621dada141418dd9ab,heavy_tailed,heavy_tailed,86593941250856672716819020154068767578,shuffled,grouped,auto,4,160,40,repair,100000,1,271900
target/balance-work/smoke,8fff4f736a38e4ffd37cdfa9b51d8131f7a7351414d687621dada141418dd9ab,heavy_tailed,heavy_tailed,86593941250856672716819020154068767578,shuffled,grouped,auto,4,160,40,balanced,100000,1,229300
target/balance-work/smoke,8fff4f736a38e4ffd37cdfa9b51d8131f7a7351414d687621dada141418dd9ab,heavy_tailed,heavy_tailed,86593941250856672716819020154068767578,shuffled,grouped,auto,4,160,40,repair,100000,2,236500
target/balance-work/smoke,8fff4f736a38e4ffd37cdfa9b51d8131f7a7351414d687621dada141418dd9ab,heavy_tailed,heavy_tailed,86593941250856672716819020154068767578,shuffled,grouped,auto,4,160,40,balanced,100000,2,307800
target/balance-work/smoke,8fff4f736a38e4ffd37cdfa9b51d8131f7a7351414d687621dada141418dd9ab,heavy_tailed,heavy_tailed,86593941250856672716819020154068767578,shuffled,grouped,auto,4,160,40,baseline,0,2,186300
target/balance-work/smoke,8fff4f736a38e4ffd37cdfa9b51d8131f7a7351414d687621dada141418dd9ab,heavy_tailed,heavy_tailed,86593941250856672716819020154068767578,shuffled,grouped,streaming,4,160,40,balanced,100000,0,238800
target/balance-work/smoke,8fff4f736a38e4ffd37cdfa9b51d8131f7a7351414d687621dada141418dd9ab,heavy_tailed,heavy_tailed,86593941250856672716819020154068767578,shuffled,grouped,streaming,4,160,40,baseline,0,0,277200
target/balance-work/smoke,8fff4f736a38e4ffd37cdfa9b51d8131f7a7351414d687621dada141418dd9ab,heavy_tailed,heavy_tailed,86593941250856672716819020154068767578,shuffled,grouped,streaming,4,160,40,repair,100000,0,235400
target/balance-work/smoke,8fff4f736a38e4ffd37cdfa9b51d8131f7a7351414d687621dada141418dd9ab,heavy_tailed,heavy_tailed,86593941250856672716819020154068767578,shuffled,grouped,streaming,4,160,40,balanced,100000,1,209700
target/balance-work/smoke,8fff4f736a38e4ffd37cdfa9b51d8131f7a7351414d687621dada141418dd9ab,heavy_tailed,heavy_tailed,86593941250856672716819020154068767578,shuffled,grouped,streaming,4,160,40,baseline,0,1,226000
target/balance-work/smoke,8fff4f736a38e4ffd37cdfa9b51d8131f7a7351414d687621dada141418dd9ab,heavy_tailed,heavy_tailed,86593941250856672716819020154068767578,shuffled,grouped,streaming,4,160,40,repair,100000,1,253200
target/balance-work/smoke,8fff4f736a38e4ffd37cdfa9b51d8131f7a7351414d687621dada141418dd9ab,heavy_tailed,heavy_tailed,86593941250856672716819020154068767578,shuffled,grouped,streaming,4,160,40,baseline,0,2,235700
target/balance-work/smoke,8fff4f736a38e4ffd37cdfa9b51d8131f7a7351414d687621dada141418dd9ab,heavy_tailed,heavy_tailed,86593941250856672716819020154068767578,shuffled,grouped,streaming,4,160,40,repair,100000,2,272900
target/balance-work/smoke,8fff4f736a38e4ffd37cdfa9b51d8131f7a7351414d687621dada141418dd9ab,heavy_tailed,heavy_tailed,86593941250856672716819020154068767578,shuffled,grouped,streaming,4,160,40,balanced,100000,2,261100
target/balance-work/smoke,8fff4f736a38e4ffd37cdfa9b51d8131f7a7351414d687621dada141418dd9ab,heavy_tailed,heavy_tailed,86593941250856672716819020154068767578,shuffled,sliced,auto,1,40,40,balanced,100000,0,69600
target/balance-work/smoke,8fff4f736a38e4ffd37cdfa9b51d8131f7a7351414d687621dada141418dd9ab,heavy_tailed,heavy_tailed,86593941250856672716819020154068767578,shuffled,sliced,auto,1,40,40,baseline,0,0,84900
target/balance-work/smoke,8fff4f736a38e4ffd37cdfa9b51d8131f7a7351414d687621dada141418dd9ab,heavy_tailed,heavy_tailed,86593941250856672716819020154068767578,shuffled,sliced,auto,1,40,40,repair,100000,0,73000
target/balance-work/smoke,8fff4f736a38e4ffd37cdfa9b51d8131f7a7351414d687621dada141418dd9ab,heavy_tailed,heavy_tailed,86593941250856672716819020154068767578,shuffled,sliced,auto,1,40,40,baseline,0,1,63800
target/balance-work/smoke,8fff4f736a38e4ffd37cdfa9b51d8131f7a7351414d687621dada141418dd9ab,heavy_tailed,heavy_tailed,86593941250856672716819020154068767578,shuffled,sliced,auto,1,40,40,repair,100000,1,71200
target/balance-work/smoke,8fff4f736a38e4ffd37cdfa9b51d8131f7a7351414d687621dada141418dd9ab,heavy_tailed,heavy_tailed,86593941250856672716819020154068767578,shuffled,sliced,auto,1,40,40,balanced,100000,1,69400
target/balance-work/smoke,8fff4f736a38e4ffd37cdfa9b51d8131f7a7351414d687621dada141418dd9ab,heavy_tailed,heavy_tailed,86593941250856672716819020154068767578,shuffled,sliced,auto,1,40,40,balanced,100000,2,71800
target/balance-work/smoke,8fff4f736a38e4ffd37cdfa9b51d8131f7a7351414d687621dada141418dd9ab,heavy_tailed,heavy_tailed,86593941250856672716819020154068767578,shuffled,sliced,auto,1,40,40,baseline,0,2,58800
target/balance-work/smoke,8fff4f736a38e4ffd37cdfa9b51d8131f7a7351414d687621dada141418dd9ab,heavy_tailed,heavy_tailed,86593941250856672716819020154068767578,shuffled,sliced,auto,1,40,40,repair,100000,2,78500
target/balance-work/smoke,8fff4f736a38e4ffd37cdfa9b51d8131f7a7351414d687621dada141418dd9ab,heavy_tailed,heavy_tailed,86593941250856672716819020154068767578,shuffled,sliced,streaming,1,40,40,balanced,100000,0,176600
target/balance-work/smoke,8fff4f736a38e4ffd37cdfa9b51d8131f7a7351414d687621dada141418dd9ab,heavy_tailed,heavy_tailed,86593941250856672716819020154068767578,shuffled,sliced,streaming,1,40,40,baseline,0,0,180900
target/balance-work/smoke,8fff4f736a38e4ffd37cdfa9b51d8131f7a7351414d687621dada141418dd9ab,heavy_tailed,heavy_tailed,86593941250856672716819020154068767578,shuffled,sliced,streaming,1,40,40,repair,100000,0,197500
target/balance-work/smoke,8fff4f736a38e4ffd37cdfa9b51d8131f7a7351414d687621dada141418dd9ab,heavy_tailed,heavy_tailed,86593941250856672716819020154068767578,shuffled,sliced,streaming,1,40,40,baseline,0,1,180500
target/balance-work/smoke,8fff4f736a38e4ffd37cdfa9b51d8131f7a7351414d687621dada141418dd9ab,heavy_tailed,heavy_tailed,86593941250856672716819020154068767578,shuffled,sliced,streaming,1,40,40,repair,100000,1,210300
target/balance-work/smoke,8fff4f736a38e4ffd37cdfa9b51d8131f7a7351414d687621dada141418dd9ab,heavy_tailed,heavy_tailed,86593941250856672716819020154068767578,shuffled,sliced,streaming,1,40,40,balanced,100000,1,299800
target/balance-work/smoke,8fff4f736a38e4ffd37cdfa9b51d8131f7a7351414d687621dada141418dd9ab,heavy_tailed,heavy_tailed,86593941250856672716819020154068767578,shuffled,sliced,streaming,1,40,40,baseline,0,2,204700
target/balance-work/smoke,8fff4f736a38e4ffd37cdfa9b51d8131f7a7351414d687621dada141418dd9ab,heavy_tailed,heavy_tailed,86593941250856672716819020154068767578,shuffled,sliced,streaming,1,40,40,repair,100000,2,195400
target/balance-work/smoke,8fff4f736a38e4ffd37cdfa9b51d8131f7a7351414d687621dada141418dd9ab,heavy_tailed,heavy_tailed,86593941250856672716819020154068767578,shuffled,sliced,streaming,1,40,40,balanced,100000,2,195200
target/balance-work/smoke,8fff4f736a38e4ffd37cdfa9b51d8131f7a7351414d687621dada141418dd9ab,heavy_tailed,heavy_tailed,86593941250856672716819020154068767578,shuffled,multi_chunk,auto,1,40,40,balanced,100000,0,72600
target/balance-work/smoke,8fff4f736a38e4ffd37cdfa9b51d8131f7a7351414d687621dada141418dd9ab,heavy_tailed,heavy_tailed,86593941250856672716819020154068767578,shuffled,multi_chunk,auto,1,40,40,baseline,0,0,65100
target/balance-work/smoke,8fff4f736a38e4ffd37cdfa9b51d8131f7a7351414d687621dada141418dd9ab,heavy_tailed,heavy_tailed,86593941250856672716819020154068767578,shuffled,multi_chunk,auto,1,40,40,repair,100000,0,74500
target/balance-work/smoke,8fff4f736a38e4ffd37cdfa9b51d8131f7a7351414d687621dada141418dd9ab,heavy_tailed,heavy_tailed,86593941250856672716819020154068767578,shuffled,multi_chunk,auto,1,40,40,balanced,100000,1,74400
target/balance-work/smoke,8fff4f736a38e4ffd37cdfa9b51d8131f7a7351414d687621dada141418dd9ab,heavy_tailed,heavy_tailed,86593941250856672716819020154068767578,shuffled,multi_chunk,auto,1,40,40,baseline,0,1,61800
target/balance-work/smoke,8fff4f736a38e4ffd37cdfa9b51d8131f7a7351414d687621dada141418dd9ab,heavy_tailed,heavy_tailed,86593941250856672716819020154068767578,shuffled,multi_chunk,auto,1,40,40,repair,100000,1,73700
target/balance-work/smoke,8fff4f736a38e4ffd37cdfa9b51d8131f7a7351414d687621dada141418dd9ab,heavy_tailed,heavy_tailed,86593941250856672716819020154068767578,shuffled,multi_chunk,auto,1,40,40,balanced,100000,2,74100
target/balance-work/smoke,8fff4f736a38e4ffd37cdfa9b51d8131f7a7351414d687621dada141418dd9ab,heavy_tailed,heavy_tailed,86593941250856672716819020154068767578,shuffled,multi_chunk,auto,1,40,40,baseline,0,2,61200
target/balance-work/smoke,8fff4f736a38e4ffd37cdfa9b51d8131f7a7351414d687621dada141418dd9ab,heavy_tailed,heavy_tailed,86593941250856672716819020154068767578,shuffled,multi_chunk,auto,1,40,40,repair,100000,2,74400
target/balance-work/smoke,8fff4f736a38e4ffd37cdfa9b51d8131f7a7351414d687621dada141418dd9ab,heavy_tailed,heavy_tailed,86593941250856672716819020154068767578,shuffled,multi_chunk,streaming,1,40,40,baseline,0,0,188800
target/balance-work/smoke,8fff4f736a38e4ffd37cdfa9b51d8131f7a7351414d687621dada141418dd9ab,heavy_tailed,heavy_tailed,86593941250856672716819020154068767578,shuffled,multi_chunk,streaming,1,40,40,repair,100000,0,193300
target/balance-work/smoke,8fff4f736a38e4ffd37cdfa9b51d8131f7a7351414d687621dada141418dd9ab,heavy_tailed,heavy_tailed,86593941250856672716819020154068767578,shuffled,multi_chunk,streaming,1,40,40,balanced,100000,0,175600
target/balance-work/smoke,8fff4f736a38e4ffd37cdfa9b51d8131f7a7351414d687621dada141418dd9ab,heavy_tailed,heavy_tailed,86593941250856672716819020154068767578,shuffled,multi_chunk,streaming,1,40,40,repair,100000,1,191300
target/balance-work/smoke,8fff4f736a38e4ffd37cdfa9b51d8131f7a7351414d687621dada141418dd9ab,heavy_tailed,heavy_tailed,86593941250856672716819020154068767578,shuffled,multi_chunk,streaming,1,40,40,balanced,100000,1,216300
target/balance-work/smoke,8fff4f736a38e4ffd37cdfa9b51d8131f7a7351414d687621dada141418dd9ab,heavy_tailed,heavy_tailed,86593941250856672716819020154068767578,shuffled,multi_chunk,streaming,1,40,40,baseline,0,1,216100
target/balance-work/smoke,8fff4f736a38e4ffd37cdfa9b51d8131f7a7351414d687621dada141418dd9ab,heavy_tailed,heavy_tailed,86593941250856672716819020154068767578,shuffled,multi_chunk,streaming,1,40,40,baseline,0,2,184400
target/balance-work/smoke,8fff4f736a38e4ffd37cdfa9b51d8131f7a7351414d687621dada141418dd9ab,heavy_tailed,heavy_tailed,86593941250856672716819020154068767578,shuffled,multi_chunk,streaming,1,40,40,repair,100000,2,197800
target/balance-work/smoke,8fff4f736a38e4ffd37cdfa9b51d8131f7a7351414d687621dada141418dd9ab,heavy_tailed,heavy_tailed,86593941250856672716819020154068767578,shuffled,multi_chunk,streaming,1,40,40,balanced,100000,2,194600
target/balance-work/smoke,085a17af089887c83d30dafd1ce8cc31417fd44449341619b362793fdd3c3eab,bursty,bursty,63790751624337083192791315569522342316,sorted,integer,auto,1,40,40,repair,100000,0,86300
target/balance-work/smoke,085a17af089887c83d30dafd1ce8cc31417fd44449341619b362793fdd3c3eab,bursty,bursty,63790751624337083192791315569522342316,sorted,integer,auto,1,40,40,balanced,100000,0,70400
target/balance-work/smoke,085a17af089887c83d30dafd1ce8cc31417fd44449341619b362793fdd3c3eab,bursty,bursty,63790751624337083192791315569522342316,sorted,integer,auto,1,40,40,baseline,0,0,58600
target/balance-work/smoke,085a17af089887c83d30dafd1ce8cc31417fd44449341619b362793fdd3c3eab,bursty,bursty,63790751624337083192791315569522342316,sorted,integer,auto,1,40,40,balanced,100000,1,70800
target/balance-work/smoke,085a17af089887c83d30dafd1ce8cc31417fd44449341619b362793fdd3c3eab,bursty,bursty,63790751624337083192791315569522342316,sorted,integer,auto,1,40,40,baseline,0,1,58500
target/balance-work/smoke,085a17af089887c83d30dafd1ce8cc31417fd44449341619b362793fdd3c3eab,bursty,bursty,63790751624337083192791315569522342316,sorted,integer,auto,1,40,40,repair,100000,1,74700
target/balance-work/smoke,085a17af089887c83d30dafd1ce8cc31417fd44449341619b362793fdd3c3eab,bursty,bursty,63790751624337083192791315569522342316,sorted,integer,auto,1,40,40,repair,100000,2,78000
target/balance-work/smoke,085a17af089887c83d30dafd1ce8cc31417fd44449341619b362793fdd3c3eab,bursty,bursty,63790751624337083192791315569522342316,sorted,integer,auto,1,40,40,balanced,100000,2,68000
target/balance-work/smoke,085a17af089887c83d30dafd1ce8cc31417fd44449341619b362793fdd3c3eab,bursty,bursty,63790751624337083192791315569522342316,sorted,integer,auto,1,40,40,baseline,0,2,59900
target/balance-work/smoke,085a17af089887c83d30dafd1ce8cc31417fd44449341619b362793fdd3c3eab,bursty,bursty,63790751624337083192791315569522342316,sorted,integer,streaming,1,40,40,balanced,100000,0,177300
target/balance-work/smoke,085a17af089887c83d30dafd1ce8cc31417fd44449341619b362793fdd3c3eab,bursty,bursty,63790751624337083192791315569522342316,sorted,integer,streaming,1,40,40,baseline,0,0,156400
target/balance-work/smoke,085a17af089887c83d30dafd1ce8cc31417fd44449341619b362793fdd3c3eab,bursty,bursty,63790751624337083192791315569522342316,sorted,integer,streaming,1,40,40,repair,100000,0,227700
target/balance-work/smoke,085a17af089887c83d30dafd1ce8cc31417fd44449341619b362793fdd3c3eab,bursty,bursty,63790751624337083192791315569522342316,sorted,integer,streaming,1,40,40,balanced,100000,1,233600
target/balance-work/smoke,085a17af089887c83d30dafd1ce8cc31417fd44449341619b362793fdd3c3eab,bursty,bursty,63790751624337083192791315569522342316,sorted,integer,streaming,1,40,40,baseline,0,1,177600
target/balance-work/smoke,085a17af089887c83d30dafd1ce8cc31417fd44449341619b362793fdd3c3eab,bursty,bursty,63790751624337083192791315569522342316,sorted,integer,streaming,1,40,40,repair,100000,1,185200
target/balance-work/smoke,085a17af089887c83d30dafd1ce8cc31417fd44449341619b362793fdd3c3eab,bursty,bursty,63790751624337083192791315569522342316,sorted,integer,streaming,1,40,40,repair,100000,2,218800
target/balance-work/smoke,085a17af089887c83d30dafd1ce8cc31417fd44449341619b362793fdd3c3eab,bursty,bursty,63790751624337083192791315569522342316,sorted,integer,streaming,1,40,40,balanced,100000,2,175500
target/balance-work/smoke,085a17af089887c83d30dafd1ce8cc31417fd44449341619b362793fdd3c3eab,bursty,bursty,63790751624337083192791315569522342316,sorted,integer,streaming,1,40,40,baseline,0,2,159700
target/balance-work/smoke,085a17af089887c83d30dafd1ce8cc31417fd44449341619b362793fdd3c3eab,bursty,bursty,63790751624337083192791315569522342316,sorted,date,auto,1,40,40,baseline,0,0,63500
target/balance-work/smoke,085a17af089887c83d30dafd1ce8cc31417fd44449341619b362793fdd3c3eab,bursty,bursty,63790751624337083192791315569522342316,sorted,date,auto,1,40,40,repair,100000,0,77000
target/balance-work/smoke,085a17af089887c83d30dafd1ce8cc31417fd44449341619b362793fdd3c3eab,bursty,bursty,63790751624337083192791315569522342316,sorted,date,auto,1,40,40,balanced,100000,0,69700
target/balance-work/smoke,085a17af089887c83d30dafd1ce8cc31417fd44449341619b362793fdd3c3eab,bursty,bursty,63790751624337083192791315569522342316,sorted,date,auto,1,40,40,balanced,100000,1,76800
target/balance-work/smoke,085a17af089887c83d30dafd1ce8cc31417fd44449341619b362793fdd3c3eab,bursty,bursty,63790751624337083192791315569522342316,sorted,date,auto,1,40,40,baseline,0,1,62600
target/balance-work/smoke,085a17af089887c83d30dafd1ce8cc31417fd44449341619b362793fdd3c3eab,bursty,bursty,63790751624337083192791315569522342316,sorted,date,auto,1,40,40,repair,100000,1,76200
target/balance-work/smoke,085a17af089887c83d30dafd1ce8cc31417fd44449341619b362793fdd3c3eab,bursty,bursty,63790751624337083192791315569522342316,sorted,date,auto,1,40,40,repair,100000,2,80500
target/balance-work/smoke,085a17af089887c83d30dafd1ce8cc31417fd44449341619b362793fdd3c3eab,bursty,bursty,63790751624337083192791315569522342316,sorted,date,auto,1,40,40,balanced,100000,2,69600
target/balance-work/smoke,085a17af089887c83d30dafd1ce8cc31417fd44449341619b362793fdd3c3eab,bursty,bursty,63790751624337083192791315569522342316,sorted,date,auto,1,40,40,baseline,0,2,62300
target/balance-work/smoke,085a17af089887c83d30dafd1ce8cc31417fd44449341619b362793fdd3c3eab,bursty,bursty,63790751624337083192791315569522342316,sorted,date,streaming,1,40,40,balanced,100000,0,173100
target/balance-work/smoke,085a17af089887c83d30dafd1ce8cc31417fd44449341619b362793fdd3c3eab,bursty,bursty,63790751624337083192791315569522342316,sorted,date,streaming,1,40,40,baseline,0,0,159200
target/balance-work/smoke,085a17af089887c83d30dafd1ce8cc31417fd44449341619b362793fdd3c3eab,bursty,bursty,63790751624337083192791315569522342316,sorted,date,streaming,1,40,40,repair,100000,0,183400
target/balance-work/smoke,085a17af089887c83d30dafd1ce8cc31417fd44449341619b362793fdd3c3eab,bursty,bursty,63790751624337083192791315569522342316,sorted,date,streaming,1,40,40,repair,100000,1,186900
target/balance-work/smoke,085a17af089887c83d30dafd1ce8cc31417fd44449341619b362793fdd3c3eab,bursty,bursty,63790751624337083192791315569522342316,sorted,date,streaming,1,40,40,balanced,100000,1,172600
target/balance-work/smoke,085a17af089887c83d30dafd1ce8cc31417fd44449341619b362793fdd3c3eab,bursty,bursty,63790751624337083192791315569522342316,sorted,date,streaming,1,40,40,baseline,0,1,141500
target/balance-work/smoke,085a17af089887c83d30dafd1ce8cc31417fd44449341619b362793fdd3c3eab,bursty,bursty,63790751624337083192791315569522342316,sorted,date,streaming,1,40,40,balanced,100000,2,166800
target/balance-work/smoke,085a17af089887c83d30dafd1ce8cc31417fd44449341619b362793fdd3c3eab,bursty,bursty,63790751624337083192791315569522342316,sorted,date,streaming,1,40,40,baseline,0,2,151300
target/balance-work/smoke,085a17af089887c83d30dafd1ce8cc31417fd44449341619b362793fdd3c3eab,bursty,bursty,63790751624337083192791315569522342316,sorted,date,streaming,1,40,40,repair,100000,2,192800
target/balance-work/smoke,085a17af089887c83d30dafd1ce8cc31417fd44449341619b362793fdd3c3eab,bursty,bursty,63790751624337083192791315569522342316,sorted,datetime,auto,1,40,40,baseline,0,0,62100
target/balance-work/smoke,085a17af089887c83d30dafd1ce8cc31417fd44449341619b362793fdd3c3eab,bursty,bursty,63790751624337083192791315569522342316,sorted,datetime,auto,1,40,40,repair,100000,0,78600
target/balance-work/smoke,085a17af089887c83d30dafd1ce8cc31417fd44449341619b362793fdd3c3eab,bursty,bursty,63790751624337083192791315569522342316,sorted,datetime,auto,1,40,40,balanced,100000,0,75500
target/balance-work/smoke,085a17af089887c83d30dafd1ce8cc31417fd44449341619b362793fdd3c3eab,bursty,bursty,63790751624337083192791315569522342316,sorted,datetime,auto,1,40,40,repair,100000,1,83000
target/balance-work/smoke,085a17af089887c83d30dafd1ce8cc31417fd44449341619b362793fdd3c3eab,bursty,bursty,63790751624337083192791315569522342316,sorted,datetime,auto,1,40,40,balanced,100000,1,70600
target/balance-work/smoke,085a17af089887c83d30dafd1ce8cc31417fd44449341619b362793fdd3c3eab,bursty,bursty,63790751624337083192791315569522342316,sorted,datetime,auto,1,40,40,baseline,0,1,61500
target/balance-work/smoke,085a17af089887c83d30dafd1ce8cc31417fd44449341619b362793fdd3c3eab,bursty,bursty,63790751624337083192791315569522342316,sorted,datetime,auto,1,40,40,repair,100000,2,86000
target/balance-work/smoke,085a17af089887c83d30dafd1ce8cc31417fd44449341619b362793fdd3c3eab,bursty,bursty,63790751624337083192791315569522342316,sorted,datetime,auto,1,40,40,balanced,100000,2,70100
target/balance-work/smoke,085a17af089887c83d30dafd1ce8cc31417fd44449341619b362793fdd3c3eab,bursty,bursty,63790751624337083192791315569522342316,sorted,datetime,auto,1,40,40,baseline,0,2,60400
target/balance-work/smoke,085a17af089887c83d30dafd1ce8cc31417fd44449341619b362793fdd3c3eab,bursty,bursty,63790751624337083192791315569522342316,sorted,datetime,streaming,1,40,40,balanced,100000,0,178200
target/balance-work/smoke,085a17af089887c83d30dafd1ce8cc31417fd44449341619b362793fdd3c3eab,bursty,bursty,63790751624337083192791315569522342316,sorted,datetime,streaming,1,40,40,baseline,0,0,172400
target/balance-work/smoke,085a17af089887c83d30dafd1ce8cc31417fd44449341619b362793fdd3c3eab,bursty,bursty,63790751624337083192791315569522342316,sorted,datetime,streaming,1,40,40,repair,100000,0,187100
target/balance-work/smoke,085a17af089887c83d30dafd1ce8cc31417fd44449341619b362793fdd3c3eab,bursty,bursty,63790751624337083192791315569522342316,sorted,datetime,streaming,1,40,40,repair,100000,1,190300
target/balance-work/smoke,085a17af089887c83d30dafd1ce8cc31417fd44449341619b362793fdd3c3eab,bursty,bursty,63790751624337083192791315569522342316,sorted,datetime,streaming,1,40,40,balanced,100000,1,170300
target/balance-work/smoke,085a17af089887c83d30dafd1ce8cc31417fd44449341619b362793fdd3c3eab,bursty,bursty,63790751624337083192791315569522342316,sorted,datetime,streaming,1,40,40,baseline,0,1,180000
target/balance-work/smoke,085a17af089887c83d30dafd1ce8cc31417fd44449341619b362793fdd3c3eab,bursty,bursty,63790751624337083192791315569522342316,sorted,datetime,streaming,1,40,40,repair,100000,2,195000
target/balance-work/smoke,085a17af089887c83d30dafd1ce8cc31417fd44449341619b362793fdd3c3eab,bursty,bursty,63790751624337083192791315569522342316,sorted,datetime,streaming,1,40,40,balanced,100000,2,183600
target/balance-work/smoke,085a17af089887c83d30dafd1ce8cc31417fd44449341619b362793fdd3c3eab,bursty,bursty,63790751624337083192791315569522342316,sorted,datetime,streaming,1,40,40,baseline,0,2,169400
target/balance-work/smoke,085a17af089887c83d30dafd1ce8cc31417fd44449341619b362793fdd3c3eab,bursty,bursty,63790751624337083192791315569522342316,sorted,grouped,auto,4,160,40,repair,100000,0,268600
target/balance-work/smoke,085a17af089887c83d30dafd1ce8cc31417fd44449341619b362793fdd3c3eab,bursty,bursty,63790751624337083192791315569522342316,sorted,grouped,auto,4,160,40,balanced,100000,0,202300
target/balance-work/smoke,085a17af089887c83d30dafd1ce8cc31417fd44449341619b362793fdd3c3eab,bursty,bursty,63790751624337083192791315569522342316,sorted,grouped,auto,4,160,40,baseline,0,0,140300
target/balance-work/smoke,085a17af089887c83d30dafd1ce8cc31417fd44449341619b362793fdd3c3eab,bursty,bursty,63790751624337083192791315569522342316,sorted,grouped,auto,4,160,40,repair,100000,1,238300
target/balance-work/smoke,085a17af089887c83d30dafd1ce8cc31417fd44449341619b362793fdd3c3eab,bursty,bursty,63790751624337083192791315569522342316,sorted,grouped,auto,4,160,40,balanced,100000,1,180800
target/balance-work/smoke,085a17af089887c83d30dafd1ce8cc31417fd44449341619b362793fdd3c3eab,bursty,bursty,63790751624337083192791315569522342316,sorted,grouped,auto,4,160,40,baseline,0,1,184500
target/balance-work/smoke,085a17af089887c83d30dafd1ce8cc31417fd44449341619b362793fdd3c3eab,bursty,bursty,63790751624337083192791315569522342316,sorted,grouped,auto,4,160,40,repair,100000,2,192400
target/balance-work/smoke,085a17af089887c83d30dafd1ce8cc31417fd44449341619b362793fdd3c3eab,bursty,bursty,63790751624337083192791315569522342316,sorted,grouped,auto,4,160,40,balanced,100000,2,159400
target/balance-work/smoke,085a17af089887c83d30dafd1ce8cc31417fd44449341619b362793fdd3c3eab,bursty,bursty,63790751624337083192791315569522342316,sorted,grouped,auto,4,160,40,baseline,0,2,120600
target/balance-work/smoke,085a17af089887c83d30dafd1ce8cc31417fd44449341619b362793fdd3c3eab,bursty,bursty,63790751624337083192791315569522342316,sorted,grouped,streaming,4,160,40,balanced,100000,0,246200
target/balance-work/smoke,085a17af089887c83d30dafd1ce8cc31417fd44449341619b362793fdd3c3eab,bursty,bursty,63790751624337083192791315569522342316,sorted,grouped,streaming,4,160,40,baseline,0,0,213400
target/balance-work/smoke,085a17af089887c83d30dafd1ce8cc31417fd44449341619b362793fdd3c3eab,bursty,bursty,63790751624337083192791315569522342316,sorted,grouped,streaming,4,160,40,repair,100000,0,265700
target/balance-work/smoke,085a17af089887c83d30dafd1ce8cc31417fd44449341619b362793fdd3c3eab,bursty,bursty,63790751624337083192791315569522342316,sorted,grouped,streaming,4,160,40,balanced,100000,1,256700
target/balance-work/smoke,085a17af089887c83d30dafd1ce8cc31417fd44449341619b362793fdd3c3eab,bursty,bursty,63790751624337083192791315569522342316,sorted,grouped,streaming,4,160,40,baseline,0,1,258800
target/balance-work/smoke,085a17af089887c83d30dafd1ce8cc31417fd44449341619b362793fdd3c3eab,bursty,bursty,63790751624337083192791315569522342316,sorted,grouped,streaming,4,160,40,repair,100000,1,293200
target/balance-work/smoke,085a17af089887c83d30dafd1ce8cc31417fd44449341619b362793fdd3c3eab,bursty,bursty,63790751624337083192791315569522342316,sorted,grouped,streaming,4,160,40,balanced,100000,2,226900
target/balance-work/smoke,085a17af089887c83d30dafd1ce8cc31417fd44449341619b362793fdd3c3eab,bursty,bursty,63790751624337083192791315569522342316,sorted,grouped,streaming,4,160,40,baseline,0,2,229700
target/balance-work/smoke,085a17af089887c83d30dafd1ce8cc31417fd44449341619b362793fdd3c3eab,bursty,bursty,63790751624337083192791315569522342316,sorted,grouped,streaming,4,160,40,repair,100000,2,263500
target/balance-work/smoke,085a17af089887c83d30dafd1ce8cc31417fd44449341619b362793fdd3c3eab,bursty,bursty,63790751624337083192791315569522342316,sorted,sliced,auto,1,40,40,baseline,0,0,60500
target/balance-work/smoke,085a17af089887c83d30dafd1ce8cc31417fd44449341619b362793fdd3c3eab,bursty,bursty,63790751624337083192791315569522342316,sorted,sliced,auto,1,40,40,repair,100000,0,72500
target/balance-work/smoke,085a17af089887c83d30dafd1ce8cc31417fd44449341619b362793fdd3c3eab,bursty,bursty,63790751624337083192791315569522342316,sorted,sliced,auto,1,40,40,balanced,100000,0,64700
target/balance-work/smoke,085a17af089887c83d30dafd1ce8cc31417fd44449341619b362793fdd3c3eab,bursty,bursty,63790751624337083192791315569522342316,sorted,sliced,auto,1,40,40,balanced,100000,1,72900
target/balance-work/smoke,085a17af089887c83d30dafd1ce8cc31417fd44449341619b362793fdd3c3eab,bursty,bursty,63790751624337083192791315569522342316,sorted,sliced,auto,1,40,40,baseline,0,1,57700
target/balance-work/smoke,085a17af089887c83d30dafd1ce8cc31417fd44449341619b362793fdd3c3eab,bursty,bursty,63790751624337083192791315569522342316,sorted,sliced,auto,1,40,40,repair,100000,1,72600
target/balance-work/smoke,085a17af089887c83d30dafd1ce8cc31417fd44449341619b362793fdd3c3eab,bursty,bursty,63790751624337083192791315569522342316,sorted,sliced,auto,1,40,40,balanced,100000,2,68500
target/balance-work/smoke,085a17af089887c83d30dafd1ce8cc31417fd44449341619b362793fdd3c3eab,bursty,bursty,63790751624337083192791315569522342316,sorted,sliced,auto,1,40,40,baseline,0,2,56900
target/balance-work/smoke,085a17af089887c83d30dafd1ce8cc31417fd44449341619b362793fdd3c3eab,bursty,bursty,63790751624337083192791315569522342316,sorted,sliced,auto,1,40,40,repair,100000,2,73500
target/balance-work/smoke,085a17af089887c83d30dafd1ce8cc31417fd44449341619b362793fdd3c3eab,bursty,bursty,63790751624337083192791315569522342316,sorted,sliced,streaming,1,40,40,baseline,0,0,143300
target/balance-work/smoke,085a17af089887c83d30dafd1ce8cc31417fd44449341619b362793fdd3c3eab,bursty,bursty,63790751624337083192791315569522342316,sorted,sliced,streaming,1,40,40,repair,100000,0,177100
target/balance-work/smoke,085a17af089887c83d30dafd1ce8cc31417fd44449341619b362793fdd3c3eab,bursty,bursty,63790751624337083192791315569522342316,sorted,sliced,streaming,1,40,40,balanced,100000,0,176100
target/balance-work/smoke,085a17af089887c83d30dafd1ce8cc31417fd44449341619b362793fdd3c3eab,bursty,bursty,63790751624337083192791315569522342316,sorted,sliced,streaming,1,40,40,baseline,0,1,161400
target/balance-work/smoke,085a17af089887c83d30dafd1ce8cc31417fd44449341619b362793fdd3c3eab,bursty,bursty,63790751624337083192791315569522342316,sorted,sliced,streaming,1,40,40,repair,100000,1,178600
target/balance-work/smoke,085a17af089887c83d30dafd1ce8cc31417fd44449341619b362793fdd3c3eab,bursty,bursty,63790751624337083192791315569522342316,sorted,sliced,streaming,1,40,40,balanced,100000,1,164700
target/balance-work/smoke,085a17af089887c83d30dafd1ce8cc31417fd44449341619b362793fdd3c3eab,bursty,bursty,63790751624337083192791315569522342316,sorted,sliced,streaming,1,40,40,baseline,0,2,163100
target/balance-work/smoke,085a17af089887c83d30dafd1ce8cc31417fd44449341619b362793fdd3c3eab,bursty,bursty,63790751624337083192791315569522342316,sorted,sliced,streaming,1,40,40,repair,100000,2,186700
target/balance-work/smoke,085a17af089887c83d30dafd1ce8cc31417fd44449341619b362793fdd3c3eab,bursty,bursty,63790751624337083192791315569522342316,sorted,sliced,streaming,1,40,40,balanced,100000,2,167900
target/balance-work/smoke,085a17af089887c83d30dafd1ce8cc31417fd44449341619b362793fdd3c3eab,bursty,bursty,63790751624337083192791315569522342316,sorted,multi_chunk,auto,1,40,40,baseline,0,0,59200
target/balance-work/smoke,085a17af089887c83d30dafd1ce8cc31417fd44449341619b362793fdd3c3eab,bursty,bursty,63790751624337083192791315569522342316,sorted,multi_chunk,auto,1,40,40,repair,100000,0,75000
target/balance-work/smoke,085a17af089887c83d30dafd1ce8cc31417fd44449341619b362793fdd3c3eab,bursty,bursty,63790751624337083192791315569522342316,sorted,multi_chunk,auto,1,40,40,balanced,100000,0,74500
target/balance-work/smoke,085a17af089887c83d30dafd1ce8cc31417fd44449341619b362793fdd3c3eab,bursty,bursty,63790751624337083192791315569522342316,sorted,multi_chunk,auto,1,40,40,baseline,0,1,64100
target/balance-work/smoke,085a17af089887c83d30dafd1ce8cc31417fd44449341619b362793fdd3c3eab,bursty,bursty,63790751624337083192791315569522342316,sorted,multi_chunk,auto,1,40,40,repair,100000,1,75000
target/balance-work/smoke,085a17af089887c83d30dafd1ce8cc31417fd44449341619b362793fdd3c3eab,bursty,bursty,63790751624337083192791315569522342316,sorted,multi_chunk,auto,1,40,40,balanced,100000,1,67000
target/balance-work/smoke,085a17af089887c83d30dafd1ce8cc31417fd44449341619b362793fdd3c3eab,bursty,bursty,63790751624337083192791315569522342316,sorted,multi_chunk,auto,1,40,40,baseline,0,2,62300
target/balance-work/smoke,085a17af089887c83d30dafd1ce8cc31417fd44449341619b362793fdd3c3eab,bursty,bursty,63790751624337083192791315569522342316,sorted,multi_chunk,auto,1,40,40,repair,100000,2,74900
target/balance-work/smoke,085a17af089887c83d30dafd1ce8cc31417fd44449341619b362793fdd3c3eab,bursty,bursty,63790751624337083192791315569522342316,sorted,multi_chunk,auto,1,40,40,balanced,100000,2,67500
target/balance-work/smoke,085a17af089887c83d30dafd1ce8cc31417fd44449341619b362793fdd3c3eab,bursty,bursty,63790751624337083192791315569522342316,sorted,multi_chunk,streaming,1,40,40,balanced,100000,0,164500
target/balance-work/smoke,085a17af089887c83d30dafd1ce8cc31417fd44449341619b362793fdd3c3eab,bursty,bursty,63790751624337083192791315569522342316,sorted,multi_chunk,streaming,1,40,40,baseline,0,0,156000
target/balance-work/smoke,085a17af089887c83d30dafd1ce8cc31417fd44449341619b362793fdd3c3eab,bursty,bursty,63790751624337083192791315569522342316,sorted,multi_chunk,streaming,1,40,40,repair,100000,0,170900
target/balance-work/smoke,085a17af089887c83d30dafd1ce8cc31417fd44449341619b362793fdd3c3eab,bursty,bursty,63790751624337083192791315569522342316,sorted,multi_chunk,streaming,1,40,40,repair,100000,1,181100
target/balance-work/smoke,085a17af089887c83d30dafd1ce8cc31417fd44449341619b362793fdd3c3eab,bursty,bursty,63790751624337083192791315569522342316,sorted,multi_chunk,streaming,1,40,40,balanced,100000,1,173600
target/balance-work/smoke,085a17af089887c83d30dafd1ce8cc31417fd44449341619b362793fdd3c3eab,bursty,bursty,63790751624337083192791315569522342316,sorted,multi_chunk,streaming,1,40,40,baseline,0,1,142900
target/balance-work/smoke,085a17af089887c83d30dafd1ce8cc31417fd44449341619b362793fdd3c3eab,bursty,bursty,63790751624337083192791315569522342316,sorted,multi_chunk,streaming,1,40,40,baseline,0,2,143000
target/balance-work/smoke,085a17af089887c83d30dafd1ce8cc31417fd44449341619b362793fdd3c3eab,bursty,bursty,63790751624337083192791315569522342316,sorted,multi_chunk,streaming,1,40,40,repair,100000,2,180400
target/balance-work/smoke,085a17af089887c83d30dafd1ce8cc31417fd44449341619b362793fdd3c3eab,bursty,bursty,63790751624337083192791315569522342316,sorted,multi_chunk,streaming,1,40,40,balanced,100000,2,162200
target/balance-work/smoke,bdf8c256557b9a4c09a895eee3e613cd4f87eee57792cb5c832f1f8d3ff280e3,bursty,bursty,63790751624337083192791315569522342316,shuffled,integer,auto,1,40,40,balanced,100000,0,74100
target/balance-work/smoke,bdf8c256557b9a4c09a895eee3e613cd4f87eee57792cb5c832f1f8d3ff280e3,bursty,bursty,63790751624337083192791315569522342316,shuffled,integer,auto,1,40,40,baseline,0,0,60000
target/balance-work/smoke,bdf8c256557b9a4c09a895eee3e613cd4f87eee57792cb5c832f1f8d3ff280e3,bursty,bursty,63790751624337083192791315569522342316,shuffled,integer,auto,1,40,40,repair,100000,0,76700
target/balance-work/smoke,bdf8c256557b9a4c09a895eee3e613cd4f87eee57792cb5c832f1f8d3ff280e3,bursty,bursty,63790751624337083192791315569522342316,shuffled,integer,auto,1,40,40,baseline,0,1,63800
target/balance-work/smoke,bdf8c256557b9a4c09a895eee3e613cd4f87eee57792cb5c832f1f8d3ff280e3,bursty,bursty,63790751624337083192791315569522342316,shuffled,integer,auto,1,40,40,repair,100000,1,75800
target/balance-work/smoke,bdf8c256557b9a4c09a895eee3e613cd4f87eee57792cb5c832f1f8d3ff280e3,bursty,bursty,63790751624337083192791315569522342316,shuffled,integer,auto,1,40,40,balanced,100000,1,70000
target/balance-work/smoke,bdf8c256557b9a4c09a895eee3e613cd4f87eee57792cb5c832f1f8d3ff280e3,bursty,bursty,63790751624337083192791315569522342316,shuffled,integer,auto,1,40,40,balanced,100000,2,71300
target/balance-work/smoke,bdf8c256557b9a4c09a895eee3e613cd4f87eee57792cb5c832f1f8d3ff280e3,bursty,bursty,63790751624337083192791315569522342316,shuffled,integer,auto,1,40,40,baseline,0,2,62100
target/balance-work/smoke,bdf8c256557b9a4c09a895eee3e613cd4f87eee57792cb5c832f1f8d3ff280e3,bursty,bursty,63790751624337083192791315569522342316,shuffled,integer,auto,1,40,40,repair,100000,2,77500
target/balance-work/smoke,bdf8c256557b9a4c09a895eee3e613cd4f87eee57792cb5c832f1f8d3ff280e3,bursty,bursty,63790751624337083192791315569522342316,shuffled,integer,streaming,1,40,40,baseline,0,0,242500
target/balance-work/smoke,bdf8c256557b9a4c09a895eee3e613cd4f87eee57792cb5c832f1f8d3ff280e3,bursty,bursty,63790751624337083192791315569522342316,shuffled,integer,streaming,1,40,40,repair,100000,0,306600
target/balance-work/smoke,bdf8c256557b9a4c09a895eee3e613cd4f87eee57792cb5c832f1f8d3ff280e3,bursty,bursty,63790751624337083192791315569522342316,shuffled,integer,streaming,1,40,40,balanced,100000,0,203500
target/balance-work/smoke,bdf8c256557b9a4c09a895eee3e613cd4f87eee57792cb5c832f1f8d3ff280e3,bursty,bursty,63790751624337083192791315569522342316,shuffled,integer,streaming,1,40,40,baseline,0,1,209500
target/balance-work/smoke,bdf8c256557b9a4c09a895eee3e613cd4f87eee57792cb5c832f1f8d3ff280e3,bursty,bursty,63790751624337083192791315569522342316,shuffled,integer,streaming,1,40,40,repair,100000,1,194900
target/balance-work/smoke,bdf8c256557b9a4c09a895eee3e613cd4f87eee57792cb5c832f1f8d3ff280e3,bursty,bursty,63790751624337083192791315569522342316,shuffled,integer,streaming,1,40,40,balanced,100000,1,187800
target/balance-work/smoke,bdf8c256557b9a4c09a895eee3e613cd4f87eee57792cb5c832f1f8d3ff280e3,bursty,bursty,63790751624337083192791315569522342316,shuffled,integer,streaming,1,40,40,repair,100000,2,194700
target/balance-work/smoke,bdf8c256557b9a4c09a895eee3e613cd4f87eee57792cb5c832f1f8d3ff280e3,bursty,bursty,63790751624337083192791315569522342316,shuffled,integer,streaming,1,40,40,balanced,100000,2,186800
target/balance-work/smoke,bdf8c256557b9a4c09a895eee3e613cd4f87eee57792cb5c832f1f8d3ff280e3,bursty,bursty,63790751624337083192791315569522342316,shuffled,integer,streaming,1,40,40,baseline,0,2,177200
target/balance-work/smoke,bdf8c256557b9a4c09a895eee3e613cd4f87eee57792cb5c832f1f8d3ff280e3,bursty,bursty,63790751624337083192791315569522342316,shuffled,date,auto,1,40,40,baseline,0,0,65200
target/balance-work/smoke,bdf8c256557b9a4c09a895eee3e613cd4f87eee57792cb5c832f1f8d3ff280e3,bursty,bursty,63790751624337083192791315569522342316,shuffled,date,auto,1,40,40,repair,100000,0,80700
target/balance-work/smoke,bdf8c256557b9a4c09a895eee3e613cd4f87eee57792cb5c832f1f8d3ff280e3,bursty,bursty,63790751624337083192791315569522342316,shuffled,date,auto,1,40,40,balanced,100000,0,111000
target/balance-work/smoke,bdf8c256557b9a4c09a895eee3e613cd4f87eee57792cb5c832f1f8d3ff280e3,bursty,bursty,63790751624337083192791315569522342316,shuffled,date,auto,1,40,40,repair,100000,1,92000
target/balance-work/smoke,bdf8c256557b9a4c09a895eee3e613cd4f87eee57792cb5c832f1f8d3ff280e3,bursty,bursty,63790751624337083192791315569522342316,shuffled,date,auto,1,40,40,balanced,100000,1,74000
target/balance-work/smoke,bdf8c256557b9a4c09a895eee3e613cd4f87eee57792cb5c832f1f8d3ff280e3,bursty,bursty,63790751624337083192791315569522342316,shuffled,date,auto,1,40,40,baseline,0,1,62900
target/balance-work/smoke,bdf8c256557b9a4c09a895eee3e613cd4f87eee57792cb5c832f1f8d3ff280e3,bursty,bursty,63790751624337083192791315569522342316,shuffled,date,auto,1,40,40,balanced,100000,2,74200
target/balance-work/smoke,bdf8c256557b9a4c09a895eee3e613cd4f87eee57792cb5c832f1f8d3ff280e3,bursty,bursty,63790751624337083192791315569522342316,shuffled,date,auto,1,40,40,baseline,0,2,62000
target/balance-work/smoke,bdf8c256557b9a4c09a895eee3e613cd4f87eee57792cb5c832f1f8d3ff280e3,bursty,bursty,63790751624337083192791315569522342316,shuffled,date,auto,1,40,40,repair,100000,2,80000
target/balance-work/smoke,bdf8c256557b9a4c09a895eee3e613cd4f87eee57792cb5c832f1f8d3ff280e3,bursty,bursty,63790751624337083192791315569522342316,shuffled,date,streaming,1,40,40,baseline,0,0,236200
target/balance-work/smoke,bdf8c256557b9a4c09a895eee3e613cd4f87eee57792cb5c832f1f8d3ff280e3,bursty,bursty,63790751624337083192791315569522342316,shuffled,date,streaming,1,40,40,repair,100000,0,321200
target/balance-work/smoke,bdf8c256557b9a4c09a895eee3e613cd4f87eee57792cb5c832f1f8d3ff280e3,bursty,bursty,63790751624337083192791315569522342316,shuffled,date,streaming,1,40,40,balanced,100000,0,245800
target/balance-work/smoke,bdf8c256557b9a4c09a895eee3e613cd4f87eee57792cb5c832f1f8d3ff280e3,bursty,bursty,63790751624337083192791315569522342316,shuffled,date,streaming,1,40,40,balanced,100000,1,222300
target/balance-work/smoke,bdf8c256557b9a4c09a895eee3e613cd4f87eee57792cb5c832f1f8d3ff280e3,bursty,bursty,63790751624337083192791315569522342316,shuffled,date,streaming,1,40,40,baseline,0,1,286100
target/balance-work/smoke,bdf8c256557b9a4c09a895eee3e613cd4f87eee57792cb5c832f1f8d3ff280e3,bursty,bursty,63790751624337083192791315569522342316,shuffled,date,streaming,1,40,40,repair,100000,1,258700
target/balance-work/smoke,bdf8c256557b9a4c09a895eee3e613cd4f87eee57792cb5c832f1f8d3ff280e3,bursty,bursty,63790751624337083192791315569522342316,shuffled,date,streaming,1,40,40,balanced,100000,2,268800
target/balance-work/smoke,bdf8c256557b9a4c09a895eee3e613cd4f87eee57792cb5c832f1f8d3ff280e3,bursty,bursty,63790751624337083192791315569522342316,shuffled,date,streaming,1,40,40,baseline,0,2,282200
target/balance-work/smoke,bdf8c256557b9a4c09a895eee3e613cd4f87eee57792cb5c832f1f8d3ff280e3,bursty,bursty,63790751624337083192791315569522342316,shuffled,date,streaming,1,40,40,repair,100000,2,317900
target/balance-work/smoke,bdf8c256557b9a4c09a895eee3e613cd4f87eee57792cb5c832f1f8d3ff280e3,bursty,bursty,63790751624337083192791315569522342316,shuffled,datetime,auto,1,40,40,repair,100000,0,87500
target/balance-work/smoke,bdf8c256557b9a4c09a895eee3e613cd4f87eee57792cb5c832f1f8d3ff280e3,bursty,bursty,63790751624337083192791315569522342316,shuffled,datetime,auto,1,40,40,balanced,100000,0,246600
target/balance-work/smoke,bdf8c256557b9a4c09a895eee3e613cd4f87eee57792cb5c832f1f8d3ff280e3,bursty,bursty,63790751624337083192791315569522342316,shuffled,datetime,auto,1,40,40,baseline,0,0,125500
target/balance-work/smoke,bdf8c256557b9a4c09a895eee3e613cd4f87eee57792cb5c832f1f8d3ff280e3,bursty,bursty,63790751624337083192791315569522342316,shuffled,datetime,auto,1,40,40,repair,100000,1,107000
target/balance-work/smoke,bdf8c256557b9a4c09a895eee3e613cd4f87eee57792cb5c832f1f8d3ff280e3,bursty,bursty,63790751624337083192791315569522342316,shuffled,datetime,auto,1,40,40,balanced,100000,1,79500
target/balance-work/smoke,bdf8c256557b9a4c09a895eee3e613cd4f87eee57792cb5c832f1f8d3ff280e3,bursty,bursty,63790751624337083192791315569522342316,shuffled,datetime,auto,1,40,40,baseline,0,1,67400
target/balance-work/smoke,bdf8c256557b9a4c09a895eee3e613cd4f87eee57792cb5c832f1f8d3ff280e3,bursty,bursty,63790751624337083192791315569522342316,shuffled,datetime,auto,1,40,40,baseline,0,2,68200
target/balance-work/smoke,bdf8c256557b9a4c09a895eee3e613cd4f87eee57792cb5c832f1f8d3ff280e3,bursty,bursty,63790751624337083192791315569522342316,shuffled,datetime,auto,1,40,40,repair,100000,2,85600
target/balance-work/smoke,bdf8c256557b9a4c09a895eee3e613cd4f87eee57792cb5c832f1f8d3ff280e3,bursty,bursty,63790751624337083192791315569522342316,shuffled,datetime,auto,1,40,40,balanced,100000,2,76800
target/balance-work/smoke,bdf8c256557b9a4c09a895eee3e613cd4f87eee57792cb5c832f1f8d3ff280e3,bursty,bursty,63790751624337083192791315569522342316,shuffled,datetime,streaming,1,40,40,repair,100000,0,256600
target/balance-work/smoke,bdf8c256557b9a4c09a895eee3e613cd4f87eee57792cb5c832f1f8d3ff280e3,bursty,bursty,63790751624337083192791315569522342316,shuffled,datetime,streaming,1,40,40,balanced,100000,0,226500
target/balance-work/smoke,bdf8c256557b9a4c09a895eee3e613cd4f87eee57792cb5c832f1f8d3ff280e3,bursty,bursty,63790751624337083192791315569522342316,shuffled,datetime,streaming,1,40,40,baseline,0,0,241800
target/balance-work/smoke,bdf8c256557b9a4c09a895eee3e613cd4f87eee57792cb5c832f1f8d3ff280e3,bursty,bursty,63790751624337083192791315569522342316,shuffled,datetime,streaming,1,40,40,balanced,100000,1,255900
target/balance-work/smoke,bdf8c256557b9a4c09a895eee3e613cd4f87eee57792cb5c832f1f8d3ff280e3,bursty,bursty,63790751624337083192791315569522342316,shuffled,datetime,streaming,1,40,40,baseline,0,1,235900
target/balance-work/smoke,bdf8c256557b9a4c09a895eee3e613cd4f87eee57792cb5c832f1f8d3ff280e3,bursty,bursty,63790751624337083192791315569522342316,shuffled,datetime,streaming,1,40,40,repair,100000,1,285200
target/balance-work/smoke,bdf8c256557b9a4c09a895eee3e613cd4f87eee57792cb5c832f1f8d3ff280e3,bursty,bursty,63790751624337083192791315569522342316,shuffled,datetime,streaming,1,40,40,balanced,100000,2,274800
target/balance-work/smoke,bdf8c256557b9a4c09a895eee3e613cd4f87eee57792cb5c832f1f8d3ff280e3,bursty,bursty,63790751624337083192791315569522342316,shuffled,datetime,streaming,1,40,40,baseline,0,2,246100
target/balance-work/smoke,bdf8c256557b9a4c09a895eee3e613cd4f87eee57792cb5c832f1f8d3ff280e3,bursty,bursty,63790751624337083192791315569522342316,shuffled,datetime,streaming,1,40,40,repair,100000,2,299900
target/balance-work/smoke,bdf8c256557b9a4c09a895eee3e613cd4f87eee57792cb5c832f1f8d3ff280e3,bursty,bursty,63790751624337083192791315569522342316,shuffled,grouped,auto,4,160,40,balanced,100000,0,223200
target/balance-work/smoke,bdf8c256557b9a4c09a895eee3e613cd4f87eee57792cb5c832f1f8d3ff280e3,bursty,bursty,63790751624337083192791315569522342316,shuffled,grouped,auto,4,160,40,baseline,0,0,158600
target/balance-work/smoke,bdf8c256557b9a4c09a895eee3e613cd4f87eee57792cb5c832f1f8d3ff280e3,bursty,bursty,63790751624337083192791315569522342316,shuffled,grouped,auto,4,160,40,repair,100000,0,247800
target/balance-work/smoke,bdf8c256557b9a4c09a895eee3e613cd4f87eee57792cb5c832f1f8d3ff280e3,bursty,bursty,63790751624337083192791315569522342316,shuffled,grouped,auto,4,160,40,balanced,100000,1,186100
target/balance-work/smoke,bdf8c256557b9a4c09a895eee3e613cd4f87eee57792cb5c832f1f8d3ff280e3,bursty,bursty,63790751624337083192791315569522342316,shuffled,grouped,auto,4,160,40,baseline,0,1,180400
target/balance-work/smoke,bdf8c256557b9a4c09a895eee3e613cd4f87eee57792cb5c832f1f8d3ff280e3,bursty,bursty,63790751624337083192791315569522342316,shuffled,grouped,auto,4,160,40,repair,100000,1,239600
target/balance-work/smoke,bdf8c256557b9a4c09a895eee3e613cd4f87eee57792cb5c832f1f8d3ff280e3,bursty,bursty,63790751624337083192791315569522342316,shuffled,grouped,auto,4,160,40,baseline,0,2,192500
target/balance-work/smoke,bdf8c256557b9a4c09a895eee3e613cd4f87eee57792cb5c832f1f8d3ff280e3,bursty,bursty,63790751624337083192791315569522342316,shuffled,grouped,auto,4,160,40,repair,100000,2,233900
target/balance-work/smoke,bdf8c256557b9a4c09a895eee3e613cd4f87eee57792cb5c832f1f8d3ff280e3,bursty,bursty,63790751624337083192791315569522342316,shuffled,grouped,auto,4,160,40,balanced,100000,2,336700
target/balance-work/smoke,bdf8c256557b9a4c09a895eee3e613cd4f87eee57792cb5c832f1f8d3ff280e3,bursty,bursty,63790751624337083192791315569522342316,shuffled,grouped,streaming,4,160,40,repair,100000,0,384100
target/balance-work/smoke,bdf8c256557b9a4c09a895eee3e613cd4f87eee57792cb5c832f1f8d3ff280e3,bursty,bursty,63790751624337083192791315569522342316,shuffled,grouped,streaming,4,160,40,balanced,100000,0,295600
target/balance-work/smoke,bdf8c256557b9a4c09a895eee3e613cd4f87eee57792cb5c832f1f8d3ff280e3,bursty,bursty,63790751624337083192791315569522342316,shuffled,grouped,streaming,4,160,40,baseline,0,0,267800
target/balance-work/smoke,bdf8c256557b9a4c09a895eee3e613cd4f87eee57792cb5c832f1f8d3ff280e3,bursty,bursty,63790751624337083192791315569522342316,shuffled,grouped,streaming,4,160,40,baseline,0,1,290600
target/balance-work/smoke,bdf8c256557b9a4c09a895eee3e613cd4f87eee57792cb5c832f1f8d3ff280e3,bursty,bursty,63790751624337083192791315569522342316,shuffled,grouped,streaming,4,160,40,repair,100000,1,405100
target/balance-work/smoke,bdf8c256557b9a4c09a895eee3e613cd4f87eee57792cb5c832f1f8d3ff280e3,bursty,bursty,63790751624337083192791315569522342316,shuffled,grouped,streaming,4,160,40,balanced,100000,1,285600
target/balance-work/smoke,bdf8c256557b9a4c09a895eee3e613cd4f87eee57792cb5c832f1f8d3ff280e3,bursty,bursty,63790751624337083192791315569522342316,shuffled,grouped,streaming,4,160,40,repair,100000,2,312900
target/balance-work/smoke,bdf8c256557b9a4c09a895eee3e613cd4f87eee57792cb5c832f1f8d3ff280e3,bursty,bursty,63790751624337083192791315569522342316,shuffled,grouped,streaming,4,160,40,balanced,100000,2,269200
target/balance-work/smoke,bdf8c256557b9a4c09a895eee3e613cd4f87eee57792cb5c832f1f8d3ff280e3,bursty,bursty,63790751624337083192791315569522342316,shuffled,grouped,streaming,4,160,40,baseline,0,2,244800
target/balance-work/smoke,bdf8c256557b9a4c09a895eee3e613cd4f87eee57792cb5c832f1f8d3ff280e3,bursty,bursty,63790751624337083192791315569522342316,shuffled,sliced,auto,1,40,40,repair,100000,0,96300
target/balance-work/smoke,bdf8c256557b9a4c09a895eee3e613cd4f87eee57792cb5c832f1f8d3ff280e3,bursty,bursty,63790751624337083192791315569522342316,shuffled,sliced,auto,1,40,40,balanced,100000,0,71400
target/balance-work/smoke,bdf8c256557b9a4c09a895eee3e613cd4f87eee57792cb5c832f1f8d3ff280e3,bursty,bursty,63790751624337083192791315569522342316,shuffled,sliced,auto,1,40,40,baseline,0,0,63200
target/balance-work/smoke,bdf8c256557b9a4c09a895eee3e613cd4f87eee57792cb5c832f1f8d3ff280e3,bursty,bursty,63790751624337083192791315569522342316,shuffled,sliced,auto,1,40,40,balanced,100000,1,72700
target/balance-work/smoke,bdf8c256557b9a4c09a895eee3e613cd4f87eee57792cb5c832f1f8d3ff280e3,bursty,bursty,63790751624337083192791315569522342316,shuffled,sliced,auto,1,40,40,baseline,0,1,60300
target/balance-work/smoke,bdf8c256557b9a4c09a895eee3e613cd4f87eee57792cb5c832f1f8d3ff280e3,bursty,bursty,63790751624337083192791315569522342316,shuffled,sliced,auto,1,40,40,repair,100000,1,78000
target/balance-work/smoke,bdf8c256557b9a4c09a895eee3e613cd4f87eee57792cb5c832f1f8d3ff280e3,bursty,bursty,63790751624337083192791315569522342316,shuffled,sliced,auto,1,40,40,repair,100000,2,81900
target/balance-work/smoke,bdf8c256557b9a4c09a895eee3e613cd4f87eee57792cb5c832f1f8d3ff280e3,bursty,bursty,63790751624337083192791315569522342316,shuffled,sliced,auto,1,40,40,balanced,100000,2,70800
target/balance-work/smoke,bdf8c256557b9a4c09a895eee3e613cd4f87eee57792cb5c832f1f8d3ff280e3,bursty,bursty,63790751624337083192791315569522342316,shuffled,sliced,auto,1,40,40,baseline,0,2,60600
target/balance-work/smoke,bdf8c256557b9a4c09a895eee3e613cd4f87eee57792cb5c832f1f8d3ff280e3,bursty,bursty,63790751624337083192791315569522342316,shuffled,sliced,streaming,1,40,40,baseline,0,0,215700
target/balance-work/smoke,bdf8c256557b9a4c09a895eee3e613cd4f87eee57792cb5c832f1f8d3ff280e3,bursty,bursty,63790751624337083192791315569522342316,shuffled,sliced,streaming,1,40,40,repair,100000,0,343500
target/balance-work/smoke,bdf8c256557b9a4c09a895eee3e613cd4f87eee57792cb5c832f1f8d3ff280e3,bursty,bursty,63790751624337083192791315569522342316,shuffled,sliced,streaming,1,40,40,balanced,100000,0,254200
target/balance-work/smoke,bdf8c256557b9a4c09a895eee3e613cd4f87eee57792cb5c832f1f8d3ff280e3,bursty,bursty,63790751624337083192791315569522342316,shuffled,sliced,streaming,1,40,40,repair,100000,1,333300
target/balance-work/smoke,bdf8c256557b9a4c09a895eee3e613cd4f87eee57792cb5c832f1f8d3ff280e3,bursty,bursty,63790751624337083192791315569522342316,shuffled,sliced,streaming,1,40,40,balanced,100000,1,260600
target/balance-work/smoke,bdf8c256557b9a4c09a895eee3e613cd4f87eee57792cb5c832f1f8d3ff280e3,bursty,bursty,63790751624337083192791315569522342316,shuffled,sliced,streaming,1,40,40,baseline,0,1,291900
target/balance-work/smoke,bdf8c256557b9a4c09a895eee3e613cd4f87eee57792cb5c832f1f8d3ff280e3,bursty,bursty,63790751624337083192791315569522342316,shuffled,sliced,streaming,1,40,40,balanced,100000,2,366000
target/balance-work/smoke,bdf8c256557b9a4c09a895eee3e613cd4f87eee57792cb5c832f1f8d3ff280e3,bursty,bursty,63790751624337083192791315569522342316,shuffled,sliced,streaming,1,40,40,baseline,0,2,310500
target/balance-work/smoke,bdf8c256557b9a4c09a895eee3e613cd4f87eee57792cb5c832f1f8d3ff280e3,bursty,bursty,63790751624337083192791315569522342316,shuffled,sliced,streaming,1,40,40,repair,100000,2,267500
target/balance-work/smoke,bdf8c256557b9a4c09a895eee3e613cd4f87eee57792cb5c832f1f8d3ff280e3,bursty,bursty,63790751624337083192791315569522342316,shuffled,multi_chunk,auto,1,40,40,repair,100000,0,92100
target/balance-work/smoke,bdf8c256557b9a4c09a895eee3e613cd4f87eee57792cb5c832f1f8d3ff280e3,bursty,bursty,63790751624337083192791315569522342316,shuffled,multi_chunk,auto,1,40,40,balanced,100000,0,73200
target/balance-work/smoke,bdf8c256557b9a4c09a895eee3e613cd4f87eee57792cb5c832f1f8d3ff280e3,bursty,bursty,63790751624337083192791315569522342316,shuffled,multi_chunk,auto,1,40,40,baseline,0,0,61700
target/balance-work/smoke,bdf8c256557b9a4c09a895eee3e613cd4f87eee57792cb5c832f1f8d3ff280e3,bursty,bursty,63790751624337083192791315569522342316,shuffled,multi_chunk,auto,1,40,40,baseline,0,1,69800
target/balance-work/smoke,bdf8c256557b9a4c09a895eee3e613cd4f87eee57792cb5c832f1f8d3ff280e3,bursty,bursty,63790751624337083192791315569522342316,shuffled,multi_chunk,auto,1,40,40,repair,100000,1,80400
target/balance-work/smoke,bdf8c256557b9a4c09a895eee3e613cd4f87eee57792cb5c832f1f8d3ff280e3,bursty,bursty,63790751624337083192791315569522342316,shuffled,multi_chunk,auto,1,40,40,balanced,100000,1,72000
target/balance-work/smoke,bdf8c256557b9a4c09a895eee3e613cd4f87eee57792cb5c832f1f8d3ff280e3,bursty,bursty,63790751624337083192791315569522342316,shuffled,multi_chunk,auto,1,40,40,baseline,0,2,67900
target/balance-work/smoke,bdf8c256557b9a4c09a895eee3e613cd4f87eee57792cb5c832f1f8d3ff280e3,bursty,bursty,63790751624337083192791315569522342316,shuffled,multi_chunk,auto,1,40,40,repair,100000,2,78600
target/balance-work/smoke,bdf8c256557b9a4c09a895eee3e613cd4f87eee57792cb5c832f1f8d3ff280e3,bursty,bursty,63790751624337083192791315569522342316,shuffled,multi_chunk,auto,1,40,40,balanced,100000,2,71800
target/balance-work/smoke,bdf8c256557b9a4c09a895eee3e613cd4f87eee57792cb5c832f1f8d3ff280e3,bursty,bursty,63790751624337083192791315569522342316,shuffled,multi_chunk,streaming,1,40,40,balanced,100000,0,252000
target/balance-work/smoke,bdf8c256557b9a4c09a895eee3e613cd4f87eee57792cb5c832f1f8d3ff280e3,bursty,bursty,63790751624337083192791315569522342316,shuffled,multi_chunk,streaming,1,40,40,baseline,0,0,219800
target/balance-work/smoke,bdf8c256557b9a4c09a895eee3e613cd4f87eee57792cb5c832f1f8d3ff280e3,bursty,bursty,63790751624337083192791315569522342316,shuffled,multi_chunk,streaming,1,40,40,repair,100000,0,250000
target/balance-work/smoke,bdf8c256557b9a4c09a895eee3e613cd4f87eee57792cb5c832f1f8d3ff280e3,bursty,bursty,63790751624337083192791315569522342316,shuffled,multi_chunk,streaming,1,40,40,balanced,100000,1,261100
target/balance-work/smoke,bdf8c256557b9a4c09a895eee3e613cd4f87eee57792cb5c832f1f8d3ff280e3,bursty,bursty,63790751624337083192791315569522342316,shuffled,multi_chunk,streaming,1,40,40,baseline,0,1,255600
target/balance-work/smoke,bdf8c256557b9a4c09a895eee3e613cd4f87eee57792cb5c832f1f8d3ff280e3,bursty,bursty,63790751624337083192791315569522342316,shuffled,multi_chunk,streaming,1,40,40,repair,100000,1,326400
target/balance-work/smoke,bdf8c256557b9a4c09a895eee3e613cd4f87eee57792cb5c832f1f8d3ff280e3,bursty,bursty,63790751624337083192791315569522342316,shuffled,multi_chunk,streaming,1,40,40,baseline,0,2,299900
target/balance-work/smoke,bdf8c256557b9a4c09a895eee3e613cd4f87eee57792cb5c832f1f8d3ff280e3,bursty,bursty,63790751624337083192791315569522342316,shuffled,multi_chunk,streaming,1,40,40,repair,100000,2,266800
target/balance-work/smoke,bdf8c256557b9a4c09a895eee3e613cd4f87eee57792cb5c832f1f8d3ff280e3,bursty,bursty,63790751624337083192791315569522342316,shuffled,multi_chunk,streaming,1,40,40,balanced,100000,2,227100
target/balance-work/smoke,3cac0d16dec351d337673fd5d219c690503231c3a20c38284dcb2dba1ec64178,quantized,quantized,286118387769971518892690639004281868084,sorted,integer,auto,1,40,40,repair,100000,0,76100
target/balance-work/smoke,3cac0d16dec351d337673fd5d219c690503231c3a20c38284dcb2dba1ec64178,quantized,quantized,286118387769971518892690639004281868084,sorted,integer,auto,1,40,40,balanced,100000,0,67200
target/balance-work/smoke,3cac0d16dec351d337673fd5d219c690503231c3a20c38284dcb2dba1ec64178,quantized,quantized,286118387769971518892690639004281868084,sorted,integer,auto,1,40,40,baseline,0,0,58000
target/balance-work/smoke,3cac0d16dec351d337673fd5d219c690503231c3a20c38284dcb2dba1ec64178,quantized,quantized,286118387769971518892690639004281868084,sorted,integer,auto,1,40,40,repair,100000,1,77000
target/balance-work/smoke,3cac0d16dec351d337673fd5d219c690503231c3a20c38284dcb2dba1ec64178,quantized,quantized,286118387769971518892690639004281868084,sorted,integer,auto,1,40,40,balanced,100000,1,66400
target/balance-work/smoke,3cac0d16dec351d337673fd5d219c690503231c3a20c38284dcb2dba1ec64178,quantized,quantized,286118387769971518892690639004281868084,sorted,integer,auto,1,40,40,baseline,0,1,57300
target/balance-work/smoke,3cac0d16dec351d337673fd5d219c690503231c3a20c38284dcb2dba1ec64178,quantized,quantized,286118387769971518892690639004281868084,sorted,integer,auto,1,40,40,baseline,0,2,62000
target/balance-work/smoke,3cac0d16dec351d337673fd5d219c690503231c3a20c38284dcb2dba1ec64178,quantized,quantized,286118387769971518892690639004281868084,sorted,integer,auto,1,40,40,repair,100000,2,71400
target/balance-work/smoke,3cac0d16dec351d337673fd5d219c690503231c3a20c38284dcb2dba1ec64178,quantized,quantized,286118387769971518892690639004281868084,sorted,integer,auto,1,40,40,balanced,100000,2,65900
target/balance-work/smoke,3cac0d16dec351d337673fd5d219c690503231c3a20c38284dcb2dba1ec64178,quantized,quantized,286118387769971518892690639004281868084,sorted,integer,streaming,1,40,40,baseline,0,0,375000
target/balance-work/smoke,3cac0d16dec351d337673fd5d219c690503231c3a20c38284dcb2dba1ec64178,quantized,quantized,286118387769971518892690639004281868084,sorted,integer,streaming,1,40,40,repair,100000,0,407100
target/balance-work/smoke,3cac0d16dec351d337673fd5d219c690503231c3a20c38284dcb2dba1ec64178,quantized,quantized,286118387769971518892690639004281868084,sorted,integer,streaming,1,40,40,balanced,100000,0,297700
target/balance-work/smoke,3cac0d16dec351d337673fd5d219c690503231c3a20c38284dcb2dba1ec64178,quantized,quantized,286118387769971518892690639004281868084,sorted,integer,streaming,1,40,40,repair,100000,1,434100
target/balance-work/smoke,3cac0d16dec351d337673fd5d219c690503231c3a20c38284dcb2dba1ec64178,quantized,quantized,286118387769971518892690639004281868084,sorted,integer,streaming,1,40,40,balanced,100000,1,303900
target/balance-work/smoke,3cac0d16dec351d337673fd5d219c690503231c3a20c38284dcb2dba1ec64178,quantized,quantized,286118387769971518892690639004281868084,sorted,integer,streaming,1,40,40,baseline,0,1,247100
target/balance-work/smoke,3cac0d16dec351d337673fd5d219c690503231c3a20c38284dcb2dba1ec64178,quantized,quantized,286118387769971518892690639004281868084,sorted,integer,streaming,1,40,40,balanced,100000,2,206800
target/balance-work/smoke,3cac0d16dec351d337673fd5d219c690503231c3a20c38284dcb2dba1ec64178,quantized,quantized,286118387769971518892690639004281868084,sorted,integer,streaming,1,40,40,baseline,0,2,223000
target/balance-work/smoke,3cac0d16dec351d337673fd5d219c690503231c3a20c38284dcb2dba1ec64178,quantized,quantized,286118387769971518892690639004281868084,sorted,integer,streaming,1,40,40,repair,100000,2,216300
target/balance-work/smoke,3cac0d16dec351d337673fd5d219c690503231c3a20c38284dcb2dba1ec64178,quantized,quantized,286118387769971518892690639004281868084,sorted,date,auto,1,40,40,balanced,100000,0,70600
target/balance-work/smoke,3cac0d16dec351d337673fd5d219c690503231c3a20c38284dcb2dba1ec64178,quantized,quantized,286118387769971518892690639004281868084,sorted,date,auto,1,40,40,baseline,0,0,61000
target/balance-work/smoke,3cac0d16dec351d337673fd5d219c690503231c3a20c38284dcb2dba1ec64178,quantized,quantized,286118387769971518892690639004281868084,sorted,date,auto,1,40,40,repair,100000,0,74900
target/balance-work/smoke,3cac0d16dec351d337673fd5d219c690503231c3a20c38284dcb2dba1ec64178,quantized,quantized,286118387769971518892690639004281868084,sorted,date,auto,1,40,40,baseline,0,1,66900
target/balance-work/smoke,3cac0d16dec351d337673fd5d219c690503231c3a20c38284dcb2dba1ec64178,quantized,quantized,286118387769971518892690639004281868084,sorted,date,auto,1,40,40,repair,100000,1,75400
target/balance-work/smoke,3cac0d16dec351d337673fd5d219c690503231c3a20c38284dcb2dba1ec64178,quantized,quantized,286118387769971518892690639004281868084,sorted,date,auto,1,40,40,balanced,100000,1,70000
target/balance-work/smoke,3cac0d16dec351d337673fd5d219c690503231c3a20c38284dcb2dba1ec64178,quantized,quantized,286118387769971518892690639004281868084,sorted,date,auto,1,40,40,balanced,100000,2,70900
target/balance-work/smoke,3cac0d16dec351d337673fd5d219c690503231c3a20c38284dcb2dba1ec64178,quantized,quantized,286118387769971518892690639004281868084,sorted,date,auto,1,40,40,baseline,0,2,60400
target/balance-work/smoke,3cac0d16dec351d337673fd5d219c690503231c3a20c38284dcb2dba1ec64178,quantized,quantized,286118387769971518892690639004281868084,sorted,date,auto,1,40,40,repair,100000,2,73600
target/balance-work/smoke,3cac0d16dec351d337673fd5d219c690503231c3a20c38284dcb2dba1ec64178,quantized,quantized,286118387769971518892690639004281868084,sorted,date,streaming,1,40,40,baseline,0,0,202700
target/balance-work/smoke,3cac0d16dec351d337673fd5d219c690503231c3a20c38284dcb2dba1ec64178,quantized,quantized,286118387769971518892690639004281868084,sorted,date,streaming,1,40,40,repair,100000,0,243100
target/balance-work/smoke,3cac0d16dec351d337673fd5d219c690503231c3a20c38284dcb2dba1ec64178,quantized,quantized,286118387769971518892690639004281868084,sorted,date,streaming,1,40,40,balanced,100000,0,210100
target/balance-work/smoke,3cac0d16dec351d337673fd5d219c690503231c3a20c38284dcb2dba1ec64178,quantized,quantized,286118387769971518892690639004281868084,sorted,date,streaming,1,40,40,repair,100000,1,232200
target/balance-work/smoke,3cac0d16dec351d337673fd5d219c690503231c3a20c38284dcb2dba1ec64178,quantized,quantized,286118387769971518892690639004281868084,sorted,date,streaming,1,40,40,balanced,100000,1,265700
target/balance-work/smoke,3cac0d16dec351d337673fd5d219c690503231c3a20c38284dcb2dba1ec64178,quantized,quantized,286118387769971518892690639004281868084,sorted,date,streaming,1,40,40,baseline,0,1,327800
target/balance-work/smoke,3cac0d16dec351d337673fd5d219c690503231c3a20c38284dcb2dba1ec64178,quantized,quantized,286118387769971518892690639004281868084,sorted,date,streaming,1,40,40,baseline,0,2,265500
target/balance-work/smoke,3cac0d16dec351d337673fd5d219c690503231c3a20c38284dcb2dba1ec64178,quantized,quantized,286118387769971518892690639004281868084,sorted,date,streaming,1,40,40,repair,100000,2,257700
target/balance-work/smoke,3cac0d16dec351d337673fd5d219c690503231c3a20c38284dcb2dba1ec64178,quantized,quantized,286118387769971518892690639004281868084,sorted,date,streaming,1,40,40,balanced,100000,2,235400
target/balance-work/smoke,3cac0d16dec351d337673fd5d219c690503231c3a20c38284dcb2dba1ec64178,quantized,quantized,286118387769971518892690639004281868084,sorted,datetime,auto,1,40,40,baseline,0,0,80800
target/balance-work/smoke,3cac0d16dec351d337673fd5d219c690503231c3a20c38284dcb2dba1ec64178,quantized,quantized,286118387769971518892690639004281868084,sorted,datetime,auto,1,40,40,repair,100000,0,80100
target/balance-work/smoke,3cac0d16dec351d337673fd5d219c690503231c3a20c38284dcb2dba1ec64178,quantized,quantized,286118387769971518892690639004281868084,sorted,datetime,auto,1,40,40,balanced,100000,0,149400
target/balance-work/smoke,3cac0d16dec351d337673fd5d219c690503231c3a20c38284dcb2dba1ec64178,quantized,quantized,286118387769971518892690639004281868084,sorted,datetime,auto,1,40,40,balanced,100000,1,102700
target/balance-work/smoke,3cac0d16dec351d337673fd5d219c690503231c3a20c38284dcb2dba1ec64178,quantized,quantized,286118387769971518892690639004281868084,sorted,datetime,auto,1,40,40,baseline,0,1,68800
target/balance-work/smoke,3cac0d16dec351d337673fd5d219c690503231c3a20c38284dcb2dba1ec64178,quantized,quantized,286118387769971518892690639004281868084,sorted,datetime,auto,1,40,40,repair,100000,1,88000
target/balance-work/smoke,3cac0d16dec351d337673fd5d219c690503231c3a20c38284dcb2dba1ec64178,quantized,quantized,286118387769971518892690639004281868084,sorted,datetime,auto,1,40,40,repair,100000,2,85400
target/balance-work/smoke,3cac0d16dec351d337673fd5d219c690503231c3a20c38284dcb2dba1ec64178,quantized,quantized,286118387769971518892690639004281868084,sorted,datetime,auto,1,40,40,balanced,100000,2,74800
target/balance-work/smoke,3cac0d16dec351d337673fd5d219c690503231c3a20c38284dcb2dba1ec64178,quantized,quantized,286118387769971518892690639004281868084,sorted,datetime,auto,1,40,40,baseline,0,2,64300
target/balance-work/smoke,3cac0d16dec351d337673fd5d219c690503231c3a20c38284dcb2dba1ec64178,quantized,quantized,286118387769971518892690639004281868084,sorted,datetime,streaming,1,40,40,baseline,0,0,213800
target/balance-work/smoke,3cac0d16dec351d337673fd5d219c690503231c3a20c38284dcb2dba1ec64178,quantized,quantized,286118387769971518892690639004281868084,sorted,datetime,streaming,1,40,40,repair,100000,0,261700
target/balance-work/smoke,3cac0d16dec351d337673fd5d219c690503231c3a20c38284dcb2dba1ec64178,quantized,quantized,286118387769971518892690639004281868084,sorted,datetime,streaming,1,40,40,balanced,100000,0,278100
target/balance-work/smoke,3cac0d16dec351d337673fd5d219c690503231c3a20c38284dcb2dba1ec64178,quantized,quantized,286118387769971518892690639004281868084,sorted,datetime,streaming,1,40,40,baseline,0,1,244200
target/balance-work/smoke,3cac0d16dec351d337673fd5d219c690503231c3a20c38284dcb2dba1ec64178,quantized,quantized,286118387769971518892690639004281868084,sorted,datetime,streaming,1,40,40,repair,100000,1,277800
target/balance-work/smoke,3cac0d16dec351d337673fd5d219c690503231c3a20c38284dcb2dba1ec64178,quantized,quantized,286118387769971518892690639004281868084,sorted,datetime,streaming,1,40,40,balanced,100000,1,342000
target/balance-work/smoke,3cac0d16dec351d337673fd5d219c690503231c3a20c38284dcb2dba1ec64178,quantized,quantized,286118387769971518892690639004281868084,sorted,datetime,streaming,1,40,40,baseline,0,2,254400
target/balance-work/smoke,3cac0d16dec351d337673fd5d219c690503231c3a20c38284dcb2dba1ec64178,quantized,quantized,286118387769971518892690639004281868084,sorted,datetime,streaming,1,40,40,repair,100000,2,255100
target/balance-work/smoke,3cac0d16dec351d337673fd5d219c690503231c3a20c38284dcb2dba1ec64178,quantized,quantized,286118387769971518892690639004281868084,sorted,datetime,streaming,1,40,40,balanced,100000,2,243800
target/balance-work/smoke,3cac0d16dec351d337673fd5d219c690503231c3a20c38284dcb2dba1ec64178,quantized,quantized,286118387769971518892690639004281868084,sorted,grouped,auto,4,160,40,baseline,0,0,161500
target/balance-work/smoke,3cac0d16dec351d337673fd5d219c690503231c3a20c38284dcb2dba1ec64178,quantized,quantized,286118387769971518892690639004281868084,sorted,grouped,auto,4,160,40,repair,100000,0,201900
target/balance-work/smoke,3cac0d16dec351d337673fd5d219c690503231c3a20c38284dcb2dba1ec64178,quantized,quantized,286118387769971518892690639004281868084,sorted,grouped,auto,4,160,40,balanced,100000,0,179900
target/balance-work/smoke,3cac0d16dec351d337673fd5d219c690503231c3a20c38284dcb2dba1ec64178,quantized,quantized,286118387769971518892690639004281868084,sorted,grouped,auto,4,160,40,baseline,0,1,164400
target/balance-work/smoke,3cac0d16dec351d337673fd5d219c690503231c3a20c38284dcb2dba1ec64178,quantized,quantized,286118387769971518892690639004281868084,sorted,grouped,auto,4,160,40,repair,100000,1,204100
target/balance-work/smoke,3cac0d16dec351d337673fd5d219c690503231c3a20c38284dcb2dba1ec64178,quantized,quantized,286118387769971518892690639004281868084,sorted,grouped,auto,4,160,40,balanced,100000,1,248900
target/balance-work/smoke,3cac0d16dec351d337673fd5d219c690503231c3a20c38284dcb2dba1ec64178,quantized,quantized,286118387769971518892690639004281868084,sorted,grouped,auto,4,160,40,balanced,100000,2,252900
target/balance-work/smoke,3cac0d16dec351d337673fd5d219c690503231c3a20c38284dcb2dba1ec64178,quantized,quantized,286118387769971518892690639004281868084,sorted,grouped,auto,4,160,40,baseline,0,2,218100
target/balance-work/smoke,3cac0d16dec351d337673fd5d219c690503231c3a20c38284dcb2dba1ec64178,quantized,quantized,286118387769971518892690639004281868084,sorted,grouped,auto,4,160,40,repair,100000,2,210100
target/balance-work/smoke,3cac0d16dec351d337673fd5d219c690503231c3a20c38284dcb2dba1ec64178,quantized,quantized,286118387769971518892690639004281868084,sorted,grouped,streaming,4,160,40,balanced,100000,0,276800
target/balance-work/smoke,3cac0d16dec351d337673fd5d219c690503231c3a20c38284dcb2dba1ec64178,quantized,quantized,286118387769971518892690639004281868084,sorted,grouped,streaming,4,160,40,baseline,0,0,252200
target/balance-work/smoke,3cac0d16dec351d337673fd5d219c690503231c3a20c38284dcb2dba1ec64178,quantized,quantized,286118387769971518892690639004281868084,sorted,grouped,streaming,4,160,40,repair,100000,0,315400
target/balance-work/smoke,3cac0d16dec351d337673fd5d219c690503231c3a20c38284dcb2dba1ec64178,quantized,quantized,286118387769971518892690639004281868084,sorted,grouped,streaming,4,160,40,baseline,0,1,279400
target/balance-work/smoke,3cac0d16dec351d337673fd5d219c690503231c3a20c38284dcb2dba1ec64178,quantized,quantized,286118387769971518892690639004281868084,sorted,grouped,streaming,4,160,40,repair,100000,1,304500
target/balance-work/smoke,3cac0d16dec351d337673fd5d219c690503231c3a20c38284dcb2dba1ec64178,quantized,quantized,286118387769971518892690639004281868084,sorted,grouped,streaming,4,160,40,balanced,100000,1,273200
target/balance-work/smoke,3cac0d16dec351d337673fd5d219c690503231c3a20c38284dcb2dba1ec64178,quantized,quantized,286118387769971518892690639004281868084,sorted,grouped,streaming,4,160,40,balanced,100000,2,266700
target/balance-work/smoke,3cac0d16dec351d337673fd5d219c690503231c3a20c38284dcb2dba1ec64178,quantized,quantized,286118387769971518892690639004281868084,sorted,grouped,streaming,4,160,40,baseline,0,2,243200
target/balance-work/smoke,3cac0d16dec351d337673fd5d219c690503231c3a20c38284dcb2dba1ec64178,quantized,quantized,286118387769971518892690639004281868084,sorted,grouped,streaming,4,160,40,repair,100000,2,308200
target/balance-work/smoke,3cac0d16dec351d337673fd5d219c690503231c3a20c38284dcb2dba1ec64178,quantized,quantized,286118387769971518892690639004281868084,sorted,sliced,auto,1,40,40,baseline,0,0,62200
target/balance-work/smoke,3cac0d16dec351d337673fd5d219c690503231c3a20c38284dcb2dba1ec64178,quantized,quantized,286118387769971518892690639004281868084,sorted,sliced,auto,1,40,40,repair,100000,0,72600
target/balance-work/smoke,3cac0d16dec351d337673fd5d219c690503231c3a20c38284dcb2dba1ec64178,quantized,quantized,286118387769971518892690639004281868084,sorted,sliced,auto,1,40,40,balanced,100000,0,127200
target/balance-work/smoke,3cac0d16dec351d337673fd5d219c690503231c3a20c38284dcb2dba1ec64178,quantized,quantized,286118387769971518892690639004281868084,sorted,sliced,auto,1,40,40,balanced,100000,1,135000
target/balance-work/smoke,3cac0d16dec351d337673fd5d219c690503231c3a20c38284dcb2dba1ec64178,quantized,quantized,286118387769971518892690639004281868084,sorted,sliced,auto,1,40,40,baseline,0,1,69300
target/balance-work/smoke,3cac0d16dec351d337673fd5d219c690503231c3a20c38284dcb2dba1ec64178,quantized,quantized,286118387769971518892690639004281868084,sorted,sliced,auto,1,40,40,repair,100000,1,84700
target/balance-work/smoke,3cac0d16dec351d337673fd5d219c690503231c3a20c38284dcb2dba1ec64178,quantized,quantized,286118387769971518892690639004281868084,sorted,sliced,auto,1,40,40,balanced,100000,2,74500
target/balance-work/smoke,3cac0d16dec351d337673fd5d219c690503231c3a20c38284dcb2dba1ec64178,quantized,quantized,286118387769971518892690639004281868084,sorted,sliced,auto,1,40,40,baseline,0,2,60200
target/balance-work/smoke,3cac0d16dec351d337673fd5d219c690503231c3a20c38284dcb2dba1ec64178,quantized,quantized,286118387769971518892690639004281868084,sorted,sliced,auto,1,40,40,repair,100000,2,74500
target/balance-work/smoke,3cac0d16dec351d337673fd5d219c690503231c3a20c38284dcb2dba1ec64178,quantized,quantized,286118387769971518892690639004281868084,sorted,sliced,streaming,1,40,40,balanced,100000,0,211100
target/balance-work/smoke,3cac0d16dec351d337673fd5d219c690503231c3a20c38284dcb2dba1ec64178,quantized,quantized,286118387769971518892690639004281868084,sorted,sliced,streaming,1,40,40,baseline,0,0,198800
target/balance-work/smoke,3cac0d16dec351d337673fd5d219c690503231c3a20c38284dcb2dba1ec64178,quantized,quantized,286118387769971518892690639004281868084,sorted,sliced,streaming,1,40,40,repair,100000,0,232500
target/balance-work/smoke,3cac0d16dec351d337673fd5d219c690503231c3a20c38284dcb2dba1ec64178,quantized,quantized,286118387769971518892690639004281868084,sorted,sliced,streaming,1,40,40,baseline,0,1,205800
target/balance-work/smoke,3cac0d16dec351d337673fd5d219c690503231c3a20c38284dcb2dba1ec64178,quantized,quantized,286118387769971518892690639004281868084,sorted,sliced,streaming,1,40,40,repair,100000,1,244900
target/balance-work/smoke,3cac0d16dec351d337673fd5d219c690503231c3a20c38284dcb2dba1ec64178,quantized,quantized,286118387769971518892690639004281868084,sorted,sliced,streaming,1,40,40,balanced,100000,1,213100
target/balance-work/smoke,3cac0d16dec351d337673fd5d219c690503231c3a20c38284dcb2dba1ec64178,quantized,quantized,286118387769971518892690639004281868084,sorted,sliced,streaming,1,40,40,balanced,100000,2,211100
target/balance-work/smoke,3cac0d16dec351d337673fd5d219c690503231c3a20c38284dcb2dba1ec64178,quantized,quantized,286118387769971518892690639004281868084,sorted,sliced,streaming,1,40,40,baseline,0,2,214200
target/balance-work/smoke,3cac0d16dec351d337673fd5d219c690503231c3a20c38284dcb2dba1ec64178,quantized,quantized,286118387769971518892690639004281868084,sorted,sliced,streaming,1,40,40,repair,100000,2,229300
target/balance-work/smoke,3cac0d16dec351d337673fd5d219c690503231c3a20c38284dcb2dba1ec64178,quantized,quantized,286118387769971518892690639004281868084,sorted,multi_chunk,auto,1,40,40,balanced,100000,0,69900
target/balance-work/smoke,3cac0d16dec351d337673fd5d219c690503231c3a20c38284dcb2dba1ec64178,quantized,quantized,286118387769971518892690639004281868084,sorted,multi_chunk,auto,1,40,40,baseline,0,0,62700
target/balance-work/smoke,3cac0d16dec351d337673fd5d219c690503231c3a20c38284dcb2dba1ec64178,quantized,quantized,286118387769971518892690639004281868084,sorted,multi_chunk,auto,1,40,40,repair,100000,0,74600
target/balance-work/smoke,3cac0d16dec351d337673fd5d219c690503231c3a20c38284dcb2dba1ec64178,quantized,quantized,286118387769971518892690639004281868084,sorted,multi_chunk,auto,1,40,40,baseline,0,1,64200
target/balance-work/smoke,3cac0d16dec351d337673fd5d219c690503231c3a20c38284dcb2dba1ec64178,quantized,quantized,286118387769971518892690639004281868084,sorted,multi_chunk,auto,1,40,40,repair,100000,1,74400
target/balance-work/smoke,3cac0d16dec351d337673fd5d219c690503231c3a20c38284dcb2dba1ec64178,quantized,quantized,286118387769971518892690639004281868084,sorted,multi_chunk,auto,1,40,40,balanced,100000,1,68300
target/balance-work/smoke,3cac0d16dec351d337673fd5d219c690503231c3a20c38284dcb2dba1ec64178,quantized,quantized,286118387769971518892690639004281868084,sorted,multi_chunk,auto,1,40,40,balanced,100000,2,70900
target/balance-work/smoke,3cac0d16dec351d337673fd5d219c690503231c3a20c38284dcb2dba1ec64178,quantized,quantized,286118387769971518892690639004281868084,sorted,multi_chunk,auto,1,40,40,baseline,0,2,60500
target/balance-work/smoke,3cac0d16dec351d337673fd5d219c690503231c3a20c38284dcb2dba1ec64178,quantized,quantized,286118387769971518892690639004281868084,sorted,multi_chunk,auto,1,40,40,repair,100000,2,72900
target/balance-work/smoke,3cac0d16dec351d337673fd5d219c690503231c3a20c38284dcb2dba1ec64178,quantized,quantized,286118387769971518892690639004281868084,sorted,multi_chunk,streaming,1,40,40,repair,100000,0,294200
target/balance-work/smoke,3cac0d16dec351d337673fd5d219c690503231c3a20c38284dcb2dba1ec64178,quantized,quantized,286118387769971518892690639004281868084,sorted,multi_chunk,streaming,1,40,40,balanced,100000,0,311200
target/balance-work/smoke,3cac0d16dec351d337673fd5d219c690503231c3a20c38284dcb2dba1ec64178,quantized,quantized,286118387769971518892690639004281868084,sorted,multi_chunk,streaming,1,40,40,baseline,0,0,274300
target/balance-work/smoke,3cac0d16dec351d337673fd5d219c690503231c3a20c38284dcb2dba1ec64178,quantized,quantized,286118387769971518892690639004281868084,sorted,multi_chunk,streaming,1,40,40,baseline,0,1,244400
target/balance-work/smoke,3cac0d16dec351d337673fd5d219c690503231c3a20c38284dcb2dba1ec64178,quantized,quantized,286118387769971518892690639004281868084,sorted,multi_chunk,streaming,1,40,40,repair,100000,1,307400
target/balance-work/smoke,3cac0d16dec351d337673fd5d219c690503231c3a20c38284dcb2dba1ec64178,quantized,quantized,286118387769971518892690639004281868084,sorted,multi_chunk,streaming,1,40,40,balanced,100000,1,309700
target/balance-work/smoke,3cac0d16dec351d337673fd5d219c690503231c3a20c38284dcb2dba1ec64178,quantized,quantized,286118387769971518892690639004281868084,sorted,multi_chunk,streaming,1,40,40,baseline,0,2,236100
target/balance-work/smoke,3cac0d16dec351d337673fd5d219c690503231c3a20c38284dcb2dba1ec64178,quantized,quantized,286118387769971518892690639004281868084,sorted,multi_chunk,streaming,1,40,40,repair,100000,2,271700
target/balance-work/smoke,3cac0d16dec351d337673fd5d219c690503231c3a20c38284dcb2dba1ec64178,quantized,quantized,286118387769971518892690639004281868084,sorted,multi_chunk,streaming,1,40,40,balanced,100000,2,239700
target/balance-work/smoke,1280d756d8b1bd8fceedad30ef694a37ed8cd36fbb0be37dd9f2d949ab6b7a54,quantized,quantized,286118387769971518892690639004281868084,shuffled,integer,auto,1,40,40,repair,100000,0,122400
target/balance-work/smoke,1280d756d8b1bd8fceedad30ef694a37ed8cd36fbb0be37dd9f2d949ab6b7a54,quantized,quantized,286118387769971518892690639004281868084,shuffled,integer,auto,1,40,40,balanced,100000,0,77700
target/balance-work/smoke,1280d756d8b1bd8fceedad30ef694a37ed8cd36fbb0be37dd9f2d949ab6b7a54,quantized,quantized,286118387769971518892690639004281868084,shuffled,integer,auto,1,40,40,baseline,0,0,63600
target/balance-work/smoke,1280d756d8b1bd8fceedad30ef694a37ed8cd36fbb0be37dd9f2d949ab6b7a54,quantized,quantized,286118387769971518892690639004281868084,shuffled,integer,auto,1,40,40,repair,100000,1,80500
target/balance-work/smoke,1280d756d8b1bd8fceedad30ef694a37ed8cd36fbb0be37dd9f2d949ab6b7a54,quantized,quantized,286118387769971518892690639004281868084,shuffled,integer,auto,1,40,40,balanced,100000,1,69500
target/balance-work/smoke,1280d756d8b1bd8fceedad30ef694a37ed8cd36fbb0be37dd9f2d949ab6b7a54,quantized,quantized,286118387769971518892690639004281868084,shuffled,integer,auto,1,40,40,baseline,0,1,61600
target/balance-work/smoke,1280d756d8b1bd8fceedad30ef694a37ed8cd36fbb0be37dd9f2d949ab6b7a54,quantized,quantized,286118387769971518892690639004281868084,shuffled,integer,auto,1,40,40,repair,100000,2,78700
target/balance-work/smoke,1280d756d8b1bd8fceedad30ef694a37ed8cd36fbb0be37dd9f2d949ab6b7a54,quantized,quantized,286118387769971518892690639004281868084,shuffled,integer,auto,1,40,40,balanced,100000,2,70100
target/balance-work/smoke,1280d756d8b1bd8fceedad30ef694a37ed8cd36fbb0be37dd9f2d949ab6b7a54,quantized,quantized,286118387769971518892690639004281868084,shuffled,integer,auto,1,40,40,baseline,0,2,59100
target/balance-work/smoke,1280d756d8b1bd8fceedad30ef694a37ed8cd36fbb0be37dd9f2d949ab6b7a54,quantized,quantized,286118387769971518892690639004281868084,shuffled,integer,streaming,1,40,40,baseline,0,0,200200
target/balance-work/smoke,1280d756d8b1bd8fceedad30ef694a37ed8cd36fbb0be37dd9f2d949ab6b7a54,quantized,quantized,286118387769971518892690639004281868084,shuffled,integer,streaming,1,40,40,repair,100000,0,227200
target/balance-work/smoke,1280d756d8b1bd8fceedad30ef694a37ed8cd36fbb0be37dd9f2d949ab6b7a54,quantized,quantized,286118387769971518892690639004281868084,shuffled,integer,streaming,1,40,40,balanced,100000,0,226200
target/balance-work/smoke,1280d756d8b1bd8fceedad30ef694a37ed8cd36fbb0be37dd9f2d949ab6b7a54,quantized,quantized,286118387769971518892690639004281868084,shuffled,integer,streaming,1,40,40,repair,100000,1,230000
target/balance-work/smoke,1280d756d8b1bd8fceedad30ef694a37ed8cd36fbb0be37dd9f2d949ab6b7a54,quantized,quantized,286118387769971518892690639004281868084,shuffled,integer,streaming,1,40,40,balanced,100000,1,242300
target/balance-work/smoke,1280d756d8b1bd8fceedad30ef694a37ed8cd36fbb0be37dd9f2d949ab6b7a54,quantized,quantized,286118387769971518892690639004281868084,shuffled,integer,streaming,1,40,40,baseline,0,1,228600
target/balance-work/smoke,1280d756d8b1bd8fceedad30ef694a37ed8cd36fbb0be37dd9f2d949ab6b7a54,quantized,quantized,286118387769971518892690639004281868084,shuffled,integer,streaming,1,40,40,baseline,0,2,217300
target/balance-work/smoke,1280d756d8b1bd8fceedad30ef694a37ed8cd36fbb0be37dd9f2d949ab6b7a54,quantized,quantized,286118387769971518892690639004281868084,shuffled,integer,streaming,1,40,40,repair,100000,2,327900
target/balance-work/smoke,1280d756d8b1bd8fceedad30ef694a37ed8cd36fbb0be37dd9f2d949ab6b7a54,quantized,quantized,286118387769971518892690639004281868084,shuffled,integer,streaming,1,40,40,balanced,100000,2,250500
target/balance-work/smoke,1280d756d8b1bd8fceedad30ef694a37ed8cd36fbb0be37dd9f2d949ab6b7a54,quantized,quantized,286118387769971518892690639004281868084,shuffled,date,auto,1,40,40,repair,100000,0,78700
target/balance-work/smoke,1280d756d8b1bd8fceedad30ef694a37ed8cd36fbb0be37dd9f2d949ab6b7a54,quantized,quantized,286118387769971518892690639004281868084,shuffled,date,auto,1,40,40,balanced,100000,0,71200
target/balance-work/smoke,1280d756d8b1bd8fceedad30ef694a37ed8cd36fbb0be37dd9f2d949ab6b7a54,quantized,quantized,286118387769971518892690639004281868084,shuffled,date,auto,1,40,40,baseline,0,0,61300
target/balance-work/smoke,1280d756d8b1bd8fceedad30ef694a37ed8cd36fbb0be37dd9f2d949ab6b7a54,quantized,quantized,286118387769971518892690639004281868084,shuffled,date,auto,1,40,40,balanced,100000,1,75800
target/balance-work/smoke,1280d756d8b1bd8fceedad30ef694a37ed8cd36fbb0be37dd9f2d949ab6b7a54,quantized,quantized,286118387769971518892690639004281868084,shuffled,date,auto,1,40,40,baseline,0,1,61200
target/balance-work/smoke,1280d756d8b1bd8fceedad30ef694a37ed8cd36fbb0be37dd9f2d949ab6b7a54,quantized,quantized,286118387769971518892690639004281868084,shuffled,date,auto,1,40,40,repair,100000,1,77100
target/balance-work/smoke,1280d756d8b1bd8fceedad30ef694a37ed8cd36fbb0be37dd9f2d949ab6b7a54,quantized,quantized,286118387769971518892690639004281868084,shuffled,date,auto,1,40,40,baseline,0,2,65600
target/balance-work/smoke,1280d756d8b1bd8fceedad30ef694a37ed8cd36fbb0be37dd9f2d949ab6b7a54,quantized,quantized,286118387769971518892690639004281868084,shuffled,date,auto,1,40,40,repair,100000,2,76000
target/balance-work/smoke,1280d756d8b1bd8fceedad30ef694a37ed8cd36fbb0be37dd9f2d949ab6b7a54,quantized,quantized,286118387769971518892690639004281868084,shuffled,date,auto,1,40,40,balanced,100000,2,71500
target/balance-work/smoke,1280d756d8b1bd8fceedad30ef694a37ed8cd36fbb0be37dd9f2d949ab6b7a54,quantized,quantized,286118387769971518892690639004281868084,shuffled,date,streaming,1,40,40,balanced,100000,0,366800
target/balance-work/smoke,1280d756d8b1bd8fceedad30ef694a37ed8cd36fbb0be37dd9f2d949ab6b7a54,quantized,quantized,286118387769971518892690639004281868084,shuffled,date,streaming,1,40,40,baseline,0,0,230000
target/balance-work/smoke,1280d756d8b1bd8fceedad30ef694a37ed8cd36fbb0be37dd9f2d949ab6b7a54,quantized,quantized,286118387769971518892690639004281868084,shuffled,date,streaming,1,40,40,repair,100000,0,354200
target/balance-work/smoke,1280d756d8b1bd8fceedad30ef694a37ed8cd36fbb0be37dd9f2d949ab6b7a54,quantized,quantized,286118387769971518892690639004281868084,shuffled,date,streaming,1,40,40,repair,100000,1,281000
target/balance-work/smoke,1280d756d8b1bd8fceedad30ef694a37ed8cd36fbb0be37dd9f2d949ab6b7a54,quantized,quantized,286118387769971518892690639004281868084,shuffled,date,streaming,1,40,40,balanced,100000,1,222600
target/balance-work/smoke,1280d756d8b1bd8fceedad30ef694a37ed8cd36fbb0be37dd9f2d949ab6b7a54,quantized,quantized,286118387769971518892690639004281868084,shuffled,date,streaming,1,40,40,baseline,0,1,227500
target/balance-work/smoke,1280d756d8b1bd8fceedad30ef694a37ed8cd36fbb0be37dd9f2d949ab6b7a54,quantized,quantized,286118387769971518892690639004281868084,shuffled,date,streaming,1,40,40,balanced,100000,2,254600
target/balance-work/smoke,1280d756d8b1bd8fceedad30ef694a37ed8cd36fbb0be37dd9f2d949ab6b7a54,quantized,quantized,286118387769971518892690639004281868084,shuffled,date,streaming,1,40,40,baseline,0,2,213100
target/balance-work/smoke,1280d756d8b1bd8fceedad30ef694a37ed8cd36fbb0be37dd9f2d949ab6b7a54,quantized,quantized,286118387769971518892690639004281868084,shuffled,date,streaming,1,40,40,repair,100000,2,263600
target/balance-work/smoke,1280d756d8b1bd8fceedad30ef694a37ed8cd36fbb0be37dd9f2d949ab6b7a54,quantized,quantized,286118387769971518892690639004281868084,shuffled,datetime,auto,1,40,40,repair,100000,0,82000
target/balance-work/smoke,1280d756d8b1bd8fceedad30ef694a37ed8cd36fbb0be37dd9f2d949ab6b7a54,quantized,quantized,286118387769971518892690639004281868084,shuffled,datetime,auto,1,40,40,balanced,100000,0,74300
target/balance-work/smoke,1280d756d8b1bd8fceedad30ef694a37ed8cd36fbb0be37dd9f2d949ab6b7a54,quantized,quantized,286118387769971518892690639004281868084,shuffled,datetime,auto,1,40,40,baseline,0,0,70300
target/balance-work/smoke,1280d756d8b1bd8fceedad30ef694a37ed8cd36fbb0be37dd9f2d949ab6b7a54,quantized,quantized,286118387769971518892690639004281868084,shuffled,datetime,auto,1,40,40,baseline,0,1,67700
target/balance-work/smoke,1280d756d8b1bd8fceedad30ef694a37ed8cd36fbb0be37dd9f2d949ab6b7a54,quantized,quantized,286118387769971518892690639004281868084,shuffled,datetime,auto,1,40,40,repair,100000,1,79700
target/balance-work/smoke,1280d756d8b1bd8fceedad30ef694a37ed8cd36fbb0be37dd9f2d949ab6b7a54,quantized,quantized,286118387769971518892690639004281868084,shuffled,datetime,auto,1,40,40,balanced,100000,1,73600
target/balance-work/smoke,1280d756d8b1bd8fceedad30ef694a37ed8cd36fbb0be37dd9f2d949ab6b7a54,quantized,quantized,286118387769971518892690639004281868084,shuffled,datetime,auto,1,40,40,balanced,100000,2,74800
target/balance-work/smoke,1280d756d8b1bd8fceedad30ef694a37ed8cd36fbb0be37dd9f2d949ab6b7a54,quantized,quantized,286118387769971518892690639004281868084,shuffled,datetime,auto,1,40,40,baseline,0,2,75000
target/balance-work/smoke,1280d756d8b1bd8fceedad30ef694a37ed8cd36fbb0be37dd9f2d949ab6b7a54,quantized,quantized,286118387769971518892690639004281868084,shuffled,datetime,auto,1,40,40,repair,100000,2,79300
target/balance-work/smoke,1280d756d8b1bd8fceedad30ef694a37ed8cd36fbb0be37dd9f2d949ab6b7a54,quantized,quantized,286118387769971518892690639004281868084,shuffled,datetime,streaming,1,40,40,balanced,100000,0,219700
target/balance-work/smoke,1280d756d8b1bd8fceedad30ef694a37ed8cd36fbb0be37dd9f2d949ab6b7a54,quantized,quantized,286118387769971518892690639004281868084,shuffled,datetime,streaming,1,40,40,baseline,0,0,222400
target/balance-work/smoke,1280d756d8b1bd8fceedad30ef694a37ed8cd36fbb0be37dd9f2d949ab6b7a54,quantized,quantized,286118387769971518892690639004281868084,shuffled,datetime,streaming,1,40,40,repair,100000,0,242200
target/balance-work/smoke,1280d756d8b1bd8fceedad30ef694a37ed8cd36fbb0be37dd9f2d949ab6b7a54,quantized,quantized,286118387769971518892690639004281868084,shuffled,datetime,streaming,1,40,40,baseline,0,1,261400
target/balance-work/smoke,1280d756d8b1bd8fceedad30ef694a37ed8cd36fbb0be37dd9f2d949ab6b7a54,quantized,quantized,286118387769971518892690639004281868084,shuffled,datetime,streaming,1,40,40,repair,100000,1,252900
target/balance-work/smoke,1280d756d8b1bd8fceedad30ef694a37ed8cd36fbb0be37dd9f2d949ab6b7a54,quantized,quantized,286118387769971518892690639004281868084,shuffled,datetime,streaming,1,40,40,balanced,100000,1,293000
target/balance-work/smoke,1280d756d8b1bd8fceedad30ef694a37ed8cd36fbb0be37dd9f2d949ab6b7a54,quantized,quantized,286118387769971518892690639004281868084,shuffled,datetime,streaming,1,40,40,baseline,0,2,256100
target/balance-work/smoke,1280d756d8b1bd8fceedad30ef694a37ed8cd36fbb0be37dd9f2d949ab6b7a54,quantized,quantized,286118387769971518892690639004281868084,shuffled,datetime,streaming,1,40,40,repair,100000,2,224000
target/balance-work/smoke,1280d756d8b1bd8fceedad30ef694a37ed8cd36fbb0be37dd9f2d949ab6b7a54,quantized,quantized,286118387769971518892690639004281868084,shuffled,datetime,streaming,1,40,40,balanced,100000,2,191900
target/balance-work/smoke,1280d756d8b1bd8fceedad30ef694a37ed8cd36fbb0be37dd9f2d949ab6b7a54,quantized,quantized,286118387769971518892690639004281868084,shuffled,grouped,auto,4,160,40,balanced,100000,0,280100
target/balance-work/smoke,1280d756d8b1bd8fceedad30ef694a37ed8cd36fbb0be37dd9f2d949ab6b7a54,quantized,quantized,286118387769971518892690639004281868084,shuffled,grouped,auto,4,160,40,baseline,0,0,207600
target/balance-work/smoke,1280d756d8b1bd8fceedad30ef694a37ed8cd36fbb0be37dd9f2d949ab6b7a54,quantized,quantized,286118387769971518892690639004281868084,shuffled,grouped,auto,4,160,40,repair,100000,0,294700
target/balance-work/smoke,1280d756d8b1bd8fceedad30ef694a37ed8cd36fbb0be37dd9f2d949ab6b7a54,quantized,quantized,286118387769971518892690639004281868084,shuffled,grouped,auto,4,160,40,balanced,100000,1,263000
target/balance-work/smoke,1280d756d8b1bd8fceedad30ef694a37ed8cd36fbb0be37dd9f2d949ab6b7a54,quantized,quantized,286118387769971518892690639004281868084,shuffled,grouped,auto,4,160,40,baseline,0,1,239700
target/balance-work/smoke,1280d756d8b1bd8fceedad30ef694a37ed8cd36fbb0be37dd9f2d949ab6b7a54,quantized,quantized,286118387769971518892690639004281868084,shuffled,grouped,auto,4,160,40,repair,100000,1,252900
target/balance-work/smoke,1280d756d8b1bd8fceedad30ef694a37ed8cd36fbb0be37dd9f2d949ab6b7a54,quantized,quantized,286118387769971518892690639004281868084,shuffled,grouped,auto,4,160,40,repair,100000,2,216700
target/balance-work/smoke,1280d756d8b1bd8fceedad30ef694a37ed8cd36fbb0be37dd9f2d949ab6b7a54,quantized,quantized,286118387769971518892690639004281868084,shuffled,grouped,auto,4,160,40,balanced,100000,2,203100
target/balance-work/smoke,1280d756d8b1bd8fceedad30ef694a37ed8cd36fbb0be37dd9f2d949ab6b7a54,quantized,quantized,286118387769971518892690639004281868084,shuffled,grouped,auto,4,160,40,baseline,0,2,177600
target/balance-work/smoke,1280d756d8b1bd8fceedad30ef694a37ed8cd36fbb0be37dd9f2d949ab6b7a54,quantized,quantized,286118387769971518892690639004281868084,shuffled,grouped,streaming,4,160,40,balanced,100000,0,330200
target/balance-work/smoke,1280d756d8b1bd8fceedad30ef694a37ed8cd36fbb0be37dd9f2d949ab6b7a54,quantized,quantized,286118387769971518892690639004281868084,shuffled,grouped,streaming,4,160,40,baseline,0,0,268900
target/balance-work/smoke,1280d756d8b1bd8fceedad30ef694a37ed8cd36fbb0be37dd9f2d949ab6b7a54,quantized,quantized,286118387769971518892690639004281868084,shuffled,grouped,streaming,4,160,40,repair,100000,0,306600
target/balance-work/smoke,1280d756d8b1bd8fceedad30ef694a37ed8cd36fbb0be37dd9f2d949ab6b7a54,quantized,quantized,286118387769971518892690639004281868084,shuffled,grouped,streaming,4,160,40,balanced,100000,1,273500
target/balance-work/smoke,1280d756d8b1bd8fceedad30ef694a37ed8cd36fbb0be37dd9f2d949ab6b7a54,quantized,quantized,286118387769971518892690639004281868084,shuffled,grouped,streaming,4,160,40,baseline,0,1,252600
target/balance-work/smoke,1280d756d8b1bd8fceedad30ef694a37ed8cd36fbb0be37dd9f2d949ab6b7a54,quantized,quantized,286118387769971518892690639004281868084,shuffled,grouped,streaming,4,160,40,repair,100000,1,301100
target/balance-work/smoke,1280d756d8b1bd8fceedad30ef694a37ed8cd36fbb0be37dd9f2d949ab6b7a54,quantized,quantized,286118387769971518892690639004281868084,shuffled,grouped,streaming,4,160,40,baseline,0,2,259800
target/balance-work/smoke,1280d756d8b1bd8fceedad30ef694a37ed8cd36fbb0be37dd9f2d949ab6b7a54,quantized,quantized,286118387769971518892690639004281868084,shuffled,grouped,streaming,4,160,40,repair,100000,2,293900
target/balance-work/smoke,1280d756d8b1bd8fceedad30ef694a37ed8cd36fbb0be37dd9f2d949ab6b7a54,quantized,quantized,286118387769971518892690639004281868084,shuffled,grouped,streaming,4,160,40,balanced,100000,2,282500
target/balance-work/smoke,1280d756d8b1bd8fceedad30ef694a37ed8cd36fbb0be37dd9f2d949ab6b7a54,quantized,quantized,286118387769971518892690639004281868084,shuffled,sliced,auto,1,40,40,balanced,100000,0,68300
target/balance-work/smoke,1280d756d8b1bd8fceedad30ef694a37ed8cd36fbb0be37dd9f2d949ab6b7a54,quantized,quantized,286118387769971518892690639004281868084,shuffled,sliced,auto,1,40,40,baseline,0,0,59400
target/balance-work/smoke,1280d756d8b1bd8fceedad30ef694a37ed8cd36fbb0be37dd9f2d949ab6b7a54,quantized,quantized,286118387769971518892690639004281868084,shuffled,sliced,auto,1,40,40,repair,100000,0,71900
target/balance-work/smoke,1280d756d8b1bd8fceedad30ef694a37ed8cd36fbb0be37dd9f2d949ab6b7a54,quantized,quantized,286118387769971518892690639004281868084,shuffled,sliced,auto,1,40,40,baseline,0,1,216500
target/balance-work/smoke,1280d756d8b1bd8fceedad30ef694a37ed8cd36fbb0be37dd9f2d949ab6b7a54,quantized,quantized,286118387769971518892690639004281868084,shuffled,sliced,auto,1,40,40,repair,100000,1,104000
target/balance-work/smoke,1280d756d8b1bd8fceedad30ef694a37ed8cd36fbb0be37dd9f2d949ab6b7a54,quantized,quantized,286118387769971518892690639004281868084,shuffled,sliced,auto,1,40,40,balanced,100000,1,77400
target/balance-work/smoke,1280d756d8b1bd8fceedad30ef694a37ed8cd36fbb0be37dd9f2d949ab6b7a54,quantized,quantized,286118387769971518892690639004281868084,shuffled,sliced,auto,1,40,40,baseline,0,2,67200
target/balance-work/smoke,1280d756d8b1bd8fceedad30ef694a37ed8cd36fbb0be37dd9f2d949ab6b7a54,quantized,quantized,286118387769971518892690639004281868084,shuffled,sliced,auto,1,40,40,repair,100000,2,78200
target/balance-work/smoke,1280d756d8b1bd8fceedad30ef694a37ed8cd36fbb0be37dd9f2d949ab6b7a54,quantized,quantized,286118387769971518892690639004281868084,shuffled,sliced,auto,1,40,40,balanced,100000,2,70300
target/balance-work/smoke,1280d756d8b1bd8fceedad30ef694a37ed8cd36fbb0be37dd9f2d949ab6b7a54,quantized,quantized,286118387769971518892690639004281868084,shuffled,sliced,streaming,1,40,40,repair,100000,0,310000
target/balance-work/smoke,1280d756d8b1bd8fceedad30ef694a37ed8cd36fbb0be37dd9f2d949ab6b7a54,quantized,quantized,286118387769971518892690639004281868084,shuffled,sliced,streaming,1,40,40,balanced,100000,0,250000
target/balance-work/smoke,1280d756d8b1bd8fceedad30ef694a37ed8cd36fbb0be37dd9f2d949ab6b7a54,quantized,quantized,286118387769971518892690639004281868084,shuffled,sliced,streaming,1,40,40,baseline,0,0,237200
target/balance-work/smoke,1280d756d8b1bd8fceedad30ef694a37ed8cd36fbb0be37dd9f2d949ab6b7a54,quantized,quantized,286118387769971518892690639004281868084,shuffled,sliced,streaming,1,40,40,baseline,0,1,222400
target/balance-work/smoke,1280d756d8b1bd8fceedad30ef694a37ed8cd36fbb0be37dd9f2d949ab6b7a54,quantized,quantized,286118387769971518892690639004281868084,shuffled,sliced,streaming,1,40,40,repair,100000,1,256200
target/balance-work/smoke,1280d756d8b1bd8fceedad30ef694a37ed8cd36fbb0be37dd9f2d949ab6b7a54,quantized,quantized,286118387769971518892690639004281868084,shuffled,sliced,streaming,1,40,40,balanced,100000,1,234000
target/balance-work/smoke,1280d756d8b1bd8fceedad30ef694a37ed8cd36fbb0be37dd9f2d949ab6b7a54,quantized,quantized,286118387769971518892690639004281868084,shuffled,sliced,streaming,1,40,40,baseline,0,2,218400
target/balance-work/smoke,1280d756d8b1bd8fceedad30ef694a37ed8cd36fbb0be37dd9f2d949ab6b7a54,quantized,quantized,286118387769971518892690639004281868084,shuffled,sliced,streaming,1,40,40,repair,100000,2,230600
target/balance-work/smoke,1280d756d8b1bd8fceedad30ef694a37ed8cd36fbb0be37dd9f2d949ab6b7a54,quantized,quantized,286118387769971518892690639004281868084,shuffled,sliced,streaming,1,40,40,balanced,100000,2,225800
target/balance-work/smoke,1280d756d8b1bd8fceedad30ef694a37ed8cd36fbb0be37dd9f2d949ab6b7a54,quantized,quantized,286118387769971518892690639004281868084,shuffled,multi_chunk,auto,1,40,40,repair,100000,0,76700
target/balance-work/smoke,1280d756d8b1bd8fceedad30ef694a37ed8cd36fbb0be37dd9f2d949ab6b7a54,quantized,quantized,286118387769971518892690639004281868084,shuffled,multi_chunk,auto,1,40,40,balanced,100000,0,71600
target/balance-work/smoke,1280d756d8b1bd8fceedad30ef694a37ed8cd36fbb0be37dd9f2d949ab6b7a54,quantized,quantized,286118387769971518892690639004281868084,shuffled,multi_chunk,auto,1,40,40,baseline,0,0,60300
target/balance-work/smoke,1280d756d8b1bd8fceedad30ef694a37ed8cd36fbb0be37dd9f2d949ab6b7a54,quantized,quantized,286118387769971518892690639004281868084,shuffled,multi_chunk,auto,1,40,40,baseline,0,1,71800
target/balance-work/smoke,1280d756d8b1bd8fceedad30ef694a37ed8cd36fbb0be37dd9f2d949ab6b7a54,quantized,quantized,286118387769971518892690639004281868084,shuffled,multi_chunk,auto,1,40,40,repair,100000,1,84100
target/balance-work/smoke,1280d756d8b1bd8fceedad30ef694a37ed8cd36fbb0be37dd9f2d949ab6b7a54,quantized,quantized,286118387769971518892690639004281868084,shuffled,multi_chunk,auto,1,40,40,balanced,100000,1,78000
target/balance-work/smoke,1280d756d8b1bd8fceedad30ef694a37ed8cd36fbb0be37dd9f2d949ab6b7a54,quantized,quantized,286118387769971518892690639004281868084,shuffled,multi_chunk,auto,1,40,40,repair,100000,2,78900
target/balance-work/smoke,1280d756d8b1bd8fceedad30ef694a37ed8cd36fbb0be37dd9f2d949ab6b7a54,quantized,quantized,286118387769971518892690639004281868084,shuffled,multi_chunk,auto,1,40,40,balanced,100000,2,69500
target/balance-work/smoke,1280d756d8b1bd8fceedad30ef694a37ed8cd36fbb0be37dd9f2d949ab6b7a54,quantized,quantized,286118387769971518892690639004281868084,shuffled,multi_chunk,auto,1,40,40,baseline,0,2,60200
target/balance-work/smoke,1280d756d8b1bd8fceedad30ef694a37ed8cd36fbb0be37dd9f2d949ab6b7a54,quantized,quantized,286118387769971518892690639004281868084,shuffled,multi_chunk,streaming,1,40,40,balanced,100000,0,232000
target/balance-work/smoke,1280d756d8b1bd8fceedad30ef694a37ed8cd36fbb0be37dd9f2d949ab6b7a54,quantized,quantized,286118387769971518892690639004281868084,shuffled,multi_chunk,streaming,1,40,40,baseline,0,0,267700
target/balance-work/smoke,1280d756d8b1bd8fceedad30ef694a37ed8cd36fbb0be37dd9f2d949ab6b7a54,quantized,quantized,286118387769971518892690639004281868084,shuffled,multi_chunk,streaming,1,40,40,repair,100000,0,290400
target/balance-work/smoke,1280d756d8b1bd8fceedad30ef694a37ed8cd36fbb0be37dd9f2d949ab6b7a54,quantized,quantized,286118387769971518892690639004281868084,shuffled,multi_chunk,streaming,1,40,40,balanced,100000,1,232400
target/balance-work/smoke,1280d756d8b1bd8fceedad30ef694a37ed8cd36fbb0be37dd9f2d949ab6b7a54,quantized,quantized,286118387769971518892690639004281868084,shuffled,multi_chunk,streaming,1,40,40,baseline,0,1,190500
target/balance-work/smoke,1280d756d8b1bd8fceedad30ef694a37ed8cd36fbb0be37dd9f2d949ab6b7a54,quantized,quantized,286118387769971518892690639004281868084,shuffled,multi_chunk,streaming,1,40,40,repair,100000,1,251300
target/balance-work/smoke,1280d756d8b1bd8fceedad30ef694a37ed8cd36fbb0be37dd9f2d949ab6b7a54,quantized,quantized,286118387769971518892690639004281868084,shuffled,multi_chunk,streaming,1,40,40,baseline,0,2,202500
target/balance-work/smoke,1280d756d8b1bd8fceedad30ef694a37ed8cd36fbb0be37dd9f2d949ab6b7a54,quantized,quantized,286118387769971518892690639004281868084,shuffled,multi_chunk,streaming,1,40,40,repair,100000,2,228300
target/balance-work/smoke,1280d756d8b1bd8fceedad30ef694a37ed8cd36fbb0be37dd9f2d949ab6b7a54,quantized,quantized,286118387769971518892690639004281868084,shuffled,multi_chunk,streaming,1,40,40,balanced,100000,2,214500
target/balance-work/smoke,3704f1ca7954a92b4ce6488728f362e8f8c884a21390521a073c05593993b414,nested,nested,243129900809349466782592943870490772298,sorted,integer,auto,1,40,40,baseline,0,0,62300
target/balance-work/smoke,3704f1ca7954a92b4ce6488728f362e8f8c884a21390521a073c05593993b414,nested,nested,243129900809349466782592943870490772298,sorted,integer,auto,1,40,40,repair,100000,0,66500
target/balance-work/smoke,3704f1ca7954a92b4ce6488728f362e8f8c884a21390521a073c05593993b414,nested,nested,243129900809349466782592943870490772298,sorted,integer,auto,1,40,40,balanced,100000,0,61500
target/balance-work/smoke,3704f1ca7954a92b4ce6488728f362e8f8c884a21390521a073c05593993b414,nested,nested,243129900809349466782592943870490772298,sorted,integer,auto,1,40,40,repair,100000,1,69600
target/balance-work/smoke,3704f1ca7954a92b4ce6488728f362e8f8c884a21390521a073c05593993b414,nested,nested,243129900809349466782592943870490772298,sorted,integer,auto,1,40,40,balanced,100000,1,61800
target/balance-work/smoke,3704f1ca7954a92b4ce6488728f362e8f8c884a21390521a073c05593993b414,nested,nested,243129900809349466782592943870490772298,sorted,integer,auto,1,40,40,baseline,0,1,57000
target/balance-work/smoke,3704f1ca7954a92b4ce6488728f362e8f8c884a21390521a073c05593993b414,nested,nested,243129900809349466782592943870490772298,sorted,integer,auto,1,40,40,balanced,100000,2,64500
target/balance-work/smoke,3704f1ca7954a92b4ce6488728f362e8f8c884a21390521a073c05593993b414,nested,nested,243129900809349466782592943870490772298,sorted,integer,auto,1,40,40,baseline,0,2,57500
target/balance-work/smoke,3704f1ca7954a92b4ce6488728f362e8f8c884a21390521a073c05593993b414,nested,nested,243129900809349466782592943870490772298,sorted,integer,auto,1,40,40,repair,100000,2,71000
target/balance-work/smoke,3704f1ca7954a92b4ce6488728f362e8f8c884a21390521a073c05593993b414,nested,nested,243129900809349466782592943870490772298,sorted,integer,streaming,1,40,40,repair,100000,0,310200
target/balance-work/smoke,3704f1ca7954a92b4ce6488728f362e8f8c884a21390521a073c05593993b414,nested,nested,243129900809349466782592943870490772298,sorted,integer,streaming,1,40,40,balanced,100000,0,273100
target/balance-work/smoke,3704f1ca7954a92b4ce6488728f362e8f8c884a21390521a073c05593993b414,nested,nested,243129900809349466782592943870490772298,sorted,integer,streaming,1,40,40,baseline,0,0,217300
target/balance-work/smoke,3704f1ca7954a92b4ce6488728f362e8f8c884a21390521a073c05593993b414,nested,nested,243129900809349466782592943870490772298,sorted,integer,streaming,1,40,40,baseline,0,1,217600
target/balance-work/smoke,3704f1ca7954a92b4ce6488728f362e8f8c884a21390521a073c05593993b414,nested,nested,243129900809349466782592943870490772298,sorted,integer,streaming,1,40,40,repair,100000,1,239300
target/balance-work/smoke,3704f1ca7954a92b4ce6488728f362e8f8c884a21390521a073c05593993b414,nested,nested,243129900809349466782592943870490772298,sorted,integer,streaming,1,40,40,balanced,100000,1,220100
target/balance-work/smoke,3704f1ca7954a92b4ce6488728f362e8f8c884a21390521a073c05593993b414,nested,nested,243129900809349466782592943870490772298,sorted,integer,streaming,1,40,40,balanced,100000,2,206000
target/balance-work/smoke,3704f1ca7954a92b4ce6488728f362e8f8c884a21390521a073c05593993b414,nested,nested,243129900809349466782592943870490772298,sorted,integer,streaming,1,40,40,baseline,0,2,197800
target/balance-work/smoke,3704f1ca7954a92b4ce6488728f362e8f8c884a21390521a073c05593993b414,nested,nested,243129900809349466782592943870490772298,sorted,integer,streaming,1,40,40,repair,100000,2,216000
target/balance-work/smoke,3704f1ca7954a92b4ce6488728f362e8f8c884a21390521a073c05593993b414,nested,nested,243129900809349466782592943870490772298,sorted,date,auto,1,40,40,baseline,0,0,63100
target/balance-work/smoke,3704f1ca7954a92b4ce6488728f362e8f8c884a21390521a073c05593993b414,nested,nested,243129900809349466782592943870490772298,sorted,date,auto,1,40,40,repair,100000,0,71400
target/balance-work/smoke,3704f1ca7954a92b4ce6488728f362e8f8c884a21390521a073c05593993b414,nested,nested,243129900809349466782592943870490772298,sorted,date,auto,1,40,40,balanced,100000,0,67700
target/balance-work/smoke,3704f1ca7954a92b4ce6488728f362e8f8c884a21390521a073c05593993b414,nested,nested,243129900809349466782592943870490772298,sorted,date,auto,1,40,40,repair,100000,1,73300
target/balance-work/smoke,3704f1ca7954a92b4ce6488728f362e8f8c884a21390521a073c05593993b414,nested,nested,243129900809349466782592943870490772298,sorted,date,auto,1,40,40,balanced,100000,1,64900
target/balance-work/smoke,3704f1ca7954a92b4ce6488728f362e8f8c884a21390521a073c05593993b414,nested,nested,243129900809349466782592943870490772298,sorted,date,auto,1,40,40,baseline,0,1,59800
target/balance-work/smoke,3704f1ca7954a92b4ce6488728f362e8f8c884a21390521a073c05593993b414,nested,nested,243129900809349466782592943870490772298,sorted,date,auto,1,40,40,balanced,100000,2,66100
target/balance-work/smoke,3704f1ca7954a92b4ce6488728f362e8f8c884a21390521a073c05593993b414,nested,nested,243129900809349466782592943870490772298,sorted,date,auto,1,40,40,baseline,0,2,58900
target/balance-work/smoke,3704f1ca7954a92b4ce6488728f362e8f8c884a21390521a073c05593993b414,nested,nested,243129900809349466782592943870490772298,sorted,date,auto,1,40,40,repair,100000,2,68500
target/balance-work/smoke,3704f1ca7954a92b4ce6488728f362e8f8c884a21390521a073c05593993b414,nested,nested,243129900809349466782592943870490772298,sorted,date,streaming,1,40,40,repair,100000,0,244200
target/balance-work/smoke,3704f1ca7954a92b4ce6488728f362e8f8c884a21390521a073c05593993b414,nested,nested,243129900809349466782592943870490772298,sorted,date,streaming,1,40,40,balanced,100000,0,214500
target/balance-work/smoke,3704f1ca7954a92b4ce6488728f362e8f8c884a21390521a073c05593993b414,nested,nested,243129900809349466782592943870490772298,sorted,date,streaming,1,40,40,baseline,0,0,209700
target/balance-work/smoke,3704f1ca7954a92b4ce6488728f362e8f8c884a21390521a073c05593993b414,nested,nested,243129900809349466782592943870490772298,sorted,date,streaming,1,40,40,balanced,100000,1,222200
target/balance-work/smoke,3704f1ca7954a92b4ce6488728f362e8f8c884a21390521a073c05593993b414,nested,nested,243129900809349466782592943870490772298,sorted,date,streaming,1,40,40,baseline,0,1,231200
target/balance-work/smoke,3704f1ca7954a92b4ce6488728f362e8f8c884a21390521a073c05593993b414,nested,nested,243129900809349466782592943870490772298,sorted,date,streaming,1,40,40,repair,100000,1,225300
target/balance-work/smoke,3704f1ca7954a92b4ce6488728f362e8f8c884a21390521a073c05593993b414,nested,nested,243129900809349466782592943870490772298,sorted,date,streaming,1,40,40,repair,100000,2,222000
target/balance-work/smoke,3704f1ca7954a92b4ce6488728f362e8f8c884a21390521a073c05593993b414,nested,nested,243129900809349466782592943870490772298,sorted,date,streaming,1,40,40,balanced,100000,2,241100
target/balance-work/smoke,3704f1ca7954a92b4ce6488728f362e8f8c884a21390521a073c05593993b414,nested,nested,243129900809349466782592943870490772298,sorted,date,streaming,1,40,40,baseline,0,2,264600
target/balance-work/smoke,3704f1ca7954a92b4ce6488728f362e8f8c884a21390521a073c05593993b414,nested,nested,243129900809349466782592943870490772298,sorted,datetime,auto,1,40,40,baseline,0,0,64400
target/balance-work/smoke,3704f1ca7954a92b4ce6488728f362e8f8c884a21390521a073c05593993b414,nested,nested,243129900809349466782592943870490772298,sorted,datetime,auto,1,40,40,repair,100000,0,73200
target/balance-work/smoke,3704f1ca7954a92b4ce6488728f362e8f8c884a21390521a073c05593993b414,nested,nested,243129900809349466782592943870490772298,sorted,datetime,auto,1,40,40,balanced,100000,0,126000
target/balance-work/smoke,3704f1ca7954a92b4ce6488728f362e8f8c884a21390521a073c05593993b414,nested,nested,243129900809349466782592943870490772298,sorted,datetime,auto,1,40,40,balanced,100000,1,107900
target/balance-work/smoke,3704f1ca7954a92b4ce6488728f362e8f8c884a21390521a073c05593993b414,nested,nested,243129900809349466782592943870490772298,sorted,datetime,auto,1,40,40,baseline,0,1,71600
target/balance-work/smoke,3704f1ca7954a92b4ce6488728f362e8f8c884a21390521a073c05593993b414,nested,nested,243129900809349466782592943870490772298,sorted,datetime,auto,1,40,40,repair,100000,1,81600
target/balance-work/smoke,3704f1ca7954a92b4ce6488728f362e8f8c884a21390521a073c05593993b414,nested,nested,243129900809349466782592943870490772298,sorted,datetime,auto,1,40,40,baseline,0,2,70100
target/balance-work/smoke,3704f1ca7954a92b4ce6488728f362e8f8c884a21390521a073c05593993b414,nested,nested,243129900809349466782592943870490772298,sorted,datetime,auto,1,40,40,repair,100000,2,73400
target/balance-work/smoke,3704f1ca7954a92b4ce6488728f362e8f8c884a21390521a073c05593993b414,nested,nested,243129900809349466782592943870490772298,sorted,datetime,auto,1,40,40,balanced,100000,2,67100
target/balance-work/smoke,3704f1ca7954a92b4ce6488728f362e8f8c884a21390521a073c05593993b414,nested,nested,243129900809349466782592943870490772298,sorted,datetime,streaming,1,40,40,repair,100000,0,311700
target/balance-work/smoke,3704f1ca7954a92b4ce6488728f362e8f8c884a21390521a073c05593993b414,nested,nested,243129900809349466782592943870490772298,sorted,datetime,streaming,1,40,40,balanced,100000,0,231300
target/balance-work/smoke,3704f1ca7954a92b4ce6488728f362e8f8c884a21390521a073c05593993b414,nested,nested,243129900809349466782592943870490772298,sorted,datetime,streaming,1,40,40,baseline,0,0,210500
target/balance-work/smoke,3704f1ca7954a92b4ce6488728f362e8f8c884a21390521a073c05593993b414,nested,nested,243129900809349466782592943870490772298,sorted,datetime,streaming,1,40,40,repair,100000,1,205100
target/balance-work/smoke,3704f1ca7954a92b4ce6488728f362e8f8c884a21390521a073c05593993b414,nested,nested,243129900809349466782592943870490772298,sorted,datetime,streaming,1,40,40,balanced,100000,1,183000
target/balance-work/smoke,3704f1ca7954a92b4ce6488728f362e8f8c884a21390521a073c05593993b414,nested,nested,243129900809349466782592943870490772298,sorted,datetime,streaming,1,40,40,baseline,0,1,174500
target/balance-work/smoke,3704f1ca7954a92b4ce6488728f362e8f8c884a21390521a073c05593993b414,nested,nested,243129900809349466782592943870490772298,sorted,datetime,streaming,1,40,40,baseline,0,2,183500
target/balance-work/smoke,3704f1ca7954a92b4ce6488728f362e8f8c884a21390521a073c05593993b414,nested,nested,243129900809349466782592943870490772298,sorted,datetime,streaming,1,40,40,repair,100000,2,188800
target/balance-work/smoke,3704f1ca7954a92b4ce6488728f362e8f8c884a21390521a073c05593993b414,nested,nested,243129900809349466782592943870490772298,sorted,datetime,streaming,1,40,40,balanced,100000,2,182500
target/balance-work/smoke,3704f1ca7954a92b4ce6488728f362e8f8c884a21390521a073c05593993b414,nested,nested,243129900809349466782592943870490772298,sorted,grouped,auto,4,160,40,balanced,100000,0,190000
target/balance-work/smoke,3704f1ca7954a92b4ce6488728f362e8f8c884a21390521a073c05593993b414,nested,nested,243129900809349466782592943870490772298,sorted,grouped,auto,4,160,40,baseline,0,0,151300
target/balance-work/smoke,3704f1ca7954a92b4ce6488728f362e8f8c884a21390521a073c05593993b414,nested,nested,243129900809349466782592943870490772298,sorted,grouped,auto,4,160,40,repair,100000,0,211700
target/balance-work/smoke,3704f1ca7954a92b4ce6488728f362e8f8c884a21390521a073c05593993b414,nested,nested,243129900809349466782592943870490772298,sorted,grouped,auto,4,160,40,repair,100000,1,273000
target/balance-work/smoke,3704f1ca7954a92b4ce6488728f362e8f8c884a21390521a073c05593993b414,nested,nested,243129900809349466782592943870490772298,sorted,grouped,auto,4,160,40,balanced,100000,1,178400
target/balance-work/smoke,3704f1ca7954a92b4ce6488728f362e8f8c884a21390521a073c05593993b414,nested,nested,243129900809349466782592943870490772298,sorted,grouped,auto,4,160,40,baseline,0,1,158600
target/balance-work/smoke,3704f1ca7954a92b4ce6488728f362e8f8c884a21390521a073c05593993b414,nested,nested,243129900809349466782592943870490772298,sorted,grouped,auto,4,160,40,repair,100000,2,192600
target/balance-work/smoke,3704f1ca7954a92b4ce6488728f362e8f8c884a21390521a073c05593993b414,nested,nested,243129900809349466782592943870490772298,sorted,grouped,auto,4,160,40,balanced,100000,2,170800
target/balance-work/smoke,3704f1ca7954a92b4ce6488728f362e8f8c884a21390521a073c05593993b414,nested,nested,243129900809349466782592943870490772298,sorted,grouped,auto,4,160,40,baseline,0,2,146400
target/balance-work/smoke,3704f1ca7954a92b4ce6488728f362e8f8c884a21390521a073c05593993b414,nested,nested,243129900809349466782592943870490772298,sorted,grouped,streaming,4,160,40,baseline,0,0,287000
target/balance-work/smoke,3704f1ca7954a92b4ce6488728f362e8f8c884a21390521a073c05593993b414,nested,nested,243129900809349466782592943870490772298,sorted,grouped,streaming,4,160,40,repair,100000,0,270900
target/balance-work/smoke,3704f1ca7954a92b4ce6488728f362e8f8c884a21390521a073c05593993b414,nested,nested,243129900809349466782592943870490772298,sorted,grouped,streaming,4,160,40,balanced,100000,0,243000
target/balance-work/smoke,3704f1ca7954a92b4ce6488728f362e8f8c884a21390521a073c05593993b414,nested,nested,243129900809349466782592943870490772298,sorted,grouped,streaming,4,160,40,balanced,100000,1,254000
target/balance-work/smoke,3704f1ca7954a92b4ce6488728f362e8f8c884a21390521a073c05593993b414,nested,nested,243129900809349466782592943870490772298,sorted,grouped,streaming,4,160,40,baseline,0,1,242100
target/balance-work/smoke,3704f1ca7954a92b4ce6488728f362e8f8c884a21390521a073c05593993b414,nested,nested,243129900809349466782592943870490772298,sorted,grouped,streaming,4,160,40,repair,100000,1,283700
target/balance-work/smoke,3704f1ca7954a92b4ce6488728f362e8f8c884a21390521a073c05593993b414,nested,nested,243129900809349466782592943870490772298,sorted,grouped,streaming,4,160,40,baseline,0,2,253400
target/balance-work/smoke,3704f1ca7954a92b4ce6488728f362e8f8c884a21390521a073c05593993b414,nested,nested,243129900809349466782592943870490772298,sorted,grouped,streaming,4,160,40,repair,100000,2,277900
target/balance-work/smoke,3704f1ca7954a92b4ce6488728f362e8f8c884a21390521a073c05593993b414,nested,nested,243129900809349466782592943870490772298,sorted,grouped,streaming,4,160,40,balanced,100000,2,281100
target/balance-work/smoke,3704f1ca7954a92b4ce6488728f362e8f8c884a21390521a073c05593993b414,nested,nested,243129900809349466782592943870490772298,sorted,sliced,auto,1,40,40,repair,100000,0,69000
target/balance-work/smoke,3704f1ca7954a92b4ce6488728f362e8f8c884a21390521a073c05593993b414,nested,nested,243129900809349466782592943870490772298,sorted,sliced,auto,1,40,40,balanced,100000,0,62000
target/balance-work/smoke,3704f1ca7954a92b4ce6488728f362e8f8c884a21390521a073c05593993b414,nested,nested,243129900809349466782592943870490772298,sorted,sliced,auto,1,40,40,baseline,0,0,57800
target/balance-work/smoke,3704f1ca7954a92b4ce6488728f362e8f8c884a21390521a073c05593993b414,nested,nested,243129900809349466782592943870490772298,sorted,sliced,auto,1,40,40,balanced,100000,1,276200
target/balance-work/smoke,3704f1ca7954a92b4ce6488728f362e8f8c884a21390521a073c05593993b414,nested,nested,243129900809349466782592943870490772298,sorted,sliced,auto,1,40,40,baseline,0,1,68300
target/balance-work/smoke,3704f1ca7954a92b4ce6488728f362e8f8c884a21390521a073c05593993b414,nested,nested,243129900809349466782592943870490772298,sorted,sliced,auto,1,40,40,repair,100000,1,78400
target/balance-work/smoke,3704f1ca7954a92b4ce6488728f362e8f8c884a21390521a073c05593993b414,nested,nested,243129900809349466782592943870490772298,sorted,sliced,auto,1,40,40,balanced,100000,2,68700
target/balance-work/smoke,3704f1ca7954a92b4ce6488728f362e8f8c884a21390521a073c05593993b414,nested,nested,243129900809349466782592943870490772298,sorted,sliced,auto,1,40,40,baseline,0,2,60000
target/balance-work/smoke,3704f1ca7954a92b4ce6488728f362e8f8c884a21390521a073c05593993b414,nested,nested,243129900809349466782592943870490772298,sorted,sliced,auto,1,40,40,repair,100000,2,69500
target/balance-work/smoke,3704f1ca7954a92b4ce6488728f362e8f8c884a21390521a073c05593993b414,nested,nested,243129900809349466782592943870490772298,sorted,sliced,streaming,1,40,40,repair,100000,0,185400
target/balance-work/smoke,3704f1ca7954a92b4ce6488728f362e8f8c884a21390521a073c05593993b414,nested,nested,243129900809349466782592943870490772298,sorted,sliced,streaming,1,40,40,balanced,100000,0,180000
target/balance-work/smoke,3704f1ca7954a92b4ce6488728f362e8f8c884a21390521a073c05593993b414,nested,nested,243129900809349466782592943870490772298,sorted,sliced,streaming,1,40,40,baseline,0,0,192800
target/balance-work/smoke,3704f1ca7954a92b4ce6488728f362e8f8c884a21390521a073c05593993b414,nested,nested,243129900809349466782592943870490772298,sorted,sliced,streaming,1,40,40,balanced,100000,1,181800
target/balance-work/smoke,3704f1ca7954a92b4ce6488728f362e8f8c884a21390521a073c05593993b414,nested,nested,243129900809349466782592943870490772298,sorted,sliced,streaming,1,40,40,baseline,0,1,172600
target/balance-work/smoke,3704f1ca7954a92b4ce6488728f362e8f8c884a21390521a073c05593993b414,nested,nested,243129900809349466782592943870490772298,sorted,sliced,streaming,1,40,40,repair,100000,1,183100
target/balance-work/smoke,3704f1ca7954a92b4ce6488728f362e8f8c884a21390521a073c05593993b414,nested,nested,243129900809349466782592943870490772298,sorted,sliced,streaming,1,40,40,baseline,0,2,175200
target/balance-work/smoke,3704f1ca7954a92b4ce6488728f362e8f8c884a21390521a073c05593993b414,nested,nested,243129900809349466782592943870490772298,sorted,sliced,streaming,1,40,40,repair,100000,2,181400
target/balance-work/smoke,3704f1ca7954a92b4ce6488728f362e8f8c884a21390521a073c05593993b414,nested,nested,243129900809349466782592943870490772298,sorted,sliced,streaming,1,40,40,balanced,100000,2,179200
target/balance-work/smoke,3704f1ca7954a92b4ce6488728f362e8f8c884a21390521a073c05593993b414,nested,nested,243129900809349466782592943870490772298,sorted,multi_chunk,auto,1,40,40,baseline,0,0,61100
target/balance-work/smoke,3704f1ca7954a92b4ce6488728f362e8f8c884a21390521a073c05593993b414,nested,nested,243129900809349466782592943870490772298,sorted,multi_chunk,auto,1,40,40,repair,100000,0,67500
target/balance-work/smoke,3704f1ca7954a92b4ce6488728f362e8f8c884a21390521a073c05593993b414,nested,nested,243129900809349466782592943870490772298,sorted,multi_chunk,auto,1,40,40,balanced,100000,0,74200
target/balance-work/smoke,3704f1ca7954a92b4ce6488728f362e8f8c884a21390521a073c05593993b414,nested,nested,243129900809349466782592943870490772298,sorted,multi_chunk,auto,1,40,40,baseline,0,1,62100
target/balance-work/smoke,3704f1ca7954a92b4ce6488728f362e8f8c884a21390521a073c05593993b414,nested,nested,243129900809349466782592943870490772298,sorted,multi_chunk,auto,1,40,40,repair,100000,1,67700
target/balance-work/smoke,3704f1ca7954a92b4ce6488728f362e8f8c884a21390521a073c05593993b414,nested,nested,243129900809349466782592943870490772298,sorted,multi_chunk,auto,1,40,40,balanced,100000,1,63100
target/balance-work/smoke,3704f1ca7954a92b4ce6488728f362e8f8c884a21390521a073c05593993b414,nested,nested,243129900809349466782592943870490772298,sorted,multi_chunk,auto,1,40,40,balanced,100000,2,65600
target/balance-work/smoke,3704f1ca7954a92b4ce6488728f362e8f8c884a21390521a073c05593993b414,nested,nested,243129900809349466782592943870490772298,sorted,multi_chunk,auto,1,40,40,baseline,0,2,59100
target/balance-work/smoke,3704f1ca7954a92b4ce6488728f362e8f8c884a21390521a073c05593993b414,nested,nested,243129900809349466782592943870490772298,sorted,multi_chunk,auto,1,40,40,repair,100000,2,66500
target/balance-work/smoke,3704f1ca7954a92b4ce6488728f362e8f8c884a21390521a073c05593993b414,nested,nested,243129900809349466782592943870490772298,sorted,multi_chunk,streaming,1,40,40,repair,100000,0,182700
target/balance-work/smoke,3704f1ca7954a92b4ce6488728f362e8f8c884a21390521a073c05593993b414,nested,nested,243129900809349466782592943870490772298,sorted,multi_chunk,streaming,1,40,40,balanced,100000,0,180100
target/balance-work/smoke,3704f1ca7954a92b4ce6488728f362e8f8c884a21390521a073c05593993b414,nested,nested,243129900809349466782592943870490772298,sorted,multi_chunk,streaming,1,40,40,baseline,0,0,177400
target/balance-work/smoke,3704f1ca7954a92b4ce6488728f362e8f8c884a21390521a073c05593993b414,nested,nested,243129900809349466782592943870490772298,sorted,multi_chunk,streaming,1,40,40,balanced,100000,1,179700
target/balance-work/smoke,3704f1ca7954a92b4ce6488728f362e8f8c884a21390521a073c05593993b414,nested,nested,243129900809349466782592943870490772298,sorted,multi_chunk,streaming,1,40,40,baseline,0,1,180700
target/balance-work/smoke,3704f1ca7954a92b4ce6488728f362e8f8c884a21390521a073c05593993b414,nested,nested,243129900809349466782592943870490772298,sorted,multi_chunk,streaming,1,40,40,repair,100000,1,180000
target/balance-work/smoke,3704f1ca7954a92b4ce6488728f362e8f8c884a21390521a073c05593993b414,nested,nested,243129900809349466782592943870490772298,sorted,multi_chunk,streaming,1,40,40,balanced,100000,2,199500
target/balance-work/smoke,3704f1ca7954a92b4ce6488728f362e8f8c884a21390521a073c05593993b414,nested,nested,243129900809349466782592943870490772298,sorted,multi_chunk,streaming,1,40,40,baseline,0,2,182500
target/balance-work/smoke,3704f1ca7954a92b4ce6488728f362e8f8c884a21390521a073c05593993b414,nested,nested,243129900809349466782592943870490772298,sorted,multi_chunk,streaming,1,40,40,repair,100000,2,181500
target/balance-work/smoke,b42ba3afd3791ccc6f257fe8aea3af71a3bf8d72bba583da5159dad8a405f6e0,nested,nested,243129900809349466782592943870490772298,shuffled,integer,auto,1,40,40,repair,100000,0,73100
target/balance-work/smoke,b42ba3afd3791ccc6f257fe8aea3af71a3bf8d72bba583da5159dad8a405f6e0,nested,nested,243129900809349466782592943870490772298,shuffled,integer,auto,1,40,40,balanced,100000,0,98900
target/balance-work/smoke,b42ba3afd3791ccc6f257fe8aea3af71a3bf8d72bba583da5159dad8a405f6e0,nested,nested,243129900809349466782592943870490772298,shuffled,integer,auto,1,40,40,baseline,0,0,65800
target/balance-work/smoke,b42ba3afd3791ccc6f257fe8aea3af71a3bf8d72bba583da5159dad8a405f6e0,nested,nested,243129900809349466782592943870490772298,shuffled,integer,auto,1,40,40,baseline,0,1,62100
target/balance-work/smoke,b42ba3afd3791ccc6f257fe8aea3af71a3bf8d72bba583da5159dad8a405f6e0,nested,nested,243129900809349466782592943870490772298,shuffled,integer,auto,1,40,40,repair,100000,1,68600
target/balance-work/smoke,b42ba3afd3791ccc6f257fe8aea3af71a3bf8d72bba583da5159dad8a405f6e0,nested,nested,243129900809349466782592943870490772298,shuffled,integer,auto,1,40,40,balanced,100000,1,63100
target/balance-work/smoke,b42ba3afd3791ccc6f257fe8aea3af71a3bf8d72bba583da5159dad8a405f6e0,nested,nested,243129900809349466782592943870490772298,shuffled,integer,auto,1,40,40,repair,100000,2,72700
target/balance-work/smoke,b42ba3afd3791ccc6f257fe8aea3af71a3bf8d72bba583da5159dad8a405f6e0,nested,nested,243129900809349466782592943870490772298,shuffled,integer,auto,1,40,40,balanced,100000,2,64800
target/balance-work/smoke,b42ba3afd3791ccc6f257fe8aea3af71a3bf8d72bba583da5159dad8a405f6e0,nested,nested,243129900809349466782592943870490772298,shuffled,integer,auto,1,40,40,baseline,0,2,58600
target/balance-work/smoke,b42ba3afd3791ccc6f257fe8aea3af71a3bf8d72bba583da5159dad8a405f6e0,nested,nested,243129900809349466782592943870490772298,shuffled,integer,streaming,1,40,40,balanced,100000,0,183800
target/balance-work/smoke,b42ba3afd3791ccc6f257fe8aea3af71a3bf8d72bba583da5159dad8a405f6e0,nested,nested,243129900809349466782592943870490772298,shuffled,integer,streaming,1,40,40,baseline,0,0,176700
target/balance-work/smoke,b42ba3afd3791ccc6f257fe8aea3af71a3bf8d72bba583da5159dad8a405f6e0,nested,nested,243129900809349466782592943870490772298,shuffled,integer,streaming,1,40,40,repair,100000,0,271000
target/balance-work/smoke,b42ba3afd3791ccc6f257fe8aea3af71a3bf8d72bba583da5159dad8a405f6e0,nested,nested,243129900809349466782592943870490772298,shuffled,integer,streaming,1,40,40,repair,100000,1,201100
target/balance-work/smoke,b42ba3afd3791ccc6f257fe8aea3af71a3bf8d72bba583da5159dad8a405f6e0,nested,nested,243129900809349466782592943870490772298,shuffled,integer,streaming,1,40,40,balanced,100000,1,172200
target/balance-work/smoke,b42ba3afd3791ccc6f257fe8aea3af71a3bf8d72bba583da5159dad8a405f6e0,nested,nested,243129900809349466782592943870490772298,shuffled,integer,streaming,1,40,40,baseline,0,1,186200
target/balance-work/smoke,b42ba3afd3791ccc6f257fe8aea3af71a3bf8d72bba583da5159dad8a405f6e0,nested,nested,243129900809349466782592943870490772298,shuffled,integer,streaming,1,40,40,repair,100000,2,257000
target/balance-work/smoke,b42ba3afd3791ccc6f257fe8aea3af71a3bf8d72bba583da5159dad8a405f6e0,nested,nested,243129900809349466782592943870490772298,shuffled,integer,streaming,1,40,40,balanced,100000,2,184100
target/balance-work/smoke,b42ba3afd3791ccc6f257fe8aea3af71a3bf8d72bba583da5159dad8a405f6e0,nested,nested,243129900809349466782592943870490772298,shuffled,integer,streaming,1,40,40,baseline,0,2,174800
target/balance-work/smoke,b42ba3afd3791ccc6f257fe8aea3af71a3bf8d72bba583da5159dad8a405f6e0,nested,nested,243129900809349466782592943870490772298,shuffled,date,auto,1,40,40,repair,100000,0,71100
target/balance-work/smoke,b42ba3afd3791ccc6f257fe8aea3af71a3bf8d72bba583da5159dad8a405f6e0,nested,nested,243129900809349466782592943870490772298,shuffled,date,auto,1,40,40,balanced,100000,0,64500
target/balance-work/smoke,b42ba3afd3791ccc6f257fe8aea3af71a3bf8d72bba583da5159dad8a405f6e0,nested,nested,243129900809349466782592943870490772298,shuffled,date,auto,1,40,40,baseline,0,0,59500
target/balance-work/smoke,b42ba3afd3791ccc6f257fe8aea3af71a3bf8d72bba583da5159dad8a405f6e0,nested,nested,243129900809349466782592943870490772298,shuffled,date,auto,1,40,40,baseline,0,1,72700
target/balance-work/smoke,b42ba3afd3791ccc6f257fe8aea3af71a3bf8d72bba583da5159dad8a405f6e0,nested,nested,243129900809349466782592943870490772298,shuffled,date,auto,1,40,40,repair,100000,1,70100
target/balance-work/smoke,b42ba3afd3791ccc6f257fe8aea3af71a3bf8d72bba583da5159dad8a405f6e0,nested,nested,243129900809349466782592943870490772298,shuffled,date,auto,1,40,40,balanced,100000,1,64200
target/balance-work/smoke,b42ba3afd3791ccc6f257fe8aea3af71a3bf8d72bba583da5159dad8a405f6e0,nested,nested,243129900809349466782592943870490772298,shuffled,date,auto,1,40,40,repair,100000,2,72900
target/balance-work/smoke,b42ba3afd3791ccc6f257fe8aea3af71a3bf8d72bba583da5159dad8a405f6e0,nested,nested,243129900809349466782592943870490772298,shuffled,date,auto,1,40,40,balanced,100000,2,64800
target/balance-work/smoke,b42ba3afd3791ccc6f257fe8aea3af71a3bf8d72bba583da5159dad8a405f6e0,nested,nested,243129900809349466782592943870490772298,shuffled,date,auto,1,40,40,baseline,0,2,59000
target/balance-work/smoke,b42ba3afd3791ccc6f257fe8aea3af71a3bf8d72bba583da5159dad8a405f6e0,nested,nested,243129900809349466782592943870490772298,shuffled,date,streaming,1,40,40,baseline,0,0,183800
target/balance-work/smoke,b42ba3afd3791ccc6f257fe8aea3af71a3bf8d72bba583da5159dad8a405f6e0,nested,nested,243129900809349466782592943870490772298,shuffled,date,streaming,1,40,40,repair,100000,0,188000
target/balance-work/smoke,b42ba3afd3791ccc6f257fe8aea3af71a3bf8d72bba583da5159dad8a405f6e0,nested,nested,243129900809349466782592943870490772298,shuffled,date,streaming,1,40,40,balanced,100000,0,187500
target/balance-work/smoke,b42ba3afd3791ccc6f257fe8aea3af71a3bf8d72bba583da5159dad8a405f6e0,nested,nested,243129900809349466782592943870490772298,shuffled,date,streaming,1,40,40,baseline,0,1,180800
target/balance-work/smoke,b42ba3afd3791ccc6f257fe8aea3af71a3bf8d72bba583da5159dad8a405f6e0,nested,nested,243129900809349466782592943870490772298,shuffled,date,streaming,1,40,40,repair,100000,1,188300
target/balance-work/smoke,b42ba3afd3791ccc6f257fe8aea3af71a3bf8d72bba583da5159dad8a405f6e0,nested,nested,243129900809349466782592943870490772298,shuffled,date,streaming,1,40,40,balanced,100000,1,178400
target/balance-work/smoke,b42ba3afd3791ccc6f257fe8aea3af71a3bf8d72bba583da5159dad8a405f6e0,nested,nested,243129900809349466782592943870490772298,shuffled,date,streaming,1,40,40,baseline,0,2,175800
target/balance-work/smoke,b42ba3afd3791ccc6f257fe8aea3af71a3bf8d72bba583da5159dad8a405f6e0,nested,nested,243129900809349466782592943870490772298,shuffled,date,streaming,1,40,40,repair,100000,2,181500
target/balance-work/smoke,b42ba3afd3791ccc6f257fe8aea3af71a3bf8d72bba583da5159dad8a405f6e0,nested,nested,243129900809349466782592943870490772298,shuffled,date,streaming,1,40,40,balanced,100000,2,184800
target/balance-work/smoke,b42ba3afd3791ccc6f257fe8aea3af71a3bf8d72bba583da5159dad8a405f6e0,nested,nested,243129900809349466782592943870490772298,shuffled,datetime,auto,1,40,40,balanced,100000,0,66800
target/balance-work/smoke,b42ba3afd3791ccc6f257fe8aea3af71a3bf8d72bba583da5159dad8a405f6e0,nested,nested,243129900809349466782592943870490772298,shuffled,datetime,auto,1,40,40,baseline,0,0,61400
target/balance-work/smoke,b42ba3afd3791ccc6f257fe8aea3af71a3bf8d72bba583da5159dad8a405f6e0,nested,nested,243129900809349466782592943870490772298,shuffled,datetime,auto,1,40,40,repair,100000,0,71900
target/balance-work/smoke,b42ba3afd3791ccc6f257fe8aea3af71a3bf8d72bba583da5159dad8a405f6e0,nested,nested,243129900809349466782592943870490772298,shuffled,datetime,auto,1,40,40,baseline,0,1,70500
target/balance-work/smoke,b42ba3afd3791ccc6f257fe8aea3af71a3bf8d72bba583da5159dad8a405f6e0,nested,nested,243129900809349466782592943870490772298,shuffled,datetime,auto,1,40,40,repair,100000,1,72600
target/balance-work/smoke,b42ba3afd3791ccc6f257fe8aea3af71a3bf8d72bba583da5159dad8a405f6e0,nested,nested,243129900809349466782592943870490772298,shuffled,datetime,auto,1,40,40,balanced,100000,1,66400
target/balance-work/smoke,b42ba3afd3791ccc6f257fe8aea3af71a3bf8d72bba583da5159dad8a405f6e0,nested,nested,243129900809349466782592943870490772298,shuffled,datetime,auto,1,40,40,balanced,100000,2,69800
target/balance-work/smoke,b42ba3afd3791ccc6f257fe8aea3af71a3bf8d72bba583da5159dad8a405f6e0,nested,nested,243129900809349466782592943870490772298,shuffled,datetime,auto,1,40,40,baseline,0,2,65500
target/balance-work/smoke,b42ba3afd3791ccc6f257fe8aea3af71a3bf8d72bba583da5159dad8a405f6e0,nested,nested,243129900809349466782592943870490772298,shuffled,datetime,auto,1,40,40,repair,100000,2,72300
target/balance-work/smoke,b42ba3afd3791ccc6f257fe8aea3af71a3bf8d72bba583da5159dad8a405f6e0,nested,nested,243129900809349466782592943870490772298,shuffled,datetime,streaming,1,40,40,baseline,0,0,182700
target/balance-work/smoke,b42ba3afd3791ccc6f257fe8aea3af71a3bf8d72bba583da5159dad8a405f6e0,nested,nested,243129900809349466782592943870490772298,shuffled,datetime,streaming,1,40,40,repair,100000,0,190700
target/balance-work/smoke,b42ba3afd3791ccc6f257fe8aea3af71a3bf8d72bba583da5159dad8a405f6e0,nested,nested,243129900809349466782592943870490772298,shuffled,datetime,streaming,1,40,40,balanced,100000,0,186400
target/balance-work/smoke,b42ba3afd3791ccc6f257fe8aea3af71a3bf8d72bba583da5159dad8a405f6e0,nested,nested,243129900809349466782592943870490772298,shuffled,datetime,streaming,1,40,40,balanced,100000,1,188000
target/balance-work/smoke,b42ba3afd3791ccc6f257fe8aea3af71a3bf8d72bba583da5159dad8a405f6e0,nested,nested,243129900809349466782592943870490772298,shuffled,datetime,streaming,1,40,40,baseline,0,1,183000
target/balance-work/smoke,b42ba3afd3791ccc6f257fe8aea3af71a3bf8d72bba583da5159dad8a405f6e0,nested,nested,243129900809349466782592943870490772298,shuffled,datetime,streaming,1,40,40,repair,100000,1,199700
target/balance-work/smoke,b42ba3afd3791ccc6f257fe8aea3af71a3bf8d72bba583da5159dad8a405f6e0,nested,nested,243129900809349466782592943870490772298,shuffled,datetime,streaming,1,40,40,baseline,0,2,181700
target/balance-work/smoke,b42ba3afd3791ccc6f257fe8aea3af71a3bf8d72bba583da5159dad8a405f6e0,nested,nested,243129900809349466782592943870490772298,shuffled,datetime,streaming,1,40,40,repair,100000,2,187700
target/balance-work/smoke,b42ba3afd3791ccc6f257fe8aea3af71a3bf8d72bba583da5159dad8a405f6e0,nested,nested,243129900809349466782592943870490772298,shuffled,datetime,streaming,1,40,40,balanced,100000,2,182400
target/balance-work/smoke,b42ba3afd3791ccc6f257fe8aea3af71a3bf8d72bba583da5159dad8a405f6e0,nested,nested,243129900809349466782592943870490772298,shuffled,grouped,auto,4,160,40,balanced,100000,0,130500
target/balance-work/smoke,b42ba3afd3791ccc6f257fe8aea3af71a3bf8d72bba583da5159dad8a405f6e0,nested,nested,243129900809349466782592943870490772298,shuffled,grouped,auto,4,160,40,baseline,0,0,137500
target/balance-work/smoke,b42ba3afd3791ccc6f257fe8aea3af71a3bf8d72bba583da5159dad8a405f6e0,nested,nested,243129900809349466782592943870490772298,shuffled,grouped,auto,4,160,40,repair,100000,0,148100
target/balance-work/smoke,b42ba3afd3791ccc6f257fe8aea3af71a3bf8d72bba583da5159dad8a405f6e0,nested,nested,243129900809349466782592943870490772298,shuffled,grouped,auto,4,160,40,balanced,100000,1,131200
target/balance-work/smoke,b42ba3afd3791ccc6f257fe8aea3af71a3bf8d72bba583da5159dad8a405f6e0,nested,nested,243129900809349466782592943870490772298,shuffled,grouped,auto,4,160,40,baseline,0,1,122300
target/balance-work/smoke,b42ba3afd3791ccc6f257fe8aea3af71a3bf8d72bba583da5159dad8a405f6e0,nested,nested,243129900809349466782592943870490772298,shuffled,grouped,auto,4,160,40,repair,100000,1,146100
target/balance-work/smoke,b42ba3afd3791ccc6f257fe8aea3af71a3bf8d72bba583da5159dad8a405f6e0,nested,nested,243129900809349466782592943870490772298,shuffled,grouped,auto,4,160,40,baseline,0,2,123200
target/balance-work/smoke,b42ba3afd3791ccc6f257fe8aea3af71a3bf8d72bba583da5159dad8a405f6e0,nested,nested,243129900809349466782592943870490772298,shuffled,grouped,auto,4,160,40,repair,100000,2,146000
target/balance-work/smoke,b42ba3afd3791ccc6f257fe8aea3af71a3bf8d72bba583da5159dad8a405f6e0,nested,nested,243129900809349466782592943870490772298,shuffled,grouped,auto,4,160,40,balanced,100000,2,129500
target/balance-work/smoke,b42ba3afd3791ccc6f257fe8aea3af71a3bf8d72bba583da5159dad8a405f6e0,nested,nested,243129900809349466782592943870490772298,shuffled,grouped,streaming,4,160,40,balanced,100000,0,253500
target/balance-work/smoke,b42ba3afd3791ccc6f257fe8aea3af71a3bf8d72bba583da5159dad8a405f6e0,nested,nested,243129900809349466782592943870490772298,shuffled,grouped,streaming,4,160,40,baseline,0,0,211600
target/balance-work/smoke,b42ba3afd3791ccc6f257fe8aea3af71a3bf8d72bba583da5159dad8a405f6e0,nested,nested,243129900809349466782592943870490772298,shuffled,grouped,streaming,4,160,40,repair,100000,0,233400
target/balance-work/smoke,b42ba3afd3791ccc6f257fe8aea3af71a3bf8d72bba583da5159dad8a405f6e0,nested,nested,243129900809349466782592943870490772298,shuffled,grouped,streaming,4,160,40,balanced,100000,1,235600
target/balance-work/smoke,b42ba3afd3791ccc6f257fe8aea3af71a3bf8d72bba583da5159dad8a405f6e0,nested,nested,243129900809349466782592943870490772298,shuffled,grouped,streaming,4,160,40,baseline,0,1,386000
target/balance-work/smoke,b42ba3afd3791ccc6f257fe8aea3af71a3bf8d72bba583da5159dad8a405f6e0,nested,nested,243129900809349466782592943870490772298,shuffled,grouped,streaming,4,160,40,repair,100000,1,435100
target/balance-work/smoke,b42ba3afd3791ccc6f257fe8aea3af71a3bf8d72bba583da5159dad8a405f6e0,nested,nested,243129900809349466782592943870490772298,shuffled,grouped,streaming,4,160,40,repair,100000,2,342300
target/balance-work/smoke,b42ba3afd3791ccc6f257fe8aea3af71a3bf8d72bba583da5159dad8a405f6e0,nested,nested,243129900809349466782592943870490772298,shuffled,grouped,streaming,4,160,40,balanced,100000,2,233000
target/balance-work/smoke,b42ba3afd3791ccc6f257fe8aea3af71a3bf8d72bba583da5159dad8a405f6e0,nested,nested,243129900809349466782592943870490772298,shuffled,grouped,streaming,4,160,40,baseline,0,2,213100
target/balance-work/smoke,b42ba3afd3791ccc6f257fe8aea3af71a3bf8d72bba583da5159dad8a405f6e0,nested,nested,243129900809349466782592943870490772298,shuffled,sliced,auto,1,40,40,repair,100000,0,68800
target/balance-work/smoke,b42ba3afd3791ccc6f257fe8aea3af71a3bf8d72bba583da5159dad8a405f6e0,nested,nested,243129900809349466782592943870490772298,shuffled,sliced,auto,1,40,40,balanced,100000,0,61400
target/balance-work/smoke,b42ba3afd3791ccc6f257fe8aea3af71a3bf8d72bba583da5159dad8a405f6e0,nested,nested,243129900809349466782592943870490772298,shuffled,sliced,auto,1,40,40,baseline,0,0,57900
target/balance-work/smoke,b42ba3afd3791ccc6f257fe8aea3af71a3bf8d72bba583da5159dad8a405f6e0,nested,nested,243129900809349466782592943870490772298,shuffled,sliced,auto,1,40,40,balanced,100000,1,86400
target/balance-work/smoke,b42ba3afd3791ccc6f257fe8aea3af71a3bf8d72bba583da5159dad8a405f6e0,nested,nested,243129900809349466782592943870490772298,shuffled,sliced,auto,1,40,40,baseline,0,1,60400
target/balance-work/smoke,b42ba3afd3791ccc6f257fe8aea3af71a3bf8d72bba583da5159dad8a405f6e0,nested,nested,243129900809349466782592943870490772298,shuffled,sliced,auto,1,40,40,repair,100000,1,68500
target/balance-work/smoke,b42ba3afd3791ccc6f257fe8aea3af71a3bf8d72bba583da5159dad8a405f6e0,nested,nested,243129900809349466782592943870490772298,shuffled,sliced,auto,1,40,40,baseline,0,2,62200
target/balance-work/smoke,b42ba3afd3791ccc6f257fe8aea3af71a3bf8d72bba583da5159dad8a405f6e0,nested,nested,243129900809349466782592943870490772298,shuffled,sliced,auto,1,40,40,repair,100000,2,68000
target/balance-work/smoke,b42ba3afd3791ccc6f257fe8aea3af71a3bf8d72bba583da5159dad8a405f6e0,nested,nested,243129900809349466782592943870490772298,shuffled,sliced,auto,1,40,40,balanced,100000,2,62200
target/balance-work/smoke,b42ba3afd3791ccc6f257fe8aea3af71a3bf8d72bba583da5159dad8a405f6e0,nested,nested,243129900809349466782592943870490772298,shuffled,sliced,streaming,1,40,40,baseline,0,0,180000
target/balance-work/smoke,b42ba3afd3791ccc6f257fe8aea3af71a3bf8d72bba583da5159dad8a405f6e0,nested,nested,243129900809349466782592943870490772298,shuffled,sliced,streaming,1,40,40,repair,100000,0,210300
target/balance-work/smoke,b42ba3afd3791ccc6f257fe8aea3af71a3bf8d72bba583da5159dad8a405f6e0,nested,nested,243129900809349466782592943870490772298,shuffled,sliced,streaming,1,40,40,balanced,100000,0,186200
target/balance-work/smoke,b42ba3afd3791ccc6f257fe8aea3af71a3bf8d72bba583da5159dad8a405f6e0,nested,nested,243129900809349466782592943870490772298,shuffled,sliced,streaming,1,40,40,baseline,0,1,185100
target/balance-work/smoke,b42ba3afd3791ccc6f257fe8aea3af71a3bf8d72bba583da5159dad8a405f6e0,nested,nested,243129900809349466782592943870490772298,shuffled,sliced,streaming,1,40,40,repair,100000,1,181700
target/balance-work/smoke,b42ba3afd3791ccc6f257fe8aea3af71a3bf8d72bba583da5159dad8a405f6e0,nested,nested,243129900809349466782592943870490772298,shuffled,sliced,streaming,1,40,40,balanced,100000,1,172900
target/balance-work/smoke,b42ba3afd3791ccc6f257fe8aea3af71a3bf8d72bba583da5159dad8a405f6e0,nested,nested,243129900809349466782592943870490772298,shuffled,sliced,streaming,1,40,40,baseline,0,2,236500
target/balance-work/smoke,b42ba3afd3791ccc6f257fe8aea3af71a3bf8d72bba583da5159dad8a405f6e0,nested,nested,243129900809349466782592943870490772298,shuffled,sliced,streaming,1,40,40,repair,100000,2,185500
target/balance-work/smoke,b42ba3afd3791ccc6f257fe8aea3af71a3bf8d72bba583da5159dad8a405f6e0,nested,nested,243129900809349466782592943870490772298,shuffled,sliced,streaming,1,40,40,balanced,100000,2,180000
target/balance-work/smoke,b42ba3afd3791ccc6f257fe8aea3af71a3bf8d72bba583da5159dad8a405f6e0,nested,nested,243129900809349466782592943870490772298,shuffled,multi_chunk,auto,1,40,40,repair,100000,0,71100
target/balance-work/smoke,b42ba3afd3791ccc6f257fe8aea3af71a3bf8d72bba583da5159dad8a405f6e0,nested,nested,243129900809349466782592943870490772298,shuffled,multi_chunk,auto,1,40,40,balanced,100000,0,63500
target/balance-work/smoke,b42ba3afd3791ccc6f257fe8aea3af71a3bf8d72bba583da5159dad8a405f6e0,nested,nested,243129900809349466782592943870490772298,shuffled,multi_chunk,auto,1,40,40,baseline,0,0,62100
target/balance-work/smoke,b42ba3afd3791ccc6f257fe8aea3af71a3bf8d72bba583da5159dad8a405f6e0,nested,nested,243129900809349466782592943870490772298,shuffled,multi_chunk,auto,1,40,40,balanced,100000,1,65800
target/balance-work/smoke,b42ba3afd3791ccc6f257fe8aea3af71a3bf8d72bba583da5159dad8a405f6e0,nested,nested,243129900809349466782592943870490772298,shuffled,multi_chunk,auto,1,40,40,baseline,0,1,59100
target/balance-work/smoke,b42ba3afd3791ccc6f257fe8aea3af71a3bf8d72bba583da5159dad8a405f6e0,nested,nested,243129900809349466782592943870490772298,shuffled,multi_chunk,auto,1,40,40,repair,100000,1,67400
target/balance-work/smoke,b42ba3afd3791ccc6f257fe8aea3af71a3bf8d72bba583da5159dad8a405f6e0,nested,nested,243129900809349466782592943870490772298,shuffled,multi_chunk,auto,1,40,40,baseline,0,2,63300
target/balance-work/smoke,b42ba3afd3791ccc6f257fe8aea3af71a3bf8d72bba583da5159dad8a405f6e0,nested,nested,243129900809349466782592943870490772298,shuffled,multi_chunk,auto,1,40,40,repair,100000,2,68300
target/balance-work/smoke,b42ba3afd3791ccc6f257fe8aea3af71a3bf8d72bba583da5159dad8a405f6e0,nested,nested,243129900809349466782592943870490772298,shuffled,multi_chunk,auto,1,40,40,balanced,100000,2,63400
target/balance-work/smoke,b42ba3afd3791ccc6f257fe8aea3af71a3bf8d72bba583da5159dad8a405f6e0,nested,nested,243129900809349466782592943870490772298,shuffled,multi_chunk,streaming,1,40,40,balanced,100000,0,179100
target/balance-work/smoke,b42ba3afd3791ccc6f257fe8aea3af71a3bf8d72bba583da5159dad8a405f6e0,nested,nested,243129900809349466782592943870490772298,shuffled,multi_chunk,streaming,1,40,40,baseline,0,0,178700
target/balance-work/smoke,b42ba3afd3791ccc6f257fe8aea3af71a3bf8d72bba583da5159dad8a405f6e0,nested,nested,243129900809349466782592943870490772298,shuffled,multi_chunk,streaming,1,40,40,repair,100000,0,186300
target/balance-work/smoke,b42ba3afd3791ccc6f257fe8aea3af71a3bf8d72bba583da5159dad8a405f6e0,nested,nested,243129900809349466782592943870490772298,shuffled,multi_chunk,streaming,1,40,40,balanced,100000,1,208200
target/balance-work/smoke,b42ba3afd3791ccc6f257fe8aea3af71a3bf8d72bba583da5159dad8a405f6e0,nested,nested,243129900809349466782592943870490772298,shuffled,multi_chunk,streaming,1,40,40,baseline,0,1,187700
target/balance-work/smoke,b42ba3afd3791ccc6f257fe8aea3af71a3bf8d72bba583da5159dad8a405f6e0,nested,nested,243129900809349466782592943870490772298,shuffled,multi_chunk,streaming,1,40,40,repair,100000,1,226500
target/balance-work/smoke,b42ba3afd3791ccc6f257fe8aea3af71a3bf8d72bba583da5159dad8a405f6e0,nested,nested,243129900809349466782592943870490772298,shuffled,multi_chunk,streaming,1,40,40,balanced,100000,2,181600
target/balance-work/smoke,b42ba3afd3791ccc6f257fe8aea3af71a3bf8d72bba583da5159dad8a405f6e0,nested,nested,243129900809349466782592943870490772298,shuffled,multi_chunk,streaming,1,40,40,baseline,0,2,261300
target/balance-work/smoke,b42ba3afd3791ccc6f257fe8aea3af71a3bf8d72bba583da5159dad8a405f6e0,nested,nested,243129900809349466782592943870490772298,shuffled,multi_chunk,streaming,1,40,40,repair,100000,2,375400
target/balance-work/smoke,ac8c10caa728b32cd31a297f132bbabcbeb816c143c3c42c349e13351b17eae5,staircase,staircase,107678533972438991773270644320878258710,sorted,integer,auto,1,40,40,balanced,100000,0,73700
target/balance-work/smoke,ac8c10caa728b32cd31a297f132bbabcbeb816c143c3c42c349e13351b17eae5,staircase,staircase,107678533972438991773270644320878258710,sorted,integer,auto,1,40,40,baseline,0,0,58300
target/balance-work/smoke,ac8c10caa728b32cd31a297f132bbabcbeb816c143c3c42c349e13351b17eae5,staircase,staircase,107678533972438991773270644320878258710,sorted,integer,auto,1,40,40,repair,100000,0,66400
target/balance-work/smoke,ac8c10caa728b32cd31a297f132bbabcbeb816c143c3c42c349e13351b17eae5,staircase,staircase,107678533972438991773270644320878258710,sorted,integer,auto,1,40,40,balanced,100000,1,64900
target/balance-work/smoke,ac8c10caa728b32cd31a297f132bbabcbeb816c143c3c42c349e13351b17eae5,staircase,staircase,107678533972438991773270644320878258710,sorted,integer,auto,1,40,40,baseline,0,1,57900
target/balance-work/smoke,ac8c10caa728b32cd31a297f132bbabcbeb816c143c3c42c349e13351b17eae5,staircase,staircase,107678533972438991773270644320878258710,sorted,integer,auto,1,40,40,repair,100000,1,64800
target/balance-work/smoke,ac8c10caa728b32cd31a297f132bbabcbeb816c143c3c42c349e13351b17eae5,staircase,staircase,107678533972438991773270644320878258710,sorted,integer,auto,1,40,40,repair,100000,2,68900
target/balance-work/smoke,ac8c10caa728b32cd31a297f132bbabcbeb816c143c3c42c349e13351b17eae5,staircase,staircase,107678533972438991773270644320878258710,sorted,integer,auto,1,40,40,balanced,100000,2,61400
target/balance-work/smoke,ac8c10caa728b32cd31a297f132bbabcbeb816c143c3c42c349e13351b17eae5,staircase,staircase,107678533972438991773270644320878258710,sorted,integer,auto,1,40,40,baseline,0,2,59100
target/balance-work/smoke,ac8c10caa728b32cd31a297f132bbabcbeb816c143c3c42c349e13351b17eae5,staircase,staircase,107678533972438991773270644320878258710,sorted,integer,streaming,1,40,40,baseline,0,0,176300
target/balance-work/smoke,ac8c10caa728b32cd31a297f132bbabcbeb816c143c3c42c349e13351b17eae5,staircase,staircase,107678533972438991773270644320878258710,sorted,integer,streaming,1,40,40,repair,100000,0,187100
target/balance-work/smoke,ac8c10caa728b32cd31a297f132bbabcbeb816c143c3c42c349e13351b17eae5,staircase,staircase,107678533972438991773270644320878258710,sorted,integer,streaming,1,40,40,balanced,100000,0,167000
target/balance-work/smoke,ac8c10caa728b32cd31a297f132bbabcbeb816c143c3c42c349e13351b17eae5,staircase,staircase,107678533972438991773270644320878258710,sorted,integer,streaming,1,40,40,balanced,100000,1,247300
target/balance-work/smoke,ac8c10caa728b32cd31a297f132bbabcbeb816c143c3c42c349e13351b17eae5,staircase,staircase,107678533972438991773270644320878258710,sorted,integer,streaming,1,40,40,baseline,0,1,164900
target/balance-work/smoke,ac8c10caa728b32cd31a297f132bbabcbeb816c143c3c42c349e13351b17eae5,staircase,staircase,107678533972438991773270644320878258710,sorted,integer,streaming,1,40,40,repair,100000,1,174900
target/balance-work/smoke,ac8c10caa728b32cd31a297f132bbabcbeb816c143c3c42c349e13351b17eae5,staircase,staircase,107678533972438991773270644320878258710,sorted,integer,streaming,1,40,40,repair,100000,2,174300
target/balance-work/smoke,ac8c10caa728b32cd31a297f132bbabcbeb816c143c3c42c349e13351b17eae5,staircase,staircase,107678533972438991773270644320878258710,sorted,integer,streaming,1,40,40,balanced,100000,2,173200
target/balance-work/smoke,ac8c10caa728b32cd31a297f132bbabcbeb816c143c3c42c349e13351b17eae5,staircase,staircase,107678533972438991773270644320878258710,sorted,integer,streaming,1,40,40,baseline,0,2,154700
target/balance-work/smoke,ac8c10caa728b32cd31a297f132bbabcbeb816c143c3c42c349e13351b17eae5,staircase,staircase,107678533972438991773270644320878258710,sorted,date,auto,1,40,40,repair,100000,0,76700
target/balance-work/smoke,ac8c10caa728b32cd31a297f132bbabcbeb816c143c3c42c349e13351b17eae5,staircase,staircase,107678533972438991773270644320878258710,sorted,date,auto,1,40,40,balanced,100000,0,64800
target/balance-work/smoke,ac8c10caa728b32cd31a297f132bbabcbeb816c143c3c42c349e13351b17eae5,staircase,staircase,107678533972438991773270644320878258710,sorted,date,auto,1,40,40,baseline,0,0,58100
target/balance-work/smoke,ac8c10caa728b32cd31a297f132bbabcbeb816c143c3c42c349e13351b17eae5,staircase,staircase,107678533972438991773270644320878258710,sorted,date,auto,1,40,40,repair,100000,1,73600
target/balance-work/smoke,ac8c10caa728b32cd31a297f132bbabcbeb816c143c3c42c349e13351b17eae5,staircase,staircase,107678533972438991773270644320878258710,sorted,date,auto,1,40,40,balanced,100000,1,61600
target/balance-work/smoke,ac8c10caa728b32cd31a297f132bbabcbeb816c143c3c42c349e13351b17eae5,staircase,staircase,107678533972438991773270644320878258710,sorted,date,auto,1,40,40,baseline,0,1,58200
target/balance-work/smoke,ac8c10caa728b32cd31a297f132bbabcbeb816c143c3c42c349e13351b17eae5,staircase,staircase,107678533972438991773270644320878258710,sorted,date,auto,1,40,40,baseline,0,2,60600
target/balance-work/smoke,ac8c10caa728b32cd31a297f132bbabcbeb816c143c3c42c349e13351b17eae5,staircase,staircase,107678533972438991773270644320878258710,sorted,date,auto,1,40,40,repair,100000,2,67600
target/balance-work/smoke,ac8c10caa728b32cd31a297f132bbabcbeb816c143c3c42c349e13351b17eae5,staircase,staircase,107678533972438991773270644320878258710,sorted,date,auto,1,40,40,balanced,100000,2,84200
target/balance-work/smoke,ac8c10caa728b32cd31a297f132bbabcbeb816c143c3c42c349e13351b17eae5,staircase,staircase,107678533972438991773270644320878258710,sorted,date,streaming,1,40,40,balanced,100000,0,176700
target/balance-work/smoke,ac8c10caa728b32cd31a297f132bbabcbeb816c143c3c42c349e13351b17eae5,staircase,staircase,107678533972438991773270644320878258710,sorted,date,streaming,1,40,40,baseline,0,0,162500
target/balance-work/smoke,ac8c10caa728b32cd31a297f132bbabcbeb816c143c3c42c349e13351b17eae5,staircase,staircase,107678533972438991773270644320878258710,sorted,date,streaming,1,40,40,repair,100000,0,178400
target/balance-work/smoke,ac8c10caa728b32cd31a297f132bbabcbeb816c143c3c42c349e13351b17eae5,staircase,staircase,107678533972438991773270644320878258710,sorted,date,streaming,1,40,40,repair,100000,1,180800
target/balance-work/smoke,ac8c10caa728b32cd31a297f132bbabcbeb816c143c3c42c349e13351b17eae5,staircase,staircase,107678533972438991773270644320878258710,sorted,date,streaming,1,40,40,balanced,100000,1,175400
target/balance-work/smoke,ac8c10caa728b32cd31a297f132bbabcbeb816c143c3c42c349e13351b17eae5,staircase,staircase,107678533972438991773270644320878258710,sorted,date,streaming,1,40,40,baseline,0,1,157700
target/balance-work/smoke,ac8c10caa728b32cd31a297f132bbabcbeb816c143c3c42c349e13351b17eae5,staircase,staircase,107678533972438991773270644320878258710,sorted,date,streaming,1,40,40,repair,100000,2,178800
target/balance-work/smoke,ac8c10caa728b32cd31a297f132bbabcbeb816c143c3c42c349e13351b17eae5,staircase,staircase,107678533972438991773270644320878258710,sorted,date,streaming,1,40,40,balanced,100000,2,158500
target/balance-work/smoke,ac8c10caa728b32cd31a297f132bbabcbeb816c143c3c42c349e13351b17eae5,staircase,staircase,107678533972438991773270644320878258710,sorted,date,streaming,1,40,40,baseline,0,2,154200
target/balance-work/smoke,ac8c10caa728b32cd31a297f132bbabcbeb816c143c3c42c349e13351b17eae5,staircase,staircase,107678533972438991773270644320878258710,sorted,datetime,auto,1,40,40,balanced,100000,0,68400
target/balance-work/smoke,ac8c10caa728b32cd31a297f132bbabcbeb816c143c3c42c349e13351b17eae5,staircase,staircase,107678533972438991773270644320878258710,sorted,datetime,auto,1,40,40,baseline,0,0,62000
target/balance-work/smoke,ac8c10caa728b32cd31a297f132bbabcbeb816c143c3c42c349e13351b17eae5,staircase,staircase,107678533972438991773270644320878258710,sorted,datetime,auto,1,40,40,repair,100000,0,70500
target/balance-work/smoke,ac8c10caa728b32cd31a297f132bbabcbeb816c143c3c42c349e13351b17eae5,staircase,staircase,107678533972438991773270644320878258710,sorted,datetime,auto,1,40,40,repair,100000,1,76600
target/balance-work/smoke,ac8c10caa728b32cd31a297f132bbabcbeb816c143c3c42c349e13351b17eae5,staircase,staircase,107678533972438991773270644320878258710,sorted,datetime,auto,1,40,40,balanced,100000,1,66300
target/balance-work/smoke,ac8c10caa728b32cd31a297f132bbabcbeb816c143c3c42c349e13351b17eae5,staircase,staircase,107678533972438991773270644320878258710,sorted,datetime,auto,1,40,40,baseline,0,1,62200
target/balance-work/smoke,ac8c10caa728b32cd31a297f132bbabcbeb816c143c3c42c349e13351b17eae5,staircase,staircase,107678533972438991773270644320878258710,sorted,datetime,auto,1,40,40,baseline,0,2,64300
target/balance-work/smoke,ac8c10caa728b32cd31a297f132bbabcbeb816c143c3c42c349e13351b17eae5,staircase,staircase,107678533972438991773270644320878258710,sorted,datetime,auto,1,40,40,repair,100000,2,71000
target/balance-work/smoke,ac8c10caa728b32cd31a297f132bbabcbeb816c143c3c42c349e13351b17eae5,staircase,staircase,107678533972438991773270644320878258710,sorted,datetime,auto,1,40,40,balanced,100000,2,66900
target/balance-work/smoke,ac8c10caa728b32cd31a297f132bbabcbeb816c143c3c42c349e13351b17eae5,staircase,staircase,107678533972438991773270644320878258710,sorted,datetime,streaming,1,40,40,baseline,0,0,165400
target/balance-work/smoke,ac8c10caa728b32cd31a297f132bbabcbeb816c143c3c42c349e13351b17eae5,staircase,staircase,107678533972438991773270644320878258710,sorted,datetime,streaming,1,40,40,repair,100000,0,174200
target/balance-work/smoke,ac8c10caa728b32cd31a297f132bbabcbeb816c143c3c42c349e13351b17eae5,staircase,staircase,107678533972438991773270644320878258710,sorted,datetime,streaming,1,40,40,balanced,100000,0,161100
target/balance-work/smoke,ac8c10caa728b32cd31a297f132bbabcbeb816c143c3c42c349e13351b17eae5,staircase,staircase,107678533972438991773270644320878258710,sorted,datetime,streaming,1,40,40,repair,100000,1,175800
target/balance-work/smoke,ac8c10caa728b32cd31a297f132bbabcbeb816c143c3c42c349e13351b17eae5,staircase,staircase,107678533972438991773270644320878258710,sorted,datetime,streaming,1,40,40,balanced,100000,1,232900
target/balance-work/smoke,ac8c10caa728b32cd31a297f132bbabcbeb816c143c3c42c349e13351b17eae5,staircase,staircase,107678533972438991773270644320878258710,sorted,datetime,streaming,1,40,40,baseline,0,1,158300
target/balance-work/smoke,ac8c10caa728b32cd31a297f132bbabcbeb816c143c3c42c349e13351b17eae5,staircase,staircase,107678533972438991773270644320878258710,sorted,datetime,streaming,1,40,40,repair,100000,2,175300
target/balance-work/smoke,ac8c10caa728b32cd31a297f132bbabcbeb816c143c3c42c349e13351b17eae5,staircase,staircase,107678533972438991773270644320878258710,sorted,datetime,streaming,1,40,40,balanced,100000,2,163000
target/balance-work/smoke,ac8c10caa728b32cd31a297f132bbabcbeb816c143c3c42c349e13351b17eae5,staircase,staircase,107678533972438991773270644320878258710,sorted,datetime,streaming,1,40,40,baseline,0,2,173600
target/balance-work/smoke,ac8c10caa728b32cd31a297f132bbabcbeb816c143c3c42c349e13351b17eae5,staircase,staircase,107678533972438991773270644320878258710,sorted,grouped,auto,4,160,40,repair,100000,0,140500
target/balance-work/smoke,ac8c10caa728b32cd31a297f132bbabcbeb816c143c3c42c349e13351b17eae5,staircase,staircase,107678533972438991773270644320878258710,sorted,grouped,auto,4,160,40,balanced,100000,0,126800
target/balance-work/smoke,ac8c10caa728b32cd31a297f132bbabcbeb816c143c3c42c349e13351b17eae5,staircase,staircase,107678533972438991773270644320878258710,sorted,grouped,auto,4,160,40,baseline,0,0,114300
target/balance-work/smoke,ac8c10caa728b32cd31a297f132bbabcbeb816c143c3c42c349e13351b17eae5,staircase,staircase,107678533972438991773270644320878258710,sorted,grouped,auto,4,160,40,repair,100000,1,147000
target/balance-work/smoke,ac8c10caa728b32cd31a297f132bbabcbeb816c143c3c42c349e13351b17eae5,staircase,staircase,107678533972438991773270644320878258710,sorted,grouped,auto,4,160,40,balanced,100000,1,135200
target/balance-work/smoke,ac8c10caa728b32cd31a297f132bbabcbeb816c143c3c42c349e13351b17eae5,staircase,staircase,107678533972438991773270644320878258710,sorted,grouped,auto,4,160,40,baseline,0,1,118500
target/balance-work/smoke,ac8c10caa728b32cd31a297f132bbabcbeb816c143c3c42c349e13351b17eae5,staircase,staircase,107678533972438991773270644320878258710,sorted,grouped,auto,4,160,40,repair,100000,2,138200
target/balance-work/smoke,ac8c10caa728b32cd31a297f132bbabcbeb816c143c3c42c349e13351b17eae5,staircase,staircase,107678533972438991773270644320878258710,sorted,grouped,auto,4,160,40,balanced,100000,2,122200
target/balance-work/smoke,ac8c10caa728b32cd31a297f132bbabcbeb816c143c3c42c349e13351b17eae5,staircase,staircase,107678533972438991773270644320878258710,sorted,grouped,auto,4,160,40,baseline,0,2,113900
target/balance-work/smoke,ac8c10caa728b32cd31a297f132bbabcbeb816c143c3c42c349e13351b17eae5,staircase,staircase,107678533972438991773270644320878258710,sorted,grouped,streaming,4,160,40,baseline,0,0,194500
target/balance-work/smoke,ac8c10caa728b32cd31a297f132bbabcbeb816c143c3c42c349e13351b17eae5,staircase,staircase,107678533972438991773270644320878258710,sorted,grouped,streaming,4,160,40,repair,100000,0,400600
target/balance-work/smoke,ac8c10caa728b32cd31a297f132bbabcbeb816c143c3c42c349e13351b17eae5,staircase,staircase,107678533972438991773270644320878258710,sorted,grouped,streaming,4,160,40,balanced,100000,0,231100
target/balance-work/smoke,ac8c10caa728b32cd31a297f132bbabcbeb816c143c3c42c349e13351b17eae5,staircase,staircase,107678533972438991773270644320878258710,sorted,grouped,streaming,4,160,40,baseline,0,1,207700
target/balance-work/smoke,ac8c10caa728b32cd31a297f132bbabcbeb816c143c3c42c349e13351b17eae5,staircase,staircase,107678533972438991773270644320878258710,sorted,grouped,streaming,4,160,40,repair,100000,1,239100
target/balance-work/smoke,ac8c10caa728b32cd31a297f132bbabcbeb816c143c3c42c349e13351b17eae5,staircase,staircase,107678533972438991773270644320878258710,sorted,grouped,streaming,4,160,40,balanced,100000,1,261600
target/balance-work/smoke,ac8c10caa728b32cd31a297f132bbabcbeb816c143c3c42c349e13351b17eae5,staircase,staircase,107678533972438991773270644320878258710,sorted,grouped,streaming,4,160,40,repair,100000,2,310100
target/balance-work/smoke,ac8c10caa728b32cd31a297f132bbabcbeb816c143c3c42c349e13351b17eae5,staircase,staircase,107678533972438991773270644320878258710,sorted,grouped,streaming,4,160,40,balanced,100000,2,357000
target/balance-work/smoke,ac8c10caa728b32cd31a297f132bbabcbeb816c143c3c42c349e13351b17eae5,staircase,staircase,107678533972438991773270644320878258710,sorted,grouped,streaming,4,160,40,baseline,0,2,226500
target/balance-work/smoke,ac8c10caa728b32cd31a297f132bbabcbeb816c143c3c42c349e13351b17eae5,staircase,staircase,107678533972438991773270644320878258710,sorted,sliced,auto,1,40,40,balanced,100000,0,61600
target/balance-work/smoke,ac8c10caa728b32cd31a297f132bbabcbeb816c143c3c42c349e13351b17eae5,staircase,staircase,107678533972438991773270644320878258710,sorted,sliced,auto,1,40,40,baseline,0,0,57100
target/balance-work/smoke,ac8c10caa728b32cd31a297f132bbabcbeb816c143c3c42c349e13351b17eae5,staircase,staircase,107678533972438991773270644320878258710,sorted,sliced,auto,1,40,40,repair,100000,0,66300
target/balance-work/smoke,ac8c10caa728b32cd31a297f132bbabcbeb816c143c3c42c349e13351b17eae5,staircase,staircase,107678533972438991773270644320878258710,sorted,sliced,auto,1,40,40,baseline,0,1,59500
target/balance-work/smoke,ac8c10caa728b32cd31a297f132bbabcbeb816c143c3c42c349e13351b17eae5,staircase,staircase,107678533972438991773270644320878258710,sorted,sliced,auto,1,40,40,repair,100000,1,63700
target/balance-work/smoke,ac8c10caa728b32cd31a297f132bbabcbeb816c143c3c42c349e13351b17eae5,staircase,staircase,107678533972438991773270644320878258710,sorted,sliced,auto,1,40,40,balanced,100000,1,59600
target/balance-work/smoke,ac8c10caa728b32cd31a297f132bbabcbeb816c143c3c42c349e13351b17eae5,staircase,staircase,107678533972438991773270644320878258710,sorted,sliced,auto,1,40,40,baseline,0,2,71600
target/balance-work/smoke,ac8c10caa728b32cd31a297f132bbabcbeb816c143c3c42c349e13351b17eae5,staircase,staircase,107678533972438991773270644320878258710,sorted,sliced,auto,1,40,40,repair,100000,2,66900
target/balance-work/smoke,ac8c10caa728b32cd31a297f132bbabcbeb816c143c3c42c349e13351b17eae5,staircase,staircase,107678533972438991773270644320878258710,sorted,sliced,auto,1,40,40,balanced,100000,2,60400
target/balance-work/smoke,ac8c10caa728b32cd31a297f132bbabcbeb816c143c3c42c349e13351b17eae5,staircase,staircase,107678533972438991773270644320878258710,sorted,sliced,streaming,1,40,40,baseline,0,0,155500
target/balance-work/smoke,ac8c10caa728b32cd31a297f132bbabcbeb816c143c3c42c349e13351b17eae5,staircase,staircase,107678533972438991773270644320878258710,sorted,sliced,streaming,1,40,40,repair,100000,0,171800
target/balance-work/smoke,ac8c10caa728b32cd31a297f132bbabcbeb816c143c3c42c349e13351b17eae5,staircase,staircase,107678533972438991773270644320878258710,sorted,sliced,streaming,1,40,40,balanced,100000,0,158800
target/balance-work/smoke,ac8c10caa728b32cd31a297f132bbabcbeb816c143c3c42c349e13351b17eae5,staircase,staircase,107678533972438991773270644320878258710,sorted,sliced,streaming,1,40,40,balanced,100000,1,142400
target/balance-work/smoke,ac8c10caa728b32cd31a297f132bbabcbeb816c143c3c42c349e13351b17eae5,staircase,staircase,107678533972438991773270644320878258710,sorted,sliced,streaming,1,40,40,baseline,0,1,128200
target/balance-work/smoke,ac8c10caa728b32cd31a297f132bbabcbeb816c143c3c42c349e13351b17eae5,staircase,staircase,107678533972438991773270644320878258710,sorted,sliced,streaming,1,40,40,repair,100000,1,186600
target/balance-work/smoke,ac8c10caa728b32cd31a297f132bbabcbeb816c143c3c42c349e13351b17eae5,staircase,staircase,107678533972438991773270644320878258710,sorted,sliced,streaming,1,40,40,balanced,100000,2,160900
target/balance-work/smoke,ac8c10caa728b32cd31a297f132bbabcbeb816c143c3c42c349e13351b17eae5,staircase,staircase,107678533972438991773270644320878258710,sorted,sliced,streaming,1,40,40,baseline,0,2,161900
target/balance-work/smoke,ac8c10caa728b32cd31a297f132bbabcbeb816c143c3c42c349e13351b17eae5,staircase,staircase,107678533972438991773270644320878258710,sorted,sliced,streaming,1,40,40,repair,100000,2,177200
target/balance-work/smoke,ac8c10caa728b32cd31a297f132bbabcbeb816c143c3c42c349e13351b17eae5,staircase,staircase,107678533972438991773270644320878258710,sorted,multi_chunk,auto,1,40,40,balanced,100000,0,64000
target/balance-work/smoke,ac8c10caa728b32cd31a297f132bbabcbeb816c143c3c42c349e13351b17eae5,staircase,staircase,107678533972438991773270644320878258710,sorted,multi_chunk,auto,1,40,40,baseline,0,0,58300
target/balance-work/smoke,ac8c10caa728b32cd31a297f132bbabcbeb816c143c3c42c349e13351b17eae5,staircase,staircase,107678533972438991773270644320878258710,sorted,multi_chunk,auto,1,40,40,repair,100000,0,65800
target/balance-work/smoke,ac8c10caa728b32cd31a297f132bbabcbeb816c143c3c42c349e13351b17eae5,staircase,staircase,107678533972438991773270644320878258710,sorted,multi_chunk,auto,1,40,40,balanced,100000,1,66700
target/balance-work/smoke,ac8c10caa728b32cd31a297f132bbabcbeb816c143c3c42c349e13351b17eae5,staircase,staircase,107678533972438991773270644320878258710,sorted,multi_chunk,auto,1,40,40,baseline,0,1,59300
target/balance-work/smoke,ac8c10caa728b32cd31a297f132bbabcbeb816c143c3c42c349e13351b17eae5,staircase,staircase,107678533972438991773270644320878258710,sorted,multi_chunk,auto,1,40,40,repair,100000,1,65100
target/balance-work/smoke,ac8c10caa728b32cd31a297f132bbabcbeb816c143c3c42c349e13351b17eae5,staircase,staircase,107678533972438991773270644320878258710,sorted,multi_chunk,auto,1,40,40,balanced,100000,2,64700
target/balance-work/smoke,ac8c10caa728b32cd31a297f132bbabcbeb816c143c3c42c349e13351b17eae5,staircase,staircase,107678533972438991773270644320878258710,sorted,multi_chunk,auto,1,40,40,baseline,0,2,57700
target/balance-work/smoke,ac8c10caa728b32cd31a297f132bbabcbeb816c143c3c42c349e13351b17eae5,staircase,staircase,107678533972438991773270644320878258710,sorted,multi_chunk,auto,1,40,40,repair,100000,2,65100
target/balance-work/smoke,ac8c10caa728b32cd31a297f132bbabcbeb816c143c3c42c349e13351b17eae5,staircase,staircase,107678533972438991773270644320878258710,sorted,multi_chunk,streaming,1,40,40,balanced,100000,0,201900
target/balance-work/smoke,ac8c10caa728b32cd31a297f132bbabcbeb816c143c3c42c349e13351b17eae5,staircase,staircase,107678533972438991773270644320878258710,sorted,multi_chunk,streaming,1,40,40,baseline,0,0,180100
target/balance-work/smoke,ac8c10caa728b32cd31a297f132bbabcbeb816c143c3c42c349e13351b17eae5,staircase,staircase,107678533972438991773270644320878258710,sorted,multi_chunk,streaming,1,40,40,repair,100000,0,185900
target/balance-work/smoke,ac8c10caa728b32cd31a297f132bbabcbeb816c143c3c42c349e13351b17eae5,staircase,staircase,107678533972438991773270644320878258710,sorted,multi_chunk,streaming,1,40,40,repair,100000,1,178100
target/balance-work/smoke,ac8c10caa728b32cd31a297f132bbabcbeb816c143c3c42c349e13351b17eae5,staircase,staircase,107678533972438991773270644320878258710,sorted,multi_chunk,streaming,1,40,40,balanced,100000,1,169400
target/balance-work/smoke,ac8c10caa728b32cd31a297f132bbabcbeb816c143c3c42c349e13351b17eae5,staircase,staircase,107678533972438991773270644320878258710,sorted,multi_chunk,streaming,1,40,40,baseline,0,1,164900
target/balance-work/smoke,ac8c10caa728b32cd31a297f132bbabcbeb816c143c3c42c349e13351b17eae5,staircase,staircase,107678533972438991773270644320878258710,sorted,multi_chunk,streaming,1,40,40,repair,100000,2,146300
target/balance-work/smoke,ac8c10caa728b32cd31a297f132bbabcbeb816c143c3c42c349e13351b17eae5,staircase,staircase,107678533972438991773270644320878258710,sorted,multi_chunk,streaming,1,40,40,balanced,100000,2,127400
target/balance-work/smoke,ac8c10caa728b32cd31a297f132bbabcbeb816c143c3c42c349e13351b17eae5,staircase,staircase,107678533972438991773270644320878258710,sorted,multi_chunk,streaming,1,40,40,baseline,0,2,130200
target/balance-work/smoke,2f44119f3f6bf2abfc3c56d9e5d4a195eda435fec9216a0e133ab2d2e4ee0846,staircase,staircase,107678533972438991773270644320878258710,shuffled,integer,auto,1,40,40,repair,100000,0,68200
target/balance-work/smoke,2f44119f3f6bf2abfc3c56d9e5d4a195eda435fec9216a0e133ab2d2e4ee0846,staircase,staircase,107678533972438991773270644320878258710,shuffled,integer,auto,1,40,40,balanced,100000,0,61900
target/balance-work/smoke,2f44119f3f6bf2abfc3c56d9e5d4a195eda435fec9216a0e133ab2d2e4ee0846,staircase,staircase,107678533972438991773270644320878258710,shuffled,integer,auto,1,40,40,baseline,0,0,57100
target/balance-work/smoke,2f44119f3f6bf2abfc3c56d9e5d4a195eda435fec9216a0e133ab2d2e4ee0846,staircase,staircase,107678533972438991773270644320878258710,shuffled,integer,auto,1,40,40,balanced,100000,1,64200
target/balance-work/smoke,2f44119f3f6bf2abfc3c56d9e5d4a195eda435fec9216a0e133ab2d2e4ee0846,staircase,staircase,107678533972438991773270644320878258710,shuffled,integer,auto,1,40,40,baseline,0,1,59300
target/balance-work/smoke,2f44119f3f6bf2abfc3c56d9e5d4a195eda435fec9216a0e133ab2d2e4ee0846,staircase,staircase,107678533972438991773270644320878258710,shuffled,integer,auto,1,40,40,repair,100000,1,66000
target/balance-work/smoke,2f44119f3f6bf2abfc3c56d9e5d4a195eda435fec9216a0e133ab2d2e4ee0846,staircase,staircase,107678533972438991773270644320878258710,shuffled,integer,auto,1,40,40,balanced,100000,2,67800
target/balance-work/smoke,2f44119f3f6bf2abfc3c56d9e5d4a195eda435fec9216a0e133ab2d2e4ee0846,staircase,staircase,107678533972438991773270644320878258710,shuffled,integer,auto,1,40,40,baseline,0,2,62800
target/balance-work/smoke,2f44119f3f6bf2abfc3c56d9e5d4a195eda435fec9216a0e133ab2d2e4ee0846,staircase,staircase,107678533972438991773270644320878258710,shuffled,integer,auto,1,40,40,repair,100000,2,66600
target/balance-work/smoke,2f44119f3f6bf2abfc3c56d9e5d4a195eda435fec9216a0e133ab2d2e4ee0846,staircase,staircase,107678533972438991773270644320878258710,shuffled,integer,streaming,1,40,40,baseline,0,0,145900
target/balance-work/smoke,2f44119f3f6bf2abfc3c56d9e5d4a195eda435fec9216a0e133ab2d2e4ee0846,staircase,staircase,107678533972438991773270644320878258710,shuffled,integer,streaming,1,40,40,repair,100000,0,183500
target/balance-work/smoke,2f44119f3f6bf2abfc3c56d9e5d4a195eda435fec9216a0e133ab2d2e4ee0846,staircase,staircase,107678533972438991773270644320878258710,shuffled,integer,streaming,1,40,40,balanced,100000,0,164000
target/balance-work/smoke,2f44119f3f6bf2abfc3c56d9e5d4a195eda435fec9216a0e133ab2d2e4ee0846,staircase,staircase,107678533972438991773270644320878258710,shuffled,integer,streaming,1,40,40,baseline,0,1,167600
target/balance-work/smoke,2f44119f3f6bf2abfc3c56d9e5d4a195eda435fec9216a0e133ab2d2e4ee0846,staircase,staircase,107678533972438991773270644320878258710,shuffled,integer,streaming,1,40,40,repair,100000,1,173400
target/balance-work/smoke,2f44119f3f6bf2abfc3c56d9e5d4a195eda435fec9216a0e133ab2d2e4ee0846,staircase,staircase,107678533972438991773270644320878258710,shuffled,integer,streaming,1,40,40,balanced,100000,1,177200
target/balance-work/smoke,2f44119f3f6bf2abfc3c56d9e5d4a195eda435fec9216a0e133ab2d2e4ee0846,staircase,staircase,107678533972438991773270644320878258710,shuffled,integer,streaming,1,40,40,baseline,0,2,167300
target/balance-work/smoke,2f44119f3f6bf2abfc3c56d9e5d4a195eda435fec9216a0e133ab2d2e4ee0846,staircase,staircase,107678533972438991773270644320878258710,shuffled,integer,streaming,1,40,40,repair,100000,2,174000
target/balance-work/smoke,2f44119f3f6bf2abfc3c56d9e5d4a195eda435fec9216a0e133ab2d2e4ee0846,staircase,staircase,107678533972438991773270644320878258710,shuffled,integer,streaming,1,40,40,balanced,100000,2,148500
target/balance-work/smoke,2f44119f3f6bf2abfc3c56d9e5d4a195eda435fec9216a0e133ab2d2e4ee0846,staircase,staircase,107678533972438991773270644320878258710,shuffled,date,auto,1,40,40,baseline,0,0,62400
target/balance-work/smoke,2f44119f3f6bf2abfc3c56d9e5d4a195eda435fec9216a0e133ab2d2e4ee0846,staircase,staircase,107678533972438991773270644320878258710,shuffled,date,auto,1,40,40,repair,100000,0,68700
target/balance-work/smoke,2f44119f3f6bf2abfc3c56d9e5d4a195eda435fec9216a0e133ab2d2e4ee0846,staircase,staircase,107678533972438991773270644320878258710,shuffled,date,auto,1,40,40,balanced,100000,0,63700
target/balance-work/smoke,2f44119f3f6bf2abfc3c56d9e5d4a195eda435fec9216a0e133ab2d2e4ee0846,staircase,staircase,107678533972438991773270644320878258710,shuffled,date,auto,1,40,40,repair,100000,1,72600
target/balance-work/smoke,2f44119f3f6bf2abfc3c56d9e5d4a195eda435fec9216a0e133ab2d2e4ee0846,staircase,staircase,107678533972438991773270644320878258710,shuffled,date,auto,1,40,40,balanced,100000,1,65200
target/balance-work/smoke,2f44119f3f6bf2abfc3c56d9e5d4a195eda435fec9216a0e133ab2d2e4ee0846,staircase,staircase,107678533972438991773270644320878258710,shuffled,date,auto,1,40,40,baseline,0,1,59200
target/balance-work/smoke,2f44119f3f6bf2abfc3c56d9e5d4a195eda435fec9216a0e133ab2d2e4ee0846,staircase,staircase,107678533972438991773270644320878258710,shuffled,date,auto,1,40,40,balanced,100000,2,65200
target/balance-work/smoke,2f44119f3f6bf2abfc3c56d9e5d4a195eda435fec9216a0e133ab2d2e4ee0846,staircase,staircase,107678533972438991773270644320878258710,shuffled,date,auto,1,40,40,baseline,0,2,62300
target/balance-work/smoke,2f44119f3f6bf2abfc3c56d9e5d4a195eda435fec9216a0e133ab2d2e4ee0846,staircase,staircase,107678533972438991773270644320878258710,shuffled,date,auto,1,40,40,repair,100000,2,68800
target/balance-work/smoke,2f44119f3f6bf2abfc3c56d9e5d4a195eda435fec9216a0e133ab2d2e4ee0846,staircase,staircase,107678533972438991773270644320878258710,shuffled,date,streaming,1,40,40,repair,100000,0,175400
target/balance-work/smoke,2f44119f3f6bf2abfc3c56d9e5d4a195eda435fec9216a0e133ab2d2e4ee0846,staircase,staircase,107678533972438991773270644320878258710,shuffled,date,streaming,1,40,40,balanced,100000,0,164500
target/balance-work/smoke,2f44119f3f6bf2abfc3c56d9e5d4a195eda435fec9216a0e133ab2d2e4ee0846,staircase,staircase,107678533972438991773270644320878258710,shuffled,date,streaming,1,40,40,baseline,0,0,155200
target/balance-work/smoke,2f44119f3f6bf2abfc3c56d9e5d4a195eda435fec9216a0e133ab2d2e4ee0846,staircase,staircase,107678533972438991773270644320878258710,shuffled,date,streaming,1,40,40,repair,100000,1,177600
target/balance-work/smoke,2f44119f3f6bf2abfc3c56d9e5d4a195eda435fec9216a0e133ab2d2e4ee0846,staircase,staircase,107678533972438991773270644320878258710,shuffled,date,streaming,1,40,40,balanced,100000,1,156800
target/balance-work/smoke,2f44119f3f6bf2abfc3c56d9e5d4a195eda435fec9216a0e133ab2d2e4ee0846,staircase,staircase,107678533972438991773270644320878258710,shuffled,date,streaming,1,40,40,baseline,0,1,154700
target/balance-work/smoke,2f44119f3f6bf2abfc3c56d9e5d4a195eda435fec9216a0e133ab2d2e4ee0846,staircase,staircase,107678533972438991773270644320878258710,shuffled,date,streaming,1,40,40,repair,100000,2,173800
target/balance-work/smoke,2f44119f3f6bf2abfc3c56d9e5d4a195eda435fec9216a0e133ab2d2e4ee0846,staircase,staircase,107678533972438991773270644320878258710,shuffled,date,streaming,1,40,40,balanced,100000,2,157700
target/balance-work/smoke,2f44119f3f6bf2abfc3c56d9e5d4a195eda435fec9216a0e133ab2d2e4ee0846,staircase,staircase,107678533972438991773270644320878258710,shuffled,date,streaming,1,40,40,baseline,0,2,153400
target/balance-work/smoke,2f44119f3f6bf2abfc3c56d9e5d4a195eda435fec9216a0e133ab2d2e4ee0846,staircase,staircase,107678533972438991773270644320878258710,shuffled,datetime,auto,1,40,40,balanced,100000,0,69500
target/balance-work/smoke,2f44119f3f6bf2abfc3c56d9e5d4a195eda435fec9216a0e133ab2d2e4ee0846,staircase,staircase,107678533972438991773270644320878258710,shuffled,datetime,auto,1,40,40,baseline,0,0,75100
target/balance-work/smoke,2f44119f3f6bf2abfc3c56d9e5d4a195eda435fec9216a0e133ab2d2e4ee0846,staircase,staircase,107678533972438991773270644320878258710,shuffled,datetime,auto,1,40,40,repair,100000,0,75600
target/balance-work/smoke,2f44119f3f6bf2abfc3c56d9e5d4a195eda435fec9216a0e133ab2d2e4ee0846,staircase,staircase,107678533972438991773270644320878258710,shuffled,datetime,auto,1,40,40,balanced,100000,1,70200
target/balance-work/smoke,2f44119f3f6bf2abfc3c56d9e5d4a195eda435fec9216a0e133ab2d2e4ee0846,staircase,staircase,107678533972438991773270644320878258710,shuffled,datetime,auto,1,40,40,baseline,0,1,62200
target/balance-work/smoke,2f44119f3f6bf2abfc3c56d9e5d4a195eda435fec9216a0e133ab2d2e4ee0846,staircase,staircase,107678533972438991773270644320878258710,shuffled,datetime,auto,1,40,40,repair,100000,1,71500
target/balance-work/smoke,2f44119f3f6bf2abfc3c56d9e5d4a195eda435fec9216a0e133ab2d2e4ee0846,staircase,staircase,107678533972438991773270644320878258710,shuffled,datetime,auto,1,40,40,repair,100000,2,75400
target/balance-work/smoke,2f44119f3f6bf2abfc3c56d9e5d4a195eda435fec9216a0e133ab2d2e4ee0846,staircase,staircase,107678533972438991773270644320878258710,shuffled,datetime,auto,1,40,40,balanced,100000,2,66500
target/balance-work/smoke,2f44119f3f6bf2abfc3c56d9e5d4a195eda435fec9216a0e133ab2d2e4ee0846,staircase,staircase,107678533972438991773270644320878258710,shuffled,datetime,auto,1,40,40,baseline,0,2,62900
target/balance-work/smoke,2f44119f3f6bf2abfc3c56d9e5d4a195eda435fec9216a0e133ab2d2e4ee0846,staircase,staircase,107678533972438991773270644320878258710,shuffled,datetime,streaming,1,40,40,balanced,100000,0,271800
target/balance-work/smoke,2f44119f3f6bf2abfc3c56d9e5d4a195eda435fec9216a0e133ab2d2e4ee0846,staircase,staircase,107678533972438991773270644320878258710,shuffled,datetime,streaming,1,40,40,baseline,0,0,210600
target/balance-work/smoke,2f44119f3f6bf2abfc3c56d9e5d4a195eda435fec9216a0e133ab2d2e4ee0846,staircase,staircase,107678533972438991773270644320878258710,shuffled,datetime,streaming,1,40,40,repair,100000,0,212200
target/balance-work/smoke,2f44119f3f6bf2abfc3c56d9e5d4a195eda435fec9216a0e133ab2d2e4ee0846,staircase,staircase,107678533972438991773270644320878258710,shuffled,datetime,streaming,1,40,40,balanced,100000,1,186100
target/balance-work/smoke,2f44119f3f6bf2abfc3c56d9e5d4a195eda435fec9216a0e133ab2d2e4ee0846,staircase,staircase,107678533972438991773270644320878258710,shuffled,datetime,streaming,1,40,40,baseline,0,1,257600
target/balance-work/smoke,2f44119f3f6bf2abfc3c56d9e5d4a195eda435fec9216a0e133ab2d2e4ee0846,staircase,staircase,107678533972438991773270644320878258710,shuffled,datetime,streaming,1,40,40,repair,100000,1,209700
target/balance-work/smoke,2f44119f3f6bf2abfc3c56d9e5d4a195eda435fec9216a0e133ab2d2e4ee0846,staircase,staircase,107678533972438991773270644320878258710,shuffled,datetime,streaming,1,40,40,repair,100000,2,195800
target/balance-work/smoke,2f44119f3f6bf2abfc3c56d9e5d4a195eda435fec9216a0e133ab2d2e4ee0846,staircase,staircase,107678533972438991773270644320878258710,shuffled,datetime,streaming,1,40,40,balanced,100000,2,176400
target/balance-work/smoke,2f44119f3f6bf2abfc3c56d9e5d4a195eda435fec9216a0e133ab2d2e4ee0846,staircase,staircase,107678533972438991773270644320878258710,shuffled,datetime,streaming,1,40,40,baseline,0,2,163200
target/balance-work/smoke,2f44119f3f6bf2abfc3c56d9e5d4a195eda435fec9216a0e133ab2d2e4ee0846,staircase,staircase,107678533972438991773270644320878258710,shuffled,grouped,auto,4,160,40,baseline,0,0,126000
target/balance-work/smoke,2f44119f3f6bf2abfc3c56d9e5d4a195eda435fec9216a0e133ab2d2e4ee0846,staircase,staircase,107678533972438991773270644320878258710,shuffled,grouped,auto,4,160,40,repair,100000,0,143400
target/balance-work/smoke,2f44119f3f6bf2abfc3c56d9e5d4a195eda435fec9216a0e133ab2d2e4ee0846,staircase,staircase,107678533972438991773270644320878258710,shuffled,grouped,auto,4,160,40,balanced,100000,0,124700
target/balance-work/smoke,2f44119f3f6bf2abfc3c56d9e5d4a195eda435fec9216a0e133ab2d2e4ee0846,staircase,staircase,107678533972438991773270644320878258710,shuffled,grouped,auto,4,160,40,balanced,100000,1,128900
target/balance-work/smoke,2f44119f3f6bf2abfc3c56d9e5d4a195eda435fec9216a0e133ab2d2e4ee0846,staircase,staircase,107678533972438991773270644320878258710,shuffled,grouped,auto,4,160,40,baseline,0,1,117000
target/balance-work/smoke,2f44119f3f6bf2abfc3c56d9e5d4a195eda435fec9216a0e133ab2d2e4ee0846,staircase,staircase,107678533972438991773270644320878258710,shuffled,grouped,auto,4,160,40,repair,100000,1,143400
target/balance-work/smoke,2f44119f3f6bf2abfc3c56d9e5d4a195eda435fec9216a0e133ab2d2e4ee0846,staircase,staircase,107678533972438991773270644320878258710,shuffled,grouped,auto,4,160,40,balanced,100000,2,124500
target/balance-work/smoke,2f44119f3f6bf2abfc3c56d9e5d4a195eda435fec9216a0e133ab2d2e4ee0846,staircase,staircase,107678533972438991773270644320878258710,shuffled,grouped,auto,4,160,40,baseline,0,2,150800
target/balance-work/smoke,2f44119f3f6bf2abfc3c56d9e5d4a195eda435fec9216a0e133ab2d2e4ee0846,staircase,staircase,107678533972438991773270644320878258710,shuffled,grouped,auto,4,160,40,repair,100000,2,151000
target/balance-work/smoke,2f44119f3f6bf2abfc3c56d9e5d4a195eda435fec9216a0e133ab2d2e4ee0846,staircase,staircase,107678533972438991773270644320878258710,shuffled,grouped,streaming,4,160,40,baseline,0,0,256600
target/balance-work/smoke,2f44119f3f6bf2abfc3c56d9e5d4a195eda435fec9216a0e133ab2d2e4ee0846,staircase,staircase,107678533972438991773270644320878258710,shuffled,grouped,streaming,4,160,40,repair,100000,0,278500
target/balance-work/smoke,2f44119f3f6bf2abfc3c56d9e5d4a195eda435fec9216a0e133ab2d2e4ee0846,staircase,staircase,107678533972438991773270644320878258710,shuffled,grouped,streaming,4,160,40,balanced,100000,0,286800
target/balance-work/smoke,2f44119f3f6bf2abfc3c56d9e5d4a195eda435fec9216a0e133ab2d2e4ee0846,staircase,staircase,107678533972438991773270644320878258710,shuffled,grouped,streaming,4,160,40,baseline,0,1,234000
target/balance-work/smoke,2f44119f3f6bf2abfc3c56d9e5d4a195eda435fec9216a0e133ab2d2e4ee0846,staircase,staircase,107678533972438991773270644320878258710,shuffled,grouped,streaming,4,160,40,repair,100000,1,258700
target/balance-work/smoke,2f44119f3f6bf2abfc3c56d9e5d4a195eda435fec9216a0e133ab2d2e4ee0846,staircase,staircase,107678533972438991773270644320878258710,shuffled,grouped,streaming,4,160,40,balanced,100000,1,240700
target/balance-work/smoke,2f44119f3f6bf2abfc3c56d9e5d4a195eda435fec9216a0e133ab2d2e4ee0846,staircase,staircase,107678533972438991773270644320878258710,shuffled,grouped,streaming,4,160,40,baseline,0,2,181800
target/balance-work/smoke,2f44119f3f6bf2abfc3c56d9e5d4a195eda435fec9216a0e133ab2d2e4ee0846,staircase,staircase,107678533972438991773270644320878258710,shuffled,grouped,streaming,4,160,40,repair,100000,2,230200
target/balance-work/smoke,2f44119f3f6bf2abfc3c56d9e5d4a195eda435fec9216a0e133ab2d2e4ee0846,staircase,staircase,107678533972438991773270644320878258710,shuffled,grouped,streaming,4,160,40,balanced,100000,2,218400
target/balance-work/smoke,2f44119f3f6bf2abfc3c56d9e5d4a195eda435fec9216a0e133ab2d2e4ee0846,staircase,staircase,107678533972438991773270644320878258710,shuffled,sliced,auto,1,40,40,baseline,0,0,62100
target/balance-work/smoke,2f44119f3f6bf2abfc3c56d9e5d4a195eda435fec9216a0e133ab2d2e4ee0846,staircase,staircase,107678533972438991773270644320878258710,shuffled,sliced,auto,1,40,40,repair,100000,0,68100
target/balance-work/smoke,2f44119f3f6bf2abfc3c56d9e5d4a195eda435fec9216a0e133ab2d2e4ee0846,staircase,staircase,107678533972438991773270644320878258710,shuffled,sliced,auto,1,40,40,balanced,100000,0,62800
target/balance-work/smoke,2f44119f3f6bf2abfc3c56d9e5d4a195eda435fec9216a0e133ab2d2e4ee0846,staircase,staircase,107678533972438991773270644320878258710,shuffled,sliced,auto,1,40,40,balanced,100000,1,66500
target/balance-work/smoke,2f44119f3f6bf2abfc3c56d9e5d4a195eda435fec9216a0e133ab2d2e4ee0846,staircase,staircase,107678533972438991773270644320878258710,shuffled,sliced,auto,1,40,40,baseline,0,1,58200
target/balance-work/smoke,2f44119f3f6bf2abfc3c56d9e5d4a195eda435fec9216a0e133ab2d2e4ee0846,staircase,staircase,107678533972438991773270644320878258710,shuffled,sliced,auto,1,40,40,repair,100000,1,66500
target/balance-work/smoke,2f44119f3f6bf2abfc3c56d9e5d4a195eda435fec9216a0e133ab2d2e4ee0846,staircase,staircase,107678533972438991773270644320878258710,shuffled,sliced,auto,1,40,40,baseline,0,2,61800
target/balance-work/smoke,2f44119f3f6bf2abfc3c56d9e5d4a195eda435fec9216a0e133ab2d2e4ee0846,staircase,staircase,107678533972438991773270644320878258710,shuffled,sliced,auto,1,40,40,repair,100000,2,66400
target/balance-work/smoke,2f44119f3f6bf2abfc3c56d9e5d4a195eda435fec9216a0e133ab2d2e4ee0846,staircase,staircase,107678533972438991773270644320878258710,shuffled,sliced,auto,1,40,40,balanced,100000,2,67200
target/balance-work/smoke,2f44119f3f6bf2abfc3c56d9e5d4a195eda435fec9216a0e133ab2d2e4ee0846,staircase,staircase,107678533972438991773270644320878258710,shuffled,sliced,streaming,1,40,40,repair,100000,0,177300
target/balance-work/smoke,2f44119f3f6bf2abfc3c56d9e5d4a195eda435fec9216a0e133ab2d2e4ee0846,staircase,staircase,107678533972438991773270644320878258710,shuffled,sliced,streaming,1,40,40,balanced,100000,0,159600
target/balance-work/smoke,2f44119f3f6bf2abfc3c56d9e5d4a195eda435fec9216a0e133ab2d2e4ee0846,staircase,staircase,107678533972438991773270644320878258710,shuffled,sliced,streaming,1,40,40,baseline,0,0,173200
target/balance-work/smoke,2f44119f3f6bf2abfc3c56d9e5d4a195eda435fec9216a0e133ab2d2e4ee0846,staircase,staircase,107678533972438991773270644320878258710,shuffled,sliced,streaming,1,40,40,balanced,100000,1,157000
target/balance-work/smoke,2f44119f3f6bf2abfc3c56d9e5d4a195eda435fec9216a0e133ab2d2e4ee0846,staircase,staircase,107678533972438991773270644320878258710,shuffled,sliced,streaming,1,40,40,baseline,0,1,153100
target/balance-work/smoke,2f44119f3f6bf2abfc3c56d9e5d4a195eda435fec9216a0e133ab2d2e4ee0846,staircase,staircase,107678533972438991773270644320878258710,shuffled,sliced,streaming,1,40,40,repair,100000,1,163700
target/balance-work/smoke,2f44119f3f6bf2abfc3c56d9e5d4a195eda435fec9216a0e133ab2d2e4ee0846,staircase,staircase,107678533972438991773270644320878258710,shuffled,sliced,streaming,1,40,40,repair,100000,2,143700
target/balance-work/smoke,2f44119f3f6bf2abfc3c56d9e5d4a195eda435fec9216a0e133ab2d2e4ee0846,staircase,staircase,107678533972438991773270644320878258710,shuffled,sliced,streaming,1,40,40,balanced,100000,2,128700
target/balance-work/smoke,2f44119f3f6bf2abfc3c56d9e5d4a195eda435fec9216a0e133ab2d2e4ee0846,staircase,staircase,107678533972438991773270644320878258710,shuffled,sliced,streaming,1,40,40,baseline,0,2,150600
target/balance-work/smoke,2f44119f3f6bf2abfc3c56d9e5d4a195eda435fec9216a0e133ab2d2e4ee0846,staircase,staircase,107678533972438991773270644320878258710,shuffled,multi_chunk,auto,1,40,40,repair,100000,0,69400
target/balance-work/smoke,2f44119f3f6bf2abfc3c56d9e5d4a195eda435fec9216a0e133ab2d2e4ee0846,staircase,staircase,107678533972438991773270644320878258710,shuffled,multi_chunk,auto,1,40,40,balanced,100000,0,65700
target/balance-work/smoke,2f44119f3f6bf2abfc3c56d9e5d4a195eda435fec9216a0e133ab2d2e4ee0846,staircase,staircase,107678533972438991773270644320878258710,shuffled,multi_chunk,auto,1,40,40,baseline,0,0,68900
target/balance-work/smoke,2f44119f3f6bf2abfc3c56d9e5d4a195eda435fec9216a0e133ab2d2e4ee0846,staircase,staircase,107678533972438991773270644320878258710,shuffled,multi_chunk,auto,1,40,40,repair,100000,1,71800
target/balance-work/smoke,2f44119f3f6bf2abfc3c56d9e5d4a195eda435fec9216a0e133ab2d2e4ee0846,staircase,staircase,107678533972438991773270644320878258710,shuffled,multi_chunk,auto,1,40,40,balanced,100000,1,62700
target/balance-work/smoke,2f44119f3f6bf2abfc3c56d9e5d4a195eda435fec9216a0e133ab2d2e4ee0846,staircase,staircase,107678533972438991773270644320878258710,shuffled,multi_chunk,auto,1,40,40,baseline,0,1,57500
target/balance-work/smoke,2f44119f3f6bf2abfc3c56d9e5d4a195eda435fec9216a0e133ab2d2e4ee0846,staircase,staircase,107678533972438991773270644320878258710,shuffled,multi_chunk,auto,1,40,40,repair,100000,2,70200
target/balance-work/smoke,2f44119f3f6bf2abfc3c56d9e5d4a195eda435fec9216a0e133ab2d2e4ee0846,staircase,staircase,107678533972438991773270644320878258710,shuffled,multi_chunk,auto,1,40,40,balanced,100000,2,62200
target/balance-work/smoke,2f44119f3f6bf2abfc3c56d9e5d4a195eda435fec9216a0e133ab2d2e4ee0846,staircase,staircase,107678533972438991773270644320878258710,shuffled,multi_chunk,auto,1,40,40,baseline,0,2,57600
target/balance-work/smoke,2f44119f3f6bf2abfc3c56d9e5d4a195eda435fec9216a0e133ab2d2e4ee0846,staircase,staircase,107678533972438991773270644320878258710,shuffled,multi_chunk,streaming,1,40,40,repair,100000,0,198400
target/balance-work/smoke,2f44119f3f6bf2abfc3c56d9e5d4a195eda435fec9216a0e133ab2d2e4ee0846,staircase,staircase,107678533972438991773270644320878258710,shuffled,multi_chunk,streaming,1,40,40,balanced,100000,0,186800
target/balance-work/smoke,2f44119f3f6bf2abfc3c56d9e5d4a195eda435fec9216a0e133ab2d2e4ee0846,staircase,staircase,107678533972438991773270644320878258710,shuffled,multi_chunk,streaming,1,40,40,baseline,0,0,217700
target/balance-work/smoke,2f44119f3f6bf2abfc3c56d9e5d4a195eda435fec9216a0e133ab2d2e4ee0846,staircase,staircase,107678533972438991773270644320878258710,shuffled,multi_chunk,streaming,1,40,40,baseline,0,1,210300
target/balance-work/smoke,2f44119f3f6bf2abfc3c56d9e5d4a195eda435fec9216a0e133ab2d2e4ee0846,staircase,staircase,107678533972438991773270644320878258710,shuffled,multi_chunk,streaming,1,40,40,repair,100000,1,211800
target/balance-work/smoke,2f44119f3f6bf2abfc3c56d9e5d4a195eda435fec9216a0e133ab2d2e4ee0846,staircase,staircase,107678533972438991773270644320878258710,shuffled,multi_chunk,streaming,1,40,40,balanced,100000,1,207500
target/balance-work/smoke,2f44119f3f6bf2abfc3c56d9e5d4a195eda435fec9216a0e133ab2d2e4ee0846,staircase,staircase,107678533972438991773270644320878258710,shuffled,multi_chunk,streaming,1,40,40,balanced,100000,2,207200
target/balance-work/smoke,2f44119f3f6bf2abfc3c56d9e5d4a195eda435fec9216a0e133ab2d2e4ee0846,staircase,staircase,107678533972438991773270644320878258710,shuffled,multi_chunk,streaming,1,40,40,baseline,0,2,197500
target/balance-work/smoke,2f44119f3f6bf2abfc3c56d9e5d4a195eda435fec9216a0e133ab2d2e4ee0846,staircase,staircase,107678533972438991773270644320878258710,shuffled,multi_chunk,streaming,1,40,40,repair,100000,2,205100
target/balance-work/smoke,d97ece41809312dc8659b2491fc716b34f16bc1d2a12dbf8f719f564e5c56b3c,multi_component,multi_component,255029260457530858275878479759573834179,sorted,integer,auto,1,40,40,balanced,100000,0,82600
target/balance-work/smoke,d97ece41809312dc8659b2491fc716b34f16bc1d2a12dbf8f719f564e5c56b3c,multi_component,multi_component,255029260457530858275878479759573834179,sorted,integer,auto,1,40,40,baseline,0,0,58900
target/balance-work/smoke,d97ece41809312dc8659b2491fc716b34f16bc1d2a12dbf8f719f564e5c56b3c,multi_component,multi_component,255029260457530858275878479759573834179,sorted,integer,auto,1,40,40,repair,100000,0,69900
target/balance-work/smoke,d97ece41809312dc8659b2491fc716b34f16bc1d2a12dbf8f719f564e5c56b3c,multi_component,multi_component,255029260457530858275878479759573834179,sorted,integer,auto,1,40,40,repair,100000,1,74300
target/balance-work/smoke,d97ece41809312dc8659b2491fc716b34f16bc1d2a12dbf8f719f564e5c56b3c,multi_component,multi_component,255029260457530858275878479759573834179,sorted,integer,auto,1,40,40,balanced,100000,1,70700
target/balance-work/smoke,d97ece41809312dc8659b2491fc716b34f16bc1d2a12dbf8f719f564e5c56b3c,multi_component,multi_component,255029260457530858275878479759573834179,sorted,integer,auto,1,40,40,baseline,0,1,56800
target/balance-work/smoke,d97ece41809312dc8659b2491fc716b34f16bc1d2a12dbf8f719f564e5c56b3c,multi_component,multi_component,255029260457530858275878479759573834179,sorted,integer,auto,1,40,40,balanced,100000,2,71100
target/balance-work/smoke,d97ece41809312dc8659b2491fc716b34f16bc1d2a12dbf8f719f564e5c56b3c,multi_component,multi_component,255029260457530858275878479759573834179,sorted,integer,auto,1,40,40,baseline,0,2,56700
target/balance-work/smoke,d97ece41809312dc8659b2491fc716b34f16bc1d2a12dbf8f719f564e5c56b3c,multi_component,multi_component,255029260457530858275878479759573834179,sorted,integer,auto,1,40,40,repair,100000,2,67800
target/balance-work/smoke,d97ece41809312dc8659b2491fc716b34f16bc1d2a12dbf8f719f564e5c56b3c,multi_component,multi_component,255029260457530858275878479759573834179,sorted,integer,streaming,1,40,40,baseline,0,0,170900
target/balance-work/smoke,d97ece41809312dc8659b2491fc716b34f16bc1d2a12dbf8f719f564e5c56b3c,multi_component,multi_component,255029260457530858275878479759573834179,sorted,integer,streaming,1,40,40,repair,100000,0,212400
target/balance-work/smoke,d97ece41809312dc8659b2491fc716b34f16bc1d2a12dbf8f719f564e5c56b3c,multi_component,multi_component,255029260457530858275878479759573834179,sorted,integer,streaming,1,40,40,balanced,100000,0,185100
target/balance-work/smoke,d97ece41809312dc8659b2491fc716b34f16bc1d2a12dbf8f719f564e5c56b3c,multi_component,multi_component,255029260457530858275878479759573834179,sorted,integer,streaming,1,40,40,baseline,0,1,183300
target/balance-work/smoke,d97ece41809312dc8659b2491fc716b34f16bc1d2a12dbf8f719f564e5c56b3c,multi_component,multi_component,255029260457530858275878479759573834179,sorted,integer,streaming,1,40,40,repair,100000,1,177400
target/balance-work/smoke,d97ece41809312dc8659b2491fc716b34f16bc1d2a12dbf8f719f564e5c56b3c,multi_component,multi_component,255029260457530858275878479759573834179,sorted,integer,streaming,1,40,40,balanced,100000,1,177700
target/balance-work/smoke,d97ece41809312dc8659b2491fc716b34f16bc1d2a12dbf8f719f564e5c56b3c,multi_component,multi_component,255029260457530858275878479759573834179,sorted,integer,streaming,1,40,40,balanced,100000,2,178200
target/balance-work/smoke,d97ece41809312dc8659b2491fc716b34f16bc1d2a12dbf8f719f564e5c56b3c,multi_component,multi_component,255029260457530858275878479759573834179,sorted,integer,streaming,1,40,40,baseline,0,2,165000
target/balance-work/smoke,d97ece41809312dc8659b2491fc716b34f16bc1d2a12dbf8f719f564e5c56b3c,multi_component,multi_component,255029260457530858275878479759573834179,sorted,integer,streaming,1,40,40,repair,100000,2,164700
target/balance-work/smoke,d97ece41809312dc8659b2491fc716b34f16bc1d2a12dbf8f719f564e5c56b3c,multi_component,multi_component,255029260457530858275878479759573834179,sorted,date,auto,1,40,40,baseline,0,0,61200
target/balance-work/smoke,d97ece41809312dc8659b2491fc716b34f16bc1d2a12dbf8f719f564e5c56b3c,multi_component,multi_component,255029260457530858275878479759573834179,sorted,date,auto,1,40,40,repair,100000,0,77700
target/balance-work/smoke,d97ece41809312dc8659b2491fc716b34f16bc1d2a12dbf8f719f564e5c56b3c,multi_component,multi_component,255029260457530858275878479759573834179,sorted,date,auto,1,40,40,balanced,100000,0,71400
target/balance-work/smoke,d97ece41809312dc8659b2491fc716b34f16bc1d2a12dbf8f719f564e5c56b3c,multi_component,multi_component,255029260457530858275878479759573834179,sorted,date,auto,1,40,40,baseline,0,1,70800
target/balance-work/smoke,d97ece41809312dc8659b2491fc716b34f16bc1d2a12dbf8f719f564e5c56b3c,multi_component,multi_component,255029260457530858275878479759573834179,sorted,date,auto,1,40,40,repair,100000,1,73500
target/balance-work/smoke,d97ece41809312dc8659b2491fc716b34f16bc1d2a12dbf8f719f564e5c56b3c,multi_component,multi_component,255029260457530858275878479759573834179,sorted,date,auto,1,40,40,balanced,100000,1,71700
target/balance-work/smoke,d97ece41809312dc8659b2491fc716b34f16bc1d2a12dbf8f719f564e5c56b3c,multi_component,multi_component,255029260457530858275878479759573834179,sorted,date,auto,1,40,40,baseline,0,2,62100
target/balance-work/smoke,d97ece41809312dc8659b2491fc716b34f16bc1d2a12dbf8f719f564e5c56b3c,multi_component,multi_component,255029260457530858275878479759573834179,sorted,date,auto,1,40,40,repair,100000,2,71600
target/balance-work/smoke,d97ece41809312dc8659b2491fc716b34f16bc1d2a12dbf8f719f564e5c56b3c,multi_component,multi_component,255029260457530858275878479759573834179,sorted,date,auto,1,40,40,balanced,100000,2,70600
target/balance-work/smoke,d97ece41809312dc8659b2491fc716b34f16bc1d2a12dbf8f719f564e5c56b3c,multi_component,multi_component,255029260457530858275878479759573834179,sorted,date,streaming,1,40,40,baseline,0,0,181700
target/balance-work/smoke,d97ece41809312dc8659b2491fc716b34f16bc1d2a12dbf8f719f564e5c56b3c,multi_component,multi_component,255029260457530858275878479759573834179,sorted,date,streaming,1,40,40,repair,100000,0,184700
target/balance-work/smoke,d97ece41809312dc8659b2491fc716b34f16bc1d2a12dbf8f719f564e5c56b3c,multi_component,multi_component,255029260457530858275878479759573834179,sorted,date,streaming,1,40,40,balanced,100000,0,179100
target/balance-work/smoke,d97ece41809312dc8659b2491fc716b34f16bc1d2a12dbf8f719f564e5c56b3c,multi_component,multi_component,255029260457530858275878479759573834179,sorted,date,streaming,1,40,40,baseline,0,1,166900
target/balance-work/smoke,d97ece41809312dc8659b2491fc716b34f16bc1d2a12dbf8f719f564e5c56b3c,multi_component,multi_component,255029260457530858275878479759573834179,sorted,date,streaming,1,40,40,repair,100000,1,171400
target/balance-work/smoke,d97ece41809312dc8659b2491fc716b34f16bc1d2a12dbf8f719f564e5c56b3c,multi_component,multi_component,255029260457530858275878479759573834179,sorted,date,streaming,1,40,40,balanced,100000,1,145000
target/balance-work/smoke,d97ece41809312dc8659b2491fc716b34f16bc1d2a12dbf8f719f564e5c56b3c,multi_component,multi_component,255029260457530858275878479759573834179,sorted,date,streaming,1,40,40,balanced,100000,2,195400
target/balance-work/smoke,d97ece41809312dc8659b2491fc716b34f16bc1d2a12dbf8f719f564e5c56b3c,multi_component,multi_component,255029260457530858275878479759573834179,sorted,date,streaming,1,40,40,baseline,0,2,142100
target/balance-work/smoke,d97ece41809312dc8659b2491fc716b34f16bc1d2a12dbf8f719f564e5c56b3c,multi_component,multi_component,255029260457530858275878479759573834179,sorted,date,streaming,1,40,40,repair,100000,2,200900
target/balance-work/smoke,d97ece41809312dc8659b2491fc716b34f16bc1d2a12dbf8f719f564e5c56b3c,multi_component,multi_component,255029260457530858275878479759573834179,sorted,datetime,auto,1,40,40,repair,100000,0,77900
target/balance-work/smoke,d97ece41809312dc8659b2491fc716b34f16bc1d2a12dbf8f719f564e5c56b3c,multi_component,multi_component,255029260457530858275878479759573834179,sorted,datetime,auto,1,40,40,balanced,100000,0,75000
target/balance-work/smoke,d97ece41809312dc8659b2491fc716b34f16bc1d2a12dbf8f719f564e5c56b3c,multi_component,multi_component,255029260457530858275878479759573834179,sorted,datetime,auto,1,40,40,baseline,0,0,61000
target/balance-work/smoke,d97ece41809312dc8659b2491fc716b34f16bc1d2a12dbf8f719f564e5c56b3c,multi_component,multi_component,255029260457530858275878479759573834179,sorted,datetime,auto,1,40,40,balanced,100000,1,76200
target/balance-work/smoke,d97ece41809312dc8659b2491fc716b34f16bc1d2a12dbf8f719f564e5c56b3c,multi_component,multi_component,255029260457530858275878479759573834179,sorted,datetime,auto,1,40,40,baseline,0,1,60300
target/balance-work/smoke,d97ece41809312dc8659b2491fc716b34f16bc1d2a12dbf8f719f564e5c56b3c,multi_component,multi_component,255029260457530858275878479759573834179,sorted,datetime,auto,1,40,40,repair,100000,1,79500
target/balance-work/smoke,d97ece41809312dc8659b2491fc716b34f16bc1d2a12dbf8f719f564e5c56b3c,multi_component,multi_component,255029260457530858275878479759573834179,sorted,datetime,auto,1,40,40,baseline,0,2,65500
target/balance-work/smoke,d97ece41809312dc8659b2491fc716b34f16bc1d2a12dbf8f719f564e5c56b3c,multi_component,multi_component,255029260457530858275878479759573834179,sorted,datetime,auto,1,40,40,repair,100000,2,73400
target/balance-work/smoke,d97ece41809312dc8659b2491fc716b34f16bc1d2a12dbf8f719f564e5c56b3c,multi_component,multi_component,255029260457530858275878479759573834179,sorted,datetime,auto,1,40,40,balanced,100000,2,72700
target/balance-work/smoke,d97ece41809312dc8659b2491fc716b34f16bc1d2a12dbf8f719f564e5c56b3c,multi_component,multi_component,255029260457530858275878479759573834179,sorted,datetime,streaming,1,40,40,baseline,0,0,163800
target/balance-work/smoke,d97ece41809312dc8659b2491fc716b34f16bc1d2a12dbf8f719f564e5c56b3c,multi_component,multi_component,255029260457530858275878479759573834179,sorted,datetime,streaming,1,40,40,repair,100000,0,181300
target/balance-work/smoke,d97ece41809312dc8659b2491fc716b34f16bc1d2a12dbf8f719f564e5c56b3c,multi_component,multi_component,255029260457530858275878479759573834179,sorted,datetime,streaming,1,40,40,balanced,100000,0,206900
target/balance-work/smoke,d97ece41809312dc8659b2491fc716b34f16bc1d2a12dbf8f719f564e5c56b3c,multi_component,multi_component,255029260457530858275878479759573834179,sorted,datetime,streaming,1,40,40,baseline,0,1,268000
target/balance-work/smoke,d97ece41809312dc8659b2491fc716b34f16bc1d2a12dbf8f719f564e5c56b3c,multi_component,multi_component,255029260457530858275878479759573834179,sorted,datetime,streaming,1,40,40,repair,100000,1,264900
target/balance-work/smoke,d97ece41809312dc8659b2491fc716b34f16bc1d2a12dbf8f719f564e5c56b3c,multi_component,multi_component,255029260457530858275878479759573834179,sorted,datetime,streaming,1,40,40,balanced,100000,1,231600
target/balance-work/smoke,d97ece41809312dc8659b2491fc716b34f16bc1d2a12dbf8f719f564e5c56b3c,multi_component,multi_component,255029260457530858275878479759573834179,sorted,datetime,streaming,1,40,40,balanced,100000,2,227100
target/balance-work/smoke,d97ece41809312dc8659b2491fc716b34f16bc1d2a12dbf8f719f564e5c56b3c,multi_component,multi_component,255029260457530858275878479759573834179,sorted,datetime,streaming,1,40,40,baseline,0,2,132500
target/balance-work/smoke,d97ece41809312dc8659b2491fc716b34f16bc1d2a12dbf8f719f564e5c56b3c,multi_component,multi_component,255029260457530858275878479759573834179,sorted,datetime,streaming,1,40,40,repair,100000,2,214700
target/balance-work/smoke,d97ece41809312dc8659b2491fc716b34f16bc1d2a12dbf8f719f564e5c56b3c,multi_component,multi_component,255029260457530858275878479759573834179,sorted,grouped,auto,4,160,40,repair,100000,0,152000
target/balance-work/smoke,d97ece41809312dc8659b2491fc716b34f16bc1d2a12dbf8f719f564e5c56b3c,multi_component,multi_component,255029260457530858275878479759573834179,sorted,grouped,auto,4,160,40,balanced,100000,0,150100
target/balance-work/smoke,d97ece41809312dc8659b2491fc716b34f16bc1d2a12dbf8f719f564e5c56b3c,multi_component,multi_component,255029260457530858275878479759573834179,sorted,grouped,auto,4,160,40,baseline,0,0,115000
target/balance-work/smoke,d97ece41809312dc8659b2491fc716b34f16bc1d2a12dbf8f719f564e5c56b3c,multi_component,multi_component,255029260457530858275878479759573834179,sorted,grouped,auto,4,160,40,balanced,100000,1,155600
target/balance-work/smoke,d97ece41809312dc8659b2491fc716b34f16bc1d2a12dbf8f719f564e5c56b3c,multi_component,multi_component,255029260457530858275878479759573834179,sorted,grouped,auto,4,160,40,baseline,0,1,113400
target/balance-work/smoke,d97ece41809312dc8659b2491fc716b34f16bc1d2a12dbf8f719f564e5c56b3c,multi_component,multi_component,255029260457530858275878479759573834179,sorted,grouped,auto,4,160,40,repair,100000,1,149000
target/balance-work/smoke,d97ece41809312dc8659b2491fc716b34f16bc1d2a12dbf8f719f564e5c56b3c,multi_component,multi_component,255029260457530858275878479759573834179,sorted,grouped,auto,4,160,40,baseline,0,2,114500
target/balance-work/smoke,d97ece41809312dc8659b2491fc716b34f16bc1d2a12dbf8f719f564e5c56b3c,multi_component,multi_component,255029260457530858275878479759573834179,sorted,grouped,auto,4,160,40,repair,100000,2,151100
target/balance-work/smoke,d97ece41809312dc8659b2491fc716b34f16bc1d2a12dbf8f719f564e5c56b3c,multi_component,multi_component,255029260457530858275878479759573834179,sorted,grouped,auto,4,160,40,balanced,100000,2,192400
target/balance-work/smoke,d97ece41809312dc8659b2491fc716b34f16bc1d2a12dbf8f719f564e5c56b3c,multi_component,multi_component,255029260457530858275878479759573834179,sorted,grouped,streaming,4,160,40,balanced,100000,0,253900
target/balance-work/smoke,d97ece41809312dc8659b2491fc716b34f16bc1d2a12dbf8f719f564e5c56b3c,multi_component,multi_component,255029260457530858275878479759573834179,sorted,grouped,streaming,4,160,40,baseline,0,0,189300
target/balance-work/smoke,d97ece41809312dc8659b2491fc716b34f16bc1d2a12dbf8f719f564e5c56b3c,multi_component,multi_component,255029260457530858275878479759573834179,sorted,grouped,streaming,4,160,40,repair,100000,0,252100
target/balance-work/smoke,d97ece41809312dc8659b2491fc716b34f16bc1d2a12dbf8f719f564e5c56b3c,multi_component,multi_component,255029260457530858275878479759573834179,sorted,grouped,streaming,4,160,40,repair,100000,1,250800
target/balance-work/smoke,d97ece41809312dc8659b2491fc716b34f16bc1d2a12dbf8f719f564e5c56b3c,multi_component,multi_component,255029260457530858275878479759573834179,sorted,grouped,streaming,4,160,40,balanced,100000,1,232400
target/balance-work/smoke,d97ece41809312dc8659b2491fc716b34f16bc1d2a12dbf8f719f564e5c56b3c,multi_component,multi_component,255029260457530858275878479759573834179,sorted,grouped,streaming,4,160,40,baseline,0,1,174000
target/balance-work/smoke,d97ece41809312dc8659b2491fc716b34f16bc1d2a12dbf8f719f564e5c56b3c,multi_component,multi_component,255029260457530858275878479759573834179,sorted,grouped,streaming,4,160,40,baseline,0,2,204800
target/balance-work/smoke,d97ece41809312dc8659b2491fc716b34f16bc1d2a12dbf8f719f564e5c56b3c,multi_component,multi_component,255029260457530858275878479759573834179,sorted,grouped,streaming,4,160,40,repair,100000,2,239800
target/balance-work/smoke,d97ece41809312dc8659b2491fc716b34f16bc1d2a12dbf8f719f564e5c56b3c,multi_component,multi_component,255029260457530858275878479759573834179,sorted,grouped,streaming,4,160,40,balanced,100000,2,243100
target/balance-work/smoke,d97ece41809312dc8659b2491fc716b34f16bc1d2a12dbf8f719f564e5c56b3c,multi_component,multi_component,255029260457530858275878479759573834179,sorted,sliced,auto,1,40,40,balanced,100000,0,77800
target/balance-work/smoke,d97ece41809312dc8659b2491fc716b34f16bc1d2a12dbf8f719f564e5c56b3c,multi_component,multi_component,255029260457530858275878479759573834179,sorted,sliced,auto,1,40,40,baseline,0,0,56400
target/balance-work/smoke,d97ece41809312dc8659b2491fc716b34f16bc1d2a12dbf8f719f564e5c56b3c,multi_component,multi_component,255029260457530858275878479759573834179,sorted,sliced,auto,1,40,40,repair,100000,0,67700
target/balance-work/smoke,d97ece41809312dc8659b2491fc716b34f16bc1d2a12dbf8f719f564e5c56b3c,multi_component,multi_component,255029260457530858275878479759573834179,sorted,sliced,auto,1,40,40,repair,100000,1,72100
target/balance-work/smoke,d97ece41809312dc8659b2491fc716b34f16bc1d2a12dbf8f719f564e5c56b3c,multi_component,multi_component,255029260457530858275878479759573834179,sorted,sliced,auto,1,40,40,balanced,100000,1,68200
target/balance-work/smoke,d97ece41809312dc8659b2491fc716b34f16bc1d2a12dbf8f719f564e5c56b3c,multi_component,multi_component,255029260457530858275878479759573834179,sorted,sliced,auto,1,40,40,baseline,0,1,56800
target/balance-work/smoke,d97ece41809312dc8659b2491fc716b34f16bc1d2a12dbf8f719f564e5c56b3c,multi_component,multi_component,255029260457530858275878479759573834179,sorted,sliced,auto,1,40,40,repair,100000,2,71700
target/balance-work/smoke,d97ece41809312dc8659b2491fc716b34f16bc1d2a12dbf8f719f564e5c56b3c,multi_component,multi_component,255029260457530858275878479759573834179,sorted,sliced,auto,1,40,40,balanced,100000,2,68800
target/balance-work/smoke,d97ece41809312dc8659b2491fc716b34f16bc1d2a12dbf8f719f564e5c56b3c,multi_component,multi_component,255029260457530858275878479759573834179,sorted,sliced,auto,1,40,40,baseline,0,2,58500
target/balance-work/smoke,d97ece41809312dc8659b2491fc716b34f16bc1d2a12dbf8f719f564e5c56b3c,multi_component,multi_component,255029260457530858275878479759573834179,sorted,sliced,streaming,1,40,40,balanced,100000,0,231800
target/balance-work/smoke,d97ece41809312dc8659b2491fc716b34f16bc1d2a12dbf8f719f564e5c56b3c,multi_component,multi_component,255029260457530858275878479759573834179,sorted,sliced,streaming,1,40,40,baseline,0,0,172100
target/balance-work/smoke,d97ece41809312dc8659b2491fc716b34f16bc1d2a12dbf8f719f564e5c56b3c,multi_component,multi_component,255029260457530858275878479759573834179,sorted,sliced,streaming,1,40,40,repair,100000,0,168600
target/balance-work/smoke,d97ece41809312dc8659b2491fc716b34f16bc1d2a12dbf8f719f564e5c56b3c,multi_component,multi_component,255029260457530858275878479759573834179,sorted,sliced,streaming,1,40,40,balanced,100000,1,176500
target/balance-work/smoke,d97ece41809312dc8659b2491fc716b34f16bc1d2a12dbf8f719f564e5c56b3c,multi_component,multi_component,255029260457530858275878479759573834179,sorted,sliced,streaming,1,40,40,baseline,0,1,153500
target/balance-work/smoke,d97ece41809312dc8659b2491fc716b34f16bc1d2a12dbf8f719f564e5c56b3c,multi_component,multi_component,255029260457530858275878479759573834179,sorted,sliced,streaming,1,40,40,repair,100000,1,190600
target/balance-work/smoke,d97ece41809312dc8659b2491fc716b34f16bc1d2a12dbf8f719f564e5c56b3c,multi_component,multi_component,255029260457530858275878479759573834179,sorted,sliced,streaming,1,40,40,repair,100000,2,179700
target/balance-work/smoke,d97ece41809312dc8659b2491fc716b34f16bc1d2a12dbf8f719f564e5c56b3c,multi_component,multi_component,255029260457530858275878479759573834179,sorted,sliced,streaming,1,40,40,balanced,100000,2,181200
target/balance-work/smoke,d97ece41809312dc8659b2491fc716b34f16bc1d2a12dbf8f719f564e5c56b3c,multi_component,multi_component,255029260457530858275878479759573834179,sorted,sliced,streaming,1,40,40,baseline,0,2,164200
target/balance-work/smoke,d97ece41809312dc8659b2491fc716b34f16bc1d2a12dbf8f719f564e5c56b3c,multi_component,multi_component,255029260457530858275878479759573834179,sorted,multi_chunk,auto,1,40,40,balanced,100000,0,70900
target/balance-work/smoke,d97ece41809312dc8659b2491fc716b34f16bc1d2a12dbf8f719f564e5c56b3c,multi_component,multi_component,255029260457530858275878479759573834179,sorted,multi_chunk,auto,1,40,40,baseline,0,0,64700
target/balance-work/smoke,d97ece41809312dc8659b2491fc716b34f16bc1d2a12dbf8f719f564e5c56b3c,multi_component,multi_component,255029260457530858275878479759573834179,sorted,multi_chunk,auto,1,40,40,repair,100000,0,70900
target/balance-work/smoke,d97ece41809312dc8659b2491fc716b34f16bc1d2a12dbf8f719f564e5c56b3c,multi_component,multi_component,255029260457530858275878479759573834179,sorted,multi_chunk,auto,1,40,40,balanced,100000,1,73800
target/balance-work/smoke,d97ece41809312dc8659b2491fc716b34f16bc1d2a12dbf8f719f564e5c56b3c,multi_component,multi_component,255029260457530858275878479759573834179,sorted,multi_chunk,auto,1,40,40,baseline,0,1,57600
target/balance-work/smoke,d97ece41809312dc8659b2491fc716b34f16bc1d2a12dbf8f719f564e5c56b3c,multi_component,multi_component,255029260457530858275878479759573834179,sorted,multi_chunk,auto,1,40,40,repair,100000,1,69800
target/balance-work/smoke,d97ece41809312dc8659b2491fc716b34f16bc1d2a12dbf8f719f564e5c56b3c,multi_component,multi_component,255029260457530858275878479759573834179,sorted,multi_chunk,auto,1,40,40,balanced,100000,2,73500
target/balance-work/smoke,d97ece41809312dc8659b2491fc716b34f16bc1d2a12dbf8f719f564e5c56b3c,multi_component,multi_component,255029260457530858275878479759573834179,sorted,multi_chunk,auto,1,40,40,baseline,0,2,58000
target/balance-work/smoke,d97ece41809312dc8659b2491fc716b34f16bc1d2a12dbf8f719f564e5c56b3c,multi_component,multi_component,255029260457530858275878479759573834179,sorted,multi_chunk,auto,1,40,40,repair,100000,2,69600
target/balance-work/smoke,d97ece41809312dc8659b2491fc716b34f16bc1d2a12dbf8f719f564e5c56b3c,multi_component,multi_component,255029260457530858275878479759573834179,sorted,multi_chunk,streaming,1,40,40,balanced,100000,0,177200
target/balance-work/smoke,d97ece41809312dc8659b2491fc716b34f16bc1d2a12dbf8f719f564e5c56b3c,multi_component,multi_component,255029260457530858275878479759573834179,sorted,multi_chunk,streaming,1,40,40,baseline,0,0,159900
target/balance-work/smoke,d97ece41809312dc8659b2491fc716b34f16bc1d2a12dbf8f719f564e5c56b3c,multi_component,multi_component,255029260457530858275878479759573834179,sorted,multi_chunk,streaming,1,40,40,repair,100000,0,169900
target/balance-work/smoke,d97ece41809312dc8659b2491fc716b34f16bc1d2a12dbf8f719f564e5c56b3c,multi_component,multi_component,255029260457530858275878479759573834179,sorted,multi_chunk,streaming,1,40,40,baseline,0,1,138000
target/balance-work/smoke,d97ece41809312dc8659b2491fc716b34f16bc1d2a12dbf8f719f564e5c56b3c,multi_component,multi_component,255029260457530858275878479759573834179,sorted,multi_chunk,streaming,1,40,40,repair,100000,1,185100
target/balance-work/smoke,d97ece41809312dc8659b2491fc716b34f16bc1d2a12dbf8f719f564e5c56b3c,multi_component,multi_component,255029260457530858275878479759573834179,sorted,multi_chunk,streaming,1,40,40,balanced,100000,1,172100
target/balance-work/smoke,d97ece41809312dc8659b2491fc716b34f16bc1d2a12dbf8f719f564e5c56b3c,multi_component,multi_component,255029260457530858275878479759573834179,sorted,multi_chunk,streaming,1,40,40,baseline,0,2,149600
target/balance-work/smoke,d97ece41809312dc8659b2491fc716b34f16bc1d2a12dbf8f719f564e5c56b3c,multi_component,multi_component,255029260457530858275878479759573834179,sorted,multi_chunk,streaming,1,40,40,repair,100000,2,174600
target/balance-work/smoke,d97ece41809312dc8659b2491fc716b34f16bc1d2a12dbf8f719f564e5c56b3c,multi_component,multi_component,255029260457530858275878479759573834179,sorted,multi_chunk,streaming,1,40,40,balanced,100000,2,164900
target/balance-work/smoke,936d043960eeb3dd6974e1a11276b5edb3b5749b0ad57a00ab7ac64dfda3fc1a,multi_component,multi_component,255029260457530858275878479759573834179,shuffled,integer,auto,1,40,40,repair,100000,0,85600
target/balance-work/smoke,936d043960eeb3dd6974e1a11276b5edb3b5749b0ad57a00ab7ac64dfda3fc1a,multi_component,multi_component,255029260457530858275878479759573834179,shuffled,integer,auto,1,40,40,balanced,100000,0,72300
target/balance-work/smoke,936d043960eeb3dd6974e1a11276b5edb3b5749b0ad57a00ab7ac64dfda3fc1a,multi_component,multi_component,255029260457530858275878479759573834179,shuffled,integer,auto,1,40,40,baseline,0,0,58700
target/balance-work/smoke,936d043960eeb3dd6974e1a11276b5edb3b5749b0ad57a00ab7ac64dfda3fc1a,multi_component,multi_component,255029260457530858275878479759573834179,shuffled,integer,auto,1,40,40,baseline,0,1,59700
target/balance-work/smoke,936d043960eeb3dd6974e1a11276b5edb3b5749b0ad57a00ab7ac64dfda3fc1a,multi_component,multi_component,255029260457530858275878479759573834179,shuffled,integer,auto,1,40,40,repair,100000,1,71400
target/balance-work/smoke,936d043960eeb3dd6974e1a11276b5edb3b5749b0ad57a00ab7ac64dfda3fc1a,multi_component,multi_component,255029260457530858275878479759573834179,shuffled,integer,auto,1,40,40,balanced,100000,1,75300
target/balance-work/smoke,936d043960eeb3dd6974e1a11276b5edb3b5749b0ad57a00ab7ac64dfda3fc1a,multi_component,multi_component,255029260457530858275878479759573834179,shuffled,integer,auto,1,40,40,baseline,0,2,62100
target/balance-work/smoke,936d043960eeb3dd6974e1a11276b5edb3b5749b0ad57a00ab7ac64dfda3fc1a,multi_component,multi_component,255029260457530858275878479759573834179,shuffled,integer,auto,1,40,40,repair,100000,2,72300
target/balance-work/smoke,936d043960eeb3dd6974e1a11276b5edb3b5749b0ad57a00ab7ac64dfda3fc1a,multi_component,multi_component,255029260457530858275878479759573834179,shuffled,integer,auto,1,40,40,balanced,100000,2,73500
target/balance-work/smoke,936d043960eeb3dd6974e1a11276b5edb3b5749b0ad57a00ab7ac64dfda3fc1a,multi_component,multi_component,255029260457530858275878479759573834179,shuffled,integer,streaming,1,40,40,baseline,0,0,155500
target/balance-work/smoke,936d043960eeb3dd6974e1a11276b5edb3b5749b0ad57a00ab7ac64dfda3fc1a,multi_component,multi_component,255029260457530858275878479759573834179,shuffled,integer,streaming,1,40,40,repair,100000,0,211100
target/balance-work/smoke,936d043960eeb3dd6974e1a11276b5edb3b5749b0ad57a00ab7ac64dfda3fc1a,multi_component,multi_component,255029260457530858275878479759573834179,shuffled,integer,streaming,1,40,40,balanced,100000,0,328000
target/balance-work/smoke,936d043960eeb3dd6974e1a11276b5edb3b5749b0ad57a00ab7ac64dfda3fc1a,multi_component,multi_component,255029260457530858275878479759573834179,shuffled,integer,streaming,1,40,40,balanced,100000,1,246600
target/balance-work/smoke,936d043960eeb3dd6974e1a11276b5edb3b5749b0ad57a00ab7ac64dfda3fc1a,multi_component,multi_component,255029260457530858275878479759573834179,shuffled,integer,streaming,1,40,40,baseline,0,1,218800
target/balance-work/smoke,936d043960eeb3dd6974e1a11276b5edb3b5749b0ad57a00ab7ac64dfda3fc1a,multi_component,multi_component,255029260457530858275878479759573834179,shuffled,integer,streaming,1,40,40,repair,100000,1,249500
target/balance-work/smoke,936d043960eeb3dd6974e1a11276b5edb3b5749b0ad57a00ab7ac64dfda3fc1a,multi_component,multi_component,255029260457530858275878479759573834179,shuffled,integer,streaming,1,40,40,balanced,100000,2,198800
target/balance-work/smoke,936d043960eeb3dd6974e1a11276b5edb3b5749b0ad57a00ab7ac64dfda3fc1a,multi_component,multi_component,255029260457530858275878479759573834179,shuffled,integer,streaming,1,40,40,baseline,0,2,173600
target/balance-work/smoke,936d043960eeb3dd6974e1a11276b5edb3b5749b0ad57a00ab7ac64dfda3fc1a,multi_component,multi_component,255029260457530858275878479759573834179,shuffled,integer,streaming,1,40,40,repair,100000,2,184700
target/balance-work/smoke,936d043960eeb3dd6974e1a11276b5edb3b5749b0ad57a00ab7ac64dfda3fc1a,multi_component,multi_component,255029260457530858275878479759573834179,shuffled,date,auto,1,40,40,baseline,0,0,66200
target/balance-work/smoke,936d043960eeb3dd6974e1a11276b5edb3b5749b0ad57a00ab7ac64dfda3fc1a,multi_component,multi_component,255029260457530858275878479759573834179,shuffled,date,auto,1,40,40,repair,100000,0,73000
target/balance-work/smoke,936d043960eeb3dd6974e1a11276b5edb3b5749b0ad57a00ab7ac64dfda3fc1a,multi_component,multi_component,255029260457530858275878479759573834179,shuffled,date,auto,1,40,40,balanced,100000,0,72600
target/balance-work/smoke,936d043960eeb3dd6974e1a11276b5edb3b5749b0ad57a00ab7ac64dfda3fc1a,multi_component,multi_component,255029260457530858275878479759573834179,shuffled,date,auto,1,40,40,balanced,100000,1,75500
target/balance-work/smoke,936d043960eeb3dd6974e1a11276b5edb3b5749b0ad57a00ab7ac64dfda3fc1a,multi_component,multi_component,255029260457530858275878479759573834179,shuffled,date,auto,1,40,40,baseline,0,1,61300
target/balance-work/smoke,936d043960eeb3dd6974e1a11276b5edb3b5749b0ad57a00ab7ac64dfda3fc1a,multi_component,multi_component,255029260457530858275878479759573834179,shuffled,date,auto,1,40,40,repair,100000,1,72700
target/balance-work/smoke,936d043960eeb3dd6974e1a11276b5edb3b5749b0ad57a00ab7ac64dfda3fc1a,multi_component,multi_component,255029260457530858275878479759573834179,shuffled,date,auto,1,40,40,balanced,100000,2,75500
target/balance-work/smoke,936d043960eeb3dd6974e1a11276b5edb3b5749b0ad57a00ab7ac64dfda3fc1a,multi_component,multi_component,255029260457530858275878479759573834179,shuffled,date,auto,1,40,40,baseline,0,2,59000
target/balance-work/smoke,936d043960eeb3dd6974e1a11276b5edb3b5749b0ad57a00ab7ac64dfda3fc1a,multi_component,multi_component,255029260457530858275878479759573834179,shuffled,date,auto,1,40,40,repair,100000,2,75300
target/balance-work/smoke,936d043960eeb3dd6974e1a11276b5edb3b5749b0ad57a00ab7ac64dfda3fc1a,multi_component,multi_component,255029260457530858275878479759573834179,shuffled,date,streaming,1,40,40,repair,100000,0,254400
target/balance-work/smoke,936d043960eeb3dd6974e1a11276b5edb3b5749b0ad57a00ab7ac64dfda3fc1a,multi_component,multi_component,255029260457530858275878479759573834179,shuffled,date,streaming,1,40,40,balanced,100000,0,184300
target/balance-work/smoke,936d043960eeb3dd6974e1a11276b5edb3b5749b0ad57a00ab7ac64dfda3fc1a,multi_component,multi_component,255029260457530858275878479759573834179,shuffled,date,streaming,1,40,40,baseline,0,0,150600
target/balance-work/smoke,936d043960eeb3dd6974e1a11276b5edb3b5749b0ad57a00ab7ac64dfda3fc1a,multi_component,multi_component,255029260457530858275878479759573834179,shuffled,date,streaming,1,40,40,balanced,100000,1,199300
target/balance-work/smoke,936d043960eeb3dd6974e1a11276b5edb3b5749b0ad57a00ab7ac64dfda3fc1a,multi_component,multi_component,255029260457530858275878479759573834179,shuffled,date,streaming,1,40,40,baseline,0,1,191400
target/balance-work/smoke,936d043960eeb3dd6974e1a11276b5edb3b5749b0ad57a00ab7ac64dfda3fc1a,multi_component,multi_component,255029260457530858275878479759573834179,shuffled,date,streaming,1,40,40,repair,100000,1,195500
target/balance-work/smoke,936d043960eeb3dd6974e1a11276b5edb3b5749b0ad57a00ab7ac64dfda3fc1a,multi_component,multi_component,255029260457530858275878479759573834179,shuffled,date,streaming,1,40,40,repair,100000,2,198100
target/balance-work/smoke,936d043960eeb3dd6974e1a11276b5edb3b5749b0ad57a00ab7ac64dfda3fc1a,multi_component,multi_component,255029260457530858275878479759573834179,shuffled,date,streaming,1,40,40,balanced,100000,2,172800
target/balance-work/smoke,936d043960eeb3dd6974e1a11276b5edb3b5749b0ad57a00ab7ac64dfda3fc1a,multi_component,multi_component,255029260457530858275878479759573834179,shuffled,date,streaming,1,40,40,baseline,0,2,167000
target/balance-work/smoke,936d043960eeb3dd6974e1a11276b5edb3b5749b0ad57a00ab7ac64dfda3fc1a,multi_component,multi_component,255029260457530858275878479759573834179,shuffled,datetime,auto,1,40,40,repair,100000,0,77500
target/balance-work/smoke,936d043960eeb3dd6974e1a11276b5edb3b5749b0ad57a00ab7ac64dfda3fc1a,multi_component,multi_component,255029260457530858275878479759573834179,shuffled,datetime,auto,1,40,40,balanced,100000,0,76300
target/balance-work/smoke,936d043960eeb3dd6974e1a11276b5edb3b5749b0ad57a00ab7ac64dfda3fc1a,multi_component,multi_component,255029260457530858275878479759573834179,shuffled,datetime,auto,1,40,40,baseline,0,0,63200
target/balance-work/smoke,936d043960eeb3dd6974e1a11276b5edb3b5749b0ad57a00ab7ac64dfda3fc1a,multi_component,multi_component,255029260457530858275878479759573834179,shuffled,datetime,auto,1,40,40,balanced,100000,1,80500
target/balance-work/smoke,936d043960eeb3dd6974e1a11276b5edb3b5749b0ad57a00ab7ac64dfda3fc1a,multi_component,multi_component,255029260457530858275878479759573834179,shuffled,datetime,auto,1,40,40,baseline,0,1,62700
target/balance-work/smoke,936d043960eeb3dd6974e1a11276b5edb3b5749b0ad57a00ab7ac64dfda3fc1a,multi_component,multi_component,255029260457530858275878479759573834179,shuffled,datetime,auto,1,40,40,repair,100000,1,76100
target/balance-work/smoke,936d043960eeb3dd6974e1a11276b5edb3b5749b0ad57a00ab7ac64dfda3fc1a,multi_component,multi_component,255029260457530858275878479759573834179,shuffled,datetime,auto,1,40,40,balanced,100000,2,79200
target/balance-work/smoke,936d043960eeb3dd6974e1a11276b5edb3b5749b0ad57a00ab7ac64dfda3fc1a,multi_component,multi_component,255029260457530858275878479759573834179,shuffled,datetime,auto,1,40,40,baseline,0,2,61200
target/balance-work/smoke,936d043960eeb3dd6974e1a11276b5edb3b5749b0ad57a00ab7ac64dfda3fc1a,multi_component,multi_component,255029260457530858275878479759573834179,shuffled,datetime,auto,1,40,40,repair,100000,2,74100
target/balance-work/smoke,936d043960eeb3dd6974e1a11276b5edb3b5749b0ad57a00ab7ac64dfda3fc1a,multi_component,multi_component,255029260457530858275878479759573834179,shuffled,datetime,streaming,1,40,40,balanced,100000,0,213500
target/balance-work/smoke,936d043960eeb3dd6974e1a11276b5edb3b5749b0ad57a00ab7ac64dfda3fc1a,multi_component,multi_component,255029260457530858275878479759573834179,shuffled,datetime,streaming,1,40,40,baseline,0,0,156400
target/balance-work/smoke,936d043960eeb3dd6974e1a11276b5edb3b5749b0ad57a00ab7ac64dfda3fc1a,multi_component,multi_component,255029260457530858275878479759573834179,shuffled,datetime,streaming,1,40,40,repair,100000,0,162300
target/balance-work/smoke,936d043960eeb3dd6974e1a11276b5edb3b5749b0ad57a00ab7ac64dfda3fc1a,multi_component,multi_component,255029260457530858275878479759573834179,shuffled,datetime,streaming,1,40,40,balanced,100000,1,140700
target/balance-work/smoke,936d043960eeb3dd6974e1a11276b5edb3b5749b0ad57a00ab7ac64dfda3fc1a,multi_component,multi_component,255029260457530858275878479759573834179,shuffled,datetime,streaming,1,40,40,baseline,0,1,139300
target/balance-work/smoke,936d043960eeb3dd6974e1a11276b5edb3b5749b0ad57a00ab7ac64dfda3fc1a,multi_component,multi_component,255029260457530858275878479759573834179,shuffled,datetime,streaming,1,40,40,repair,100000,1,165000
target/balance-work/smoke,936d043960eeb3dd6974e1a11276b5edb3b5749b0ad57a00ab7ac64dfda3fc1a,multi_component,multi_component,255029260457530858275878479759573834179,shuffled,datetime,streaming,1,40,40,baseline,0,2,126200
target/balance-work/smoke,936d043960eeb3dd6974e1a11276b5edb3b5749b0ad57a00ab7ac64dfda3fc1a,multi_component,multi_component,255029260457530858275878479759573834179,shuffled,datetime,streaming,1,40,40,repair,100000,2,152400
target/balance-work/smoke,936d043960eeb3dd6974e1a11276b5edb3b5749b0ad57a00ab7ac64dfda3fc1a,multi_component,multi_component,255029260457530858275878479759573834179,shuffled,datetime,streaming,1,40,40,balanced,100000,2,143400
target/balance-work/smoke,936d043960eeb3dd6974e1a11276b5edb3b5749b0ad57a00ab7ac64dfda3fc1a,multi_component,multi_component,255029260457530858275878479759573834179,shuffled,grouped,auto,4,160,40,balanced,100000,0,175000
target/balance-work/smoke,936d043960eeb3dd6974e1a11276b5edb3b5749b0ad57a00ab7ac64dfda3fc1a,multi_component,multi_component,255029260457530858275878479759573834179,shuffled,grouped,auto,4,160,40,baseline,0,0,119600
target/balance-work/smoke,936d043960eeb3dd6974e1a11276b5edb3b5749b0ad57a00ab7ac64dfda3fc1a,multi_component,multi_component,255029260457530858275878479759573834179,shuffled,grouped,auto,4,160,40,repair,100000,0,168200
target/balance-work/smoke,936d043960eeb3dd6974e1a11276b5edb3b5749b0ad57a00ab7ac64dfda3fc1a,multi_component,multi_component,255029260457530858275878479759573834179,shuffled,grouped,auto,4,160,40,baseline,0,1,120600
target/balance-work/smoke,936d043960eeb3dd6974e1a11276b5edb3b5749b0ad57a00ab7ac64dfda3fc1a,multi_component,multi_component,255029260457530858275878479759573834179,shuffled,grouped,auto,4,160,40,repair,100000,1,159300
target/balance-work/smoke,936d043960eeb3dd6974e1a11276b5edb3b5749b0ad57a00ab7ac64dfda3fc1a,multi_component,multi_component,255029260457530858275878479759573834179,shuffled,grouped,auto,4,160,40,balanced,100000,1,157900
target/balance-work/smoke,936d043960eeb3dd6974e1a11276b5edb3b5749b0ad57a00ab7ac64dfda3fc1a,multi_component,multi_component,255029260457530858275878479759573834179,shuffled,grouped,auto,4,160,40,repair,100000,2,156700
target/balance-work/smoke,936d043960eeb3dd6974e1a11276b5edb3b5749b0ad57a00ab7ac64dfda3fc1a,multi_component,multi_component,255029260457530858275878479759573834179,shuffled,grouped,auto,4,160,40,balanced,100000,2,154900
target/balance-work/smoke,936d043960eeb3dd6974e1a11276b5edb3b5749b0ad57a00ab7ac64dfda3fc1a,multi_component,multi_component,255029260457530858275878479759573834179,shuffled,grouped,auto,4,160,40,baseline,0,2,127900
target/balance-work/smoke,936d043960eeb3dd6974e1a11276b5edb3b5749b0ad57a00ab7ac64dfda3fc1a,multi_component,multi_component,255029260457530858275878479759573834179,shuffled,grouped,streaming,4,160,40,repair,100000,0,231900
target/balance-work/smoke,936d043960eeb3dd6974e1a11276b5edb3b5749b0ad57a00ab7ac64dfda3fc1a,multi_component,multi_component,255029260457530858275878479759573834179,shuffled,grouped,streaming,4,160,40,balanced,100000,0,239700
target/balance-work/smoke,936d043960eeb3dd6974e1a11276b5edb3b5749b0ad57a00ab7ac64dfda3fc1a,multi_component,multi_component,255029260457530858275878479759573834179,shuffled,grouped,streaming,4,160,40,baseline,0,0,195500
target/balance-work/smoke,936d043960eeb3dd6974e1a11276b5edb3b5749b0ad57a00ab7ac64dfda3fc1a,multi_component,multi_component,255029260457530858275878479759573834179,shuffled,grouped,streaming,4,160,40,baseline,0,1,223400
target/balance-work/smoke,936d043960eeb3dd6974e1a11276b5edb3b5749b0ad57a00ab7ac64dfda3fc1a,multi_component,multi_component,255029260457530858275878479759573834179,shuffled,grouped,streaming,4,160,40,repair,100000,1,226800
target/balance-work/smoke,936d043960eeb3dd6974e1a11276b5edb3b5749b0ad57a00ab7ac64dfda3fc1a,multi_component,multi_component,255029260457530858275878479759573834179,shuffled,grouped,streaming,4,160,40,balanced,100000,1,206400
target/balance-work/smoke,936d043960eeb3dd6974e1a11276b5edb3b5749b0ad57a00ab7ac64dfda3fc1a,multi_component,multi_component,255029260457530858275878479759573834179,shuffled,grouped,streaming,4,160,40,baseline,0,2,204800
target/balance-work/smoke,936d043960eeb3dd6974e1a11276b5edb3b5749b0ad57a00ab7ac64dfda3fc1a,multi_component,multi_component,255029260457530858275878479759573834179,shuffled,grouped,streaming,4,160,40,repair,100000,2,255200
target/balance-work/smoke,936d043960eeb3dd6974e1a11276b5edb3b5749b0ad57a00ab7ac64dfda3fc1a,multi_component,multi_component,255029260457530858275878479759573834179,shuffled,grouped,streaming,4,160,40,balanced,100000,2,230200
target/balance-work/smoke,936d043960eeb3dd6974e1a11276b5edb3b5749b0ad57a00ab7ac64dfda3fc1a,multi_component,multi_component,255029260457530858275878479759573834179,shuffled,sliced,auto,1,40,40,balanced,100000,0,73700
target/balance-work/smoke,936d043960eeb3dd6974e1a11276b5edb3b5749b0ad57a00ab7ac64dfda3fc1a,multi_component,multi_component,255029260457530858275878479759573834179,shuffled,sliced,auto,1,40,40,baseline,0,0,59400
target/balance-work/smoke,936d043960eeb3dd6974e1a11276b5edb3b5749b0ad57a00ab7ac64dfda3fc1a,multi_component,multi_component,255029260457530858275878479759573834179,shuffled,sliced,auto,1,40,40,repair,100000,0,71600
target/balance-work/smoke,936d043960eeb3dd6974e1a11276b5edb3b5749b0ad57a00ab7ac64dfda3fc1a,multi_component,multi_component,255029260457530858275878479759573834179,shuffled,sliced,auto,1,40,40,baseline,0,1,71700
target/balance-work/smoke,936d043960eeb3dd6974e1a11276b5edb3b5749b0ad57a00ab7ac64dfda3fc1a,multi_component,multi_component,255029260457530858275878479759573834179,shuffled,sliced,auto,1,40,40,repair,100000,1,72700
target/balance-work/smoke,936d043960eeb3dd6974e1a11276b5edb3b5749b0ad57a00ab7ac64dfda3fc1a,multi_component,multi_component,255029260457530858275878479759573834179,shuffled,sliced,auto,1,40,40,balanced,100000,1,72300
target/balance-work/smoke,936d043960eeb3dd6974e1a11276b5edb3b5749b0ad57a00ab7ac64dfda3fc1a,multi_component,multi_component,255029260457530858275878479759573834179,shuffled,sliced,auto,1,40,40,repair,100000,2,77800
target/balance-work/smoke,936d043960eeb3dd6974e1a11276b5edb3b5749b0ad57a00ab7ac64dfda3fc1a,multi_component,multi_component,255029260457530858275878479759573834179,shuffled,sliced,auto,1,40,40,balanced,100000,2,70800
target/balance-work/smoke,936d043960eeb3dd6974e1a11276b5edb3b5749b0ad57a00ab7ac64dfda3fc1a,multi_component,multi_component,255029260457530858275878479759573834179,shuffled,sliced,auto,1,40,40,baseline,0,2,56800
target/balance-work/smoke,936d043960eeb3dd6974e1a11276b5edb3b5749b0ad57a00ab7ac64dfda3fc1a,multi_component,multi_component,255029260457530858275878479759573834179,shuffled,sliced,streaming,1,40,40,baseline,0,0,237900
target/balance-work/smoke,936d043960eeb3dd6974e1a11276b5edb3b5749b0ad57a00ab7ac64dfda3fc1a,multi_component,multi_component,255029260457530858275878479759573834179,shuffled,sliced,streaming,1,40,40,repair,100000,0,205100
target/balance-work/smoke,936d043960eeb3dd6974e1a11276b5edb3b5749b0ad57a00ab7ac64dfda3fc1a,multi_component,multi_component,255029260457530858275878479759573834179,shuffled,sliced,streaming,1,40,40,balanced,100000,0,182300
target/balance-work/smoke,936d043960eeb3dd6974e1a11276b5edb3b5749b0ad57a00ab7ac64dfda3fc1a,multi_component,multi_component,255029260457530858275878479759573834179,shuffled,sliced,streaming,1,40,40,balanced,100000,1,183400
target/balance-work/smoke,936d043960eeb3dd6974e1a11276b5edb3b5749b0ad57a00ab7ac64dfda3fc1a,multi_component,multi_component,255029260457530858275878479759573834179,shuffled,sliced,streaming,1,40,40,baseline,0,1,163000
target/balance-work/smoke,936d043960eeb3dd6974e1a11276b5edb3b5749b0ad57a00ab7ac64dfda3fc1a,multi_component,multi_component,255029260457530858275878479759573834179,shuffled,sliced,streaming,1,40,40,repair,100000,1,177200
target/balance-work/smoke,936d043960eeb3dd6974e1a11276b5edb3b5749b0ad57a00ab7ac64dfda3fc1a,multi_component,multi_component,255029260457530858275878479759573834179,shuffled,sliced,streaming,1,40,40,balanced,100000,2,179100
target/balance-work/smoke,936d043960eeb3dd6974e1a11276b5edb3b5749b0ad57a00ab7ac64dfda3fc1a,multi_component,multi_component,255029260457530858275878479759573834179,shuffled,sliced,streaming,1,40,40,baseline,0,2,204500
target/balance-work/smoke,936d043960eeb3dd6974e1a11276b5edb3b5749b0ad57a00ab7ac64dfda3fc1a,multi_component,multi_component,255029260457530858275878479759573834179,shuffled,sliced,streaming,1,40,40,repair,100000,2,182100
target/balance-work/smoke,936d043960eeb3dd6974e1a11276b5edb3b5749b0ad57a00ab7ac64dfda3fc1a,multi_component,multi_component,255029260457530858275878479759573834179,shuffled,multi_chunk,auto,1,40,40,balanced,100000,0,74800
target/balance-work/smoke,936d043960eeb3dd6974e1a11276b5edb3b5749b0ad57a00ab7ac64dfda3fc1a,multi_component,multi_component,255029260457530858275878479759573834179,shuffled,multi_chunk,auto,1,40,40,baseline,0,0,59600
target/balance-work/smoke,936d043960eeb3dd6974e1a11276b5edb3b5749b0ad57a00ab7ac64dfda3fc1a,multi_component,multi_component,255029260457530858275878479759573834179,shuffled,multi_chunk,auto,1,40,40,repair,100000,0,77200
target/balance-work/smoke,936d043960eeb3dd6974e1a11276b5edb3b5749b0ad57a00ab7ac64dfda3fc1a,multi_component,multi_component,255029260457530858275878479759573834179,shuffled,multi_chunk,auto,1,40,40,balanced,100000,1,77100
target/balance-work/smoke,936d043960eeb3dd6974e1a11276b5edb3b5749b0ad57a00ab7ac64dfda3fc1a,multi_component,multi_component,255029260457530858275878479759573834179,shuffled,multi_chunk,auto,1,40,40,baseline,0,1,60600
target/balance-work/smoke,936d043960eeb3dd6974e1a11276b5edb3b5749b0ad57a00ab7ac64dfda3fc1a,multi_component,multi_component,255029260457530858275878479759573834179,shuffled,multi_chunk,auto,1,40,40,repair,100000,1,72700
target/balance-work/smoke,936d043960eeb3dd6974e1a11276b5edb3b5749b0ad57a00ab7ac64dfda3fc1a,multi_component,multi_component,255029260457530858275878479759573834179,shuffled,multi_chunk,auto,1,40,40,baseline,0,2,72000
target/balance-work/smoke,936d043960eeb3dd6974e1a11276b5edb3b5749b0ad57a00ab7ac64dfda3fc1a,multi_component,multi_component,255029260457530858275878479759573834179,shuffled,multi_chunk,auto,1,40,40,repair,100000,2,74400
target/balance-work/smoke,936d043960eeb3dd6974e1a11276b5edb3b5749b0ad57a00ab7ac64dfda3fc1a,multi_component,multi_component,255029260457530858275878479759573834179,shuffled,multi_chunk,auto,1,40,40,balanced,100000,2,74800
target/balance-work/smoke,936d043960eeb3dd6974e1a11276b5edb3b5749b0ad57a00ab7ac64dfda3fc1a,multi_component,multi_component,255029260457530858275878479759573834179,shuffled,multi_chunk,streaming,1,40,40,balanced,100000,0,185700
target/balance-work/smoke,936d043960eeb3dd6974e1a11276b5edb3b5749b0ad57a00ab7ac64dfda3fc1a,multi_component,multi_component,255029260457530858275878479759573834179,shuffled,multi_chunk,streaming,1,40,40,baseline,0,0,202200
target/balance-work/smoke,936d043960eeb3dd6974e1a11276b5edb3b5749b0ad57a00ab7ac64dfda3fc1a,multi_component,multi_component,255029260457530858275878479759573834179,shuffled,multi_chunk,streaming,1,40,40,repair,100000,0,205700
target/balance-work/smoke,936d043960eeb3dd6974e1a11276b5edb3b5749b0ad57a00ab7ac64dfda3fc1a,multi_component,multi_component,255029260457530858275878479759573834179,shuffled,multi_chunk,streaming,1,40,40,repair,100000,1,152500
target/balance-work/smoke,936d043960eeb3dd6974e1a11276b5edb3b5749b0ad57a00ab7ac64dfda3fc1a,multi_component,multi_component,255029260457530858275878479759573834179,shuffled,multi_chunk,streaming,1,40,40,balanced,100000,1,173700
target/balance-work/smoke,936d043960eeb3dd6974e1a11276b5edb3b5749b0ad57a00ab7ac64dfda3fc1a,multi_component,multi_component,255029260457530858275878479759573834179,shuffled,multi_chunk,streaming,1,40,40,baseline,0,1,158900
target/balance-work/smoke,936d043960eeb3dd6974e1a11276b5edb3b5749b0ad57a00ab7ac64dfda3fc1a,multi_component,multi_component,255029260457530858275878479759573834179,shuffled,multi_chunk,streaming,1,40,40,baseline,0,2,163200
target/balance-work/smoke,936d043960eeb3dd6974e1a11276b5edb3b5749b0ad57a00ab7ac64dfda3fc1a,multi_component,multi_component,255029260457530858275878479759573834179,shuffled,multi_chunk,streaming,1,40,40,repair,100000,2,166800
target/balance-work/smoke,936d043960eeb3dd6974e1a11276b5edb3b5749b0ad57a00ab7ac64dfda3fc1a,multi_component,multi_component,255029260457530858275878479759573834179,shuffled,multi_chunk,streaming,1,40,40,balanced,100000,2,155100
target/balance-work/smoke,1e355a689aa32a26df4cc38ffbe48cd1711af444e59c8ecfb726c99026611e32,planted_balanced,planted_balanced,311777474844621027789830854795040471088,sorted,integer,auto,1,40,40,repair,100000,0,66400
target/balance-work/smoke,1e355a689aa32a26df4cc38ffbe48cd1711af444e59c8ecfb726c99026611e32,planted_balanced,planted_balanced,311777474844621027789830854795040471088,sorted,integer,auto,1,40,40,balanced,100000,0,70900
target/balance-work/smoke,1e355a689aa32a26df4cc38ffbe48cd1711af444e59c8ecfb726c99026611e32,planted_balanced,planted_balanced,311777474844621027789830854795040471088,sorted,integer,auto,1,40,40,baseline,0,0,56700
target/balance-work/smoke,1e355a689aa32a26df4cc38ffbe48cd1711af444e59c8ecfb726c99026611e32,planted_balanced,planted_balanced,311777474844621027789830854795040471088,sorted,integer,auto,1,40,40,repair,100000,1,67300
target/balance-work/smoke,1e355a689aa32a26df4cc38ffbe48cd1711af444e59c8ecfb726c99026611e32,planted_balanced,planted_balanced,311777474844621027789830854795040471088,sorted,integer,auto,1,40,40,balanced,100000,1,59900
target/balance-work/smoke,1e355a689aa32a26df4cc38ffbe48cd1711af444e59c8ecfb726c99026611e32,planted_balanced,planted_balanced,311777474844621027789830854795040471088,sorted,integer,auto,1,40,40,baseline,0,1,55600
target/balance-work/smoke,1e355a689aa32a26df4cc38ffbe48cd1711af444e59c8ecfb726c99026611e32,planted_balanced,planted_balanced,311777474844621027789830854795040471088,sorted,integer,auto,1,40,40,repair,100000,2,66600
target/balance-work/smoke,1e355a689aa32a26df4cc38ffbe48cd1711af444e59c8ecfb726c99026611e32,planted_balanced,planted_balanced,311777474844621027789830854795040471088,sorted,integer,auto,1,40,40,balanced,100000,2,63700
target/balance-work/smoke,1e355a689aa32a26df4cc38ffbe48cd1711af444e59c8ecfb726c99026611e32,planted_balanced,planted_balanced,311777474844621027789830854795040471088,sorted,integer,auto,1,40,40,baseline,0,2,55400
target/balance-work/smoke,1e355a689aa32a26df4cc38ffbe48cd1711af444e59c8ecfb726c99026611e32,planted_balanced,planted_balanced,311777474844621027789830854795040471088,sorted,integer,streaming,1,40,40,balanced,100000,0,163400
target/balance-work/smoke,1e355a689aa32a26df4cc38ffbe48cd1711af444e59c8ecfb726c99026611e32,planted_balanced,planted_balanced,311777474844621027789830854795040471088,sorted,integer,streaming,1,40,40,baseline,0,0,170100
target/balance-work/smoke,1e355a689aa32a26df4cc38ffbe48cd1711af444e59c8ecfb726c99026611e32,planted_balanced,planted_balanced,311777474844621027789830854795040471088,sorted,integer,streaming,1,40,40,repair,100000,0,167000
target/balance-work/smoke,1e355a689aa32a26df4cc38ffbe48cd1711af444e59c8ecfb726c99026611e32,planted_balanced,planted_balanced,311777474844621027789830854795040471088,sorted,integer,streaming,1,40,40,baseline,0,1,156000
target/balance-work/smoke,1e355a689aa32a26df4cc38ffbe48cd1711af444e59c8ecfb726c99026611e32,planted_balanced,planted_balanced,311777474844621027789830854795040471088,sorted,integer,streaming,1,40,40,repair,100000,1,175200
target/balance-work/smoke,1e355a689aa32a26df4cc38ffbe48cd1711af444e59c8ecfb726c99026611e32,planted_balanced,planted_balanced,311777474844621027789830854795040471088,sorted,integer,streaming,1,40,40,balanced,100000,1,151200
target/balance-work/smoke,1e355a689aa32a26df4cc38ffbe48cd1711af444e59c8ecfb726c99026611e32,planted_balanced,planted_balanced,311777474844621027789830854795040471088,sorted,integer,streaming,1,40,40,repair,100000,2,217400
target/balance-work/smoke,1e355a689aa32a26df4cc38ffbe48cd1711af444e59c8ecfb726c99026611e32,planted_balanced,planted_balanced,311777474844621027789830854795040471088,sorted,integer,streaming,1,40,40,balanced,100000,2,211200
target/balance-work/smoke,1e355a689aa32a26df4cc38ffbe48cd1711af444e59c8ecfb726c99026611e32,planted_balanced,planted_balanced,311777474844621027789830854795040471088,sorted,integer,streaming,1,40,40,baseline,0,2,209900
target/balance-work/smoke,1e355a689aa32a26df4cc38ffbe48cd1711af444e59c8ecfb726c99026611e32,planted_balanced,planted_balanced,311777474844621027789830854795040471088,sorted,date,auto,1,40,40,balanced,100000,0,64700
target/balance-work/smoke,1e355a689aa32a26df4cc38ffbe48cd1711af444e59c8ecfb726c99026611e32,planted_balanced,planted_balanced,311777474844621027789830854795040471088,sorted,date,auto,1,40,40,baseline,0,0,59800
target/balance-work/smoke,1e355a689aa32a26df4cc38ffbe48cd1711af444e59c8ecfb726c99026611e32,planted_balanced,planted_balanced,311777474844621027789830854795040471088,sorted,date,auto,1,40,40,repair,100000,0,68800
target/balance-work/smoke,1e355a689aa32a26df4cc38ffbe48cd1711af444e59c8ecfb726c99026611e32,planted_balanced,planted_balanced,311777474844621027789830854795040471088,sorted,date,auto,1,40,40,repair,100000,1,74100
target/balance-work/smoke,1e355a689aa32a26df4cc38ffbe48cd1711af444e59c8ecfb726c99026611e32,planted_balanced,planted_balanced,311777474844621027789830854795040471088,sorted,date,auto,1,40,40,balanced,100000,1,64100
target/balance-work/smoke,1e355a689aa32a26df4cc38ffbe48cd1711af444e59c8ecfb726c99026611e32,planted_balanced,planted_balanced,311777474844621027789830854795040471088,sorted,date,auto,1,40,40,baseline,0,1,59400
target/balance-work/smoke,1e355a689aa32a26df4cc38ffbe48cd1711af444e59c8ecfb726c99026611e32,planted_balanced,planted_balanced,311777474844621027789830854795040471088,sorted,date,auto,1,40,40,repair,100000,2,70700
target/balance-work/smoke,1e355a689aa32a26df4cc38ffbe48cd1711af444e59c8ecfb726c99026611e32,planted_balanced,planted_balanced,311777474844621027789830854795040471088,sorted,date,auto,1,40,40,balanced,100000,2,63400
target/balance-work/smoke,1e355a689aa32a26df4cc38ffbe48cd1711af444e59c8ecfb726c99026611e32,planted_balanced,planted_balanced,311777474844621027789830854795040471088,sorted,date,auto,1,40,40,baseline,0,2,57600
target/balance-work/smoke,1e355a689aa32a26df4cc38ffbe48cd1711af444e59c8ecfb726c99026611e32,planted_balanced,planted_balanced,311777474844621027789830854795040471088,sorted,date,streaming,1,40,40,balanced,100000,0,178400
target/balance-work/smoke,1e355a689aa32a26df4cc38ffbe48cd1711af444e59c8ecfb726c99026611e32,planted_balanced,planted_balanced,311777474844621027789830854795040471088,sorted,date,streaming,1,40,40,baseline,0,0,165700
target/balance-work/smoke,1e355a689aa32a26df4cc38ffbe48cd1711af444e59c8ecfb726c99026611e32,planted_balanced,planted_balanced,311777474844621027789830854795040471088,sorted,date,streaming,1,40,40,repair,100000,0,175500
target/balance-work/smoke,1e355a689aa32a26df4cc38ffbe48cd1711af444e59c8ecfb726c99026611e32,planted_balanced,planted_balanced,311777474844621027789830854795040471088,sorted,date,streaming,1,40,40,balanced,100000,1,178600
target/balance-work/smoke,1e355a689aa32a26df4cc38ffbe48cd1711af444e59c8ecfb726c99026611e32,planted_balanced,planted_balanced,311777474844621027789830854795040471088,sorted,date,streaming,1,40,40,baseline,0,1,159900
target/balance-work/smoke,1e355a689aa32a26df4cc38ffbe48cd1711af444e59c8ecfb726c99026611e32,planted_balanced,planted_balanced,311777474844621027789830854795040471088,sorted,date,streaming,1,40,40,repair,100000,1,169700
target/balance-work/smoke,1e355a689aa32a26df4cc38ffbe48cd1711af444e59c8ecfb726c99026611e32,planted_balanced,planted_balanced,311777474844621027789830854795040471088,sorted,date,streaming,1,40,40,baseline,0,2,162600
target/balance-work/smoke,1e355a689aa32a26df4cc38ffbe48cd1711af444e59c8ecfb726c99026611e32,planted_balanced,planted_balanced,311777474844621027789830854795040471088,sorted,date,streaming,1,40,40,repair,100000,2,161500
target/balance-work/smoke,1e355a689aa32a26df4cc38ffbe48cd1711af444e59c8ecfb726c99026611e32,planted_balanced,planted_balanced,311777474844621027789830854795040471088,sorted,date,streaming,1,40,40,balanced,100000,2,134500
target/balance-work/smoke,1e355a689aa32a26df4cc38ffbe48cd1711af444e59c8ecfb726c99026611e32,planted_balanced,planted_balanced,311777474844621027789830854795040471088,sorted,datetime,auto,1,40,40,baseline,0,0,62100
target/balance-work/smoke,1e355a689aa32a26df4cc38ffbe48cd1711af444e59c8ecfb726c99026611e32,planted_balanced,planted_balanced,311777474844621027789830854795040471088,sorted,datetime,auto,1,40,40,repair,100000,0,69000
target/balance-work/smoke,1e355a689aa32a26df4cc38ffbe48cd1711af444e59c8ecfb726c99026611e32,planted_balanced,planted_balanced,311777474844621027789830854795040471088,sorted,datetime,auto,1,40,40,balanced,100000,0,64700
target/balance-work/smoke,1e355a689aa32a26df4cc38ffbe48cd1711af444e59c8ecfb726c99026611e32,planted_balanced,planted_balanced,311777474844621027789830854795040471088,sorted,datetime,auto,1,40,40,baseline,0,1,63000
target/balance-work/smoke,1e355a689aa32a26df4cc38ffbe48cd1711af444e59c8ecfb726c99026611e32,planted_balanced,planted_balanced,311777474844621027789830854795040471088,sorted,datetime,auto,1,40,40,repair,100000,1,71300
target/balance-work/smoke,1e355a689aa32a26df4cc38ffbe48cd1711af444e59c8ecfb726c99026611e32,planted_balanced,planted_balanced,311777474844621027789830854795040471088,sorted,datetime,auto,1,40,40,balanced,100000,1,64300
target/balance-work/smoke,1e355a689aa32a26df4cc38ffbe48cd1711af444e59c8ecfb726c99026611e32,planted_balanced,planted_balanced,311777474844621027789830854795040471088,sorted,datetime,auto,1,40,40,repair,100000,2,73100
target/balance-work/smoke,1e355a689aa32a26df4cc38ffbe48cd1711af444e59c8ecfb726c99026611e32,planted_balanced,planted_balanced,311777474844621027789830854795040471088,sorted,datetime,auto,1,40,40,balanced,100000,2,64700
target/balance-work/smoke,1e355a689aa32a26df4cc38ffbe48cd1711af444e59c8ecfb726c99026611e32,planted_balanced,planted_balanced,311777474844621027789830854795040471088,sorted,datetime,auto,1,40,40,baseline,0,2,59600
target/balance-work/smoke,1e355a689aa32a26df4cc38ffbe48cd1711af444e59c8ecfb726c99026611e32,planted_balanced,planted_balanced,311777474844621027789830854795040471088,sorted,datetime,streaming,1,40,40,baseline,0,0,147400
target/balance-work/smoke,1e355a689aa32a26df4cc38ffbe48cd1711af444e59c8ecfb726c99026611e32,planted_balanced,planted_balanced,311777474844621027789830854795040471088,sorted,datetime,streaming,1,40,40,repair,100000,0,175200
target/balance-work/smoke,1e355a689aa32a26df4cc38ffbe48cd1711af444e59c8ecfb726c99026611e32,planted_balanced,planted_balanced,311777474844621027789830854795040471088,sorted,datetime,streaming,1,40,40,balanced,100000,0,168300
target/balance-work/smoke,1e355a689aa32a26df4cc38ffbe48cd1711af444e59c8ecfb726c99026611e32,planted_balanced,planted_balanced,311777474844621027789830854795040471088,sorted,datetime,streaming,1,40,40,balanced,100000,1,192500
target/balance-work/smoke,1e355a689aa32a26df4cc38ffbe48cd1711af444e59c8ecfb726c99026611e32,planted_balanced,planted_balanced,311777474844621027789830854795040471088,sorted,datetime,streaming,1,40,40,baseline,0,1,171600
target/balance-work/smoke,1e355a689aa32a26df4cc38ffbe48cd1711af444e59c8ecfb726c99026611e32,planted_balanced,planted_balanced,311777474844621027789830854795040471088,sorted,datetime,streaming,1,40,40,repair,100000,1,181700
target/balance-work/smoke,1e355a689aa32a26df4cc38ffbe48cd1711af444e59c8ecfb726c99026611e32,planted_balanced,planted_balanced,311777474844621027789830854795040471088,sorted,datetime,streaming,1,40,40,repair,100000,2,177700
target/balance-work/smoke,1e355a689aa32a26df4cc38ffbe48cd1711af444e59c8ecfb726c99026611e32,planted_balanced,planted_balanced,311777474844621027789830854795040471088,sorted,datetime,streaming,1,40,40,balanced,100000,2,245400
target/balance-work/smoke,1e355a689aa32a26df4cc38ffbe48cd1711af444e59c8ecfb726c99026611e32,planted_balanced,planted_balanced,311777474844621027789830854795040471088,sorted,datetime,streaming,1,40,40,baseline,0,2,177400
target/balance-work/smoke,1e355a689aa32a26df4cc38ffbe48cd1711af444e59c8ecfb726c99026611e32,planted_balanced,planted_balanced,311777474844621027789830854795040471088,sorted,grouped,auto,4,160,40,repair,100000,0,175800
target/balance-work/smoke,1e355a689aa32a26df4cc38ffbe48cd1711af444e59c8ecfb726c99026611e32,planted_balanced,planted_balanced,311777474844621027789830854795040471088,sorted,grouped,auto,4,160,40,balanced,100000,0,168000
target/balance-work/smoke,1e355a689aa32a26df4cc38ffbe48cd1711af444e59c8ecfb726c99026611e32,planted_balanced,planted_balanced,311777474844621027789830854795040471088,sorted,grouped,auto,4,160,40,baseline,0,0,162100
target/balance-work/smoke,1e355a689aa32a26df4cc38ffbe48cd1711af444e59c8ecfb726c99026611e32,planted_balanced,planted_balanced,311777474844621027789830854795040471088,sorted,grouped,auto,4,160,40,baseline,0,1,145300
target/balance-work/smoke,1e355a689aa32a26df4cc38ffbe48cd1711af444e59c8ecfb726c99026611e32,planted_balanced,planted_balanced,311777474844621027789830854795040471088,sorted,grouped,auto,4,160,40,repair,100000,1,169900
target/balance-work/smoke,1e355a689aa32a26df4cc38ffbe48cd1711af444e59c8ecfb726c99026611e32,planted_balanced,planted_balanced,311777474844621027789830854795040471088,sorted,grouped,auto,4,160,40,balanced,100000,1,124700
target/balance-work/smoke,1e355a689aa32a26df4cc38ffbe48cd1711af444e59c8ecfb726c99026611e32,planted_balanced,planted_balanced,311777474844621027789830854795040471088,sorted,grouped,auto,4,160,40,repair,100000,2,140800
target/balance-work/smoke,1e355a689aa32a26df4cc38ffbe48cd1711af444e59c8ecfb726c99026611e32,planted_balanced,planted_balanced,311777474844621027789830854795040471088,sorted,grouped,auto,4,160,40,balanced,100000,2,123900
target/balance-work/smoke,1e355a689aa32a26df4cc38ffbe48cd1711af444e59c8ecfb726c99026611e32,planted_balanced,planted_balanced,311777474844621027789830854795040471088,sorted,grouped,auto,4,160,40,baseline,0,2,121800
target/balance-work/smoke,1e355a689aa32a26df4cc38ffbe48cd1711af444e59c8ecfb726c99026611e32,planted_balanced,planted_balanced,311777474844621027789830854795040471088,sorted,grouped,streaming,4,160,40,baseline,0,0,195500
target/balance-work/smoke,1e355a689aa32a26df4cc38ffbe48cd1711af444e59c8ecfb726c99026611e32,planted_balanced,planted_balanced,311777474844621027789830854795040471088,sorted,grouped,streaming,4,160,40,repair,100000,0,219100
target/balance-work/smoke,1e355a689aa32a26df4cc38ffbe48cd1711af444e59c8ecfb726c99026611e32,planted_balanced,planted_balanced,311777474844621027789830854795040471088,sorted,grouped,streaming,4,160,40,balanced,100000,0,236600
target/balance-work/smoke,1e355a689aa32a26df4cc38ffbe48cd1711af444e59c8ecfb726c99026611e32,planted_balanced,planted_balanced,311777474844621027789830854795040471088,sorted,grouped,streaming,4,160,40,baseline,0,1,202300
target/balance-work/smoke,1e355a689aa32a26df4cc38ffbe48cd1711af444e59c8ecfb726c99026611e32,planted_balanced,planted_balanced,311777474844621027789830854795040471088,sorted,grouped,streaming,4,160,40,repair,100000,1,247400
target/balance-work/smoke,1e355a689aa32a26df4cc38ffbe48cd1711af444e59c8ecfb726c99026611e32,planted_balanced,planted_balanced,311777474844621027789830854795040471088,sorted,grouped,streaming,4,160,40,balanced,100000,1,211700
target/balance-work/smoke,1e355a689aa32a26df4cc38ffbe48cd1711af444e59c8ecfb726c99026611e32,planted_balanced,planted_balanced,311777474844621027789830854795040471088,sorted,grouped,streaming,4,160,40,repair,100000,2,204400
target/balance-work/smoke,1e355a689aa32a26df4cc38ffbe48cd1711af444e59c8ecfb726c99026611e32,planted_balanced,planted_balanced,311777474844621027789830854795040471088,sorted,grouped,streaming,4,160,40,balanced,100000,2,219800
target/balance-work/smoke,1e355a689aa32a26df4cc38ffbe48cd1711af444e59c8ecfb726c99026611e32,planted_balanced,planted_balanced,311777474844621027789830854795040471088,sorted,grouped,streaming,4,160,40,baseline,0,2,202300
target/balance-work/smoke,1e355a689aa32a26df4cc38ffbe48cd1711af444e59c8ecfb726c99026611e32,planted_balanced,planted_balanced,311777474844621027789830854795040471088,sorted,sliced,auto,1,40,40,repair,100000,0,66900
target/balance-work/smoke,1e355a689aa32a26df4cc38ffbe48cd1711af444e59c8ecfb726c99026611e32,planted_balanced,planted_balanced,311777474844621027789830854795040471088,sorted,sliced,auto,1,40,40,balanced,100000,0,61000
target/balance-work/smoke,1e355a689aa32a26df4cc38ffbe48cd1711af444e59c8ecfb726c99026611e32,planted_balanced,planted_balanced,311777474844621027789830854795040471088,sorted,sliced,auto,1,40,40,baseline,0,0,56100
target/balance-work/smoke,1e355a689aa32a26df4cc38ffbe48cd1711af444e59c8ecfb726c99026611e32,planted_balanced,planted_balanced,311777474844621027789830854795040471088,sorted,sliced,auto,1,40,40,balanced,100000,1,63000
target/balance-work/smoke,1e355a689aa32a26df4cc38ffbe48cd1711af444e59c8ecfb726c99026611e32,planted_balanced,planted_balanced,311777474844621027789830854795040471088,sorted,sliced,auto,1,40,40,baseline,0,1,67200
target/balance-work/smoke,1e355a689aa32a26df4cc38ffbe48cd1711af444e59c8ecfb726c99026611e32,planted_balanced,planted_balanced,311777474844621027789830854795040471088,sorted,sliced,auto,1,40,40,repair,100000,1,64400
target/balance-work/smoke,1e355a689aa32a26df4cc38ffbe48cd1711af444e59c8ecfb726c99026611e32,planted_balanced,planted_balanced,311777474844621027789830854795040471088,sorted,sliced,auto,1,40,40,balanced,100000,2,64100
target/balance-work/smoke,1e355a689aa32a26df4cc38ffbe48cd1711af444e59c8ecfb726c99026611e32,planted_balanced,planted_balanced,311777474844621027789830854795040471088,sorted,sliced,auto,1,40,40,baseline,0,2,56200
target/balance-work/smoke,1e355a689aa32a26df4cc38ffbe48cd1711af444e59c8ecfb726c99026611e32,planted_balanced,planted_balanced,311777474844621027789830854795040471088,sorted,sliced,auto,1,40,40,repair,100000,2,64000
target/balance-work/smoke,1e355a689aa32a26df4cc38ffbe48cd1711af444e59c8ecfb726c99026611e32,planted_balanced,planted_balanced,311777474844621027789830854795040471088,sorted,sliced,streaming,1,40,40,balanced,100000,0,223800
target/balance-work/smoke,1e355a689aa32a26df4cc38ffbe48cd1711af444e59c8ecfb726c99026611e32,planted_balanced,planted_balanced,311777474844621027789830854795040471088,sorted,sliced,streaming,1,40,40,baseline,0,0,179700
target/balance-work/smoke,1e355a689aa32a26df4cc38ffbe48cd1711af444e59c8ecfb726c99026611e32,planted_balanced,planted_balanced,311777474844621027789830854795040471088,sorted,sliced,streaming,1,40,40,repair,100000,0,182100
target/balance-work/smoke,1e355a689aa32a26df4cc38ffbe48cd1711af444e59c8ecfb726c99026611e32,planted_balanced,planted_balanced,311777474844621027789830854795040471088,sorted,sliced,streaming,1,40,40,repair,100000,1,178700
target/balance-work/smoke,1e355a689aa32a26df4cc38ffbe48cd1711af444e59c8ecfb726c99026611e32,planted_balanced,planted_balanced,311777474844621027789830854795040471088,sorted,sliced,streaming,1,40,40,balanced,100000,1,160600
target/balance-work/smoke,1e355a689aa32a26df4cc38ffbe48cd1711af444e59c8ecfb726c99026611e32,planted_balanced,planted_balanced,311777474844621027789830854795040471088,sorted,sliced,streaming,1,40,40,baseline,0,1,143000
target/balance-work/smoke,1e355a689aa32a26df4cc38ffbe48cd1711af444e59c8ecfb726c99026611e32,planted_balanced,planted_balanced,311777474844621027789830854795040471088,sorted,sliced,streaming,1,40,40,baseline,0,2,223800
target/balance-work/smoke,1e355a689aa32a26df4cc38ffbe48cd1711af444e59c8ecfb726c99026611e32,planted_balanced,planted_balanced,311777474844621027789830854795040471088,sorted,sliced,streaming,1,40,40,repair,100000,2,228300
target/balance-work/smoke,1e355a689aa32a26df4cc38ffbe48cd1711af444e59c8ecfb726c99026611e32,planted_balanced,planted_balanced,311777474844621027789830854795040471088,sorted,sliced,streaming,1,40,40,balanced,100000,2,173600
target/balance-work/smoke,1e355a689aa32a26df4cc38ffbe48cd1711af444e59c8ecfb726c99026611e32,planted_balanced,planted_balanced,311777474844621027789830854795040471088,sorted,multi_chunk,auto,1,40,40,repair,100000,0,78500
target/balance-work/smoke,1e355a689aa32a26df4cc38ffbe48cd1711af444e59c8ecfb726c99026611e32,planted_balanced,planted_balanced,311777474844621027789830854795040471088,sorted,multi_chunk,auto,1,40,40,balanced,100000,0,73900
target/balance-work/smoke,1e355a689aa32a26df4cc38ffbe48cd1711af444e59c8ecfb726c99026611e32,planted_balanced,planted_balanced,311777474844621027789830854795040471088,sorted,multi_chunk,auto,1,40,40,baseline,0,0,69000
target/balance-work/smoke,1e355a689aa32a26df4cc38ffbe48cd1711af444e59c8ecfb726c99026611e32,planted_balanced,planted_balanced,311777474844621027789830854795040471088,sorted,multi_chunk,auto,1,40,40,balanced,100000,1,68700
target/balance-work/smoke,1e355a689aa32a26df4cc38ffbe48cd1711af444e59c8ecfb726c99026611e32,planted_balanced,planted_balanced,311777474844621027789830854795040471088,sorted,multi_chunk,auto,1,40,40,baseline,0,1,59500
target/balance-work/smoke,1e355a689aa32a26df4cc38ffbe48cd1711af444e59c8ecfb726c99026611e32,planted_balanced,planted_balanced,311777474844621027789830854795040471088,sorted,multi_chunk,auto,1,40,40,repair,100000,1,70200
target/balance-work/smoke,1e355a689aa32a26df4cc38ffbe48cd1711af444e59c8ecfb726c99026611e32,planted_balanced,planted_balanced,311777474844621027789830854795040471088,sorted,multi_chunk,auto,1,40,40,balanced,100000,2,65000
target/balance-work/smoke,1e355a689aa32a26df4cc38ffbe48cd1711af444e59c8ecfb726c99026611e32,planted_balanced,planted_balanced,311777474844621027789830854795040471088,sorted,multi_chunk,auto,1,40,40,baseline,0,2,57200
target/balance-work/smoke,1e355a689aa32a26df4cc38ffbe48cd1711af444e59c8ecfb726c99026611e32,planted_balanced,planted_balanced,311777474844621027789830854795040471088,sorted,multi_chunk,auto,1,40,40,repair,100000,2,84100
target/balance-work/smoke,1e355a689aa32a26df4cc38ffbe48cd1711af444e59c8ecfb726c99026611e32,planted_balanced,planted_balanced,311777474844621027789830854795040471088,sorted,multi_chunk,streaming,1,40,40,baseline,0,0,170400
target/balance-work/smoke,1e355a689aa32a26df4cc38ffbe48cd1711af444e59c8ecfb726c99026611e32,planted_balanced,planted_balanced,311777474844621027789830854795040471088,sorted,multi_chunk,streaming,1,40,40,repair,100000,0,176400
target/balance-work/smoke,1e355a689aa32a26df4cc38ffbe48cd1711af444e59c8ecfb726c99026611e32,planted_balanced,planted_balanced,311777474844621027789830854795040471088,sorted,multi_chunk,streaming,1,40,40,balanced,100000,0,166500
target/balance-work/smoke,1e355a689aa32a26df4cc38ffbe48cd1711af444e59c8ecfb726c99026611e32,planted_balanced,planted_balanced,311777474844621027789830854795040471088,sorted,multi_chunk,streaming,1,40,40,repair,100000,1,178700
target/balance-work/smoke,1e355a689aa32a26df4cc38ffbe48cd1711af444e59c8ecfb726c99026611e32,planted_balanced,planted_balanced,311777474844621027789830854795040471088,sorted,multi_chunk,streaming,1,40,40,balanced,100000,1,201100
target/balance-work/smoke,1e355a689aa32a26df4cc38ffbe48cd1711af444e59c8ecfb726c99026611e32,planted_balanced,planted_balanced,311777474844621027789830854795040471088,sorted,multi_chunk,streaming,1,40,40,baseline,0,1,177500
target/balance-work/smoke,1e355a689aa32a26df4cc38ffbe48cd1711af444e59c8ecfb726c99026611e32,planted_balanced,planted_balanced,311777474844621027789830854795040471088,sorted,multi_chunk,streaming,1,40,40,balanced,100000,2,156100
target/balance-work/smoke,1e355a689aa32a26df4cc38ffbe48cd1711af444e59c8ecfb726c99026611e32,planted_balanced,planted_balanced,311777474844621027789830854795040471088,sorted,multi_chunk,streaming,1,40,40,baseline,0,2,175600
target/balance-work/smoke,1e355a689aa32a26df4cc38ffbe48cd1711af444e59c8ecfb726c99026611e32,planted_balanced,planted_balanced,311777474844621027789830854795040471088,sorted,multi_chunk,streaming,1,40,40,repair,100000,2,154300
target/balance-work/smoke,065b4639abccb9fd9508c171cc7636fe4b987ae28ca6dd1969e7c7295c6fc124,planted_balanced,planted_balanced,311777474844621027789830854795040471088,shuffled,integer,auto,1,40,40,balanced,100000,0,83700
target/balance-work/smoke,065b4639abccb9fd9508c171cc7636fe4b987ae28ca6dd1969e7c7295c6fc124,planted_balanced,planted_balanced,311777474844621027789830854795040471088,shuffled,integer,auto,1,40,40,baseline,0,0,60800
target/balance-work/smoke,065b4639abccb9fd9508c171cc7636fe4b987ae28ca6dd1969e7c7295c6fc124,planted_balanced,planted_balanced,311777474844621027789830854795040471088,shuffled,integer,auto,1,40,40,repair,100000,0,68900
target/balance-work/smoke,065b4639abccb9fd9508c171cc7636fe4b987ae28ca6dd1969e7c7295c6fc124,planted_balanced,planted_balanced,311777474844621027789830854795040471088,shuffled,integer,auto,1,40,40,baseline,0,1,63200
target/balance-work/smoke,065b4639abccb9fd9508c171cc7636fe4b987ae28ca6dd1969e7c7295c6fc124,planted_balanced,planted_balanced,311777474844621027789830854795040471088,shuffled,integer,auto,1,40,40,repair,100000,1,76600
target/balance-work/smoke,065b4639abccb9fd9508c171cc7636fe4b987ae28ca6dd1969e7c7295c6fc124,planted_balanced,planted_balanced,311777474844621027789830854795040471088,shuffled,integer,auto,1,40,40,balanced,100000,1,63700
target/balance-work/smoke,065b4639abccb9fd9508c171cc7636fe4b987ae28ca6dd1969e7c7295c6fc124,planted_balanced,planted_balanced,311777474844621027789830854795040471088,shuffled,integer,auto,1,40,40,baseline,0,2,62000
target/balance-work/smoke,065b4639abccb9fd9508c171cc7636fe4b987ae28ca6dd1969e7c7295c6fc124,planted_balanced,planted_balanced,311777474844621027789830854795040471088,shuffled,integer,auto,1,40,40,repair,100000,2,67800
target/balance-work/smoke,065b4639abccb9fd9508c171cc7636fe4b987ae28ca6dd1969e7c7295c6fc124,planted_balanced,planted_balanced,311777474844621027789830854795040471088,shuffled,integer,auto,1,40,40,balanced,100000,2,64900
target/balance-work/smoke,065b4639abccb9fd9508c171cc7636fe4b987ae28ca6dd1969e7c7295c6fc124,planted_balanced,planted_balanced,311777474844621027789830854795040471088,shuffled,integer,streaming,1,40,40,baseline,0,0,163000
target/balance-work/smoke,065b4639abccb9fd9508c171cc7636fe4b987ae28ca6dd1969e7c7295c6fc124,planted_balanced,planted_balanced,311777474844621027789830854795040471088,shuffled,integer,streaming,1,40,40,repair,100000,0,182100
target/balance-work/smoke,065b4639abccb9fd9508c171cc7636fe4b987ae28ca6dd1969e7c7295c6fc124,planted_balanced,planted_balanced,311777474844621027789830854795040471088,shuffled,integer,streaming,1,40,40,balanced,100000,0,174200
target/balance-work/smoke,065b4639abccb9fd9508c171cc7636fe4b987ae28ca6dd1969e7c7295c6fc124,planted_balanced,planted_balanced,311777474844621027789830854795040471088,shuffled,integer,streaming,1,40,40,baseline,0,1,165600
target/balance-work/smoke,065b4639abccb9fd9508c171cc7636fe4b987ae28ca6dd1969e7c7295c6fc124,planted_balanced,planted_balanced,311777474844621027789830854795040471088,shuffled,integer,streaming,1,40,40,repair,100000,1,174300
target/balance-work/smoke,065b4639abccb9fd9508c171cc7636fe4b987ae28ca6dd1969e7c7295c6fc124,planted_balanced,planted_balanced,311777474844621027789830854795040471088,shuffled,integer,streaming,1,40,40,balanced,100000,1,221800
target/balance-work/smoke,065b4639abccb9fd9508c171cc7636fe4b987ae28ca6dd1969e7c7295c6fc124,planted_balanced,planted_balanced,311777474844621027789830854795040471088,shuffled,integer,streaming,1,40,40,repair,100000,2,340400
target/balance-work/smoke,065b4639abccb9fd9508c171cc7636fe4b987ae28ca6dd1969e7c7295c6fc124,planted_balanced,planted_balanced,311777474844621027789830854795040471088,shuffled,integer,streaming,1,40,40,balanced,100000,2,198900
target/balance-work/smoke,065b4639abccb9fd9508c171cc7636fe4b987ae28ca6dd1969e7c7295c6fc124,planted_balanced,planted_balanced,311777474844621027789830854795040471088,shuffled,integer,streaming,1,40,40,baseline,0,2,183800
target/balance-work/smoke,065b4639abccb9fd9508c171cc7636fe4b987ae28ca6dd1969e7c7295c6fc124,planted_balanced,planted_balanced,311777474844621027789830854795040471088,shuffled,date,auto,1,40,40,baseline,0,0,61800
target/balance-work/smoke,065b4639abccb9fd9508c171cc7636fe4b987ae28ca6dd1969e7c7295c6fc124,planted_balanced,planted_balanced,311777474844621027789830854795040471088,shuffled,date,auto,1,40,40,repair,100000,0,73900
target/balance-work/smoke,065b4639abccb9fd9508c171cc7636fe4b987ae28ca6dd1969e7c7295c6fc124,planted_balanced,planted_balanced,311777474844621027789830854795040471088,shuffled,date,auto,1,40,40,balanced,100000,0,64300
target/balance-work/smoke,065b4639abccb9fd9508c171cc7636fe4b987ae28ca6dd1969e7c7295c6fc124,planted_balanced,planted_balanced,311777474844621027789830854795040471088,shuffled,date,auto,1,40,40,balanced,100000,1,70100
target/balance-work/smoke,065b4639abccb9fd9508c171cc7636fe4b987ae28ca6dd1969e7c7295c6fc124,planted_balanced,planted_balanced,311777474844621027789830854795040471088,shuffled,date,auto,1,40,40,baseline,0,1,59000
target/balance-work/smoke,065b4639abccb9fd9508c171cc7636fe4b987ae28ca6dd1969e7c7295c6fc124,planted_balanced,planted_balanced,311777474844621027789830854795040471088,shuffled,date,auto,1,40,40,repair,100000,1,69000
target/balance-work/smoke,065b4639abccb9fd9508c171cc7636fe4b987ae28ca6dd1969e7c7295c6fc124,planted_balanced,planted_balanced,311777474844621027789830854795040471088,shuffled,date,auto,1,40,40,repair,100000,2,73700
target/balance-work/smoke,065b4639abccb9fd9508c171cc7636fe4b987ae28ca6dd1969e7c7295c6fc124,planted_balanced,planted_balanced,311777474844621027789830854795040471088,shuffled,date,auto,1,40,40,balanced,100000,2,64400
target/balance-work/smoke,065b4639abccb9fd9508c171cc7636fe4b987ae28ca6dd1969e7c7295c6fc124,planted_balanced,planted_balanced,311777474844621027789830854795040471088,shuffled,date,auto,1,40,40,baseline,0,2,64800
target/balance-work/smoke,065b4639abccb9fd9508c171cc7636fe4b987ae28ca6dd1969e7c7295c6fc124,planted_balanced,planted_balanced,311777474844621027789830854795040471088,shuffled,date,streaming,1,40,40,balanced,100000,0,190400
target/balance-work/smoke,065b4639abccb9fd9508c171cc7636fe4b987ae28ca6dd1969e7c7295c6fc124,planted_balanced,planted_balanced,311777474844621027789830854795040471088,shuffled,date,streaming,1,40,40,baseline,0,0,181900
target/balance-work/smoke,065b4639abccb9fd9508c171cc7636fe4b987ae28ca6dd1969e7c7295c6fc124,planted_balanced,planted_balanced,311777474844621027789830854795040471088,shuffled,date,streaming,1,40,40,repair,100000,0,165400
target/balance-work/smoke,065b4639abccb9fd9508c171cc7636fe4b987ae28ca6dd1969e7c7295c6fc124,planted_balanced,planted_balanced,311777474844621027789830854795040471088,shuffled,date,streaming,1,40,40,baseline,0,1,175300
target/balance-work/smoke,065b4639abccb9fd9508c171cc7636fe4b987ae28ca6dd1969e7c7295c6fc124,planted_balanced,planted_balanced,311777474844621027789830854795040471088,shuffled,date,streaming,1,40,40,repair,100000,1,180900
target/balance-work/smoke,065b4639abccb9fd9508c171cc7636fe4b987ae28ca6dd1969e7c7295c6fc124,planted_balanced,planted_balanced,311777474844621027789830854795040471088,shuffled,date,streaming,1,40,40,balanced,100000,1,164800
target/balance-work/smoke,065b4639abccb9fd9508c171cc7636fe4b987ae28ca6dd1969e7c7295c6fc124,planted_balanced,planted_balanced,311777474844621027789830854795040471088,shuffled,date,streaming,1,40,40,baseline,0,2,202400
target/balance-work/smoke,065b4639abccb9fd9508c171cc7636fe4b987ae28ca6dd1969e7c7295c6fc124,planted_balanced,planted_balanced,311777474844621027789830854795040471088,shuffled,date,streaming,1,40,40,repair,100000,2,233300
target/balance-work/smoke,065b4639abccb9fd9508c171cc7636fe4b987ae28ca6dd1969e7c7295c6fc124,planted_balanced,planted_balanced,311777474844621027789830854795040471088,shuffled,date,streaming,1,40,40,balanced,100000,2,149200
target/balance-work/smoke,065b4639abccb9fd9508c171cc7636fe4b987ae28ca6dd1969e7c7295c6fc124,planted_balanced,planted_balanced,311777474844621027789830854795040471088,shuffled,datetime,auto,1,40,40,baseline,0,0,103800
target/balance-work/smoke,065b4639abccb9fd9508c171cc7636fe4b987ae28ca6dd1969e7c7295c6fc124,planted_balanced,planted_balanced,311777474844621027789830854795040471088,shuffled,datetime,auto,1,40,40,repair,100000,0,105200
target/balance-work/smoke,065b4639abccb9fd9508c171cc7636fe4b987ae28ca6dd1969e7c7295c6fc124,planted_balanced,planted_balanced,311777474844621027789830854795040471088,shuffled,datetime,auto,1,40,40,balanced,100000,0,96900
target/balance-work/smoke,065b4639abccb9fd9508c171cc7636fe4b987ae28ca6dd1969e7c7295c6fc124,planted_balanced,planted_balanced,311777474844621027789830854795040471088,shuffled,datetime,auto,1,40,40,balanced,100000,1,83100
target/balance-work/smoke,065b4639abccb9fd9508c171cc7636fe4b987ae28ca6dd1969e7c7295c6fc124,planted_balanced,planted_balanced,311777474844621027789830854795040471088,shuffled,datetime,auto,1,40,40,baseline,0,1,64600
target/balance-work/smoke,065b4639abccb9fd9508c171cc7636fe4b987ae28ca6dd1969e7c7295c6fc124,planted_balanced,planted_balanced,311777474844621027789830854795040471088,shuffled,datetime,auto,1,40,40,repair,100000,1,73500
target/balance-work/smoke,065b4639abccb9fd9508c171cc7636fe4b987ae28ca6dd1969e7c7295c6fc124,planted_balanced,planted_balanced,311777474844621027789830854795040471088,shuffled,datetime,auto,1,40,40,baseline,0,2,65700
target/balance-work/smoke,065b4639abccb9fd9508c171cc7636fe4b987ae28ca6dd1969e7c7295c6fc124,planted_balanced,planted_balanced,311777474844621027789830854795040471088,shuffled,datetime,auto,1,40,40,repair,100000,2,72200
target/balance-work/smoke,065b4639abccb9fd9508c171cc7636fe4b987ae28ca6dd1969e7c7295c6fc124,planted_balanced,planted_balanced,311777474844621027789830854795040471088,shuffled,datetime,auto,1,40,40,balanced,100000,2,78800
target/balance-work/smoke,065b4639abccb9fd9508c171cc7636fe4b987ae28ca6dd1969e7c7295c6fc124,planted_balanced,planted_balanced,311777474844621027789830854795040471088,shuffled,datetime,streaming,1,40,40,repair,100000,0,328900
target/balance-work/smoke,065b4639abccb9fd9508c171cc7636fe4b987ae28ca6dd1969e7c7295c6fc124,planted_balanced,planted_balanced,311777474844621027789830854795040471088,shuffled,datetime,streaming,1,40,40,balanced,100000,0,234100
target/balance-work/smoke,065b4639abccb9fd9508c171cc7636fe4b987ae28ca6dd1969e7c7295c6fc124,planted_balanced,planted_balanced,311777474844621027789830854795040471088,shuffled,datetime,streaming,1,40,40,baseline,0,0,223200
target/balance-work/smoke,065b4639abccb9fd9508c171cc7636fe4b987ae28ca6dd1969e7c7295c6fc124,planted_balanced,planted_balanced,311777474844621027789830854795040471088,shuffled,datetime,streaming,1,40,40,baseline,0,1,245800
target/balance-work/smoke,065b4639abccb9fd9508c171cc7636fe4b987ae28ca6dd1969e7c7295c6fc124,planted_balanced,planted_balanced,311777474844621027789830854795040471088,shuffled,datetime,streaming,1,40,40,repair,100000,1,275700
target/balance-work/smoke,065b4639abccb9fd9508c171cc7636fe4b987ae28ca6dd1969e7c7295c6fc124,planted_balanced,planted_balanced,311777474844621027789830854795040471088,shuffled,datetime,streaming,1,40,40,balanced,100000,1,198600
target/balance-work/smoke,065b4639abccb9fd9508c171cc7636fe4b987ae28ca6dd1969e7c7295c6fc124,planted_balanced,planted_balanced,311777474844621027789830854795040471088,shuffled,datetime,streaming,1,40,40,balanced,100000,2,242800
target/balance-work/smoke,065b4639abccb9fd9508c171cc7636fe4b987ae28ca6dd1969e7c7295c6fc124,planted_balanced,planted_balanced,311777474844621027789830854795040471088,shuffled,datetime,streaming,1,40,40,baseline,0,2,175100
target/balance-work/smoke,065b4639abccb9fd9508c171cc7636fe4b987ae28ca6dd1969e7c7295c6fc124,planted_balanced,planted_balanced,311777474844621027789830854795040471088,shuffled,datetime,streaming,1,40,40,repair,100000,2,177900
target/balance-work/smoke,065b4639abccb9fd9508c171cc7636fe4b987ae28ca6dd1969e7c7295c6fc124,planted_balanced,planted_balanced,311777474844621027789830854795040471088,shuffled,grouped,auto,4,160,40,baseline,0,0,303200
target/balance-work/smoke,065b4639abccb9fd9508c171cc7636fe4b987ae28ca6dd1969e7c7295c6fc124,planted_balanced,planted_balanced,311777474844621027789830854795040471088,shuffled,grouped,auto,4,160,40,repair,100000,0,245200
target/balance-work/smoke,065b4639abccb9fd9508c171cc7636fe4b987ae28ca6dd1969e7c7295c6fc124,planted_balanced,planted_balanced,311777474844621027789830854795040471088,shuffled,grouped,auto,4,160,40,balanced,100000,0,240800
target/balance-work/smoke,065b4639abccb9fd9508c171cc7636fe4b987ae28ca6dd1969e7c7295c6fc124,planted_balanced,planted_balanced,311777474844621027789830854795040471088,shuffled,grouped,auto,4,160,40,baseline,0,1,174400
target/balance-work/smoke,065b4639abccb9fd9508c171cc7636fe4b987ae28ca6dd1969e7c7295c6fc124,planted_balanced,planted_balanced,311777474844621027789830854795040471088,shuffled,grouped,auto,4,160,40,repair,100000,1,203800
target/balance-work/smoke,065b4639abccb9fd9508c171cc7636fe4b987ae28ca6dd1969e7c7295c6fc124,planted_balanced,planted_balanced,311777474844621027789830854795040471088,shuffled,grouped,auto,4,160,40,balanced,100000,1,181500
target/balance-work/smoke,065b4639abccb9fd9508c171cc7636fe4b987ae28ca6dd1969e7c7295c6fc124,planted_balanced,planted_balanced,311777474844621027789830854795040471088,shuffled,grouped,auto,4,160,40,baseline,0,2,136400
target/balance-work/smoke,065b4639abccb9fd9508c171cc7636fe4b987ae28ca6dd1969e7c7295c6fc124,planted_balanced,planted_balanced,311777474844621027789830854795040471088,shuffled,grouped,auto,4,160,40,repair,100000,2,201500
target/balance-work/smoke,065b4639abccb9fd9508c171cc7636fe4b987ae28ca6dd1969e7c7295c6fc124,planted_balanced,planted_balanced,311777474844621027789830854795040471088,shuffled,grouped,auto,4,160,40,balanced,100000,2,143800
target/balance-work/smoke,065b4639abccb9fd9508c171cc7636fe4b987ae28ca6dd1969e7c7295c6fc124,planted_balanced,planted_balanced,311777474844621027789830854795040471088,shuffled,grouped,streaming,4,160,40,baseline,0,0,186900
target/balance-work/smoke,065b4639abccb9fd9508c171cc7636fe4b987ae28ca6dd1969e7c7295c6fc124,planted_balanced,planted_balanced,311777474844621027789830854795040471088,shuffled,grouped,streaming,4,160,40,repair,100000,0,229700
target/balance-work/smoke,065b4639abccb9fd9508c171cc7636fe4b987ae28ca6dd1969e7c7295c6fc124,planted_balanced,planted_balanced,311777474844621027789830854795040471088,shuffled,grouped,streaming,4,160,40,balanced,100000,0,241900
target/balance-work/smoke,065b4639abccb9fd9508c171cc7636fe4b987ae28ca6dd1969e7c7295c6fc124,planted_balanced,planted_balanced,311777474844621027789830854795040471088,shuffled,grouped,streaming,4,160,40,baseline,0,1,237600
target/balance-work/smoke,065b4639abccb9fd9508c171cc7636fe4b987ae28ca6dd1969e7c7295c6fc124,planted_balanced,planted_balanced,311777474844621027789830854795040471088,shuffled,grouped,streaming,4,160,40,repair,100000,1,274700
target/balance-work/smoke,065b4639abccb9fd9508c171cc7636fe4b987ae28ca6dd1969e7c7295c6fc124,planted_balanced,planted_balanced,311777474844621027789830854795040471088,shuffled,grouped,streaming,4,160,40,balanced,100000,1,227900
target/balance-work/smoke,065b4639abccb9fd9508c171cc7636fe4b987ae28ca6dd1969e7c7295c6fc124,planted_balanced,planted_balanced,311777474844621027789830854795040471088,shuffled,grouped,streaming,4,160,40,baseline,0,2,206100
target/balance-work/smoke,065b4639abccb9fd9508c171cc7636fe4b987ae28ca6dd1969e7c7295c6fc124,planted_balanced,planted_balanced,311777474844621027789830854795040471088,shuffled,grouped,streaming,4,160,40,repair,100000,2,255900
target/balance-work/smoke,065b4639abccb9fd9508c171cc7636fe4b987ae28ca6dd1969e7c7295c6fc124,planted_balanced,planted_balanced,311777474844621027789830854795040471088,shuffled,grouped,streaming,4,160,40,balanced,100000,2,215300
target/balance-work/smoke,065b4639abccb9fd9508c171cc7636fe4b987ae28ca6dd1969e7c7295c6fc124,planted_balanced,planted_balanced,311777474844621027789830854795040471088,shuffled,sliced,auto,1,40,40,balanced,100000,0,63700
target/balance-work/smoke,065b4639abccb9fd9508c171cc7636fe4b987ae28ca6dd1969e7c7295c6fc124,planted_balanced,planted_balanced,311777474844621027789830854795040471088,shuffled,sliced,auto,1,40,40,baseline,0,0,57800
target/balance-work/smoke,065b4639abccb9fd9508c171cc7636fe4b987ae28ca6dd1969e7c7295c6fc124,planted_balanced,planted_balanced,311777474844621027789830854795040471088,shuffled,sliced,auto,1,40,40,repair,100000,0,65800
target/balance-work/smoke,065b4639abccb9fd9508c171cc7636fe4b987ae28ca6dd1969e7c7295c6fc124,planted_balanced,planted_balanced,311777474844621027789830854795040471088,shuffled,sliced,auto,1,40,40,baseline,0,1,61900
target/balance-work/smoke,065b4639abccb9fd9508c171cc7636fe4b987ae28ca6dd1969e7c7295c6fc124,planted_balanced,planted_balanced,311777474844621027789830854795040471088,shuffled,sliced,auto,1,40,40,repair,100000,1,66200
target/balance-work/smoke,065b4639abccb9fd9508c171cc7636fe4b987ae28ca6dd1969e7c7295c6fc124,planted_balanced,planted_balanced,311777474844621027789830854795040471088,shuffled,sliced,auto,1,40,40,balanced,100000,1,65700
target/balance-work/smoke,065b4639abccb9fd9508c171cc7636fe4b987ae28ca6dd1969e7c7295c6fc124,planted_balanced,planted_balanced,311777474844621027789830854795040471088,shuffled,sliced,auto,1,40,40,balanced,100000,2,64100
target/balance-work/smoke,065b4639abccb9fd9508c171cc7636fe4b987ae28ca6dd1969e7c7295c6fc124,planted_balanced,planted_balanced,311777474844621027789830854795040471088,shuffled,sliced,auto,1,40,40,baseline,0,2,57600
target/balance-work/smoke,065b4639abccb9fd9508c171cc7636fe4b987ae28ca6dd1969e7c7295c6fc124,planted_balanced,planted_balanced,311777474844621027789830854795040471088,shuffled,sliced,auto,1,40,40,repair,100000,2,80000
target/balance-work/smoke,065b4639abccb9fd9508c171cc7636fe4b987ae28ca6dd1969e7c7295c6fc124,planted_balanced,planted_balanced,311777474844621027789830854795040471088,shuffled,sliced,streaming,1,40,40,repair,100000,0,193000
target/balance-work/smoke,065b4639abccb9fd9508c171cc7636fe4b987ae28ca6dd1969e7c7295c6fc124,planted_balanced,planted_balanced,311777474844621027789830854795040471088,shuffled,sliced,streaming,1,40,40,balanced,100000,0,243900
target/balance-work/smoke,065b4639abccb9fd9508c171cc7636fe4b987ae28ca6dd1969e7c7295c6fc124,planted_balanced,planted_balanced,311777474844621027789830854795040471088,shuffled,sliced,streaming,1,40,40,baseline,0,0,304500
target/balance-work/smoke,065b4639abccb9fd9508c171cc7636fe4b987ae28ca6dd1969e7c7295c6fc124,planted_balanced,planted_balanced,311777474844621027789830854795040471088,shuffled,sliced,streaming,1,40,40,repair,100000,1,270100
target/balance-work/smoke,065b4639abccb9fd9508c171cc7636fe4b987ae28ca6dd1969e7c7295c6fc124,planted_balanced,planted_balanced,311777474844621027789830854795040471088,shuffled,sliced,streaming,1,40,40,balanced,100000,1,280000
target/balance-work/smoke,065b4639abccb9fd9508c171cc7636fe4b987ae28ca6dd1969e7c7295c6fc124,planted_balanced,planted_balanced,311777474844621027789830854795040471088,shuffled,sliced,streaming,1,40,40,baseline,0,1,205400
target/balance-work/smoke,065b4639abccb9fd9508c171cc7636fe4b987ae28ca6dd1969e7c7295c6fc124,planted_balanced,planted_balanced,311777474844621027789830854795040471088,shuffled,sliced,streaming,1,40,40,balanced,100000,2,203800
target/balance-work/smoke,065b4639abccb9fd9508c171cc7636fe4b987ae28ca6dd1969e7c7295c6fc124,planted_balanced,planted_balanced,311777474844621027789830854795040471088,shuffled,sliced,streaming,1,40,40,baseline,0,2,172900
target/balance-work/smoke,065b4639abccb9fd9508c171cc7636fe4b987ae28ca6dd1969e7c7295c6fc124,planted_balanced,planted_balanced,311777474844621027789830854795040471088,shuffled,sliced,streaming,1,40,40,repair,100000,2,182200
target/balance-work/smoke,065b4639abccb9fd9508c171cc7636fe4b987ae28ca6dd1969e7c7295c6fc124,planted_balanced,planted_balanced,311777474844621027789830854795040471088,shuffled,multi_chunk,auto,1,40,40,balanced,100000,0,68500
target/balance-work/smoke,065b4639abccb9fd9508c171cc7636fe4b987ae28ca6dd1969e7c7295c6fc124,planted_balanced,planted_balanced,311777474844621027789830854795040471088,shuffled,multi_chunk,auto,1,40,40,baseline,0,0,59700
target/balance-work/smoke,065b4639abccb9fd9508c171cc7636fe4b987ae28ca6dd1969e7c7295c6fc124,planted_balanced,planted_balanced,311777474844621027789830854795040471088,shuffled,multi_chunk,auto,1,40,40,repair,100000,0,68800
target/balance-work/smoke,065b4639abccb9fd9508c171cc7636fe4b987ae28ca6dd1969e7c7295c6fc124,planted_balanced,planted_balanced,311777474844621027789830854795040471088,shuffled,multi_chunk,auto,1,40,40,baseline,0,1,62500
target/balance-work/smoke,065b4639abccb9fd9508c171cc7636fe4b987ae28ca6dd1969e7c7295c6fc124,planted_balanced,planted_balanced,311777474844621027789830854795040471088,shuffled,multi_chunk,auto,1,40,40,repair,100000,1,70000
target/balance-work/smoke,065b4639abccb9fd9508c171cc7636fe4b987ae28ca6dd1969e7c7295c6fc124,planted_balanced,planted_balanced,311777474844621027789830854795040471088,shuffled,multi_chunk,auto,1,40,40,balanced,100000,1,62900
target/balance-work/smoke,065b4639abccb9fd9508c171cc7636fe4b987ae28ca6dd1969e7c7295c6fc124,planted_balanced,planted_balanced,311777474844621027789830854795040471088,shuffled,multi_chunk,auto,1,40,40,repair,100000,2,79000
target/balance-work/smoke,065b4639abccb9fd9508c171cc7636fe4b987ae28ca6dd1969e7c7295c6fc124,planted_balanced,planted_balanced,311777474844621027789830854795040471088,shuffled,multi_chunk,auto,1,40,40,balanced,100000,2,65500
target/balance-work/smoke,065b4639abccb9fd9508c171cc7636fe4b987ae28ca6dd1969e7c7295c6fc124,planted_balanced,planted_balanced,311777474844621027789830854795040471088,shuffled,multi_chunk,auto,1,40,40,baseline,0,2,58700
target/balance-work/smoke,065b4639abccb9fd9508c171cc7636fe4b987ae28ca6dd1969e7c7295c6fc124,planted_balanced,planted_balanced,311777474844621027789830854795040471088,shuffled,multi_chunk,streaming,1,40,40,repair,100000,0,181800
target/balance-work/smoke,065b4639abccb9fd9508c171cc7636fe4b987ae28ca6dd1969e7c7295c6fc124,planted_balanced,planted_balanced,311777474844621027789830854795040471088,shuffled,multi_chunk,streaming,1,40,40,balanced,100000,0,179800
target/balance-work/smoke,065b4639abccb9fd9508c171cc7636fe4b987ae28ca6dd1969e7c7295c6fc124,planted_balanced,planted_balanced,311777474844621027789830854795040471088,shuffled,multi_chunk,streaming,1,40,40,baseline,0,0,205900
target/balance-work/smoke,065b4639abccb9fd9508c171cc7636fe4b987ae28ca6dd1969e7c7295c6fc124,planted_balanced,planted_balanced,311777474844621027789830854795040471088,shuffled,multi_chunk,streaming,1,40,40,repair,100000,1,172500
target/balance-work/smoke,065b4639abccb9fd9508c171cc7636fe4b987ae28ca6dd1969e7c7295c6fc124,planted_balanced,planted_balanced,311777474844621027789830854795040471088,shuffled,multi_chunk,streaming,1,40,40,balanced,100000,1,240400
target/balance-work/smoke,065b4639abccb9fd9508c171cc7636fe4b987ae28ca6dd1969e7c7295c6fc124,planted_balanced,planted_balanced,311777474844621027789830854795040471088,shuffled,multi_chunk,streaming,1,40,40,baseline,0,1,180200
target/balance-work/smoke,065b4639abccb9fd9508c171cc7636fe4b987ae28ca6dd1969e7c7295c6fc124,planted_balanced,planted_balanced,311777474844621027789830854795040471088,shuffled,multi_chunk,streaming,1,40,40,baseline,0,2,182800
target/balance-work/smoke,065b4639abccb9fd9508c171cc7636fe4b987ae28ca6dd1969e7c7295c6fc124,planted_balanced,planted_balanced,311777474844621027789830854795040471088,shuffled,multi_chunk,streaming,1,40,40,repair,100000,2,176500
target/balance-work/smoke,065b4639abccb9fd9508c171cc7636fe4b987ae28ca6dd1969e7c7295c6fc124,planted_balanced,planted_balanced,311777474844621027789830854795040471088,shuffled,multi_chunk,streaming,1,40,40,balanced,100000,2,196300
target/balance-work/smoke,f0dfdce6df109f3472f4ac78d85bf65308ba142fa7908172c00f9d8e897abd29,star_components,star_components,166983519832656988188468404378500102193,sorted,integer,auto,1,36,36,balanced,100000,0,61300
target/balance-work/smoke,f0dfdce6df109f3472f4ac78d85bf65308ba142fa7908172c00f9d8e897abd29,star_components,star_components,166983519832656988188468404378500102193,sorted,integer,auto,1,36,36,baseline,0,0,56700
target/balance-work/smoke,f0dfdce6df109f3472f4ac78d85bf65308ba142fa7908172c00f9d8e897abd29,star_components,star_components,166983519832656988188468404378500102193,sorted,integer,auto,1,36,36,repair,100000,0,65200
target/balance-work/smoke,f0dfdce6df109f3472f4ac78d85bf65308ba142fa7908172c00f9d8e897abd29,star_components,star_components,166983519832656988188468404378500102193,sorted,integer,auto,1,36,36,baseline,0,1,66500
target/balance-work/smoke,f0dfdce6df109f3472f4ac78d85bf65308ba142fa7908172c00f9d8e897abd29,star_components,star_components,166983519832656988188468404378500102193,sorted,integer,auto,1,36,36,repair,100000,1,65100
target/balance-work/smoke,f0dfdce6df109f3472f4ac78d85bf65308ba142fa7908172c00f9d8e897abd29,star_components,star_components,166983519832656988188468404378500102193,sorted,integer,auto,1,36,36,balanced,100000,1,60200
target/balance-work/smoke,f0dfdce6df109f3472f4ac78d85bf65308ba142fa7908172c00f9d8e897abd29,star_components,star_components,166983519832656988188468404378500102193,sorted,integer,auto,1,36,36,repair,100000,2,69600
target/balance-work/smoke,f0dfdce6df109f3472f4ac78d85bf65308ba142fa7908172c00f9d8e897abd29,star_components,star_components,166983519832656988188468404378500102193,sorted,integer,auto,1,36,36,balanced,100000,2,58500
target/balance-work/smoke,f0dfdce6df109f3472f4ac78d85bf65308ba142fa7908172c00f9d8e897abd29,star_components,star_components,166983519832656988188468404378500102193,sorted,integer,auto,1,36,36,baseline,0,2,54800
target/balance-work/smoke,f0dfdce6df109f3472f4ac78d85bf65308ba142fa7908172c00f9d8e897abd29,star_components,star_components,166983519832656988188468404378500102193,sorted,integer,streaming,1,36,36,balanced,100000,0,176600
target/balance-work/smoke,f0dfdce6df109f3472f4ac78d85bf65308ba142fa7908172c00f9d8e897abd29,star_components,star_components,166983519832656988188468404378500102193,sorted,integer,streaming,1,36,36,baseline,0,0,173000
target/balance-work/smoke,f0dfdce6df109f3472f4ac78d85bf65308ba142fa7908172c00f9d8e897abd29,star_components,star_components,166983519832656988188468404378500102193,sorted,integer,streaming,1,36,36,repair,100000,0,175100
target/balance-work/smoke,f0dfdce6df109f3472f4ac78d85bf65308ba142fa7908172c00f9d8e897abd29,star_components,star_components,166983519832656988188468404378500102193,sorted,integer,streaming,1,36,36,baseline,0,1,164800
target/balance-work/smoke,f0dfdce6df109f3472f4ac78d85bf65308ba142fa7908172c00f9d8e897abd29,star_components,star_components,166983519832656988188468404378500102193,sorted,integer,streaming,1,36,36,repair,100000,1,169100
target/balance-work/smoke,f0dfdce6df109f3472f4ac78d85bf65308ba142fa7908172c00f9d8e897abd29,star_components,star_components,166983519832656988188468404378500102193,sorted,integer,streaming,1,36,36,balanced,100000,1,174000
target/balance-work/smoke,f0dfdce6df109f3472f4ac78d85bf65308ba142fa7908172c00f9d8e897abd29,star_components,star_components,166983519832656988188468404378500102193,sorted,integer,streaming,1,36,36,balanced,100000,2,158500
target/balance-work/smoke,f0dfdce6df109f3472f4ac78d85bf65308ba142fa7908172c00f9d8e897abd29,star_components,star_components,166983519832656988188468404378500102193,sorted,integer,streaming,1,36,36,baseline,0,2,127300
target/balance-work/smoke,f0dfdce6df109f3472f4ac78d85bf65308ba142fa7908172c00f9d8e897abd29,star_components,star_components,166983519832656988188468404378500102193,sorted,integer,streaming,1,36,36,repair,100000,2,157800
target/balance-work/smoke,f0dfdce6df109f3472f4ac78d85bf65308ba142fa7908172c00f9d8e897abd29,star_components,star_components,166983519832656988188468404378500102193,sorted,date,auto,1,36,36,repair,100000,0,87300
target/balance-work/smoke,f0dfdce6df109f3472f4ac78d85bf65308ba142fa7908172c00f9d8e897abd29,star_components,star_components,166983519832656988188468404378500102193,sorted,date,auto,1,36,36,balanced,100000,0,89800
target/balance-work/smoke,f0dfdce6df109f3472f4ac78d85bf65308ba142fa7908172c00f9d8e897abd29,star_components,star_components,166983519832656988188468404378500102193,sorted,date,auto,1,36,36,baseline,0,0,65400
target/balance-work/smoke,f0dfdce6df109f3472f4ac78d85bf65308ba142fa7908172c00f9d8e897abd29,star_components,star_components,166983519832656988188468404378500102193,sorted,date,auto,1,36,36,repair,100000,1,107900
target/balance-work/smoke,f0dfdce6df109f3472f4ac78d85bf65308ba142fa7908172c00f9d8e897abd29,star_components,star_components,166983519832656988188468404378500102193,sorted,date,auto,1,36,36,balanced,100000,1,68800
target/balance-work/smoke,f0dfdce6df109f3472f4ac78d85bf65308ba142fa7908172c00f9d8e897abd29,star_components,star_components,166983519832656988188468404378500102193,sorted,date,auto,1,36,36,baseline,0,1,58800
target/balance-work/smoke,f0dfdce6df109f3472f4ac78d85bf65308ba142fa7908172c00f9d8e897abd29,star_components,star_components,166983519832656988188468404378500102193,sorted,date,auto,1,36,36,baseline,0,2,65600
target/balance-work/smoke,f0dfdce6df109f3472f4ac78d85bf65308ba142fa7908172c00f9d8e897abd29,star_components,star_components,166983519832656988188468404378500102193,sorted,date,auto,1,36,36,repair,100000,2,70300
target/balance-work/smoke,f0dfdce6df109f3472f4ac78d85bf65308ba142fa7908172c00f9d8e897abd29,star_components,star_components,166983519832656988188468404378500102193,sorted,date,auto,1,36,36,balanced,100000,2,62300
target/balance-work/smoke,f0dfdce6df109f3472f4ac78d85bf65308ba142fa7908172c00f9d8e897abd29,star_components,star_components,166983519832656988188468404378500102193,sorted,date,streaming,1,36,36,baseline,0,0,175100
target/balance-work/smoke,f0dfdce6df109f3472f4ac78d85bf65308ba142fa7908172c00f9d8e897abd29,star_components,star_components,166983519832656988188468404378500102193,sorted,date,streaming,1,36,36,repair,100000,0,176300
target/balance-work/smoke,f0dfdce6df109f3472f4ac78d85bf65308ba142fa7908172c00f9d8e897abd29,star_components,star_components,166983519832656988188468404378500102193,sorted,date,streaming,1,36,36,balanced,100000,0,185600
target/balance-work/smoke,f0dfdce6df109f3472f4ac78d85bf65308ba142fa7908172c00f9d8e897abd29,star_components,star_components,166983519832656988188468404378500102193,sorted,date,streaming,1,36,36,baseline,0,1,161700
target/balance-work/smoke,f0dfdce6df109f3472f4ac78d85bf65308ba142fa7908172c00f9d8e897abd29,star_components,star_components,166983519832656988188468404378500102193,sorted,date,streaming,1,36,36,repair,100000,1,170000
target/balance-work/smoke,f0dfdce6df109f3472f4ac78d85bf65308ba142fa7908172c00f9d8e897abd29,star_components,star_components,166983519832656988188468404378500102193,sorted,date,streaming,1,36,36,balanced,100000,1,171900
target/balance-work/smoke,f0dfdce6df109f3472f4ac78d85bf65308ba142fa7908172c00f9d8e897abd29,star_components,star_components,166983519832656988188468404378500102193,sorted,date,streaming,1,36,36,repair,100000,2,173600
target/balance-work/smoke,f0dfdce6df109f3472f4ac78d85bf65308ba142fa7908172c00f9d8e897abd29,star_components,star_components,166983519832656988188468404378500102193,sorted,date,streaming,1,36,36,balanced,100000,2,201400
target/balance-work/smoke,f0dfdce6df109f3472f4ac78d85bf65308ba142fa7908172c00f9d8e897abd29,star_components,star_components,166983519832656988188468404378500102193,sorted,date,streaming,1,36,36,baseline,0,2,188400
target/balance-work/smoke,f0dfdce6df109f3472f4ac78d85bf65308ba142fa7908172c00f9d8e897abd29,star_components,star_components,166983519832656988188468404378500102193,sorted,datetime,auto,1,36,36,baseline,0,0,63000
target/balance-work/smoke,f0dfdce6df109f3472f4ac78d85bf65308ba142fa7908172c00f9d8e897abd29,star_components,star_components,166983519832656988188468404378500102193,sorted,datetime,auto,1,36,36,repair,100000,0,69700
target/balance-work/smoke,f0dfdce6df109f3472f4ac78d85bf65308ba142fa7908172c00f9d8e897abd29,star_components,star_components,166983519832656988188468404378500102193,sorted,datetime,auto,1,36,36,balanced,100000,0,64900
target/balance-work/smoke,f0dfdce6df109f3472f4ac78d85bf65308ba142fa7908172c00f9d8e897abd29,star_components,star_components,166983519832656988188468404378500102193,sorted,datetime,auto,1,36,36,baseline,0,1,63800
target/balance-work/smoke,f0dfdce6df109f3472f4ac78d85bf65308ba142fa7908172c00f9d8e897abd29,star_components,star_components,166983519832656988188468404378500102193,sorted,datetime,auto,1,36,36,repair,100000,1,86300
target/balance-work/smoke,f0dfdce6df109f3472f4ac78d85bf65308ba142fa7908172c00f9d8e897abd29,star_components,star_components,166983519832656988188468404378500102193,sorted,datetime,auto,1,36,36,balanced,100000,1,65800
target/balance-work/smoke,f0dfdce6df109f3472f4ac78d85bf65308ba142fa7908172c00f9d8e897abd29,star_components,star_components,166983519832656988188468404378500102193,sorted,datetime,auto,1,36,36,repair,100000,2,72800
target/balance-work/smoke,f0dfdce6df109f3472f4ac78d85bf65308ba142fa7908172c00f9d8e897abd29,star_components,star_components,166983519832656988188468404378500102193,sorted,datetime,auto,1,36,36,balanced,100000,2,67000
target/balance-work/smoke,f0dfdce6df109f3472f4ac78d85bf65308ba142fa7908172c00f9d8e897abd29,star_components,star_components,166983519832656988188468404378500102193,sorted,datetime,auto,1,36,36,baseline,0,2,59900
target/balance-work/smoke,f0dfdce6df109f3472f4ac78d85bf65308ba142fa7908172c00f9d8e897abd29,star_components,star_components,166983519832656988188468404378500102193,sorted,datetime,streaming,1,36,36,repair,100000,0,187600
target/balance-work/smoke,f0dfdce6df109f3472f4ac78d85bf65308ba142fa7908172c00f9d8e897abd29,star_components,star_components,166983519832656988188468404378500102193,sorted,datetime,streaming,1,36,36,balanced,100000,0,175300
target/balance-work/smoke,f0dfdce6df109f3472f4ac78d85bf65308ba142fa7908172c00f9d8e897abd29,star_components,star_components,166983519832656988188468404378500102193,sorted,datetime,streaming,1,36,36,baseline,0,0,170700
target/balance-work/smoke,f0dfdce6df109f3472f4ac78d85bf65308ba142fa7908172c00f9d8e897abd29,star_components,star_components,166983519832656988188468404378500102193,sorted,datetime,streaming,1,36,36,baseline,0,1,173900
target/balance-work/smoke,f0dfdce6df109f3472f4ac78d85bf65308ba142fa7908172c00f9d8e897abd29,star_components,star_components,166983519832656988188468404378500102193,sorted,datetime,streaming,1,36,36,repair,100000,1,176800
target/balance-work/smoke,f0dfdce6df109f3472f4ac78d85bf65308ba142fa7908172c00f9d8e897abd29,star_components,star_components,166983519832656988188468404378500102193,sorted,datetime,streaming,1,36,36,balanced,100000,1,178000
target/balance-work/smoke,f0dfdce6df109f3472f4ac78d85bf65308ba142fa7908172c00f9d8e897abd29,star_components,star_components,166983519832656988188468404378500102193,sorted,datetime,streaming,1,36,36,balanced,100000,2,252100
target/balance-work/smoke,f0dfdce6df109f3472f4ac78d85bf65308ba142fa7908172c00f9d8e897abd29,star_components,star_components,166983519832656988188468404378500102193,sorted,datetime,streaming,1,36,36,baseline,0,2,183900
target/balance-work/smoke,f0dfdce6df109f3472f4ac78d85bf65308ba142fa7908172c00f9d8e897abd29,star_components,star_components,166983519832656988188468404378500102193,sorted,datetime,streaming,1,36,36,repair,100000,2,181100
target/balance-work/smoke,f0dfdce6df109f3472f4ac78d85bf65308ba142fa7908172c00f9d8e897abd29,star_components,star_components,166983519832656988188468404378500102193,sorted,grouped,auto,4,144,36,balanced,100000,0,186700
target/balance-work/smoke,f0dfdce6df109f3472f4ac78d85bf65308ba142fa7908172c00f9d8e897abd29,star_components,star_components,166983519832656988188468404378500102193,sorted,grouped,auto,4,144,36,baseline,0,0,153800
target/balance-work/smoke,f0dfdce6df109f3472f4ac78d85bf65308ba142fa7908172c00f9d8e897abd29,star_components,star_components,166983519832656988188468404378500102193,sorted,grouped,auto,4,144,36,repair,100000,0,199700
target/balance-work/smoke,f0dfdce6df109f3472f4ac78d85bf65308ba142fa7908172c00f9d8e897abd29,star_components,star_components,166983519832656988188468404378500102193,sorted,grouped,auto,4,144,36,baseline,0,1,128300
target/balance-work/smoke,f0dfdce6df109f3472f4ac78d85bf65308ba142fa7908172c00f9d8e897abd29,star_components,star_components,166983519832656988188468404378500102193,sorted,grouped,auto,4,144,36,repair,100000,1,142000
target/balance-work/smoke,f0dfdce6df109f3472f4ac78d85bf65308ba142fa7908172c00f9d8e897abd29,star_components,star_components,166983519832656988188468404378500102193,sorted,grouped,auto,4,144,36,balanced,100000,1,144500
target/balance-work/smoke,f0dfdce6df109f3472f4ac78d85bf65308ba142fa7908172c00f9d8e897abd29,star_components,star_components,166983519832656988188468404378500102193,sorted,grouped,auto,4,144,36,repair,100000,2,142400
target/balance-work/smoke,f0dfdce6df109f3472f4ac78d85bf65308ba142fa7908172c00f9d8e897abd29,star_components,star_components,166983519832656988188468404378500102193,sorted,grouped,auto,4,144,36,balanced,100000,2,123300
target/balance-work/smoke,f0dfdce6df109f3472f4ac78d85bf65308ba142fa7908172c00f9d8e897abd29,star_components,star_components,166983519832656988188468404378500102193,sorted,grouped,auto,4,144,36,baseline,0,2,114000
target/balance-work/smoke,f0dfdce6df109f3472f4ac78d85bf65308ba142fa7908172c00f9d8e897abd29,star_components,star_components,166983519832656988188468404378500102193,sorted,grouped,streaming,4,144,36,repair,100000,0,208500
target/balance-work/smoke,f0dfdce6df109f3472f4ac78d85bf65308ba142fa7908172c00f9d8e897abd29,star_components,star_components,166983519832656988188468404378500102193,sorted,grouped,streaming,4,144,36,balanced,100000,0,241600
target/balance-work/smoke,f0dfdce6df109f3472f4ac78d85bf65308ba142fa7908172c00f9d8e897abd29,star_components,star_components,166983519832656988188468404378500102193,sorted,grouped,streaming,4,144,36,baseline,0,0,240000
target/balance-work/smoke,f0dfdce6df109f3472f4ac78d85bf65308ba142fa7908172c00f9d8e897abd29,star_components,star_components,166983519832656988188468404378500102193,sorted,grouped,streaming,4,144,36,baseline,0,1,205500
target/balance-work/smoke,f0dfdce6df109f3472f4ac78d85bf65308ba142fa7908172c00f9d8e897abd29,star_components,star_components,166983519832656988188468404378500102193,sorted,grouped,streaming,4,144,36,repair,100000,1,245100
target/balance-work/smoke,f0dfdce6df109f3472f4ac78d85bf65308ba142fa7908172c00f9d8e897abd29,star_components,star_components,166983519832656988188468404378500102193,sorted,grouped,streaming,4,144,36,balanced,100000,1,186200
target/balance-work/smoke,f0dfdce6df109f3472f4ac78d85bf65308ba142fa7908172c00f9d8e897abd29,star_components,star_components,166983519832656988188468404378500102193,sorted,grouped,streaming,4,144,36,balanced,100000,2,245000
target/balance-work/smoke,f0dfdce6df109f3472f4ac78d85bf65308ba142fa7908172c00f9d8e897abd29,star_components,star_components,166983519832656988188468404378500102193,sorted,grouped,streaming,4,144,36,baseline,0,2,227500
target/balance-work/smoke,f0dfdce6df109f3472f4ac78d85bf65308ba142fa7908172c00f9d8e897abd29,star_components,star_components,166983519832656988188468404378500102193,sorted,grouped,streaming,4,144,36,repair,100000,2,274700
target/balance-work/smoke,f0dfdce6df109f3472f4ac78d85bf65308ba142fa7908172c00f9d8e897abd29,star_components,star_components,166983519832656988188468404378500102193,sorted,sliced,auto,1,36,36,repair,100000,0,66700
target/balance-work/smoke,f0dfdce6df109f3472f4ac78d85bf65308ba142fa7908172c00f9d8e897abd29,star_components,star_components,166983519832656988188468404378500102193,sorted,sliced,auto,1,36,36,balanced,100000,0,60700
target/balance-work/smoke,f0dfdce6df109f3472f4ac78d85bf65308ba142fa7908172c00f9d8e897abd29,star_components,star_components,166983519832656988188468404378500102193,sorted,sliced,auto,1,36,36,baseline,0,0,56200
target/balance-work/smoke,f0dfdce6df109f3472f4ac78d85bf65308ba142fa7908172c00f9d8e897abd29,star_components,star_components,166983519832656988188468404378500102193,sorted,sliced,auto,1,36,36,baseline,0,1,59200
target/balance-work/smoke,f0dfdce6df109f3472f4ac78d85bf65308ba142fa7908172c00f9d8e897abd29,star_components,star_components,166983519832656988188468404378500102193,sorted,sliced,auto,1,36,36,repair,100000,1,98100
target/balance-work/smoke,f0dfdce6df109f3472f4ac78d85bf65308ba142fa7908172c00f9d8e897abd29,star_components,star_components,166983519832656988188468404378500102193,sorted,sliced,auto,1,36,36,balanced,100000,1,91100
target/balance-work/smoke,f0dfdce6df109f3472f4ac78d85bf65308ba142fa7908172c00f9d8e897abd29,star_components,star_components,166983519832656988188468404378500102193,sorted,sliced,auto,1,36,36,balanced,100000,2,78100
target/balance-work/smoke,f0dfdce6df109f3472f4ac78d85bf65308ba142fa7908172c00f9d8e897abd29,star_components,star_components,166983519832656988188468404378500102193,sorted,sliced,auto,1,36,36,baseline,0,2,69200
target/balance-work/smoke,f0dfdce6df109f3472f4ac78d85bf65308ba142fa7908172c00f9d8e897abd29,star_components,star_components,166983519832656988188468404378500102193,sorted,sliced,auto,1,36,36,repair,100000,2,77800
target/balance-work/smoke,f0dfdce6df109f3472f4ac78d85bf65308ba142fa7908172c00f9d8e897abd29,star_components,star_components,166983519832656988188468404378500102193,sorted,sliced,streaming,1,36,36,repair,100000,0,163400
target/balance-work/smoke,f0dfdce6df109f3472f4ac78d85bf65308ba142fa7908172c00f9d8e897abd29,star_components,star_components,166983519832656988188468404378500102193,sorted,sliced,streaming,1,36,36,balanced,100000,0,245200
target/balance-work/smoke,f0dfdce6df109f3472f4ac78d85bf65308ba142fa7908172c00f9d8e897abd29,star_components,star_components,166983519832656988188468404378500102193,sorted,sliced,streaming,1,36,36,baseline,0,0,173100
target/balance-work/smoke,f0dfdce6df109f3472f4ac78d85bf65308ba142fa7908172c00f9d8e897abd29,star_components,star_components,166983519832656988188468404378500102193,sorted,sliced,streaming,1,36,36,repair,100000,1,176600
target/balance-work/smoke,f0dfdce6df109f3472f4ac78d85bf65308ba142fa7908172c00f9d8e897abd29,star_components,star_components,166983519832656988188468404378500102193,sorted,sliced,streaming,1,36,36,balanced,100000,1,169000
target/balance-work/smoke,f0dfdce6df109f3472f4ac78d85bf65308ba142fa7908172c00f9d8e897abd29,star_components,star_components,166983519832656988188468404378500102193,sorted,sliced,streaming,1,36,36,baseline,0,1,167000
target/balance-work/smoke,f0dfdce6df109f3472f4ac78d85bf65308ba142fa7908172c00f9d8e897abd29,star_components,star_components,166983519832656988188468404378500102193,sorted,sliced,streaming,1,36,36,balanced,100000,2,185200
target/balance-work/smoke,f0dfdce6df109f3472f4ac78d85bf65308ba142fa7908172c00f9d8e897abd29,star_components,star_components,166983519832656988188468404378500102193,sorted,sliced,streaming,1,36,36,baseline,0,2,174700
target/balance-work/smoke,f0dfdce6df109f3472f4ac78d85bf65308ba142fa7908172c00f9d8e897abd29,star_components,star_components,166983519832656988188468404378500102193,sorted,sliced,streaming,1,36,36,repair,100000,2,174300
target/balance-work/smoke,f0dfdce6df109f3472f4ac78d85bf65308ba142fa7908172c00f9d8e897abd29,star_components,star_components,166983519832656988188468404378500102193,sorted,multi_chunk,auto,1,36,36,repair,100000,0,68800
target/balance-work/smoke,f0dfdce6df109f3472f4ac78d85bf65308ba142fa7908172c00f9d8e897abd29,star_components,star_components,166983519832656988188468404378500102193,sorted,multi_chunk,auto,1,36,36,balanced,100000,0,62500
target/balance-work/smoke,f0dfdce6df109f3472f4ac78d85bf65308ba142fa7908172c00f9d8e897abd29,star_components,star_components,166983519832656988188468404378500102193,sorted,multi_chunk,auto,1,36,36,baseline,0,0,57500
target/balance-work/smoke,f0dfdce6df109f3472f4ac78d85bf65308ba142fa7908172c00f9d8e897abd29,star_components,star_components,166983519832656988188468404378500102193,sorted,multi_chunk,auto,1,36,36,baseline,0,1,60600
target/balance-work/smoke,f0dfdce6df109f3472f4ac78d85bf65308ba142fa7908172c00f9d8e897abd29,star_components,star_components,166983519832656988188468404378500102193,sorted,multi_chunk,auto,1,36,36,repair,100000,1,66700
target/balance-work/smoke,f0dfdce6df109f3472f4ac78d85bf65308ba142fa7908172c00f9d8e897abd29,star_components,star_components,166983519832656988188468404378500102193,sorted,multi_chunk,auto,1,36,36,balanced,100000,1,61600
target/balance-work/smoke,f0dfdce6df109f3472f4ac78d85bf65308ba142fa7908172c00f9d8e897abd29,star_components,star_components,166983519832656988188468404378500102193,sorted,multi_chunk,auto,1,36,36,repair,100000,2,86900
target/balance-work/smoke,f0dfdce6df109f3472f4ac78d85bf65308ba142fa7908172c00f9d8e897abd29,star_components,star_components,166983519832656988188468404378500102193,sorted,multi_chunk,auto,1,36,36,balanced,100000,2,62600
target/balance-work/smoke,f0dfdce6df109f3472f4ac78d85bf65308ba142fa7908172c00f9d8e897abd29,star_components,star_components,166983519832656988188468404378500102193,sorted,multi_chunk,auto,1,36,36,baseline,0,2,58000
target/balance-work/smoke,f0dfdce6df109f3472f4ac78d85bf65308ba142fa7908172c00f9d8e897abd29,star_components,star_components,166983519832656988188468404378500102193,sorted,multi_chunk,streaming,1,36,36,baseline,0,0,203600
target/balance-work/smoke,f0dfdce6df109f3472f4ac78d85bf65308ba142fa7908172c00f9d8e897abd29,star_components,star_components,166983519832656988188468404378500102193,sorted,multi_chunk,streaming,1,36,36,repair,100000,0,252600
target/balance-work/smoke,f0dfdce6df109f3472f4ac78d85bf65308ba142fa7908172c00f9d8e897abd29,star_components,star_components,166983519832656988188468404378500102193,sorted,multi_chunk,streaming,1,36,36,balanced,100000,0,169300
target/balance-work/smoke,f0dfdce6df109f3472f4ac78d85bf65308ba142fa7908172c00f9d8e897abd29,star_components,star_components,166983519832656988188468404378500102193,sorted,multi_chunk,streaming,1,36,36,baseline,0,1,157200
target/balance-work/smoke,f0dfdce6df109f3472f4ac78d85bf65308ba142fa7908172c00f9d8e897abd29,star_components,star_components,166983519832656988188468404378500102193,sorted,multi_chunk,streaming,1,36,36,repair,100000,1,172500
target/balance-work/smoke,f0dfdce6df109f3472f4ac78d85bf65308ba142fa7908172c00f9d8e897abd29,star_components,star_components,166983519832656988188468404378500102193,sorted,multi_chunk,streaming,1,36,36,balanced,100000,1,155500
target/balance-work/smoke,f0dfdce6df109f3472f4ac78d85bf65308ba142fa7908172c00f9d8e897abd29,star_components,star_components,166983519832656988188468404378500102193,sorted,multi_chunk,streaming,1,36,36,baseline,0,2,172300
target/balance-work/smoke,f0dfdce6df109f3472f4ac78d85bf65308ba142fa7908172c00f9d8e897abd29,star_components,star_components,166983519832656988188468404378500102193,sorted,multi_chunk,streaming,1,36,36,repair,100000,2,163800
target/balance-work/smoke,f0dfdce6df109f3472f4ac78d85bf65308ba142fa7908172c00f9d8e897abd29,star_components,star_components,166983519832656988188468404378500102193,sorted,multi_chunk,streaming,1,36,36,balanced,100000,2,172300
target/balance-work/smoke,47ae622521f9a468209ab287b74ba4f893729dad94da3a5ebd0ec62ecd33a0bd,star_components,star_components,166983519832656988188468404378500102193,shuffled,integer,auto,1,36,36,baseline,0,0,60600
target/balance-work/smoke,47ae622521f9a468209ab287b74ba4f893729dad94da3a5ebd0ec62ecd33a0bd,star_components,star_components,166983519832656988188468404378500102193,shuffled,integer,auto,1,36,36,repair,100000,0,66600
target/balance-work/smoke,47ae622521f9a468209ab287b74ba4f893729dad94da3a5ebd0ec62ecd33a0bd,star_components,star_components,166983519832656988188468404378500102193,shuffled,integer,auto,1,36,36,balanced,100000,0,62400
target/balance-work/smoke,47ae622521f9a468209ab287b74ba4f893729dad94da3a5ebd0ec62ecd33a0bd,star_components,star_components,166983519832656988188468404378500102193,shuffled,integer,auto,1,36,36,repair,100000,1,70000
target/balance-work/smoke,47ae622521f9a468209ab287b74ba4f893729dad94da3a5ebd0ec62ecd33a0bd,star_components,star_components,166983519832656988188468404378500102193,shuffled,integer,auto,1,36,36,balanced,100000,1,66900
target/balance-work/smoke,47ae622521f9a468209ab287b74ba4f893729dad94da3a5ebd0ec62ecd33a0bd,star_components,star_components,166983519832656988188468404378500102193,shuffled,integer,auto,1,36,36,baseline,0,1,57500
target/balance-work/smoke,47ae622521f9a468209ab287b74ba4f893729dad94da3a5ebd0ec62ecd33a0bd,star_components,star_components,166983519832656988188468404378500102193,shuffled,integer,auto,1,36,36,baseline,0,2,60200
target/balance-work/smoke,47ae622521f9a468209ab287b74ba4f893729dad94da3a5ebd0ec62ecd33a0bd,star_components,star_components,166983519832656988188468404378500102193,shuffled,integer,auto,1,36,36,repair,100000,2,66300
target/balance-work/smoke,47ae622521f9a468209ab287b74ba4f893729dad94da3a5ebd0ec62ecd33a0bd,star_components,star_components,166983519832656988188468404378500102193,shuffled,integer,auto,1,36,36,balanced,100000,2,61300
target/balance-work/smoke,47ae622521f9a468209ab287b74ba4f893729dad94da3a5ebd0ec62ecd33a0bd,star_components,star_components,166983519832656988188468404378500102193,shuffled,integer,streaming,1,36,36,repair,100000,0,173200
target/balance-work/smoke,47ae622521f9a468209ab287b74ba4f893729dad94da3a5ebd0ec62ecd33a0bd,star_components,star_components,166983519832656988188468404378500102193,shuffled,integer,streaming,1,36,36,balanced,100000,0,178900
target/balance-work/smoke,47ae622521f9a468209ab287b74ba4f893729dad94da3a5ebd0ec62ecd33a0bd,star_components,star_components,166983519832656988188468404378500102193,shuffled,integer,streaming,1,36,36,baseline,0,0,157600
target/balance-work/smoke,47ae622521f9a468209ab287b74ba4f893729dad94da3a5ebd0ec62ecd33a0bd,star_components,star_components,166983519832656988188468404378500102193,shuffled,integer,streaming,1,36,36,balanced,100000,1,145900
target/balance-work/smoke,47ae622521f9a468209ab287b74ba4f893729dad94da3a5ebd0ec62ecd33a0bd,star_components,star_components,166983519832656988188468404378500102193,shuffled,integer,streaming,1,36,36,baseline,0,1,139300
target/balance-work/smoke,47ae622521f9a468209ab287b74ba4f893729dad94da3a5ebd0ec62ecd33a0bd,star_components,star_components,166983519832656988188468404378500102193,shuffled,integer,streaming,1,36,36,repair,100000,1,168500
target/balance-work/smoke,47ae622521f9a468209ab287b74ba4f893729dad94da3a5ebd0ec62ecd33a0bd,star_components,star_components,166983519832656988188468404378500102193,shuffled,integer,streaming,1,36,36,baseline,0,2,322700
target/balance-work/smoke,47ae622521f9a468209ab287b74ba4f893729dad94da3a5ebd0ec62ecd33a0bd,star_components,star_components,166983519832656988188468404378500102193,shuffled,integer,streaming,1,36,36,repair,100000,2,188200
target/balance-work/smoke,47ae622521f9a468209ab287b74ba4f893729dad94da3a5ebd0ec62ecd33a0bd,star_components,star_components,166983519832656988188468404378500102193,shuffled,integer,streaming,1,36,36,balanced,100000,2,149900
target/balance-work/smoke,47ae622521f9a468209ab287b74ba4f893729dad94da3a5ebd0ec62ecd33a0bd,star_components,star_components,166983519832656988188468404378500102193,shuffled,date,auto,1,36,36,baseline,0,0,60500
target/balance-work/smoke,47ae622521f9a468209ab287b74ba4f893729dad94da3a5ebd0ec62ecd33a0bd,star_components,star_components,166983519832656988188468404378500102193,shuffled,date,auto,1,36,36,repair,100000,0,68800
target/balance-work/smoke,47ae622521f9a468209ab287b74ba4f893729dad94da3a5ebd0ec62ecd33a0bd,star_components,star_components,166983519832656988188468404378500102193,shuffled,date,auto,1,36,36,balanced,100000,0,62900
target/balance-work/smoke,47ae622521f9a468209ab287b74ba4f893729dad94da3a5ebd0ec62ecd33a0bd,star_components,star_components,166983519832656988188468404378500102193,shuffled,date,auto,1,36,36,balanced,100000,1,74500
target/balance-work/smoke,47ae622521f9a468209ab287b74ba4f893729dad94da3a5ebd0ec62ecd33a0bd,star_components,star_components,166983519832656988188468404378500102193,shuffled,date,auto,1,36,36,baseline,0,1,60300
target/balance-work/smoke,47ae622521f9a468209ab287b74ba4f893729dad94da3a5ebd0ec62ecd33a0bd,star_components,star_components,166983519832656988188468404378500102193,shuffled,date,auto,1,36,36,repair,100000,1,68300
target/balance-work/smoke,47ae622521f9a468209ab287b74ba4f893729dad94da3a5ebd0ec62ecd33a0bd,star_components,star_components,166983519832656988188468404378500102193,shuffled,date,auto,1,36,36,balanced,100000,2,66300
target/balance-work/smoke,47ae622521f9a468209ab287b74ba4f893729dad94da3a5ebd0ec62ecd33a0bd,star_components,star_components,166983519832656988188468404378500102193,shuffled,date,auto,1,36,36,baseline,0,2,58800
target/balance-work/smoke,47ae622521f9a468209ab287b74ba4f893729dad94da3a5ebd0ec62ecd33a0bd,star_components,star_components,166983519832656988188468404378500102193,shuffled,date,auto,1,36,36,repair,100000,2,67700
target/balance-work/smoke,47ae622521f9a468209ab287b74ba4f893729dad94da3a5ebd0ec62ecd33a0bd,star_components,star_components,166983519832656988188468404378500102193,shuffled,date,streaming,1,36,36,repair,100000,0,180500
target/balance-work/smoke,47ae622521f9a468209ab287b74ba4f893729dad94da3a5ebd0ec62ecd33a0bd,star_components,star_components,166983519832656988188468404378500102193,shuffled,date,streaming,1,36,36,balanced,100000,0,162900
target/balance-work/smoke,47ae622521f9a468209ab287b74ba4f893729dad94da3a5ebd0ec62ecd33a0bd,star_components,star_components,166983519832656988188468404378500102193,shuffled,date,streaming,1,36,36,baseline,0,0,161600
target/balance-work/smoke,47ae622521f9a468209ab287b74ba4f893729dad94da3a5ebd0ec62ecd33a0bd,star_components,star_components,166983519832656988188468404378500102193,shuffled,date,streaming,1,36,36,baseline,0,1,168900
target/balance-work/smoke,47ae622521f9a468209ab287b74ba4f893729dad94da3a5ebd0ec62ecd33a0bd,star_components,star_components,166983519832656988188468404378500102193,shuffled,date,streaming,1,36,36,repair,100000,1,195100
target/balance-work/smoke,47ae622521f9a468209ab287b74ba4f893729dad94da3a5ebd0ec62ecd33a0bd,star_components,star_components,166983519832656988188468404378500102193,shuffled,date,streaming,1,36,36,balanced,100000,1,164000
target/balance-work/smoke,47ae622521f9a468209ab287b74ba4f893729dad94da3a5ebd0ec62ecd33a0bd,star_components,star_components,166983519832656988188468404378500102193,shuffled,date,streaming,1,36,36,balanced,100000,2,160000
target/balance-work/smoke,47ae622521f9a468209ab287b74ba4f893729dad94da3a5ebd0ec62ecd33a0bd,star_components,star_components,166983519832656988188468404378500102193,shuffled,date,streaming,1,36,36,baseline,0,2,152000
target/balance-work/smoke,47ae622521f9a468209ab287b74ba4f893729dad94da3a5ebd0ec62ecd33a0bd,star_components,star_components,166983519832656988188468404378500102193,shuffled,date,streaming,1,36,36,repair,100000,2,177200
target/balance-work/smoke,47ae622521f9a468209ab287b74ba4f893729dad94da3a5ebd0ec62ecd33a0bd,star_components,star_components,166983519832656988188468404378500102193,shuffled,datetime,auto,1,36,36,baseline,0,0,61800
target/balance-work/smoke,47ae622521f9a468209ab287b74ba4f893729dad94da3a5ebd0ec62ecd33a0bd,star_components,star_components,166983519832656988188468404378500102193,shuffled,datetime,auto,1,36,36,repair,100000,0,71300
target/balance-work/smoke,47ae622521f9a468209ab287b74ba4f893729dad94da3a5ebd0ec62ecd33a0bd,star_components,star_components,166983519832656988188468404378500102193,shuffled,datetime,auto,1,36,36,balanced,100000,0,66400
target/balance-work/smoke,47ae622521f9a468209ab287b74ba4f893729dad94da3a5ebd0ec62ecd33a0bd,star_components,star_components,166983519832656988188468404378500102193,shuffled,datetime,auto,1,36,36,balanced,100000,1,77900
target/balance-work/smoke,47ae622521f9a468209ab287b74ba4f893729dad94da3a5ebd0ec62ecd33a0bd,star_components,star_components,166983519832656988188468404378500102193,shuffled,datetime,auto,1,36,36,baseline,0,1,60000
target/balance-work/smoke,47ae622521f9a468209ab287b74ba4f893729dad94da3a5ebd0ec62ecd33a0bd,star_components,star_components,166983519832656988188468404378500102193,shuffled,datetime,auto,1,36,36,repair,100000,1,70000
target/balance-work/smoke,47ae622521f9a468209ab287b74ba4f893729dad94da3a5ebd0ec62ecd33a0bd,star_components,star_components,166983519832656988188468404378500102193,shuffled,datetime,auto,1,36,36,repair,100000,2,74000
target/balance-work/smoke,47ae622521f9a468209ab287b74ba4f893729dad94da3a5ebd0ec62ecd33a0bd,star_components,star_components,166983519832656988188468404378500102193,shuffled,datetime,auto,1,36,36,balanced,100000,2,64400
target/balance-work/smoke,47ae622521f9a468209ab287b74ba4f893729dad94da3a5ebd0ec62ecd33a0bd,star_components,star_components,166983519832656988188468404378500102193,shuffled,datetime,auto,1,36,36,baseline,0,2,60000
target/balance-work/smoke,47ae622521f9a468209ab287b74ba4f893729dad94da3a5ebd0ec62ecd33a0bd,star_components,star_components,166983519832656988188468404378500102193,shuffled,datetime,streaming,1,36,36,repair,100000,0,189900
target/balance-work/smoke,47ae622521f9a468209ab287b74ba4f893729dad94da3a5ebd0ec62ecd33a0bd,star_components,star_components,166983519832656988188468404378500102193,shuffled,datetime,streaming,1,36,36,balanced,100000,0,164500
target/balance-work/smoke,47ae622521f9a468209ab287b74ba4f893729dad94da3a5ebd0ec62ecd33a0bd,star_components,star_components,166983519832656988188468404378500102193,shuffled,datetime,streaming,1,36,36,baseline,0,0,164800
target/balance-work/smoke,47ae622521f9a468209ab287b74ba4f893729dad94da3a5ebd0ec62ecd33a0bd,star_components,star_components,166983519832656988188468404378500102193,shuffled,datetime,streaming,1,36,36,balanced,100000,1,210300
target/balance-work/smoke,47ae622521f9a468209ab287b74ba4f893729dad94da3a5ebd0ec62ecd33a0bd,star_components,star_components,166983519832656988188468404378500102193,shuffled,datetime,streaming,1,36,36,baseline,0,1,181000
target/balance-work/smoke,47ae622521f9a468209ab287b74ba4f893729dad94da3a5ebd0ec62ecd33a0bd,star_components,star_components,166983519832656988188468404378500102193,shuffled,datetime,streaming,1,36,36,repair,100000,1,189200
target/balance-work/smoke,47ae622521f9a468209ab287b74ba4f893729dad94da3a5ebd0ec62ecd33a0bd,star_components,star_components,166983519832656988188468404378500102193,shuffled,datetime,streaming,1,36,36,repair,100000,2,182300
target/balance-work/smoke,47ae622521f9a468209ab287b74ba4f893729dad94da3a5ebd0ec62ecd33a0bd,star_components,star_components,166983519832656988188468404378500102193,shuffled,datetime,streaming,1,36,36,balanced,100000,2,161300
target/balance-work/smoke,47ae622521f9a468209ab287b74ba4f893729dad94da3a5ebd0ec62ecd33a0bd,star_components,star_components,166983519832656988188468404378500102193,shuffled,datetime,streaming,1,36,36,baseline,0,2,164000
target/balance-work/smoke,47ae622521f9a468209ab287b74ba4f893729dad94da3a5ebd0ec62ecd33a0bd,star_components,star_components,166983519832656988188468404378500102193,shuffled,grouped,auto,4,144,36,repair,100000,0,157000
target/balance-work/smoke,47ae622521f9a468209ab287b74ba4f893729dad94da3a5ebd0ec62ecd33a0bd,star_components,star_components,166983519832656988188468404378500102193,shuffled,grouped,auto,4,144,36,balanced,100000,0,124700
target/balance-work/smoke,47ae622521f9a468209ab287b74ba4f893729dad94da3a5ebd0ec62ecd33a0bd,star_components,star_components,166983519832656988188468404378500102193,shuffled,grouped,auto,4,144,36,baseline,0,0,116600
target/balance-work/smoke,47ae622521f9a468209ab287b74ba4f893729dad94da3a5ebd0ec62ecd33a0bd,star_components,star_components,166983519832656988188468404378500102193,shuffled,grouped,auto,4,144,36,repair,100000,1,141400
target/balance-work/smoke,47ae622521f9a468209ab287b74ba4f893729dad94da3a5ebd0ec62ecd33a0bd,star_components,star_components,166983519832656988188468404378500102193,shuffled,grouped,auto,4,144,36,balanced,100000,1,123400
target/balance-work/smoke,47ae622521f9a468209ab287b74ba4f893729dad94da3a5ebd0ec62ecd33a0bd,star_components,star_components,166983519832656988188468404378500102193,shuffled,grouped,auto,4,144,36,baseline,0,1,114800
target/balance-work/smoke,47ae622521f9a468209ab287b74ba4f893729dad94da3a5ebd0ec62ecd33a0bd,star_components,star_components,166983519832656988188468404378500102193,shuffled,grouped,auto,4,144,36,balanced,100000,2,126200
target/balance-work/smoke,47ae622521f9a468209ab287b74ba4f893729dad94da3a5ebd0ec62ecd33a0bd,star_components,star_components,166983519832656988188468404378500102193,shuffled,grouped,auto,4,144,36,baseline,0,2,186100
target/balance-work/smoke,47ae622521f9a468209ab287b74ba4f893729dad94da3a5ebd0ec62ecd33a0bd,star_components,star_components,166983519832656988188468404378500102193,shuffled,grouped,auto,4,144,36,repair,100000,2,257300
target/balance-work/smoke,47ae622521f9a468209ab287b74ba4f893729dad94da3a5ebd0ec62ecd33a0bd,star_components,star_components,166983519832656988188468404378500102193,shuffled,grouped,streaming,4,144,36,repair,100000,0,247200
target/balance-work/smoke,47ae622521f9a468209ab287b74ba4f893729dad94da3a5ebd0ec62ecd33a0bd,star_components,star_components,166983519832656988188468404378500102193,shuffled,grouped,streaming,4,144,36,balanced,100000,0,195200
target/balance-work/smoke,47ae622521f9a468209ab287b74ba4f893729dad94da3a5ebd0ec62ecd33a0bd,star_components,star_components,166983519832656988188468404378500102193,shuffled,grouped,streaming,4,144,36,baseline,0,0,222300
target/balance-work/smoke,47ae622521f9a468209ab287b74ba4f893729dad94da3a5ebd0ec62ecd33a0bd,star_components,star_components,166983519832656988188468404378500102193,shuffled,grouped,streaming,4,144,36,baseline,0,1,230600
target/balance-work/smoke,47ae622521f9a468209ab287b74ba4f893729dad94da3a5ebd0ec62ecd33a0bd,star_components,star_components,166983519832656988188468404378500102193,shuffled,grouped,streaming,4,144,36,repair,100000,1,231500
target/balance-work/smoke,47ae622521f9a468209ab287b74ba4f893729dad94da3a5ebd0ec62ecd33a0bd,star_components,star_components,166983519832656988188468404378500102193,shuffled,grouped,streaming,4,144,36,balanced,100000,1,217000
target/balance-work/smoke,47ae622521f9a468209ab287b74ba4f893729dad94da3a5ebd0ec62ecd33a0bd,star_components,star_components,166983519832656988188468404378500102193,shuffled,grouped,streaming,4,144,36,baseline,0,2,206700
target/balance-work/smoke,47ae622521f9a468209ab287b74ba4f893729dad94da3a5ebd0ec62ecd33a0bd,star_components,star_components,166983519832656988188468404378500102193,shuffled,grouped,streaming,4,144,36,repair,100000,2,221900
target/balance-work/smoke,47ae622521f9a468209ab287b74ba4f893729dad94da3a5ebd0ec62ecd33a0bd,star_components,star_components,166983519832656988188468404378500102193,shuffled,grouped,streaming,4,144,36,balanced,100000,2,218800
target/balance-work/smoke,47ae622521f9a468209ab287b74ba4f893729dad94da3a5ebd0ec62ecd33a0bd,star_components,star_components,166983519832656988188468404378500102193,shuffled,sliced,auto,1,36,36,balanced,100000,0,61600
target/balance-work/smoke,47ae622521f9a468209ab287b74ba4f893729dad94da3a5ebd0ec62ecd33a0bd,star_components,star_components,166983519832656988188468404378500102193,shuffled,sliced,auto,1,36,36,baseline,0,0,56600
target/balance-work/smoke,47ae622521f9a468209ab287b74ba4f893729dad94da3a5ebd0ec62ecd33a0bd,star_components,star_components,166983519832656988188468404378500102193,shuffled,sliced,auto,1,36,36,repair,100000,0,64400
target/balance-work/smoke,47ae622521f9a468209ab287b74ba4f893729dad94da3a5ebd0ec62ecd33a0bd,star_components,star_components,166983519832656988188468404378500102193,shuffled,sliced,auto,1,36,36,baseline,0,1,62500
target/balance-work/smoke,47ae622521f9a468209ab287b74ba4f893729dad94da3a5ebd0ec62ecd33a0bd,star_components,star_components,166983519832656988188468404378500102193,shuffled,sliced,auto,1,36,36,repair,100000,1,65600
target/balance-work/smoke,47ae622521f9a468209ab287b74ba4f893729dad94da3a5ebd0ec62ecd33a0bd,star_components,star_components,166983519832656988188468404378500102193,shuffled,sliced,auto,1,36,36,balanced,100000,1,60600
target/balance-work/smoke,47ae622521f9a468209ab287b74ba4f893729dad94da3a5ebd0ec62ecd33a0bd,star_components,star_components,166983519832656988188468404378500102193,shuffled,sliced,auto,1,36,36,balanced,100000,2,62500
target/balance-work/smoke,47ae622521f9a468209ab287b74ba4f893729dad94da3a5ebd0ec62ecd33a0bd,star_components,star_components,166983519832656988188468404378500102193,shuffled,sliced,auto,1,36,36,baseline,0,2,56700
target/balance-work/smoke,47ae622521f9a468209ab287b74ba4f893729dad94da3a5ebd0ec62ecd33a0bd,star_components,star_components,166983519832656988188468404378500102193,shuffled,sliced,auto,1,36,36,repair,100000,2,65300
target/balance-work/smoke,47ae622521f9a468209ab287b74ba4f893729dad94da3a5ebd0ec62ecd33a0bd,star_components,star_components,166983519832656988188468404378500102193,shuffled,sliced,streaming,1,36,36,baseline,0,0,153400
target/balance-work/smoke,47ae622521f9a468209ab287b74ba4f893729dad94da3a5ebd0ec62ecd33a0bd,star_components,star_components,166983519832656988188468404378500102193,shuffled,sliced,streaming,1,36,36,repair,100000,0,279200
target/balance-work/smoke,47ae622521f9a468209ab287b74ba4f893729dad94da3a5ebd0ec62ecd33a0bd,star_components,star_components,166983519832656988188468404378500102193,shuffled,sliced,streaming,1,36,36,balanced,100000,0,183500
target/balance-work/smoke,47ae622521f9a468209ab287b74ba4f893729dad94da3a5ebd0ec62ecd33a0bd,star_components,star_components,166983519832656988188468404378500102193,shuffled,sliced,streaming,1,36,36,repair,100000,1,183600
target/balance-work/smoke,47ae622521f9a468209ab287b74ba4f893729dad94da3a5ebd0ec62ecd33a0bd,star_components,star_components,166983519832656988188468404378500102193,shuffled,sliced,streaming,1,36,36,balanced,100000,1,166600
target/balance-work/smoke,47ae622521f9a468209ab287b74ba4f893729dad94da3a5ebd0ec62ecd33a0bd,star_components,star_components,166983519832656988188468404378500102193,shuffled,sliced,streaming,1,36,36,baseline,0,1,252000
target/balance-work/smoke,47ae622521f9a468209ab287b74ba4f893729dad94da3a5ebd0ec62ecd33a0bd,star_components,star_components,166983519832656988188468404378500102193,shuffled,sliced,streaming,1,36,36,baseline,0,2,210700
target/balance-work/smoke,47ae622521f9a468209ab287b74ba4f893729dad94da3a5ebd0ec62ecd33a0bd,star_components,star_components,166983519832656988188468404378500102193,shuffled,sliced,streaming,1,36,36,repair,100000,2,221800
target/balance-work/smoke,47ae622521f9a468209ab287b74ba4f893729dad94da3a5ebd0ec62ecd33a0bd,star_components,star_components,166983519832656988188468404378500102193,shuffled,sliced,streaming,1,36,36,balanced,100000,2,172400
target/balance-work/smoke,47ae622521f9a468209ab287b74ba4f893729dad94da3a5ebd0ec62ecd33a0bd,star_components,star_components,166983519832656988188468404378500102193,shuffled,multi_chunk,auto,1,36,36,repair,100000,0,69900
target/balance-work/smoke,47ae622521f9a468209ab287b74ba4f893729dad94da3a5ebd0ec62ecd33a0bd,star_components,star_components,166983519832656988188468404378500102193,shuffled,multi_chunk,auto,1,36,36,balanced,100000,0,62300
target/balance-work/smoke,47ae622521f9a468209ab287b74ba4f893729dad94da3a5ebd0ec62ecd33a0bd,star_components,star_components,166983519832656988188468404378500102193,shuffled,multi_chunk,auto,1,36,36,baseline,0,0,111000
target/balance-work/smoke,47ae622521f9a468209ab287b74ba4f893729dad94da3a5ebd0ec62ecd33a0bd,star_components,star_components,166983519832656988188468404378500102193,shuffled,multi_chunk,auto,1,36,36,repair,100000,1,150400
target/balance-work/smoke,47ae622521f9a468209ab287b74ba4f893729dad94da3a5ebd0ec62ecd33a0bd,star_components,star_components,166983519832656988188468404378500102193,shuffled,multi_chunk,auto,1,36,36,balanced,100000,1,78800
target/balance-work/smoke,47ae622521f9a468209ab287b74ba4f893729dad94da3a5ebd0ec62ecd33a0bd,star_components,star_components,166983519832656988188468404378500102193,shuffled,multi_chunk,auto,1,36,36,baseline,0,1,61600
target/balance-work/smoke,47ae622521f9a468209ab287b74ba4f893729dad94da3a5ebd0ec62ecd33a0bd,star_components,star_components,166983519832656988188468404378500102193,shuffled,multi_chunk,auto,1,36,36,baseline,0,2,61200
target/balance-work/smoke,47ae622521f9a468209ab287b74ba4f893729dad94da3a5ebd0ec62ecd33a0bd,star_components,star_components,166983519832656988188468404378500102193,shuffled,multi_chunk,auto,1,36,36,repair,100000,2,68700
target/balance-work/smoke,47ae622521f9a468209ab287b74ba4f893729dad94da3a5ebd0ec62ecd33a0bd,star_components,star_components,166983519832656988188468404378500102193,shuffled,multi_chunk,auto,1,36,36,balanced,100000,2,62900
target/balance-work/smoke,47ae622521f9a468209ab287b74ba4f893729dad94da3a5ebd0ec62ecd33a0bd,star_components,star_components,166983519832656988188468404378500102193,shuffled,multi_chunk,streaming,1,36,36,balanced,100000,0,178900
target/balance-work/smoke,47ae622521f9a468209ab287b74ba4f893729dad94da3a5ebd0ec62ecd33a0bd,star_components,star_components,166983519832656988188468404378500102193,shuffled,multi_chunk,streaming,1,36,36,baseline,0,0,168700
target/balance-work/smoke,47ae622521f9a468209ab287b74ba4f893729dad94da3a5ebd0ec62ecd33a0bd,star_components,star_components,166983519832656988188468404378500102193,shuffled,multi_chunk,streaming,1,36,36,repair,100000,0,184200
target/balance-work/smoke,47ae622521f9a468209ab287b74ba4f893729dad94da3a5ebd0ec62ecd33a0bd,star_components,star_components,166983519832656988188468404378500102193,shuffled,multi_chunk,streaming,1,36,36,repair,100000,1,178900
target/balance-work/smoke,47ae622521f9a468209ab287b74ba4f893729dad94da3a5ebd0ec62ecd33a0bd,star_components,star_components,166983519832656988188468404378500102193,shuffled,multi_chunk,streaming,1,36,36,balanced,100000,1,165200
target/balance-work/smoke,47ae622521f9a468209ab287b74ba4f893729dad94da3a5ebd0ec62ecd33a0bd,star_components,star_components,166983519832656988188468404378500102193,shuffled,multi_chunk,streaming,1,36,36,baseline,0,1,164000
target/balance-work/smoke,47ae622521f9a468209ab287b74ba4f893729dad94da3a5ebd0ec62ecd33a0bd,star_components,star_components,166983519832656988188468404378500102193,shuffled,multi_chunk,streaming,1,36,36,repair,100000,2,182200
target/balance-work/smoke,47ae622521f9a468209ab287b74ba4f893729dad94da3a5ebd0ec62ecd33a0bd,star_components,star_components,166983519832656988188468404378500102193,shuffled,multi_chunk,streaming,1,36,36,balanced,100000,2,167100
target/balance-work/smoke,47ae622521f9a468209ab287b74ba4f893729dad94da3a5ebd0ec62ecd33a0bd,star_components,star_components,166983519832656988188468404378500102193,shuffled,multi_chunk,streaming,1,36,36,baseline,0,2,160700
target/balance-work/smoke,ca91b4bb2c20dff23850d176623e768394fce9ab522a2078d5a83a5412b12e73,disjoint,disjoint,215682003345596595290336666079087860600,sorted,integer,auto,1,40,40,balanced,100000,0,72700
target/balance-work/smoke,ca91b4bb2c20dff23850d176623e768394fce9ab522a2078d5a83a5412b12e73,disjoint,disjoint,215682003345596595290336666079087860600,sorted,integer,auto,1,40,40,baseline,0,0,56900
target/balance-work/smoke,ca91b4bb2c20dff23850d176623e768394fce9ab522a2078d5a83a5412b12e73,disjoint,disjoint,215682003345596595290336666079087860600,sorted,integer,auto,1,40,40,repair,100000,0,63900
target/balance-work/smoke,ca91b4bb2c20dff23850d176623e768394fce9ab522a2078d5a83a5412b12e73,disjoint,disjoint,215682003345596595290336666079087860600,sorted,integer,auto,1,40,40,repair,100000,1,67200
target/balance-work/smoke,ca91b4bb2c20dff23850d176623e768394fce9ab522a2078d5a83a5412b12e73,disjoint,disjoint,215682003345596595290336666079087860600,sorted,integer,auto,1,40,40,balanced,100000,1,59200
target/balance-work/smoke,ca91b4bb2c20dff23850d176623e768394fce9ab522a2078d5a83a5412b12e73,disjoint,disjoint,215682003345596595290336666079087860600,sorted,integer,auto,1,40,40,baseline,0,1,55300
target/balance-work/smoke,ca91b4bb2c20dff23850d176623e768394fce9ab522a2078d5a83a5412b12e73,disjoint,disjoint,215682003345596595290336666079087860600,sorted,integer,auto,1,40,40,balanced,100000,2,61400
target/balance-work/smoke,ca91b4bb2c20dff23850d176623e768394fce9ab522a2078d5a83a5412b12e73,disjoint,disjoint,215682003345596595290336666079087860600,sorted,integer,auto,1,40,40,baseline,0,2,55400
target/balance-work/smoke,ca91b4bb2c20dff23850d176623e768394fce9ab522a2078d5a83a5412b12e73,disjoint,disjoint,215682003345596595290336666079087860600,sorted,integer,auto,1,40,40,repair,100000,2,69300
target/balance-work/smoke,ca91b4bb2c20dff23850d176623e768394fce9ab522a2078d5a83a5412b12e73,disjoint,disjoint,215682003345596595290336666079087860600,sorted,integer,streaming,1,40,40,balanced,100000,0,182900
target/balance-work/smoke,ca91b4bb2c20dff23850d176623e768394fce9ab522a2078d5a83a5412b12e73,disjoint,disjoint,215682003345596595290336666079087860600,sorted,integer,streaming,1,40,40,baseline,0,0,161700
target/balance-work/smoke,ca91b4bb2c20dff23850d176623e768394fce9ab522a2078d5a83a5412b12e73,disjoint,disjoint,215682003345596595290336666079087860600,sorted,integer,streaming,1,40,40,repair,100000,0,158700
target/balance-work/smoke,ca91b4bb2c20dff23850d176623e768394fce9ab522a2078d5a83a5412b12e73,disjoint,disjoint,215682003345596595290336666079087860600,sorted,integer,streaming,1,40,40,balanced,100000,1,176100
target/balance-work/smoke,ca91b4bb2c20dff23850d176623e768394fce9ab522a2078d5a83a5412b12e73,disjoint,disjoint,215682003345596595290336666079087860600,sorted,integer,streaming,1,40,40,baseline,0,1,240000
target/balance-work/smoke,ca91b4bb2c20dff23850d176623e768394fce9ab522a2078d5a83a5412b12e73,disjoint,disjoint,215682003345596595290336666079087860600,sorted,integer,streaming,1,40,40,repair,100000,1,238800
target/balance-work/smoke,ca91b4bb2c20dff23850d176623e768394fce9ab522a2078d5a83a5412b12e73,disjoint,disjoint,215682003345596595290336666079087860600,sorted,integer,streaming,1,40,40,balanced,100000,2,188500
target/balance-work/smoke,ca91b4bb2c20dff23850d176623e768394fce9ab522a2078d5a83a5412b12e73,disjoint,disjoint,215682003345596595290336666079087860600,sorted,integer,streaming,1,40,40,baseline,0,2,202000
target/balance-work/smoke,ca91b4bb2c20dff23850d176623e768394fce9ab522a2078d5a83a5412b12e73,disjoint,disjoint,215682003345596595290336666079087860600,sorted,integer,streaming,1,40,40,repair,100000,2,175300
target/balance-work/smoke,ca91b4bb2c20dff23850d176623e768394fce9ab522a2078d5a83a5412b12e73,disjoint,disjoint,215682003345596595290336666079087860600,sorted,date,auto,1,40,40,baseline,0,0,97900
target/balance-work/smoke,ca91b4bb2c20dff23850d176623e768394fce9ab522a2078d5a83a5412b12e73,disjoint,disjoint,215682003345596595290336666079087860600,sorted,date,auto,1,40,40,repair,100000,0,71000
target/balance-work/smoke,ca91b4bb2c20dff23850d176623e768394fce9ab522a2078d5a83a5412b12e73,disjoint,disjoint,215682003345596595290336666079087860600,sorted,date,auto,1,40,40,balanced,100000,0,61300
target/balance-work/smoke,ca91b4bb2c20dff23850d176623e768394fce9ab522a2078d5a83a5412b12e73,disjoint,disjoint,215682003345596595290336666079087860600,sorted,date,auto,1,40,40,repair,100000,1,70200
target/balance-work/smoke,ca91b4bb2c20dff23850d176623e768394fce9ab522a2078d5a83a5412b12e73,disjoint,disjoint,215682003345596595290336666079087860600,sorted,date,auto,1,40,40,balanced,100000,1,63600
target/balance-work/smoke,ca91b4bb2c20dff23850d176623e768394fce9ab522a2078d5a83a5412b12e73,disjoint,disjoint,215682003345596595290336666079087860600,sorted,date,auto,1,40,40,baseline,0,1,57500
target/balance-work/smoke,ca91b4bb2c20dff23850d176623e768394fce9ab522a2078d5a83a5412b12e73,disjoint,disjoint,215682003345596595290336666079087860600,sorted,date,auto,1,40,40,balanced,100000,2,62900
target/balance-work/smoke,ca91b4bb2c20dff23850d176623e768394fce9ab522a2078d5a83a5412b12e73,disjoint,disjoint,215682003345596595290336666079087860600,sorted,date,auto,1,40,40,baseline,0,2,55800
target/balance-work/smoke,ca91b4bb2c20dff23850d176623e768394fce9ab522a2078d5a83a5412b12e73,disjoint,disjoint,215682003345596595290336666079087860600,sorted,date,auto,1,40,40,repair,100000,2,65800
target/balance-work/smoke,ca91b4bb2c20dff23850d176623e768394fce9ab522a2078d5a83a5412b12e73,disjoint,disjoint,215682003345596595290336666079087860600,sorted,date,streaming,1,40,40,repair,100000,0,192800
target/balance-work/smoke,ca91b4bb2c20dff23850d176623e768394fce9ab522a2078d5a83a5412b12e73,disjoint,disjoint,215682003345596595290336666079087860600,sorted,date,streaming,1,40,40,balanced,100000,0,162200
target/balance-work/smoke,ca91b4bb2c20dff23850d176623e768394fce9ab522a2078d5a83a5412b12e73,disjoint,disjoint,215682003345596595290336666079087860600,sorted,date,streaming,1,40,40,baseline,0,0,146600
target/balance-work/smoke,ca91b4bb2c20dff23850d176623e768394fce9ab522a2078d5a83a5412b12e73,disjoint,disjoint,215682003345596595290336666079087860600,sorted,date,streaming,1,40,40,repair,100000,1,261500
target/balance-work/smoke,ca91b4bb2c20dff23850d176623e768394fce9ab522a2078d5a83a5412b12e73,disjoint,disjoint,215682003345596595290336666079087860600,sorted,date,streaming,1,40,40,balanced,100000,1,233700
target/balance-work/smoke,ca91b4bb2c20dff23850d176623e768394fce9ab522a2078d5a83a5412b12e73,disjoint,disjoint,215682003345596595290336666079087860600,sorted,date,streaming,1,40,40,baseline,0,1,199500
target/balance-work/smoke,ca91b4bb2c20dff23850d176623e768394fce9ab522a2078d5a83a5412b12e73,disjoint,disjoint,215682003345596595290336666079087860600,sorted,date,streaming,1,40,40,repair,100000,2,310400
target/balance-work/smoke,ca91b4bb2c20dff23850d176623e768394fce9ab522a2078d5a83a5412b12e73,disjoint,disjoint,215682003345596595290336666079087860600,sorted,date,streaming,1,40,40,balanced,100000,2,231600
target/balance-work/smoke,ca91b4bb2c20dff23850d176623e768394fce9ab522a2078d5a83a5412b12e73,disjoint,disjoint,215682003345596595290336666079087860600,sorted,date,streaming,1,40,40,baseline,0,2,185800
target/balance-work/smoke,ca91b4bb2c20dff23850d176623e768394fce9ab522a2078d5a83a5412b12e73,disjoint,disjoint,215682003345596595290336666079087860600,sorted,datetime,auto,1,40,40,baseline,0,0,60600
target/balance-work/smoke,ca91b4bb2c20dff23850d176623e768394fce9ab522a2078d5a83a5412b12e73,disjoint,disjoint,215682003345596595290336666079087860600,sorted,datetime,auto,1,40,40,repair,100000,0,67800
target/balance-work/smoke,ca91b4bb2c20dff23850d176623e768394fce9ab522a2078d5a83a5412b12e73,disjoint,disjoint,215682003345596595290336666079087860600,sorted,datetime,auto,1,40,40,balanced,100000,0,63400
target/balance-work/smoke,ca91b4bb2c20dff23850d176623e768394fce9ab522a2078d5a83a5412b12e73,disjoint,disjoint,215682003345596595290336666079087860600,sorted,datetime,auto,1,40,40,repair,100000,1,72100
target/balance-work/smoke,ca91b4bb2c20dff23850d176623e768394fce9ab522a2078d5a83a5412b12e73,disjoint,disjoint,215682003345596595290336666079087860600,sorted,datetime,auto,1,40,40,balanced,100000,1,65600
target/balance-work/smoke,ca91b4bb2c20dff23850d176623e768394fce9ab522a2078d5a83a5412b12e73,disjoint,disjoint,215682003345596595290336666079087860600,sorted,datetime,auto,1,40,40,baseline,0,1,59900
target/balance-work/smoke,ca91b4bb2c20dff23850d176623e768394fce9ab522a2078d5a83a5412b12e73,disjoint,disjoint,215682003345596595290336666079087860600,sorted,datetime,auto,1,40,40,balanced,100000,2,65800
target/balance-work/smoke,ca91b4bb2c20dff23850d176623e768394fce9ab522a2078d5a83a5412b12e73,disjoint,disjoint,215682003345596595290336666079087860600,sorted,datetime,auto,1,40,40,baseline,0,2,58800
target/balance-work/smoke,ca91b4bb2c20dff23850d176623e768394fce9ab522a2078d5a83a5412b12e73,disjoint,disjoint,215682003345596595290336666079087860600,sorted,datetime,auto,1,40,40,repair,100000,2,73100
target/balance-work/smoke,ca91b4bb2c20dff23850d176623e768394fce9ab522a2078d5a83a5412b12e73,disjoint,disjoint,215682003345596595290336666079087860600,sorted,datetime,streaming,1,40,40,baseline,0,0,165700
target/balance-work/smoke,ca91b4bb2c20dff23850d176623e768394fce9ab522a2078d5a83a5412b12e73,disjoint,disjoint,215682003345596595290336666079087860600,sorted,datetime,streaming,1,40,40,repair,100000,0,171300
target/balance-work/smoke,ca91b4bb2c20dff23850d176623e768394fce9ab522a2078d5a83a5412b12e73,disjoint,disjoint,215682003345596595290336666079087860600,sorted,datetime,streaming,1,40,40,balanced,100000,0,161200
target/balance-work/smoke,ca91b4bb2c20dff23850d176623e768394fce9ab522a2078d5a83a5412b12e73,disjoint,disjoint,215682003345596595290336666079087860600,sorted,datetime,streaming,1,40,40,repair,100000,1,180500
target/balance-work/smoke,ca91b4bb2c20dff23850d176623e768394fce9ab522a2078d5a83a5412b12e73,disjoint,disjoint,215682003345596595290336666079087860600,sorted,datetime,streaming,1,40,40,balanced,100000,1,170800
target/balance-work/smoke,ca91b4bb2c20dff23850d176623e768394fce9ab522a2078d5a83a5412b12e73,disjoint,disjoint,215682003345596595290336666079087860600,sorted,datetime,streaming,1,40,40,baseline,0,1,157400
target/balance-work/smoke,ca91b4bb2c20dff23850d176623e768394fce9ab522a2078d5a83a5412b12e73,disjoint,disjoint,215682003345596595290336666079087860600,sorted,datetime,streaming,1,40,40,balanced,100000,2,167200
target/balance-work/smoke,ca91b4bb2c20dff23850d176623e768394fce9ab522a2078d5a83a5412b12e73,disjoint,disjoint,215682003345596595290336666079087860600,sorted,datetime,streaming,1,40,40,baseline,0,2,156400
target/balance-work/smoke,ca91b4bb2c20dff23850d176623e768394fce9ab522a2078d5a83a5412b12e73,disjoint,disjoint,215682003345596595290336666079087860600,sorted,datetime,streaming,1,40,40,repair,100000,2,144800
target/balance-work/smoke,ca91b4bb2c20dff23850d176623e768394fce9ab522a2078d5a83a5412b12e73,disjoint,disjoint,215682003345596595290336666079087860600,sorted,grouped,auto,4,160,40,balanced,100000,0,174600
target/balance-work/smoke,ca91b4bb2c20dff23850d176623e768394fce9ab522a2078d5a83a5412b12e73,disjoint,disjoint,215682003345596595290336666079087860600,sorted,grouped,auto,4,160,40,baseline,0,0,125500
target/balance-work/smoke,ca91b4bb2c20dff23850d176623e768394fce9ab522a2078d5a83a5412b12e73,disjoint,disjoint,215682003345596595290336666079087860600,sorted,grouped,auto,4,160,40,repair,100000,0,137400
target/balance-work/smoke,ca91b4bb2c20dff23850d176623e768394fce9ab522a2078d5a83a5412b12e73,disjoint,disjoint,215682003345596595290336666079087860600,sorted,grouped,auto,4,160,40,balanced,100000,1,122900
target/balance-work/smoke,ca91b4bb2c20dff23850d176623e768394fce9ab522a2078d5a83a5412b12e73,disjoint,disjoint,215682003345596595290336666079087860600,sorted,grouped,auto,4,160,40,baseline,0,1,117900
target/balance-work/smoke,ca91b4bb2c20dff23850d176623e768394fce9ab522a2078d5a83a5412b12e73,disjoint,disjoint,215682003345596595290336666079087860600,sorted,grouped,auto,4,160,40,repair,100000,1,137100
target/balance-work/smoke,ca91b4bb2c20dff23850d176623e768394fce9ab522a2078d5a83a5412b12e73,disjoint,disjoint,215682003345596595290336666079087860600,sorted,grouped,auto,4,160,40,balanced,100000,2,151000
target/balance-work/smoke,ca91b4bb2c20dff23850d176623e768394fce9ab522a2078d5a83a5412b12e73,disjoint,disjoint,215682003345596595290336666079087860600,sorted,grouped,auto,4,160,40,baseline,0,2,115800
target/balance-work/smoke,ca91b4bb2c20dff23850d176623e768394fce9ab522a2078d5a83a5412b12e73,disjoint,disjoint,215682003345596595290336666079087860600,sorted,grouped,auto,4,160,40,repair,100000,2,135500
target/balance-work/smoke,ca91b4bb2c20dff23850d176623e768394fce9ab522a2078d5a83a5412b12e73,disjoint,disjoint,215682003345596595290336666079087860600,sorted,grouped,streaming,4,160,40,balanced,100000,0,239100
target/balance-work/smoke,ca91b4bb2c20dff23850d176623e768394fce9ab522a2078d5a83a5412b12e73,disjoint,disjoint,215682003345596595290336666079087860600,sorted,grouped,streaming,4,160,40,baseline,0,0,224300
target/balance-work/smoke,ca91b4bb2c20dff23850d176623e768394fce9ab522a2078d5a83a5412b12e73,disjoint,disjoint,215682003345596595290336666079087860600,sorted,grouped,streaming,4,160,40,repair,100000,0,203500
target/balance-work/smoke,ca91b4bb2c20dff23850d176623e768394fce9ab522a2078d5a83a5412b12e73,disjoint,disjoint,215682003345596595290336666079087860600,sorted,grouped,streaming,4,160,40,balanced,100000,1,217900
target/balance-work/smoke,ca91b4bb2c20dff23850d176623e768394fce9ab522a2078d5a83a5412b12e73,disjoint,disjoint,215682003345596595290336666079087860600,sorted,grouped,streaming,4,160,40,baseline,0,1,212800
target/balance-work/smoke,ca91b4bb2c20dff23850d176623e768394fce9ab522a2078d5a83a5412b12e73,disjoint,disjoint,215682003345596595290336666079087860600,sorted,grouped,streaming,4,160,40,repair,100000,1,233700
target/balance-work/smoke,ca91b4bb2c20dff23850d176623e768394fce9ab522a2078d5a83a5412b12e73,disjoint,disjoint,215682003345596595290336666079087860600,sorted,grouped,streaming,4,160,40,baseline,0,2,210700
target/balance-work/smoke,ca91b4bb2c20dff23850d176623e768394fce9ab522a2078d5a83a5412b12e73,disjoint,disjoint,215682003345596595290336666079087860600,sorted,grouped,streaming,4,160,40,repair,100000,2,230000
target/balance-work/smoke,ca91b4bb2c20dff23850d176623e768394fce9ab522a2078d5a83a5412b12e73,disjoint,disjoint,215682003345596595290336666079087860600,sorted,grouped,streaming,4,160,40,balanced,100000,2,207400
target/balance-work/smoke,ca91b4bb2c20dff23850d176623e768394fce9ab522a2078d5a83a5412b12e73,disjoint,disjoint,215682003345596595290336666079087860600,sorted,sliced,auto,1,40,40,balanced,100000,0,61700
target/balance-work/smoke,ca91b4bb2c20dff23850d176623e768394fce9ab522a2078d5a83a5412b12e73,disjoint,disjoint,215682003345596595290336666079087860600,sorted,sliced,auto,1,40,40,baseline,0,0,56100
target/balance-work/smoke,ca91b4bb2c20dff23850d176623e768394fce9ab522a2078d5a83a5412b12e73,disjoint,disjoint,215682003345596595290336666079087860600,sorted,sliced,auto,1,40,40,repair,100000,0,64600
target/balance-work/smoke,ca91b4bb2c20dff23850d176623e768394fce9ab522a2078d5a83a5412b12e73,disjoint,disjoint,215682003345596595290336666079087860600,sorted,sliced,auto,1,40,40,baseline,0,1,60000
target/balance-work/smoke,ca91b4bb2c20dff23850d176623e768394fce9ab522a2078d5a83a5412b12e73,disjoint,disjoint,215682003345596595290336666079087860600,sorted,sliced,auto,1,40,40,repair,100000,1,64000
target/balance-work/smoke,ca91b4bb2c20dff23850d176623e768394fce9ab522a2078d5a83a5412b12e73,disjoint,disjoint,215682003345596595290336666079087860600,sorted,sliced,auto,1,40,40,balanced,100000,1,59800
target/balance-work/smoke,ca91b4bb2c20dff23850d176623e768394fce9ab522a2078d5a83a5412b12e73,disjoint,disjoint,215682003345596595290336666079087860600,sorted,sliced,auto,1,40,40,baseline,0,2,59200
target/balance-work/smoke,ca91b4bb2c20dff23850d176623e768394fce9ab522a2078d5a83a5412b12e73,disjoint,disjoint,215682003345596595290336666079087860600,sorted,sliced,auto,1,40,40,repair,100000,2,71200
target/balance-work/smoke,ca91b4bb2c20dff23850d176623e768394fce9ab522a2078d5a83a5412b12e73,disjoint,disjoint,215682003345596595290336666079087860600,sorted,sliced,auto,1,40,40,balanced,100000,2,61400
target/balance-work/smoke,ca91b4bb2c20dff23850d176623e768394fce9ab522a2078d5a83a5412b12e73,disjoint,disjoint,215682003345596595290336666079087860600,sorted,sliced,streaming,1,40,40,repair,100000,0,170000
target/balance-work/smoke,ca91b4bb2c20dff23850d176623e768394fce9ab522a2078d5a83a5412b12e73,disjoint,disjoint,215682003345596595290336666079087860600,sorted,sliced,streaming,1,40,40,balanced,100000,0,157300
target/balance-work/smoke,ca91b4bb2c20dff23850d176623e768394fce9ab522a2078d5a83a5412b12e73,disjoint,disjoint,215682003345596595290336666079087860600,sorted,sliced,streaming,1,40,40,baseline,0,0,147800
target/balance-work/smoke,ca91b4bb2c20dff23850d176623e768394fce9ab522a2078d5a83a5412b12e73,disjoint,disjoint,215682003345596595290336666079087860600,sorted,sliced,streaming,1,40,40,repair,100000,1,170800
target/balance-work/smoke,ca91b4bb2c20dff23850d176623e768394fce9ab522a2078d5a83a5412b12e73,disjoint,disjoint,215682003345596595290336666079087860600,sorted,sliced,streaming,1,40,40,balanced,100000,1,156800
target/balance-work/smoke,ca91b4bb2c20dff23850d176623e768394fce9ab522a2078d5a83a5412b12e73,disjoint,disjoint,215682003345596595290336666079087860600,sorted,sliced,streaming,1,40,40,baseline,0,1,148300
target/balance-work/smoke,ca91b4bb2c20dff23850d176623e768394fce9ab522a2078d5a83a5412b12e73,disjoint,disjoint,215682003345596595290336666079087860600,sorted,sliced,streaming,1,40,40,repair,100000,2,169800
target/balance-work/smoke,ca91b4bb2c20dff23850d176623e768394fce9ab522a2078d5a83a5412b12e73,disjoint,disjoint,215682003345596595290336666079087860600,sorted,sliced,streaming,1,40,40,balanced,100000,2,177000
target/balance-work/smoke,ca91b4bb2c20dff23850d176623e768394fce9ab522a2078d5a83a5412b12e73,disjoint,disjoint,215682003345596595290336666079087860600,sorted,sliced,streaming,1,40,40,baseline,0,2,293000
target/balance-work/smoke,ca91b4bb2c20dff23850d176623e768394fce9ab522a2078d5a83a5412b12e73,disjoint,disjoint,215682003345596595290336666079087860600,sorted,multi_chunk,auto,1,40,40,repair,100000,0,69400
target/balance-work/smoke,ca91b4bb2c20dff23850d176623e768394fce9ab522a2078d5a83a5412b12e73,disjoint,disjoint,215682003345596595290336666079087860600,sorted,multi_chunk,auto,1,40,40,balanced,100000,0,62000
target/balance-work/smoke,ca91b4bb2c20dff23850d176623e768394fce9ab522a2078d5a83a5412b12e73,disjoint,disjoint,215682003345596595290336666079087860600,sorted,multi_chunk,auto,1,40,40,baseline,0,0,57900
target/balance-work/smoke,ca91b4bb2c20dff23850d176623e768394fce9ab522a2078d5a83a5412b12e73,disjoint,disjoint,215682003345596595290336666079087860600,sorted,multi_chunk,auto,1,40,40,repair,100000,1,82000
target/balance-work/smoke,ca91b4bb2c20dff23850d176623e768394fce9ab522a2078d5a83a5412b12e73,disjoint,disjoint,215682003345596595290336666079087860600,sorted,multi_chunk,auto,1,40,40,balanced,100000,1,64000
target/balance-work/smoke,ca91b4bb2c20dff23850d176623e768394fce9ab522a2078d5a83a5412b12e73,disjoint,disjoint,215682003345596595290336666079087860600,sorted,multi_chunk,auto,1,40,40,baseline,0,1,58100
target/balance-work/smoke,ca91b4bb2c20dff23850d176623e768394fce9ab522a2078d5a83a5412b12e73,disjoint,disjoint,215682003345596595290336666079087860600,sorted,multi_chunk,auto,1,40,40,repair,100000,2,68100
target/balance-work/smoke,ca91b4bb2c20dff23850d176623e768394fce9ab522a2078d5a83a5412b12e73,disjoint,disjoint,215682003345596595290336666079087860600,sorted,multi_chunk,auto,1,40,40,balanced,100000,2,59900
target/balance-work/smoke,ca91b4bb2c20dff23850d176623e768394fce9ab522a2078d5a83a5412b12e73,disjoint,disjoint,215682003345596595290336666079087860600,sorted,multi_chunk,auto,1,40,40,baseline,0,2,56300
target/balance-work/smoke,ca91b4bb2c20dff23850d176623e768394fce9ab522a2078d5a83a5412b12e73,disjoint,disjoint,215682003345596595290336666079087860600,sorted,multi_chunk,streaming,1,40,40,balanced,100000,0,163100
target/balance-work/smoke,ca91b4bb2c20dff23850d176623e768394fce9ab522a2078d5a83a5412b12e73,disjoint,disjoint,215682003345596595290336666079087860600,sorted,multi_chunk,streaming,1,40,40,baseline,0,0,149900
target/balance-work/smoke,ca91b4bb2c20dff23850d176623e768394fce9ab522a2078d5a83a5412b12e73,disjoint,disjoint,215682003345596595290336666079087860600,sorted,multi_chunk,streaming,1,40,40,repair,100000,0,180200
target/balance-work/smoke,ca91b4bb2c20dff23850d176623e768394fce9ab522a2078d5a83a5412b12e73,disjoint,disjoint,215682003345596595290336666079087860600,sorted,multi_chunk,streaming,1,40,40,baseline,0,1,165200
target/balance-work/smoke,ca91b4bb2c20dff23850d176623e768394fce9ab522a2078d5a83a5412b12e73,disjoint,disjoint,215682003345596595290336666079087860600,sorted,multi_chunk,streaming,1,40,40,repair,100000,1,169400
target/balance-work/smoke,ca91b4bb2c20dff23850d176623e768394fce9ab522a2078d5a83a5412b12e73,disjoint,disjoint,215682003345596595290336666079087860600,sorted,multi_chunk,streaming,1,40,40,balanced,100000,1,164000
target/balance-work/smoke,ca91b4bb2c20dff23850d176623e768394fce9ab522a2078d5a83a5412b12e73,disjoint,disjoint,215682003345596595290336666079087860600,sorted,multi_chunk,streaming,1,40,40,baseline,0,2,168700
target/balance-work/smoke,ca91b4bb2c20dff23850d176623e768394fce9ab522a2078d5a83a5412b12e73,disjoint,disjoint,215682003345596595290336666079087860600,sorted,multi_chunk,streaming,1,40,40,repair,100000,2,182100
target/balance-work/smoke,ca91b4bb2c20dff23850d176623e768394fce9ab522a2078d5a83a5412b12e73,disjoint,disjoint,215682003345596595290336666079087860600,sorted,multi_chunk,streaming,1,40,40,balanced,100000,2,148100
target/balance-work/smoke,54d7192702603d7768bbd293d6d59b7f225a785f6736454cd623107114e8bf30,disjoint,disjoint,215682003345596595290336666079087860600,shuffled,integer,auto,1,40,40,balanced,100000,0,63400
target/balance-work/smoke,54d7192702603d7768bbd293d6d59b7f225a785f6736454cd623107114e8bf30,disjoint,disjoint,215682003345596595290336666079087860600,shuffled,integer,auto,1,40,40,baseline,0,0,57900
target/balance-work/smoke,54d7192702603d7768bbd293d6d59b7f225a785f6736454cd623107114e8bf30,disjoint,disjoint,215682003345596595290336666079087860600,shuffled,integer,auto,1,40,40,repair,100000,0,66900
target/balance-work/smoke,54d7192702603d7768bbd293d6d59b7f225a785f6736454cd623107114e8bf30,disjoint,disjoint,215682003345596595290336666079087860600,shuffled,integer,auto,1,40,40,baseline,0,1,62100
target/balance-work/smoke,54d7192702603d7768bbd293d6d59b7f225a785f6736454cd623107114e8bf30,disjoint,disjoint,215682003345596595290336666079087860600,shuffled,integer,auto,1,40,40,repair,100000,1,67700
target/balance-work/smoke,54d7192702603d7768bbd293d6d59b7f225a785f6736454cd623107114e8bf30,disjoint,disjoint,215682003345596595290336666079087860600,shuffled,integer,auto,1,40,40,balanced,100000,1,61800
target/balance-work/smoke,54d7192702603d7768bbd293d6d59b7f225a785f6736454cd623107114e8bf30,disjoint,disjoint,215682003345596595290336666079087860600,shuffled,integer,auto,1,40,40,repair,100000,2,73600
target/balance-work/smoke,54d7192702603d7768bbd293d6d59b7f225a785f6736454cd623107114e8bf30,disjoint,disjoint,215682003345596595290336666079087860600,shuffled,integer,auto,1,40,40,balanced,100000,2,63700
target/balance-work/smoke,54d7192702603d7768bbd293d6d59b7f225a785f6736454cd623107114e8bf30,disjoint,disjoint,215682003345596595290336666079087860600,shuffled,integer,auto,1,40,40,baseline,0,2,57300
target/balance-work/smoke,54d7192702603d7768bbd293d6d59b7f225a785f6736454cd623107114e8bf30,disjoint,disjoint,215682003345596595290336666079087860600,shuffled,integer,streaming,1,40,40,repair,100000,0,174000
target/balance-work/smoke,54d7192702603d7768bbd293d6d59b7f225a785f6736454cd623107114e8bf30,disjoint,disjoint,215682003345596595290336666079087860600,shuffled,integer,streaming,1,40,40,balanced,100000,0,160200
target/balance-work/smoke,54d7192702603d7768bbd293d6d59b7f225a785f6736454cd623107114e8bf30,disjoint,disjoint,215682003345596595290336666079087860600,shuffled,integer,streaming,1,40,40,baseline,0,0,218000
target/balance-work/smoke,54d7192702603d7768bbd293d6d59b7f225a785f6736454cd623107114e8bf30,disjoint,disjoint,215682003345596595290336666079087860600,shuffled,integer,streaming,1,40,40,repair,100000,1,197300
target/balance-work/smoke,54d7192702603d7768bbd293d6d59b7f225a785f6736454cd623107114e8bf30,disjoint,disjoint,215682003345596595290336666079087860600,shuffled,integer,streaming,1,40,40,balanced,100000,1,168900
target/balance-work/smoke,54d7192702603d7768bbd293d6d59b7f225a785f6736454cd623107114e8bf30,disjoint,disjoint,215682003345596595290336666079087860600,shuffled,integer,streaming,1,40,40,baseline,0,1,158300
target/balance-work/smoke,54d7192702603d7768bbd293d6d59b7f225a785f6736454cd623107114e8bf30,disjoint,disjoint,215682003345596595290336666079087860600,shuffled,integer,streaming,1,40,40,balanced,100000,2,168900
target/balance-work/smoke,54d7192702603d7768bbd293d6d59b7f225a785f6736454cd623107114e8bf30,disjoint,disjoint,215682003345596595290336666079087860600,shuffled,integer,streaming,1,40,40,baseline,0,2,160400
target/balance-work/smoke,54d7192702603d7768bbd293d6d59b7f225a785f6736454cd623107114e8bf30,disjoint,disjoint,215682003345596595290336666079087860600,shuffled,integer,streaming,1,40,40,repair,100000,2,167200
target/balance-work/smoke,54d7192702603d7768bbd293d6d59b7f225a785f6736454cd623107114e8bf30,disjoint,disjoint,215682003345596595290336666079087860600,shuffled,date,auto,1,40,40,repair,100000,0,71500
target/balance-work/smoke,54d7192702603d7768bbd293d6d59b7f225a785f6736454cd623107114e8bf30,disjoint,disjoint,215682003345596595290336666079087860600,shuffled,date,auto,1,40,40,balanced,100000,0,63100
target/balance-work/smoke,54d7192702603d7768bbd293d6d59b7f225a785f6736454cd623107114e8bf30,disjoint,disjoint,215682003345596595290336666079087860600,shuffled,date,auto,1,40,40,baseline,0,0,58100
target/balance-work/smoke,54d7192702603d7768bbd293d6d59b7f225a785f6736454cd623107114e8bf30,disjoint,disjoint,215682003345596595290336666079087860600,shuffled,date,auto,1,40,40,repair,100000,1,71600
target/balance-work/smoke,54d7192702603d7768bbd293d6d59b7f225a785f6736454cd623107114e8bf30,disjoint,disjoint,215682003345596595290336666079087860600,shuffled,date,auto,1,40,40,balanced,100000,1,62400
target/balance-work/smoke,54d7192702603d7768bbd293d6d59b7f225a785f6736454cd623107114e8bf30,disjoint,disjoint,215682003345596595290336666079087860600,shuffled,date,auto,1,40,40,baseline,0,1,58400
target/balance-work/smoke,54d7192702603d7768bbd293d6d59b7f225a785f6736454cd623107114e8bf30,disjoint,disjoint,215682003345596595290336666079087860600,shuffled,date,auto,1,40,40,baseline,0,2,125300
target/balance-work/smoke,54d7192702603d7768bbd293d6d59b7f225a785f6736454cd623107114e8bf30,disjoint,disjoint,215682003345596595290336666079087860600,shuffled,date,auto,1,40,40,repair,100000,2,79400
target/balance-work/smoke,54d7192702603d7768bbd293d6d59b7f225a785f6736454cd623107114e8bf30,disjoint,disjoint,215682003345596595290336666079087860600,shuffled,date,auto,1,40,40,balanced,100000,2,64200
target/balance-work/smoke,54d7192702603d7768bbd293d6d59b7f225a785f6736454cd623107114e8bf30,disjoint,disjoint,215682003345596595290336666079087860600,shuffled,date,streaming,1,40,40,baseline,0,0,172000
target/balance-work/smoke,54d7192702603d7768bbd293d6d59b7f225a785f6736454cd623107114e8bf30,disjoint,disjoint,215682003345596595290336666079087860600,shuffled,date,streaming,1,40,40,repair,100000,0,192300
target/balance-work/smoke,54d7192702603d7768bbd293d6d59b7f225a785f6736454cd623107114e8bf30,disjoint,disjoint,215682003345596595290336666079087860600,shuffled,date,streaming,1,40,40,balanced,100000,0,165400
target/balance-work/smoke,54d7192702603d7768bbd293d6d59b7f225a785f6736454cd623107114e8bf30,disjoint,disjoint,215682003345596595290336666079087860600,shuffled,date,streaming,1,40,40,repair,100000,1,177400
target/balance-work/smoke,54d7192702603d7768bbd293d6d59b7f225a785f6736454cd623107114e8bf30,disjoint,disjoint,215682003345596595290336666079087860600,shuffled,date,streaming,1,40,40,balanced,100000,1,176500
target/balance-work/smoke,54d7192702603d7768bbd293d6d59b7f225a785f6736454cd623107114e8bf30,disjoint,disjoint,215682003345596595290336666079087860600,shuffled,date,streaming,1,40,40,baseline,0,1,172800
target/balance-work/smoke,54d7192702603d7768bbd293d6d59b7f225a785f6736454cd623107114e8bf30,disjoint,disjoint,215682003345596595290336666079087860600,shuffled,date,streaming,1,40,40,repair,100000,2,177500
target/balance-work/smoke,54d7192702603d7768bbd293d6d59b7f225a785f6736454cd623107114e8bf30,disjoint,disjoint,215682003345596595290336666079087860600,shuffled,date,streaming,1,40,40,balanced,100000,2,176000
target/balance-work/smoke,54d7192702603d7768bbd293d6d59b7f225a785f6736454cd623107114e8bf30,disjoint,disjoint,215682003345596595290336666079087860600,shuffled,date,streaming,1,40,40,baseline,0,2,168500
target/balance-work/smoke,54d7192702603d7768bbd293d6d59b7f225a785f6736454cd623107114e8bf30,disjoint,disjoint,215682003345596595290336666079087860600,shuffled,datetime,auto,1,40,40,baseline,0,0,68100
target/balance-work/smoke,54d7192702603d7768bbd293d6d59b7f225a785f6736454cd623107114e8bf30,disjoint,disjoint,215682003345596595290336666079087860600,shuffled,datetime,auto,1,40,40,repair,100000,0,71800
target/balance-work/smoke,54d7192702603d7768bbd293d6d59b7f225a785f6736454cd623107114e8bf30,disjoint,disjoint,215682003345596595290336666079087860600,shuffled,datetime,auto,1,40,40,balanced,100000,0,64900
target/balance-work/smoke,54d7192702603d7768bbd293d6d59b7f225a785f6736454cd623107114e8bf30,disjoint,disjoint,215682003345596595290336666079087860600,shuffled,datetime,auto,1,40,40,balanced,100000,1,67200
target/balance-work/smoke,54d7192702603d7768bbd293d6d59b7f225a785f6736454cd623107114e8bf30,disjoint,disjoint,215682003345596595290336666079087860600,shuffled,datetime,auto,1,40,40,baseline,0,1,60400
target/balance-work/smoke,54d7192702603d7768bbd293d6d59b7f225a785f6736454cd623107114e8bf30,disjoint,disjoint,215682003345596595290336666079087860600,shuffled,datetime,auto,1,40,40,repair,100000,1,74200
target/balance-work/smoke,54d7192702603d7768bbd293d6d59b7f225a785f6736454cd623107114e8bf30,disjoint,disjoint,215682003345596595290336666079087860600,shuffled,datetime,auto,1,40,40,repair,100000,2,74200
target/balance-work/smoke,54d7192702603d7768bbd293d6d59b7f225a785f6736454cd623107114e8bf30,disjoint,disjoint,215682003345596595290336666079087860600,shuffled,datetime,auto,1,40,40,balanced,100000,2,69800
target/balance-work/smoke,54d7192702603d7768bbd293d6d59b7f225a785f6736454cd623107114e8bf30,disjoint,disjoint,215682003345596595290336666079087860600,shuffled,datetime,auto,1,40,40,baseline,0,2,60500
target/balance-work/smoke,54d7192702603d7768bbd293d6d59b7f225a785f6736454cd623107114e8bf30,disjoint,disjoint,215682003345596595290336666079087860600,shuffled,datetime,streaming,1,40,40,repair,100000,0,220600
target/balance-work/smoke,54d7192702603d7768bbd293d6d59b7f225a785f6736454cd623107114e8bf30,disjoint,disjoint,215682003345596595290336666079087860600,shuffled,datetime,streaming,1,40,40,balanced,100000,0,234000
target/balance-work/smoke,54d7192702603d7768bbd293d6d59b7f225a785f6736454cd623107114e8bf30,disjoint,disjoint,215682003345596595290336666079087860600,shuffled,datetime,streaming,1,40,40,baseline,0,0,175400
target/balance-work/smoke,54d7192702603d7768bbd293d6d59b7f225a785f6736454cd623107114e8bf30,disjoint,disjoint,215682003345596595290336666079087860600,shuffled,datetime,streaming,1,40,40,baseline,0,1,198900
target/balance-work/smoke,54d7192702603d7768bbd293d6d59b7f225a785f6736454cd623107114e8bf30,disjoint,disjoint,215682003345596595290336666079087860600,shuffled,datetime,streaming,1,40,40,repair,100000,1,192600
target/balance-work/smoke,54d7192702603d7768bbd293d6d59b7f225a785f6736454cd623107114e8bf30,disjoint,disjoint,215682003345596595290336666079087860600,shuffled,datetime,streaming,1,40,40,balanced,100000,1,189100
target/balance-work/smoke,54d7192702603d7768bbd293d6d59b7f225a785f6736454cd623107114e8bf30,disjoint,disjoint,215682003345596595290336666079087860600,shuffled,datetime,streaming,1,40,40,repair,100000,2,206400
target/balance-work/smoke,54d7192702603d7768bbd293d6d59b7f225a785f6736454cd623107114e8bf30,disjoint,disjoint,215682003345596595290336666079087860600,shuffled,datetime,streaming,1,40,40,balanced,100000,2,179500
target/balance-work/smoke,54d7192702603d7768bbd293d6d59b7f225a785f6736454cd623107114e8bf30,disjoint,disjoint,215682003345596595290336666079087860600,shuffled,datetime,streaming,1,40,40,baseline,0,2,178000
target/balance-work/smoke,54d7192702603d7768bbd293d6d59b7f225a785f6736454cd623107114e8bf30,disjoint,disjoint,215682003345596595290336666079087860600,shuffled,grouped,auto,4,160,40,baseline,0,0,119000
target/balance-work/smoke,54d7192702603d7768bbd293d6d59b7f225a785f6736454cd623107114e8bf30,disjoint,disjoint,215682003345596595290336666079087860600,shuffled,grouped,auto,4,160,40,repair,100000,0,143400
target/balance-work/smoke,54d7192702603d7768bbd293d6d59b7f225a785f6736454cd623107114e8bf30,disjoint,disjoint,215682003345596595290336666079087860600,shuffled,grouped,auto,4,160,40,balanced,100000,0,211200
target/balance-work/smoke,54d7192702603d7768bbd293d6d59b7f225a785f6736454cd623107114e8bf30,disjoint,disjoint,215682003345596595290336666079087860600,shuffled,grouped,auto,4,160,40,baseline,0,1,150300
target/balance-work/smoke,54d7192702603d7768bbd293d6d59b7f225a785f6736454cd623107114e8bf30,disjoint,disjoint,215682003345596595290336666079087860600,shuffled,grouped,auto,4,160,40,repair,100000,1,156400
target/balance-work/smoke,54d7192702603d7768bbd293d6d59b7f225a785f6736454cd623107114e8bf30,disjoint,disjoint,215682003345596595290336666079087860600,shuffled,grouped,auto,4,160,40,balanced,100000,1,125400
target/balance-work/smoke,54d7192702603d7768bbd293d6d59b7f225a785f6736454cd623107114e8bf30,disjoint,disjoint,215682003345596595290336666079087860600,shuffled,grouped,auto,4,160,40,repair,100000,2,158500
target/balance-work/smoke,54d7192702603d7768bbd293d6d59b7f225a785f6736454cd623107114e8bf30,disjoint,disjoint,215682003345596595290336666079087860600,shuffled,grouped,auto,4,160,40,balanced,100000,2,200300
target/balance-work/smoke,54d7192702603d7768bbd293d6d59b7f225a785f6736454cd623107114e8bf30,disjoint,disjoint,215682003345596595290336666079087860600,shuffled,grouped,auto,4,160,40,baseline,0,2,138800
target/balance-work/smoke,54d7192702603d7768bbd293d6d59b7f225a785f6736454cd623107114e8bf30,disjoint,disjoint,215682003345596595290336666079087860600,shuffled,grouped,streaming,4,160,40,baseline,0,0,229200
target/balance-work/smoke,54d7192702603d7768bbd293d6d59b7f225a785f6736454cd623107114e8bf30,disjoint,disjoint,215682003345596595290336666079087860600,shuffled,grouped,streaming,4,160,40,repair,100000,0,257900
target/balance-work/smoke,54d7192702603d7768bbd293d6d59b7f225a785f6736454cd623107114e8bf30,disjoint,disjoint,215682003345596595290336666079087860600,shuffled,grouped,streaming,4,160,40,balanced,100000,0,196700
target/balance-work/smoke,54d7192702603d7768bbd293d6d59b7f225a785f6736454cd623107114e8bf30,disjoint,disjoint,215682003345596595290336666079087860600,shuffled,grouped,streaming,4,160,40,baseline,0,1,211000
target/balance-work/smoke,54d7192702603d7768bbd293d6d59b7f225a785f6736454cd623107114e8bf30,disjoint,disjoint,215682003345596595290336666079087860600,shuffled,grouped,streaming,4,160,40,repair,100000,1,241800
target/balance-work/smoke,54d7192702603d7768bbd293d6d59b7f225a785f6736454cd623107114e8bf30,disjoint,disjoint,215682003345596595290336666079087860600,shuffled,grouped,streaming,4,160,40,balanced,100000,1,225000
target/balance-work/smoke,54d7192702603d7768bbd293d6d59b7f225a785f6736454cd623107114e8bf30,disjoint,disjoint,215682003345596595290336666079087860600,shuffled,grouped,streaming,4,160,40,repair,100000,2,276100
target/balance-work/smoke,54d7192702603d7768bbd293d6d59b7f225a785f6736454cd623107114e8bf30,disjoint,disjoint,215682003345596595290336666079087860600,shuffled,grouped,streaming,4,160,40,balanced,100000,2,249000
target/balance-work/smoke,54d7192702603d7768bbd293d6d59b7f225a785f6736454cd623107114e8bf30,disjoint,disjoint,215682003345596595290336666079087860600,shuffled,grouped,streaming,4,160,40,baseline,0,2,215000
target/balance-work/smoke,54d7192702603d7768bbd293d6d59b7f225a785f6736454cd623107114e8bf30,disjoint,disjoint,215682003345596595290336666079087860600,shuffled,sliced,auto,1,40,40,balanced,100000,0,65300
target/balance-work/smoke,54d7192702603d7768bbd293d6d59b7f225a785f6736454cd623107114e8bf30,disjoint,disjoint,215682003345596595290336666079087860600,shuffled,sliced,auto,1,40,40,baseline,0,0,58700
target/balance-work/smoke,54d7192702603d7768bbd293d6d59b7f225a785f6736454cd623107114e8bf30,disjoint,disjoint,215682003345596595290336666079087860600,shuffled,sliced,auto,1,40,40,repair,100000,0,68600
target/balance-work/smoke,54d7192702603d7768bbd293d6d59b7f225a785f6736454cd623107114e8bf30,disjoint,disjoint,215682003345596595290336666079087860600,shuffled,sliced,auto,1,40,40,baseline,0,1,60100
target/balance-work/smoke,54d7192702603d7768bbd293d6d59b7f225a785f6736454cd623107114e8bf30,disjoint,disjoint,215682003345596595290336666079087860600,shuffled,sliced,auto,1,40,40,repair,100000,1,65200
target/balance-work/smoke,54d7192702603d7768bbd293d6d59b7f225a785f6736454cd623107114e8bf30,disjoint,disjoint,215682003345596595290336666079087860600,shuffled,sliced,auto,1,40,40,balanced,100000,1,60600
target/balance-work/smoke,54d7192702603d7768bbd293d6d59b7f225a785f6736454cd623107114e8bf30,disjoint,disjoint,215682003345596595290336666079087860600,shuffled,sliced,auto,1,40,40,balanced,100000,2,62700
target/balance-work/smoke,54d7192702603d7768bbd293d6d59b7f225a785f6736454cd623107114e8bf30,disjoint,disjoint,215682003345596595290336666079087860600,shuffled,sliced,auto,1,40,40,baseline,0,2,55700
target/balance-work/smoke,54d7192702603d7768bbd293d6d59b7f225a785f6736454cd623107114e8bf30,disjoint,disjoint,215682003345596595290336666079087860600,shuffled,sliced,auto,1,40,40,repair,100000,2,68000
target/balance-work/smoke,54d7192702603d7768bbd293d6d59b7f225a785f6736454cd623107114e8bf30,disjoint,disjoint,215682003345596595290336666079087860600,shuffled,sliced,streaming,1,40,40,balanced,100000,0,183400
target/balance-work/smoke,54d7192702603d7768bbd293d6d59b7f225a785f6736454cd623107114e8bf30,disjoint,disjoint,215682003345596595290336666079087860600,shuffled,sliced,streaming,1,40,40,baseline,0,0,187900
target/balance-work/smoke,54d7192702603d7768bbd293d6d59b7f225a785f6736454cd623107114e8bf30,disjoint,disjoint,215682003345596595290336666079087860600,shuffled,sliced,streaming,1,40,40,repair,100000,0,224000
target/balance-work/smoke,54d7192702603d7768bbd293d6d59b7f225a785f6736454cd623107114e8bf30,disjoint,disjoint,215682003345596595290336666079087860600,shuffled,sliced,streaming,1,40,40,baseline,0,1,195500
target/balance-work/smoke,54d7192702603d7768bbd293d6d59b7f225a785f6736454cd623107114e8bf30,disjoint,disjoint,215682003345596595290336666079087860600,shuffled,sliced,streaming,1,40,40,repair,100000,1,154900
target/balance-work/smoke,54d7192702603d7768bbd293d6d59b7f225a785f6736454cd623107114e8bf30,disjoint,disjoint,215682003345596595290336666079087860600,shuffled,sliced,streaming,1,40,40,balanced,100000,1,171400
target/balance-work/smoke,54d7192702603d7768bbd293d6d59b7f225a785f6736454cd623107114e8bf30,disjoint,disjoint,215682003345596595290336666079087860600,shuffled,sliced,streaming,1,40,40,baseline,0,2,273700
target/balance-work/smoke,54d7192702603d7768bbd293d6d59b7f225a785f6736454cd623107114e8bf30,disjoint,disjoint,215682003345596595290336666079087860600,shuffled,sliced,streaming,1,40,40,repair,100000,2,220000
target/balance-work/smoke,54d7192702603d7768bbd293d6d59b7f225a785f6736454cd623107114e8bf30,disjoint,disjoint,215682003345596595290336666079087860600,shuffled,sliced,streaming,1,40,40,balanced,100000,2,172000
target/balance-work/smoke,54d7192702603d7768bbd293d6d59b7f225a785f6736454cd623107114e8bf30,disjoint,disjoint,215682003345596595290336666079087860600,shuffled,multi_chunk,auto,1,40,40,repair,100000,0,74900
target/balance-work/smoke,54d7192702603d7768bbd293d6d59b7f225a785f6736454cd623107114e8bf30,disjoint,disjoint,215682003345596595290336666079087860600,shuffled,multi_chunk,auto,1,40,40,balanced,100000,0,62900
target/balance-work/smoke,54d7192702603d7768bbd293d6d59b7f225a785f6736454cd623107114e8bf30,disjoint,disjoint,215682003345596595290336666079087860600,shuffled,multi_chunk,auto,1,40,40,baseline,0,0,81700
target/balance-work/smoke,54d7192702603d7768bbd293d6d59b7f225a785f6736454cd623107114e8bf30,disjoint,disjoint,215682003345596595290336666079087860600,shuffled,multi_chunk,auto,1,40,40,balanced,100000,1,67500
target/balance-work/smoke,54d7192702603d7768bbd293d6d59b7f225a785f6736454cd623107114e8bf30,disjoint,disjoint,215682003345596595290336666079087860600,shuffled,multi_chunk,auto,1,40,40,baseline,0,1,59400
target/balance-work/smoke,54d7192702603d7768bbd293d6d59b7f225a785f6736454cd623107114e8bf30,disjoint,disjoint,215682003345596595290336666079087860600,shuffled,multi_chunk,auto,1,40,40,repair,100000,1,68200
target/balance-work/smoke,54d7192702603d7768bbd293d6d59b7f225a785f6736454cd623107114e8bf30,disjoint,disjoint,215682003345596595290336666079087860600,shuffled,multi_chunk,auto,1,40,40,balanced,100000,2,66700
target/balance-work/smoke,54d7192702603d7768bbd293d6d59b7f225a785f6736454cd623107114e8bf30,disjoint,disjoint,215682003345596595290336666079087860600,shuffled,multi_chunk,auto,1,40,40,baseline,0,2,59000
target/balance-work/smoke,54d7192702603d7768bbd293d6d59b7f225a785f6736454cd623107114e8bf30,disjoint,disjoint,215682003345596595290336666079087860600,shuffled,multi_chunk,auto,1,40,40,repair,100000,2,68200
target/balance-work/smoke,54d7192702603d7768bbd293d6d59b7f225a785f6736454cd623107114e8bf30,disjoint,disjoint,215682003345596595290336666079087860600,shuffled,multi_chunk,streaming,1,40,40,repair,100000,0,179300
target/balance-work/smoke,54d7192702603d7768bbd293d6d59b7f225a785f6736454cd623107114e8bf30,disjoint,disjoint,215682003345596595290336666079087860600,shuffled,multi_chunk,streaming,1,40,40,balanced,100000,0,179400
target/balance-work/smoke,54d7192702603d7768bbd293d6d59b7f225a785f6736454cd623107114e8bf30,disjoint,disjoint,215682003345596595290336666079087860600,shuffled,multi_chunk,streaming,1,40,40,baseline,0,0,176700
target/balance-work/smoke,54d7192702603d7768bbd293d6d59b7f225a785f6736454cd623107114e8bf30,disjoint,disjoint,215682003345596595290336666079087860600,shuffled,multi_chunk,streaming,1,40,40,balanced,100000,1,190500
target/balance-work/smoke,54d7192702603d7768bbd293d6d59b7f225a785f6736454cd623107114e8bf30,disjoint,disjoint,215682003345596595290336666079087860600,shuffled,multi_chunk,streaming,1,40,40,baseline,0,1,166100
target/balance-work/smoke,54d7192702603d7768bbd293d6d59b7f225a785f6736454cd623107114e8bf30,disjoint,disjoint,215682003345596595290336666079087860600,shuffled,multi_chunk,streaming,1,40,40,repair,100000,1,172200
target/balance-work/smoke,54d7192702603d7768bbd293d6d59b7f225a785f6736454cd623107114e8bf30,disjoint,disjoint,215682003345596595290336666079087860600,shuffled,multi_chunk,streaming,1,40,40,repair,100000,2,179600
target/balance-work/smoke,54d7192702603d7768bbd293d6d59b7f225a785f6736454cd623107114e8bf30,disjoint,disjoint,215682003345596595290336666079087860600,shuffled,multi_chunk,streaming,1,40,40,balanced,100000,2,157700
target/balance-work/smoke,54d7192702603d7768bbd293d6d59b7f225a785f6736454cd623107114e8bf30,disjoint,disjoint,215682003345596595290336666079087860600,shuffled,multi_chunk,streaming,1,40,40,baseline,0,2,183800
target/balance-work/smoke,668330f28a2b910ccd07c6703cfee29fa1083f98c3938c0e51ad0689584f9d83,clique,clique,254718626572794853325001940371296855021,sorted,integer,auto,1,40,40,baseline,0,0,66900
target/balance-work/smoke,668330f28a2b910ccd07c6703cfee29fa1083f98c3938c0e51ad0689584f9d83,clique,clique,254718626572794853325001940371296855021,sorted,integer,auto,1,40,40,repair,100000,0,67400
target/balance-work/smoke,668330f28a2b910ccd07c6703cfee29fa1083f98c3938c0e51ad0689584f9d83,clique,clique,254718626572794853325001940371296855021,sorted,integer,auto,1,40,40,balanced,100000,0,61400
target/balance-work/smoke,668330f28a2b910ccd07c6703cfee29fa1083f98c3938c0e51ad0689584f9d83,clique,clique,254718626572794853325001940371296855021,sorted,integer,auto,1,40,40,baseline,0,1,60900
target/balance-work/smoke,668330f28a2b910ccd07c6703cfee29fa1083f98c3938c0e51ad0689584f9d83,clique,clique,254718626572794853325001940371296855021,sorted,integer,auto,1,40,40,repair,100000,1,65200
target/balance-work/smoke,668330f28a2b910ccd07c6703cfee29fa1083f98c3938c0e51ad0689584f9d83,clique,clique,254718626572794853325001940371296855021,sorted,integer,auto,1,40,40,balanced,100000,1,61800
target/balance-work/smoke,668330f28a2b910ccd07c6703cfee29fa1083f98c3938c0e51ad0689584f9d83,clique,clique,254718626572794853325001940371296855021,sorted,integer,auto,1,40,40,baseline,0,2,60800
target/balance-work/smoke,668330f28a2b910ccd07c6703cfee29fa1083f98c3938c0e51ad0689584f9d83,clique,clique,254718626572794853325001940371296855021,sorted,integer,auto,1,40,40,repair,100000,2,67600
target/balance-work/smoke,668330f28a2b910ccd07c6703cfee29fa1083f98c3938c0e51ad0689584f9d83,clique,clique,254718626572794853325001940371296855021,sorted,integer,auto,1,40,40,balanced,100000,2,63300
target/balance-work/smoke,668330f28a2b910ccd07c6703cfee29fa1083f98c3938c0e51ad0689584f9d83,clique,clique,254718626572794853325001940371296855021,sorted,integer,streaming,1,40,40,baseline,0,0,160700
target/balance-work/smoke,668330f28a2b910ccd07c6703cfee29fa1083f98c3938c0e51ad0689584f9d83,clique,clique,254718626572794853325001940371296855021,sorted,integer,streaming,1,40,40,repair,100000,0,179900
target/balance-work/smoke,668330f28a2b910ccd07c6703cfee29fa1083f98c3938c0e51ad0689584f9d83,clique,clique,254718626572794853325001940371296855021,sorted,integer,streaming,1,40,40,balanced,100000,0,159600
target/balance-work/smoke,668330f28a2b910ccd07c6703cfee29fa1083f98c3938c0e51ad0689584f9d83,clique,clique,254718626572794853325001940371296855021,sorted,integer,streaming,1,40,40,baseline,0,1,161300
target/balance-work/smoke,668330f28a2b910ccd07c6703cfee29fa1083f98c3938c0e51ad0689584f9d83,clique,clique,254718626572794853325001940371296855021,sorted,integer,streaming,1,40,40,repair,100000,1,171100
target/balance-work/smoke,668330f28a2b910ccd07c6703cfee29fa1083f98c3938c0e51ad0689584f9d83,clique,clique,254718626572794853325001940371296855021,sorted,integer,streaming,1,40,40,balanced,100000,1,171600
target/balance-work/smoke,668330f28a2b910ccd07c6703cfee29fa1083f98c3938c0e51ad0689584f9d83,clique,clique,254718626572794853325001940371296855021,sorted,integer,streaming,1,40,40,balanced,100000,2,157600
target/balance-work/smoke,668330f28a2b910ccd07c6703cfee29fa1083f98c3938c0e51ad0689584f9d83,clique,clique,254718626572794853325001940371296855021,sorted,integer,streaming,1,40,40,baseline,0,2,154500
target/balance-work/smoke,668330f28a2b910ccd07c6703cfee29fa1083f98c3938c0e51ad0689584f9d83,clique,clique,254718626572794853325001940371296855021,sorted,integer,streaming,1,40,40,repair,100000,2,156300
target/balance-work/smoke,668330f28a2b910ccd07c6703cfee29fa1083f98c3938c0e51ad0689584f9d83,clique,clique,254718626572794853325001940371296855021,sorted,date,auto,1,40,40,baseline,0,0,120300
target/balance-work/smoke,668330f28a2b910ccd07c6703cfee29fa1083f98c3938c0e51ad0689584f9d83,clique,clique,254718626572794853325001940371296855021,sorted,date,auto,1,40,40,repair,100000,0,98400
target/balance-work/smoke,668330f28a2b910ccd07c6703cfee29fa1083f98c3938c0e51ad0689584f9d83,clique,clique,254718626572794853325001940371296855021,sorted,date,auto,1,40,40,balanced,100000,0,72300
target/balance-work/smoke,668330f28a2b910ccd07c6703cfee29fa1083f98c3938c0e51ad0689584f9d83,clique,clique,254718626572794853325001940371296855021,sorted,date,auto,1,40,40,baseline,0,1,67600
target/balance-work/smoke,668330f28a2b910ccd07c6703cfee29fa1083f98c3938c0e51ad0689584f9d83,clique,clique,254718626572794853325001940371296855021,sorted,date,auto,1,40,40,repair,100000,1,71700
target/balance-work/smoke,668330f28a2b910ccd07c6703cfee29fa1083f98c3938c0e51ad0689584f9d83,clique,clique,254718626572794853325001940371296855021,sorted,date,auto,1,40,40,balanced,100000,1,65400
target/balance-work/smoke,668330f28a2b910ccd07c6703cfee29fa1083f98c3938c0e51ad0689584f9d83,clique,clique,254718626572794853325001940371296855021,sorted,date,auto,1,40,40,balanced,100000,2,68700
target/balance-work/smoke,668330f28a2b910ccd07c6703cfee29fa1083f98c3938c0e51ad0689584f9d83,clique,clique,254718626572794853325001940371296855021,sorted,date,auto,1,40,40,baseline,0,2,59000
target/balance-work/smoke,668330f28a2b910ccd07c6703cfee29fa1083f98c3938c0e51ad0689584f9d83,clique,clique,254718626572794853325001940371296855021,sorted,date,auto,1,40,40,repair,100000,2,70300
target/balance-work/smoke,668330f28a2b910ccd07c6703cfee29fa1083f98c3938c0e51ad0689584f9d83,clique,clique,254718626572794853325001940371296855021,sorted,date,streaming,1,40,40,balanced,100000,0,168600
target/balance-work/smoke,668330f28a2b910ccd07c6703cfee29fa1083f98c3938c0e51ad0689584f9d83,clique,clique,254718626572794853325001940371296855021,sorted,date,streaming,1,40,40,baseline,0,0,171300
target/balance-work/smoke,668330f28a2b910ccd07c6703cfee29fa1083f98c3938c0e51ad0689584f9d83,clique,clique,254718626572794853325001940371296855021,sorted,date,streaming,1,40,40,repair,100000,0,187700
target/balance-work/smoke,668330f28a2b910ccd07c6703cfee29fa1083f98c3938c0e51ad0689584f9d83,clique,clique,254718626572794853325001940371296855021,sorted,date,streaming,1,40,40,baseline,0,1,162200
target/balance-work/smoke,668330f28a2b910ccd07c6703cfee29fa1083f98c3938c0e51ad0689584f9d83,clique,clique,254718626572794853325001940371296855021,sorted,date,streaming,1,40,40,repair,100000,1,176200
target/balance-work/smoke,668330f28a2b910ccd07c6703cfee29fa1083f98c3938c0e51ad0689584f9d83,clique,clique,254718626572794853325001940371296855021,sorted,date,streaming,1,40,40,balanced,100000,1,179400
target/balance-work/smoke,668330f28a2b910ccd07c6703cfee29fa1083f98c3938c0e51ad0689584f9d83,clique,clique,254718626572794853325001940371296855021,sorted,date,streaming,1,40,40,balanced,100000,2,167900
target/balance-work/smoke,668330f28a2b910ccd07c6703cfee29fa1083f98c3938c0e51ad0689584f9d83,clique,clique,254718626572794853325001940371296855021,sorted,date,streaming,1,40,40,baseline,0,2,157000
target/balance-work/smoke,668330f28a2b910ccd07c6703cfee29fa1083f98c3938c0e51ad0689584f9d83,clique,clique,254718626572794853325001940371296855021,sorted,date,streaming,1,40,40,repair,100000,2,175300
target/balance-work/smoke,668330f28a2b910ccd07c6703cfee29fa1083f98c3938c0e51ad0689584f9d83,clique,clique,254718626572794853325001940371296855021,sorted,datetime,auto,1,40,40,repair,100000,0,71100
target/balance-work/smoke,668330f28a2b910ccd07c6703cfee29fa1083f98c3938c0e51ad0689584f9d83,clique,clique,254718626572794853325001940371296855021,sorted,datetime,auto,1,40,40,balanced,100000,0,64500
target/balance-work/smoke,668330f28a2b910ccd07c6703cfee29fa1083f98c3938c0e51ad0689584f9d83,clique,clique,254718626572794853325001940371296855021,sorted,datetime,auto,1,40,40,baseline,0,0,59800
target/balance-work/smoke,668330f28a2b910ccd07c6703cfee29fa1083f98c3938c0e51ad0689584f9d83,clique,clique,254718626572794853325001940371296855021,sorted,datetime,auto,1,40,40,repair,100000,1,72300
target/balance-work/smoke,668330f28a2b910ccd07c6703cfee29fa1083f98c3938c0e51ad0689584f9d83,clique,clique,254718626572794853325001940371296855021,sorted,datetime,auto,1,40,40,balanced,100000,1,64500
target/balance-work/smoke,668330f28a2b910ccd07c6703cfee29fa1083f98c3938c0e51ad0689584f9d83,clique,clique,254718626572794853325001940371296855021,sorted,datetime,auto,1,40,40,baseline,0,1,61900
target/balance-work/smoke,668330f28a2b910ccd07c6703cfee29fa1083f98c3938c0e51ad0689584f9d83,clique,clique,254718626572794853325001940371296855021,sorted,datetime,auto,1,40,40,baseline,0,2,63200
target/balance-work/smoke,668330f28a2b910ccd07c6703cfee29fa1083f98c3938c0e51ad0689584f9d83,clique,clique,254718626572794853325001940371296855021,sorted,datetime,auto,1,40,40,repair,100000,2,69800
target/balance-work/smoke,668330f28a2b910ccd07c6703cfee29fa1083f98c3938c0e51ad0689584f9d83,clique,clique,254718626572794853325001940371296855021,sorted,datetime,auto,1,40,40,balanced,100000,2,64100
target/balance-work/smoke,668330f28a2b910ccd07c6703cfee29fa1083f98c3938c0e51ad0689584f9d83,clique,clique,254718626572794853325001940371296855021,sorted,datetime,streaming,1,40,40,repair,100000,0,181600
target/balance-work/smoke,668330f28a2b910ccd07c6703cfee29fa1083f98c3938c0e51ad0689584f9d83,clique,clique,254718626572794853325001940371296855021,sorted,datetime,streaming,1,40,40,balanced,100000,0,162300
target/balance-work/smoke,668330f28a2b910ccd07c6703cfee29fa1083f98c3938c0e51ad0689584f9d83,clique,clique,254718626572794853325001940371296855021,sorted,datetime,streaming,1,40,40,baseline,0,0,156000
target/balance-work/smoke,668330f28a2b910ccd07c6703cfee29fa1083f98c3938c0e51ad0689584f9d83,clique,clique,254718626572794853325001940371296855021,sorted,datetime,streaming,1,40,40,repair,100000,1,175800
target/balance-work/smoke,668330f28a2b910ccd07c6703cfee29fa1083f98c3938c0e51ad0689584f9d83,clique,clique,254718626572794853325001940371296855021,sorted,datetime,streaming,1,40,40,balanced,100000,1,161100
target/balance-work/smoke,668330f28a2b910ccd07c6703cfee29fa1083f98c3938c0e51ad0689584f9d83,clique,clique,254718626572794853325001940371296855021,sorted,datetime,streaming,1,40,40,baseline,0,1,156700
target/balance-work/smoke,668330f28a2b910ccd07c6703cfee29fa1083f98c3938c0e51ad0689584f9d83,clique,clique,254718626572794853325001940371296855021,sorted,datetime,streaming,1,40,40,baseline,0,2,157900
target/balance-work/smoke,668330f28a2b910ccd07c6703cfee29fa1083f98c3938c0e51ad0689584f9d83,clique,clique,254718626572794853325001940371296855021,sorted,datetime,streaming,1,40,40,repair,100000,2,207700
target/balance-work/smoke,668330f28a2b910ccd07c6703cfee29fa1083f98c3938c0e51ad0689584f9d83,clique,clique,254718626572794853325001940371296855021,sorted,datetime,streaming,1,40,40,balanced,100000,2,179700
target/balance-work/smoke,668330f28a2b910ccd07c6703cfee29fa1083f98c3938c0e51ad0689584f9d83,clique,clique,254718626572794853325001940371296855021,sorted,grouped,auto,4,160,40,balanced,100000,0,128900
target/balance-work/smoke,668330f28a2b910ccd07c6703cfee29fa1083f98c3938c0e51ad0689584f9d83,clique,clique,254718626572794853325001940371296855021,sorted,grouped,auto,4,160,40,baseline,0,0,121600
target/balance-work/smoke,668330f28a2b910ccd07c6703cfee29fa1083f98c3938c0e51ad0689584f9d83,clique,clique,254718626572794853325001940371296855021,sorted,grouped,auto,4,160,40,repair,100000,0,141000
target/balance-work/smoke,668330f28a2b910ccd07c6703cfee29fa1083f98c3938c0e51ad0689584f9d83,clique,clique,254718626572794853325001940371296855021,sorted,grouped,auto,4,160,40,repair,100000,1,145000
target/balance-work/smoke,668330f28a2b910ccd07c6703cfee29fa1083f98c3938c0e51ad0689584f9d83,clique,clique,254718626572794853325001940371296855021,sorted,grouped,auto,4,160,40,balanced,100000,1,135500
target/balance-work/smoke,668330f28a2b910ccd07c6703cfee29fa1083f98c3938c0e51ad0689584f9d83,clique,clique,254718626572794853325001940371296855021,sorted,grouped,auto,4,160,40,baseline,0,1,118100
target/balance-work/smoke,668330f28a2b910ccd07c6703cfee29fa1083f98c3938c0e51ad0689584f9d83,clique,clique,254718626572794853325001940371296855021,sorted,grouped,auto,4,160,40,balanced,100000,2,126100
target/balance-work/smoke,668330f28a2b910ccd07c6703cfee29fa1083f98c3938c0e51ad0689584f9d83,clique,clique,254718626572794853325001940371296855021,sorted,grouped,auto,4,160,40,baseline,0,2,116700
target/balance-work/smoke,668330f28a2b910ccd07c6703cfee29fa1083f98c3938c0e51ad0689584f9d83,clique,clique,254718626572794853325001940371296855021,sorted,grouped,auto,4,160,40,repair,100000,2,232800
target/balance-work/smoke,668330f28a2b910ccd07c6703cfee29fa1083f98c3938c0e51ad0689584f9d83,clique,clique,254718626572794853325001940371296855021,sorted,grouped,streaming,4,160,40,balanced,100000,0,220300
target/balance-work/smoke,668330f28a2b910ccd07c6703cfee29fa1083f98c3938c0e51ad0689584f9d83,clique,clique,254718626572794853325001940371296855021,sorted,grouped,streaming,4,160,40,baseline,0,0,183400
target/balance-work/smoke,668330f28a2b910ccd07c6703cfee29fa1083f98c3938c0e51ad0689584f9d83,clique,clique,254718626572794853325001940371296855021,sorted,grouped,streaming,4,160,40,repair,100000,0,278500
target/balance-work/smoke,668330f28a2b910ccd07c6703cfee29fa1083f98c3938c0e51ad0689584f9d83,clique,clique,254718626572794853325001940371296855021,sorted,grouped,streaming,4,160,40,baseline,0,1,202000
target/balance-work/smoke,668330f28a2b910ccd07c6703cfee29fa1083f98c3938c0e51ad0689584f9d83,clique,clique,254718626572794853325001940371296855021,sorted,grouped,streaming,4,160,40,repair,100000,1,317300
target/balance-work/smoke,668330f28a2b910ccd07c6703cfee29fa1083f98c3938c0e51ad0689584f9d83,clique,clique,254718626572794853325001940371296855021,sorted,grouped,streaming,4,160,40,balanced,100000,1,369000
target/balance-work/smoke,668330f28a2b910ccd07c6703cfee29fa1083f98c3938c0e51ad0689584f9d83,clique,clique,254718626572794853325001940371296855021,sorted,grouped,streaming,4,160,40,balanced,100000,2,241200
target/balance-work/smoke,668330f28a2b910ccd07c6703cfee29fa1083f98c3938c0e51ad0689584f9d83,clique,clique,254718626572794853325001940371296855021,sorted,grouped,streaming,4,160,40,baseline,0,2,202200
target/balance-work/smoke,668330f28a2b910ccd07c6703cfee29fa1083f98c3938c0e51ad0689584f9d83,clique,clique,254718626572794853325001940371296855021,sorted,grouped,streaming,4,160,40,repair,100000,2,232700
target/balance-work/smoke,668330f28a2b910ccd07c6703cfee29fa1083f98c3938c0e51ad0689584f9d83,clique,clique,254718626572794853325001940371296855021,sorted,sliced,auto,1,40,40,baseline,0,0,57800
target/balance-work/smoke,668330f28a2b910ccd07c6703cfee29fa1083f98c3938c0e51ad0689584f9d83,clique,clique,254718626572794853325001940371296855021,sorted,sliced,auto,1,40,40,repair,100000,0,64900
target/balance-work/smoke,668330f28a2b910ccd07c6703cfee29fa1083f98c3938c0e51ad0689584f9d83,clique,clique,254718626572794853325001940371296855021,sorted,sliced,auto,1,40,40,balanced,100000,0,63600
target/balance-work/smoke,668330f28a2b910ccd07c6703cfee29fa1083f98c3938c0e51ad0689584f9d83,clique,clique,254718626572794853325001940371296855021,sorted,sliced,auto,1,40,40,balanced,100000,1,62800
target/balance-work/smoke,668330f28a2b910ccd07c6703cfee29fa1083f98c3938c0e51ad0689584f9d83,clique,clique,254718626572794853325001940371296855021,sorted,sliced,auto,1,40,40,baseline,0,1,55800
target/balance-work/smoke,668330f28a2b910ccd07c6703cfee29fa1083f98c3938c0e51ad0689584f9d83,clique,clique,254718626572794853325001940371296855021,sorted,sliced,auto,1,40,40,repair,100000,1,64200
target/balance-work/smoke,668330f28a2b910ccd07c6703cfee29fa1083f98c3938c0e51ad0689584f9d83,clique,clique,254718626572794853325001940371296855021,sorted,sliced,auto,1,40,40,repair,100000,2,68000
target/balance-work/smoke,668330f28a2b910ccd07c6703cfee29fa1083f98c3938c0e51ad0689584f9d83,clique,clique,254718626572794853325001940371296855021,sorted,sliced,auto,1,40,40,balanced,100000,2,60500
target/balance-work/smoke,668330f28a2b910ccd07c6703cfee29fa1083f98c3938c0e51ad0689584f9d83,clique,clique,254718626572794853325001940371296855021,sorted,sliced,auto,1,40,40,baseline,0,2,56200
target/balance-work/smoke,668330f28a2b910ccd07c6703cfee29fa1083f98c3938c0e51ad0689584f9d83,clique,clique,254718626572794853325001940371296855021,sorted,sliced,streaming,1,40,40,repair,100000,0,202100
target/balance-work/smoke,668330f28a2b910ccd07c6703cfee29fa1083f98c3938c0e51ad0689584f9d83,clique,clique,254718626572794853325001940371296855021,sorted,sliced,streaming,1,40,40,balanced,100000,0,171500
target/balance-work/smoke,668330f28a2b910ccd07c6703cfee29fa1083f98c3938c0e51ad0689584f9d83,clique,clique,254718626572794853325001940371296855021,sorted,sliced,streaming,1,40,40,baseline,0,0,167300
target/balance-work/smoke,668330f28a2b910ccd07c6703cfee29fa1083f98c3938c0e51ad0689584f9d83,clique,clique,254718626572794853325001940371296855021,sorted,sliced,streaming,1,40,40,repair,100000,1,172200
target/balance-work/smoke,668330f28a2b910ccd07c6703cfee29fa1083f98c3938c0e51ad0689584f9d83,clique,clique,254718626572794853325001940371296855021,sorted,sliced,streaming,1,40,40,balanced,100000,1,156600
target/balance-work/smoke,668330f28a2b910ccd07c6703cfee29fa1083f98c3938c0e51ad0689584f9d83,clique,clique,254718626572794853325001940371296855021,sorted,sliced,streaming,1,40,40,baseline,0,1,148400
target/balance-work/smoke,668330f28a2b910ccd07c6703cfee29fa1083f98c3938c0e51ad0689584f9d83,clique,clique,254718626572794853325001940371296855021,sorted,sliced,streaming,1,40,40,balanced,100000,2,177100
target/balance-work/smoke,668330f28a2b910ccd07c6703cfee29fa1083f98c3938c0e51ad0689584f9d83,clique,clique,254718626572794853325001940371296855021,sorted,sliced,streaming,1,40,40,baseline,0,2,195500
target/balance-work/smoke,668330f28a2b910ccd07c6703cfee29fa1083f98c3938c0e51ad0689584f9d83,clique,clique,254718626572794853325001940371296855021,sorted,sliced,streaming,1,40,40,repair,100000,2,197200
target/balance-work/smoke,668330f28a2b910ccd07c6703cfee29fa1083f98c3938c0e51ad0689584f9d83,clique,clique,254718626572794853325001940371296855021,sorted,multi_chunk,auto,1,40,40,repair,100000,0,102600
target/balance-work/smoke,668330f28a2b910ccd07c6703cfee29fa1083f98c3938c0e51ad0689584f9d83,clique,clique,254718626572794853325001940371296855021,sorted,multi_chunk,auto,1,40,40,balanced,100000,0,69300
target/balance-work/smoke,668330f28a2b910ccd07c6703cfee29fa1083f98c3938c0e51ad0689584f9d83,clique,clique,254718626572794853325001940371296855021,sorted,multi_chunk,auto,1,40,40,baseline,0,0,63000
target/balance-work/smoke,668330f28a2b910ccd07c6703cfee29fa1083f98c3938c0e51ad0689584f9d83,clique,clique,254718626572794853325001940371296855021,sorted,multi_chunk,auto,1,40,40,balanced,100000,1,68100
target/balance-work/smoke,668330f28a2b910ccd07c6703cfee29fa1083f98c3938c0e51ad0689584f9d83,clique,clique,254718626572794853325001940371296855021,sorted,multi_chunk,auto,1,40,40,baseline,0,1,61600
target/balance-work/smoke,668330f28a2b910ccd07c6703cfee29fa1083f98c3938c0e51ad0689584f9d83,clique,clique,254718626572794853325001940371296855021,sorted,multi_chunk,auto,1,40,40,repair,100000,1,68100
target/balance-work/smoke,668330f28a2b910ccd07c6703cfee29fa1083f98c3938c0e51ad0689584f9d83,clique,clique,254718626572794853325001940371296855021,sorted,multi_chunk,auto,1,40,40,repair,100000,2,71200
target/balance-work/smoke,668330f28a2b910ccd07c6703cfee29fa1083f98c3938c0e51ad0689584f9d83,clique,clique,254718626572794853325001940371296855021,sorted,multi_chunk,auto,1,40,40,balanced,100000,2,63200
target/balance-work/smoke,668330f28a2b910ccd07c6703cfee29fa1083f98c3938c0e51ad0689584f9d83,clique,clique,254718626572794853325001940371296855021,sorted,multi_chunk,auto,1,40,40,baseline,0,2,58300
target/balance-work/smoke,668330f28a2b910ccd07c6703cfee29fa1083f98c3938c0e51ad0689584f9d83,clique,clique,254718626572794853325001940371296855021,sorted,multi_chunk,streaming,1,40,40,balanced,100000,0,224700
target/balance-work/smoke,668330f28a2b910ccd07c6703cfee29fa1083f98c3938c0e51ad0689584f9d83,clique,clique,254718626572794853325001940371296855021,sorted,multi_chunk,streaming,1,40,40,baseline,0,0,198900
target/balance-work/smoke,668330f28a2b910ccd07c6703cfee29fa1083f98c3938c0e51ad0689584f9d83,clique,clique,254718626572794853325001940371296855021,sorted,multi_chunk,streaming,1,40,40,repair,100000,0,218400
target/balance-work/smoke,668330f28a2b910ccd07c6703cfee29fa1083f98c3938c0e51ad0689584f9d83,clique,clique,254718626572794853325001940371296855021,sorted,multi_chunk,streaming,1,40,40,baseline,0,1,249800
target/balance-work/smoke,668330f28a2b910ccd07c6703cfee29fa1083f98c3938c0e51ad0689584f9d83,clique,clique,254718626572794853325001940371296855021,sorted,multi_chunk,streaming,1,40,40,repair,100000,1,254400
target/balance-work/smoke,668330f28a2b910ccd07c6703cfee29fa1083f98c3938c0e51ad0689584f9d83,clique,clique,254718626572794853325001940371296855021,sorted,multi_chunk,streaming,1,40,40,balanced,100000,1,187800
target/balance-work/smoke,668330f28a2b910ccd07c6703cfee29fa1083f98c3938c0e51ad0689584f9d83,clique,clique,254718626572794853325001940371296855021,sorted,multi_chunk,streaming,1,40,40,repair,100000,2,227900
target/balance-work/smoke,668330f28a2b910ccd07c6703cfee29fa1083f98c3938c0e51ad0689584f9d83,clique,clique,254718626572794853325001940371296855021,sorted,multi_chunk,streaming,1,40,40,balanced,100000,2,292400
target/balance-work/smoke,668330f28a2b910ccd07c6703cfee29fa1083f98c3938c0e51ad0689584f9d83,clique,clique,254718626572794853325001940371296855021,sorted,multi_chunk,streaming,1,40,40,baseline,0,2,219300
target/balance-work/smoke,68b156b222737c787eacf889fea69d58f273c171b24eb6f516f6163196a0d5ee,clique,clique,254718626572794853325001940371296855021,shuffled,integer,auto,1,40,40,baseline,0,0,61400
target/balance-work/smoke,68b156b222737c787eacf889fea69d58f273c171b24eb6f516f6163196a0d5ee,clique,clique,254718626572794853325001940371296855021,shuffled,integer,auto,1,40,40,repair,100000,0,69300
target/balance-work/smoke,68b156b222737c787eacf889fea69d58f273c171b24eb6f516f6163196a0d5ee,clique,clique,254718626572794853325001940371296855021,shuffled,integer,auto,1,40,40,balanced,100000,0,63900
target/balance-work/smoke,68b156b222737c787eacf889fea69d58f273c171b24eb6f516f6163196a0d5ee,clique,clique,254718626572794853325001940371296855021,shuffled,integer,auto,1,40,40,baseline,0,1,62000
target/balance-work/smoke,68b156b222737c787eacf889fea69d58f273c171b24eb6f516f6163196a0d5ee,clique,clique,254718626572794853325001940371296855021,shuffled,integer,auto,1,40,40,repair,100000,1,67900
target/balance-work/smoke,68b156b222737c787eacf889fea69d58f273c171b24eb6f516f6163196a0d5ee,clique,clique,254718626572794853325001940371296855021,shuffled,integer,auto,1,40,40,balanced,100000,1,63000
target/balance-work/smoke,68b156b222737c787eacf889fea69d58f273c171b24eb6f516f6163196a0d5ee,clique,clique,254718626572794853325001940371296855021,shuffled,integer,auto,1,40,40,baseline,0,2,61500
target/balance-work/smoke,68b156b222737c787eacf889fea69d58f273c171b24eb6f516f6163196a0d5ee,clique,clique,254718626572794853325001940371296855021,shuffled,integer,auto,1,40,40,repair,100000,2,68500
target/balance-work/smoke,68b156b222737c787eacf889fea69d58f273c171b24eb6f516f6163196a0d5ee,clique,clique,254718626572794853325001940371296855021,shuffled,integer,auto,1,40,40,balanced,100000,2,62300
target/balance-work/smoke,68b156b222737c787eacf889fea69d58f273c171b24eb6f516f6163196a0d5ee,clique,clique,254718626572794853325001940371296855021,shuffled,integer,streaming,1,40,40,baseline,0,0,164600
target/balance-work/smoke,68b156b222737c787eacf889fea69d58f273c171b24eb6f516f6163196a0d5ee,clique,clique,254718626572794853325001940371296855021,shuffled,integer,streaming,1,40,40,repair,100000,0,175900
target/balance-work/smoke,68b156b222737c787eacf889fea69d58f273c171b24eb6f516f6163196a0d5ee,clique,clique,254718626572794853325001940371296855021,shuffled,integer,streaming,1,40,40,balanced,100000,0,201800
target/balance-work/smoke,68b156b222737c787eacf889fea69d58f273c171b24eb6f516f6163196a0d5ee,clique,clique,254718626572794853325001940371296855021,shuffled,integer,streaming,1,40,40,balanced,100000,1,200600
target/balance-work/smoke,68b156b222737c787eacf889fea69d58f273c171b24eb6f516f6163196a0d5ee,clique,clique,254718626572794853325001940371296855021,shuffled,integer,streaming,1,40,40,baseline,0,1,191200
target/balance-work/smoke,68b156b222737c787eacf889fea69d58f273c171b24eb6f516f6163196a0d5ee,clique,clique,254718626572794853325001940371296855021,shuffled,integer,streaming,1,40,40,repair,100000,1,182300
target/balance-work/smoke,68b156b222737c787eacf889fea69d58f273c171b24eb6f516f6163196a0d5ee,clique,clique,254718626572794853325001940371296855021,shuffled,integer,streaming,1,40,40,balanced,100000,2,206200
target/balance-work/smoke,68b156b222737c787eacf889fea69d58f273c171b24eb6f516f6163196a0d5ee,clique,clique,254718626572794853325001940371296855021,shuffled,integer,streaming,1,40,40,baseline,0,2,191100
target/balance-work/smoke,68b156b222737c787eacf889fea69d58f273c171b24eb6f516f6163196a0d5ee,clique,clique,254718626572794853325001940371296855021,shuffled,integer,streaming,1,40,40,repair,100000,2,178100
target/balance-work/smoke,68b156b222737c787eacf889fea69d58f273c171b24eb6f516f6163196a0d5ee,clique,clique,254718626572794853325001940371296855021,shuffled,date,auto,1,40,40,balanced,100000,0,65700
target/balance-work/smoke,68b156b222737c787eacf889fea69d58f273c171b24eb6f516f6163196a0d5ee,clique,clique,254718626572794853325001940371296855021,shuffled,date,auto,1,40,40,baseline,0,0,60400
target/balance-work/smoke,68b156b222737c787eacf889fea69d58f273c171b24eb6f516f6163196a0d5ee,clique,clique,254718626572794853325001940371296855021,shuffled,date,auto,1,40,40,repair,100000,0,70600
target/balance-work/smoke,68b156b222737c787eacf889fea69d58f273c171b24eb6f516f6163196a0d5ee,clique,clique,254718626572794853325001940371296855021,shuffled,date,auto,1,40,40,balanced,100000,1,68300
target/balance-work/smoke,68b156b222737c787eacf889fea69d58f273c171b24eb6f516f6163196a0d5ee,clique,clique,254718626572794853325001940371296855021,shuffled,date,auto,1,40,40,baseline,0,1,60500
target/balance-work/smoke,68b156b222737c787eacf889fea69d58f273c171b24eb6f516f6163196a0d5ee,clique,clique,254718626572794853325001940371296855021,shuffled,date,auto,1,40,40,repair,100000,1,71200
target/balance-work/smoke,68b156b222737c787eacf889fea69d58f273c171b24eb6f516f6163196a0d5ee,clique,clique,254718626572794853325001940371296855021,shuffled,date,auto,1,40,40,balanced,100000,2,70700
target/balance-work/smoke,68b156b222737c787eacf889fea69d58f273c171b24eb6f516f6163196a0d5ee,clique,clique,254718626572794853325001940371296855021,shuffled,date,auto,1,40,40,baseline,0,2,59200
target/balance-work/smoke,68b156b222737c787eacf889fea69d58f273c171b24eb6f516f6163196a0d5ee,clique,clique,254718626572794853325001940371296855021,shuffled,date,auto,1,40,40,repair,100000,2,69200
target/balance-work/smoke,68b156b222737c787eacf889fea69d58f273c171b24eb6f516f6163196a0d5ee,clique,clique,254718626572794853325001940371296855021,shuffled,date,streaming,1,40,40,baseline,0,0,172000
target/balance-work/smoke,68b156b222737c787eacf889fea69d58f273c171b24eb6f516f6163196a0d5ee,clique,clique,254718626572794853325001940371296855021,shuffled,date,streaming,1,40,40,repair,100000,0,175800
target/balance-work/smoke,68b156b222737c787eacf889fea69d58f273c171b24eb6f516f6163196a0d5ee,clique,clique,254718626572794853325001940371296855021,shuffled,date,streaming,1,40,40,balanced,100000,0,191200
target/balance-work/smoke,68b156b222737c787eacf889fea69d58f273c171b24eb6f516f6163196a0d5ee,clique,clique,254718626572794853325001940371296855021,shuffled,date,streaming,1,40,40,repair,100000,1,191800
target/balance-work/smoke,68b156b222737c787eacf889fea69d58f273c171b24eb6f516f6163196a0d5ee,clique,clique,254718626572794853325001940371296855021,shuffled,date,streaming,1,40,40,balanced,100000,1,172200
target/balance-work/smoke,68b156b222737c787eacf889fea69d58f273c171b24eb6f516f6163196a0d5ee,clique,clique,254718626572794853325001940371296855021,shuffled,date,streaming,1,40,40,baseline,0,1,202000
target/balance-work/smoke,68b156b222737c787eacf889fea69d58f273c171b24eb6f516f6163196a0d5ee,clique,clique,254718626572794853325001940371296855021,shuffled,date,streaming,1,40,40,repair,100000,2,385700
target/balance-work/smoke,68b156b222737c787eacf889fea69d58f273c171b24eb6f516f6163196a0d5ee,clique,clique,254718626572794853325001940371296855021,shuffled,date,streaming,1,40,40,balanced,100000,2,248800
target/balance-work/smoke,68b156b222737c787eacf889fea69d58f273c171b24eb6f516f6163196a0d5ee,clique,clique,254718626572794853325001940371296855021,shuffled,date,streaming,1,40,40,baseline,0,2,261100
target/balance-work/smoke,68b156b222737c787eacf889fea69d58f273c171b24eb6f516f6163196a0d5ee,clique,clique,254718626572794853325001940371296855021,shuffled,datetime,auto,1,40,40,balanced,100000,0,69900
target/balance-work/smoke,68b156b222737c787eacf889fea69d58f273c171b24eb6f516f6163196a0d5ee,clique,clique,254718626572794853325001940371296855021,shuffled,datetime,auto,1,40,40,baseline,0,0,106400
target/balance-work/smoke,68b156b222737c787eacf889fea69d58f273c171b24eb6f516f6163196a0d5ee,clique,clique,254718626572794853325001940371296855021,shuffled,datetime,auto,1,40,40,repair,100000,0,92700
target/balance-work/smoke,68b156b222737c787eacf889fea69d58f273c171b24eb6f516f6163196a0d5ee,clique,clique,254718626572794853325001940371296855021,shuffled,datetime,auto,1,40,40,repair,100000,1,81300
target/balance-work/smoke,68b156b222737c787eacf889fea69d58f273c171b24eb6f516f6163196a0d5ee,clique,clique,254718626572794853325001940371296855021,shuffled,datetime,auto,1,40,40,balanced,100000,1,70900
target/balance-work/smoke,68b156b222737c787eacf889fea69d58f273c171b24eb6f516f6163196a0d5ee,clique,clique,254718626572794853325001940371296855021,shuffled,datetime,auto,1,40,40,baseline,0,1,63700
target/balance-work/smoke,68b156b222737c787eacf889fea69d58f273c171b24eb6f516f6163196a0d5ee,clique,clique,254718626572794853325001940371296855021,shuffled,datetime,auto,1,40,40,baseline,0,2,66800
target/balance-work/smoke,68b156b222737c787eacf889fea69d58f273c171b24eb6f516f6163196a0d5ee,clique,clique,254718626572794853325001940371296855021,shuffled,datetime,auto,1,40,40,repair,100000,2,74200
target/balance-work/smoke,68b156b222737c787eacf889fea69d58f273c171b24eb6f516f6163196a0d5ee,clique,clique,254718626572794853325001940371296855021,shuffled,datetime,auto,1,40,40,balanced,100000,2,68200
target/balance-work/smoke,68b156b222737c787eacf889fea69d58f273c171b24eb6f516f6163196a0d5ee,clique,clique,254718626572794853325001940371296855021,shuffled,datetime,streaming,1,40,40,repair,100000,0,182800
target/balance-work/smoke,68b156b222737c787eacf889fea69d58f273c171b24eb6f516f6163196a0d5ee,clique,clique,254718626572794853325001940371296855021,shuffled,datetime,streaming,1,40,40,balanced,100000,0,154200
target/balance-work/smoke,68b156b222737c787eacf889fea69d58f273c171b24eb6f516f6163196a0d5ee,clique,clique,254718626572794853325001940371296855021,shuffled,datetime,streaming,1,40,40,baseline,0,0,173100
target/balance-work/smoke,68b156b222737c787eacf889fea69d58f273c171b24eb6f516f6163196a0d5ee,clique,clique,254718626572794853325001940371296855021,shuffled,datetime,streaming,1,40,40,baseline,0,1,202400
target/balance-work/smoke,68b156b222737c787eacf889fea69d58f273c171b24eb6f516f6163196a0d5ee,clique,clique,254718626572794853325001940371296855021,shuffled,datetime,streaming,1,40,40,repair,100000,1,157500
target/balance-work/smoke,68b156b222737c787eacf889fea69d58f273c171b24eb6f516f6163196a0d5ee,clique,clique,254718626572794853325001940371296855021,shuffled,datetime,streaming,1,40,40,balanced,100000,1,146900
target/balance-work/smoke,68b156b222737c787eacf889fea69d58f273c171b24eb6f516f6163196a0d5ee,clique,clique,254718626572794853325001940371296855021,shuffled,datetime,streaming,1,40,40,repair,100000,2,190100
target/balance-work/smoke,68b156b222737c787eacf889fea69d58f273c171b24eb6f516f6163196a0d5ee,clique,clique,254718626572794853325001940371296855021,shuffled,datetime,streaming,1,40,40,balanced,100000,2,185700
target/balance-work/smoke,68b156b222737c787eacf889fea69d58f273c171b24eb6f516f6163196a0d5ee,clique,clique,254718626572794853325001940371296855021,shuffled,datetime,streaming,1,40,40,baseline,0,2,169700
target/balance-work/smoke,68b156b222737c787eacf889fea69d58f273c171b24eb6f516f6163196a0d5ee,clique,clique,254718626572794853325001940371296855021,shuffled,grouped,auto,4,160,40,baseline,0,0,125300
target/balance-work/smoke,68b156b222737c787eacf889fea69d58f273c171b24eb6f516f6163196a0d5ee,clique,clique,254718626572794853325001940371296855021,shuffled,grouped,auto,4,160,40,repair,100000,0,148200
target/balance-work/smoke,68b156b222737c787eacf889fea69d58f273c171b24eb6f516f6163196a0d5ee,clique,clique,254718626572794853325001940371296855021,shuffled,grouped,auto,4,160,40,balanced,100000,0,134000
target/balance-work/smoke,68b156b222737c787eacf889fea69d58f273c171b24eb6f516f6163196a0d5ee,clique,clique,254718626572794853325001940371296855021,shuffled,grouped,auto,4,160,40,balanced,100000,1,126500
target/balance-work/smoke,68b156b222737c787eacf889fea69d58f273c171b24eb6f516f6163196a0d5ee,clique,clique,254718626572794853325001940371296855021,shuffled,grouped,auto,4,160,40,baseline,0,1,116100
target/balance-work/smoke,68b156b222737c787eacf889fea69d58f273c171b24eb6f516f6163196a0d5ee,clique,clique,254718626572794853325001940371296855021,shuffled,grouped,auto,4,160,40,repair,100000,1,142000
target/balance-work/smoke,68b156b222737c787eacf889fea69d58f273c171b24eb6f516f6163196a0d5ee,clique,clique,254718626572794853325001940371296855021,shuffled,grouped,auto,4,160,40,baseline,0,2,118600
target/balance-work/smoke,68b156b222737c787eacf889fea69d58f273c171b24eb6f516f6163196a0d5ee,clique,clique,254718626572794853325001940371296855021,shuffled,grouped,auto,4,160,40,repair,100000,2,140600
target/balance-work/smoke,68b156b222737c787eacf889fea69d58f273c171b24eb6f516f6163196a0d5ee,clique,clique,254718626572794853325001940371296855021,shuffled,grouped,auto,4,160,40,balanced,100000,2,129700
target/balance-work/smoke,68b156b222737c787eacf889fea69d58f273c171b24eb6f516f6163196a0d5ee,clique,clique,254718626572794853325001940371296855021,shuffled,grouped,streaming,4,160,40,repair,100000,0,252300
target/balance-work/smoke,68b156b222737c787eacf889fea69d58f273c171b24eb6f516f6163196a0d5ee,clique,clique,254718626572794853325001940371296855021,shuffled,grouped,streaming,4,160,40,balanced,100000,0,212000
target/balance-work/smoke,68b156b222737c787eacf889fea69d58f273c171b24eb6f516f6163196a0d5ee,clique,clique,254718626572794853325001940371296855021,shuffled,grouped,streaming,4,160,40,baseline,0,0,218800
target/balance-work/smoke,68b156b222737c787eacf889fea69d58f273c171b24eb6f516f6163196a0d5ee,clique,clique,254718626572794853325001940371296855021,shuffled,grouped,streaming,4,160,40,baseline,0,1,205800
target/balance-work/smoke,68b156b222737c787eacf889fea69d58f273c171b24eb6f516f6163196a0d5ee,clique,clique,254718626572794853325001940371296855021,shuffled,grouped,streaming,4,160,40,repair,100000,1,227700
target/balance-work/smoke,68b156b222737c787eacf889fea69d58f273c171b24eb6f516f6163196a0d5ee,clique,clique,254718626572794853325001940371296855021,shuffled,grouped,streaming,4,160,40,balanced,100000,1,232500
target/balance-work/smoke,68b156b222737c787eacf889fea69d58f273c171b24eb6f516f6163196a0d5ee,clique,clique,254718626572794853325001940371296855021,shuffled,grouped,streaming,4,160,40,repair,100000,2,243000
target/balance-work/smoke,68b156b222737c787eacf889fea69d58f273c171b24eb6f516f6163196a0d5ee,clique,clique,254718626572794853325001940371296855021,shuffled,grouped,streaming,4,160,40,balanced,100000,2,241100
target/balance-work/smoke,68b156b222737c787eacf889fea69d58f273c171b24eb6f516f6163196a0d5ee,clique,clique,254718626572794853325001940371296855021,shuffled,grouped,streaming,4,160,40,baseline,0,2,186700
target/balance-work/smoke,68b156b222737c787eacf889fea69d58f273c171b24eb6f516f6163196a0d5ee,clique,clique,254718626572794853325001940371296855021,shuffled,sliced,auto,1,40,40,baseline,0,0,58500
target/balance-work/smoke,68b156b222737c787eacf889fea69d58f273c171b24eb6f516f6163196a0d5ee,clique,clique,254718626572794853325001940371296855021,shuffled,sliced,auto,1,40,40,repair,100000,0,66400
target/balance-work/smoke,68b156b222737c787eacf889fea69d58f273c171b24eb6f516f6163196a0d5ee,clique,clique,254718626572794853325001940371296855021,shuffled,sliced,auto,1,40,40,balanced,100000,0,61500
target/balance-work/smoke,68b156b222737c787eacf889fea69d58f273c171b24eb6f516f6163196a0d5ee,clique,clique,254718626572794853325001940371296855021,shuffled,sliced,auto,1,40,40,repair,100000,1,70500
target/balance-work/smoke,68b156b222737c787eacf889fea69d58f273c171b24eb6f516f6163196a0d5ee,clique,clique,254718626572794853325001940371296855021,shuffled,sliced,auto,1,40,40,balanced,100000,1,61500
target/balance-work/smoke,68b156b222737c787eacf889fea69d58f273c171b24eb6f516f6163196a0d5ee,clique,clique,254718626572794853325001940371296855021,shuffled,sliced,auto,1,40,40,baseline,0,1,61300
target/balance-work/smoke,68b156b222737c787eacf889fea69d58f273c171b24eb6f516f6163196a0d5ee,clique,clique,254718626572794853325001940371296855021,shuffled,sliced,auto,1,40,40,baseline,0,2,59300
target/balance-work/smoke,68b156b222737c787eacf889fea69d58f273c171b24eb6f516f6163196a0d5ee,clique,clique,254718626572794853325001940371296855021,shuffled,sliced,auto,1,40,40,repair,100000,2,65600
target/balance-work/smoke,68b156b222737c787eacf889fea69d58f273c171b24eb6f516f6163196a0d5ee,clique,clique,254718626572794853325001940371296855021,shuffled,sliced,auto,1,40,40,balanced,100000,2,60700
target/balance-work/smoke,68b156b222737c787eacf889fea69d58f273c171b24eb6f516f6163196a0d5ee,clique,clique,254718626572794853325001940371296855021,shuffled,sliced,streaming,1,40,40,baseline,0,0,159300
target/balance-work/smoke,68b156b222737c787eacf889fea69d58f273c171b24eb6f516f6163196a0d5ee,clique,clique,254718626572794853325001940371296855021,shuffled,sliced,streaming,1,40,40,repair,100000,0,208900
target/balance-work/smoke,68b156b222737c787eacf889fea69d58f273c171b24eb6f516f6163196a0d5ee,clique,clique,254718626572794853325001940371296855021,shuffled,sliced,streaming,1,40,40,balanced,100000,0,157800
target/balance-work/smoke,68b156b222737c787eacf889fea69d58f273c171b24eb6f516f6163196a0d5ee,clique,clique,254718626572794853325001940371296855021,shuffled,sliced,streaming,1,40,40,repair,100000,1,173300
target/balance-work/smoke,68b156b222737c787eacf889fea69d58f273c171b24eb6f516f6163196a0d5ee,clique,clique,254718626572794853325001940371296855021,shuffled,sliced,streaming,1,40,40,balanced,100000,1,160400
target/balance-work/smoke,68b156b222737c787eacf889fea69d58f273c171b24eb6f516f6163196a0d5ee,clique,clique,254718626572794853325001940371296855021,shuffled,sliced,streaming,1,40,40,baseline,0,1,162000
target/balance-work/smoke,68b156b222737c787eacf889fea69d58f273c171b24eb6f516f6163196a0d5ee,clique,clique,254718626572794853325001940371296855021,shuffled,sliced,streaming,1,40,40,repair,100000,2,148400
target/balance-work/smoke,68b156b222737c787eacf889fea69d58f273c171b24eb6f516f6163196a0d5ee,clique,clique,254718626572794853325001940371296855021,shuffled,sliced,streaming,1,40,40,balanced,100000,2,124700
target/balance-work/smoke,68b156b222737c787eacf889fea69d58f273c171b24eb6f516f6163196a0d5ee,clique,clique,254718626572794853325001940371296855021,shuffled,sliced,streaming,1,40,40,baseline,0,2,117600
target/balance-work/smoke,68b156b222737c787eacf889fea69d58f273c171b24eb6f516f6163196a0d5ee,clique,clique,254718626572794853325001940371296855021,shuffled,multi_chunk,auto,1,40,40,repair,100000,0,69600
target/balance-work/smoke,68b156b222737c787eacf889fea69d58f273c171b24eb6f516f6163196a0d5ee,clique,clique,254718626572794853325001940371296855021,shuffled,multi_chunk,auto,1,40,40,balanced,100000,0,62200
target/balance-work/smoke,68b156b222737c787eacf889fea69d58f273c171b24eb6f516f6163196a0d5ee,clique,clique,254718626572794853325001940371296855021,shuffled,multi_chunk,auto,1,40,40,baseline,0,0,57500
target/balance-work/smoke,68b156b222737c787eacf889fea69d58f273c171b24eb6f516f6163196a0d5ee,clique,clique,254718626572794853325001940371296855021,shuffled,multi_chunk,auto,1,40,40,repair,100000,1,70800
target/balance-work/smoke,68b156b222737c787eacf889fea69d58f273c171b24eb6f516f6163196a0d5ee,clique,clique,254718626572794853325001940371296855021,shuffled,multi_chunk,auto,1,40,40,balanced,100000,1,67300
target/balance-work/smoke,68b156b222737c787eacf889fea69d58f273c171b24eb6f516f6163196a0d5ee,clique,clique,254718626572794853325001940371296855021,shuffled,multi_chunk,auto,1,40,40,baseline,0,1,57500
target/balance-work/smoke,68b156b222737c787eacf889fea69d58f273c171b24eb6f516f6163196a0d5ee,clique,clique,254718626572794853325001940371296855021,shuffled,multi_chunk,auto,1,40,40,balanced,100000,2,64200
target/balance-work/smoke,68b156b222737c787eacf889fea69d58f273c171b24eb6f516f6163196a0d5ee,clique,clique,254718626572794853325001940371296855021,shuffled,multi_chunk,auto,1,40,40,baseline,0,2,63400
target/balance-work/smoke,68b156b222737c787eacf889fea69d58f273c171b24eb6f516f6163196a0d5ee,clique,clique,254718626572794853325001940371296855021,shuffled,multi_chunk,auto,1,40,40,repair,100000,2,67300
target/balance-work/smoke,68b156b222737c787eacf889fea69d58f273c171b24eb6f516f6163196a0d5ee,clique,clique,254718626572794853325001940371296855021,shuffled,multi_chunk,streaming,1,40,40,baseline,0,0,180900
target/balance-work/smoke,68b156b222737c787eacf889fea69d58f273c171b24eb6f516f6163196a0d5ee,clique,clique,254718626572794853325001940371296855021,shuffled,multi_chunk,streaming,1,40,40,repair,100000,0,177600
target/balance-work/smoke,68b156b222737c787eacf889fea69d58f273c171b24eb6f516f6163196a0d5ee,clique,clique,254718626572794853325001940371296855021,shuffled,multi_chunk,streaming,1,40,40,balanced,100000,0,160400
target/balance-work/smoke,68b156b222737c787eacf889fea69d58f273c171b24eb6f516f6163196a0d5ee,clique,clique,254718626572794853325001940371296855021,shuffled,multi_chunk,streaming,1,40,40,repair,100000,1,179200
target/balance-work/smoke,68b156b222737c787eacf889fea69d58f273c171b24eb6f516f6163196a0d5ee,clique,clique,254718626572794853325001940371296855021,shuffled,multi_chunk,streaming,1,40,40,balanced,100000,1,184100
target/balance-work/smoke,68b156b222737c787eacf889fea69d58f273c171b24eb6f516f6163196a0d5ee,clique,clique,254718626572794853325001940371296855021,shuffled,multi_chunk,streaming,1,40,40,baseline,0,1,241800
target/balance-work/smoke,68b156b222737c787eacf889fea69d58f273c171b24eb6f516f6163196a0d5ee,clique,clique,254718626572794853325001940371296855021,shuffled,multi_chunk,streaming,1,40,40,balanced,100000,2,194300
target/balance-work/smoke,68b156b222737c787eacf889fea69d58f273c171b24eb6f516f6163196a0d5ee,clique,clique,254718626572794853325001940371296855021,shuffled,multi_chunk,streaming,1,40,40,baseline,0,2,169900
target/balance-work/smoke,68b156b222737c787eacf889fea69d58f273c171b24eb6f516f6163196a0d5ee,clique,clique,254718626572794853325001940371296855021,shuffled,multi_chunk,streaming,1,40,40,repair,100000,2,175100
target/balance-work/smoke,436cf7b8db42bf743189ce676b545a7cd2b9e195aa4fe6408f46ab1cce697dd8,duplicates,duplicates,166539803711403717015878250541275624508,sorted,integer,auto,1,40,40,baseline,0,0,61400
target/balance-work/smoke,436cf7b8db42bf743189ce676b545a7cd2b9e195aa4fe6408f46ab1cce697dd8,duplicates,duplicates,166539803711403717015878250541275624508,sorted,integer,auto,1,40,40,repair,100000,0,65900
target/balance-work/smoke,436cf7b8db42bf743189ce676b545a7cd2b9e195aa4fe6408f46ab1cce697dd8,duplicates,duplicates,166539803711403717015878250541275624508,sorted,integer,auto,1,40,40,balanced,100000,0,61500
target/balance-work/smoke,436cf7b8db42bf743189ce676b545a7cd2b9e195aa4fe6408f46ab1cce697dd8,duplicates,duplicates,166539803711403717015878250541275624508,sorted,integer,auto,1,40,40,baseline,0,1,60700
target/balance-work/smoke,436cf7b8db42bf743189ce676b545a7cd2b9e195aa4fe6408f46ab1cce697dd8,duplicates,duplicates,166539803711403717015878250541275624508,sorted,integer,auto,1,40,40,repair,100000,1,65500
target/balance-work/smoke,436cf7b8db42bf743189ce676b545a7cd2b9e195aa4fe6408f46ab1cce697dd8,duplicates,duplicates,166539803711403717015878250541275624508,sorted,integer,auto,1,40,40,balanced,100000,1,60800
target/balance-work/smoke,436cf7b8db42bf743189ce676b545a7cd2b9e195aa4fe6408f46ab1cce697dd8,duplicates,duplicates,166539803711403717015878250541275624508,sorted,integer,auto,1,40,40,baseline,0,2,60200
target/balance-work/smoke,436cf7b8db42bf743189ce676b545a7cd2b9e195aa4fe6408f46ab1cce697dd8,duplicates,duplicates,166539803711403717015878250541275624508,sorted,integer,auto,1,40,40,repair,100000,2,68500
target/balance-work/smoke,436cf7b8db42bf743189ce676b545a7cd2b9e195aa4fe6408f46ab1cce697dd8,duplicates,duplicates,166539803711403717015878250541275624508,sorted,integer,auto,1,40,40,balanced,100000,2,59300
target/balance-work/smoke,436cf7b8db42bf743189ce676b545a7cd2b9e195aa4fe6408f46ab1cce697dd8,duplicates,duplicates,166539803711403717015878250541275624508,sorted,integer,streaming,1,40,40,baseline,0,0,172500
target/balance-work/smoke,436cf7b8db42bf743189ce676b545a7cd2b9e195aa4fe6408f46ab1cce697dd8,duplicates,duplicates,166539803711403717015878250541275624508,sorted,integer,streaming,1,40,40,repair,100000,0,182600
target/balance-work/smoke,436cf7b8db42bf743189ce676b545a7cd2b9e195aa4fe6408f46ab1cce697dd8,duplicates,duplicates,166539803711403717015878250541275624508,sorted,integer,streaming,1,40,40,balanced,100000,0,169400
target/balance-work/smoke,436cf7b8db42bf743189ce676b545a7cd2b9e195aa4fe6408f46ab1cce697dd8,duplicates,duplicates,166539803711403717015878250541275624508,sorted,integer,streaming,1,40,40,baseline,0,1,231700
target/balance-work/smoke,436cf7b8db42bf743189ce676b545a7cd2b9e195aa4fe6408f46ab1cce697dd8,duplicates,duplicates,166539803711403717015878250541275624508,sorted,integer,streaming,1,40,40,repair,100000,1,192700
target/balance-work/smoke,436cf7b8db42bf743189ce676b545a7cd2b9e195aa4fe6408f46ab1cce697dd8,duplicates,duplicates,166539803711403717015878250541275624508,sorted,integer,streaming,1,40,40,balanced,100000,1,196300
target/balance-work/smoke,436cf7b8db42bf743189ce676b545a7cd2b9e195aa4fe6408f46ab1cce697dd8,duplicates,duplicates,166539803711403717015878250541275624508,sorted,integer,streaming,1,40,40,repair,100000,2,185800
target/balance-work/smoke,436cf7b8db42bf743189ce676b545a7cd2b9e195aa4fe6408f46ab1cce697dd8,duplicates,duplicates,166539803711403717015878250541275624508,sorted,integer,streaming,1,40,40,balanced,100000,2,264500
target/balance-work/smoke,436cf7b8db42bf743189ce676b545a7cd2b9e195aa4fe6408f46ab1cce697dd8,duplicates,duplicates,166539803711403717015878250541275624508,sorted,integer,streaming,1,40,40,baseline,0,2,190400
target/balance-work/smoke,436cf7b8db42bf743189ce676b545a7cd2b9e195aa4fe6408f46ab1cce697dd8,duplicates,duplicates,166539803711403717015878250541275624508,sorted,date,auto,1,40,40,baseline,0,0,59800
target/balance-work/smoke,436cf7b8db42bf743189ce676b545a7cd2b9e195aa4fe6408f46ab1cce697dd8,duplicates,duplicates,166539803711403717015878250541275624508,sorted,date,auto,1,40,40,repair,100000,0,67700
target/balance-work/smoke,436cf7b8db42bf743189ce676b545a7cd2b9e195aa4fe6408f46ab1cce697dd8,duplicates,duplicates,166539803711403717015878250541275624508,sorted,date,auto,1,40,40,balanced,100000,0,62500
target/balance-work/smoke,436cf7b8db42bf743189ce676b545a7cd2b9e195aa4fe6408f46ab1cce697dd8,duplicates,duplicates,166539803711403717015878250541275624508,sorted,date,auto,1,40,40,repair,100000,1,72800
target/balance-work/smoke,436cf7b8db42bf743189ce676b545a7cd2b9e195aa4fe6408f46ab1cce697dd8,duplicates,duplicates,166539803711403717015878250541275624508,sorted,date,auto,1,40,40,balanced,100000,1,63100
target/balance-work/smoke,436cf7b8db42bf743189ce676b545a7cd2b9e195aa4fe6408f46ab1cce697dd8,duplicates,duplicates,166539803711403717015878250541275624508,sorted,date,auto,1,40,40,baseline,0,1,58300
target/balance-work/smoke,436cf7b8db42bf743189ce676b545a7cd2b9e195aa4fe6408f46ab1cce697dd8,duplicates,duplicates,166539803711403717015878250541275624508,sorted,date,auto,1,40,40,balanced,100000,2,65300
target/balance-work/smoke,436cf7b8db42bf743189ce676b545a7cd2b9e195aa4fe6408f46ab1cce697dd8,duplicates,duplicates,166539803711403717015878250541275624508,sorted,date,auto,1,40,40,baseline,0,2,58200
target/balance-work/smoke,436cf7b8db42bf743189ce676b545a7cd2b9e195aa4fe6408f46ab1cce697dd8,duplicates,duplicates,166539803711403717015878250541275624508,sorted,date,auto,1,40,40,repair,100000,2,67200
target/balance-work/smoke,436cf7b8db42bf743189ce676b545a7cd2b9e195aa4fe6408f46ab1cce697dd8,duplicates,duplicates,166539803711403717015878250541275624508,sorted,date,streaming,1,40,40,balanced,100000,0,247300
target/balance-work/smoke,436cf7b8db42bf743189ce676b545a7cd2b9e195aa4fe6408f46ab1cce697dd8,duplicates,duplicates,166539803711403717015878250541275624508,sorted,date,streaming,1,40,40,baseline,0,0,299000
target/balance-work/smoke,436cf7b8db42bf743189ce676b545a7cd2b9e195aa4fe6408f46ab1cce697dd8,duplicates,duplicates,166539803711403717015878250541275624508,sorted,date,streaming,1,40,40,repair,100000,0,275600
target/balance-work/smoke,436cf7b8db42bf743189ce676b545a7cd2b9e195aa4fe6408f46ab1cce697dd8,duplicates,duplicates,166539803711403717015878250541275624508,sorted,date,streaming,1,40,40,baseline,0,1,200500
target/balance-work/smoke,436cf7b8db42bf743189ce676b545a7cd2b9e195aa4fe6408f46ab1cce697dd8,duplicates,duplicates,166539803711403717015878250541275624508,sorted,date,streaming,1,40,40,repair,100000,1,278800
target/balance-work/smoke,436cf7b8db42bf743189ce676b545a7cd2b9e195aa4fe6408f46ab1cce697dd8,duplicates,duplicates,166539803711403717015878250541275624508,sorted,date,streaming,1,40,40,balanced,100000,1,299200
target/balance-work/smoke,436cf7b8db42bf743189ce676b545a7cd2b9e195aa4fe6408f46ab1cce697dd8,duplicates,duplicates,166539803711403717015878250541275624508,sorted,date,streaming,1,40,40,baseline,0,2,246700
target/balance-work/smoke,436cf7b8db42bf743189ce676b545a7cd2b9e195aa4fe6408f46ab1cce697dd8,duplicates,duplicates,166539803711403717015878250541275624508,sorted,date,streaming,1,40,40,repair,100000,2,223500
target/balance-work/smoke,436cf7b8db42bf743189ce676b545a7cd2b9e195aa4fe6408f46ab1cce697dd8,duplicates,duplicates,166539803711403717015878250541275624508,sorted,date,streaming,1,40,40,balanced,100000,2,246900
target/balance-work/smoke,436cf7b8db42bf743189ce676b545a7cd2b9e195aa4fe6408f46ab1cce697dd8,duplicates,duplicates,166539803711403717015878250541275624508,sorted,datetime,auto,1,40,40,repair,100000,0,75600
target/balance-work/smoke,436cf7b8db42bf743189ce676b545a7cd2b9e195aa4fe6408f46ab1cce697dd8,duplicates,duplicates,166539803711403717015878250541275624508,sorted,datetime,auto,1,40,40,balanced,100000,0,249300
target/balance-work/smoke,436cf7b8db42bf743189ce676b545a7cd2b9e195aa4fe6408f46ab1cce697dd8,duplicates,duplicates,166539803711403717015878250541275624508,sorted,datetime,auto,1,40,40,baseline,0,0,147300
target/balance-work/smoke,436cf7b8db42bf743189ce676b545a7cd2b9e195aa4fe6408f46ab1cce697dd8,duplicates,duplicates,166539803711403717015878250541275624508,sorted,datetime,auto,1,40,40,balanced,100000,1,80800
target/balance-work/smoke,436cf7b8db42bf743189ce676b545a7cd2b9e195aa4fe6408f46ab1cce697dd8,duplicates,duplicates,166539803711403717015878250541275624508,sorted,datetime,auto,1,40,40,baseline,0,1,67100
target/balance-work/smoke,436cf7b8db42bf743189ce676b545a7cd2b9e195aa4fe6408f46ab1cce697dd8,duplicates,duplicates,166539803711403717015878250541275624508,sorted,datetime,auto,1,40,40,repair,100000,1,83200
target/balance-work/smoke,436cf7b8db42bf743189ce676b545a7cd2b9e195aa4fe6408f46ab1cce697dd8,duplicates,duplicates,166539803711403717015878250541275624508,sorted,datetime,auto,1,40,40,balanced,100000,2,72200
target/balance-work/smoke,436cf7b8db42bf743189ce676b545a7cd2b9e195aa4fe6408f46ab1cce697dd8,duplicates,duplicates,166539803711403717015878250541275624508,sorted,datetime,auto,1,40,40,baseline,0,2,63900
target/balance-work/smoke,436cf7b8db42bf743189ce676b545a7cd2b9e195aa4fe6408f46ab1cce697dd8,duplicates,duplicates,166539803711403717015878250541275624508,sorted,datetime,auto,1,40,40,repair,100000,2,76000
target/balance-work/smoke,436cf7b8db42bf743189ce676b545a7cd2b9e195aa4fe6408f46ab1cce697dd8,duplicates,duplicates,166539803711403717015878250541275624508,sorted,datetime,streaming,1,40,40,balanced,100000,0,176900
target/balance-work/smoke,436cf7b8db42bf743189ce676b545a7cd2b9e195aa4fe6408f46ab1cce697dd8,duplicates,duplicates,166539803711403717015878250541275624508,sorted,datetime,streaming,1,40,40,baseline,0,0,165600
target/balance-work/smoke,436cf7b8db42bf743189ce676b545a7cd2b9e195aa4fe6408f46ab1cce697dd8,duplicates,duplicates,166539803711403717015878250541275624508,sorted,datetime,streaming,1,40,40,repair,100000,0,179400
target/balance-work/smoke,436cf7b8db42bf743189ce676b545a7cd2b9e195aa4fe6408f46ab1cce697dd8,duplicates,duplicates,166539803711403717015878250541275624508,sorted,datetime,streaming,1,40,40,balanced,100000,1,203100
target/balance-work/smoke,436cf7b8db42bf743189ce676b545a7cd2b9e195aa4fe6408f46ab1cce697dd8,duplicates,duplicates,166539803711403717015878250541275624508,sorted,datetime,streaming,1,40,40,baseline,0,1,181100
target/balance-work/smoke,436cf7b8db42bf743189ce676b545a7cd2b9e195aa4fe6408f46ab1cce697dd8,duplicates,duplicates,166539803711403717015878250541275624508,sorted,datetime,streaming,1,40,40,repair,100000,1,179800
target/balance-work/smoke,436cf7b8db42bf743189ce676b545a7cd2b9e195aa4fe6408f46ab1cce697dd8,duplicates,duplicates,166539803711403717015878250541275624508,sorted,datetime,streaming,1,40,40,repair,100000,2,179400
target/balance-work/smoke,436cf7b8db42bf743189ce676b545a7cd2b9e195aa4fe6408f46ab1cce697dd8,duplicates,duplicates,166539803711403717015878250541275624508,sorted,datetime,streaming,1,40,40,balanced,100000,2,173200
target/balance-work/smoke,436cf7b8db42bf743189ce676b545a7cd2b9e195aa4fe6408f46ab1cce697dd8,duplicates,duplicates,166539803711403717015878250541275624508,sorted,datetime,streaming,1,40,40,baseline,0,2,200200
target/balance-work/smoke,436cf7b8db42bf743189ce676b545a7cd2b9e195aa4fe6408f46ab1cce697dd8,duplicates,duplicates,166539803711403717015878250541275624508,sorted,grouped,auto,4,160,40,baseline,0,0,117100
target/balance-work/smoke,436cf7b8db42bf743189ce676b545a7cd2b9e195aa4fe6408f46ab1cce697dd8,duplicates,duplicates,166539803711403717015878250541275624508,sorted,grouped,auto,4,160,40,repair,100000,0,139800
target/balance-work/smoke,436cf7b8db42bf743189ce676b545a7cd2b9e195aa4fe6408f46ab1cce697dd8,duplicates,duplicates,166539803711403717015878250541275624508,sorted,grouped,auto,4,160,40,balanced,100000,0,274400
target/balance-work/smoke,436cf7b8db42bf743189ce676b545a7cd2b9e195aa4fe6408f46ab1cce697dd8,duplicates,duplicates,166539803711403717015878250541275624508,sorted,grouped,auto,4,160,40,balanced,100000,1,188200
target/balance-work/smoke,436cf7b8db42bf743189ce676b545a7cd2b9e195aa4fe6408f46ab1cce697dd8,duplicates,duplicates,166539803711403717015878250541275624508,sorted,grouped,auto,4,160,40,baseline,0,1,212700
target/balance-work/smoke,436cf7b8db42bf743189ce676b545a7cd2b9e195aa4fe6408f46ab1cce697dd8,duplicates,duplicates,166539803711403717015878250541275624508,sorted,grouped,auto,4,160,40,repair,100000,1,244600
target/balance-work/smoke,436cf7b8db42bf743189ce676b545a7cd2b9e195aa4fe6408f46ab1cce697dd8,duplicates,duplicates,166539803711403717015878250541275624508,sorted,grouped,auto,4,160,40,repair,100000,2,202000
target/balance-work/smoke,436cf7b8db42bf743189ce676b545a7cd2b9e195aa4fe6408f46ab1cce697dd8,duplicates,duplicates,166539803711403717015878250541275624508,sorted,grouped,auto,4,160,40,balanced,100000,2,156800
target/balance-work/smoke,436cf7b8db42bf743189ce676b545a7cd2b9e195aa4fe6408f46ab1cce697dd8,duplicates,duplicates,166539803711403717015878250541275624508,sorted,grouped,auto,4,160,40,baseline,0,2,121100
target/balance-work/smoke,436cf7b8db42bf743189ce676b545a7cd2b9e195aa4fe6408f46ab1cce697dd8,duplicates,duplicates,166539803711403717015878250541275624508,sorted,grouped,streaming,4,160,40,repair,100000,0,216600
target/balance-work/smoke,436cf7b8db42bf743189ce676b545a7cd2b9e195aa4fe6408f46ab1cce697dd8,duplicates,duplicates,166539803711403717015878250541275624508,sorted,grouped,streaming,4,160,40,balanced,100000,0,220800
target/balance-work/smoke,436cf7b8db42bf743189ce676b545a7cd2b9e195aa4fe6408f46ab1cce697dd8,duplicates,duplicates,166539803711403717015878250541275624508,sorted,grouped,streaming,4,160,40,baseline,0,0,208000
target/balance-work/smoke,436cf7b8db42bf743189ce676b545a7cd2b9e195aa4fe6408f46ab1cce697dd8,duplicates,duplicates,166539803711403717015878250541275624508,sorted,grouped,streaming,4,160,40,repair,100000,1,247600
target/balance-work/smoke,436cf7b8db42bf743189ce676b545a7cd2b9e195aa4fe6408f46ab1cce697dd8,duplicates,duplicates,166539803711403717015878250541275624508,sorted,grouped,streaming,4,160,40,balanced,100000,1,232400
target/balance-work/smoke,436cf7b8db42bf743189ce676b545a7cd2b9e195aa4fe6408f46ab1cce697dd8,duplicates,duplicates,166539803711403717015878250541275624508,sorted,grouped,streaming,4,160,40,baseline,0,1,175500
target/balance-work/smoke,436cf7b8db42bf743189ce676b545a7cd2b9e195aa4fe6408f46ab1cce697dd8,duplicates,duplicates,166539803711403717015878250541275624508,sorted,grouped,streaming,4,160,40,balanced,100000,2,199500
target/balance-work/smoke,436cf7b8db42bf743189ce676b545a7cd2b9e195aa4fe6408f46ab1cce697dd8,duplicates,duplicates,166539803711403717015878250541275624508,sorted,grouped,streaming,4,160,40,baseline,0,2,194200
target/balance-work/smoke,436cf7b8db42bf743189ce676b545a7cd2b9e195aa4fe6408f46ab1cce697dd8,duplicates,duplicates,166539803711403717015878250541275624508,sorted,grouped,streaming,4,160,40,repair,100000,2,248300
target/balance-work/smoke,436cf7b8db42bf743189ce676b545a7cd2b9e195aa4fe6408f46ab1cce697dd8,duplicates,duplicates,166539803711403717015878250541275624508,sorted,sliced,auto,1,40,40,balanced,100000,0,62300
target/balance-work/smoke,436cf7b8db42bf743189ce676b545a7cd2b9e195aa4fe6408f46ab1cce697dd8,duplicates,duplicates,166539803711403717015878250541275624508,sorted,sliced,auto,1,40,40,baseline,0,0,56900
target/balance-work/smoke,436cf7b8db42bf743189ce676b545a7cd2b9e195aa4fe6408f46ab1cce697dd8,duplicates,duplicates,166539803711403717015878250541275624508,sorted,sliced,auto,1,40,40,repair,100000,0,64400
target/balance-work/smoke,436cf7b8db42bf743189ce676b545a7cd2b9e195aa4fe6408f46ab1cce697dd8,duplicates,duplicates,166539803711403717015878250541275624508,sorted,sliced,auto,1,40,40,repair,100000,1,70900
target/balance-work/smoke,436cf7b8db42bf743189ce676b545a7cd2b9e195aa4fe6408f46ab1cce697dd8,duplicates,duplicates,166539803711403717015878250541275624508,sorted,sliced,auto,1,40,40,balanced,100000,1,60600
target/balance-work/smoke,436cf7b8db42bf743189ce676b545a7cd2b9e195aa4fe6408f46ab1cce697dd8,duplicates,duplicates,166539803711403717015878250541275624508,sorted,sliced,auto,1,40,40,baseline,0,1,55300
target/balance-work/smoke,436cf7b8db42bf743189ce676b545a7cd2b9e195aa4fe6408f46ab1cce697dd8,duplicates,duplicates,166539803711403717015878250541275624508,sorted,sliced,auto,1,40,40,baseline,0,2,58900
target/balance-work/smoke,436cf7b8db42bf743189ce676b545a7cd2b9e195aa4fe6408f46ab1cce697dd8,duplicates,duplicates,166539803711403717015878250541275624508,sorted,sliced,auto,1,40,40,repair,100000,2,65100
target/balance-work/smoke,436cf7b8db42bf743189ce676b545a7cd2b9e195aa4fe6408f46ab1cce697dd8,duplicates,duplicates,166539803711403717015878250541275624508,sorted,sliced,auto,1,40,40,balanced,100000,2,60800
target/balance-work/smoke,436cf7b8db42bf743189ce676b545a7cd2b9e195aa4fe6408f46ab1cce697dd8,duplicates,duplicates,166539803711403717015878250541275624508,sorted,sliced,streaming,1,40,40,balanced,100000,0,178400
target/balance-work/smoke,436cf7b8db42bf743189ce676b545a7cd2b9e195aa4fe6408f46ab1cce697dd8,duplicates,duplicates,166539803711403717015878250541275624508,sorted,sliced,streaming,1,40,40,baseline,0,0,125900
target/balance-work/smoke,436cf7b8db42bf743189ce676b545a7cd2b9e195aa4fe6408f46ab1cce697dd8,duplicates,duplicates,166539803711403717015878250541275624508,sorted,sliced,streaming,1,40,40,repair,100000,0,152300
target/balance-work/smoke,436cf7b8db42bf743189ce676b545a7cd2b9e195aa4fe6408f46ab1cce697dd8,duplicates,duplicates,166539803711403717015878250541275624508,sorted,sliced,streaming,1,40,40,balanced,100000,1,223400
target/balance-work/smoke,436cf7b8db42bf743189ce676b545a7cd2b9e195aa4fe6408f46ab1cce697dd8,duplicates,duplicates,166539803711403717015878250541275624508,sorted,sliced,streaming,1,40,40,baseline,0,1,184500
target/balance-work/smoke,436cf7b8db42bf743189ce676b545a7cd2b9e195aa4fe6408f46ab1cce697dd8,duplicates,duplicates,166539803711403717015878250541275624508,sorted,sliced,streaming,1,40,40,repair,100000,1,298100
target/balance-work/smoke,436cf7b8db42bf743189ce676b545a7cd2b9e195aa4fe6408f46ab1cce697dd8,duplicates,duplicates,166539803711403717015878250541275624508,sorted,sliced,streaming,1,40,40,baseline,0,2,252400
target/balance-work/smoke,436cf7b8db42bf743189ce676b545a7cd2b9e195aa4fe6408f46ab1cce697dd8,duplicates,duplicates,166539803711403717015878250541275624508,sorted,sliced,streaming,1,40,40,repair,100000,2,239800
target/balance-work/smoke,436cf7b8db42bf743189ce676b545a7cd2b9e195aa4fe6408f46ab1cce697dd8,duplicates,duplicates,166539803711403717015878250541275624508,sorted,sliced,streaming,1,40,40,balanced,100000,2,240100
target/balance-work/smoke,436cf7b8db42bf743189ce676b545a7cd2b9e195aa4fe6408f46ab1cce697dd8,duplicates,duplicates,166539803711403717015878250541275624508,sorted,multi_chunk,auto,1,40,40,balanced,100000,0,66200
target/balance-work/smoke,436cf7b8db42bf743189ce676b545a7cd2b9e195aa4fe6408f46ab1cce697dd8,duplicates,duplicates,166539803711403717015878250541275624508,sorted,multi_chunk,auto,1,40,40,baseline,0,0,60000
target/balance-work/smoke,436cf7b8db42bf743189ce676b545a7cd2b9e195aa4fe6408f46ab1cce697dd8,duplicates,duplicates,166539803711403717015878250541275624508,sorted,multi_chunk,auto,1,40,40,repair,100000,0,68300
target/balance-work/smoke,436cf7b8db42bf743189ce676b545a7cd2b9e195aa4fe6408f46ab1cce697dd8,duplicates,duplicates,166539803711403717015878250541275624508,sorted,multi_chunk,auto,1,40,40,baseline,0,1,64900
target/balance-work/smoke,436cf7b8db42bf743189ce676b545a7cd2b9e195aa4fe6408f46ab1cce697dd8,duplicates,duplicates,166539803711403717015878250541275624508,sorted,multi_chunk,auto,1,40,40,repair,100000,1,68100
target/balance-work/smoke,436cf7b8db42bf743189ce676b545a7cd2b9e195aa4fe6408f46ab1cce697dd8,duplicates,duplicates,166539803711403717015878250541275624508,sorted,multi_chunk,auto,1,40,40,balanced,100000,1,62900
target/balance-work/smoke,436cf7b8db42bf743189ce676b545a7cd2b9e195aa4fe6408f46ab1cce697dd8,duplicates,duplicates,166539803711403717015878250541275624508,sorted,multi_chunk,auto,1,40,40,repair,100000,2,70400
target/balance-work/smoke,436cf7b8db42bf743189ce676b545a7cd2b9e195aa4fe6408f46ab1cce697dd8,duplicates,duplicates,166539803711403717015878250541275624508,sorted,multi_chunk,auto,1,40,40,balanced,100000,2,64000
target/balance-work/smoke,436cf7b8db42bf743189ce676b545a7cd2b9e195aa4fe6408f46ab1cce697dd8,duplicates,duplicates,166539803711403717015878250541275624508,sorted,multi_chunk,auto,1,40,40,baseline,0,2,58300
target/balance-work/smoke,436cf7b8db42bf743189ce676b545a7cd2b9e195aa4fe6408f46ab1cce697dd8,duplicates,duplicates,166539803711403717015878250541275624508,sorted,multi_chunk,streaming,1,40,40,repair,100000,0,267500
target/balance-work/smoke,436cf7b8db42bf743189ce676b545a7cd2b9e195aa4fe6408f46ab1cce697dd8,duplicates,duplicates,166539803711403717015878250541275624508,sorted,multi_chunk,streaming,1,40,40,balanced,100000,0,204900
target/balance-work/smoke,436cf7b8db42bf743189ce676b545a7cd2b9e195aa4fe6408f46ab1cce697dd8,duplicates,duplicates,166539803711403717015878250541275624508,sorted,multi_chunk,streaming,1,40,40,baseline,0,0,244700
target/balance-work/smoke,436cf7b8db42bf743189ce676b545a7cd2b9e195aa4fe6408f46ab1cce697dd8,duplicates,duplicates,166539803711403717015878250541275624508,sorted,multi_chunk,streaming,1,40,40,baseline,0,1,190400
target/balance-work/smoke,436cf7b8db42bf743189ce676b545a7cd2b9e195aa4fe6408f46ab1cce697dd8,duplicates,duplicates,166539803711403717015878250541275624508,sorted,multi_chunk,streaming,1,40,40,repair,100000,1,183900
target/balance-work/smoke,436cf7b8db42bf743189ce676b545a7cd2b9e195aa4fe6408f46ab1cce697dd8,duplicates,duplicates,166539803711403717015878250541275624508,sorted,multi_chunk,streaming,1,40,40,balanced,100000,1,185400
target/balance-work/smoke,436cf7b8db42bf743189ce676b545a7cd2b9e195aa4fe6408f46ab1cce697dd8,duplicates,duplicates,166539803711403717015878250541275624508,sorted,multi_chunk,streaming,1,40,40,repair,100000,2,156800
target/balance-work/smoke,436cf7b8db42bf743189ce676b545a7cd2b9e195aa4fe6408f46ab1cce697dd8,duplicates,duplicates,166539803711403717015878250541275624508,sorted,multi_chunk,streaming,1,40,40,balanced,100000,2,175900
target/balance-work/smoke,436cf7b8db42bf743189ce676b545a7cd2b9e195aa4fe6408f46ab1cce697dd8,duplicates,duplicates,166539803711403717015878250541275624508,sorted,multi_chunk,streaming,1,40,40,baseline,0,2,174700
target/balance-work/smoke,14a3cd964f1e329f55f7e9e289f0fd768191d10fabaa2318aec36662b3814400,duplicates,duplicates,166539803711403717015878250541275624508,shuffled,integer,auto,1,40,40,repair,100000,0,88300
target/balance-work/smoke,14a3cd964f1e329f55f7e9e289f0fd768191d10fabaa2318aec36662b3814400,duplicates,duplicates,166539803711403717015878250541275624508,shuffled,integer,auto,1,40,40,balanced,100000,0,64700
target/balance-work/smoke,14a3cd964f1e329f55f7e9e289f0fd768191d10fabaa2318aec36662b3814400,duplicates,duplicates,166539803711403717015878250541275624508,shuffled,integer,auto,1,40,40,baseline,0,0,57800
target/balance-work/smoke,14a3cd964f1e329f55f7e9e289f0fd768191d10fabaa2318aec36662b3814400,duplicates,duplicates,166539803711403717015878250541275624508,shuffled,integer,auto,1,40,40,balanced,100000,1,66100
target/balance-work/smoke,14a3cd964f1e329f55f7e9e289f0fd768191d10fabaa2318aec36662b3814400,duplicates,duplicates,166539803711403717015878250541275624508,shuffled,integer,auto,1,40,40,baseline,0,1,56500
target/balance-work/smoke,14a3cd964f1e329f55f7e9e289f0fd768191d10fabaa2318aec36662b3814400,duplicates,duplicates,166539803711403717015878250541275624508,shuffled,integer,auto,1,40,40,repair,100000,1,65000
target/balance-work/smoke,14a3cd964f1e329f55f7e9e289f0fd768191d10fabaa2318aec36662b3814400,duplicates,duplicates,166539803711403717015878250541275624508,shuffled,integer,auto,1,40,40,baseline,0,2,60600
target/balance-work/smoke,14a3cd964f1e329f55f7e9e289f0fd768191d10fabaa2318aec36662b3814400,duplicates,duplicates,166539803711403717015878250541275624508,shuffled,integer,auto,1,40,40,repair,100000,2,64700
target/balance-work/smoke,14a3cd964f1e329f55f7e9e289f0fd768191d10fabaa2318aec36662b3814400,duplicates,duplicates,166539803711403717015878250541275624508,shuffled,integer,auto,1,40,40,balanced,100000,2,60800
target/balance-work/smoke,14a3cd964f1e329f55f7e9e289f0fd768191d10fabaa2318aec36662b3814400,duplicates,duplicates,166539803711403717015878250541275624508,shuffled,integer,streaming,1,40,40,balanced,100000,0,170500
target/balance-work/smoke,14a3cd964f1e329f55f7e9e289f0fd768191d10fabaa2318aec36662b3814400,duplicates,duplicates,166539803711403717015878250541275624508,shuffled,integer,streaming,1,40,40,baseline,0,0,151400
target/balance-work/smoke,14a3cd964f1e329f55f7e9e289f0fd768191d10fabaa2318aec36662b3814400,duplicates,duplicates,166539803711403717015878250541275624508,shuffled,integer,streaming,1,40,40,repair,100000,0,168200
target/balance-work/smoke,14a3cd964f1e329f55f7e9e289f0fd768191d10fabaa2318aec36662b3814400,duplicates,duplicates,166539803711403717015878250541275624508,shuffled,integer,streaming,1,40,40,baseline,0,1,154200
target/balance-work/smoke,14a3cd964f1e329f55f7e9e289f0fd768191d10fabaa2318aec36662b3814400,duplicates,duplicates,166539803711403717015878250541275624508,shuffled,integer,streaming,1,40,40,repair,100000,1,249100
target/balance-work/smoke,14a3cd964f1e329f55f7e9e289f0fd768191d10fabaa2318aec36662b3814400,duplicates,duplicates,166539803711403717015878250541275624508,shuffled,integer,streaming,1,40,40,balanced,100000,1,173400
target/balance-work/smoke,14a3cd964f1e329f55f7e9e289f0fd768191d10fabaa2318aec36662b3814400,duplicates,duplicates,166539803711403717015878250541275624508,shuffled,integer,streaming,1,40,40,baseline,0,2,154500
target/balance-work/smoke,14a3cd964f1e329f55f7e9e289f0fd768191d10fabaa2318aec36662b3814400,duplicates,duplicates,166539803711403717015878250541275624508,shuffled,integer,streaming,1,40,40,repair,100000,2,168300
target/balance-work/smoke,14a3cd964f1e329f55f7e9e289f0fd768191d10fabaa2318aec36662b3814400,duplicates,duplicates,166539803711403717015878250541275624508,shuffled,integer,streaming,1,40,40,balanced,100000,2,175000
target/balance-work/smoke,14a3cd964f1e329f55f7e9e289f0fd768191d10fabaa2318aec36662b3814400,duplicates,duplicates,166539803711403717015878250541275624508,shuffled,date,auto,1,40,40,baseline,0,0,62000
target/balance-work/smoke,14a3cd964f1e329f55f7e9e289f0fd768191d10fabaa2318aec36662b3814400,duplicates,duplicates,166539803711403717015878250541275624508,shuffled,date,auto,1,40,40,repair,100000,0,70600
target/balance-work/smoke,14a3cd964f1e329f55f7e9e289f0fd768191d10fabaa2318aec36662b3814400,duplicates,duplicates,166539803711403717015878250541275624508,shuffled,date,auto,1,40,40,balanced,100000,0,64500
target/balance-work/smoke,14a3cd964f1e329f55f7e9e289f0fd768191d10fabaa2318aec36662b3814400,duplicates,duplicates,166539803711403717015878250541275624508,shuffled,date,auto,1,40,40,repair,100000,1,73000
target/balance-work/smoke,14a3cd964f1e329f55f7e9e289f0fd768191d10fabaa2318aec36662b3814400,duplicates,duplicates,166539803711403717015878250541275624508,shuffled,date,auto,1,40,40,balanced,100000,1,64300
target/balance-work/smoke,14a3cd964f1e329f55f7e9e289f0fd768191d10fabaa2318aec36662b3814400,duplicates,duplicates,166539803711403717015878250541275624508,shuffled,date,auto,1,40,40,baseline,0,1,60500
target/balance-work/smoke,14a3cd964f1e329f55f7e9e289f0fd768191d10fabaa2318aec36662b3814400,duplicates,duplicates,166539803711403717015878250541275624508,shuffled,date,auto,1,40,40,baseline,0,2,64700
target/balance-work/smoke,14a3cd964f1e329f55f7e9e289f0fd768191d10fabaa2318aec36662b3814400,duplicates,duplicates,166539803711403717015878250541275624508,shuffled,date,auto,1,40,40,repair,100000,2,68100
target/balance-work/smoke,14a3cd964f1e329f55f7e9e289f0fd768191d10fabaa2318aec36662b3814400,duplicates,duplicates,166539803711403717015878250541275624508,shuffled,date,auto,1,40,40,balanced,100000,2,63000
target/balance-work/smoke,14a3cd964f1e329f55f7e9e289f0fd768191d10fabaa2318aec36662b3814400,duplicates,duplicates,166539803711403717015878250541275624508,shuffled,date,streaming,1,40,40,baseline,0,0,155100
target/balance-work/smoke,14a3cd964f1e329f55f7e9e289f0fd768191d10fabaa2318aec36662b3814400,duplicates,duplicates,166539803711403717015878250541275624508,shuffled,date,streaming,1,40,40,repair,100000,0,175200
target/balance-work/smoke,14a3cd964f1e329f55f7e9e289f0fd768191d10fabaa2318aec36662b3814400,duplicates,duplicates,166539803711403717015878250541275624508,shuffled,date,streaming,1,40,40,balanced,100000,0,162600
target/balance-work/smoke,14a3cd964f1e329f55f7e9e289f0fd768191d10fabaa2318aec36662b3814400,duplicates,duplicates,166539803711403717015878250541275624508,shuffled,date,streaming,1,40,40,repair,100000,1,174000
target/balance-work/smoke,14a3cd964f1e329f55f7e9e289f0fd768191d10fabaa2318aec36662b3814400,duplicates,duplicates,166539803711403717015878250541275624508,shuffled,date,streaming,1,40,40,balanced,100000,1,157700
target/balance-work/smoke,14a3cd964f1e329f55f7e9e289f0fd768191d10fabaa2318aec36662b3814400,duplicates,duplicates,166539803711403717015878250541275624508,shuffled,date,streaming,1,40,40,baseline,0,1,142200
target/balance-work/smoke,14a3cd964f1e329f55f7e9e289f0fd768191d10fabaa2318aec36662b3814400,duplicates,duplicates,166539803711403717015878250541275624508,shuffled,date,streaming,1,40,40,repair,100000,2,177800
target/balance-work/smoke,14a3cd964f1e329f55f7e9e289f0fd768191d10fabaa2318aec36662b3814400,duplicates,duplicates,166539803711403717015878250541275624508,shuffled,date,streaming,1,40,40,balanced,100000,2,169100
target/balance-work/smoke,14a3cd964f1e329f55f7e9e289f0fd768191d10fabaa2318aec36662b3814400,duplicates,duplicates,166539803711403717015878250541275624508,shuffled,date,streaming,1,40,40,baseline,0,2,152400
target/balance-work/smoke,14a3cd964f1e329f55f7e9e289f0fd768191d10fabaa2318aec36662b3814400,duplicates,duplicates,166539803711403717015878250541275624508,shuffled,datetime,auto,1,40,40,baseline,0,0,63000
target/balance-work/smoke,14a3cd964f1e329f55f7e9e289f0fd768191d10fabaa2318aec36662b3814400,duplicates,duplicates,166539803711403717015878250541275624508,shuffled,datetime,auto,1,40,40,repair,100000,0,70000
target/balance-work/smoke,14a3cd964f1e329f55f7e9e289f0fd768191d10fabaa2318aec36662b3814400,duplicates,duplicates,166539803711403717015878250541275624508,shuffled,datetime,auto,1,40,40,balanced,100000,0,65000
target/balance-work/smoke,14a3cd964f1e329f55f7e9e289f0fd768191d10fabaa2318aec36662b3814400,duplicates,duplicates,166539803711403717015878250541275624508,shuffled,datetime,auto,1,40,40,balanced,100000,1,67100
target/balance-work/smoke,14a3cd964f1e329f55f7e9e289f0fd768191d10fabaa2318aec36662b3814400,duplicates,duplicates,166539803711403717015878250541275624508,shuffled,datetime,auto,1,40,40,baseline,0,1,60800
target/balance-work/smoke,14a3cd964f1e329f55f7e9e289f0fd768191d10fabaa2318aec36662b3814400,duplicates,duplicates,166539803711403717015878250541275624508,shuffled,datetime,auto,1,40,40,repair,100000,1,77200
target/balance-work/smoke,14a3cd964f1e329f55f7e9e289f0fd768191d10fabaa2318aec36662b3814400,duplicates,duplicates,166539803711403717015878250541275624508,shuffled,datetime,auto,1,40,40,repair,100000,2,73600
target/balance-work/smoke,14a3cd964f1e329f55f7e9e289f0fd768191d10fabaa2318aec36662b3814400,duplicates,duplicates,166539803711403717015878250541275624508,shuffled,datetime,auto,1,40,40,balanced,100000,2,64200
target/balance-work/smoke,14a3cd964f1e329f55f7e9e289f0fd768191d10fabaa2318aec36662b3814400,duplicates,duplicates,166539803711403717015878250541275624508,shuffled,datetime,auto,1,40,40,baseline,0,2,60300
target/balance-work/smoke,14a3cd964f1e329f55f7e9e289f0fd768191d10fabaa2318aec36662b3814400,duplicates,duplicates,166539803711403717015878250541275624508,shuffled,datetime,streaming,1,40,40,balanced,100000,0,203200
target/balance-work/smoke,14a3cd964f1e329f55f7e9e289f0fd768191d10fabaa2318aec36662b3814400,duplicates,duplicates,166539803711403717015878250541275624508,shuffled,datetime,streaming,1,40,40,baseline,0,0,174000
target/balance-work/smoke,14a3cd964f1e329f55f7e9e289f0fd768191d10fabaa2318aec36662b3814400,duplicates,duplicates,166539803711403717015878250541275624508,shuffled,datetime,streaming,1,40,40,repair,100000,0,177100
target/balance-work/smoke,14a3cd964f1e329f55f7e9e289f0fd768191d10fabaa2318aec36662b3814400,duplicates,duplicates,166539803711403717015878250541275624508,shuffled,datetime,streaming,1,40,40,repair,100000,1,180300
target/balance-work/smoke,14a3cd964f1e329f55f7e9e289f0fd768191d10fabaa2318aec36662b3814400,duplicates,duplicates,166539803711403717015878250541275624508,shuffled,datetime,streaming,1,40,40,balanced,100000,1,175100
target/balance-work/smoke,14a3cd964f1e329f55f7e9e289f0fd768191d10fabaa2318aec36662b3814400,duplicates,duplicates,166539803711403717015878250541275624508,shuffled,datetime,streaming,1,40,40,baseline,0,1,159400
target/balance-work/smoke,14a3cd964f1e329f55f7e9e289f0fd768191d10fabaa2318aec36662b3814400,duplicates,duplicates,166539803711403717015878250541275624508,shuffled,datetime,streaming,1,40,40,balanced,100000,2,173400
target/balance-work/smoke,14a3cd964f1e329f55f7e9e289f0fd768191d10fabaa2318aec36662b3814400,duplicates,duplicates,166539803711403717015878250541275624508,shuffled,datetime,streaming,1,40,40,baseline,0,2,160100
target/balance-work/smoke,14a3cd964f1e329f55f7e9e289f0fd768191d10fabaa2318aec36662b3814400,duplicates,duplicates,166539803711403717015878250541275624508,shuffled,datetime,streaming,1,40,40,repair,100000,2,175400
target/balance-work/smoke,14a3cd964f1e329f55f7e9e289f0fd768191d10fabaa2318aec36662b3814400,duplicates,duplicates,166539803711403717015878250541275624508,shuffled,grouped,auto,4,160,40,baseline,0,0,126400
target/balance-work/smoke,14a3cd964f1e329f55f7e9e289f0fd768191d10fabaa2318aec36662b3814400,duplicates,duplicates,166539803711403717015878250541275624508,shuffled,grouped,auto,4,160,40,repair,100000,0,144100
target/balance-work/smoke,14a3cd964f1e329f55f7e9e289f0fd768191d10fabaa2318aec36662b3814400,duplicates,duplicates,166539803711403717015878250541275624508,shuffled,grouped,auto,4,160,40,balanced,100000,0,137300
target/balance-work/smoke,14a3cd964f1e329f55f7e9e289f0fd768191d10fabaa2318aec36662b3814400,duplicates,duplicates,166539803711403717015878250541275624508,shuffled,grouped,auto,4,160,40,balanced,100000,1,128200
target/balance-work/smoke,14a3cd964f1e329f55f7e9e289f0fd768191d10fabaa2318aec36662b3814400,duplicates,duplicates,166539803711403717015878250541275624508,shuffled,grouped,auto,4,160,40,baseline,0,1,117900
target/balance-work/smoke,14a3cd964f1e329f55f7e9e289f0fd768191d10fabaa2318aec36662b3814400,duplicates,duplicates,166539803711403717015878250541275624508,shuffled,grouped,auto,4,160,40,repair,100000,1,146000
target/balance-work/smoke,14a3cd964f1e329f55f7e9e289f0fd768191d10fabaa2318aec36662b3814400,duplicates,duplicates,166539803711403717015878250541275624508,shuffled,grouped,auto,4,160,40,baseline,0,2,117600
target/balance-work/smoke,14a3cd964f1e329f55f7e9e289f0fd768191d10fabaa2318aec36662b3814400,duplicates,duplicates,166539803711403717015878250541275624508,shuffled,grouped,auto,4,160,40,repair,100000,2,135900
target/balance-work/smoke,14a3cd964f1e329f55f7e9e289f0fd768191d10fabaa2318aec36662b3814400,duplicates,duplicates,166539803711403717015878250541275624508,shuffled,grouped,auto,4,160,40,balanced,100000,2,159600
target/balance-work/smoke,14a3cd964f1e329f55f7e9e289f0fd768191d10fabaa2318aec36662b3814400,duplicates,duplicates,166539803711403717015878250541275624508,shuffled,grouped,streaming,4,160,40,repair,100000,0,300200
target/balance-work/smoke,14a3cd964f1e329f55f7e9e289f0fd768191d10fabaa2318aec36662b3814400,duplicates,duplicates,166539803711403717015878250541275624508,shuffled,grouped,streaming,4,160,40,balanced,100000,0,195100
target/balance-work/smoke,14a3cd964f1e329f55f7e9e289f0fd768191d10fabaa2318aec36662b3814400,duplicates,duplicates,166539803711403717015878250541275624508,shuffled,grouped,streaming,4,160,40,baseline,0,0,187900
target/balance-work/smoke,14a3cd964f1e329f55f7e9e289f0fd768191d10fabaa2318aec36662b3814400,duplicates,duplicates,166539803711403717015878250541275624508,shuffled,grouped,streaming,4,160,40,baseline,0,1,203500
target/balance-work/smoke,14a3cd964f1e329f55f7e9e289f0fd768191d10fabaa2318aec36662b3814400,duplicates,duplicates,166539803711403717015878250541275624508,shuffled,grouped,streaming,4,160,40,repair,100000,1,220800
target/balance-work/smoke,14a3cd964f1e329f55f7e9e289f0fd768191d10fabaa2318aec36662b3814400,duplicates,duplicates,166539803711403717015878250541275624508,shuffled,grouped,streaming,4,160,40,balanced,100000,1,211100
target/balance-work/smoke,14a3cd964f1e329f55f7e9e289f0fd768191d10fabaa2318aec36662b3814400,duplicates,duplicates,166539803711403717015878250541275624508,shuffled,grouped,streaming,4,160,40,baseline,0,2,197700
target/balance-work/smoke,14a3cd964f1e329f55f7e9e289f0fd768191d10fabaa2318aec36662b3814400,duplicates,duplicates,166539803711403717015878250541275624508,shuffled,grouped,streaming,4,160,40,repair,100000,2,215400
target/balance-work/smoke,14a3cd964f1e329f55f7e9e289f0fd768191d10fabaa2318aec36662b3814400,duplicates,duplicates,166539803711403717015878250541275624508,shuffled,grouped,streaming,4,160,40,balanced,100000,2,181400
target/balance-work/smoke,14a3cd964f1e329f55f7e9e289f0fd768191d10fabaa2318aec36662b3814400,duplicates,duplicates,166539803711403717015878250541275624508,shuffled,sliced,auto,1,40,40,repair,100000,0,66200
target/balance-work/smoke,14a3cd964f1e329f55f7e9e289f0fd768191d10fabaa2318aec36662b3814400,duplicates,duplicates,166539803711403717015878250541275624508,shuffled,sliced,auto,1,40,40,balanced,100000,0,60500
target/balance-work/smoke,14a3cd964f1e329f55f7e9e289f0fd768191d10fabaa2318aec36662b3814400,duplicates,duplicates,166539803711403717015878250541275624508,shuffled,sliced,auto,1,40,40,baseline,0,0,55700
target/balance-work/smoke,14a3cd964f1e329f55f7e9e289f0fd768191d10fabaa2318aec36662b3814400,duplicates,duplicates,166539803711403717015878250541275624508,shuffled,sliced,auto,1,40,40,baseline,0,1,60400
target/balance-work/smoke,14a3cd964f1e329f55f7e9e289f0fd768191d10fabaa2318aec36662b3814400,duplicates,duplicates,166539803711403717015878250541275624508,shuffled,sliced,auto,1,40,40,repair,100000,1,64100
target/balance-work/smoke,14a3cd964f1e329f55f7e9e289f0fd768191d10fabaa2318aec36662b3814400,duplicates,duplicates,166539803711403717015878250541275624508,shuffled,sliced,auto,1,40,40,balanced,100000,1,59800
target/balance-work/smoke,14a3cd964f1e329f55f7e9e289f0fd768191d10fabaa2318aec36662b3814400,duplicates,duplicates,166539803711403717015878250541275624508,shuffled,sliced,auto,1,40,40,balanced,100000,2,76700
target/balance-work/smoke,14a3cd964f1e329f55f7e9e289f0fd768191d10fabaa2318aec36662b3814400,duplicates,duplicates,166539803711403717015878250541275624508,shuffled,sliced,auto,1,40,40,baseline,0,2,56900
target/balance-work/smoke,14a3cd964f1e329f55f7e9e289f0fd768191d10fabaa2318aec36662b3814400,duplicates,duplicates,166539803711403717015878250541275624508,shuffled,sliced,auto,1,40,40,repair,100000,2,69900
target/balance-work/smoke,14a3cd964f1e329f55f7e9e289f0fd768191d10fabaa2318aec36662b3814400,duplicates,duplicates,166539803711403717015878250541275624508,shuffled,sliced,streaming,1,40,40,balanced,100000,0,280500
target/balance-work/smoke,14a3cd964f1e329f55f7e9e289f0fd768191d10fabaa2318aec36662b3814400,duplicates,duplicates,166539803711403717015878250541275624508,shuffled,sliced,streaming,1,40,40,baseline,0,0,199000
target/balance-work/smoke,14a3cd964f1e329f55f7e9e289f0fd768191d10fabaa2318aec36662b3814400,duplicates,duplicates,166539803711403717015878250541275624508,shuffled,sliced,streaming,1,40,40,repair,100000,0,267300
target/balance-work/smoke,14a3cd964f1e329f55f7e9e289f0fd768191d10fabaa2318aec36662b3814400,duplicates,duplicates,166539803711403717015878250541275624508,shuffled,sliced,streaming,1,40,40,repair,100000,1,256300
target/balance-work/smoke,14a3cd964f1e329f55f7e9e289f0fd768191d10fabaa2318aec36662b3814400,duplicates,duplicates,166539803711403717015878250541275624508,shuffled,sliced,streaming,1,40,40,balanced,100000,1,213600
target/balance-work/smoke,14a3cd964f1e329f55f7e9e289f0fd768191d10fabaa2318aec36662b3814400,duplicates,duplicates,166539803711403717015878250541275624508,shuffled,sliced,streaming,1,40,40,baseline,0,1,202600
target/balance-work/smoke,14a3cd964f1e329f55f7e9e289f0fd768191d10fabaa2318aec36662b3814400,duplicates,duplicates,166539803711403717015878250541275624508,shuffled,sliced,streaming,1,40,40,baseline,0,2,165200
target/balance-work/smoke,14a3cd964f1e329f55f7e9e289f0fd768191d10fabaa2318aec36662b3814400,duplicates,duplicates,166539803711403717015878250541275624508,shuffled,sliced,streaming,1,40,40,repair,100000,2,177000
target/balance-work/smoke,14a3cd964f1e329f55f7e9e289f0fd768191d10fabaa2318aec36662b3814400,duplicates,duplicates,166539803711403717015878250541275624508,shuffled,sliced,streaming,1,40,40,balanced,100000,2,159400
target/balance-work/smoke,14a3cd964f1e329f55f7e9e289f0fd768191d10fabaa2318aec36662b3814400,duplicates,duplicates,166539803711403717015878250541275624508,shuffled,multi_chunk,auto,1,40,40,repair,100000,0,68500
target/balance-work/smoke,14a3cd964f1e329f55f7e9e289f0fd768191d10fabaa2318aec36662b3814400,duplicates,duplicates,166539803711403717015878250541275624508,shuffled,multi_chunk,auto,1,40,40,balanced,100000,0,62500
target/balance-work/smoke,14a3cd964f1e329f55f7e9e289f0fd768191d10fabaa2318aec36662b3814400,duplicates,duplicates,166539803711403717015878250541275624508,shuffled,multi_chunk,auto,1,40,40,baseline,0,0,57700
target/balance-work/smoke,14a3cd964f1e329f55f7e9e289f0fd768191d10fabaa2318aec36662b3814400,duplicates,duplicates,166539803711403717015878250541275624508,shuffled,multi_chunk,auto,1,40,40,baseline,0,1,60600
target/balance-work/smoke,14a3cd964f1e329f55f7e9e289f0fd768191d10fabaa2318aec36662b3814400,duplicates,duplicates,166539803711403717015878250541275624508,shuffled,multi_chunk,auto,1,40,40,repair,100000,1,66400
target/balance-work/smoke,14a3cd964f1e329f55f7e9e289f0fd768191d10fabaa2318aec36662b3814400,duplicates,duplicates,166539803711403717015878250541275624508,shuffled,multi_chunk,auto,1,40,40,balanced,100000,1,64700
target/balance-work/smoke,14a3cd964f1e329f55f7e9e289f0fd768191d10fabaa2318aec36662b3814400,duplicates,duplicates,166539803711403717015878250541275624508,shuffled,multi_chunk,auto,1,40,40,repair,100000,2,70600
target/balance-work/smoke,14a3cd964f1e329f55f7e9e289f0fd768191d10fabaa2318aec36662b3814400,duplicates,duplicates,166539803711403717015878250541275624508,shuffled,multi_chunk,auto,1,40,40,balanced,100000,2,62400
target/balance-work/smoke,14a3cd964f1e329f55f7e9e289f0fd768191d10fabaa2318aec36662b3814400,duplicates,duplicates,166539803711403717015878250541275624508,shuffled,multi_chunk,auto,1,40,40,baseline,0,2,57500
target/balance-work/smoke,14a3cd964f1e329f55f7e9e289f0fd768191d10fabaa2318aec36662b3814400,duplicates,duplicates,166539803711403717015878250541275624508,shuffled,multi_chunk,streaming,1,40,40,balanced,100000,0,147300
target/balance-work/smoke,14a3cd964f1e329f55f7e9e289f0fd768191d10fabaa2318aec36662b3814400,duplicates,duplicates,166539803711403717015878250541275624508,shuffled,multi_chunk,streaming,1,40,40,baseline,0,0,157400
target/balance-work/smoke,14a3cd964f1e329f55f7e9e289f0fd768191d10fabaa2318aec36662b3814400,duplicates,duplicates,166539803711403717015878250541275624508,shuffled,multi_chunk,streaming,1,40,40,repair,100000,0,170300
target/balance-work/smoke,14a3cd964f1e329f55f7e9e289f0fd768191d10fabaa2318aec36662b3814400,duplicates,duplicates,166539803711403717015878250541275624508,shuffled,multi_chunk,streaming,1,40,40,baseline,0,1,164600
target/balance-work/smoke,14a3cd964f1e329f55f7e9e289f0fd768191d10fabaa2318aec36662b3814400,duplicates,duplicates,166539803711403717015878250541275624508,shuffled,multi_chunk,streaming,1,40,40,repair,100000,1,169800
target/balance-work/smoke,14a3cd964f1e329f55f7e9e289f0fd768191d10fabaa2318aec36662b3814400,duplicates,duplicates,166539803711403717015878250541275624508,shuffled,multi_chunk,streaming,1,40,40,balanced,100000,1,144900
target/balance-work/smoke,14a3cd964f1e329f55f7e9e289f0fd768191d10fabaa2318aec36662b3814400,duplicates,duplicates,166539803711403717015878250541275624508,shuffled,multi_chunk,streaming,1,40,40,balanced,100000,2,174100
target/balance-work/smoke,14a3cd964f1e329f55f7e9e289f0fd768191d10fabaa2318aec36662b3814400,duplicates,duplicates,166539803711403717015878250541275624508,shuffled,multi_chunk,streaming,1,40,40,baseline,0,2,141100
target/balance-work/smoke,14a3cd964f1e329f55f7e9e289f0fd768191d10fabaa2318aec36662b3814400,duplicates,duplicates,166539803711403717015878250541275624508,shuffled,multi_chunk,streaming,1,40,40,repair,100000,2,168800
target/balance-work/smoke,9db6a1f9390b562ed0e067ed85e73fe5c6a1efbcb0c5e9e3f6eaf42dc629ef52,with_empties,with_empties,72142708828872684771381592480870876961,sorted,integer,auto,1,40,40,baseline,0,0,59600
target/balance-work/smoke,9db6a1f9390b562ed0e067ed85e73fe5c6a1efbcb0c5e9e3f6eaf42dc629ef52,with_empties,with_empties,72142708828872684771381592480870876961,sorted,integer,auto,1,40,40,repair,100000,0,70800
target/balance-work/smoke,9db6a1f9390b562ed0e067ed85e73fe5c6a1efbcb0c5e9e3f6eaf42dc629ef52,with_empties,with_empties,72142708828872684771381592480870876961,sorted,integer,auto,1,40,40,balanced,100000,0,65800
target/balance-work/smoke,9db6a1f9390b562ed0e067ed85e73fe5c6a1efbcb0c5e9e3f6eaf42dc629ef52,with_empties,with_empties,72142708828872684771381592480870876961,sorted,integer,auto,1,40,40,repair,100000,1,72700
target/balance-work/smoke,9db6a1f9390b562ed0e067ed85e73fe5c6a1efbcb0c5e9e3f6eaf42dc629ef52,with_empties,with_empties,72142708828872684771381592480870876961,sorted,integer,auto,1,40,40,balanced,100000,1,67800
target/balance-work/smoke,9db6a1f9390b562ed0e067ed85e73fe5c6a1efbcb0c5e9e3f6eaf42dc629ef52,with_empties,with_empties,72142708828872684771381592480870876961,sorted,integer,auto,1,40,40,baseline,0,1,61000
target/balance-work/smoke,9db6a1f9390b562ed0e067ed85e73fe5c6a1efbcb0c5e9e3f6eaf42dc629ef52,with_empties,with_empties,72142708828872684771381592480870876961,sorted,integer,auto,1,40,40,baseline,0,2,62300
target/balance-work/smoke,9db6a1f9390b562ed0e067ed85e73fe5c6a1efbcb0c5e9e3f6eaf42dc629ef52,with_empties,with_empties,72142708828872684771381592480870876961,sorted,integer,auto,1,40,40,repair,100000,2,69600
target/balance-work/smoke,9db6a1f9390b562ed0e067ed85e73fe5c6a1efbcb0c5e9e3f6eaf42dc629ef52,with_empties,with_empties,72142708828872684771381592480870876961,sorted,integer,auto,1,40,40,balanced,100000,2,62500
target/balance-work/smoke,9db6a1f9390b562ed0e067ed85e73fe5c6a1efbcb0c5e9e3f6eaf42dc629ef52,with_empties,with_empties,72142708828872684771381592480870876961,sorted,integer,streaming,1,40,40,repair,100000,0,213900
target/balance-work/smoke,9db6a1f9390b562ed0e067ed85e73fe5c6a1efbcb0c5e9e3f6eaf42dc629ef52,with_empties,with_empties,72142708828872684771381592480870876961,sorted,integer,streaming,1,40,40,balanced,100000,0,260500
target/balance-work/smoke,9db6a1f9390b562ed0e067ed85e73fe5c6a1efbcb0c5e9e3f6eaf42dc629ef52,with_empties,with_empties,72142708828872684771381592480870876961,sorted,integer,streaming,1,40,40,baseline,0,0,195300
target/balance-work/smoke,9db6a1f9390b562ed0e067ed85e73fe5c6a1efbcb0c5e9e3f6eaf42dc629ef52,with_empties,with_empties,72142708828872684771381592480870876961,sorted,integer,streaming,1,40,40,baseline,0,1,176400
target/balance-work/smoke,9db6a1f9390b562ed0e067ed85e73fe5c6a1efbcb0c5e9e3f6eaf42dc629ef52,with_empties,with_empties,72142708828872684771381592480870876961,sorted,integer,streaming,1,40,40,repair,100000,1,187900
target/balance-work/smoke,9db6a1f9390b562ed0e067ed85e73fe5c6a1efbcb0c5e9e3f6eaf42dc629ef52,with_empties,with_empties,72142708828872684771381592480870876961,sorted,integer,streaming,1,40,40,balanced,100000,1,164500
target/balance-work/smoke,9db6a1f9390b562ed0e067ed85e73fe5c6a1efbcb0c5e9e3f6eaf42dc629ef52,with_empties,with_empties,72142708828872684771381592480870876961,sorted,integer,streaming,1,40,40,repair,100000,2,193000
target/balance-work/smoke,9db6a1f9390b562ed0e067ed85e73fe5c6a1efbcb0c5e9e3f6eaf42dc629ef52,with_empties,with_empties,72142708828872684771381592480870876961,sorted,integer,streaming,1,40,40,balanced,100000,2,245400
target/balance-work/smoke,9db6a1f9390b562ed0e067ed85e73fe5c6a1efbcb0c5e9e3f6eaf42dc629ef52,with_empties,with_empties,72142708828872684771381592480870876961,sorted,integer,streaming,1,40,40,baseline,0,2,219700
target/balance-work/smoke,9db6a1f9390b562ed0e067ed85e73fe5c6a1efbcb0c5e9e3f6eaf42dc629ef52,with_empties,with_empties,72142708828872684771381592480870876961,sorted,date,auto,1,40,40,repair,100000,0,75300
target/balance-work/smoke,9db6a1f9390b562ed0e067ed85e73fe5c6a1efbcb0c5e9e3f6eaf42dc629ef52,with_empties,with_empties,72142708828872684771381592480870876961,sorted,date,auto,1,40,40,balanced,100000,0,70100
target/balance-work/smoke,9db6a1f9390b562ed0e067ed85e73fe5c6a1efbcb0c5e9e3f6eaf42dc629ef52,with_empties,with_empties,72142708828872684771381592480870876961,sorted,date,auto,1,40,40,baseline,0,0,58300
target/balance-work/smoke,9db6a1f9390b562ed0e067ed85e73fe5c6a1efbcb0c5e9e3f6eaf42dc629ef52,with_empties,with_empties,72142708828872684771381592480870876961,sorted,date,auto,1,40,40,repair,100000,1,76300
target/balance-work/smoke,9db6a1f9390b562ed0e067ed85e73fe5c6a1efbcb0c5e9e3f6eaf42dc629ef52,with_empties,with_empties,72142708828872684771381592480870876961,sorted,date,auto,1,40,40,balanced,100000,1,65300
target/balance-work/smoke,9db6a1f9390b562ed0e067ed85e73fe5c6a1efbcb0c5e9e3f6eaf42dc629ef52,with_empties,with_empties,72142708828872684771381592480870876961,sorted,date,auto,1,40,40,baseline,0,1,57700
target/balance-work/smoke,9db6a1f9390b562ed0e067ed85e73fe5c6a1efbcb0c5e9e3f6eaf42dc629ef52,with_empties,with_empties,72142708828872684771381592480870876961,sorted,date,auto,1,40,40,balanced,100000,2,65700
target/balance-work/smoke,9db6a1f9390b562ed0e067ed85e73fe5c6a1efbcb0c5e9e3f6eaf42dc629ef52,with_empties,with_empties,72142708828872684771381592480870876961,sorted,date,auto,1,40,40,baseline,0,2,59100
target/balance-work/smoke,9db6a1f9390b562ed0e067ed85e73fe5c6a1efbcb0c5e9e3f6eaf42dc629ef52,with_empties,with_empties,72142708828872684771381592480870876961,sorted,date,auto,1,40,40,repair,100000,2,71100
target/balance-work/smoke,9db6a1f9390b562ed0e067ed85e73fe5c6a1efbcb0c5e9e3f6eaf42dc629ef52,with_empties,with_empties,72142708828872684771381592480870876961,sorted,date,streaming,1,40,40,baseline,0,0,142700
target/balance-work/smoke,9db6a1f9390b562ed0e067ed85e73fe5c6a1efbcb0c5e9e3f6eaf42dc629ef52,with_empties,with_empties,72142708828872684771381592480870876961,sorted,date,streaming,1,40,40,repair,100000,0,175800
target/balance-work/smoke,9db6a1f9390b562ed0e067ed85e73fe5c6a1efbcb0c5e9e3f6eaf42dc629ef52,with_empties,with_empties,72142708828872684771381592480870876961,sorted,date,streaming,1,40,40,balanced,100000,0,152400
target/balance-work/smoke,9db6a1f9390b562ed0e067ed85e73fe5c6a1efbcb0c5e9e3f6eaf42dc629ef52,with_empties,with_empties,72142708828872684771381592480870876961,sorted,date,streaming,1,40,40,baseline,0,1,194200
target/balance-work/smoke,9db6a1f9390b562ed0e067ed85e73fe5c6a1efbcb0c5e9e3f6eaf42dc629ef52,with_empties,with_empties,72142708828872684771381592480870876961,sorted,date,streaming,1,40,40,repair,100000,1,212500
target/balance-work/smoke,9db6a1f9390b562ed0e067ed85e73fe5c6a1efbcb0c5e9e3f6eaf42dc629ef52,with_empties,with_empties,72142708828872684771381592480870876961,sorted,date,streaming,1,40,40,balanced,100000,1,160700
target/balance-work/smoke,9db6a1f9390b562ed0e067ed85e73fe5c6a1efbcb0c5e9e3f6eaf42dc629ef52,with_empties,with_empties,72142708828872684771381592480870876961,sorted,date,streaming,1,40,40,repair,100000,2,184900
target/balance-work/smoke,9db6a1f9390b562ed0e067ed85e73fe5c6a1efbcb0c5e9e3f6eaf42dc629ef52,with_empties,with_empties,72142708828872684771381592480870876961,sorted,date,streaming,1,40,40,balanced,100000,2,169100
target/balance-work/smoke,9db6a1f9390b562ed0e067ed85e73fe5c6a1efbcb0c5e9e3f6eaf42dc629ef52,with_empties,with_empties,72142708828872684771381592480870876961,sorted,date,streaming,1,40,40,baseline,0,2,192600
target/balance-work/smoke,9db6a1f9390b562ed0e067ed85e73fe5c6a1efbcb0c5e9e3f6eaf42dc629ef52,with_empties,with_empties,72142708828872684771381592480870876961,sorted,datetime,auto,1,40,40,balanced,100000,0,66700
target/balance-work/smoke,9db6a1f9390b562ed0e067ed85e73fe5c6a1efbcb0c5e9e3f6eaf42dc629ef52,with_empties,with_empties,72142708828872684771381592480870876961,sorted,datetime,auto,1,40,40,baseline,0,0,59600
target/balance-work/smoke,9db6a1f9390b562ed0e067ed85e73fe5c6a1efbcb0c5e9e3f6eaf42dc629ef52,with_empties,with_empties,72142708828872684771381592480870876961,sorted,datetime,auto,1,40,40,repair,100000,0,73600
target/balance-work/smoke,9db6a1f9390b562ed0e067ed85e73fe5c6a1efbcb0c5e9e3f6eaf42dc629ef52,with_empties,with_empties,72142708828872684771381592480870876961,sorted,datetime,auto,1,40,40,repair,100000,1,90200
target/balance-work/smoke,9db6a1f9390b562ed0e067ed85e73fe5c6a1efbcb0c5e9e3f6eaf42dc629ef52,with_empties,with_empties,72142708828872684771381592480870876961,sorted,datetime,auto,1,40,40,balanced,100000,1,67900
target/balance-work/smoke,9db6a1f9390b562ed0e067ed85e73fe5c6a1efbcb0c5e9e3f6eaf42dc629ef52,with_empties,with_empties,72142708828872684771381592480870876961,sorted,datetime,auto,1,40,40,baseline,0,1,59100
target/balance-work/smoke,9db6a1f9390b562ed0e067ed85e73fe5c6a1efbcb0c5e9e3f6eaf42dc629ef52,with_empties,with_empties,72142708828872684771381592480870876961,sorted,datetime,auto,1,40,40,baseline,0,2,61200
target/balance-work/smoke,9db6a1f9390b562ed0e067ed85e73fe5c6a1efbcb0c5e9e3f6eaf42dc629ef52,with_empties,with_empties,72142708828872684771381592480870876961,sorted,datetime,auto,1,40,40,repair,100000,2,73500
target/balance-work/smoke,9db6a1f9390b562ed0e067ed85e73fe5c6a1efbcb0c5e9e3f6eaf42dc629ef52,with_empties,with_empties,72142708828872684771381592480870876961,sorted,datetime,auto,1,40,40,balanced,100000,2,66000
target/balance-work/smoke,9db6a1f9390b562ed0e067ed85e73fe5c6a1efbcb0c5e9e3f6eaf42dc629ef52,with_empties,with_empties,72142708828872684771381592480870876961,sorted,datetime,streaming,1,40,40,balanced,100000,0,170600
target/balance-work/smoke,9db6a1f9390b562ed0e067ed85e73fe5c6a1efbcb0c5e9e3f6eaf42dc629ef52,with_empties,with_empties,72142708828872684771381592480870876961,sorted,datetime,streaming,1,40,40,baseline,0,0,171400
target/balance-work/smoke,9db6a1f9390b562ed0e067ed85e73fe5c6a1efbcb0c5e9e3f6eaf42dc629ef52,with_empties,with_empties,72142708828872684771381592480870876961,sorted,datetime,streaming,1,40,40,repair,100000,0,194800
target/balance-work/smoke,9db6a1f9390b562ed0e067ed85e73fe5c6a1efbcb0c5e9e3f6eaf42dc629ef52,with_empties,with_empties,72142708828872684771381592480870876961,sorted,datetime,streaming,1,40,40,baseline,0,1,182500
target/balance-work/smoke,9db6a1f9390b562ed0e067ed85e73fe5c6a1efbcb0c5e9e3f6eaf42dc629ef52,with_empties,with_empties,72142708828872684771381592480870876961,sorted,datetime,streaming,1,40,40,repair,100000,1,194500
target/balance-work/smoke,9db6a1f9390b562ed0e067ed85e73fe5c6a1efbcb0c5e9e3f6eaf42dc629ef52,with_empties,with_empties,72142708828872684771381592480870876961,sorted,datetime,streaming,1,40,40,balanced,100000,1,193300
target/balance-work/smoke,9db6a1f9390b562ed0e067ed85e73fe5c6a1efbcb0c5e9e3f6eaf42dc629ef52,with_empties,with_empties,72142708828872684771381592480870876961,sorted,datetime,streaming,1,40,40,balanced,100000,2,216800
target/balance-work/smoke,9db6a1f9390b562ed0e067ed85e73fe5c6a1efbcb0c5e9e3f6eaf42dc629ef52,with_empties,with_empties,72142708828872684771381592480870876961,sorted,datetime,streaming,1,40,40,baseline,0,2,169600
target/balance-work/smoke,9db6a1f9390b562ed0e067ed85e73fe5c6a1efbcb0c5e9e3f6eaf42dc629ef52,with_empties,with_empties,72142708828872684771381592480870876961,sorted,datetime,streaming,1,40,40,repair,100000,2,188600
target/balance-work/smoke,9db6a1f9390b562ed0e067ed85e73fe5c6a1efbcb0c5e9e3f6eaf42dc629ef52,with_empties,with_empties,72142708828872684771381592480870876961,sorted,grouped,auto,4,160,40,repair,100000,0,221400
target/balance-work/smoke,9db6a1f9390b562ed0e067ed85e73fe5c6a1efbcb0c5e9e3f6eaf42dc629ef52,with_empties,with_empties,72142708828872684771381592480870876961,sorted,grouped,auto,4,160,40,balanced,100000,0,195900
target/balance-work/smoke,9db6a1f9390b562ed0e067ed85e73fe5c6a1efbcb0c5e9e3f6eaf42dc629ef52,with_empties,with_empties,72142708828872684771381592480870876961,sorted,grouped,auto,4,160,40,baseline,0,0,146600
target/balance-work/smoke,9db6a1f9390b562ed0e067ed85e73fe5c6a1efbcb0c5e9e3f6eaf42dc629ef52,with_empties,with_empties,72142708828872684771381592480870876961,sorted,grouped,auto,4,160,40,repair,100000,1,179800
target/balance-work/smoke,9db6a1f9390b562ed0e067ed85e73fe5c6a1efbcb0c5e9e3f6eaf42dc629ef52,with_empties,with_empties,72142708828872684771381592480870876961,sorted,grouped,auto,4,160,40,balanced,100000,1,187600
target/balance-work/smoke,9db6a1f9390b562ed0e067ed85e73fe5c6a1efbcb0c5e9e3f6eaf42dc629ef52,with_empties,with_empties,72142708828872684771381592480870876961,sorted,grouped,auto,4,160,40,baseline,0,1,156700
target/balance-work/smoke,9db6a1f9390b562ed0e067ed85e73fe5c6a1efbcb0c5e9e3f6eaf42dc629ef52,with_empties,with_empties,72142708828872684771381592480870876961,sorted,grouped,auto,4,160,40,balanced,100000,2,158000
target/balance-work/smoke,9db6a1f9390b562ed0e067ed85e73fe5c6a1efbcb0c5e9e3f6eaf42dc629ef52,with_empties,with_empties,72142708828872684771381592480870876961,sorted,grouped,auto,4,160,40,baseline,0,2,123200
target/balance-work/smoke,9db6a1f9390b562ed0e067ed85e73fe5c6a1efbcb0c5e9e3f6eaf42dc629ef52,with_empties,with_empties,72142708828872684771381592480870876961,sorted,grouped,auto,4,160,40,repair,100000,2,158200
target/balance-work/smoke,9db6a1f9390b562ed0e067ed85e73fe5c6a1efbcb0c5e9e3f6eaf42dc629ef52,with_empties,with_empties,72142708828872684771381592480870876961,sorted,grouped,streaming,4,160,40,balanced,100000,0,206600
target/balance-work/smoke,9db6a1f9390b562ed0e067ed85e73fe5c6a1efbcb0c5e9e3f6eaf42dc629ef52,with_empties,with_empties,72142708828872684771381592480870876961,sorted,grouped,streaming,4,160,40,baseline,0,0,220200
target/balance-work/smoke,9db6a1f9390b562ed0e067ed85e73fe5c6a1efbcb0c5e9e3f6eaf42dc629ef52,with_empties,with_empties,72142708828872684771381592480870876961,sorted,grouped,streaming,4,160,40,repair,100000,0,234100
target/balance-work/smoke,9db6a1f9390b562ed0e067ed85e73fe5c6a1efbcb0c5e9e3f6eaf42dc629ef52,with_empties,with_empties,72142708828872684771381592480870876961,sorted,grouped,streaming,4,160,40,repair,100000,1,244000
target/balance-work/smoke,9db6a1f9390b562ed0e067ed85e73fe5c6a1efbcb0c5e9e3f6eaf42dc629ef52,with_empties,with_empties,72142708828872684771381592480870876961,sorted,grouped,streaming,4,160,40,balanced,100000,1,210900
target/balance-work/smoke,9db6a1f9390b562ed0e067ed85e73fe5c6a1efbcb0c5e9e3f6eaf42dc629ef52,with_empties,with_empties,72142708828872684771381592480870876961,sorted,grouped,streaming,4,160,40,baseline,0,1,180900
target/balance-work/smoke,9db6a1f9390b562ed0e067ed85e73fe5c6a1efbcb0c5e9e3f6eaf42dc629ef52,with_empties,with_empties,72142708828872684771381592480870876961,sorted,grouped,streaming,4,160,40,baseline,0,2,258300
target/balance-work/smoke,9db6a1f9390b562ed0e067ed85e73fe5c6a1efbcb0c5e9e3f6eaf42dc629ef52,with_empties,with_empties,72142708828872684771381592480870876961,sorted,grouped,streaming,4,160,40,repair,100000,2,230700
target/balance-work/smoke,9db6a1f9390b562ed0e067ed85e73fe5c6a1efbcb0c5e9e3f6eaf42dc629ef52,with_empties,with_empties,72142708828872684771381592480870876961,sorted,grouped,streaming,4,160,40,balanced,100000,2,215700
target/balance-work/smoke,9db6a1f9390b562ed0e067ed85e73fe5c6a1efbcb0c5e9e3f6eaf42dc629ef52,with_empties,with_empties,72142708828872684771381592480870876961,sorted,sliced,auto,1,40,40,repair,100000,0,75300
target/balance-work/smoke,9db6a1f9390b562ed0e067ed85e73fe5c6a1efbcb0c5e9e3f6eaf42dc629ef52,with_empties,with_empties,72142708828872684771381592480870876961,sorted,sliced,auto,1,40,40,balanced,100000,0,66200
target/balance-work/smoke,9db6a1f9390b562ed0e067ed85e73fe5c6a1efbcb0c5e9e3f6eaf42dc629ef52,with_empties,with_empties,72142708828872684771381592480870876961,sorted,sliced,auto,1,40,40,baseline,0,0,109200
target/balance-work/smoke,9db6a1f9390b562ed0e067ed85e73fe5c6a1efbcb0c5e9e3f6eaf42dc629ef52,with_empties,with_empties,72142708828872684771381592480870876961,sorted,sliced,auto,1,40,40,balanced,100000,1,89300
target/balance-work/smoke,9db6a1f9390b562ed0e067ed85e73fe5c6a1efbcb0c5e9e3f6eaf42dc629ef52,with_empties,with_empties,72142708828872684771381592480870876961,sorted,sliced,auto,1,40,40,baseline,0,1,61200
target/balance-work/smoke,9db6a1f9390b562ed0e067ed85e73fe5c6a1efbcb0c5e9e3f6eaf42dc629ef52,with_empties,with_empties,72142708828872684771381592480870876961,sorted,sliced,auto,1,40,40,repair,100000,1,78900
target/balance-work/smoke,9db6a1f9390b562ed0e067ed85e73fe5c6a1efbcb0c5e9e3f6eaf42dc629ef52,with_empties,with_empties,72142708828872684771381592480870876961,sorted,sliced,auto,1,40,40,baseline,0,2,66700
target/balance-work/smoke,9db6a1f9390b562ed0e067ed85e73fe5c6a1efbcb0c5e9e3f6eaf42dc629ef52,with_empties,with_empties,72142708828872684771381592480870876961,sorted,sliced,auto,1,40,40,repair,100000,2,82400
target/balance-work/smoke,9db6a1f9390b562ed0e067ed85e73fe5c6a1efbcb0c5e9e3f6eaf42dc629ef52,with_empties,with_empties,72142708828872684771381592480870876961,sorted,sliced,auto,1,40,40,balanced,100000,2,66300
target/balance-work/smoke,9db6a1f9390b562ed0e067ed85e73fe5c6a1efbcb0c5e9e3f6eaf42dc629ef52,with_empties,with_empties,72142708828872684771381592480870876961,sorted,sliced,streaming,1,40,40,baseline,0,0,157800
target/balance-work/smoke,9db6a1f9390b562ed0e067ed85e73fe5c6a1efbcb0c5e9e3f6eaf42dc629ef52,with_empties,with_empties,72142708828872684771381592480870876961,sorted,sliced,streaming,1,40,40,repair,100000,0,181300
target/balance-work/smoke,9db6a1f9390b562ed0e067ed85e73fe5c6a1efbcb0c5e9e3f6eaf42dc629ef52,with_empties,with_empties,72142708828872684771381592480870876961,sorted,sliced,streaming,1,40,40,balanced,100000,0,150400
target/balance-work/smoke,9db6a1f9390b562ed0e067ed85e73fe5c6a1efbcb0c5e9e3f6eaf42dc629ef52,with_empties,with_empties,72142708828872684771381592480870876961,sorted,sliced,streaming,1,40,40,balanced,100000,1,148300
target/balance-work/smoke,9db6a1f9390b562ed0e067ed85e73fe5c6a1efbcb0c5e9e3f6eaf42dc629ef52,with_empties,with_empties,72142708828872684771381592480870876961,sorted,sliced,streaming,1,40,40,baseline,0,1,141700
target/balance-work/smoke,9db6a1f9390b562ed0e067ed85e73fe5c6a1efbcb0c5e9e3f6eaf42dc629ef52,with_empties,with_empties,72142708828872684771381592480870876961,sorted,sliced,streaming,1,40,40,repair,100000,1,169800
target/balance-work/smoke,9db6a1f9390b562ed0e067ed85e73fe5c6a1efbcb0c5e9e3f6eaf42dc629ef52,with_empties,with_empties,72142708828872684771381592480870876961,sorted,sliced,streaming,1,40,40,repair,100000,2,174300
target/balance-work/smoke,9db6a1f9390b562ed0e067ed85e73fe5c6a1efbcb0c5e9e3f6eaf42dc629ef52,with_empties,with_empties,72142708828872684771381592480870876961,sorted,sliced,streaming,1,40,40,balanced,100000,2,160800
target/balance-work/smoke,9db6a1f9390b562ed0e067ed85e73fe5c6a1efbcb0c5e9e3f6eaf42dc629ef52,with_empties,with_empties,72142708828872684771381592480870876961,sorted,sliced,streaming,1,40,40,baseline,0,2,181200
target/balance-work/smoke,9db6a1f9390b562ed0e067ed85e73fe5c6a1efbcb0c5e9e3f6eaf42dc629ef52,with_empties,with_empties,72142708828872684771381592480870876961,sorted,multi_chunk,auto,1,40,40,baseline,0,0,61000
target/balance-work/smoke,9db6a1f9390b562ed0e067ed85e73fe5c6a1efbcb0c5e9e3f6eaf42dc629ef52,with_empties,with_empties,72142708828872684771381592480870876961,sorted,multi_chunk,auto,1,40,40,repair,100000,0,72900
target/balance-work/smoke,9db6a1f9390b562ed0e067ed85e73fe5c6a1efbcb0c5e9e3f6eaf42dc629ef52,with_empties,with_empties,72142708828872684771381592480870876961,sorted,multi_chunk,auto,1,40,40,balanced,100000,0,65200
target/balance-work/smoke,9db6a1f9390b562ed0e067ed85e73fe5c6a1efbcb0c5e9e3f6eaf42dc629ef52,with_empties,with_empties,72142708828872684771381592480870876961,sorted,multi_chunk,auto,1,40,40,balanced,100000,1,70500
target/balance-work/smoke,9db6a1f9390b562ed0e067ed85e73fe5c6a1efbcb0c5e9e3f6eaf42dc629ef52,with_empties,with_empties,72142708828872684771381592480870876961,sorted,multi_chunk,auto,1,40,40,baseline,0,1,59400
target/balance-work/smoke,9db6a1f9390b562ed0e067ed85e73fe5c6a1efbcb0c5e9e3f6eaf42dc629ef52,with_empties,with_empties,72142708828872684771381592480870876961,sorted,multi_chunk,auto,1,40,40,repair,100000,1,72600
target/balance-work/smoke,9db6a1f9390b562ed0e067ed85e73fe5c6a1efbcb0c5e9e3f6eaf42dc629ef52,with_empties,with_empties,72142708828872684771381592480870876961,sorted,multi_chunk,auto,1,40,40,repair,100000,2,76500
target/balance-work/smoke,9db6a1f9390b562ed0e067ed85e73fe5c6a1efbcb0c5e9e3f6eaf42dc629ef52,with_empties,with_empties,72142708828872684771381592480870876961,sorted,multi_chunk,auto,1,40,40,balanced,100000,2,66200
target/balance-work/smoke,9db6a1f9390b562ed0e067ed85e73fe5c6a1efbcb0c5e9e3f6eaf42dc629ef52,with_empties,with_empties,72142708828872684771381592480870876961,sorted,multi_chunk,auto,1,40,40,baseline,0,2,58700
target/balance-work/smoke,9db6a1f9390b562ed0e067ed85e73fe5c6a1efbcb0c5e9e3f6eaf42dc629ef52,with_empties,with_empties,72142708828872684771381592480870876961,sorted,multi_chunk,streaming,1,40,40,repair,100000,0,176500
target/balance-work/smoke,9db6a1f9390b562ed0e067ed85e73fe5c6a1efbcb0c5e9e3f6eaf42dc629ef52,with_empties,with_empties,72142708828872684771381592480870876961,sorted,multi_chunk,streaming,1,40,40,balanced,100000,0,162200
target/balance-work/smoke,9db6a1f9390b562ed0e067ed85e73fe5c6a1efbcb0c5e9e3f6eaf42dc629ef52,with_empties,with_empties,72142708828872684771381592480870876961,sorted,multi_chunk,streaming,1,40,40,baseline,0,0,155400
target/balance-work/smoke,9db6a1f9390b562ed0e067ed85e73fe5c6a1efbcb0c5e9e3f6eaf42dc629ef52,with_empties,with_empties,72142708828872684771381592480870876961,sorted,multi_chunk,streaming,1,40,40,repair,100000,1,153200
target/balance-work/smoke,9db6a1f9390b562ed0e067ed85e73fe5c6a1efbcb0c5e9e3f6eaf42dc629ef52,with_empties,with_empties,72142708828872684771381592480870876961,sorted,multi_chunk,streaming,1,40,40,balanced,100000,1,171400
target/balance-work/smoke,9db6a1f9390b562ed0e067ed85e73fe5c6a1efbcb0c5e9e3f6eaf42dc629ef52,with_empties,with_empties,72142708828872684771381592480870876961,sorted,multi_chunk,streaming,1,40,40,baseline,0,1,154100
target/balance-work/smoke,9db6a1f9390b562ed0e067ed85e73fe5c6a1efbcb0c5e9e3f6eaf42dc629ef52,with_empties,with_empties,72142708828872684771381592480870876961,sorted,multi_chunk,streaming,1,40,40,baseline,0,2,147800
target/balance-work/smoke,9db6a1f9390b562ed0e067ed85e73fe5c6a1efbcb0c5e9e3f6eaf42dc629ef52,with_empties,with_empties,72142708828872684771381592480870876961,sorted,multi_chunk,streaming,1,40,40,repair,100000,2,144900
target/balance-work/smoke,9db6a1f9390b562ed0e067ed85e73fe5c6a1efbcb0c5e9e3f6eaf42dc629ef52,with_empties,with_empties,72142708828872684771381592480870876961,sorted,multi_chunk,streaming,1,40,40,balanced,100000,2,185400
target/balance-work/smoke,8c295966aab02f746e37fc2d98cb9191e89c2e3fd629c418b0e78f6f602b589c,with_empties,with_empties,72142708828872684771381592480870876961,shuffled,integer,auto,1,40,40,balanced,100000,0,66000
target/balance-work/smoke,8c295966aab02f746e37fc2d98cb9191e89c2e3fd629c418b0e78f6f602b589c,with_empties,with_empties,72142708828872684771381592480870876961,shuffled,integer,auto,1,40,40,baseline,0,0,67700
target/balance-work/smoke,8c295966aab02f746e37fc2d98cb9191e89c2e3fd629c418b0e78f6f602b589c,with_empties,with_empties,72142708828872684771381592480870876961,shuffled,integer,auto,1,40,40,repair,100000,0,71200
target/balance-work/smoke,8c295966aab02f746e37fc2d98cb9191e89c2e3fd629c418b0e78f6f602b589c,with_empties,with_empties,72142708828872684771381592480870876961,shuffled,integer,auto,1,40,40,repair,100000,1,74800
target/balance-work/smoke,8c295966aab02f746e37fc2d98cb9191e89c2e3fd629c418b0e78f6f602b589c,with_empties,with_empties,72142708828872684771381592480870876961,shuffled,integer,auto,1,40,40,balanced,100000,1,66500
target/balance-work/smoke,8c295966aab02f746e37fc2d98cb9191e89c2e3fd629c418b0e78f6f602b589c,with_empties,with_empties,72142708828872684771381592480870876961,shuffled,integer,auto,1,40,40,baseline,0,1,56200
target/balance-work/smoke,8c295966aab02f746e37fc2d98cb9191e89c2e3fd629c418b0e78f6f602b589c,with_empties,with_empties,72142708828872684771381592480870876961,shuffled,integer,auto,1,40,40,repair,100000,2,73000
target/balance-work/smoke,8c295966aab02f746e37fc2d98cb9191e89c2e3fd629c418b0e78f6f602b589c,with_empties,with_empties,72142708828872684771381592480870876961,shuffled,integer,auto,1,40,40,balanced,100000,2,63900
target/balance-work/smoke,8c295966aab02f746e37fc2d98cb9191e89c2e3fd629c418b0e78f6f602b589c,with_empties,with_empties,72142708828872684771381592480870876961,shuffled,integer,auto,1,40,40,baseline,0,2,57200
target/balance-work/smoke,8c295966aab02f746e37fc2d98cb9191e89c2e3fd629c418b0e78f6f602b589c,with_empties,with_empties,72142708828872684771381592480870876961,shuffled,integer,streaming,1,40,40,balanced,100000,0,170000
target/balance-work/smoke,8c295966aab02f746e37fc2d98cb9191e89c2e3fd629c418b0e78f6f602b589c,with_empties,with_empties,72142708828872684771381592480870876961,shuffled,integer,streaming,1,40,40,baseline,0,0,157400
target/balance-work/smoke,8c295966aab02f746e37fc2d98cb9191e89c2e3fd629c418b0e78f6f602b589c,with_empties,with_empties,72142708828872684771381592480870876961,shuffled,integer,streaming,1,40,40,repair,100000,0,186400
target/balance-work/smoke,8c295966aab02f746e37fc2d98cb9191e89c2e3fd629c418b0e78f6f602b589c,with_empties,with_empties,72142708828872684771381592480870876961,shuffled,integer,streaming,1,40,40,baseline,0,1,166600
target/balance-work/smoke,8c295966aab02f746e37fc2d98cb9191e89c2e3fd629c418b0e78f6f602b589c,with_empties,with_empties,72142708828872684771381592480870876961,shuffled,integer,streaming,1,40,40,repair,100000,1,180700
target/balance-work/smoke,8c295966aab02f746e37fc2d98cb9191e89c2e3fd629c418b0e78f6f602b589c,with_empties,with_empties,72142708828872684771381592480870876961,shuffled,integer,streaming,1,40,40,balanced,100000,1,171100
target/balance-work/smoke,8c295966aab02f746e37fc2d98cb9191e89c2e3fd629c418b0e78f6f602b589c,with_empties,with_empties,72142708828872684771381592480870876961,shuffled,integer,streaming,1,40,40,repair,100000,2,177200
target/balance-work/smoke,8c295966aab02f746e37fc2d98cb9191e89c2e3fd629c418b0e78f6f602b589c,with_empties,with_empties,72142708828872684771381592480870876961,shuffled,integer,streaming,1,40,40,balanced,100000,2,165600
target/balance-work/smoke,8c295966aab02f746e37fc2d98cb9191e89c2e3fd629c418b0e78f6f602b589c,with_empties,with_empties,72142708828872684771381592480870876961,shuffled,integer,streaming,1,40,40,baseline,0,2,160000
target/balance-work/smoke,8c295966aab02f746e37fc2d98cb9191e89c2e3fd629c418b0e78f6f602b589c,with_empties,with_empties,72142708828872684771381592480870876961,shuffled,date,auto,1,40,40,balanced,100000,0,67500
target/balance-work/smoke,8c295966aab02f746e37fc2d98cb9191e89c2e3fd629c418b0e78f6f602b589c,with_empties,with_empties,72142708828872684771381592480870876961,shuffled,date,auto,1,40,40,baseline,0,0,58300
target/balance-work/smoke,8c295966aab02f746e37fc2d98cb9191e89c2e3fd629c418b0e78f6f602b589c,with_empties,with_empties,72142708828872684771381592480870876961,shuffled,date,auto,1,40,40,repair,100000,0,71600
target/balance-work/smoke,8c295966aab02f746e37fc2d98cb9191e89c2e3fd629c418b0e78f6f602b589c,with_empties,with_empties,72142708828872684771381592480870876961,shuffled,date,auto,1,40,40,repair,100000,1,75900
target/balance-work/smoke,8c295966aab02f746e37fc2d98cb9191e89c2e3fd629c418b0e78f6f602b589c,with_empties,with_empties,72142708828872684771381592480870876961,shuffled,date,auto,1,40,40,balanced,100000,1,68600
target/balance-work/smoke,8c295966aab02f746e37fc2d98cb9191e89c2e3fd629c418b0e78f6f602b589c,with_empties,with_empties,72142708828872684771381592480870876961,shuffled,date,auto,1,40,40,baseline,0,1,64200
target/balance-work/smoke,8c295966aab02f746e37fc2d98cb9191e89c2e3fd629c418b0e78f6f602b589c,with_empties,with_empties,72142708828872684771381592480870876961,shuffled,date,auto,1,40,40,repair,100000,2,76600
target/balance-work/smoke,8c295966aab02f746e37fc2d98cb9191e89c2e3fd629c418b0e78f6f602b589c,with_empties,with_empties,72142708828872684771381592480870876961,shuffled,date,auto,1,40,40,balanced,100000,2,66000
target/balance-work/smoke,8c295966aab02f746e37fc2d98cb9191e89c2e3fd629c418b0e78f6f602b589c,with_empties,with_empties,72142708828872684771381592480870876961,shuffled,date,auto,1,40,40,baseline,0,2,58000
target/balance-work/smoke,8c295966aab02f746e37fc2d98cb9191e89c2e3fd629c418b0e78f6f602b589c,with_empties,with_empties,72142708828872684771381592480870876961,shuffled,date,streaming,1,40,40,balanced,100000,0,202700
target/balance-work/smoke,8c295966aab02f746e37fc2d98cb9191e89c2e3fd629c418b0e78f6f602b589c,with_empties,with_empties,72142708828872684771381592480870876961,shuffled,date,streaming,1,40,40,baseline,0,0,243000
target/balance-work/smoke,8c295966aab02f746e37fc2d98cb9191e89c2e3fd629c418b0e78f6f602b589c,with_empties,with_empties,72142708828872684771381592480870876961,shuffled,date,streaming,1,40,40,repair,100000,0,196500
target/balance-work/smoke,8c295966aab02f746e37fc2d98cb9191e89c2e3fd629c418b0e78f6f602b589c,with_empties,with_empties,72142708828872684771381592480870876961,shuffled,date,streaming,1,40,40,repair,100000,1,179400
target/balance-work/smoke,8c295966aab02f746e37fc2d98cb9191e89c2e3fd629c418b0e78f6f602b589c,with_empties,with_empties,72142708828872684771381592480870876961,shuffled,date,streaming,1,40,40,balanced,100000,1,171500
target/balance-work/smoke,8c295966aab02f746e37fc2d98cb9191e89c2e3fd629c418b0e78f6f602b589c,with_empties,with_empties,72142708828872684771381592480870876961,shuffled,date,streaming,1,40,40,baseline,0,1,169300
target/balance-work/smoke,8c295966aab02f746e37fc2d98cb9191e89c2e3fd629c418b0e78f6f602b589c,with_empties,with_empties,72142708828872684771381592480870876961,shuffled,date,streaming,1,40,40,repair,100000,2,181500
target/balance-work/smoke,8c295966aab02f746e37fc2d98cb9191e89c2e3fd629c418b0e78f6f602b589c,with_empties,with_empties,72142708828872684771381592480870876961,shuffled,date,streaming,1,40,40,balanced,100000,2,151700
target/balance-work/smoke,8c295966aab02f746e37fc2d98cb9191e89c2e3fd629c418b0e78f6f602b589c,with_empties,with_empties,72142708828872684771381592480870876961,shuffled,date,streaming,1,40,40,baseline,0,2,156100
target/balance-work/smoke,8c295966aab02f746e37fc2d98cb9191e89c2e3fd629c418b0e78f6f602b589c,with_empties,with_empties,72142708828872684771381592480870876961,shuffled,datetime,auto,1,40,40,baseline,0,0,62300
target/balance-work/smoke,8c295966aab02f746e37fc2d98cb9191e89c2e3fd629c418b0e78f6f602b589c,with_empties,with_empties,72142708828872684771381592480870876961,shuffled,datetime,auto,1,40,40,repair,100000,0,75000
target/balance-work/smoke,8c295966aab02f746e37fc2d98cb9191e89c2e3fd629c418b0e78f6f602b589c,with_empties,with_empties,72142708828872684771381592480870876961,shuffled,datetime,auto,1,40,40,balanced,100000,0,67800
target/balance-work/smoke,8c295966aab02f746e37fc2d98cb9191e89c2e3fd629c418b0e78f6f602b589c,with_empties,with_empties,72142708828872684771381592480870876961,shuffled,datetime,auto,1,40,40,baseline,0,1,64500
target/balance-work/smoke,8c295966aab02f746e37fc2d98cb9191e89c2e3fd629c418b0e78f6f602b589c,with_empties,with_empties,72142708828872684771381592480870876961,shuffled,datetime,auto,1,40,40,repair,100000,1,77500
target/balance-work/smoke,8c295966aab02f746e37fc2d98cb9191e89c2e3fd629c418b0e78f6f602b589c,with_empties,with_empties,72142708828872684771381592480870876961,shuffled,datetime,auto,1,40,40,balanced,100000,1,68300
target/balance-work/smoke,8c295966aab02f746e37fc2d98cb9191e89c2e3fd629c418b0e78f6f602b589c,with_empties,with_empties,72142708828872684771381592480870876961,shuffled,datetime,auto,1,40,40,baseline,0,2,64200
target/balance-work/smoke,8c295966aab02f746e37fc2d98cb9191e89c2e3fd629c418b0e78f6f602b589c,with_empties,with_empties,72142708828872684771381592480870876961,shuffled,datetime,auto,1,40,40,repair,100000,2,73900
target/balance-work/smoke,8c295966aab02f746e37fc2d98cb9191e89c2e3fd629c418b0e78f6f602b589c,with_empties,with_empties,72142708828872684771381592480870876961,shuffled,datetime,auto,1,40,40,balanced,100000,2,67400
target/balance-work/smoke,8c295966aab02f746e37fc2d98cb9191e89c2e3fd629c418b0e78f6f602b589c,with_empties,with_empties,72142708828872684771381592480870876961,shuffled,datetime,streaming,1,40,40,repair,100000,0,183100
target/balance-work/smoke,8c295966aab02f746e37fc2d98cb9191e89c2e3fd629c418b0e78f6f602b589c,with_empties,with_empties,72142708828872684771381592480870876961,shuffled,datetime,streaming,1,40,40,balanced,100000,0,173800
target/balance-work/smoke,8c295966aab02f746e37fc2d98cb9191e89c2e3fd629c418b0e78f6f602b589c,with_empties,with_empties,72142708828872684771381592480870876961,shuffled,datetime,streaming,1,40,40,baseline,0,0,156300
target/balance-work/smoke,8c295966aab02f746e37fc2d98cb9191e89c2e3fd629c418b0e78f6f602b589c,with_empties,with_empties,72142708828872684771381592480870876961,shuffled,datetime,streaming,1,40,40,repair,100000,1,186000
target/balance-work/smoke,8c295966aab02f746e37fc2d98cb9191e89c2e3fd629c418b0e78f6f602b589c,with_empties,with_empties,72142708828872684771381592480870876961,shuffled,datetime,streaming,1,40,40,balanced,100000,1,154800
target/balance-work/smoke,8c295966aab02f746e37fc2d98cb9191e89c2e3fd629c418b0e78f6f602b589c,with_empties,with_empties,72142708828872684771381592480870876961,shuffled,datetime,streaming,1,40,40,baseline,0,1,144100
target/balance-work/smoke,8c295966aab02f746e37fc2d98cb9191e89c2e3fd629c418b0e78f6f602b589c,with_empties,with_empties,72142708828872684771381592480870876961,shuffled,datetime,streaming,1,40,40,balanced,100000,2,164300
target/balance-work/smoke,8c295966aab02f746e37fc2d98cb9191e89c2e3fd629c418b0e78f6f602b589c,with_empties,with_empties,72142708828872684771381592480870876961,shuffled,datetime,streaming,1,40,40,baseline,0,2,224800
target/balance-work/smoke,8c295966aab02f746e37fc2d98cb9191e89c2e3fd629c418b0e78f6f602b589c,with_empties,with_empties,72142708828872684771381592480870876961,shuffled,datetime,streaming,1,40,40,repair,100000,2,211800
target/balance-work/smoke,8c295966aab02f746e37fc2d98cb9191e89c2e3fd629c418b0e78f6f602b589c,with_empties,with_empties,72142708828872684771381592480870876961,shuffled,grouped,auto,4,160,40,repair,100000,0,164600
target/balance-work/smoke,8c295966aab02f746e37fc2d98cb9191e89c2e3fd629c418b0e78f6f602b589c,with_empties,with_empties,72142708828872684771381592480870876961,shuffled,grouped,auto,4,160,40,balanced,100000,0,133000
target/balance-work/smoke,8c295966aab02f746e37fc2d98cb9191e89c2e3fd629c418b0e78f6f602b589c,with_empties,with_empties,72142708828872684771381592480870876961,shuffled,grouped,auto,4,160,40,baseline,0,0,136700
target/balance-work/smoke,8c295966aab02f746e37fc2d98cb9191e89c2e3fd629c418b0e78f6f602b589c,with_empties,with_empties,72142708828872684771381592480870876961,shuffled,grouped,auto,4,160,40,balanced,100000,1,142500
target/balance-work/smoke,8c295966aab02f746e37fc2d98cb9191e89c2e3fd629c418b0e78f6f602b589c,with_empties,with_empties,72142708828872684771381592480870876961,shuffled,grouped,auto,4,160,40,baseline,0,1,117600
target/balance-work/smoke,8c295966aab02f746e37fc2d98cb9191e89c2e3fd629c418b0e78f6f602b589c,with_empties,with_empties,72142708828872684771381592480870876961,shuffled,grouped,auto,4,160,40,repair,100000,1,153500
target/balance-work/smoke,8c295966aab02f746e37fc2d98cb9191e89c2e3fd629c418b0e78f6f602b589c,with_empties,with_empties,72142708828872684771381592480870876961,shuffled,grouped,auto,4,160,40,repair,100000,2,154200
target/balance-work/smoke,8c295966aab02f746e37fc2d98cb9191e89c2e3fd629c418b0e78f6f602b589c,with_empties,with_empties,72142708828872684771381592480870876961,shuffled,grouped,auto,4,160,40,balanced,100000,2,130800
target/balance-work/smoke,8c295966aab02f746e37fc2d98cb9191e89c2e3fd629c418b0e78f6f602b589c,with_empties,with_empties,72142708828872684771381592480870876961,shuffled,grouped,auto,4,160,40,baseline,0,2,113800
target/balance-work/smoke,8c295966aab02f746e37fc2d98cb9191e89c2e3fd629c418b0e78f6f602b589c,with_empties,with_empties,72142708828872684771381592480870876961,shuffled,grouped,streaming,4,160,40,balanced,100000,0,191400
target/balance-work/smoke,8c295966aab02f746e37fc2d98cb9191e89c2e3fd629c418b0e78f6f602b589c,with_empties,with_empties,72142708828872684771381592480870876961,shuffled,grouped,streaming,4,160,40,baseline,0,0,199500
target/balance-work/smoke,8c295966aab02f746e37fc2d98cb9191e89c2e3fd629c418b0e78f6f602b589c,with_empties,with_empties,72142708828872684771381592480870876961,shuffled,grouped,streaming,4,160,40,repair,100000,0,293000
target/balance-work/smoke,8c295966aab02f746e37fc2d98cb9191e89c2e3fd629c418b0e78f6f602b589c,with_empties,with_empties,72142708828872684771381592480870876961,shuffled,grouped,streaming,4,160,40,repair,100000,1,333300
target/balance-work/smoke,8c295966aab02f746e37fc2d98cb9191e89c2e3fd629c418b0e78f6f602b589c,with_empties,with_empties,72142708828872684771381592480870876961,shuffled,grouped,streaming,4,160,40,balanced,100000,1,248400
target/balance-work/smoke,8c295966aab02f746e37fc2d98cb9191e89c2e3fd629c418b0e78f6f602b589c,with_empties,with_empties,72142708828872684771381592480870876961,shuffled,grouped,streaming,4,160,40,baseline,0,1,197600
target/balance-work/smoke,8c295966aab02f746e37fc2d98cb9191e89c2e3fd629c418b0e78f6f602b589c,with_empties,with_empties,72142708828872684771381592480870876961,shuffled,grouped,streaming,4,160,40,baseline,0,2,197000
target/balance-work/smoke,8c295966aab02f746e37fc2d98cb9191e89c2e3fd629c418b0e78f6f602b589c,with_empties,with_empties,72142708828872684771381592480870876961,shuffled,grouped,streaming,4,160,40,repair,100000,2,243000
target/balance-work/smoke,8c295966aab02f746e37fc2d98cb9191e89c2e3fd629c418b0e78f6f602b589c,with_empties,with_empties,72142708828872684771381592480870876961,shuffled,grouped,streaming,4,160,40,balanced,100000,2,205300
target/balance-work/smoke,8c295966aab02f746e37fc2d98cb9191e89c2e3fd629c418b0e78f6f602b589c,with_empties,with_empties,72142708828872684771381592480870876961,shuffled,sliced,auto,1,40,40,baseline,0,0,58800
target/balance-work/smoke,8c295966aab02f746e37fc2d98cb9191e89c2e3fd629c418b0e78f6f602b589c,with_empties,with_empties,72142708828872684771381592480870876961,shuffled,sliced,auto,1,40,40,repair,100000,0,69300
target/balance-work/smoke,8c295966aab02f746e37fc2d98cb9191e89c2e3fd629c418b0e78f6f602b589c,with_empties,with_empties,72142708828872684771381592480870876961,shuffled,sliced,auto,1,40,40,balanced,100000,0,64200
target/balance-work/smoke,8c295966aab02f746e37fc2d98cb9191e89c2e3fd629c418b0e78f6f602b589c,with_empties,with_empties,72142708828872684771381592480870876961,shuffled,sliced,auto,1,40,40,balanced,100000,1,65800
target/balance-work/smoke,8c295966aab02f746e37fc2d98cb9191e89c2e3fd629c418b0e78f6f602b589c,with_empties,with_empties,72142708828872684771381592480870876961,shuffled,sliced,auto,1,40,40,baseline,0,1,71300
target/balance-work/smoke,8c295966aab02f746e37fc2d98cb9191e89c2e3fd629c418b0e78f6f602b589c,with_empties,with_empties,72142708828872684771381592480870876961,shuffled,sliced,auto,1,40,40,repair,100000,1,72300
target/balance-work/smoke,8c295966aab02f746e37fc2d98cb9191e89c2e3fd629c418b0e78f6f602b589c,with_empties,with_empties,72142708828872684771381592480870876961,shuffled,sliced,auto,1,40,40,repair,100000,2,76300
target/balance-work/smoke,8c295966aab02f746e37fc2d98cb9191e89c2e3fd629c418b0e78f6f602b589c,with_empties,with_empties,72142708828872684771381592480870876961,shuffled,sliced,auto,1,40,40,balanced,100000,2,64600
target/balance-work/smoke,8c295966aab02f746e37fc2d98cb9191e89c2e3fd629c418b0e78f6f602b589c,with_empties,with_empties,72142708828872684771381592480870876961,shuffled,sliced,auto,1,40,40,baseline,0,2,57400
target/balance-work/smoke,8c295966aab02f746e37fc2d98cb9191e89c2e3fd629c418b0e78f6f602b589c,with_empties,with_empties,72142708828872684771381592480870876961,shuffled,sliced,streaming,1,40,40,baseline,0,0,161600
target/balance-work/smoke,8c295966aab02f746e37fc2d98cb9191e89c2e3fd629c418b0e78f6f602b589c,with_empties,with_empties,72142708828872684771381592480870876961,shuffled,sliced,streaming,1,40,40,repair,100000,0,165200
target/balance-work/smoke,8c295966aab02f746e37fc2d98cb9191e89c2e3fd629c418b0e78f6f602b589c,with_empties,with_empties,72142708828872684771381592480870876961,shuffled,sliced,streaming,1,40,40,balanced,100000,0,148100
target/balance-work/smoke,8c295966aab02f746e37fc2d98cb9191e89c2e3fd629c418b0e78f6f602b589c,with_empties,with_empties,72142708828872684771381592480870876961,shuffled,sliced,streaming,1,40,40,baseline,0,1,161400
target/balance-work/smoke,8c295966aab02f746e37fc2d98cb9191e89c2e3fd629c418b0e78f6f602b589c,with_empties,with_empties,72142708828872684771381592480870876961,shuffled,sliced,streaming,1,40,40,repair,100000,1,181700
target/balance-work/smoke,8c295966aab02f746e37fc2d98cb9191e89c2e3fd629c418b0e78f6f602b589c,with_empties,with_empties,72142708828872684771381592480870876961,shuffled,sliced,streaming,1,40,40,balanced,100000,1,173000
target/balance-work/smoke,8c295966aab02f746e37fc2d98cb9191e89c2e3fd629c418b0e78f6f602b589c,with_empties,with_empties,72142708828872684771381592480870876961,shuffled,sliced,streaming,1,40,40,repair,100000,2,179600
target/balance-work/smoke,8c295966aab02f746e37fc2d98cb9191e89c2e3fd629c418b0e78f6f602b589c,with_empties,with_empties,72142708828872684771381592480870876961,shuffled,sliced,streaming,1,40,40,balanced,100000,2,162300
target/balance-work/smoke,8c295966aab02f746e37fc2d98cb9191e89c2e3fd629c418b0e78f6f602b589c,with_empties,with_empties,72142708828872684771381592480870876961,shuffled,sliced,streaming,1,40,40,baseline,0,2,155600
target/balance-work/smoke,8c295966aab02f746e37fc2d98cb9191e89c2e3fd629c418b0e78f6f602b589c,with_empties,with_empties,72142708828872684771381592480870876961,shuffled,multi_chunk,auto,1,40,40,baseline,0,0,59800
target/balance-work/smoke,8c295966aab02f746e37fc2d98cb9191e89c2e3fd629c418b0e78f6f602b589c,with_empties,with_empties,72142708828872684771381592480870876961,shuffled,multi_chunk,auto,1,40,40,repair,100000,0,71100
target/balance-work/smoke,8c295966aab02f746e37fc2d98cb9191e89c2e3fd629c418b0e78f6f602b589c,with_empties,with_empties,72142708828872684771381592480870876961,shuffled,multi_chunk,auto,1,40,40,balanced,100000,0,72400
target/balance-work/smoke,8c295966aab02f746e37fc2d98cb9191e89c2e3fd629c418b0e78f6f602b589c,with_empties,with_empties,72142708828872684771381592480870876961,shuffled,multi_chunk,auto,1,40,40,balanced,100000,1,67400
target/balance-work/smoke,8c295966aab02f746e37fc2d98cb9191e89c2e3fd629c418b0e78f6f602b589c,with_empties,with_empties,72142708828872684771381592480870876961,shuffled,multi_chunk,auto,1,40,40,baseline,0,1,59400
target/balance-work/smoke,8c295966aab02f746e37fc2d98cb9191e89c2e3fd629c418b0e78f6f602b589c,with_empties,with_empties,72142708828872684771381592480870876961,shuffled,multi_chunk,auto,1,40,40,repair,100000,1,70700
target/balance-work/smoke,8c295966aab02f746e37fc2d98cb9191e89c2e3fd629c418b0e78f6f602b589c,with_empties,with_empties,72142708828872684771381592480870876961,shuffled,multi_chunk,auto,1,40,40,baseline,0,2,61600
target/balance-work/smoke,8c295966aab02f746e37fc2d98cb9191e89c2e3fd629c418b0e78f6f602b589c,with_empties,with_empties,72142708828872684771381592480870876961,shuffled,multi_chunk,auto,1,40,40,repair,100000,2,72200
target/balance-work/smoke,8c295966aab02f746e37fc2d98cb9191e89c2e3fd629c418b0e78f6f602b589c,with_empties,with_empties,72142708828872684771381592480870876961,shuffled,multi_chunk,auto,1,40,40,balanced,100000,2,64200
target/balance-work/smoke,8c295966aab02f746e37fc2d98cb9191e89c2e3fd629c418b0e78f6f602b589c,with_empties,with_empties,72142708828872684771381592480870876961,shuffled,multi_chunk,streaming,1,40,40,baseline,0,0,194700
target/balance-work/smoke,8c295966aab02f746e37fc2d98cb9191e89c2e3fd629c418b0e78f6f602b589c,with_empties,with_empties,72142708828872684771381592480870876961,shuffled,multi_chunk,streaming,1,40,40,repair,100000,0,203700
target/balance-work/smoke,8c295966aab02f746e37fc2d98cb9191e89c2e3fd629c418b0e78f6f602b589c,with_empties,with_empties,72142708828872684771381592480870876961,shuffled,multi_chunk,streaming,1,40,40,balanced,100000,0,173800
target/balance-work/smoke,8c295966aab02f746e37fc2d98cb9191e89c2e3fd629c418b0e78f6f602b589c,with_empties,with_empties,72142708828872684771381592480870876961,shuffled,multi_chunk,streaming,1,40,40,repair,100000,1,239700
target/balance-work/smoke,8c295966aab02f746e37fc2d98cb9191e89c2e3fd629c418b0e78f6f602b589c,with_empties,with_empties,72142708828872684771381592480870876961,shuffled,multi_chunk,streaming,1,40,40,balanced,100000,1,205600
target/balance-work/smoke,8c295966aab02f746e37fc2d98cb9191e89c2e3fd629c418b0e78f6f602b589c,with_empties,with_empties,72142708828872684771381592480870876961,shuffled,multi_chunk,streaming,1,40,40,baseline,0,1,178100
target/balance-work/smoke,8c295966aab02f746e37fc2d98cb9191e89c2e3fd629c418b0e78f6f602b589c,with_empties,with_empties,72142708828872684771381592480870876961,shuffled,multi_chunk,streaming,1,40,40,balanced,100000,2,183200
target/balance-work/smoke,8c295966aab02f746e37fc2d98cb9191e89c2e3fd629c418b0e78f6f602b589c,with_empties,with_empties,72142708828872684771381592480870876961,shuffled,multi_chunk,streaming,1,40,40,baseline,0,2,176400
target/balance-work/smoke,8c295966aab02f746e37fc2d98cb9191e89c2e3fd629c418b0e78f6f602b589c,with_empties,with_empties,72142708828872684771381592480870876961,shuffled,multi_chunk,streaming,1,40,40,repair,100000,2,185700
handcrafted,e3c10630a42dc4bb7905018034b475e54840bbc9b9fcda75efe65e17d45f2083,handcrafted,handcrafted,0,fixture,integer,auto,1,34,34,balanced,100000,0,73700
handcrafted,e3c10630a42dc4bb7905018034b475e54840bbc9b9fcda75efe65e17d45f2083,handcrafted,handcrafted,0,fixture,integer,auto,1,34,34,repair_supplied,100000,0,66900
handcrafted,e3c10630a42dc4bb7905018034b475e54840bbc9b9fcda75efe65e17d45f2083,handcrafted,handcrafted,0,fixture,integer,auto,1,34,34,baseline,0,0,56400
handcrafted,e3c10630a42dc4bb7905018034b475e54840bbc9b9fcda75efe65e17d45f2083,handcrafted,handcrafted,0,fixture,integer,auto,1,34,34,repair,100000,0,68000
handcrafted,e3c10630a42dc4bb7905018034b475e54840bbc9b9fcda75efe65e17d45f2083,handcrafted,handcrafted,0,fixture,integer,auto,1,34,34,balanced,100000,1,70900
handcrafted,e3c10630a42dc4bb7905018034b475e54840bbc9b9fcda75efe65e17d45f2083,handcrafted,handcrafted,0,fixture,integer,auto,1,34,34,repair_supplied,100000,1,67200
handcrafted,e3c10630a42dc4bb7905018034b475e54840bbc9b9fcda75efe65e17d45f2083,handcrafted,handcrafted,0,fixture,integer,auto,1,34,34,baseline,0,1,57100
handcrafted,e3c10630a42dc4bb7905018034b475e54840bbc9b9fcda75efe65e17d45f2083,handcrafted,handcrafted,0,fixture,integer,auto,1,34,34,repair,100000,1,64900
handcrafted,e3c10630a42dc4bb7905018034b475e54840bbc9b9fcda75efe65e17d45f2083,handcrafted,handcrafted,0,fixture,integer,auto,1,34,34,repair,100000,2,69700
handcrafted,e3c10630a42dc4bb7905018034b475e54840bbc9b9fcda75efe65e17d45f2083,handcrafted,handcrafted,0,fixture,integer,auto,1,34,34,balanced,100000,2,67200
handcrafted,e3c10630a42dc4bb7905018034b475e54840bbc9b9fcda75efe65e17d45f2083,handcrafted,handcrafted,0,fixture,integer,auto,1,34,34,repair_supplied,100000,2,66900
handcrafted,e3c10630a42dc4bb7905018034b475e54840bbc9b9fcda75efe65e17d45f2083,handcrafted,handcrafted,0,fixture,integer,auto,1,34,34,baseline,0,2,60600
handcrafted,e3c10630a42dc4bb7905018034b475e54840bbc9b9fcda75efe65e17d45f2083,handcrafted,handcrafted,0,fixture,integer,streaming,1,34,34,repair,100000,0,179100
handcrafted,e3c10630a42dc4bb7905018034b475e54840bbc9b9fcda75efe65e17d45f2083,handcrafted,handcrafted,0,fixture,integer,streaming,1,34,34,balanced,100000,0,182100
handcrafted,e3c10630a42dc4bb7905018034b475e54840bbc9b9fcda75efe65e17d45f2083,handcrafted,handcrafted,0,fixture,integer,streaming,1,34,34,repair_supplied,100000,0,171200
handcrafted,e3c10630a42dc4bb7905018034b475e54840bbc9b9fcda75efe65e17d45f2083,handcrafted,handcrafted,0,fixture,integer,streaming,1,34,34,baseline,0,0,143100
handcrafted,e3c10630a42dc4bb7905018034b475e54840bbc9b9fcda75efe65e17d45f2083,handcrafted,handcrafted,0,fixture,integer,streaming,1,34,34,baseline,0,1,166600
handcrafted,e3c10630a42dc4bb7905018034b475e54840bbc9b9fcda75efe65e17d45f2083,handcrafted,handcrafted,0,fixture,integer,streaming,1,34,34,repair,100000,1,194000
handcrafted,e3c10630a42dc4bb7905018034b475e54840bbc9b9fcda75efe65e17d45f2083,handcrafted,handcrafted,0,fixture,integer,streaming,1,34,34,balanced,100000,1,172000
handcrafted,e3c10630a42dc4bb7905018034b475e54840bbc9b9fcda75efe65e17d45f2083,handcrafted,handcrafted,0,fixture,integer,streaming,1,34,34,repair_supplied,100000,1,171600
handcrafted,e3c10630a42dc4bb7905018034b475e54840bbc9b9fcda75efe65e17d45f2083,handcrafted,handcrafted,0,fixture,integer,streaming,1,34,34,baseline,0,2,164200
handcrafted,e3c10630a42dc4bb7905018034b475e54840bbc9b9fcda75efe65e17d45f2083,handcrafted,handcrafted,0,fixture,integer,streaming,1,34,34,repair,100000,2,164500
handcrafted,e3c10630a42dc4bb7905018034b475e54840bbc9b9fcda75efe65e17d45f2083,handcrafted,handcrafted,0,fixture,integer,streaming,1,34,34,balanced,100000,2,143200
handcrafted,e3c10630a42dc4bb7905018034b475e54840bbc9b9fcda75efe65e17d45f2083,handcrafted,handcrafted,0,fixture,integer,streaming,1,34,34,repair_supplied,100000,2,205400
handcrafted,e3c10630a42dc4bb7905018034b475e54840bbc9b9fcda75efe65e17d45f2083,handcrafted,handcrafted,0,fixture,date,auto,1,34,34,baseline,0,0,60800
handcrafted,e3c10630a42dc4bb7905018034b475e54840bbc9b9fcda75efe65e17d45f2083,handcrafted,handcrafted,0,fixture,date,auto,1,34,34,repair,100000,0,79800
handcrafted,e3c10630a42dc4bb7905018034b475e54840bbc9b9fcda75efe65e17d45f2083,handcrafted,handcrafted,0,fixture,date,auto,1,34,34,balanced,100000,0,69700
handcrafted,e3c10630a42dc4bb7905018034b475e54840bbc9b9fcda75efe65e17d45f2083,handcrafted,handcrafted,0,fixture,date,auto,1,34,34,repair_supplied,100000,0,70100
handcrafted,e3c10630a42dc4bb7905018034b475e54840bbc9b9fcda75efe65e17d45f2083,handcrafted,handcrafted,0,fixture,date,auto,1,34,34,baseline,0,1,62000
handcrafted,e3c10630a42dc4bb7905018034b475e54840bbc9b9fcda75efe65e17d45f2083,handcrafted,handcrafted,0,fixture,date,auto,1,34,34,repair,100000,1,69100
handcrafted,e3c10630a42dc4bb7905018034b475e54840bbc9b9fcda75efe65e17d45f2083,handcrafted,handcrafted,0,fixture,date,auto,1,34,34,balanced,100000,1,69400
handcrafted,e3c10630a42dc4bb7905018034b475e54840bbc9b9fcda75efe65e17d45f2083,handcrafted,handcrafted,0,fixture,date,auto,1,34,34,repair_supplied,100000,1,69800
handcrafted,e3c10630a42dc4bb7905018034b475e54840bbc9b9fcda75efe65e17d45f2083,handcrafted,handcrafted,0,fixture,date,auto,1,34,34,repair,100000,2,72500
handcrafted,e3c10630a42dc4bb7905018034b475e54840bbc9b9fcda75efe65e17d45f2083,handcrafted,handcrafted,0,fixture,date,auto,1,34,34,balanced,100000,2,69500
handcrafted,e3c10630a42dc4bb7905018034b475e54840bbc9b9fcda75efe65e17d45f2083,handcrafted,handcrafted,0,fixture,date,auto,1,34,34,repair_supplied,100000,2,69300
handcrafted,e3c10630a42dc4bb7905018034b475e54840bbc9b9fcda75efe65e17d45f2083,handcrafted,handcrafted,0,fixture,date,auto,1,34,34,baseline,0,2,58300
handcrafted,e3c10630a42dc4bb7905018034b475e54840bbc9b9fcda75efe65e17d45f2083,handcrafted,handcrafted,0,fixture,date,streaming,1,34,34,repair,100000,0,193300
handcrafted,e3c10630a42dc4bb7905018034b475e54840bbc9b9fcda75efe65e17d45f2083,handcrafted,handcrafted,0,fixture,date,streaming,1,34,34,balanced,100000,0,173600
handcrafted,e3c10630a42dc4bb7905018034b475e54840bbc9b9fcda75efe65e17d45f2083,handcrafted,handcrafted,0,fixture,date,streaming,1,34,34,repair_supplied,100000,0,179200
handcrafted,e3c10630a42dc4bb7905018034b475e54840bbc9b9fcda75efe65e17d45f2083,handcrafted,handcrafted,0,fixture,date,streaming,1,34,34,baseline,0,0,158700
handcrafted,e3c10630a42dc4bb7905018034b475e54840bbc9b9fcda75efe65e17d45f2083,handcrafted,handcrafted,0,fixture,date,streaming,1,34,34,balanced,100000,1,175400
handcrafted,e3c10630a42dc4bb7905018034b475e54840bbc9b9fcda75efe65e17d45f2083,handcrafted,handcrafted,0,fixture,date,streaming,1,34,34,repair_supplied,100000,1,174600
handcrafted,e3c10630a42dc4bb7905018034b475e54840bbc9b9fcda75efe65e17d45f2083,handcrafted,handcrafted,0,fixture,date,streaming,1,34,34,baseline,0,1,160000
handcrafted,e3c10630a42dc4bb7905018034b475e54840bbc9b9fcda75efe65e17d45f2083,handcrafted,handcrafted,0,fixture,date,streaming,1,34,34,repair,100000,1,170300
handcrafted,e3c10630a42dc4bb7905018034b475e54840bbc9b9fcda75efe65e17d45f2083,handcrafted,handcrafted,0,fixture,date,streaming,1,34,34,baseline,0,2,143800
handcrafted,e3c10630a42dc4bb7905018034b475e54840bbc9b9fcda75efe65e17d45f2083,handcrafted,handcrafted,0,fixture,date,streaming,1,34,34,repair,100000,2,177100
handcrafted,e3c10630a42dc4bb7905018034b475e54840bbc9b9fcda75efe65e17d45f2083,handcrafted,handcrafted,0,fixture,date,streaming,1,34,34,balanced,100000,2,174700
handcrafted,e3c10630a42dc4bb7905018034b475e54840bbc9b9fcda75efe65e17d45f2083,handcrafted,handcrafted,0,fixture,date,streaming,1,34,34,repair_supplied,100000,2,169500
handcrafted,e3c10630a42dc4bb7905018034b475e54840bbc9b9fcda75efe65e17d45f2083,handcrafted,handcrafted,0,fixture,datetime,auto,1,34,34,repair_supplied,100000,0,81700
handcrafted,e3c10630a42dc4bb7905018034b475e54840bbc9b9fcda75efe65e17d45f2083,handcrafted,handcrafted,0,fixture,datetime,auto,1,34,34,baseline,0,0,72600
handcrafted,e3c10630a42dc4bb7905018034b475e54840bbc9b9fcda75efe65e17d45f2083,handcrafted,handcrafted,0,fixture,datetime,auto,1,34,34,repair,100000,0,74900
handcrafted,e3c10630a42dc4bb7905018034b475e54840bbc9b9fcda75efe65e17d45f2083,handcrafted,handcrafted,0,fixture,datetime,auto,1,34,34,balanced,100000,0,79000
handcrafted,e3c10630a42dc4bb7905018034b475e54840bbc9b9fcda75efe65e17d45f2083,handcrafted,handcrafted,0,fixture,datetime,auto,1,34,34,repair,100000,1,76900
handcrafted,e3c10630a42dc4bb7905018034b475e54840bbc9b9fcda75efe65e17d45f2083,handcrafted,handcrafted,0,fixture,datetime,auto,1,34,34,balanced,100000,1,71600
handcrafted,e3c10630a42dc4bb7905018034b475e54840bbc9b9fcda75efe65e17d45f2083,handcrafted,handcrafted,0,fixture,datetime,auto,1,34,34,repair_supplied,100000,1,71700
handcrafted,e3c10630a42dc4bb7905018034b475e54840bbc9b9fcda75efe65e17d45f2083,handcrafted,handcrafted,0,fixture,datetime,auto,1,34,34,baseline,0,1,61300
handcrafted,e3c10630a42dc4bb7905018034b475e54840bbc9b9fcda75efe65e17d45f2083,handcrafted,handcrafted,0,fixture,datetime,auto,1,34,34,repair_supplied,100000,2,74400
handcrafted,e3c10630a42dc4bb7905018034b475e54840bbc9b9fcda75efe65e17d45f2083,handcrafted,handcrafted,0,fixture,datetime,auto,1,34,34,baseline,0,2,67600
handcrafted,e3c10630a42dc4bb7905018034b475e54840bbc9b9fcda75efe65e17d45f2083,handcrafted,handcrafted,0,fixture,datetime,auto,1,34,34,repair,100000,2,72400
handcrafted,e3c10630a42dc4bb7905018034b475e54840bbc9b9fcda75efe65e17d45f2083,handcrafted,handcrafted,0,fixture,datetime,auto,1,34,34,balanced,100000,2,158400
handcrafted,e3c10630a42dc4bb7905018034b475e54840bbc9b9fcda75efe65e17d45f2083,handcrafted,handcrafted,0,fixture,datetime,streaming,1,34,34,baseline,0,0,205600
handcrafted,e3c10630a42dc4bb7905018034b475e54840bbc9b9fcda75efe65e17d45f2083,handcrafted,handcrafted,0,fixture,datetime,streaming,1,34,34,repair,100000,0,263200
handcrafted,e3c10630a42dc4bb7905018034b475e54840bbc9b9fcda75efe65e17d45f2083,handcrafted,handcrafted,0,fixture,datetime,streaming,1,34,34,balanced,100000,0,191500
handcrafted,e3c10630a42dc4bb7905018034b475e54840bbc9b9fcda75efe65e17d45f2083,handcrafted,handcrafted,0,fixture,datetime,streaming,1,34,34,repair_supplied,100000,0,186900
handcrafted,e3c10630a42dc4bb7905018034b475e54840bbc9b9fcda75efe65e17d45f2083,handcrafted,handcrafted,0,fixture,datetime,streaming,1,34,34,baseline,0,1,173700
handcrafted,e3c10630a42dc4bb7905018034b475e54840bbc9b9fcda75efe65e17d45f2083,handcrafted,handcrafted,0,fixture,datetime,streaming,1,34,34,repair,100000,1,177400
handcrafted,e3c10630a42dc4bb7905018034b475e54840bbc9b9fcda75efe65e17d45f2083,handcrafted,handcrafted,0,fixture,datetime,streaming,1,34,34,balanced,100000,1,178100
handcrafted,e3c10630a42dc4bb7905018034b475e54840bbc9b9fcda75efe65e17d45f2083,handcrafted,handcrafted,0,fixture,datetime,streaming,1,34,34,repair_supplied,100000,1,180500
handcrafted,e3c10630a42dc4bb7905018034b475e54840bbc9b9fcda75efe65e17d45f2083,handcrafted,handcrafted,0,fixture,datetime,streaming,1,34,34,balanced,100000,2,181200
handcrafted,e3c10630a42dc4bb7905018034b475e54840bbc9b9fcda75efe65e17d45f2083,handcrafted,handcrafted,0,fixture,datetime,streaming,1,34,34,repair_supplied,100000,2,177900
handcrafted,e3c10630a42dc4bb7905018034b475e54840bbc9b9fcda75efe65e17d45f2083,handcrafted,handcrafted,0,fixture,datetime,streaming,1,34,34,baseline,0,2,167900
handcrafted,e3c10630a42dc4bb7905018034b475e54840bbc9b9fcda75efe65e17d45f2083,handcrafted,handcrafted,0,fixture,datetime,streaming,1,34,34,repair,100000,2,175900
handcrafted,e3c10630a42dc4bb7905018034b475e54840bbc9b9fcda75efe65e17d45f2083,handcrafted,handcrafted,0,fixture,grouped,auto,4,136,34,repair,100000,0,164700
handcrafted,e3c10630a42dc4bb7905018034b475e54840bbc9b9fcda75efe65e17d45f2083,handcrafted,handcrafted,0,fixture,grouped,auto,4,136,34,balanced,100000,0,186300
handcrafted,e3c10630a42dc4bb7905018034b475e54840bbc9b9fcda75efe65e17d45f2083,handcrafted,handcrafted,0,fixture,grouped,auto,4,136,34,repair_supplied,100000,0,161400
handcrafted,e3c10630a42dc4bb7905018034b475e54840bbc9b9fcda75efe65e17d45f2083,handcrafted,handcrafted,0,fixture,grouped,auto,4,136,34,baseline,0,0,119200
handcrafted,e3c10630a42dc4bb7905018034b475e54840bbc9b9fcda75efe65e17d45f2083,handcrafted,handcrafted,0,fixture,grouped,auto,4,136,34,repair_supplied,100000,1,191300
handcrafted,e3c10630a42dc4bb7905018034b475e54840bbc9b9fcda75efe65e17d45f2083,handcrafted,handcrafted,0,fixture,grouped,auto,4,136,34,baseline,0,1,146000
handcrafted,e3c10630a42dc4bb7905018034b475e54840bbc9b9fcda75efe65e17d45f2083,handcrafted,handcrafted,0,fixture,grouped,auto,4,136,34,repair,100000,1,147700
handcrafted,e3c10630a42dc4bb7905018034b475e54840bbc9b9fcda75efe65e17d45f2083,handcrafted,handcrafted,0,fixture,grouped,auto,4,136,34,balanced,100000,1,145500
handcrafted,e3c10630a42dc4bb7905018034b475e54840bbc9b9fcda75efe65e17d45f2083,handcrafted,handcrafted,0,fixture,grouped,auto,4,136,34,repair_supplied,100000,2,199700
handcrafted,e3c10630a42dc4bb7905018034b475e54840bbc9b9fcda75efe65e17d45f2083,handcrafted,handcrafted,0,fixture,grouped,auto,4,136,34,baseline,0,2,197500
handcrafted,e3c10630a42dc4bb7905018034b475e54840bbc9b9fcda75efe65e17d45f2083,handcrafted,handcrafted,0,fixture,grouped,auto,4,136,34,repair,100000,2,187500
handcrafted,e3c10630a42dc4bb7905018034b475e54840bbc9b9fcda75efe65e17d45f2083,handcrafted,handcrafted,0,fixture,grouped,auto,4,136,34,balanced,100000,2,155300
handcrafted,e3c10630a42dc4bb7905018034b475e54840bbc9b9fcda75efe65e17d45f2083,handcrafted,handcrafted,0,fixture,grouped,streaming,4,136,34,balanced,100000,0,243500
handcrafted,e3c10630a42dc4bb7905018034b475e54840bbc9b9fcda75efe65e17d45f2083,handcrafted,handcrafted,0,fixture,grouped,streaming,4,136,34,repair_supplied,100000,0,235000
handcrafted,e3c10630a42dc4bb7905018034b475e54840bbc9b9fcda75efe65e17d45f2083,handcrafted,handcrafted,0,fixture,grouped,streaming,4,136,34,baseline,0,0,194000
handcrafted,e3c10630a42dc4bb7905018034b475e54840bbc9b9fcda75efe65e17d45f2083,handcrafted,handcrafted,0,fixture,grouped,streaming,4,136,34,repair,100000,0,204200
handcrafted,e3c10630a42dc4bb7905018034b475e54840bbc9b9fcda75efe65e17d45f2083,handcrafted,handcrafted,0,fixture,grouped,streaming,4,136,34,repair_supplied,100000,1,239300
handcrafted,e3c10630a42dc4bb7905018034b475e54840bbc9b9fcda75efe65e17d45f2083,handcrafted,handcrafted,0,fixture,grouped,streaming,4,136,34,baseline,0,1,192500
handcrafted,e3c10630a42dc4bb7905018034b475e54840bbc9b9fcda75efe65e17d45f2083,handcrafted,handcrafted,0,fixture,grouped,streaming,4,136,34,repair,100000,1,201700
handcrafted,e3c10630a42dc4bb7905018034b475e54840bbc9b9fcda75efe65e17d45f2083,handcrafted,handcrafted,0,fixture,grouped,streaming,4,136,34,balanced,100000,1,235200
handcrafted,e3c10630a42dc4bb7905018034b475e54840bbc9b9fcda75efe65e17d45f2083,handcrafted,handcrafted,0,fixture,grouped,streaming,4,136,34,repair,100000,2,249800
handcrafted,e3c10630a42dc4bb7905018034b475e54840bbc9b9fcda75efe65e17d45f2083,handcrafted,handcrafted,0,fixture,grouped,streaming,4,136,34,balanced,100000,2,224300
handcrafted,e3c10630a42dc4bb7905018034b475e54840bbc9b9fcda75efe65e17d45f2083,handcrafted,handcrafted,0,fixture,grouped,streaming,4,136,34,repair_supplied,100000,2,251600
handcrafted,e3c10630a42dc4bb7905018034b475e54840bbc9b9fcda75efe65e17d45f2083,handcrafted,handcrafted,0,fixture,grouped,streaming,4,136,34,baseline,0,2,204500
handcrafted,e3c10630a42dc4bb7905018034b475e54840bbc9b9fcda75efe65e17d45f2083,handcrafted,handcrafted,0,fixture,sliced,auto,1,34,34,repair,100000,0,70700
handcrafted,e3c10630a42dc4bb7905018034b475e54840bbc9b9fcda75efe65e17d45f2083,handcrafted,handcrafted,0,fixture,sliced,auto,1,34,34,balanced,100000,0,69000
handcrafted,e3c10630a42dc4bb7905018034b475e54840bbc9b9fcda75efe65e17d45f2083,handcrafted,handcrafted,0,fixture,sliced,auto,1,34,34,repair_supplied,100000,0,68300
handcrafted,e3c10630a42dc4bb7905018034b475e54840bbc9b9fcda75efe65e17d45f2083,handcrafted,handcrafted,0,fixture,sliced,auto,1,34,34,baseline,0,0,58900
handcrafted,e3c10630a42dc4bb7905018034b475e54840bbc9b9fcda75efe65e17d45f2083,handcrafted,handcrafted,0,fixture,sliced,auto,1,34,34,baseline,0,1,57900
handcrafted,e3c10630a42dc4bb7905018034b475e54840bbc9b9fcda75efe65e17d45f2083,handcrafted,handcrafted,0,fixture,sliced,auto,1,34,34,repair,100000,1,72900
handcrafted,e3c10630a42dc4bb7905018034b475e54840bbc9b9fcda75efe65e17d45f2083,handcrafted,handcrafted,0,fixture,sliced,auto,1,34,34,balanced,100000,1,65900
handcrafted,e3c10630a42dc4bb7905018034b475e54840bbc9b9fcda75efe65e17d45f2083,handcrafted,handcrafted,0,fixture,sliced,auto,1,34,34,repair_supplied,100000,1,66300
handcrafted,e3c10630a42dc4bb7905018034b475e54840bbc9b9fcda75efe65e17d45f2083,handcrafted,handcrafted,0,fixture,sliced,auto,1,34,34,balanced,100000,2,68700
handcrafted,e3c10630a42dc4bb7905018034b475e54840bbc9b9fcda75efe65e17d45f2083,handcrafted,handcrafted,0,fixture,sliced,auto,1,34,34,repair_supplied,100000,2,66200
handcrafted,e3c10630a42dc4bb7905018034b475e54840bbc9b9fcda75efe65e17d45f2083,handcrafted,handcrafted,0,fixture,sliced,auto,1,34,34,baseline,0,2,55500
handcrafted,e3c10630a42dc4bb7905018034b475e54840bbc9b9fcda75efe65e17d45f2083,handcrafted,handcrafted,0,fixture,sliced,auto,1,34,34,repair,100000,2,63700
handcrafted,e3c10630a42dc4bb7905018034b475e54840bbc9b9fcda75efe65e17d45f2083,handcrafted,handcrafted,0,fixture,sliced,streaming,1,34,34,repair,100000,0,193400
handcrafted,e3c10630a42dc4bb7905018034b475e54840bbc9b9fcda75efe65e17d45f2083,handcrafted,handcrafted,0,fixture,sliced,streaming,1,34,34,balanced,100000,0,181800
handcrafted,e3c10630a42dc4bb7905018034b475e54840bbc9b9fcda75efe65e17d45f2083,handcrafted,handcrafted,0,fixture,sliced,streaming,1,34,34,repair_supplied,100000,0,166500
handcrafted,e3c10630a42dc4bb7905018034b475e54840bbc9b9fcda75efe65e17d45f2083,handcrafted,handcrafted,0,fixture,sliced,streaming,1,34,34,baseline,0,0,157700
handcrafted,e3c10630a42dc4bb7905018034b475e54840bbc9b9fcda75efe65e17d45f2083,handcrafted,handcrafted,0,fixture,sliced,streaming,1,34,34,repair_supplied,100000,1,171900
handcrafted,e3c10630a42dc4bb7905018034b475e54840bbc9b9fcda75efe65e17d45f2083,handcrafted,handcrafted,0,fixture,sliced,streaming,1,34,34,baseline,0,1,150400
handcrafted,e3c10630a42dc4bb7905018034b475e54840bbc9b9fcda75efe65e17d45f2083,handcrafted,handcrafted,0,fixture,sliced,streaming,1,34,34,repair,100000,1,185300
handcrafted,e3c10630a42dc4bb7905018034b475e54840bbc9b9fcda75efe65e17d45f2083,handcrafted,handcrafted,0,fixture,sliced,streaming,1,34,34,balanced,100000,1,175100
handcrafted,e3c10630a42dc4bb7905018034b475e54840bbc9b9fcda75efe65e17d45f2083,handcrafted,handcrafted,0,fixture,sliced,streaming,1,34,34,repair,100000,2,170300
handcrafted,e3c10630a42dc4bb7905018034b475e54840bbc9b9fcda75efe65e17d45f2083,handcrafted,handcrafted,0,fixture,sliced,streaming,1,34,34,balanced,100000,2,177300
handcrafted,e3c10630a42dc4bb7905018034b475e54840bbc9b9fcda75efe65e17d45f2083,handcrafted,handcrafted,0,fixture,sliced,streaming,1,34,34,repair_supplied,100000,2,164100
handcrafted,e3c10630a42dc4bb7905018034b475e54840bbc9b9fcda75efe65e17d45f2083,handcrafted,handcrafted,0,fixture,sliced,streaming,1,34,34,baseline,0,2,147800
handcrafted,e3c10630a42dc4bb7905018034b475e54840bbc9b9fcda75efe65e17d45f2083,handcrafted,handcrafted,0,fixture,multi_chunk,auto,1,34,34,repair,100000,0,87800
handcrafted,e3c10630a42dc4bb7905018034b475e54840bbc9b9fcda75efe65e17d45f2083,handcrafted,handcrafted,0,fixture,multi_chunk,auto,1,34,34,balanced,100000,0,70200
handcrafted,e3c10630a42dc4bb7905018034b475e54840bbc9b9fcda75efe65e17d45f2083,handcrafted,handcrafted,0,fixture,multi_chunk,auto,1,34,34,repair_supplied,100000,0,68500
handcrafted,e3c10630a42dc4bb7905018034b475e54840bbc9b9fcda75efe65e17d45f2083,handcrafted,handcrafted,0,fixture,multi_chunk,auto,1,34,34,baseline,0,0,58500
handcrafted,e3c10630a42dc4bb7905018034b475e54840bbc9b9fcda75efe65e17d45f2083,handcrafted,handcrafted,0,fixture,multi_chunk,auto,1,34,34,balanced,100000,1,71300
handcrafted,e3c10630a42dc4bb7905018034b475e54840bbc9b9fcda75efe65e17d45f2083,handcrafted,handcrafted,0,fixture,multi_chunk,auto,1,34,34,repair_supplied,100000,1,68700
handcrafted,e3c10630a42dc4bb7905018034b475e54840bbc9b9fcda75efe65e17d45f2083,handcrafted,handcrafted,0,fixture,multi_chunk,auto,1,34,34,baseline,0,1,61700
handcrafted,e3c10630a42dc4bb7905018034b475e54840bbc9b9fcda75efe65e17d45f2083,handcrafted,handcrafted,0,fixture,multi_chunk,auto,1,34,34,repair,100000,1,82500
handcrafted,e3c10630a42dc4bb7905018034b475e54840bbc9b9fcda75efe65e17d45f2083,handcrafted,handcrafted,0,fixture,multi_chunk,auto,1,34,34,repair_supplied,100000,2,73700
handcrafted,e3c10630a42dc4bb7905018034b475e54840bbc9b9fcda75efe65e17d45f2083,handcrafted,handcrafted,0,fixture,multi_chunk,auto,1,34,34,baseline,0,2,59800
handcrafted,e3c10630a42dc4bb7905018034b475e54840bbc9b9fcda75efe65e17d45f2083,handcrafted,handcrafted,0,fixture,multi_chunk,auto,1,34,34,repair,100000,2,67900
handcrafted,e3c10630a42dc4bb7905018034b475e54840bbc9b9fcda75efe65e17d45f2083,handcrafted,handcrafted,0,fixture,multi_chunk,auto,1,34,34,balanced,100000,2,70000
handcrafted,e3c10630a42dc4bb7905018034b475e54840bbc9b9fcda75efe65e17d45f2083,handcrafted,handcrafted,0,fixture,multi_chunk,streaming,1,34,34,repair_supplied,100000,0,190900
handcrafted,e3c10630a42dc4bb7905018034b475e54840bbc9b9fcda75efe65e17d45f2083,handcrafted,handcrafted,0,fixture,multi_chunk,streaming,1,34,34,baseline,0,0,182100
handcrafted,e3c10630a42dc4bb7905018034b475e54840bbc9b9fcda75efe65e17d45f2083,handcrafted,handcrafted,0,fixture,multi_chunk,streaming,1,34,34,repair,100000,0,186000
handcrafted,e3c10630a42dc4bb7905018034b475e54840bbc9b9fcda75efe65e17d45f2083,handcrafted,handcrafted,0,fixture,multi_chunk,streaming,1,34,34,balanced,100000,0,187200
handcrafted,e3c10630a42dc4bb7905018034b475e54840bbc9b9fcda75efe65e17d45f2083,handcrafted,handcrafted,0,fixture,multi_chunk,streaming,1,34,34,balanced,100000,1,180100
handcrafted,e3c10630a42dc4bb7905018034b475e54840bbc9b9fcda75efe65e17d45f2083,handcrafted,handcrafted,0,fixture,multi_chunk,streaming,1,34,34,repair_supplied,100000,1,189500
handcrafted,e3c10630a42dc4bb7905018034b475e54840bbc9b9fcda75efe65e17d45f2083,handcrafted,handcrafted,0,fixture,multi_chunk,streaming,1,34,34,baseline,0,1,191200
handcrafted,e3c10630a42dc4bb7905018034b475e54840bbc9b9fcda75efe65e17d45f2083,handcrafted,handcrafted,0,fixture,multi_chunk,streaming,1,34,34,repair,100000,1,189600
handcrafted,e3c10630a42dc4bb7905018034b475e54840bbc9b9fcda75efe65e17d45f2083,handcrafted,handcrafted,0,fixture,multi_chunk,streaming,1,34,34,repair_supplied,100000,2,184900
handcrafted,e3c10630a42dc4bb7905018034b475e54840bbc9b9fcda75efe65e17d45f2083,handcrafted,handcrafted,0,fixture,multi_chunk,streaming,1,34,34,baseline,0,2,178400
handcrafted,e3c10630a42dc4bb7905018034b475e54840bbc9b9fcda75efe65e17d45f2083,handcrafted,handcrafted,0,fixture,multi_chunk,streaming,1,34,34,repair,100000,2,182000
handcrafted,e3c10630a42dc4bb7905018034b475e54840bbc9b9fcda75efe65e17d45f2083,handcrafted,handcrafted,0,fixture,multi_chunk,streaming,1,34,34,balanced,100000,2,200300
handcrafted,bac8fea576e809addff2549817a7f7350d8d7f3c0e0573fab5ba5d06946b2848,handcrafted,handcrafted,0,fixture,integer,auto,1,48,48,balanced,100000,0,75700
handcrafted,bac8fea576e809addff2549817a7f7350d8d7f3c0e0573fab5ba5d06946b2848,handcrafted,handcrafted,0,fixture,integer,auto,1,48,48,repair_supplied,100000,0,68100
handcrafted,bac8fea576e809addff2549817a7f7350d8d7f3c0e0573fab5ba5d06946b2848,handcrafted,handcrafted,0,fixture,integer,auto,1,48,48,baseline,0,0,58100
handcrafted,bac8fea576e809addff2549817a7f7350d8d7f3c0e0573fab5ba5d06946b2848,handcrafted,handcrafted,0,fixture,integer,auto,1,48,48,repair,100000,0,69100
handcrafted,bac8fea576e809addff2549817a7f7350d8d7f3c0e0573fab5ba5d06946b2848,handcrafted,handcrafted,0,fixture,integer,auto,1,48,48,repair,100000,1,73400
handcrafted,bac8fea576e809addff2549817a7f7350d8d7f3c0e0573fab5ba5d06946b2848,handcrafted,handcrafted,0,fixture,integer,auto,1,48,48,balanced,100000,1,71400
handcrafted,bac8fea576e809addff2549817a7f7350d8d7f3c0e0573fab5ba5d06946b2848,handcrafted,handcrafted,0,fixture,integer,auto,1,48,48,repair_supplied,100000,1,67600
handcrafted,bac8fea576e809addff2549817a7f7350d8d7f3c0e0573fab5ba5d06946b2848,handcrafted,handcrafted,0,fixture,integer,auto,1,48,48,baseline,0,1,57700
handcrafted,bac8fea576e809addff2549817a7f7350d8d7f3c0e0573fab5ba5d06946b2848,handcrafted,handcrafted,0,fixture,integer,auto,1,48,48,balanced,100000,2,91600
handcrafted,bac8fea576e809addff2549817a7f7350d8d7f3c0e0573fab5ba5d06946b2848,handcrafted,handcrafted,0,fixture,integer,auto,1,48,48,repair_supplied,100000,2,69700
handcrafted,bac8fea576e809addff2549817a7f7350d8d7f3c0e0573fab5ba5d06946b2848,handcrafted,handcrafted,0,fixture,integer,auto,1,48,48,baseline,0,2,57700
handcrafted,bac8fea576e809addff2549817a7f7350d8d7f3c0e0573fab5ba5d06946b2848,handcrafted,handcrafted,0,fixture,integer,auto,1,48,48,repair,100000,2,69900
handcrafted,bac8fea576e809addff2549817a7f7350d8d7f3c0e0573fab5ba5d06946b2848,handcrafted,handcrafted,0,fixture,integer,streaming,1,48,48,repair,100000,0,190300
handcrafted,bac8fea576e809addff2549817a7f7350d8d7f3c0e0573fab5ba5d06946b2848,handcrafted,handcrafted,0,fixture,integer,streaming,1,48,48,balanced,100000,0,184200
handcrafted,bac8fea576e809addff2549817a7f7350d8d7f3c0e0573fab5ba5d06946b2848,handcrafted,handcrafted,0,fixture,integer,streaming,1,48,48,repair_supplied,100000,0,178500
handcrafted,bac8fea576e809addff2549817a7f7350d8d7f3c0e0573fab5ba5d06946b2848,handcrafted,handcrafted,0,fixture,integer,streaming,1,48,48,baseline,0,0,141600
handcrafted,bac8fea576e809addff2549817a7f7350d8d7f3c0e0573fab5ba5d06946b2848,handcrafted,handcrafted,0,fixture,integer,streaming,1,48,48,repair_supplied,100000,1,168900
handcrafted,bac8fea576e809addff2549817a7f7350d8d7f3c0e0573fab5ba5d06946b2848,handcrafted,handcrafted,0,fixture,integer,streaming,1,48,48,baseline,0,1,162200
handcrafted,bac8fea576e809addff2549817a7f7350d8d7f3c0e0573fab5ba5d06946b2848,handcrafted,handcrafted,0,fixture,integer,streaming,1,48,48,repair,100000,1,278100
handcrafted,bac8fea576e809addff2549817a7f7350d8d7f3c0e0573fab5ba5d06946b2848,handcrafted,handcrafted,0,fixture,integer,streaming,1,48,48,balanced,100000,1,352000
handcrafted,bac8fea576e809addff2549817a7f7350d8d7f3c0e0573fab5ba5d06946b2848,handcrafted,handcrafted,0,fixture,integer,streaming,1,48,48,balanced,100000,2,202600
handcrafted,bac8fea576e809addff2549817a7f7350d8d7f3c0e0573fab5ba5d06946b2848,handcrafted,handcrafted,0,fixture,integer,streaming,1,48,48,repair_supplied,100000,2,185000
handcrafted,bac8fea576e809addff2549817a7f7350d8d7f3c0e0573fab5ba5d06946b2848,handcrafted,handcrafted,0,fixture,integer,streaming,1,48,48,baseline,0,2,168600
handcrafted,bac8fea576e809addff2549817a7f7350d8d7f3c0e0573fab5ba5d06946b2848,handcrafted,handcrafted,0,fixture,integer,streaming,1,48,48,repair,100000,2,173900
handcrafted,bac8fea576e809addff2549817a7f7350d8d7f3c0e0573fab5ba5d06946b2848,handcrafted,handcrafted,0,fixture,date,auto,1,48,48,balanced,100000,0,110000
handcrafted,bac8fea576e809addff2549817a7f7350d8d7f3c0e0573fab5ba5d06946b2848,handcrafted,handcrafted,0,fixture,date,auto,1,48,48,repair_supplied,100000,0,94000
handcrafted,bac8fea576e809addff2549817a7f7350d8d7f3c0e0573fab5ba5d06946b2848,handcrafted,handcrafted,0,fixture,date,auto,1,48,48,baseline,0,0,74300
handcrafted,bac8fea576e809addff2549817a7f7350d8d7f3c0e0573fab5ba5d06946b2848,handcrafted,handcrafted,0,fixture,date,auto,1,48,48,repair,100000,0,86700
handcrafted,bac8fea576e809addff2549817a7f7350d8d7f3c0e0573fab5ba5d06946b2848,handcrafted,handcrafted,0,fixture,date,auto,1,48,48,repair,100000,1,92300
handcrafted,bac8fea576e809addff2549817a7f7350d8d7f3c0e0573fab5ba5d06946b2848,handcrafted,handcrafted,0,fixture,date,auto,1,48,48,balanced,100000,1,89700
handcrafted,bac8fea576e809addff2549817a7f7350d8d7f3c0e0573fab5ba5d06946b2848,handcrafted,handcrafted,0,fixture,date,auto,1,48,48,repair_supplied,100000,1,88700
handcrafted,bac8fea576e809addff2549817a7f7350d8d7f3c0e0573fab5ba5d06946b2848,handcrafted,handcrafted,0,fixture,date,auto,1,48,48,baseline,0,1,63300
handcrafted,bac8fea576e809addff2549817a7f7350d8d7f3c0e0573fab5ba5d06946b2848,handcrafted,handcrafted,0,fixture,date,auto,1,48,48,repair_supplied,100000,2,73700
handcrafted,bac8fea576e809addff2549817a7f7350d8d7f3c0e0573fab5ba5d06946b2848,handcrafted,handcrafted,0,fixture,date,auto,1,48,48,baseline,0,2,60700
handcrafted,bac8fea576e809addff2549817a7f7350d8d7f3c0e0573fab5ba5d06946b2848,handcrafted,handcrafted,0,fixture,date,auto,1,48,48,repair,100000,2,71800
handcrafted,bac8fea576e809addff2549817a7f7350d8d7f3c0e0573fab5ba5d06946b2848,handcrafted,handcrafted,0,fixture,date,auto,1,48,48,balanced,100000,2,74000
handcrafted,bac8fea576e809addff2549817a7f7350d8d7f3c0e0573fab5ba5d06946b2848,handcrafted,handcrafted,0,fixture,date,streaming,1,48,48,baseline,0,0,287100
handcrafted,bac8fea576e809addff2549817a7f7350d8d7f3c0e0573fab5ba5d06946b2848,handcrafted,handcrafted,0,fixture,date,streaming,1,48,48,repair,100000,0,185000
handcrafted,bac8fea576e809addff2549817a7f7350d8d7f3c0e0573fab5ba5d06946b2848,handcrafted,handcrafted,0,fixture,date,streaming,1,48,48,balanced,100000,0,191800
handcrafted,bac8fea576e809addff2549817a7f7350d8d7f3c0e0573fab5ba5d06946b2848,handcrafted,handcrafted,0,fixture,date,streaming,1,48,48,repair_supplied,100000,0,192000
handcrafted,bac8fea576e809addff2549817a7f7350d8d7f3c0e0573fab5ba5d06946b2848,handcrafted,handcrafted,0,fixture,date,streaming,1,48,48,repair,100000,1,202500
handcrafted,bac8fea576e809addff2549817a7f7350d8d7f3c0e0573fab5ba5d06946b2848,handcrafted,handcrafted,0,fixture,date,streaming,1,48,48,balanced,100000,1,243300
handcrafted,bac8fea576e809addff2549817a7f7350d8d7f3c0e0573fab5ba5d06946b2848,handcrafted,handcrafted,0,fixture,date,streaming,1,48,48,repair_supplied,100000,1,230700
handcrafted,bac8fea576e809addff2549817a7f7350d8d7f3c0e0573fab5ba5d06946b2848,handcrafted,handcrafted,0,fixture,date,streaming,1,48,48,baseline,0,1,211400
handcrafted,bac8fea576e809addff2549817a7f7350d8d7f3c0e0573fab5ba5d06946b2848,handcrafted,handcrafted,0,fixture,date,streaming,1,48,48,balanced,100000,2,211500
handcrafted,bac8fea576e809addff2549817a7f7350d8d7f3c0e0573fab5ba5d06946b2848,handcrafted,handcrafted,0,fixture,date,streaming,1,48,48,repair_supplied,100000,2,285600
handcrafted,bac8fea576e809addff2549817a7f7350d8d7f3c0e0573fab5ba5d06946b2848,handcrafted,handcrafted,0,fixture,date,streaming,1,48,48,baseline,0,2,228200
handcrafted,bac8fea576e809addff2549817a7f7350d8d7f3c0e0573fab5ba5d06946b2848,handcrafted,handcrafted,0,fixture,date,streaming,1,48,48,repair,100000,2,235000
handcrafted,bac8fea576e809addff2549817a7f7350d8d7f3c0e0573fab5ba5d06946b2848,handcrafted,handcrafted,0,fixture,datetime,auto,1,48,48,baseline,0,0,66600
handcrafted,bac8fea576e809addff2549817a7f7350d8d7f3c0e0573fab5ba5d06946b2848,handcrafted,handcrafted,0,fixture,datetime,auto,1,48,48,repair,100000,0,76400
handcrafted,bac8fea576e809addff2549817a7f7350d8d7f3c0e0573fab5ba5d06946b2848,handcrafted,handcrafted,0,fixture,datetime,auto,1,48,48,balanced,100000,0,83300
handcrafted,bac8fea576e809addff2549817a7f7350d8d7f3c0e0573fab5ba5d06946b2848,handcrafted,handcrafted,0,fixture,datetime,auto,1,48,48,repair_supplied,100000,0,77800
handcrafted,bac8fea576e809addff2549817a7f7350d8d7f3c0e0573fab5ba5d06946b2848,handcrafted,handcrafted,0,fixture,datetime,auto,1,48,48,balanced,100000,1,79900
handcrafted,bac8fea576e809addff2549817a7f7350d8d7f3c0e0573fab5ba5d06946b2848,handcrafted,handcrafted,0,fixture,datetime,auto,1,48,48,repair_supplied,100000,1,73500
handcrafted,bac8fea576e809addff2549817a7f7350d8d7f3c0e0573fab5ba5d06946b2848,handcrafted,handcrafted,0,fixture,datetime,auto,1,48,48,baseline,0,1,62500
handcrafted,bac8fea576e809addff2549817a7f7350d8d7f3c0e0573fab5ba5d06946b2848,handcrafted,handcrafted,0,fixture,datetime,auto,1,48,48,repair,100000,1,74100
handcrafted,bac8fea576e809addff2549817a7f7350d8d7f3c0e0573fab5ba5d06946b2848,handcrafted,handcrafted,0,fixture,datetime,auto,1,48,48,repair,100000,2,77600
handcrafted,bac8fea576e809addff2549817a7f7350d8d7f3c0e0573fab5ba5d06946b2848,handcrafted,handcrafted,0,fixture,datetime,auto,1,48,48,balanced,100000,2,77500
handcrafted,bac8fea576e809addff2549817a7f7350d8d7f3c0e0573fab5ba5d06946b2848,handcrafted,handcrafted,0,fixture,datetime,auto,1,48,48,repair_supplied,100000,2,80500
handcrafted,bac8fea576e809addff2549817a7f7350d8d7f3c0e0573fab5ba5d06946b2848,handcrafted,handcrafted,0,fixture,datetime,auto,1,48,48,baseline,0,2,62400
handcrafted,bac8fea576e809addff2549817a7f7350d8d7f3c0e0573fab5ba5d06946b2848,handcrafted,handcrafted,0,fixture,datetime,streaming,1,48,48,balanced,100000,0,201500
handcrafted,bac8fea576e809addff2549817a7f7350d8d7f3c0e0573fab5ba5d06946b2848,handcrafted,handcrafted,0,fixture,datetime,streaming,1,48,48,repair_supplied,100000,0,196300
handcrafted,bac8fea576e809addff2549817a7f7350d8d7f3c0e0573fab5ba5d06946b2848,handcrafted,handcrafted,0,fixture,datetime,streaming,1,48,48,baseline,0,0,185900
handcrafted,bac8fea576e809addff2549817a7f7350d8d7f3c0e0573fab5ba5d06946b2848,handcrafted,handcrafted,0,fixture,datetime,streaming,1,48,48,repair,100000,0,200700
handcrafted,bac8fea576e809addff2549817a7f7350d8d7f3c0e0573fab5ba5d06946b2848,handcrafted,handcrafted,0,fixture,datetime,streaming,1,48,48,repair_supplied,100000,1,172700
handcrafted,bac8fea576e809addff2549817a7f7350d8d7f3c0e0573fab5ba5d06946b2848,handcrafted,handcrafted,0,fixture,datetime,streaming,1,48,48,baseline,0,1,172200
handcrafted,bac8fea576e809addff2549817a7f7350d8d7f3c0e0573fab5ba5d06946b2848,handcrafted,handcrafted,0,fixture,datetime,streaming,1,48,48,repair,100000,1,164900
handcrafted,bac8fea576e809addff2549817a7f7350d8d7f3c0e0573fab5ba5d06946b2848,handcrafted,handcrafted,0,fixture,datetime,streaming,1,48,48,balanced,100000,1,182900
handcrafted,bac8fea576e809addff2549817a7f7350d8d7f3c0e0573fab5ba5d06946b2848,handcrafted,handcrafted,0,fixture,datetime,streaming,1,48,48,baseline,0,2,178200
handcrafted,bac8fea576e809addff2549817a7f7350d8d7f3c0e0573fab5ba5d06946b2848,handcrafted,handcrafted,0,fixture,datetime,streaming,1,48,48,repair,100000,2,193500
handcrafted,bac8fea576e809addff2549817a7f7350d8d7f3c0e0573fab5ba5d06946b2848,handcrafted,handcrafted,0,fixture,datetime,streaming,1,48,48,balanced,100000,2,187700
handcrafted,bac8fea576e809addff2549817a7f7350d8d7f3c0e0573fab5ba5d06946b2848,handcrafted,handcrafted,0,fixture,datetime,streaming,1,48,48,repair_supplied,100000,2,172000
handcrafted,bac8fea576e809addff2549817a7f7350d8d7f3c0e0573fab5ba5d06946b2848,handcrafted,handcrafted,0,fixture,grouped,auto,4,192,48,balanced,100000,0,165500
handcrafted,bac8fea576e809addff2549817a7f7350d8d7f3c0e0573fab5ba5d06946b2848,handcrafted,handcrafted,0,fixture,grouped,auto,4,192,48,repair_supplied,100000,0,213800
handcrafted,bac8fea576e809addff2549817a7f7350d8d7f3c0e0573fab5ba5d06946b2848,handcrafted,handcrafted,0,fixture,grouped,auto,4,192,48,baseline,0,0,205400
handcrafted,bac8fea576e809addff2549817a7f7350d8d7f3c0e0573fab5ba5d06946b2848,handcrafted,handcrafted,0,fixture,grouped,auto,4,192,48,repair,100000,0,240000
handcrafted,bac8fea576e809addff2549817a7f7350d8d7f3c0e0573fab5ba5d06946b2848,handcrafted,handcrafted,0,fixture,grouped,auto,4,192,48,repair,100000,1,186300
handcrafted,bac8fea576e809addff2549817a7f7350d8d7f3c0e0573fab5ba5d06946b2848,handcrafted,handcrafted,0,fixture,grouped,auto,4,192,48,balanced,100000,1,179000
handcrafted,bac8fea576e809addff2549817a7f7350d8d7f3c0e0573fab5ba5d06946b2848,handcrafted,handcrafted,0,fixture,grouped,auto,4,192,48,repair_supplied,100000,1,274800
handcrafted,bac8fea576e809addff2549817a7f7350d8d7f3c0e0573fab5ba5d06946b2848,handcrafted,handcrafted,0,fixture,grouped,auto,4,192,48,baseline,0,1,163100
handcrafted,bac8fea576e809addff2549817a7f7350d8d7f3c0e0573fab5ba5d06946b2848,handcrafted,handcrafted,0,fixture,grouped,auto,4,192,48,baseline,0,2,209300
handcrafted,bac8fea576e809addff2549817a7f7350d8d7f3c0e0573fab5ba5d06946b2848,handcrafted,handcrafted,0,fixture,grouped,auto,4,192,48,repair,100000,2,242700
handcrafted,bac8fea576e809addff2549817a7f7350d8d7f3c0e0573fab5ba5d06946b2848,handcrafted,handcrafted,0,fixture,grouped,auto,4,192,48,balanced,100000,2,189000
handcrafted,bac8fea576e809addff2549817a7f7350d8d7f3c0e0573fab5ba5d06946b2848,handcrafted,handcrafted,0,fixture,grouped,auto,4,192,48,repair_supplied,100000,2,152200
handcrafted,bac8fea576e809addff2549817a7f7350d8d7f3c0e0573fab5ba5d06946b2848,handcrafted,handcrafted,0,fixture,grouped,streaming,4,192,48,balanced,100000,0,336600
handcrafted,bac8fea576e809addff2549817a7f7350d8d7f3c0e0573fab5ba5d06946b2848,handcrafted,handcrafted,0,fixture,grouped,streaming,4,192,48,repair_supplied,100000,0,311200
handcrafted,bac8fea576e809addff2549817a7f7350d8d7f3c0e0573fab5ba5d06946b2848,handcrafted,handcrafted,0,fixture,grouped,streaming,4,192,48,baseline,0,0,236600
handcrafted,bac8fea576e809addff2549817a7f7350d8d7f3c0e0573fab5ba5d06946b2848,handcrafted,handcrafted,0,fixture,grouped,streaming,4,192,48,repair,100000,0,268800
handcrafted,bac8fea576e809addff2549817a7f7350d8d7f3c0e0573fab5ba5d06946b2848,handcrafted,handcrafted,0,fixture,grouped,streaming,4,192,48,baseline,0,1,203800
handcrafted,bac8fea576e809addff2549817a7f7350d8d7f3c0e0573fab5ba5d06946b2848,handcrafted,handcrafted,0,fixture,grouped,streaming,4,192,48,repair,100000,1,244000
handcrafted,bac8fea576e809addff2549817a7f7350d8d7f3c0e0573fab5ba5d06946b2848,handcrafted,handcrafted,0,fixture,grouped,streaming,4,192,48,balanced,100000,1,264100
handcrafted,bac8fea576e809addff2549817a7f7350d8d7f3c0e0573fab5ba5d06946b2848,handcrafted,handcrafted,0,fixture,grouped,streaming,4,192,48,repair_supplied,100000,1,259800
handcrafted,bac8fea576e809addff2549817a7f7350d8d7f3c0e0573fab5ba5d06946b2848,handcrafted,handcrafted,0,fixture,grouped,streaming,4,192,48,baseline,0,2,250600
handcrafted,bac8fea576e809addff2549817a7f7350d8d7f3c0e0573fab5ba5d06946b2848,handcrafted,handcrafted,0,fixture,grouped,streaming,4,192,48,repair,100000,2,275200
handcrafted,bac8fea576e809addff2549817a7f7350d8d7f3c0e0573fab5ba5d06946b2848,handcrafted,handcrafted,0,fixture,grouped,streaming,4,192,48,balanced,100000,2,234100
handcrafted,bac8fea576e809addff2549817a7f7350d8d7f3c0e0573fab5ba5d06946b2848,handcrafted,handcrafted,0,fixture,grouped,streaming,4,192,48,repair_supplied,100000,2,199600
handcrafted,bac8fea576e809addff2549817a7f7350d8d7f3c0e0573fab5ba5d06946b2848,handcrafted,handcrafted,0,fixture,sliced,auto,1,48,48,repair_supplied,100000,0,71900
handcrafted,bac8fea576e809addff2549817a7f7350d8d7f3c0e0573fab5ba5d06946b2848,handcrafted,handcrafted,0,fixture,sliced,auto,1,48,48,baseline,0,0,59100
handcrafted,bac8fea576e809addff2549817a7f7350d8d7f3c0e0573fab5ba5d06946b2848,handcrafted,handcrafted,0,fixture,sliced,auto,1,48,48,repair,100000,0,68900
handcrafted,bac8fea576e809addff2549817a7f7350d8d7f3c0e0573fab5ba5d06946b2848,handcrafted,handcrafted,0,fixture,sliced,auto,1,48,48,balanced,100000,0,71500
handcrafted,bac8fea576e809addff2549817a7f7350d8d7f3c0e0573fab5ba5d06946b2848,handcrafted,handcrafted,0,fixture,sliced,auto,1,48,48,balanced,100000,1,77100
handcrafted,bac8fea576e809addff2549817a7f7350d8d7f3c0e0573fab5ba5d06946b2848,handcrafted,handcrafted,0,fixture,sliced,auto,1,48,48,repair_supplied,100000,1,69600
handcrafted,bac8fea576e809addff2549817a7f7350d8d7f3c0e0573fab5ba5d06946b2848,handcrafted,handcrafted,0,fixture,sliced,auto,1,48,48,baseline,0,1,57400
handcrafted,bac8fea576e809addff2549817a7f7350d8d7f3c0e0573fab5ba5d06946b2848,handcrafted,handcrafted,0,fixture,sliced,auto,1,48,48,repair,100000,1,70000
handcrafted,bac8fea576e809addff2549817a7f7350d8d7f3c0e0573fab5ba5d06946b2848,handcrafted,handcrafted,0,fixture,sliced,auto,1,48,48,balanced,100000,2,74000
handcrafted,bac8fea576e809addff2549817a7f7350d8d7f3c0e0573fab5ba5d06946b2848,handcrafted,handcrafted,0,fixture,sliced,auto,1,48,48,repair_supplied,100000,2,68600
handcrafted,bac8fea576e809addff2549817a7f7350d8d7f3c0e0573fab5ba5d06946b2848,handcrafted,handcrafted,0,fixture,sliced,auto,1,48,48,baseline,0,2,56000
handcrafted,bac8fea576e809addff2549817a7f7350d8d7f3c0e0573fab5ba5d06946b2848,handcrafted,handcrafted,0,fixture,sliced,auto,1,48,48,repair,100000,2,75900
handcrafted,bac8fea576e809addff2549817a7f7350d8d7f3c0e0573fab5ba5d06946b2848,handcrafted,handcrafted,0,fixture,sliced,streaming,1,48,48,baseline,0,0,169600
handcrafted,bac8fea576e809addff2549817a7f7350d8d7f3c0e0573fab5ba5d06946b2848,handcrafted,handcrafted,0,fixture,sliced,streaming,1,48,48,repair,100000,0,184200
handcrafted,bac8fea576e809addff2549817a7f7350d8d7f3c0e0573fab5ba5d06946b2848,handcrafted,handcrafted,0,fixture,sliced,streaming,1,48,48,balanced,100000,0,205600
handcrafted,bac8fea576e809addff2549817a7f7350d8d7f3c0e0573fab5ba5d06946b2848,handcrafted,handcrafted,0,fixture,sliced,streaming,1,48,48,repair_supplied,100000,0,170900
handcrafted,bac8fea576e809addff2549817a7f7350d8d7f3c0e0573fab5ba5d06946b2848,handcrafted,handcrafted,0,fixture,sliced,streaming,1,48,48,baseline,0,1,171600
handcrafted,bac8fea576e809addff2549817a7f7350d8d7f3c0e0573fab5ba5d06946b2848,handcrafted,handcrafted,0,fixture,sliced,streaming,1,48,48,repair,100000,1,182300
handcrafted,bac8fea576e809addff2549817a7f7350d8d7f3c0e0573fab5ba5d06946b2848,handcrafted,handcrafted,0,fixture,sliced,streaming,1,48,48,balanced,100000,1,200000
handcrafted,bac8fea576e809addff2549817a7f7350d8d7f3c0e0573fab5ba5d06946b2848,handcrafted,handcrafted,0,fixture,sliced,streaming,1,48,48,repair_supplied,100000,1,194500
handcrafted,bac8fea576e809addff2549817a7f7350d8d7f3c0e0573fab5ba5d06946b2848,handcrafted,handcrafted,0,fixture,sliced,streaming,1,48,48,baseline,0,2,168400
handcrafted,bac8fea576e809addff2549817a7f7350d8d7f3c0e0573fab5ba5d06946b2848,handcrafted,handcrafted,0,fixture,sliced,streaming,1,48,48,repair,100000,2,181800
handcrafted,bac8fea576e809addff2549817a7f7350d8d7f3c0e0573fab5ba5d06946b2848,handcrafted,handcrafted,0,fixture,sliced,streaming,1,48,48,balanced,100000,2,164100
handcrafted,bac8fea576e809addff2549817a7f7350d8d7f3c0e0573fab5ba5d06946b2848,handcrafted,handcrafted,0,fixture,sliced,streaming,1,48,48,repair_supplied,100000,2,208900
handcrafted,bac8fea576e809addff2549817a7f7350d8d7f3c0e0573fab5ba5d06946b2848,handcrafted,handcrafted,0,fixture,multi_chunk,auto,1,48,48,balanced,100000,0,75000
handcrafted,bac8fea576e809addff2549817a7f7350d8d7f3c0e0573fab5ba5d06946b2848,handcrafted,handcrafted,0,fixture,multi_chunk,auto,1,48,48,repair_supplied,100000,0,69500
handcrafted,bac8fea576e809addff2549817a7f7350d8d7f3c0e0573fab5ba5d06946b2848,handcrafted,handcrafted,0,fixture,multi_chunk,auto,1,48,48,baseline,0,0,58600
handcrafted,bac8fea576e809addff2549817a7f7350d8d7f3c0e0573fab5ba5d06946b2848,handcrafted,handcrafted,0,fixture,multi_chunk,auto,1,48,48,repair,100000,0,69500
handcrafted,bac8fea576e809addff2549817a7f7350d8d7f3c0e0573fab5ba5d06946b2848,handcrafted,handcrafted,0,fixture,multi_chunk,auto,1,48,48,repair_supplied,100000,1,73500
handcrafted,bac8fea576e809addff2549817a7f7350d8d7f3c0e0573fab5ba5d06946b2848,handcrafted,handcrafted,0,fixture,multi_chunk,auto,1,48,48,baseline,0,1,58900
handcrafted,bac8fea576e809addff2549817a7f7350d8d7f3c0e0573fab5ba5d06946b2848,handcrafted,handcrafted,0,fixture,multi_chunk,auto,1,48,48,repair,100000,1,69500
handcrafted,bac8fea576e809addff2549817a7f7350d8d7f3c0e0573fab5ba5d06946b2848,handcrafted,handcrafted,0,fixture,multi_chunk,auto,1,48,48,balanced,100000,1,71500
handcrafted,bac8fea576e809addff2549817a7f7350d8d7f3c0e0573fab5ba5d06946b2848,handcrafted,handcrafted,0,fixture,multi_chunk,auto,1,48,48,balanced,100000,2,75400
handcrafted,bac8fea576e809addff2549817a7f7350d8d7f3c0e0573fab5ba5d06946b2848,handcrafted,handcrafted,0,fixture,multi_chunk,auto,1,48,48,repair_supplied,100000,2,68400
handcrafted,bac8fea576e809addff2549817a7f7350d8d7f3c0e0573fab5ba5d06946b2848,handcrafted,handcrafted,0,fixture,multi_chunk,auto,1,48,48,baseline,0,2,58500
handcrafted,bac8fea576e809addff2549817a7f7350d8d7f3c0e0573fab5ba5d06946b2848,handcrafted,handcrafted,0,fixture,multi_chunk,auto,1,48,48,repair,100000,2,76800
handcrafted,bac8fea576e809addff2549817a7f7350d8d7f3c0e0573fab5ba5d06946b2848,handcrafted,handcrafted,0,fixture,multi_chunk,streaming,1,48,48,repair_supplied,100000,0,166900
handcrafted,bac8fea576e809addff2549817a7f7350d8d7f3c0e0573fab5ba5d06946b2848,handcrafted,handcrafted,0,fixture,multi_chunk,streaming,1,48,48,baseline,0,0,170800
handcrafted,bac8fea576e809addff2549817a7f7350d8d7f3c0e0573fab5ba5d06946b2848,handcrafted,handcrafted,0,fixture,multi_chunk,streaming,1,48,48,repair,100000,0,187600
handcrafted,bac8fea576e809addff2549817a7f7350d8d7f3c0e0573fab5ba5d06946b2848,handcrafted,handcrafted,0,fixture,multi_chunk,streaming,1,48,48,balanced,100000,0,192400
handcrafted,bac8fea576e809addff2549817a7f7350d8d7f3c0e0573fab5ba5d06946b2848,handcrafted,handcrafted,0,fixture,multi_chunk,streaming,1,48,48,baseline,0,1,212300
handcrafted,bac8fea576e809addff2549817a7f7350d8d7f3c0e0573fab5ba5d06946b2848,handcrafted,handcrafted,0,fixture,multi_chunk,streaming,1,48,48,repair,100000,1,258000
handcrafted,bac8fea576e809addff2549817a7f7350d8d7f3c0e0573fab5ba5d06946b2848,handcrafted,handcrafted,0,fixture,multi_chunk,streaming,1,48,48,balanced,100000,1,283500
handcrafted,bac8fea576e809addff2549817a7f7350d8d7f3c0e0573fab5ba5d06946b2848,handcrafted,handcrafted,0,fixture,multi_chunk,streaming,1,48,48,repair_supplied,100000,1,327700
handcrafted,bac8fea576e809addff2549817a7f7350d8d7f3c0e0573fab5ba5d06946b2848,handcrafted,handcrafted,0,fixture,multi_chunk,streaming,1,48,48,balanced,100000,2,228500
handcrafted,bac8fea576e809addff2549817a7f7350d8d7f3c0e0573fab5ba5d06946b2848,handcrafted,handcrafted,0,fixture,multi_chunk,streaming,1,48,48,repair_supplied,100000,2,214200
handcrafted,bac8fea576e809addff2549817a7f7350d8d7f3c0e0573fab5ba5d06946b2848,handcrafted,handcrafted,0,fixture,multi_chunk,streaming,1,48,48,baseline,0,2,208800
handcrafted,bac8fea576e809addff2549817a7f7350d8d7f3c0e0573fab5ba5d06946b2848,handcrafted,handcrafted,0,fixture,multi_chunk,streaming,1,48,48,repair,100000,2,232500
handcrafted,87cae300bf45881fc9299f2fda054cdb683957b1b4eb70523c72be2251ed5d47,handcrafted,handcrafted,0,fixture,integer,auto,1,0,0,repair,100000,0,74400
handcrafted,87cae300bf45881fc9299f2fda054cdb683957b1b4eb70523c72be2251ed5d47,handcrafted,handcrafted,0,fixture,integer,auto,1,0,0,balanced,100000,0,59100
handcrafted,87cae300bf45881fc9299f2fda054cdb683957b1b4eb70523c72be2251ed5d47,handcrafted,handcrafted,0,fixture,integer,auto,1,0,0,baseline,0,0,54500
handcrafted,87cae300bf45881fc9299f2fda054cdb683957b1b4eb70523c72be2251ed5d47,handcrafted,handcrafted,0,fixture,integer,auto,1,0,0,repair,100000,1,64900
handcrafted,87cae300bf45881fc9299f2fda054cdb683957b1b4eb70523c72be2251ed5d47,handcrafted,handcrafted,0,fixture,integer,auto,1,0,0,balanced,100000,1,82700
handcrafted,87cae300bf45881fc9299f2fda054cdb683957b1b4eb70523c72be2251ed5d47,handcrafted,handcrafted,0,fixture,integer,auto,1,0,0,baseline,0,1,56300
handcrafted,87cae300bf45881fc9299f2fda054cdb683957b1b4eb70523c72be2251ed5d47,handcrafted,handcrafted,0,fixture,integer,auto,1,0,0,repair,100000,2,65200
handcrafted,87cae300bf45881fc9299f2fda054cdb683957b1b4eb70523c72be2251ed5d47,handcrafted,handcrafted,0,fixture,integer,auto,1,0,0,balanced,100000,2,63100
handcrafted,87cae300bf45881fc9299f2fda054cdb683957b1b4eb70523c72be2251ed5d47,handcrafted,handcrafted,0,fixture,integer,auto,1,0,0,baseline,0,2,54800
handcrafted,87cae300bf45881fc9299f2fda054cdb683957b1b4eb70523c72be2251ed5d47,handcrafted,handcrafted,0,fixture,integer,streaming,1,0,0,balanced,100000,0,168700
handcrafted,87cae300bf45881fc9299f2fda054cdb683957b1b4eb70523c72be2251ed5d47,handcrafted,handcrafted,0,fixture,integer,streaming,1,0,0,baseline,0,0,155800
handcrafted,87cae300bf45881fc9299f2fda054cdb683957b1b4eb70523c72be2251ed5d47,handcrafted,handcrafted,0,fixture,integer,streaming,1,0,0,repair,100000,0,166000
handcrafted,87cae300bf45881fc9299f2fda054cdb683957b1b4eb70523c72be2251ed5d47,handcrafted,handcrafted,0,fixture,integer,streaming,1,0,0,baseline,0,1,170900
handcrafted,87cae300bf45881fc9299f2fda054cdb683957b1b4eb70523c72be2251ed5d47,handcrafted,handcrafted,0,fixture,integer,streaming,1,0,0,repair,100000,1,172600
handcrafted,87cae300bf45881fc9299f2fda054cdb683957b1b4eb70523c72be2251ed5d47,handcrafted,handcrafted,0,fixture,integer,streaming,1,0,0,balanced,100000,1,169000
handcrafted,87cae300bf45881fc9299f2fda054cdb683957b1b4eb70523c72be2251ed5d47,handcrafted,handcrafted,0,fixture,integer,streaming,1,0,0,balanced,100000,2,171900
handcrafted,87cae300bf45881fc9299f2fda054cdb683957b1b4eb70523c72be2251ed5d47,handcrafted,handcrafted,0,fixture,integer,streaming,1,0,0,baseline,0,2,171600
handcrafted,87cae300bf45881fc9299f2fda054cdb683957b1b4eb70523c72be2251ed5d47,handcrafted,handcrafted,0,fixture,integer,streaming,1,0,0,repair,100000,2,216000
handcrafted,87cae300bf45881fc9299f2fda054cdb683957b1b4eb70523c72be2251ed5d47,handcrafted,handcrafted,0,fixture,date,auto,1,0,0,repair,100000,0,65400
handcrafted,87cae300bf45881fc9299f2fda054cdb683957b1b4eb70523c72be2251ed5d47,handcrafted,handcrafted,0,fixture,date,auto,1,0,0,balanced,100000,0,60600
handcrafted,87cae300bf45881fc9299f2fda054cdb683957b1b4eb70523c72be2251ed5d47,handcrafted,handcrafted,0,fixture,date,auto,1,0,0,baseline,0,0,56200
handcrafted,87cae300bf45881fc9299f2fda054cdb683957b1b4eb70523c72be2251ed5d47,handcrafted,handcrafted,0,fixture,date,auto,1,0,0,baseline,0,1,58800
handcrafted,87cae300bf45881fc9299f2fda054cdb683957b1b4eb70523c72be2251ed5d47,handcrafted,handcrafted,0,fixture,date,auto,1,0,0,repair,100000,1,62500
handcrafted,87cae300bf45881fc9299f2fda054cdb683957b1b4eb70523c72be2251ed5d47,handcrafted,handcrafted,0,fixture,date,auto,1,0,0,balanced,100000,1,66900
handcrafted,87cae300bf45881fc9299f2fda054cdb683957b1b4eb70523c72be2251ed5d47,handcrafted,handcrafted,0,fixture,date,auto,1,0,0,baseline,0,2,58600
handcrafted,87cae300bf45881fc9299f2fda054cdb683957b1b4eb70523c72be2251ed5d47,handcrafted,handcrafted,0,fixture,date,auto,1,0,0,repair,100000,2,61900
handcrafted,87cae300bf45881fc9299f2fda054cdb683957b1b4eb70523c72be2251ed5d47,handcrafted,handcrafted,0,fixture,date,auto,1,0,0,balanced,100000,2,58700
handcrafted,87cae300bf45881fc9299f2fda054cdb683957b1b4eb70523c72be2251ed5d47,handcrafted,handcrafted,0,fixture,date,streaming,1,0,0,baseline,0,0,167700
handcrafted,87cae300bf45881fc9299f2fda054cdb683957b1b4eb70523c72be2251ed5d47,handcrafted,handcrafted,0,fixture,date,streaming,1,0,0,repair,100000,0,165200
handcrafted,87cae300bf45881fc9299f2fda054cdb683957b1b4eb70523c72be2251ed5d47,handcrafted,handcrafted,0,fixture,date,streaming,1,0,0,balanced,100000,0,153700
handcrafted,87cae300bf45881fc9299f2fda054cdb683957b1b4eb70523c72be2251ed5d47,handcrafted,handcrafted,0,fixture,date,streaming,1,0,0,balanced,100000,1,156100
handcrafted,87cae300bf45881fc9299f2fda054cdb683957b1b4eb70523c72be2251ed5d47,handcrafted,handcrafted,0,fixture,date,streaming,1,0,0,baseline,0,1,148800
handcrafted,87cae300bf45881fc9299f2fda054cdb683957b1b4eb70523c72be2251ed5d47,handcrafted,handcrafted,0,fixture,date,streaming,1,0,0,repair,100000,1,167700
handcrafted,87cae300bf45881fc9299f2fda054cdb683957b1b4eb70523c72be2251ed5d47,handcrafted,handcrafted,0,fixture,date,streaming,1,0,0,baseline,0,2,163400
handcrafted,87cae300bf45881fc9299f2fda054cdb683957b1b4eb70523c72be2251ed5d47,handcrafted,handcrafted,0,fixture,date,streaming,1,0,0,repair,100000,2,170000
handcrafted,87cae300bf45881fc9299f2fda054cdb683957b1b4eb70523c72be2251ed5d47,handcrafted,handcrafted,0,fixture,date,streaming,1,0,0,balanced,100000,2,131900
handcrafted,87cae300bf45881fc9299f2fda054cdb683957b1b4eb70523c72be2251ed5d47,handcrafted,handcrafted,0,fixture,datetime,auto,1,0,0,repair,100000,0,67300
handcrafted,87cae300bf45881fc9299f2fda054cdb683957b1b4eb70523c72be2251ed5d47,handcrafted,handcrafted,0,fixture,datetime,auto,1,0,0,balanced,100000,0,61700
handcrafted,87cae300bf45881fc9299f2fda054cdb683957b1b4eb70523c72be2251ed5d47,handcrafted,handcrafted,0,fixture,datetime,auto,1,0,0,baseline,0,0,66700
handcrafted,87cae300bf45881fc9299f2fda054cdb683957b1b4eb70523c72be2251ed5d47,handcrafted,handcrafted,0,fixture,datetime,auto,1,0,0,balanced,100000,1,65600
handcrafted,87cae300bf45881fc9299f2fda054cdb683957b1b4eb70523c72be2251ed5d47,handcrafted,handcrafted,0,fixture,datetime,auto,1,0,0,baseline,0,1,59800
handcrafted,87cae300bf45881fc9299f2fda054cdb683957b1b4eb70523c72be2251ed5d47,handcrafted,handcrafted,0,fixture,datetime,auto,1,0,0,repair,100000,1,66900
handcrafted,87cae300bf45881fc9299f2fda054cdb683957b1b4eb70523c72be2251ed5d47,handcrafted,handcrafted,0,fixture,datetime,auto,1,0,0,repair,100000,2,69900
handcrafted,87cae300bf45881fc9299f2fda054cdb683957b1b4eb70523c72be2251ed5d47,handcrafted,handcrafted,0,fixture,datetime,auto,1,0,0,balanced,100000,2,62200
handcrafted,87cae300bf45881fc9299f2fda054cdb683957b1b4eb70523c72be2251ed5d47,handcrafted,handcrafted,0,fixture,datetime,auto,1,0,0,baseline,0,2,57900
handcrafted,87cae300bf45881fc9299f2fda054cdb683957b1b4eb70523c72be2251ed5d47,handcrafted,handcrafted,0,fixture,datetime,streaming,1,0,0,repair,100000,0,254800
handcrafted,87cae300bf45881fc9299f2fda054cdb683957b1b4eb70523c72be2251ed5d47,handcrafted,handcrafted,0,fixture,datetime,streaming,1,0,0,balanced,100000,0,216100
handcrafted,87cae300bf45881fc9299f2fda054cdb683957b1b4eb70523c72be2251ed5d47,handcrafted,handcrafted,0,fixture,datetime,streaming,1,0,0,baseline,0,0,240500
handcrafted,87cae300bf45881fc9299f2fda054cdb683957b1b4eb70523c72be2251ed5d47,handcrafted,handcrafted,0,fixture,datetime,streaming,1,0,0,baseline,0,1,184800
handcrafted,87cae300bf45881fc9299f2fda054cdb683957b1b4eb70523c72be2251ed5d47,handcrafted,handcrafted,0,fixture,datetime,streaming,1,0,0,repair,100000,1,192700
handcrafted,87cae300bf45881fc9299f2fda054cdb683957b1b4eb70523c72be2251ed5d47,handcrafted,handcrafted,0,fixture,datetime,streaming,1,0,0,balanced,100000,1,169800
handcrafted,87cae300bf45881fc9299f2fda054cdb683957b1b4eb70523c72be2251ed5d47,handcrafted,handcrafted,0,fixture,datetime,streaming,1,0,0,balanced,100000,2,228400
handcrafted,87cae300bf45881fc9299f2fda054cdb683957b1b4eb70523c72be2251ed5d47,handcrafted,handcrafted,0,fixture,datetime,streaming,1,0,0,baseline,0,2,165000
handcrafted,87cae300bf45881fc9299f2fda054cdb683957b1b4eb70523c72be2251ed5d47,handcrafted,handcrafted,0,fixture,datetime,streaming,1,0,0,repair,100000,2,174600
handcrafted,87cae300bf45881fc9299f2fda054cdb683957b1b4eb70523c72be2251ed5d47,handcrafted,handcrafted,0,fixture,grouped,auto,4,0,0,balanced,100000,0,68300
handcrafted,87cae300bf45881fc9299f2fda054cdb683957b1b4eb70523c72be2251ed5d47,handcrafted,handcrafted,0,fixture,grouped,auto,4,0,0,baseline,0,0,61000
handcrafted,87cae300bf45881fc9299f2fda054cdb683957b1b4eb70523c72be2251ed5d47,handcrafted,handcrafted,0,fixture,grouped,auto,4,0,0,repair,100000,0,62000
handcrafted,87cae300bf45881fc9299f2fda054cdb683957b1b4eb70523c72be2251ed5d47,handcrafted,handcrafted,0,fixture,grouped,auto,4,0,0,baseline,0,1,62800
handcrafted,87cae300bf45881fc9299f2fda054cdb683957b1b4eb70523c72be2251ed5d47,handcrafted,handcrafted,0,fixture,grouped,auto,4,0,0,repair,100000,1,62200
handcrafted,87cae300bf45881fc9299f2fda054cdb683957b1b4eb70523c72be2251ed5d47,handcrafted,handcrafted,0,fixture,grouped,auto,4,0,0,balanced,100000,1,60200
handcrafted,87cae300bf45881fc9299f2fda054cdb683957b1b4eb70523c72be2251ed5d47,handcrafted,handcrafted,0,fixture,grouped,auto,4,0,0,baseline,0,2,101800
handcrafted,87cae300bf45881fc9299f2fda054cdb683957b1b4eb70523c72be2251ed5d47,handcrafted,handcrafted,0,fixture,grouped,auto,4,0,0,repair,100000,2,101800
handcrafted,87cae300bf45881fc9299f2fda054cdb683957b1b4eb70523c72be2251ed5d47,handcrafted,handcrafted,0,fixture,grouped,auto,4,0,0,balanced,100000,2,70400
handcrafted,87cae300bf45881fc9299f2fda054cdb683957b1b4eb70523c72be2251ed5d47,handcrafted,handcrafted,0,fixture,grouped,streaming,4,0,0,repair,100000,0,147100
handcrafted,87cae300bf45881fc9299f2fda054cdb683957b1b4eb70523c72be2251ed5d47,handcrafted,handcrafted,0,fixture,grouped,streaming,4,0,0,balanced,100000,0,139600
handcrafted,87cae300bf45881fc9299f2fda054cdb683957b1b4eb70523c72be2251ed5d47,handcrafted,handcrafted,0,fixture,grouped,streaming,4,0,0,baseline,0,0,137700
handcrafted,87cae300bf45881fc9299f2fda054cdb683957b1b4eb70523c72be2251ed5d47,handcrafted,handcrafted,0,fixture,grouped,streaming,4,0,0,baseline,0,1,144200
handcrafted,87cae300bf45881fc9299f2fda054cdb683957b1b4eb70523c72be2251ed5d47,handcrafted,handcrafted,0,fixture,grouped,streaming,4,0,0,repair,100000,1,141100
handcrafted,87cae300bf45881fc9299f2fda054cdb683957b1b4eb70523c72be2251ed5d47,handcrafted,handcrafted,0,fixture,grouped,streaming,4,0,0,balanced,100000,1,131400
handcrafted,87cae300bf45881fc9299f2fda054cdb683957b1b4eb70523c72be2251ed5d47,handcrafted,handcrafted,0,fixture,grouped,streaming,4,0,0,balanced,100000,2,171200
handcrafted,87cae300bf45881fc9299f2fda054cdb683957b1b4eb70523c72be2251ed5d47,handcrafted,handcrafted,0,fixture,grouped,streaming,4,0,0,baseline,0,2,148500
handcrafted,87cae300bf45881fc9299f2fda054cdb683957b1b4eb70523c72be2251ed5d47,handcrafted,handcrafted,0,fixture,grouped,streaming,4,0,0,repair,100000,2,155300
handcrafted,87cae300bf45881fc9299f2fda054cdb683957b1b4eb70523c72be2251ed5d47,handcrafted,handcrafted,0,fixture,sliced,auto,1,0,0,balanced,100000,0,57300
handcrafted,87cae300bf45881fc9299f2fda054cdb683957b1b4eb70523c72be2251ed5d47,handcrafted,handcrafted,0,fixture,sliced,auto,1,0,0,baseline,0,0,52200
handcrafted,87cae300bf45881fc9299f2fda054cdb683957b1b4eb70523c72be2251ed5d47,handcrafted,handcrafted,0,fixture,sliced,auto,1,0,0,repair,100000,0,58100
handcrafted,87cae300bf45881fc9299f2fda054cdb683957b1b4eb70523c72be2251ed5d47,handcrafted,handcrafted,0,fixture,sliced,auto,1,0,0,repair,100000,1,62500
handcrafted,87cae300bf45881fc9299f2fda054cdb683957b1b4eb70523c72be2251ed5d47,handcrafted,handcrafted,0,fixture,sliced,auto,1,0,0,balanced,100000,1,56100
handcrafted,87cae300bf45881fc9299f2fda054cdb683957b1b4eb70523c72be2251ed5d47,handcrafted,handcrafted,0,fixture,sliced,auto,1,0,0,baseline,0,1,52300
handcrafted,87cae300bf45881fc9299f2fda054cdb683957b1b4eb70523c72be2251ed5d47,handcrafted,handcrafted,0,fixture,sliced,auto,1,0,0,balanced,100000,2,58400
handcrafted,87cae300bf45881fc9299f2fda054cdb683957b1b4eb70523c72be2251ed5d47,handcrafted,handcrafted,0,fixture,sliced,auto,1,0,0,baseline,0,2,51900
handcrafted,87cae300bf45881fc9299f2fda054cdb683957b1b4eb70523c72be2251ed5d47,handcrafted,handcrafted,0,fixture,sliced,auto,1,0,0,repair,100000,2,58300
handcrafted,87cae300bf45881fc9299f2fda054cdb683957b1b4eb70523c72be2251ed5d47,handcrafted,handcrafted,0,fixture,sliced,streaming,1,0,0,repair,100000,0,164500
handcrafted,87cae300bf45881fc9299f2fda054cdb683957b1b4eb70523c72be2251ed5d47,handcrafted,handcrafted,0,fixture,sliced,streaming,1,0,0,balanced,100000,0,153000
handcrafted,87cae300bf45881fc9299f2fda054cdb683957b1b4eb70523c72be2251ed5d47,handcrafted,handcrafted,0,fixture,sliced,streaming,1,0,0,baseline,0,0,146900
handcrafted,87cae300bf45881fc9299f2fda054cdb683957b1b4eb70523c72be2251ed5d47,handcrafted,handcrafted,0,fixture,sliced,streaming,1,0,0,balanced,100000,1,180900
handcrafted,87cae300bf45881fc9299f2fda054cdb683957b1b4eb70523c72be2251ed5d47,handcrafted,handcrafted,0,fixture,sliced,streaming,1,0,0,baseline,0,1,147600
handcrafted,87cae300bf45881fc9299f2fda054cdb683957b1b4eb70523c72be2251ed5d47,handcrafted,handcrafted,0,fixture,sliced,streaming,1,0,0,repair,100000,1,161900
handcrafted,87cae300bf45881fc9299f2fda054cdb683957b1b4eb70523c72be2251ed5d47,handcrafted,handcrafted,0,fixture,sliced,streaming,1,0,0,baseline,0,2,167200
handcrafted,87cae300bf45881fc9299f2fda054cdb683957b1b4eb70523c72be2251ed5d47,handcrafted,handcrafted,0,fixture,sliced,streaming,1,0,0,repair,100000,2,178500
handcrafted,87cae300bf45881fc9299f2fda054cdb683957b1b4eb70523c72be2251ed5d47,handcrafted,handcrafted,0,fixture,sliced,streaming,1,0,0,balanced,100000,2,166200
handcrafted,87cae300bf45881fc9299f2fda054cdb683957b1b4eb70523c72be2251ed5d47,handcrafted,handcrafted,0,fixture,multi_chunk,auto,1,0,0,repair,100000,0,62300
handcrafted,87cae300bf45881fc9299f2fda054cdb683957b1b4eb70523c72be2251ed5d47,handcrafted,handcrafted,0,fixture,multi_chunk,auto,1,0,0,balanced,100000,0,56100
handcrafted,87cae300bf45881fc9299f2fda054cdb683957b1b4eb70523c72be2251ed5d47,handcrafted,handcrafted,0,fixture,multi_chunk,auto,1,0,0,baseline,0,0,52500
handcrafted,87cae300bf45881fc9299f2fda054cdb683957b1b4eb70523c72be2251ed5d47,handcrafted,handcrafted,0,fixture,multi_chunk,auto,1,0,0,baseline,0,1,56000
handcrafted,87cae300bf45881fc9299f2fda054cdb683957b1b4eb70523c72be2251ed5d47,handcrafted,handcrafted,0,fixture,multi_chunk,auto,1,0,0,repair,100000,1,59200
handcrafted,87cae300bf45881fc9299f2fda054cdb683957b1b4eb70523c72be2251ed5d47,handcrafted,handcrafted,0,fixture,multi_chunk,auto,1,0,0,balanced,100000,1,56300
handcrafted,87cae300bf45881fc9299f2fda054cdb683957b1b4eb70523c72be2251ed5d47,handcrafted,handcrafted,0,fixture,multi_chunk,auto,1,0,0,balanced,100000,2,59000
handcrafted,87cae300bf45881fc9299f2fda054cdb683957b1b4eb70523c72be2251ed5d47,handcrafted,handcrafted,0,fixture,multi_chunk,auto,1,0,0,baseline,0,2,52800
handcrafted,87cae300bf45881fc9299f2fda054cdb683957b1b4eb70523c72be2251ed5d47,handcrafted,handcrafted,0,fixture,multi_chunk,auto,1,0,0,repair,100000,2,58300
handcrafted,87cae300bf45881fc9299f2fda054cdb683957b1b4eb70523c72be2251ed5d47,handcrafted,handcrafted,0,fixture,multi_chunk,streaming,1,0,0,balanced,100000,0,270500
handcrafted,87cae300bf45881fc9299f2fda054cdb683957b1b4eb70523c72be2251ed5d47,handcrafted,handcrafted,0,fixture,multi_chunk,streaming,1,0,0,baseline,0,0,274000
handcrafted,87cae300bf45881fc9299f2fda054cdb683957b1b4eb70523c72be2251ed5d47,handcrafted,handcrafted,0,fixture,multi_chunk,streaming,1,0,0,repair,100000,0,273300
handcrafted,87cae300bf45881fc9299f2fda054cdb683957b1b4eb70523c72be2251ed5d47,handcrafted,handcrafted,0,fixture,multi_chunk,streaming,1,0,0,repair,100000,1,209800
handcrafted,87cae300bf45881fc9299f2fda054cdb683957b1b4eb70523c72be2251ed5d47,handcrafted,handcrafted,0,fixture,multi_chunk,streaming,1,0,0,balanced,100000,1,169300
handcrafted,87cae300bf45881fc9299f2fda054cdb683957b1b4eb70523c72be2251ed5d47,handcrafted,handcrafted,0,fixture,multi_chunk,streaming,1,0,0,baseline,0,1,173300
handcrafted,87cae300bf45881fc9299f2fda054cdb683957b1b4eb70523c72be2251ed5d47,handcrafted,handcrafted,0,fixture,multi_chunk,streaming,1,0,0,balanced,100000,2,160100
handcrafted,87cae300bf45881fc9299f2fda054cdb683957b1b4eb70523c72be2251ed5d47,handcrafted,handcrafted,0,fixture,multi_chunk,streaming,1,0,0,baseline,0,2,153300
handcrafted,87cae300bf45881fc9299f2fda054cdb683957b1b4eb70523c72be2251ed5d47,handcrafted,handcrafted,0,fixture,multi_chunk,streaming,1,0,0,repair,100000,2,167300
handcrafted,cc527d73d14dfbbf0803f7d11a4f2dd028145e28e16b64973a56da92b1e5ec16,handcrafted,handcrafted,0,fixture,integer,auto,1,7,7,balanced,100000,0,60600
handcrafted,cc527d73d14dfbbf0803f7d11a4f2dd028145e28e16b64973a56da92b1e5ec16,handcrafted,handcrafted,0,fixture,integer,auto,1,7,7,baseline,0,0,55300
handcrafted,cc527d73d14dfbbf0803f7d11a4f2dd028145e28e16b64973a56da92b1e5ec16,handcrafted,handcrafted,0,fixture,integer,auto,1,7,7,repair,100000,0,62500
handcrafted,cc527d73d14dfbbf0803f7d11a4f2dd028145e28e16b64973a56da92b1e5ec16,handcrafted,handcrafted,0,fixture,integer,auto,1,7,7,balanced,100000,1,62900
handcrafted,cc527d73d14dfbbf0803f7d11a4f2dd028145e28e16b64973a56da92b1e5ec16,handcrafted,handcrafted,0,fixture,integer,auto,1,7,7,baseline,0,1,55200
handcrafted,cc527d73d14dfbbf0803f7d11a4f2dd028145e28e16b64973a56da92b1e5ec16,handcrafted,handcrafted,0,fixture,integer,auto,1,7,7,repair,100000,1,61900
handcrafted,cc527d73d14dfbbf0803f7d11a4f2dd028145e28e16b64973a56da92b1e5ec16,handcrafted,handcrafted,0,fixture,integer,auto,1,7,7,balanced,100000,2,62600
handcrafted,cc527d73d14dfbbf0803f7d11a4f2dd028145e28e16b64973a56da92b1e5ec16,handcrafted,handcrafted,0,fixture,integer,auto,1,7,7,baseline,0,2,54900
handcrafted,cc527d73d14dfbbf0803f7d11a4f2dd028145e28e16b64973a56da92b1e5ec16,handcrafted,handcrafted,0,fixture,integer,auto,1,7,7,repair,100000,2,62100
handcrafted,cc527d73d14dfbbf0803f7d11a4f2dd028145e28e16b64973a56da92b1e5ec16,handcrafted,handcrafted,0,fixture,integer,streaming,1,7,7,repair,100000,0,187100
handcrafted,cc527d73d14dfbbf0803f7d11a4f2dd028145e28e16b64973a56da92b1e5ec16,handcrafted,handcrafted,0,fixture,integer,streaming,1,7,7,balanced,100000,0,178200
handcrafted,cc527d73d14dfbbf0803f7d11a4f2dd028145e28e16b64973a56da92b1e5ec16,handcrafted,handcrafted,0,fixture,integer,streaming,1,7,7,baseline,0,0,176500
handcrafted,cc527d73d14dfbbf0803f7d11a4f2dd028145e28e16b64973a56da92b1e5ec16,handcrafted,handcrafted,0,fixture,integer,streaming,1,7,7,baseline,0,1,204200
handcrafted,cc527d73d14dfbbf0803f7d11a4f2dd028145e28e16b64973a56da92b1e5ec16,handcrafted,handcrafted,0,fixture,integer,streaming,1,7,7,repair,100000,1,195000
handcrafted,cc527d73d14dfbbf0803f7d11a4f2dd028145e28e16b64973a56da92b1e5ec16,handcrafted,handcrafted,0,fixture,integer,streaming,1,7,7,balanced,100000,1,222800
handcrafted,cc527d73d14dfbbf0803f7d11a4f2dd028145e28e16b64973a56da92b1e5ec16,handcrafted,handcrafted,0,fixture,integer,streaming,1,7,7,balanced,100000,2,269700
handcrafted,cc527d73d14dfbbf0803f7d11a4f2dd028145e28e16b64973a56da92b1e5ec16,handcrafted,handcrafted,0,fixture,integer,streaming,1,7,7,baseline,0,2,230900
handcrafted,cc527d73d14dfbbf0803f7d11a4f2dd028145e28e16b64973a56da92b1e5ec16,handcrafted,handcrafted,0,fixture,integer,streaming,1,7,7,repair,100000,2,229200
handcrafted,cc527d73d14dfbbf0803f7d11a4f2dd028145e28e16b64973a56da92b1e5ec16,handcrafted,handcrafted,0,fixture,date,auto,1,7,7,balanced,100000,0,61000
handcrafted,cc527d73d14dfbbf0803f7d11a4f2dd028145e28e16b64973a56da92b1e5ec16,handcrafted,handcrafted,0,fixture,date,auto,1,7,7,baseline,0,0,55200
handcrafted,cc527d73d14dfbbf0803f7d11a4f2dd028145e28e16b64973a56da92b1e5ec16,handcrafted,handcrafted,0,fixture,date,auto,1,7,7,repair,100000,0,64400
handcrafted,cc527d73d14dfbbf0803f7d11a4f2dd028145e28e16b64973a56da92b1e5ec16,handcrafted,handcrafted,0,fixture,date,auto,1,7,7,repair,100000,1,67600
handcrafted,cc527d73d14dfbbf0803f7d11a4f2dd028145e28e16b64973a56da92b1e5ec16,handcrafted,handcrafted,0,fixture,date,auto,1,7,7,balanced,100000,1,59800
handcrafted,cc527d73d14dfbbf0803f7d11a4f2dd028145e28e16b64973a56da92b1e5ec16,handcrafted,handcrafted,0,fixture,date,auto,1,7,7,baseline,0,1,55900
handcrafted,cc527d73d14dfbbf0803f7d11a4f2dd028145e28e16b64973a56da92b1e5ec16,handcrafted,handcrafted,0,fixture,date,auto,1,7,7,baseline,0,2,58700
handcrafted,cc527d73d14dfbbf0803f7d11a4f2dd028145e28e16b64973a56da92b1e5ec16,handcrafted,handcrafted,0,fixture,date,auto,1,7,7,repair,100000,2,73000
handcrafted,cc527d73d14dfbbf0803f7d11a4f2dd028145e28e16b64973a56da92b1e5ec16,handcrafted,handcrafted,0,fixture,date,auto,1,7,7,balanced,100000,2,64000
handcrafted,cc527d73d14dfbbf0803f7d11a4f2dd028145e28e16b64973a56da92b1e5ec16,handcrafted,handcrafted,0,fixture,date,streaming,1,7,7,baseline,0,0,271900
handcrafted,cc527d73d14dfbbf0803f7d11a4f2dd028145e28e16b64973a56da92b1e5ec16,handcrafted,handcrafted,0,fixture,date,streaming,1,7,7,repair,100000,0,238500
handcrafted,cc527d73d14dfbbf0803f7d11a4f2dd028145e28e16b64973a56da92b1e5ec16,handcrafted,handcrafted,0,fixture,date,streaming,1,7,7,balanced,100000,0,226000
handcrafted,cc527d73d14dfbbf0803f7d11a4f2dd028145e28e16b64973a56da92b1e5ec16,handcrafted,handcrafted,0,fixture,date,streaming,1,7,7,balanced,100000,1,233600
handcrafted,cc527d73d14dfbbf0803f7d11a4f2dd028145e28e16b64973a56da92b1e5ec16,handcrafted,handcrafted,0,fixture,date,streaming,1,7,7,baseline,0,1,222500
handcrafted,cc527d73d14dfbbf0803f7d11a4f2dd028145e28e16b64973a56da92b1e5ec16,handcrafted,handcrafted,0,fixture,date,streaming,1,7,7,repair,100000,1,238000
handcrafted,cc527d73d14dfbbf0803f7d11a4f2dd028145e28e16b64973a56da92b1e5ec16,handcrafted,handcrafted,0,fixture,date,streaming,1,7,7,repair,100000,2,249800
handcrafted,cc527d73d14dfbbf0803f7d11a4f2dd028145e28e16b64973a56da92b1e5ec16,handcrafted,handcrafted,0,fixture,date,streaming,1,7,7,balanced,100000,2,207500
handcrafted,cc527d73d14dfbbf0803f7d11a4f2dd028145e28e16b64973a56da92b1e5ec16,handcrafted,handcrafted,0,fixture,date,streaming,1,7,7,baseline,0,2,206400
handcrafted,cc527d73d14dfbbf0803f7d11a4f2dd028145e28e16b64973a56da92b1e5ec16,handcrafted,handcrafted,0,fixture,datetime,auto,1,7,7,repair,100000,0,69200
handcrafted,cc527d73d14dfbbf0803f7d11a4f2dd028145e28e16b64973a56da92b1e5ec16,handcrafted,handcrafted,0,fixture,datetime,auto,1,7,7,balanced,100000,0,63000
handcrafted,cc527d73d14dfbbf0803f7d11a4f2dd028145e28e16b64973a56da92b1e5ec16,handcrafted,handcrafted,0,fixture,datetime,auto,1,7,7,baseline,0,0,59000
handcrafted,cc527d73d14dfbbf0803f7d11a4f2dd028145e28e16b64973a56da92b1e5ec16,handcrafted,handcrafted,0,fixture,datetime,auto,1,7,7,repair,100000,1,70700
handcrafted,cc527d73d14dfbbf0803f7d11a4f2dd028145e28e16b64973a56da92b1e5ec16,handcrafted,handcrafted,0,fixture,datetime,auto,1,7,7,balanced,100000,1,63400
handcrafted,cc527d73d14dfbbf0803f7d11a4f2dd028145e28e16b64973a56da92b1e5ec16,handcrafted,handcrafted,0,fixture,datetime,auto,1,7,7,baseline,0,1,58700
handcrafted,cc527d73d14dfbbf0803f7d11a4f2dd028145e28e16b64973a56da92b1e5ec16,handcrafted,handcrafted,0,fixture,datetime,auto,1,7,7,balanced,100000,2,70900
handcrafted,cc527d73d14dfbbf0803f7d11a4f2dd028145e28e16b64973a56da92b1e5ec16,handcrafted,handcrafted,0,fixture,datetime,auto,1,7,7,baseline,0,2,163900
handcrafted,cc527d73d14dfbbf0803f7d11a4f2dd028145e28e16b64973a56da92b1e5ec16,handcrafted,handcrafted,0,fixture,datetime,auto,1,7,7,repair,100000,2,165600
handcrafted,cc527d73d14dfbbf0803f7d11a4f2dd028145e28e16b64973a56da92b1e5ec16,handcrafted,handcrafted,0,fixture,datetime,streaming,1,7,7,baseline,0,0,202000
handcrafted,cc527d73d14dfbbf0803f7d11a4f2dd028145e28e16b64973a56da92b1e5ec16,handcrafted,handcrafted,0,fixture,datetime,streaming,1,7,7,repair,100000,0,224000
handcrafted,cc527d73d14dfbbf0803f7d11a4f2dd028145e28e16b64973a56da92b1e5ec16,handcrafted,handcrafted,0,fixture,datetime,streaming,1,7,7,balanced,100000,0,223600
handcrafted,cc527d73d14dfbbf0803f7d11a4f2dd028145e28e16b64973a56da92b1e5ec16,handcrafted,handcrafted,0,fixture,datetime,streaming,1,7,7,balanced,100000,1,222200
handcrafted,cc527d73d14dfbbf0803f7d11a4f2dd028145e28e16b64973a56da92b1e5ec16,handcrafted,handcrafted,0,fixture,datetime,streaming,1,7,7,baseline,0,1,215200
handcrafted,cc527d73d14dfbbf0803f7d11a4f2dd028145e28e16b64973a56da92b1e5ec16,handcrafted,handcrafted,0,fixture,datetime,streaming,1,7,7,repair,100000,1,241300
handcrafted,cc527d73d14dfbbf0803f7d11a4f2dd028145e28e16b64973a56da92b1e5ec16,handcrafted,handcrafted,0,fixture,datetime,streaming,1,7,7,baseline,0,2,225100
handcrafted,cc527d73d14dfbbf0803f7d11a4f2dd028145e28e16b64973a56da92b1e5ec16,handcrafted,handcrafted,0,fixture,datetime,streaming,1,7,7,repair,100000,2,180000
handcrafted,cc527d73d14dfbbf0803f7d11a4f2dd028145e28e16b64973a56da92b1e5ec16,handcrafted,handcrafted,0,fixture,datetime,streaming,1,7,7,balanced,100000,2,182900
handcrafted,cc527d73d14dfbbf0803f7d11a4f2dd028145e28e16b64973a56da92b1e5ec16,handcrafted,handcrafted,0,fixture,grouped,auto,4,28,7,repair,100000,0,129800
handcrafted,cc527d73d14dfbbf0803f7d11a4f2dd028145e28e16b64973a56da92b1e5ec16,handcrafted,handcrafted,0,fixture,grouped,auto,4,28,7,balanced,100000,0,115700
handcrafted,cc527d73d14dfbbf0803f7d11a4f2dd028145e28e16b64973a56da92b1e5ec16,handcrafted,handcrafted,0,fixture,grouped,auto,4,28,7,baseline,0,0,110900
handcrafted,cc527d73d14dfbbf0803f7d11a4f2dd028145e28e16b64973a56da92b1e5ec16,handcrafted,handcrafted,0,fixture,grouped,auto,4,28,7,repair,100000,1,129500
handcrafted,cc527d73d14dfbbf0803f7d11a4f2dd028145e28e16b64973a56da92b1e5ec16,handcrafted,handcrafted,0,fixture,grouped,auto,4,28,7,balanced,100000,1,130200
handcrafted,cc527d73d14dfbbf0803f7d11a4f2dd028145e28e16b64973a56da92b1e5ec16,handcrafted,handcrafted,0,fixture,grouped,auto,4,28,7,baseline,0,1,189100
handcrafted,cc527d73d14dfbbf0803f7d11a4f2dd028145e28e16b64973a56da92b1e5ec16,handcrafted,handcrafted,0,fixture,grouped,auto,4,28,7,baseline,0,2,131700
handcrafted,cc527d73d14dfbbf0803f7d11a4f2dd028145e28e16b64973a56da92b1e5ec16,handcrafted,handcrafted,0,fixture,grouped,auto,4,28,7,repair,100000,2,167000
handcrafted,cc527d73d14dfbbf0803f7d11a4f2dd028145e28e16b64973a56da92b1e5ec16,handcrafted,handcrafted,0,fixture,grouped,auto,4,28,7,balanced,100000,2,140800
handcrafted,cc527d73d14dfbbf0803f7d11a4f2dd028145e28e16b64973a56da92b1e5ec16,handcrafted,handcrafted,0,fixture,grouped,streaming,4,28,7,repair,100000,0,257800
handcrafted,cc527d73d14dfbbf0803f7d11a4f2dd028145e28e16b64973a56da92b1e5ec16,handcrafted,handcrafted,0,fixture,grouped,streaming,4,28,7,balanced,100000,0,182400
handcrafted,cc527d73d14dfbbf0803f7d11a4f2dd028145e28e16b64973a56da92b1e5ec16,handcrafted,handcrafted,0,fixture,grouped,streaming,4,28,7,baseline,0,0,167200
handcrafted,cc527d73d14dfbbf0803f7d11a4f2dd028145e28e16b64973a56da92b1e5ec16,handcrafted,handcrafted,0,fixture,grouped,streaming,4,28,7,baseline,0,1,225800
handcrafted,cc527d73d14dfbbf0803f7d11a4f2dd028145e28e16b64973a56da92b1e5ec16,handcrafted,handcrafted,0,fixture,grouped,streaming,4,28,7,repair,100000,1,204200
handcrafted,cc527d73d14dfbbf0803f7d11a4f2dd028145e28e16b64973a56da92b1e5ec16,handcrafted,handcrafted,0,fixture,grouped,streaming,4,28,7,balanced,100000,1,197200
handcrafted,cc527d73d14dfbbf0803f7d11a4f2dd028145e28e16b64973a56da92b1e5ec16,handcrafted,handcrafted,0,fixture,grouped,streaming,4,28,7,repair,100000,2,241600
handcrafted,cc527d73d14dfbbf0803f7d11a4f2dd028145e28e16b64973a56da92b1e5ec16,handcrafted,handcrafted,0,fixture,grouped,streaming,4,28,7,balanced,100000,2,344000
handcrafted,cc527d73d14dfbbf0803f7d11a4f2dd028145e28e16b64973a56da92b1e5ec16,handcrafted,handcrafted,0,fixture,grouped,streaming,4,28,7,baseline,0,2,218700
handcrafted,cc527d73d14dfbbf0803f7d11a4f2dd028145e28e16b64973a56da92b1e5ec16,handcrafted,handcrafted,0,fixture,sliced,auto,1,7,7,balanced,100000,0,60700
handcrafted,cc527d73d14dfbbf0803f7d11a4f2dd028145e28e16b64973a56da92b1e5ec16,handcrafted,handcrafted,0,fixture,sliced,auto,1,7,7,baseline,0,0,56500
handcrafted,cc527d73d14dfbbf0803f7d11a4f2dd028145e28e16b64973a56da92b1e5ec16,handcrafted,handcrafted,0,fixture,sliced,auto,1,7,7,repair,100000,0,62700
handcrafted,cc527d73d14dfbbf0803f7d11a4f2dd028145e28e16b64973a56da92b1e5ec16,handcrafted,handcrafted,0,fixture,sliced,auto,1,7,7,baseline,0,1,65600
handcrafted,cc527d73d14dfbbf0803f7d11a4f2dd028145e28e16b64973a56da92b1e5ec16,handcrafted,handcrafted,0,fixture,sliced,auto,1,7,7,repair,100000,1,63800
handcrafted,cc527d73d14dfbbf0803f7d11a4f2dd028145e28e16b64973a56da92b1e5ec16,handcrafted,handcrafted,0,fixture,sliced,auto,1,7,7,balanced,100000,1,57700
handcrafted,cc527d73d14dfbbf0803f7d11a4f2dd028145e28e16b64973a56da92b1e5ec16,handcrafted,handcrafted,0,fixture,sliced,auto,1,7,7,baseline,0,2,57200
handcrafted,cc527d73d14dfbbf0803f7d11a4f2dd028145e28e16b64973a56da92b1e5ec16,handcrafted,handcrafted,0,fixture,sliced,auto,1,7,7,repair,100000,2,60700
handcrafted,cc527d73d14dfbbf0803f7d11a4f2dd028145e28e16b64973a56da92b1e5ec16,handcrafted,handcrafted,0,fixture,sliced,auto,1,7,7,balanced,100000,2,57500
handcrafted,cc527d73d14dfbbf0803f7d11a4f2dd028145e28e16b64973a56da92b1e5ec16,handcrafted,handcrafted,0,fixture,sliced,streaming,1,7,7,balanced,100000,0,196100
handcrafted,cc527d73d14dfbbf0803f7d11a4f2dd028145e28e16b64973a56da92b1e5ec16,handcrafted,handcrafted,0,fixture,sliced,streaming,1,7,7,baseline,0,0,170100
handcrafted,cc527d73d14dfbbf0803f7d11a4f2dd028145e28e16b64973a56da92b1e5ec16,handcrafted,handcrafted,0,fixture,sliced,streaming,1,7,7,repair,100000,0,175800
handcrafted,cc527d73d14dfbbf0803f7d11a4f2dd028145e28e16b64973a56da92b1e5ec16,handcrafted,handcrafted,0,fixture,sliced,streaming,1,7,7,balanced,100000,1,182300
handcrafted,cc527d73d14dfbbf0803f7d11a4f2dd028145e28e16b64973a56da92b1e5ec16,handcrafted,handcrafted,0,fixture,sliced,streaming,1,7,7,baseline,0,1,174400
handcrafted,cc527d73d14dfbbf0803f7d11a4f2dd028145e28e16b64973a56da92b1e5ec16,handcrafted,handcrafted,0,fixture,sliced,streaming,1,7,7,repair,100000,1,173000
handcrafted,cc527d73d14dfbbf0803f7d11a4f2dd028145e28e16b64973a56da92b1e5ec16,handcrafted,handcrafted,0,fixture,sliced,streaming,1,7,7,balanced,100000,2,165500
handcrafted,cc527d73d14dfbbf0803f7d11a4f2dd028145e28e16b64973a56da92b1e5ec16,handcrafted,handcrafted,0,fixture,sliced,streaming,1,7,7,baseline,0,2,177200
handcrafted,cc527d73d14dfbbf0803f7d11a4f2dd028145e28e16b64973a56da92b1e5ec16,handcrafted,handcrafted,0,fixture,sliced,streaming,1,7,7,repair,100000,2,177800
handcrafted,cc527d73d14dfbbf0803f7d11a4f2dd028145e28e16b64973a56da92b1e5ec16,handcrafted,handcrafted,0,fixture,multi_chunk,auto,1,7,7,baseline,0,0,59000
handcrafted,cc527d73d14dfbbf0803f7d11a4f2dd028145e28e16b64973a56da92b1e5ec16,handcrafted,handcrafted,0,fixture,multi_chunk,auto,1,7,7,repair,100000,0,73100
handcrafted,cc527d73d14dfbbf0803f7d11a4f2dd028145e28e16b64973a56da92b1e5ec16,handcrafted,handcrafted,0,fixture,multi_chunk,auto,1,7,7,balanced,100000,0,62700
handcrafted,cc527d73d14dfbbf0803f7d11a4f2dd028145e28e16b64973a56da92b1e5ec16,handcrafted,handcrafted,0,fixture,multi_chunk,auto,1,7,7,balanced,100000,1,63800
handcrafted,cc527d73d14dfbbf0803f7d11a4f2dd028145e28e16b64973a56da92b1e5ec16,handcrafted,handcrafted,0,fixture,multi_chunk,auto,1,7,7,baseline,0,1,56300
handcrafted,cc527d73d14dfbbf0803f7d11a4f2dd028145e28e16b64973a56da92b1e5ec16,handcrafted,handcrafted,0,fixture,multi_chunk,auto,1,7,7,repair,100000,1,63600
handcrafted,cc527d73d14dfbbf0803f7d11a4f2dd028145e28e16b64973a56da92b1e5ec16,handcrafted,handcrafted,0,fixture,multi_chunk,auto,1,7,7,baseline,0,2,60400
handcrafted,cc527d73d14dfbbf0803f7d11a4f2dd028145e28e16b64973a56da92b1e5ec16,handcrafted,handcrafted,0,fixture,multi_chunk,auto,1,7,7,repair,100000,2,63700
handcrafted,cc527d73d14dfbbf0803f7d11a4f2dd028145e28e16b64973a56da92b1e5ec16,handcrafted,handcrafted,0,fixture,multi_chunk,auto,1,7,7,balanced,100000,2,60400
handcrafted,cc527d73d14dfbbf0803f7d11a4f2dd028145e28e16b64973a56da92b1e5ec16,handcrafted,handcrafted,0,fixture,multi_chunk,streaming,1,7,7,baseline,0,0,160100
handcrafted,cc527d73d14dfbbf0803f7d11a4f2dd028145e28e16b64973a56da92b1e5ec16,handcrafted,handcrafted,0,fixture,multi_chunk,streaming,1,7,7,repair,100000,0,219600
handcrafted,cc527d73d14dfbbf0803f7d11a4f2dd028145e28e16b64973a56da92b1e5ec16,handcrafted,handcrafted,0,fixture,multi_chunk,streaming,1,7,7,balanced,100000,0,229800
handcrafted,cc527d73d14dfbbf0803f7d11a4f2dd028145e28e16b64973a56da92b1e5ec16,handcrafted,handcrafted,0,fixture,multi_chunk,streaming,1,7,7,baseline,0,1,181000
handcrafted,cc527d73d14dfbbf0803f7d11a4f2dd028145e28e16b64973a56da92b1e5ec16,handcrafted,handcrafted,0,fixture,multi_chunk,streaming,1,7,7,repair,100000,1,175200
handcrafted,cc527d73d14dfbbf0803f7d11a4f2dd028145e28e16b64973a56da92b1e5ec16,handcrafted,handcrafted,0,fixture,multi_chunk,streaming,1,7,7,balanced,100000,1,173300
handcrafted,cc527d73d14dfbbf0803f7d11a4f2dd028145e28e16b64973a56da92b1e5ec16,handcrafted,handcrafted,0,fixture,multi_chunk,streaming,1,7,7,repair,100000,2,174400
handcrafted,cc527d73d14dfbbf0803f7d11a4f2dd028145e28e16b64973a56da92b1e5ec16,handcrafted,handcrafted,0,fixture,multi_chunk,streaming,1,7,7,balanced,100000,2,149700
handcrafted,cc527d73d14dfbbf0803f7d11a4f2dd028145e28e16b64973a56da92b1e5ec16,handcrafted,handcrafted,0,fixture,multi_chunk,streaming,1,7,7,baseline,0,2,165300
handcrafted,8f532cfb8eea51ee3ab762f0b5f4030eb642874c67585a8721cb97e6a1042e85,handcrafted,handcrafted,0,fixture,integer,auto,1,11,11,balanced,100000,0,68200
handcrafted,8f532cfb8eea51ee3ab762f0b5f4030eb642874c67585a8721cb97e6a1042e85,handcrafted,handcrafted,0,fixture,integer,auto,1,11,11,baseline,0,0,56600
handcrafted,8f532cfb8eea51ee3ab762f0b5f4030eb642874c67585a8721cb97e6a1042e85,handcrafted,handcrafted,0,fixture,integer,auto,1,11,11,repair,100000,0,63800
handcrafted,8f532cfb8eea51ee3ab762f0b5f4030eb642874c67585a8721cb97e6a1042e85,handcrafted,handcrafted,0,fixture,integer,auto,1,11,11,balanced,100000,1,63700
handcrafted,8f532cfb8eea51ee3ab762f0b5f4030eb642874c67585a8721cb97e6a1042e85,handcrafted,handcrafted,0,fixture,integer,auto,1,11,11,baseline,0,1,55400
handcrafted,8f532cfb8eea51ee3ab762f0b5f4030eb642874c67585a8721cb97e6a1042e85,handcrafted,handcrafted,0,fixture,integer,auto,1,11,11,repair,100000,1,64200
handcrafted,8f532cfb8eea51ee3ab762f0b5f4030eb642874c67585a8721cb97e6a1042e85,handcrafted,handcrafted,0,fixture,integer,auto,1,11,11,balanced,100000,2,63900
handcrafted,8f532cfb8eea51ee3ab762f0b5f4030eb642874c67585a8721cb97e6a1042e85,handcrafted,handcrafted,0,fixture,integer,auto,1,11,11,baseline,0,2,55700
handcrafted,8f532cfb8eea51ee3ab762f0b5f4030eb642874c67585a8721cb97e6a1042e85,handcrafted,handcrafted,0,fixture,integer,auto,1,11,11,repair,100000,2,64100
handcrafted,8f532cfb8eea51ee3ab762f0b5f4030eb642874c67585a8721cb97e6a1042e85,handcrafted,handcrafted,0,fixture,integer,streaming,1,11,11,repair,100000,0,166800
handcrafted,8f532cfb8eea51ee3ab762f0b5f4030eb642874c67585a8721cb97e6a1042e85,handcrafted,handcrafted,0,fixture,integer,streaming,1,11,11,balanced,100000,0,205500
handcrafted,8f532cfb8eea51ee3ab762f0b5f4030eb642874c67585a8721cb97e6a1042e85,handcrafted,handcrafted,0,fixture,integer,streaming,1,11,11,baseline,0,0,178300
handcrafted,8f532cfb8eea51ee3ab762f0b5f4030eb642874c67585a8721cb97e6a1042e85,handcrafted,handcrafted,0,fixture,integer,streaming,1,11,11,repair,100000,1,169000
handcrafted,8f532cfb8eea51ee3ab762f0b5f4030eb642874c67585a8721cb97e6a1042e85,handcrafted,handcrafted,0,fixture,integer,streaming,1,11,11,balanced,100000,1,168700
handcrafted,8f532cfb8eea51ee3ab762f0b5f4030eb642874c67585a8721cb97e6a1042e85,handcrafted,handcrafted,0,fixture,integer,streaming,1,11,11,baseline,0,1,139700
handcrafted,8f532cfb8eea51ee3ab762f0b5f4030eb642874c67585a8721cb97e6a1042e85,handcrafted,handcrafted,0,fixture,integer,streaming,1,11,11,balanced,100000,2,245900
handcrafted,8f532cfb8eea51ee3ab762f0b5f4030eb642874c67585a8721cb97e6a1042e85,handcrafted,handcrafted,0,fixture,integer,streaming,1,11,11,baseline,0,2,191400
handcrafted,8f532cfb8eea51ee3ab762f0b5f4030eb642874c67585a8721cb97e6a1042e85,handcrafted,handcrafted,0,fixture,integer,streaming,1,11,11,repair,100000,2,181000
handcrafted,8f532cfb8eea51ee3ab762f0b5f4030eb642874c67585a8721cb97e6a1042e85,handcrafted,handcrafted,0,fixture,date,auto,1,11,11,repair,100000,0,68900
handcrafted,8f532cfb8eea51ee3ab762f0b5f4030eb642874c67585a8721cb97e6a1042e85,handcrafted,handcrafted,0,fixture,date,auto,1,11,11,balanced,100000,0,61800
handcrafted,8f532cfb8eea51ee3ab762f0b5f4030eb642874c67585a8721cb97e6a1042e85,handcrafted,handcrafted,0,fixture,date,auto,1,11,11,baseline,0,0,156700
handcrafted,8f532cfb8eea51ee3ab762f0b5f4030eb642874c67585a8721cb97e6a1042e85,handcrafted,handcrafted,0,fixture,date,auto,1,11,11,repair,100000,1,76400
handcrafted,8f532cfb8eea51ee3ab762f0b5f4030eb642874c67585a8721cb97e6a1042e85,handcrafted,handcrafted,0,fixture,date,auto,1,11,11,balanced,100000,1,64200
handcrafted,8f532cfb8eea51ee3ab762f0b5f4030eb642874c67585a8721cb97e6a1042e85,handcrafted,handcrafted,0,fixture,date,auto,1,11,11,baseline,0,1,58200
handcrafted,8f532cfb8eea51ee3ab762f0b5f4030eb642874c67585a8721cb97e6a1042e85,handcrafted,handcrafted,0,fixture,date,auto,1,11,11,balanced,100000,2,65800
handcrafted,8f532cfb8eea51ee3ab762f0b5f4030eb642874c67585a8721cb97e6a1042e85,handcrafted,handcrafted,0,fixture,date,auto,1,11,11,baseline,0,2,57600
handcrafted,8f532cfb8eea51ee3ab762f0b5f4030eb642874c67585a8721cb97e6a1042e85,handcrafted,handcrafted,0,fixture,date,auto,1,11,11,repair,100000,2,66400
handcrafted,8f532cfb8eea51ee3ab762f0b5f4030eb642874c67585a8721cb97e6a1042e85,handcrafted,handcrafted,0,fixture,date,streaming,1,11,11,balanced,100000,0,212300
handcrafted,8f532cfb8eea51ee3ab762f0b5f4030eb642874c67585a8721cb97e6a1042e85,handcrafted,handcrafted,0,fixture,date,streaming,1,11,11,baseline,0,0,258200
handcrafted,8f532cfb8eea51ee3ab762f0b5f4030eb642874c67585a8721cb97e6a1042e85,handcrafted,handcrafted,0,fixture,date,streaming,1,11,11,repair,100000,0,265500
handcrafted,8f532cfb8eea51ee3ab762f0b5f4030eb642874c67585a8721cb97e6a1042e85,handcrafted,handcrafted,0,fixture,date,streaming,1,11,11,repair,100000,1,213100
handcrafted,8f532cfb8eea51ee3ab762f0b5f4030eb642874c67585a8721cb97e6a1042e85,handcrafted,handcrafted,0,fixture,date,streaming,1,11,11,balanced,100000,1,172400
handcrafted,8f532cfb8eea51ee3ab762f0b5f4030eb642874c67585a8721cb97e6a1042e85,handcrafted,handcrafted,0,fixture,date,streaming,1,11,11,baseline,0,1,163000
handcrafted,8f532cfb8eea51ee3ab762f0b5f4030eb642874c67585a8721cb97e6a1042e85,handcrafted,handcrafted,0,fixture,date,streaming,1,11,11,balanced,100000,2,222200
handcrafted,8f532cfb8eea51ee3ab762f0b5f4030eb642874c67585a8721cb97e6a1042e85,handcrafted,handcrafted,0,fixture,date,streaming,1,11,11,baseline,0,2,191700
handcrafted,8f532cfb8eea51ee3ab762f0b5f4030eb642874c67585a8721cb97e6a1042e85,handcrafted,handcrafted,0,fixture,date,streaming,1,11,11,repair,100000,2,195500
handcrafted,8f532cfb8eea51ee3ab762f0b5f4030eb642874c67585a8721cb97e6a1042e85,handcrafted,handcrafted,0,fixture,datetime,auto,1,11,11,repair,100000,0,72700
handcrafted,8f532cfb8eea51ee3ab762f0b5f4030eb642874c67585a8721cb97e6a1042e85,handcrafted,handcrafted,0,fixture,datetime,auto,1,11,11,balanced,100000,0,66200
handcrafted,8f532cfb8eea51ee3ab762f0b5f4030eb642874c67585a8721cb97e6a1042e85,handcrafted,handcrafted,0,fixture,datetime,auto,1,11,11,baseline,0,0,60300
handcrafted,8f532cfb8eea51ee3ab762f0b5f4030eb642874c67585a8721cb97e6a1042e85,handcrafted,handcrafted,0,fixture,datetime,auto,1,11,11,repair,100000,1,73700
handcrafted,8f532cfb8eea51ee3ab762f0b5f4030eb642874c67585a8721cb97e6a1042e85,handcrafted,handcrafted,0,fixture,datetime,auto,1,11,11,balanced,100000,1,82700
handcrafted,8f532cfb8eea51ee3ab762f0b5f4030eb642874c67585a8721cb97e6a1042e85,handcrafted,handcrafted,0,fixture,datetime,auto,1,11,11,baseline,0,1,60400
handcrafted,8f532cfb8eea51ee3ab762f0b5f4030eb642874c67585a8721cb97e6a1042e85,handcrafted,handcrafted,0,fixture,datetime,auto,1,11,11,repair,100000,2,72100
handcrafted,8f532cfb8eea51ee3ab762f0b5f4030eb642874c67585a8721cb97e6a1042e85,handcrafted,handcrafted,0,fixture,datetime,auto,1,11,11,balanced,100000,2,64900
handcrafted,8f532cfb8eea51ee3ab762f0b5f4030eb642874c67585a8721cb97e6a1042e85,handcrafted,handcrafted,0,fixture,datetime,auto,1,11,11,baseline,0,2,57900
handcrafted,8f532cfb8eea51ee3ab762f0b5f4030eb642874c67585a8721cb97e6a1042e85,handcrafted,handcrafted,0,fixture,datetime,streaming,1,11,11,baseline,0,0,180700
handcrafted,8f532cfb8eea51ee3ab762f0b5f4030eb642874c67585a8721cb97e6a1042e85,handcrafted,handcrafted,0,fixture,datetime,streaming,1,11,11,repair,100000,0,189400
handcrafted,8f532cfb8eea51ee3ab762f0b5f4030eb642874c67585a8721cb97e6a1042e85,handcrafted,handcrafted,0,fixture,datetime,streaming,1,11,11,balanced,100000,0,174400
handcrafted,8f532cfb8eea51ee3ab762f0b5f4030eb642874c67585a8721cb97e6a1042e85,handcrafted,handcrafted,0,fixture,datetime,streaming,1,11,11,balanced,100000,1,182100
handcrafted,8f532cfb8eea51ee3ab762f0b5f4030eb642874c67585a8721cb97e6a1042e85,handcrafted,handcrafted,0,fixture,datetime,streaming,1,11,11,baseline,0,1,177500
handcrafted,8f532cfb8eea51ee3ab762f0b5f4030eb642874c67585a8721cb97e6a1042e85,handcrafted,handcrafted,0,fixture,datetime,streaming,1,11,11,repair,100000,1,183800
handcrafted,8f532cfb8eea51ee3ab762f0b5f4030eb642874c67585a8721cb97e6a1042e85,handcrafted,handcrafted,0,fixture,datetime,streaming,1,11,11,baseline,0,2,178800
handcrafted,8f532cfb8eea51ee3ab762f0b5f4030eb642874c67585a8721cb97e6a1042e85,handcrafted,handcrafted,0,fixture,datetime,streaming,1,11,11,repair,100000,2,180500
handcrafted,8f532cfb8eea51ee3ab762f0b5f4030eb642874c67585a8721cb97e6a1042e85,handcrafted,handcrafted,0,fixture,datetime,streaming,1,11,11,balanced,100000,2,185800
handcrafted,8f532cfb8eea51ee3ab762f0b5f4030eb642874c67585a8721cb97e6a1042e85,handcrafted,handcrafted,0,fixture,grouped,auto,4,44,11,balanced,100000,0,122500
handcrafted,8f532cfb8eea51ee3ab762f0b5f4030eb642874c67585a8721cb97e6a1042e85,handcrafted,handcrafted,0,fixture,grouped,auto,4,44,11,baseline,0,0,110000
handcrafted,8f532cfb8eea51ee3ab762f0b5f4030eb642874c67585a8721cb97e6a1042e85,handcrafted,handcrafted,0,fixture,grouped,auto,4,44,11,repair,100000,0,141400
handcrafted,8f532cfb8eea51ee3ab762f0b5f4030eb642874c67585a8721cb97e6a1042e85,handcrafted,handcrafted,0,fixture,grouped,auto,4,44,11,repair,100000,1,143300
handcrafted,8f532cfb8eea51ee3ab762f0b5f4030eb642874c67585a8721cb97e6a1042e85,handcrafted,handcrafted,0,fixture,grouped,auto,4,44,11,balanced,100000,1,120600
handcrafted,8f532cfb8eea51ee3ab762f0b5f4030eb642874c67585a8721cb97e6a1042e85,handcrafted,handcrafted,0,fixture,grouped,auto,4,44,11,baseline,0,1,107900
handcrafted,8f532cfb8eea51ee3ab762f0b5f4030eb642874c67585a8721cb97e6a1042e85,handcrafted,handcrafted,0,fixture,grouped,auto,4,44,11,repair,100000,2,133600
handcrafted,8f532cfb8eea51ee3ab762f0b5f4030eb642874c67585a8721cb97e6a1042e85,handcrafted,handcrafted,0,fixture,grouped,auto,4,44,11,balanced,100000,2,124400
handcrafted,8f532cfb8eea51ee3ab762f0b5f4030eb642874c67585a8721cb97e6a1042e85,handcrafted,handcrafted,0,fixture,grouped,auto,4,44,11,baseline,0,2,107900
handcrafted,8f532cfb8eea51ee3ab762f0b5f4030eb642874c67585a8721cb97e6a1042e85,handcrafted,handcrafted,0,fixture,grouped,streaming,4,44,11,repair,100000,0,246700
handcrafted,8f532cfb8eea51ee3ab762f0b5f4030eb642874c67585a8721cb97e6a1042e85,handcrafted,handcrafted,0,fixture,grouped,streaming,4,44,11,balanced,100000,0,222200
handcrafted,8f532cfb8eea51ee3ab762f0b5f4030eb642874c67585a8721cb97e6a1042e85,handcrafted,handcrafted,0,fixture,grouped,streaming,4,44,11,baseline,0,0,223400
handcrafted,8f532cfb8eea51ee3ab762f0b5f4030eb642874c67585a8721cb97e6a1042e85,handcrafted,handcrafted,0,fixture,grouped,streaming,4,44,11,repair,100000,1,278900
handcrafted,8f532cfb8eea51ee3ab762f0b5f4030eb642874c67585a8721cb97e6a1042e85,handcrafted,handcrafted,0,fixture,grouped,streaming,4,44,11,balanced,100000,1,270500
handcrafted,8f532cfb8eea51ee3ab762f0b5f4030eb642874c67585a8721cb97e6a1042e85,handcrafted,handcrafted,0,fixture,grouped,streaming,4,44,11,baseline,0,1,249700
handcrafted,8f532cfb8eea51ee3ab762f0b5f4030eb642874c67585a8721cb97e6a1042e85,handcrafted,handcrafted,0,fixture,grouped,streaming,4,44,11,baseline,0,2,249100
handcrafted,8f532cfb8eea51ee3ab762f0b5f4030eb642874c67585a8721cb97e6a1042e85,handcrafted,handcrafted,0,fixture,grouped,streaming,4,44,11,repair,100000,2,269600
handcrafted,8f532cfb8eea51ee3ab762f0b5f4030eb642874c67585a8721cb97e6a1042e85,handcrafted,handcrafted,0,fixture,grouped,streaming,4,44,11,balanced,100000,2,226800
handcrafted,8f532cfb8eea51ee3ab762f0b5f4030eb642874c67585a8721cb97e6a1042e85,handcrafted,handcrafted,0,fixture,sliced,auto,1,11,11,baseline,0,0,56700
handcrafted,8f532cfb8eea51ee3ab762f0b5f4030eb642874c67585a8721cb97e6a1042e85,handcrafted,handcrafted,0,fixture,sliced,auto,1,11,11,repair,100000,0,65300
handcrafted,8f532cfb8eea51ee3ab762f0b5f4030eb642874c67585a8721cb97e6a1042e85,handcrafted,handcrafted,0,fixture,sliced,auto,1,11,11,balanced,100000,0,61300
handcrafted,8f532cfb8eea51ee3ab762f0b5f4030eb642874c67585a8721cb97e6a1042e85,handcrafted,handcrafted,0,fixture,sliced,auto,1,11,11,balanced,100000,1,62900
handcrafted,8f532cfb8eea51ee3ab762f0b5f4030eb642874c67585a8721cb97e6a1042e85,handcrafted,handcrafted,0,fixture,sliced,auto,1,11,11,baseline,0,1,55000
handcrafted,8f532cfb8eea51ee3ab762f0b5f4030eb642874c67585a8721cb97e6a1042e85,handcrafted,handcrafted,0,fixture,sliced,auto,1,11,11,repair,100000,1,64000
handcrafted,8f532cfb8eea51ee3ab762f0b5f4030eb642874c67585a8721cb97e6a1042e85,handcrafted,handcrafted,0,fixture,sliced,auto,1,11,11,balanced,100000,2,63600
handcrafted,8f532cfb8eea51ee3ab762f0b5f4030eb642874c67585a8721cb97e6a1042e85,handcrafted,handcrafted,0,fixture,sliced,auto,1,11,11,baseline,0,2,54400
handcrafted,8f532cfb8eea51ee3ab762f0b5f4030eb642874c67585a8721cb97e6a1042e85,handcrafted,handcrafted,0,fixture,sliced,auto,1,11,11,repair,100000,2,67100
handcrafted,8f532cfb8eea51ee3ab762f0b5f4030eb642874c67585a8721cb97e6a1042e85,handcrafted,handcrafted,0,fixture,sliced,streaming,1,11,11,repair,100000,0,174300
handcrafted,8f532cfb8eea51ee3ab762f0b5f4030eb642874c67585a8721cb97e6a1042e85,handcrafted,handcrafted,0,fixture,sliced,streaming,1,11,11,balanced,100000,0,177100
handcrafted,8f532cfb8eea51ee3ab762f0b5f4030eb642874c67585a8721cb97e6a1042e85,handcrafted,handcrafted,0,fixture,sliced,streaming,1,11,11,baseline,0,0,174600
handcrafted,8f532cfb8eea51ee3ab762f0b5f4030eb642874c67585a8721cb97e6a1042e85,handcrafted,handcrafted,0,fixture,sliced,streaming,1,11,11,baseline,0,1,167200
handcrafted,8f532cfb8eea51ee3ab762f0b5f4030eb642874c67585a8721cb97e6a1042e85,handcrafted,handcrafted,0,fixture,sliced,streaming,1,11,11,repair,100000,1,173100
handcrafted,8f532cfb8eea51ee3ab762f0b5f4030eb642874c67585a8721cb97e6a1042e85,handcrafted,handcrafted,0,fixture,sliced,streaming,1,11,11,balanced,100000,1,165000
handcrafted,8f532cfb8eea51ee3ab762f0b5f4030eb642874c67585a8721cb97e6a1042e85,handcrafted,handcrafted,0,fixture,sliced,streaming,1,11,11,baseline,0,2,160500
handcrafted,8f532cfb8eea51ee3ab762f0b5f4030eb642874c67585a8721cb97e6a1042e85,handcrafted,handcrafted,0,fixture,sliced,streaming,1,11,11,repair,100000,2,178400
handcrafted,8f532cfb8eea51ee3ab762f0b5f4030eb642874c67585a8721cb97e6a1042e85,handcrafted,handcrafted,0,fixture,sliced,streaming,1,11,11,balanced,100000,2,161100
handcrafted,8f532cfb8eea51ee3ab762f0b5f4030eb642874c67585a8721cb97e6a1042e85,handcrafted,handcrafted,0,fixture,multi_chunk,auto,1,11,11,repair,100000,0,68700
handcrafted,8f532cfb8eea51ee3ab762f0b5f4030eb642874c67585a8721cb97e6a1042e85,handcrafted,handcrafted,0,fixture,multi_chunk,auto,1,11,11,balanced,100000,0,61900
handcrafted,8f532cfb8eea51ee3ab762f0b5f4030eb642874c67585a8721cb97e6a1042e85,handcrafted,handcrafted,0,fixture,multi_chunk,auto,1,11,11,baseline,0,0,57200
handcrafted,8f532cfb8eea51ee3ab762f0b5f4030eb642874c67585a8721cb97e6a1042e85,handcrafted,handcrafted,0,fixture,multi_chunk,auto,1,11,11,repair,100000,1,68500
handcrafted,8f532cfb8eea51ee3ab762f0b5f4030eb642874c67585a8721cb97e6a1042e85,handcrafted,handcrafted,0,fixture,multi_chunk,auto,1,11,11,balanced,100000,1,63000
handcrafted,8f532cfb8eea51ee3ab762f0b5f4030eb642874c67585a8721cb97e6a1042e85,handcrafted,handcrafted,0,fixture,multi_chunk,auto,1,11,11,baseline,0,1,56400
handcrafted,8f532cfb8eea51ee3ab762f0b5f4030eb642874c67585a8721cb97e6a1042e85,handcrafted,handcrafted,0,fixture,multi_chunk,auto,1,11,11,baseline,0,2,65400
handcrafted,8f532cfb8eea51ee3ab762f0b5f4030eb642874c67585a8721cb97e6a1042e85,handcrafted,handcrafted,0,fixture,multi_chunk,auto,1,11,11,repair,100000,2,65100
handcrafted,8f532cfb8eea51ee3ab762f0b5f4030eb642874c67585a8721cb97e6a1042e85,handcrafted,handcrafted,0,fixture,multi_chunk,auto,1,11,11,balanced,100000,2,61500
handcrafted,8f532cfb8eea51ee3ab762f0b5f4030eb642874c67585a8721cb97e6a1042e85,handcrafted,handcrafted,0,fixture,multi_chunk,streaming,1,11,11,baseline,0,0,246400
handcrafted,8f532cfb8eea51ee3ab762f0b5f4030eb642874c67585a8721cb97e6a1042e85,handcrafted,handcrafted,0,fixture,multi_chunk,streaming,1,11,11,repair,100000,0,300500
handcrafted,8f532cfb8eea51ee3ab762f0b5f4030eb642874c67585a8721cb97e6a1042e85,handcrafted,handcrafted,0,fixture,multi_chunk,streaming,1,11,11,balanced,100000,0,239400
handcrafted,8f532cfb8eea51ee3ab762f0b5f4030eb642874c67585a8721cb97e6a1042e85,handcrafted,handcrafted,0,fixture,multi_chunk,streaming,1,11,11,balanced,100000,1,192600
handcrafted,8f532cfb8eea51ee3ab762f0b5f4030eb642874c67585a8721cb97e6a1042e85,handcrafted,handcrafted,0,fixture,multi_chunk,streaming,1,11,11,baseline,0,1,162000
handcrafted,8f532cfb8eea51ee3ab762f0b5f4030eb642874c67585a8721cb97e6a1042e85,handcrafted,handcrafted,0,fixture,multi_chunk,streaming,1,11,11,repair,100000,1,180000
handcrafted,8f532cfb8eea51ee3ab762f0b5f4030eb642874c67585a8721cb97e6a1042e85,handcrafted,handcrafted,0,fixture,multi_chunk,streaming,1,11,11,balanced,100000,2,178000
handcrafted,8f532cfb8eea51ee3ab762f0b5f4030eb642874c67585a8721cb97e6a1042e85,handcrafted,handcrafted,0,fixture,multi_chunk,streaming,1,11,11,baseline,0,2,212000
handcrafted,8f532cfb8eea51ee3ab762f0b5f4030eb642874c67585a8721cb97e6a1042e85,handcrafted,handcrafted,0,fixture,multi_chunk,streaming,1,11,11,repair,100000,2,239200
handcrafted,191874804687ec31efb2a075798edfc68f07b21ed854e10af71298ffd73fd2ee,handcrafted,handcrafted,0,fixture,integer,auto,1,1000,1000,repair,100000,0,169500
handcrafted,191874804687ec31efb2a075798edfc68f07b21ed854e10af71298ffd73fd2ee,handcrafted,handcrafted,0,fixture,integer,auto,1,1000,1000,balanced,100000,0,97600
handcrafted,191874804687ec31efb2a075798edfc68f07b21ed854e10af71298ffd73fd2ee,handcrafted,handcrafted,0,fixture,integer,auto,1,1000,1000,baseline,0,0,66000
handcrafted,191874804687ec31efb2a075798edfc68f07b21ed854e10af71298ffd73fd2ee,handcrafted,handcrafted,0,fixture,integer,auto,1,1000,1000,balanced,100000,1,103800
handcrafted,191874804687ec31efb2a075798edfc68f07b21ed854e10af71298ffd73fd2ee,handcrafted,handcrafted,0,fixture,integer,auto,1,1000,1000,baseline,0,1,64100
handcrafted,191874804687ec31efb2a075798edfc68f07b21ed854e10af71298ffd73fd2ee,handcrafted,handcrafted,0,fixture,integer,auto,1,1000,1000,repair,100000,1,166000
handcrafted,191874804687ec31efb2a075798edfc68f07b21ed854e10af71298ffd73fd2ee,handcrafted,handcrafted,0,fixture,integer,auto,1,1000,1000,repair,100000,2,168700
handcrafted,191874804687ec31efb2a075798edfc68f07b21ed854e10af71298ffd73fd2ee,handcrafted,handcrafted,0,fixture,integer,auto,1,1000,1000,balanced,100000,2,99200
handcrafted,191874804687ec31efb2a075798edfc68f07b21ed854e10af71298ffd73fd2ee,handcrafted,handcrafted,0,fixture,integer,auto,1,1000,1000,baseline,0,2,65700
handcrafted,191874804687ec31efb2a075798edfc68f07b21ed854e10af71298ffd73fd2ee,handcrafted,handcrafted,0,fixture,integer,streaming,1,1000,1000,baseline,0,0,182300
handcrafted,191874804687ec31efb2a075798edfc68f07b21ed854e10af71298ffd73fd2ee,handcrafted,handcrafted,0,fixture,integer,streaming,1,1000,1000,repair,100000,0,273900
handcrafted,191874804687ec31efb2a075798edfc68f07b21ed854e10af71298ffd73fd2ee,handcrafted,handcrafted,0,fixture,integer,streaming,1,1000,1000,balanced,100000,0,209800
handcrafted,191874804687ec31efb2a075798edfc68f07b21ed854e10af71298ffd73fd2ee,handcrafted,handcrafted,0,fixture,integer,streaming,1,1000,1000,balanced,100000,1,206200
handcrafted,191874804687ec31efb2a075798edfc68f07b21ed854e10af71298ffd73fd2ee,handcrafted,handcrafted,0,fixture,integer,streaming,1,1000,1000,baseline,0,1,172800
handcrafted,191874804687ec31efb2a075798edfc68f07b21ed854e10af71298ffd73fd2ee,handcrafted,handcrafted,0,fixture,integer,streaming,1,1000,1000,repair,100000,1,277700
handcrafted,191874804687ec31efb2a075798edfc68f07b21ed854e10af71298ffd73fd2ee,handcrafted,handcrafted,0,fixture,integer,streaming,1,1000,1000,balanced,100000,2,248800
handcrafted,191874804687ec31efb2a075798edfc68f07b21ed854e10af71298ffd73fd2ee,handcrafted,handcrafted,0,fixture,integer,streaming,1,1000,1000,baseline,0,2,208100
handcrafted,191874804687ec31efb2a075798edfc68f07b21ed854e10af71298ffd73fd2ee,handcrafted,handcrafted,0,fixture,integer,streaming,1,1000,1000,repair,100000,2,362100
handcrafted,191874804687ec31efb2a075798edfc68f07b21ed854e10af71298ffd73fd2ee,handcrafted,handcrafted,0,fixture,date,auto,1,1000,1000,repair,100000,0,170600
handcrafted,191874804687ec31efb2a075798edfc68f07b21ed854e10af71298ffd73fd2ee,handcrafted,handcrafted,0,fixture,date,auto,1,1000,1000,balanced,100000,0,107300
handcrafted,191874804687ec31efb2a075798edfc68f07b21ed854e10af71298ffd73fd2ee,handcrafted,handcrafted,0,fixture,date,auto,1,1000,1000,baseline,0,0,67300
handcrafted,191874804687ec31efb2a075798edfc68f07b21ed854e10af71298ffd73fd2ee,handcrafted,handcrafted,0,fixture,date,auto,1,1000,1000,balanced,100000,1,105600
handcrafted,191874804687ec31efb2a075798edfc68f07b21ed854e10af71298ffd73fd2ee,handcrafted,handcrafted,0,fixture,date,auto,1,1000,1000,baseline,0,1,69400
handcrafted,191874804687ec31efb2a075798edfc68f07b21ed854e10af71298ffd73fd2ee,handcrafted,handcrafted,0,fixture,date,auto,1,1000,1000,repair,100000,1,175700
handcrafted,191874804687ec31efb2a075798edfc68f07b21ed854e10af71298ffd73fd2ee,handcrafted,handcrafted,0,fixture,date,auto,1,1000,1000,baseline,0,2,70300
handcrafted,191874804687ec31efb2a075798edfc68f07b21ed854e10af71298ffd73fd2ee,handcrafted,handcrafted,0,fixture,date,auto,1,1000,1000,repair,100000,2,163700
handcrafted,191874804687ec31efb2a075798edfc68f07b21ed854e10af71298ffd73fd2ee,handcrafted,handcrafted,0,fixture,date,auto,1,1000,1000,balanced,100000,2,102700
handcrafted,191874804687ec31efb2a075798edfc68f07b21ed854e10af71298ffd73fd2ee,handcrafted,handcrafted,0,fixture,date,streaming,1,1000,1000,balanced,100000,0,208100
handcrafted,191874804687ec31efb2a075798edfc68f07b21ed854e10af71298ffd73fd2ee,handcrafted,handcrafted,0,fixture,date,streaming,1,1000,1000,baseline,0,0,168700
handcrafted,191874804687ec31efb2a075798edfc68f07b21ed854e10af71298ffd73fd2ee,handcrafted,handcrafted,0,fixture,date,streaming,1,1000,1000,repair,100000,0,401700
handcrafted,191874804687ec31efb2a075798edfc68f07b21ed854e10af71298ffd73fd2ee,handcrafted,handcrafted,0,fixture,date,streaming,1,1000,1000,balanced,100000,1,212400
handcrafted,191874804687ec31efb2a075798edfc68f07b21ed854e10af71298ffd73fd2ee,handcrafted,handcrafted,0,fixture,date,streaming,1,1000,1000,baseline,0,1,168400
handcrafted,191874804687ec31efb2a075798edfc68f07b21ed854e10af71298ffd73fd2ee,handcrafted,handcrafted,0,fixture,date,streaming,1,1000,1000,repair,100000,1,310000
handcrafted,191874804687ec31efb2a075798edfc68f07b21ed854e10af71298ffd73fd2ee,handcrafted,handcrafted,0,fixture,date,streaming,1,1000,1000,baseline,0,2,176500
handcrafted,191874804687ec31efb2a075798edfc68f07b21ed854e10af71298ffd73fd2ee,handcrafted,handcrafted,0,fixture,date,streaming,1,1000,1000,repair,100000,2,412800
handcrafted,191874804687ec31efb2a075798edfc68f07b21ed854e10af71298ffd73fd2ee,handcrafted,handcrafted,0,fixture,date,streaming,1,1000,1000,balanced,100000,2,309800
handcrafted,191874804687ec31efb2a075798edfc68f07b21ed854e10af71298ffd73fd2ee,handcrafted,handcrafted,0,fixture,datetime,auto,1,1000,1000,balanced,100000,0,104100
handcrafted,191874804687ec31efb2a075798edfc68f07b21ed854e10af71298ffd73fd2ee,handcrafted,handcrafted,0,fixture,datetime,auto,1,1000,1000,baseline,0,0,77600
handcrafted,191874804687ec31efb2a075798edfc68f07b21ed854e10af71298ffd73fd2ee,handcrafted,handcrafted,0,fixture,datetime,auto,1,1000,1000,repair,100000,0,167700
handcrafted,191874804687ec31efb2a075798edfc68f07b21ed854e10af71298ffd73fd2ee,handcrafted,handcrafted,0,fixture,datetime,auto,1,1000,1000,baseline,0,1,75300
handcrafted,191874804687ec31efb2a075798edfc68f07b21ed854e10af71298ffd73fd2ee,handcrafted,handcrafted,0,fixture,datetime,auto,1,1000,1000,repair,100000,1,168800
handcrafted,191874804687ec31efb2a075798edfc68f07b21ed854e10af71298ffd73fd2ee,handcrafted,handcrafted,0,fixture,datetime,auto,1,1000,1000,balanced,100000,1,113300
handcrafted,191874804687ec31efb2a075798edfc68f07b21ed854e10af71298ffd73fd2ee,handcrafted,handcrafted,0,fixture,datetime,auto,1,1000,1000,balanced,100000,2,105500
handcrafted,191874804687ec31efb2a075798edfc68f07b21ed854e10af71298ffd73fd2ee,handcrafted,handcrafted,0,fixture,datetime,auto,1,1000,1000,baseline,0,2,72400
handcrafted,191874804687ec31efb2a075798edfc68f07b21ed854e10af71298ffd73fd2ee,handcrafted,handcrafted,0,fixture,datetime,auto,1,1000,1000,repair,100000,2,172900
handcrafted,191874804687ec31efb2a075798edfc68f07b21ed854e10af71298ffd73fd2ee,handcrafted,handcrafted,0,fixture,datetime,streaming,1,1000,1000,repair,100000,0,299600
handcrafted,191874804687ec31efb2a075798edfc68f07b21ed854e10af71298ffd73fd2ee,handcrafted,handcrafted,0,fixture,datetime,streaming,1,1000,1000,balanced,100000,0,203200
handcrafted,191874804687ec31efb2a075798edfc68f07b21ed854e10af71298ffd73fd2ee,handcrafted,handcrafted,0,fixture,datetime,streaming,1,1000,1000,baseline,0,0,160100
handcrafted,191874804687ec31efb2a075798edfc68f07b21ed854e10af71298ffd73fd2ee,handcrafted,handcrafted,0,fixture,datetime,streaming,1,1000,1000,balanced,100000,1,204000
handcrafted,191874804687ec31efb2a075798edfc68f07b21ed854e10af71298ffd73fd2ee,handcrafted,handcrafted,0,fixture,datetime,streaming,1,1000,1000,baseline,0,1,180800
handcrafted,191874804687ec31efb2a075798edfc68f07b21ed854e10af71298ffd73fd2ee,handcrafted,handcrafted,0,fixture,datetime,streaming,1,1000,1000,repair,100000,1,276900
handcrafted,191874804687ec31efb2a075798edfc68f07b21ed854e10af71298ffd73fd2ee,handcrafted,handcrafted,0,fixture,datetime,streaming,1,1000,1000,repair,100000,2,286100
handcrafted,191874804687ec31efb2a075798edfc68f07b21ed854e10af71298ffd73fd2ee,handcrafted,handcrafted,0,fixture,datetime,streaming,1,1000,1000,balanced,100000,2,247700
handcrafted,191874804687ec31efb2a075798edfc68f07b21ed854e10af71298ffd73fd2ee,handcrafted,handcrafted,0,fixture,datetime,streaming,1,1000,1000,baseline,0,2,181000
handcrafted,191874804687ec31efb2a075798edfc68f07b21ed854e10af71298ffd73fd2ee,handcrafted,handcrafted,0,fixture,grouped,auto,4,4000,1000,baseline,0,0,195300
handcrafted,191874804687ec31efb2a075798edfc68f07b21ed854e10af71298ffd73fd2ee,handcrafted,handcrafted,0,fixture,grouped,auto,4,4000,1000,repair,100000,0,555900
handcrafted,191874804687ec31efb2a075798edfc68f07b21ed854e10af71298ffd73fd2ee,handcrafted,handcrafted,0,fixture,grouped,auto,4,4000,1000,balanced,100000,0,295200
handcrafted,191874804687ec31efb2a075798edfc68f07b21ed854e10af71298ffd73fd2ee,handcrafted,handcrafted,0,fixture,grouped,auto,4,4000,1000,balanced,100000,1,363200
handcrafted,191874804687ec31efb2a075798edfc68f07b21ed854e10af71298ffd73fd2ee,handcrafted,handcrafted,0,fixture,grouped,auto,4,4000,1000,baseline,0,1,188400
handcrafted,191874804687ec31efb2a075798edfc68f07b21ed854e10af71298ffd73fd2ee,handcrafted,handcrafted,0,fixture,grouped,auto,4,4000,1000,repair,100000,1,550300
handcrafted,191874804687ec31efb2a075798edfc68f07b21ed854e10af71298ffd73fd2ee,handcrafted,handcrafted,0,fixture,grouped,auto,4,4000,1000,repair,100000,2,569100
handcrafted,191874804687ec31efb2a075798edfc68f07b21ed854e10af71298ffd73fd2ee,handcrafted,handcrafted,0,fixture,grouped,auto,4,4000,1000,balanced,100000,2,369300
handcrafted,191874804687ec31efb2a075798edfc68f07b21ed854e10af71298ffd73fd2ee,handcrafted,handcrafted,0,fixture,grouped,auto,4,4000,1000,baseline,0,2,206200
handcrafted,191874804687ec31efb2a075798edfc68f07b21ed854e10af71298ffd73fd2ee,handcrafted,handcrafted,0,fixture,grouped,streaming,4,4000,1000,balanced,100000,0,494300
handcrafted,191874804687ec31efb2a075798edfc68f07b21ed854e10af71298ffd73fd2ee,handcrafted,handcrafted,0,fixture,grouped,streaming,4,4000,1000,baseline,0,0,343200
handcrafted,191874804687ec31efb2a075798edfc68f07b21ed854e10af71298ffd73fd2ee,handcrafted,handcrafted,0,fixture,grouped,streaming,4,4000,1000,repair,100000,0,707600
handcrafted,191874804687ec31efb2a075798edfc68f07b21ed854e10af71298ffd73fd2ee,handcrafted,handcrafted,0,fixture,grouped,streaming,4,4000,1000,balanced,100000,1,454400
handcrafted,191874804687ec31efb2a075798edfc68f07b21ed854e10af71298ffd73fd2ee,handcrafted,handcrafted,0,fixture,grouped,streaming,4,4000,1000,baseline,0,1,265900
handcrafted,191874804687ec31efb2a075798edfc68f07b21ed854e10af71298ffd73fd2ee,handcrafted,handcrafted,0,fixture,grouped,streaming,4,4000,1000,repair,100000,1,688700
handcrafted,191874804687ec31efb2a075798edfc68f07b21ed854e10af71298ffd73fd2ee,handcrafted,handcrafted,0,fixture,grouped,streaming,4,4000,1000,repair,100000,2,651600
handcrafted,191874804687ec31efb2a075798edfc68f07b21ed854e10af71298ffd73fd2ee,handcrafted,handcrafted,0,fixture,grouped,streaming,4,4000,1000,balanced,100000,2,384100
handcrafted,191874804687ec31efb2a075798edfc68f07b21ed854e10af71298ffd73fd2ee,handcrafted,handcrafted,0,fixture,grouped,streaming,4,4000,1000,baseline,0,2,456600
handcrafted,191874804687ec31efb2a075798edfc68f07b21ed854e10af71298ffd73fd2ee,handcrafted,handcrafted,0,fixture,sliced,auto,1,1000,1000,repair,100000,0,168900
handcrafted,191874804687ec31efb2a075798edfc68f07b21ed854e10af71298ffd73fd2ee,handcrafted,handcrafted,0,fixture,sliced,auto,1,1000,1000,balanced,100000,0,101500
handcrafted,191874804687ec31efb2a075798edfc68f07b21ed854e10af71298ffd73fd2ee,handcrafted,handcrafted,0,fixture,sliced,auto,1,1000,1000,baseline,0,0,67900
handcrafted,191874804687ec31efb2a075798edfc68f07b21ed854e10af71298ffd73fd2ee,handcrafted,handcrafted,0,fixture,sliced,auto,1,1000,1000,repair,100000,1,169500
handcrafted,191874804687ec31efb2a075798edfc68f07b21ed854e10af71298ffd73fd2ee,handcrafted,handcrafted,0,fixture,sliced,auto,1,1000,1000,balanced,100000,1,102600
handcrafted,191874804687ec31efb2a075798edfc68f07b21ed854e10af71298ffd73fd2ee,handcrafted,handcrafted,0,fixture,sliced,auto,1,1000,1000,baseline,0,1,68600
handcrafted,191874804687ec31efb2a075798edfc68f07b21ed854e10af71298ffd73fd2ee,handcrafted,handcrafted,0,fixture,sliced,auto,1,1000,1000,repair,100000,2,177500
handcrafted,191874804687ec31efb2a075798edfc68f07b21ed854e10af71298ffd73fd2ee,handcrafted,handcrafted,0,fixture,sliced,auto,1,1000,1000,balanced,100000,2,107800
handcrafted,191874804687ec31efb2a075798edfc68f07b21ed854e10af71298ffd73fd2ee,handcrafted,handcrafted,0,fixture,sliced,auto,1,1000,1000,baseline,0,2,65800
handcrafted,191874804687ec31efb2a075798edfc68f07b21ed854e10af71298ffd73fd2ee,handcrafted,handcrafted,0,fixture,sliced,streaming,1,1000,1000,baseline,0,0,268200
handcrafted,191874804687ec31efb2a075798edfc68f07b21ed854e10af71298ffd73fd2ee,handcrafted,handcrafted,0,fixture,sliced,streaming,1,1000,1000,repair,100000,0,345600
handcrafted,191874804687ec31efb2a075798edfc68f07b21ed854e10af71298ffd73fd2ee,handcrafted,handcrafted,0,fixture,sliced,streaming,1,1000,1000,balanced,100000,0,226600
handcrafted,191874804687ec31efb2a075798edfc68f07b21ed854e10af71298ffd73fd2ee,handcrafted,handcrafted,0,fixture,sliced,streaming,1,1000,1000,baseline,0,1,198300
handcrafted,191874804687ec31efb2a075798edfc68f07b21ed854e10af71298ffd73fd2ee,handcrafted,handcrafted,0,fixture,sliced,streaming,1,1000,1000,repair,100000,1,404600
handcrafted,191874804687ec31efb2a075798edfc68f07b21ed854e10af71298ffd73fd2ee,handcrafted,handcrafted,0,fixture,sliced,streaming,1,1000,1000,balanced,100000,1,326600
handcrafted,191874804687ec31efb2a075798edfc68f07b21ed854e10af71298ffd73fd2ee,handcrafted,handcrafted,0,fixture,sliced,streaming,1,1000,1000,repair,100000,2,376800
handcrafted,191874804687ec31efb2a075798edfc68f07b21ed854e10af71298ffd73fd2ee,handcrafted,handcrafted,0,fixture,sliced,streaming,1,1000,1000,balanced,100000,2,274200
handcrafted,191874804687ec31efb2a075798edfc68f07b21ed854e10af71298ffd73fd2ee,handcrafted,handcrafted,0,fixture,sliced,streaming,1,1000,1000,baseline,0,2,261400
handcrafted,191874804687ec31efb2a075798edfc68f07b21ed854e10af71298ffd73fd2ee,handcrafted,handcrafted,0,fixture,multi_chunk,auto,1,1000,1000,repair,100000,0,184800
handcrafted,191874804687ec31efb2a075798edfc68f07b21ed854e10af71298ffd73fd2ee,handcrafted,handcrafted,0,fixture,multi_chunk,auto,1,1000,1000,balanced,100000,0,104800
handcrafted,191874804687ec31efb2a075798edfc68f07b21ed854e10af71298ffd73fd2ee,handcrafted,handcrafted,0,fixture,multi_chunk,auto,1,1000,1000,baseline,0,0,69600
handcrafted,191874804687ec31efb2a075798edfc68f07b21ed854e10af71298ffd73fd2ee,handcrafted,handcrafted,0,fixture,multi_chunk,auto,1,1000,1000,balanced,100000,1,111500
handcrafted,191874804687ec31efb2a075798edfc68f07b21ed854e10af71298ffd73fd2ee,handcrafted,handcrafted,0,fixture,multi_chunk,auto,1,1000,1000,baseline,0,1,71000
handcrafted,191874804687ec31efb2a075798edfc68f07b21ed854e10af71298ffd73fd2ee,handcrafted,handcrafted,0,fixture,multi_chunk,auto,1,1000,1000,repair,100000,1,166200
handcrafted,191874804687ec31efb2a075798edfc68f07b21ed854e10af71298ffd73fd2ee,handcrafted,handcrafted,0,fixture,multi_chunk,auto,1,1000,1000,repair,100000,2,173600
handcrafted,191874804687ec31efb2a075798edfc68f07b21ed854e10af71298ffd73fd2ee,handcrafted,handcrafted,0,fixture,multi_chunk,auto,1,1000,1000,balanced,100000,2,101500
handcrafted,191874804687ec31efb2a075798edfc68f07b21ed854e10af71298ffd73fd2ee,handcrafted,handcrafted,0,fixture,multi_chunk,auto,1,1000,1000,baseline,0,2,89700
handcrafted,191874804687ec31efb2a075798edfc68f07b21ed854e10af71298ffd73fd2ee,handcrafted,handcrafted,0,fixture,multi_chunk,streaming,1,1000,1000,baseline,0,0,167600
handcrafted,191874804687ec31efb2a075798edfc68f07b21ed854e10af71298ffd73fd2ee,handcrafted,handcrafted,0,fixture,multi_chunk,streaming,1,1000,1000,repair,100000,0,289100
handcrafted,191874804687ec31efb2a075798edfc68f07b21ed854e10af71298ffd73fd2ee,handcrafted,handcrafted,0,fixture,multi_chunk,streaming,1,1000,1000,balanced,100000,0,217800
handcrafted,191874804687ec31efb2a075798edfc68f07b21ed854e10af71298ffd73fd2ee,handcrafted,handcrafted,0,fixture,multi_chunk,streaming,1,1000,1000,baseline,0,1,174500
handcrafted,191874804687ec31efb2a075798edfc68f07b21ed854e10af71298ffd73fd2ee,handcrafted,handcrafted,0,fixture,multi_chunk,streaming,1,1000,1000,repair,100000,1,388000
handcrafted,191874804687ec31efb2a075798edfc68f07b21ed854e10af71298ffd73fd2ee,handcrafted,handcrafted,0,fixture,multi_chunk,streaming,1,1000,1000,balanced,100000,1,289100
handcrafted,191874804687ec31efb2a075798edfc68f07b21ed854e10af71298ffd73fd2ee,handcrafted,handcrafted,0,fixture,multi_chunk,streaming,1,1000,1000,baseline,0,2,208900
handcrafted,191874804687ec31efb2a075798edfc68f07b21ed854e10af71298ffd73fd2ee,handcrafted,handcrafted,0,fixture,multi_chunk,streaming,1,1000,1000,repair,100000,2,289000
handcrafted,191874804687ec31efb2a075798edfc68f07b21ed854e10af71298ffd73fd2ee,handcrafted,handcrafted,0,fixture,multi_chunk,streaming,1,1000,1000,balanced,100000,2,214200
handcrafted,3494a49d441f67f481d5ff9c4871d7847f9e9610dbfc1aa55c9d0affc577a5f6,handcrafted,handcrafted,0,fixture,integer,auto,1,1000,1000,repair,100000,0,96700
handcrafted,3494a49d441f67f481d5ff9c4871d7847f9e9610dbfc1aa55c9d0affc577a5f6,handcrafted,handcrafted,0,fixture,integer,auto,1,1000,1000,balanced,100000,0,141700
handcrafted,3494a49d441f67f481d5ff9c4871d7847f9e9610dbfc1aa55c9d0affc577a5f6,handcrafted,handcrafted,0,fixture,integer,auto,1,1000,1000,baseline,0,0,69400
handcrafted,3494a49d441f67f481d5ff9c4871d7847f9e9610dbfc1aa55c9d0affc577a5f6,handcrafted,handcrafted,0,fixture,integer,auto,1,1000,1000,repair,100000,1,103500
handcrafted,3494a49d441f67f481d5ff9c4871d7847f9e9610dbfc1aa55c9d0affc577a5f6,handcrafted,handcrafted,0,fixture,integer,auto,1,1000,1000,balanced,100000,1,146900
handcrafted,3494a49d441f67f481d5ff9c4871d7847f9e9610dbfc1aa55c9d0affc577a5f6,handcrafted,handcrafted,0,fixture,integer,auto,1,1000,1000,baseline,0,1,69500
handcrafted,3494a49d441f67f481d5ff9c4871d7847f9e9610dbfc1aa55c9d0affc577a5f6,handcrafted,handcrafted,0,fixture,integer,auto,1,1000,1000,balanced,100000,2,149700
handcrafted,3494a49d441f67f481d5ff9c4871d7847f9e9610dbfc1aa55c9d0affc577a5f6,handcrafted,handcrafted,0,fixture,integer,auto,1,1000,1000,baseline,0,2,71600
handcrafted,3494a49d441f67f481d5ff9c4871d7847f9e9610dbfc1aa55c9d0affc577a5f6,handcrafted,handcrafted,0,fixture,integer,auto,1,1000,1000,repair,100000,2,99600
handcrafted,3494a49d441f67f481d5ff9c4871d7847f9e9610dbfc1aa55c9d0affc577a5f6,handcrafted,handcrafted,0,fixture,integer,streaming,1,1000,1000,baseline,0,0,129100
handcrafted,3494a49d441f67f481d5ff9c4871d7847f9e9610dbfc1aa55c9d0affc577a5f6,handcrafted,handcrafted,0,fixture,integer,streaming,1,1000,1000,repair,100000,0,203800
handcrafted,3494a49d441f67f481d5ff9c4871d7847f9e9610dbfc1aa55c9d0affc577a5f6,handcrafted,handcrafted,0,fixture,integer,streaming,1,1000,1000,balanced,100000,0,235000
handcrafted,3494a49d441f67f481d5ff9c4871d7847f9e9610dbfc1aa55c9d0affc577a5f6,handcrafted,handcrafted,0,fixture,integer,streaming,1,1000,1000,balanced,100000,1,274600
handcrafted,3494a49d441f67f481d5ff9c4871d7847f9e9610dbfc1aa55c9d0affc577a5f6,handcrafted,handcrafted,0,fixture,integer,streaming,1,1000,1000,baseline,0,1,212100
handcrafted,3494a49d441f67f481d5ff9c4871d7847f9e9610dbfc1aa55c9d0affc577a5f6,handcrafted,handcrafted,0,fixture,integer,streaming,1,1000,1000,repair,100000,1,258000
handcrafted,3494a49d441f67f481d5ff9c4871d7847f9e9610dbfc1aa55c9d0affc577a5f6,handcrafted,handcrafted,0,fixture,integer,streaming,1,1000,1000,balanced,100000,2,385500
handcrafted,3494a49d441f67f481d5ff9c4871d7847f9e9610dbfc1aa55c9d0affc577a5f6,handcrafted,handcrafted,0,fixture,integer,streaming,1,1000,1000,baseline,0,2,209800
handcrafted,3494a49d441f67f481d5ff9c4871d7847f9e9610dbfc1aa55c9d0affc577a5f6,handcrafted,handcrafted,0,fixture,integer,streaming,1,1000,1000,repair,100000,2,238600
handcrafted,3494a49d441f67f481d5ff9c4871d7847f9e9610dbfc1aa55c9d0affc577a5f6,handcrafted,handcrafted,0,fixture,date,auto,1,1000,1000,repair,100000,0,116800
handcrafted,3494a49d441f67f481d5ff9c4871d7847f9e9610dbfc1aa55c9d0affc577a5f6,handcrafted,handcrafted,0,fixture,date,auto,1,1000,1000,balanced,100000,0,153500
handcrafted,3494a49d441f67f481d5ff9c4871d7847f9e9610dbfc1aa55c9d0affc577a5f6,handcrafted,handcrafted,0,fixture,date,auto,1,1000,1000,baseline,0,0,71900
handcrafted,3494a49d441f67f481d5ff9c4871d7847f9e9610dbfc1aa55c9d0affc577a5f6,handcrafted,handcrafted,0,fixture,date,auto,1,1000,1000,baseline,0,1,75100
handcrafted,3494a49d441f67f481d5ff9c4871d7847f9e9610dbfc1aa55c9d0affc577a5f6,handcrafted,handcrafted,0,fixture,date,auto,1,1000,1000,repair,100000,1,104500
handcrafted,3494a49d441f67f481d5ff9c4871d7847f9e9610dbfc1aa55c9d0affc577a5f6,handcrafted,handcrafted,0,fixture,date,auto,1,1000,1000,balanced,100000,1,152300
handcrafted,3494a49d441f67f481d5ff9c4871d7847f9e9610dbfc1aa55c9d0affc577a5f6,handcrafted,handcrafted,0,fixture,date,auto,1,1000,1000,balanced,100000,2,162200
handcrafted,3494a49d441f67f481d5ff9c4871d7847f9e9610dbfc1aa55c9d0affc577a5f6,handcrafted,handcrafted,0,fixture,date,auto,1,1000,1000,baseline,0,2,73300
handcrafted,3494a49d441f67f481d5ff9c4871d7847f9e9610dbfc1aa55c9d0affc577a5f6,handcrafted,handcrafted,0,fixture,date,auto,1,1000,1000,repair,100000,2,103500
handcrafted,3494a49d441f67f481d5ff9c4871d7847f9e9610dbfc1aa55c9d0affc577a5f6,handcrafted,handcrafted,0,fixture,date,streaming,1,1000,1000,repair,100000,0,246600
handcrafted,3494a49d441f67f481d5ff9c4871d7847f9e9610dbfc1aa55c9d0affc577a5f6,handcrafted,handcrafted,0,fixture,date,streaming,1,1000,1000,balanced,100000,0,287300
handcrafted,3494a49d441f67f481d5ff9c4871d7847f9e9610dbfc1aa55c9d0affc577a5f6,handcrafted,handcrafted,0,fixture,date,streaming,1,1000,1000,baseline,0,0,220600
handcrafted,3494a49d441f67f481d5ff9c4871d7847f9e9610dbfc1aa55c9d0affc577a5f6,handcrafted,handcrafted,0,fixture,date,streaming,1,1000,1000,repair,100000,1,240000
handcrafted,3494a49d441f67f481d5ff9c4871d7847f9e9610dbfc1aa55c9d0affc577a5f6,handcrafted,handcrafted,0,fixture,date,streaming,1,1000,1000,balanced,100000,1,286400
handcrafted,3494a49d441f67f481d5ff9c4871d7847f9e9610dbfc1aa55c9d0affc577a5f6,handcrafted,handcrafted,0,fixture,date,streaming,1,1000,1000,baseline,0,1,184400
handcrafted,3494a49d441f67f481d5ff9c4871d7847f9e9610dbfc1aa55c9d0affc577a5f6,handcrafted,handcrafted,0,fixture,date,streaming,1,1000,1000,baseline,0,2,176500
handcrafted,3494a49d441f67f481d5ff9c4871d7847f9e9610dbfc1aa55c9d0affc577a5f6,handcrafted,handcrafted,0,fixture,date,streaming,1,1000,1000,repair,100000,2,220500
handcrafted,3494a49d441f67f481d5ff9c4871d7847f9e9610dbfc1aa55c9d0affc577a5f6,handcrafted,handcrafted,0,fixture,date,streaming,1,1000,1000,balanced,100000,2,253200
handcrafted,3494a49d441f67f481d5ff9c4871d7847f9e9610dbfc1aa55c9d0affc577a5f6,handcrafted,handcrafted,0,fixture,datetime,auto,1,1000,1000,baseline,0,0,76900
handcrafted,3494a49d441f67f481d5ff9c4871d7847f9e9610dbfc1aa55c9d0affc577a5f6,handcrafted,handcrafted,0,fixture,datetime,auto,1,1000,1000,repair,100000,0,101900
handcrafted,3494a49d441f67f481d5ff9c4871d7847f9e9610dbfc1aa55c9d0affc577a5f6,handcrafted,handcrafted,0,fixture,datetime,auto,1,1000,1000,balanced,100000,0,153700
handcrafted,3494a49d441f67f481d5ff9c4871d7847f9e9610dbfc1aa55c9d0affc577a5f6,handcrafted,handcrafted,0,fixture,datetime,auto,1,1000,1000,balanced,100000,1,157000
handcrafted,3494a49d441f67f481d5ff9c4871d7847f9e9610dbfc1aa55c9d0affc577a5f6,handcrafted,handcrafted,0,fixture,datetime,auto,1,1000,1000,baseline,0,1,74500
handcrafted,3494a49d441f67f481d5ff9c4871d7847f9e9610dbfc1aa55c9d0affc577a5f6,handcrafted,handcrafted,0,fixture,datetime,auto,1,1000,1000,repair,100000,1,175200
handcrafted,3494a49d441f67f481d5ff9c4871d7847f9e9610dbfc1aa55c9d0affc577a5f6,handcrafted,handcrafted,0,fixture,datetime,auto,1,1000,1000,baseline,0,2,76000
handcrafted,3494a49d441f67f481d5ff9c4871d7847f9e9610dbfc1aa55c9d0affc577a5f6,handcrafted,handcrafted,0,fixture,datetime,auto,1,1000,1000,repair,100000,2,107700
handcrafted,3494a49d441f67f481d5ff9c4871d7847f9e9610dbfc1aa55c9d0affc577a5f6,handcrafted,handcrafted,0,fixture,datetime,auto,1,1000,1000,balanced,100000,2,152500
handcrafted,3494a49d441f67f481d5ff9c4871d7847f9e9610dbfc1aa55c9d0affc577a5f6,handcrafted,handcrafted,0,fixture,datetime,streaming,1,1000,1000,repair,100000,0,212200
handcrafted,3494a49d441f67f481d5ff9c4871d7847f9e9610dbfc1aa55c9d0affc577a5f6,handcrafted,handcrafted,0,fixture,datetime,streaming,1,1000,1000,balanced,100000,0,254100
handcrafted,3494a49d441f67f481d5ff9c4871d7847f9e9610dbfc1aa55c9d0affc577a5f6,handcrafted,handcrafted,0,fixture,datetime,streaming,1,1000,1000,baseline,0,0,178800
handcrafted,3494a49d441f67f481d5ff9c4871d7847f9e9610dbfc1aa55c9d0affc577a5f6,handcrafted,handcrafted,0,fixture,datetime,streaming,1,1000,1000,repair,100000,1,252600
handcrafted,3494a49d441f67f481d5ff9c4871d7847f9e9610dbfc1aa55c9d0affc577a5f6,handcrafted,handcrafted,0,fixture,datetime,streaming,1,1000,1000,balanced,100000,1,295600
handcrafted,3494a49d441f67f481d5ff9c4871d7847f9e9610dbfc1aa55c9d0affc577a5f6,handcrafted,handcrafted,0,fixture,datetime,streaming,1,1000,1000,baseline,0,1,181900
handcrafted,3494a49d441f67f481d5ff9c4871d7847f9e9610dbfc1aa55c9d0affc577a5f6,handcrafted,handcrafted,0,fixture,datetime,streaming,1,1000,1000,repair,100000,2,220000
handcrafted,3494a49d441f67f481d5ff9c4871d7847f9e9610dbfc1aa55c9d0affc577a5f6,handcrafted,handcrafted,0,fixture,datetime,streaming,1,1000,1000,balanced,100000,2,268100
handcrafted,3494a49d441f67f481d5ff9c4871d7847f9e9610dbfc1aa55c9d0affc577a5f6,handcrafted,handcrafted,0,fixture,datetime,streaming,1,1000,1000,baseline,0,2,174600
handcrafted,3494a49d441f67f481d5ff9c4871d7847f9e9610dbfc1aa55c9d0affc577a5f6,handcrafted,handcrafted,0,fixture,grouped,auto,4,4000,1000,baseline,0,0,158700
handcrafted,3494a49d441f67f481d5ff9c4871d7847f9e9610dbfc1aa55c9d0affc577a5f6,handcrafted,handcrafted,0,fixture,grouped,auto,4,4000,1000,repair,100000,0,306000
handcrafted,3494a49d441f67f481d5ff9c4871d7847f9e9610dbfc1aa55c9d0affc577a5f6,handcrafted,handcrafted,0,fixture,grouped,auto,4,4000,1000,balanced,100000,0,472800
handcrafted,3494a49d441f67f481d5ff9c4871d7847f9e9610dbfc1aa55c9d0affc577a5f6,handcrafted,handcrafted,0,fixture,grouped,auto,4,4000,1000,repair,100000,1,272300
handcrafted,3494a49d441f67f481d5ff9c4871d7847f9e9610dbfc1aa55c9d0affc577a5f6,handcrafted,handcrafted,0,fixture,grouped,auto,4,4000,1000,balanced,100000,1,437400
handcrafted,3494a49d441f67f481d5ff9c4871d7847f9e9610dbfc1aa55c9d0affc577a5f6,handcrafted,handcrafted,0,fixture,grouped,auto,4,4000,1000,baseline,0,1,191200
handcrafted,3494a49d441f67f481d5ff9c4871d7847f9e9610dbfc1aa55c9d0affc577a5f6,handcrafted,handcrafted,0,fixture,grouped,auto,4,4000,1000,balanced,100000,2,562000
handcrafted,3494a49d441f67f481d5ff9c4871d7847f9e9610dbfc1aa55c9d0affc577a5f6,handcrafted,handcrafted,0,fixture,grouped,auto,4,4000,1000,baseline,0,2,198800
handcrafted,3494a49d441f67f481d5ff9c4871d7847f9e9610dbfc1aa55c9d0affc577a5f6,handcrafted,handcrafted,0,fixture,grouped,auto,4,4000,1000,repair,100000,2,295500
handcrafted,3494a49d441f67f481d5ff9c4871d7847f9e9610dbfc1aa55c9d0affc577a5f6,handcrafted,handcrafted,0,fixture,grouped,streaming,4,4000,1000,baseline,0,0,247400
handcrafted,3494a49d441f67f481d5ff9c4871d7847f9e9610dbfc1aa55c9d0affc577a5f6,handcrafted,handcrafted,0,fixture,grouped,streaming,4,4000,1000,repair,100000,0,350600
handcrafted,3494a49d441f67f481d5ff9c4871d7847f9e9610dbfc1aa55c9d0affc577a5f6,handcrafted,handcrafted,0,fixture,grouped,streaming,4,4000,1000,balanced,100000,0,650200
handcrafted,3494a49d441f67f481d5ff9c4871d7847f9e9610dbfc1aa55c9d0affc577a5f6,handcrafted,handcrafted,0,fixture,grouped,streaming,4,4000,1000,repair,100000,1,421800
handcrafted,3494a49d441f67f481d5ff9c4871d7847f9e9610dbfc1aa55c9d0affc577a5f6,handcrafted,handcrafted,0,fixture,grouped,streaming,4,4000,1000,balanced,100000,1,526800
handcrafted,3494a49d441f67f481d5ff9c4871d7847f9e9610dbfc1aa55c9d0affc577a5f6,handcrafted,handcrafted,0,fixture,grouped,streaming,4,4000,1000,baseline,0,1,260800
handcrafted,3494a49d441f67f481d5ff9c4871d7847f9e9610dbfc1aa55c9d0affc577a5f6,handcrafted,handcrafted,0,fixture,grouped,streaming,4,4000,1000,baseline,0,2,274500
handcrafted,3494a49d441f67f481d5ff9c4871d7847f9e9610dbfc1aa55c9d0affc577a5f6,handcrafted,handcrafted,0,fixture,grouped,streaming,4,4000,1000,repair,100000,2,343700
handcrafted,3494a49d441f67f481d5ff9c4871d7847f9e9610dbfc1aa55c9d0affc577a5f6,handcrafted,handcrafted,0,fixture,grouped,streaming,4,4000,1000,balanced,100000,2,557200
handcrafted,3494a49d441f67f481d5ff9c4871d7847f9e9610dbfc1aa55c9d0affc577a5f6,handcrafted,handcrafted,0,fixture,sliced,auto,1,1000,1000,repair,100000,0,97900
handcrafted,3494a49d441f67f481d5ff9c4871d7847f9e9610dbfc1aa55c9d0affc577a5f6,handcrafted,handcrafted,0,fixture,sliced,auto,1,1000,1000,balanced,100000,0,141100
handcrafted,3494a49d441f67f481d5ff9c4871d7847f9e9610dbfc1aa55c9d0affc577a5f6,handcrafted,handcrafted,0,fixture,sliced,auto,1,1000,1000,baseline,0,0,68800
handcrafted,3494a49d441f67f481d5ff9c4871d7847f9e9610dbfc1aa55c9d0affc577a5f6,handcrafted,handcrafted,0,fixture,sliced,auto,1,1000,1000,repair,100000,1,102000
handcrafted,3494a49d441f67f481d5ff9c4871d7847f9e9610dbfc1aa55c9d0affc577a5f6,handcrafted,handcrafted,0,fixture,sliced,auto,1,1000,1000,balanced,100000,1,145100
handcrafted,3494a49d441f67f481d5ff9c4871d7847f9e9610dbfc1aa55c9d0affc577a5f6,handcrafted,handcrafted,0,fixture,sliced,auto,1,1000,1000,baseline,0,1,70000
handcrafted,3494a49d441f67f481d5ff9c4871d7847f9e9610dbfc1aa55c9d0affc577a5f6,handcrafted,handcrafted,0,fixture,sliced,auto,1,1000,1000,repair,100000,2,114300
handcrafted,3494a49d441f67f481d5ff9c4871d7847f9e9610dbfc1aa55c9d0affc577a5f6,handcrafted,handcrafted,0,fixture,sliced,auto,1,1000,1000,balanced,100000,2,147300
handcrafted,3494a49d441f67f481d5ff9c4871d7847f9e9610dbfc1aa55c9d0affc577a5f6,handcrafted,handcrafted,0,fixture,sliced,auto,1,1000,1000,baseline,0,2,69200
handcrafted,3494a49d441f67f481d5ff9c4871d7847f9e9610dbfc1aa55c9d0affc577a5f6,handcrafted,handcrafted,0,fixture,sliced,streaming,1,1000,1000,balanced,100000,0,298100
handcrafted,3494a49d441f67f481d5ff9c4871d7847f9e9610dbfc1aa55c9d0affc577a5f6,handcrafted,handcrafted,0,fixture,sliced,streaming,1,1000,1000,baseline,0,0,245000
handcrafted,3494a49d441f67f481d5ff9c4871d7847f9e9610dbfc1aa55c9d0affc577a5f6,handcrafted,handcrafted,0,fixture,sliced,streaming,1,1000,1000,repair,100000,0,265700
handcrafted,3494a49d441f67f481d5ff9c4871d7847f9e9610dbfc1aa55c9d0affc577a5f6,handcrafted,handcrafted,0,fixture,sliced,streaming,1,1000,1000,repair,100000,1,259000
handcrafted,3494a49d441f67f481d5ff9c4871d7847f9e9610dbfc1aa55c9d0affc577a5f6,handcrafted,handcrafted,0,fixture,sliced,streaming,1,1000,1000,balanced,100000,1,421900
handcrafted,3494a49d441f67f481d5ff9c4871d7847f9e9610dbfc1aa55c9d0affc577a5f6,handcrafted,handcrafted,0,fixture,sliced,streaming,1,1000,1000,baseline,0,1,239200
handcrafted,3494a49d441f67f481d5ff9c4871d7847f9e9610dbfc1aa55c9d0affc577a5f6,handcrafted,handcrafted,0,fixture,sliced,streaming,1,1000,1000,balanced,100000,2,418000
handcrafted,3494a49d441f67f481d5ff9c4871d7847f9e9610dbfc1aa55c9d0affc577a5f6,handcrafted,handcrafted,0,fixture,sliced,streaming,1,1000,1000,baseline,0,2,273600
handcrafted,3494a49d441f67f481d5ff9c4871d7847f9e9610dbfc1aa55c9d0affc577a5f6,handcrafted,handcrafted,0,fixture,sliced,streaming,1,1000,1000,repair,100000,2,353400
handcrafted,3494a49d441f67f481d5ff9c4871d7847f9e9610dbfc1aa55c9d0affc577a5f6,handcrafted,handcrafted,0,fixture,multi_chunk,auto,1,1000,1000,baseline,0,0,117700
handcrafted,3494a49d441f67f481d5ff9c4871d7847f9e9610dbfc1aa55c9d0affc577a5f6,handcrafted,handcrafted,0,fixture,multi_chunk,auto,1,1000,1000,repair,100000,0,159900
handcrafted,3494a49d441f67f481d5ff9c4871d7847f9e9610dbfc1aa55c9d0affc577a5f6,handcrafted,handcrafted,0,fixture,multi_chunk,auto,1,1000,1000,balanced,100000,0,235800
handcrafted,3494a49d441f67f481d5ff9c4871d7847f9e9610dbfc1aa55c9d0affc577a5f6,handcrafted,handcrafted,0,fixture,multi_chunk,auto,1,1000,1000,balanced,100000,1,256900
handcrafted,3494a49d441f67f481d5ff9c4871d7847f9e9610dbfc1aa55c9d0affc577a5f6,handcrafted,handcrafted,0,fixture,multi_chunk,auto,1,1000,1000,baseline,0,1,120600
handcrafted,3494a49d441f67f481d5ff9c4871d7847f9e9610dbfc1aa55c9d0affc577a5f6,handcrafted,handcrafted,0,fixture,multi_chunk,auto,1,1000,1000,repair,100000,1,160200
handcrafted,3494a49d441f67f481d5ff9c4871d7847f9e9610dbfc1aa55c9d0affc577a5f6,handcrafted,handcrafted,0,fixture,multi_chunk,auto,1,1000,1000,balanced,100000,2,227800
handcrafted,3494a49d441f67f481d5ff9c4871d7847f9e9610dbfc1aa55c9d0affc577a5f6,handcrafted,handcrafted,0,fixture,multi_chunk,auto,1,1000,1000,baseline,0,2,123200
handcrafted,3494a49d441f67f481d5ff9c4871d7847f9e9610dbfc1aa55c9d0affc577a5f6,handcrafted,handcrafted,0,fixture,multi_chunk,auto,1,1000,1000,repair,100000,2,174500
handcrafted,3494a49d441f67f481d5ff9c4871d7847f9e9610dbfc1aa55c9d0affc577a5f6,handcrafted,handcrafted,0,fixture,multi_chunk,streaming,1,1000,1000,baseline,0,0,213000
handcrafted,3494a49d441f67f481d5ff9c4871d7847f9e9610dbfc1aa55c9d0affc577a5f6,handcrafted,handcrafted,0,fixture,multi_chunk,streaming,1,1000,1000,repair,100000,0,257500
handcrafted,3494a49d441f67f481d5ff9c4871d7847f9e9610dbfc1aa55c9d0affc577a5f6,handcrafted,handcrafted,0,fixture,multi_chunk,streaming,1,1000,1000,balanced,100000,0,297000
handcrafted,3494a49d441f67f481d5ff9c4871d7847f9e9610dbfc1aa55c9d0affc577a5f6,handcrafted,handcrafted,0,fixture,multi_chunk,streaming,1,1000,1000,balanced,100000,1,298300
handcrafted,3494a49d441f67f481d5ff9c4871d7847f9e9610dbfc1aa55c9d0affc577a5f6,handcrafted,handcrafted,0,fixture,multi_chunk,streaming,1,1000,1000,baseline,0,1,211100
handcrafted,3494a49d441f67f481d5ff9c4871d7847f9e9610dbfc1aa55c9d0affc577a5f6,handcrafted,handcrafted,0,fixture,multi_chunk,streaming,1,1000,1000,repair,100000,1,243200
handcrafted,3494a49d441f67f481d5ff9c4871d7847f9e9610dbfc1aa55c9d0affc577a5f6,handcrafted,handcrafted,0,fixture,multi_chunk,streaming,1,1000,1000,baseline,0,2,214900
handcrafted,3494a49d441f67f481d5ff9c4871d7847f9e9610dbfc1aa55c9d0affc577a5f6,handcrafted,handcrafted,0,fixture,multi_chunk,streaming,1,1000,1000,repair,100000,2,252100
handcrafted,3494a49d441f67f481d5ff9c4871d7847f9e9610dbfc1aa55c9d0affc577a5f6,handcrafted,handcrafted,0,fixture,multi_chunk,streaming,1,1000,1000,balanced,100000,2,294000
handcrafted,f7c5a727a698b745ac7c57deb53c8fbb0e9e009be8215a7f5d64458abfe51f0a,handcrafted,handcrafted,0,fixture,integer,auto,1,1000,1000,baseline,0,0,86300
handcrafted,f7c5a727a698b745ac7c57deb53c8fbb0e9e009be8215a7f5d64458abfe51f0a,handcrafted,handcrafted,0,fixture,integer,auto,1,1000,1000,repair,100000,0,102800
handcrafted,f7c5a727a698b745ac7c57deb53c8fbb0e9e009be8215a7f5d64458abfe51f0a,handcrafted,handcrafted,0,fixture,integer,auto,1,1000,1000,balanced,100000,0,90700
handcrafted,f7c5a727a698b745ac7c57deb53c8fbb0e9e009be8215a7f5d64458abfe51f0a,handcrafted,handcrafted,0,fixture,integer,auto,1,1000,1000,repair,100000,1,105200
handcrafted,f7c5a727a698b745ac7c57deb53c8fbb0e9e009be8215a7f5d64458abfe51f0a,handcrafted,handcrafted,0,fixture,integer,auto,1,1000,1000,balanced,100000,1,109900
handcrafted,f7c5a727a698b745ac7c57deb53c8fbb0e9e009be8215a7f5d64458abfe51f0a,handcrafted,handcrafted,0,fixture,integer,auto,1,1000,1000,baseline,0,1,86400
handcrafted,f7c5a727a698b745ac7c57deb53c8fbb0e9e009be8215a7f5d64458abfe51f0a,handcrafted,handcrafted,0,fixture,integer,auto,1,1000,1000,balanced,100000,2,92200
handcrafted,f7c5a727a698b745ac7c57deb53c8fbb0e9e009be8215a7f5d64458abfe51f0a,handcrafted,handcrafted,0,fixture,integer,auto,1,1000,1000,baseline,0,2,149100
handcrafted,f7c5a727a698b745ac7c57deb53c8fbb0e9e009be8215a7f5d64458abfe51f0a,handcrafted,handcrafted,0,fixture,integer,auto,1,1000,1000,repair,100000,2,128200
handcrafted,f7c5a727a698b745ac7c57deb53c8fbb0e9e009be8215a7f5d64458abfe51f0a,handcrafted,handcrafted,0,fixture,integer,streaming,1,1000,1000,baseline,0,0,229500
handcrafted,f7c5a727a698b745ac7c57deb53c8fbb0e9e009be8215a7f5d64458abfe51f0a,handcrafted,handcrafted,0,fixture,integer,streaming,1,1000,1000,repair,100000,0,261200
handcrafted,f7c5a727a698b745ac7c57deb53c8fbb0e9e009be8215a7f5d64458abfe51f0a,handcrafted,handcrafted,0,fixture,integer,streaming,1,1000,1000,balanced,100000,0,237400
handcrafted,f7c5a727a698b745ac7c57deb53c8fbb0e9e009be8215a7f5d64458abfe51f0a,handcrafted,handcrafted,0,fixture,integer,streaming,1,1000,1000,baseline,0,1,230300
handcrafted,f7c5a727a698b745ac7c57deb53c8fbb0e9e009be8215a7f5d64458abfe51f0a,handcrafted,handcrafted,0,fixture,integer,streaming,1,1000,1000,repair,100000,1,326600
handcrafted,f7c5a727a698b745ac7c57deb53c8fbb0e9e009be8215a7f5d64458abfe51f0a,handcrafted,handcrafted,0,fixture,integer,streaming,1,1000,1000,balanced,100000,1,393900
handcrafted,f7c5a727a698b745ac7c57deb53c8fbb0e9e009be8215a7f5d64458abfe51f0a,handcrafted,handcrafted,0,fixture,integer,streaming,1,1000,1000,balanced,100000,2,323000
handcrafted,f7c5a727a698b745ac7c57deb53c8fbb0e9e009be8215a7f5d64458abfe51f0a,handcrafted,handcrafted,0,fixture,integer,streaming,1,1000,1000,baseline,0,2,235400
handcrafted,f7c5a727a698b745ac7c57deb53c8fbb0e9e009be8215a7f5d64458abfe51f0a,handcrafted,handcrafted,0,fixture,integer,streaming,1,1000,1000,repair,100000,2,259100
handcrafted,f7c5a727a698b745ac7c57deb53c8fbb0e9e009be8215a7f5d64458abfe51f0a,handcrafted,handcrafted,0,fixture,date,auto,1,1000,1000,balanced,100000,0,111800
handcrafted,f7c5a727a698b745ac7c57deb53c8fbb0e9e009be8215a7f5d64458abfe51f0a,handcrafted,handcrafted,0,fixture,date,auto,1,1000,1000,baseline,0,0,94200
handcrafted,f7c5a727a698b745ac7c57deb53c8fbb0e9e009be8215a7f5d64458abfe51f0a,handcrafted,handcrafted,0,fixture,date,auto,1,1000,1000,repair,100000,0,147900
handcrafted,f7c5a727a698b745ac7c57deb53c8fbb0e9e009be8215a7f5d64458abfe51f0a,handcrafted,handcrafted,0,fixture,date,auto,1,1000,1000,balanced,100000,1,99700
handcrafted,f7c5a727a698b745ac7c57deb53c8fbb0e9e009be8215a7f5d64458abfe51f0a,handcrafted,handcrafted,0,fixture,date,auto,1,1000,1000,baseline,0,1,86000
handcrafted,f7c5a727a698b745ac7c57deb53c8fbb0e9e009be8215a7f5d64458abfe51f0a,handcrafted,handcrafted,0,fixture,date,auto,1,1000,1000,repair,100000,1,109200
handcrafted,f7c5a727a698b745ac7c57deb53c8fbb0e9e009be8215a7f5d64458abfe51f0a,handcrafted,handcrafted,0,fixture,date,auto,1,1000,1000,baseline,0,2,89900
handcrafted,f7c5a727a698b745ac7c57deb53c8fbb0e9e009be8215a7f5d64458abfe51f0a,handcrafted,handcrafted,0,fixture,date,auto,1,1000,1000,repair,100000,2,105700
handcrafted,f7c5a727a698b745ac7c57deb53c8fbb0e9e009be8215a7f5d64458abfe51f0a,handcrafted,handcrafted,0,fixture,date,auto,1,1000,1000,balanced,100000,2,93800
handcrafted,f7c5a727a698b745ac7c57deb53c8fbb0e9e009be8215a7f5d64458abfe51f0a,handcrafted,handcrafted,0,fixture,date,streaming,1,1000,1000,baseline,0,0,269900
handcrafted,f7c5a727a698b745ac7c57deb53c8fbb0e9e009be8215a7f5d64458abfe51f0a,handcrafted,handcrafted,0,fixture,date,streaming,1,1000,1000,repair,100000,0,274400
handcrafted,f7c5a727a698b745ac7c57deb53c8fbb0e9e009be8215a7f5d64458abfe51f0a,handcrafted,handcrafted,0,fixture,date,streaming,1,1000,1000,balanced,100000,0,239800
handcrafted,f7c5a727a698b745ac7c57deb53c8fbb0e9e009be8215a7f5d64458abfe51f0a,handcrafted,handcrafted,0,fixture,date,streaming,1,1000,1000,repair,100000,1,256400
handcrafted,f7c5a727a698b745ac7c57deb53c8fbb0e9e009be8215a7f5d64458abfe51f0a,handcrafted,handcrafted,0,fixture,date,streaming,1,1000,1000,balanced,100000,1,229900
handcrafted,f7c5a727a698b745ac7c57deb53c8fbb0e9e009be8215a7f5d64458abfe51f0a,handcrafted,handcrafted,0,fixture,date,streaming,1,1000,1000,baseline,0,1,227500
handcrafted,f7c5a727a698b745ac7c57deb53c8fbb0e9e009be8215a7f5d64458abfe51f0a,handcrafted,handcrafted,0,fixture,date,streaming,1,1000,1000,baseline,0,2,319200
handcrafted,f7c5a727a698b745ac7c57deb53c8fbb0e9e009be8215a7f5d64458abfe51f0a,handcrafted,handcrafted,0,fixture,date,streaming,1,1000,1000,repair,100000,2,304100
handcrafted,f7c5a727a698b745ac7c57deb53c8fbb0e9e009be8215a7f5d64458abfe51f0a,handcrafted,handcrafted,0,fixture,date,streaming,1,1000,1000,balanced,100000,2,296900
handcrafted,f7c5a727a698b745ac7c57deb53c8fbb0e9e009be8215a7f5d64458abfe51f0a,handcrafted,handcrafted,0,fixture,datetime,auto,1,1000,1000,repair,100000,0,112300
handcrafted,f7c5a727a698b745ac7c57deb53c8fbb0e9e009be8215a7f5d64458abfe51f0a,handcrafted,handcrafted,0,fixture,datetime,auto,1,1000,1000,balanced,100000,0,99300
handcrafted,f7c5a727a698b745ac7c57deb53c8fbb0e9e009be8215a7f5d64458abfe51f0a,handcrafted,handcrafted,0,fixture,datetime,auto,1,1000,1000,baseline,0,0,93500
handcrafted,f7c5a727a698b745ac7c57deb53c8fbb0e9e009be8215a7f5d64458abfe51f0a,handcrafted,handcrafted,0,fixture,datetime,auto,1,1000,1000,balanced,100000,1,96300
handcrafted,f7c5a727a698b745ac7c57deb53c8fbb0e9e009be8215a7f5d64458abfe51f0a,handcrafted,handcrafted,0,fixture,datetime,auto,1,1000,1000,baseline,0,1,85600
handcrafted,f7c5a727a698b745ac7c57deb53c8fbb0e9e009be8215a7f5d64458abfe51f0a,handcrafted,handcrafted,0,fixture,datetime,auto,1,1000,1000,repair,100000,1,108600
handcrafted,f7c5a727a698b745ac7c57deb53c8fbb0e9e009be8215a7f5d64458abfe51f0a,handcrafted,handcrafted,0,fixture,datetime,auto,1,1000,1000,balanced,100000,2,96000
handcrafted,f7c5a727a698b745ac7c57deb53c8fbb0e9e009be8215a7f5d64458abfe51f0a,handcrafted,handcrafted,0,fixture,datetime,auto,1,1000,1000,baseline,0,2,84500
handcrafted,f7c5a727a698b745ac7c57deb53c8fbb0e9e009be8215a7f5d64458abfe51f0a,handcrafted,handcrafted,0,fixture,datetime,auto,1,1000,1000,repair,100000,2,107900
handcrafted,f7c5a727a698b745ac7c57deb53c8fbb0e9e009be8215a7f5d64458abfe51f0a,handcrafted,handcrafted,0,fixture,datetime,streaming,1,1000,1000,balanced,100000,0,248200
handcrafted,f7c5a727a698b745ac7c57deb53c8fbb0e9e009be8215a7f5d64458abfe51f0a,handcrafted,handcrafted,0,fixture,datetime,streaming,1,1000,1000,baseline,0,0,239200
handcrafted,f7c5a727a698b745ac7c57deb53c8fbb0e9e009be8215a7f5d64458abfe51f0a,handcrafted,handcrafted,0,fixture,datetime,streaming,1,1000,1000,repair,100000,0,268300
handcrafted,f7c5a727a698b745ac7c57deb53c8fbb0e9e009be8215a7f5d64458abfe51f0a,handcrafted,handcrafted,0,fixture,datetime,streaming,1,1000,1000,repair,100000,1,273400
handcrafted,f7c5a727a698b745ac7c57deb53c8fbb0e9e009be8215a7f5d64458abfe51f0a,handcrafted,handcrafted,0,fixture,datetime,streaming,1,1000,1000,balanced,100000,1,305100
handcrafted,f7c5a727a698b745ac7c57deb53c8fbb0e9e009be8215a7f5d64458abfe51f0a,handcrafted,handcrafted,0,fixture,datetime,streaming,1,1000,1000,baseline,0,1,248500
handcrafted,f7c5a727a698b745ac7c57deb53c8fbb0e9e009be8215a7f5d64458abfe51f0a,handcrafted,handcrafted,0,fixture,datetime,streaming,1,1000,1000,repair,100000,2,389600
handcrafted,f7c5a727a698b745ac7c57deb53c8fbb0e9e009be8215a7f5d64458abfe51f0a,handcrafted,handcrafted,0,fixture,datetime,streaming,1,1000,1000,balanced,100000,2,344500
handcrafted,f7c5a727a698b745ac7c57deb53c8fbb0e9e009be8215a7f5d64458abfe51f0a,handcrafted,handcrafted,0,fixture,datetime,streaming,1,1000,1000,baseline,0,2,258400
handcrafted,f7c5a727a698b745ac7c57deb53c8fbb0e9e009be8215a7f5d64458abfe51f0a,handcrafted,handcrafted,0,fixture,grouped,auto,4,4000,1000,balanced,100000,0,275800
handcrafted,f7c5a727a698b745ac7c57deb53c8fbb0e9e009be8215a7f5d64458abfe51f0a,handcrafted,handcrafted,0,fixture,grouped,auto,4,4000,1000,baseline,0,0,253200
handcrafted,f7c5a727a698b745ac7c57deb53c8fbb0e9e009be8215a7f5d64458abfe51f0a,handcrafted,handcrafted,0,fixture,grouped,auto,4,4000,1000,repair,100000,0,325800
handcrafted,f7c5a727a698b745ac7c57deb53c8fbb0e9e009be8215a7f5d64458abfe51f0a,handcrafted,handcrafted,0,fixture,grouped,auto,4,4000,1000,repair,100000,1,431700
handcrafted,f7c5a727a698b745ac7c57deb53c8fbb0e9e009be8215a7f5d64458abfe51f0a,handcrafted,handcrafted,0,fixture,grouped,auto,4,4000,1000,balanced,100000,1,270500
handcrafted,f7c5a727a698b745ac7c57deb53c8fbb0e9e009be8215a7f5d64458abfe51f0a,handcrafted,handcrafted,0,fixture,grouped,auto,4,4000,1000,baseline,0,1,250200
handcrafted,f7c5a727a698b745ac7c57deb53c8fbb0e9e009be8215a7f5d64458abfe51f0a,handcrafted,handcrafted,0,fixture,grouped,auto,4,4000,1000,balanced,100000,2,286200
handcrafted,f7c5a727a698b745ac7c57deb53c8fbb0e9e009be8215a7f5d64458abfe51f0a,handcrafted,handcrafted,0,fixture,grouped,auto,4,4000,1000,baseline,0,2,253000
handcrafted,f7c5a727a698b745ac7c57deb53c8fbb0e9e009be8215a7f5d64458abfe51f0a,handcrafted,handcrafted,0,fixture,grouped,auto,4,4000,1000,repair,100000,2,420200
handcrafted,f7c5a727a698b745ac7c57deb53c8fbb0e9e009be8215a7f5d64458abfe51f0a,handcrafted,handcrafted,0,fixture,grouped,streaming,4,4000,1000,repair,100000,0,406500
handcrafted,f7c5a727a698b745ac7c57deb53c8fbb0e9e009be8215a7f5d64458abfe51f0a,handcrafted,handcrafted,0,fixture,grouped,streaming,4,4000,1000,balanced,100000,0,409900
handcrafted,f7c5a727a698b745ac7c57deb53c8fbb0e9e009be8215a7f5d64458abfe51f0a,handcrafted,handcrafted,0,fixture,grouped,streaming,4,4000,1000,baseline,0,0,342900
handcrafted,f7c5a727a698b745ac7c57deb53c8fbb0e9e009be8215a7f5d64458abfe51f0a,handcrafted,handcrafted,0,fixture,grouped,streaming,4,4000,1000,baseline,0,1,346200
handcrafted,f7c5a727a698b745ac7c57deb53c8fbb0e9e009be8215a7f5d64458abfe51f0a,handcrafted,handcrafted,0,fixture,grouped,streaming,4,4000,1000,repair,100000,1,414400
handcrafted,f7c5a727a698b745ac7c57deb53c8fbb0e9e009be8215a7f5d64458abfe51f0a,handcrafted,handcrafted,0,fixture,grouped,streaming,4,4000,1000,balanced,100000,1,364700
handcrafted,f7c5a727a698b745ac7c57deb53c8fbb0e9e009be8215a7f5d64458abfe51f0a,handcrafted,handcrafted,0,fixture,grouped,streaming,4,4000,1000,balanced,100000,2,416400
handcrafted,f7c5a727a698b745ac7c57deb53c8fbb0e9e009be8215a7f5d64458abfe51f0a,handcrafted,handcrafted,0,fixture,grouped,streaming,4,4000,1000,baseline,0,2,377200
handcrafted,f7c5a727a698b745ac7c57deb53c8fbb0e9e009be8215a7f5d64458abfe51f0a,handcrafted,handcrafted,0,fixture,grouped,streaming,4,4000,1000,repair,100000,2,695800
handcrafted,f7c5a727a698b745ac7c57deb53c8fbb0e9e009be8215a7f5d64458abfe51f0a,handcrafted,handcrafted,0,fixture,sliced,auto,1,1000,1000,baseline,0,0,84800
handcrafted,f7c5a727a698b745ac7c57deb53c8fbb0e9e009be8215a7f5d64458abfe51f0a,handcrafted,handcrafted,0,fixture,sliced,auto,1,1000,1000,repair,100000,0,116400
handcrafted,f7c5a727a698b745ac7c57deb53c8fbb0e9e009be8215a7f5d64458abfe51f0a,handcrafted,handcrafted,0,fixture,sliced,auto,1,1000,1000,balanced,100000,0,88300
handcrafted,f7c5a727a698b745ac7c57deb53c8fbb0e9e009be8215a7f5d64458abfe51f0a,handcrafted,handcrafted,0,fixture,sliced,auto,1,1000,1000,baseline,0,1,83200
handcrafted,f7c5a727a698b745ac7c57deb53c8fbb0e9e009be8215a7f5d64458abfe51f0a,handcrafted,handcrafted,0,fixture,sliced,auto,1,1000,1000,repair,100000,1,101900
handcrafted,f7c5a727a698b745ac7c57deb53c8fbb0e9e009be8215a7f5d64458abfe51f0a,handcrafted,handcrafted,0,fixture,sliced,auto,1,1000,1000,balanced,100000,1,85700
handcrafted,f7c5a727a698b745ac7c57deb53c8fbb0e9e009be8215a7f5d64458abfe51f0a,handcrafted,handcrafted,0,fixture,sliced,auto,1,1000,1000,repair,100000,2,114700
handcrafted,f7c5a727a698b745ac7c57deb53c8fbb0e9e009be8215a7f5d64458abfe51f0a,handcrafted,handcrafted,0,fixture,sliced,auto,1,1000,1000,balanced,100000,2,88200
handcrafted,f7c5a727a698b745ac7c57deb53c8fbb0e9e009be8215a7f5d64458abfe51f0a,handcrafted,handcrafted,0,fixture,sliced,auto,1,1000,1000,baseline,0,2,78500
handcrafted,f7c5a727a698b745ac7c57deb53c8fbb0e9e009be8215a7f5d64458abfe51f0a,handcrafted,handcrafted,0,fixture,sliced,streaming,1,1000,1000,repair,100000,0,277200
handcrafted,f7c5a727a698b745ac7c57deb53c8fbb0e9e009be8215a7f5d64458abfe51f0a,handcrafted,handcrafted,0,fixture,sliced,streaming,1,1000,1000,balanced,100000,0,259300
handcrafted,f7c5a727a698b745ac7c57deb53c8fbb0e9e009be8215a7f5d64458abfe51f0a,handcrafted,handcrafted,0,fixture,sliced,streaming,1,1000,1000,baseline,0,0,294500
handcrafted,f7c5a727a698b745ac7c57deb53c8fbb0e9e009be8215a7f5d64458abfe51f0a,handcrafted,handcrafted,0,fixture,sliced,streaming,1,1000,1000,baseline,0,1,287500
handcrafted,f7c5a727a698b745ac7c57deb53c8fbb0e9e009be8215a7f5d64458abfe51f0a,handcrafted,handcrafted,0,fixture,sliced,streaming,1,1000,1000,repair,100000,1,299600
handcrafted,f7c5a727a698b745ac7c57deb53c8fbb0e9e009be8215a7f5d64458abfe51f0a,handcrafted,handcrafted,0,fixture,sliced,streaming,1,1000,1000,balanced,100000,1,240200
handcrafted,f7c5a727a698b745ac7c57deb53c8fbb0e9e009be8215a7f5d64458abfe51f0a,handcrafted,handcrafted,0,fixture,sliced,streaming,1,1000,1000,baseline,0,2,256200
handcrafted,f7c5a727a698b745ac7c57deb53c8fbb0e9e009be8215a7f5d64458abfe51f0a,handcrafted,handcrafted,0,fixture,sliced,streaming,1,1000,1000,repair,100000,2,305800
handcrafted,f7c5a727a698b745ac7c57deb53c8fbb0e9e009be8215a7f5d64458abfe51f0a,handcrafted,handcrafted,0,fixture,sliced,streaming,1,1000,1000,balanced,100000,2,316200
handcrafted,f7c5a727a698b745ac7c57deb53c8fbb0e9e009be8215a7f5d64458abfe51f0a,handcrafted,handcrafted,0,fixture,multi_chunk,auto,1,1000,1000,balanced,100000,0,95500
handcrafted,f7c5a727a698b745ac7c57deb53c8fbb0e9e009be8215a7f5d64458abfe51f0a,handcrafted,handcrafted,0,fixture,multi_chunk,auto,1,1000,1000,baseline,0,0,84500
handcrafted,f7c5a727a698b745ac7c57deb53c8fbb0e9e009be8215a7f5d64458abfe51f0a,handcrafted,handcrafted,0,fixture,multi_chunk,auto,1,1000,1000,repair,100000,0,114300
handcrafted,f7c5a727a698b745ac7c57deb53c8fbb0e9e009be8215a7f5d64458abfe51f0a,handcrafted,handcrafted,0,fixture,multi_chunk,auto,1,1000,1000,repair,100000,1,108400
handcrafted,f7c5a727a698b745ac7c57deb53c8fbb0e9e009be8215a7f5d64458abfe51f0a,handcrafted,handcrafted,0,fixture,multi_chunk,auto,1,1000,1000,balanced,100000,1,89800
handcrafted,f7c5a727a698b745ac7c57deb53c8fbb0e9e009be8215a7f5d64458abfe51f0a,handcrafted,handcrafted,0,fixture,multi_chunk,auto,1,1000,1000,baseline,0,1,88700
handcrafted,f7c5a727a698b745ac7c57deb53c8fbb0e9e009be8215a7f5d64458abfe51f0a,handcrafted,handcrafted,0,fixture,multi_chunk,auto,1,1000,1000,repair,100000,2,155900
handcrafted,f7c5a727a698b745ac7c57deb53c8fbb0e9e009be8215a7f5d64458abfe51f0a,handcrafted,handcrafted,0,fixture,multi_chunk,auto,1,1000,1000,balanced,100000,2,118200
handcrafted,f7c5a727a698b745ac7c57deb53c8fbb0e9e009be8215a7f5d64458abfe51f0a,handcrafted,handcrafted,0,fixture,multi_chunk,auto,1,1000,1000,baseline,0,2,85400
handcrafted,f7c5a727a698b745ac7c57deb53c8fbb0e9e009be8215a7f5d64458abfe51f0a,handcrafted,handcrafted,0,fixture,multi_chunk,streaming,1,1000,1000,repair,100000,0,271200
handcrafted,f7c5a727a698b745ac7c57deb53c8fbb0e9e009be8215a7f5d64458abfe51f0a,handcrafted,handcrafted,0,fixture,multi_chunk,streaming,1,1000,1000,balanced,100000,0,255100
handcrafted,f7c5a727a698b745ac7c57deb53c8fbb0e9e009be8215a7f5d64458abfe51f0a,handcrafted,handcrafted,0,fixture,multi_chunk,streaming,1,1000,1000,baseline,0,0,244400
handcrafted,f7c5a727a698b745ac7c57deb53c8fbb0e9e009be8215a7f5d64458abfe51f0a,handcrafted,handcrafted,0,fixture,multi_chunk,streaming,1,1000,1000,balanced,100000,1,251400
handcrafted,f7c5a727a698b745ac7c57deb53c8fbb0e9e009be8215a7f5d64458abfe51f0a,handcrafted,handcrafted,0,fixture,multi_chunk,streaming,1,1000,1000,baseline,0,1,431200
handcrafted,f7c5a727a698b745ac7c57deb53c8fbb0e9e009be8215a7f5d64458abfe51f0a,handcrafted,handcrafted,0,fixture,multi_chunk,streaming,1,1000,1000,repair,100000,1,301800
handcrafted,f7c5a727a698b745ac7c57deb53c8fbb0e9e009be8215a7f5d64458abfe51f0a,handcrafted,handcrafted,0,fixture,multi_chunk,streaming,1,1000,1000,baseline,0,2,259300
handcrafted,f7c5a727a698b745ac7c57deb53c8fbb0e9e009be8215a7f5d64458abfe51f0a,handcrafted,handcrafted,0,fixture,multi_chunk,streaming,1,1000,1000,repair,100000,2,357000
handcrafted,f7c5a727a698b745ac7c57deb53c8fbb0e9e009be8215a7f5d64458abfe51f0a,handcrafted,handcrafted,0,fixture,multi_chunk,streaming,1,1000,1000,balanced,100000,2,238700
handcrafted,f9100828824c27a71c602e37a63fd63ffda87f83a8a2fe9868d37647bc913df5,handcrafted,handcrafted,0,fixture,integer,auto,1,1000,1000,balanced,100000,0,92400
handcrafted,f9100828824c27a71c602e37a63fd63ffda87f83a8a2fe9868d37647bc913df5,handcrafted,handcrafted,0,fixture,integer,auto,1,1000,1000,baseline,0,0,70300
handcrafted,f9100828824c27a71c602e37a63fd63ffda87f83a8a2fe9868d37647bc913df5,handcrafted,handcrafted,0,fixture,integer,auto,1,1000,1000,repair,100000,0,93900
handcrafted,f9100828824c27a71c602e37a63fd63ffda87f83a8a2fe9868d37647bc913df5,handcrafted,handcrafted,0,fixture,integer,auto,1,1000,1000,repair,100000,1,96700
handcrafted,f9100828824c27a71c602e37a63fd63ffda87f83a8a2fe9868d37647bc913df5,handcrafted,handcrafted,0,fixture,integer,auto,1,1000,1000,balanced,100000,1,78600
handcrafted,f9100828824c27a71c602e37a63fd63ffda87f83a8a2fe9868d37647bc913df5,handcrafted,handcrafted,0,fixture,integer,auto,1,1000,1000,baseline,0,1,110700
handcrafted,f9100828824c27a71c602e37a63fd63ffda87f83a8a2fe9868d37647bc913df5,handcrafted,handcrafted,0,fixture,integer,auto,1,1000,1000,baseline,0,2,76300
handcrafted,f9100828824c27a71c602e37a63fd63ffda87f83a8a2fe9868d37647bc913df5,handcrafted,handcrafted,0,fixture,integer,auto,1,1000,1000,repair,100000,2,95500
handcrafted,f9100828824c27a71c602e37a63fd63ffda87f83a8a2fe9868d37647bc913df5,handcrafted,handcrafted,0,fixture,integer,auto,1,1000,1000,balanced,100000,2,77200
handcrafted,f9100828824c27a71c602e37a63fd63ffda87f83a8a2fe9868d37647bc913df5,handcrafted,handcrafted,0,fixture,integer,streaming,1,1000,1000,repair,100000,0,362200
handcrafted,f9100828824c27a71c602e37a63fd63ffda87f83a8a2fe9868d37647bc913df5,handcrafted,handcrafted,0,fixture,integer,streaming,1,1000,1000,balanced,100000,0,230500
handcrafted,f9100828824c27a71c602e37a63fd63ffda87f83a8a2fe9868d37647bc913df5,handcrafted,handcrafted,0,fixture,integer,streaming,1,1000,1000,baseline,0,0,220200
handcrafted,f9100828824c27a71c602e37a63fd63ffda87f83a8a2fe9868d37647bc913df5,handcrafted,handcrafted,0,fixture,integer,streaming,1,1000,1000,repair,100000,1,249500
handcrafted,f9100828824c27a71c602e37a63fd63ffda87f83a8a2fe9868d37647bc913df5,handcrafted,handcrafted,0,fixture,integer,streaming,1,1000,1000,balanced,100000,1,224700
handcrafted,f9100828824c27a71c602e37a63fd63ffda87f83a8a2fe9868d37647bc913df5,handcrafted,handcrafted,0,fixture,integer,streaming,1,1000,1000,baseline,0,1,219800
handcrafted,f9100828824c27a71c602e37a63fd63ffda87f83a8a2fe9868d37647bc913df5,handcrafted,handcrafted,0,fixture,integer,streaming,1,1000,1000,balanced,100000,2,237400
handcrafted,f9100828824c27a71c602e37a63fd63ffda87f83a8a2fe9868d37647bc913df5,handcrafted,handcrafted,0,fixture,integer,streaming,1,1000,1000,baseline,0,2,219900
handcrafted,f9100828824c27a71c602e37a63fd63ffda87f83a8a2fe9868d37647bc913df5,handcrafted,handcrafted,0,fixture,integer,streaming,1,1000,1000,repair,100000,2,410600
handcrafted,f9100828824c27a71c602e37a63fd63ffda87f83a8a2fe9868d37647bc913df5,handcrafted,handcrafted,0,fixture,date,auto,1,1000,1000,baseline,0,0,134500
handcrafted,f9100828824c27a71c602e37a63fd63ffda87f83a8a2fe9868d37647bc913df5,handcrafted,handcrafted,0,fixture,date,auto,1,1000,1000,repair,100000,0,154200
handcrafted,f9100828824c27a71c602e37a63fd63ffda87f83a8a2fe9868d37647bc913df5,handcrafted,handcrafted,0,fixture,date,auto,1,1000,1000,balanced,100000,0,139500
handcrafted,f9100828824c27a71c602e37a63fd63ffda87f83a8a2fe9868d37647bc913df5,handcrafted,handcrafted,0,fixture,date,auto,1,1000,1000,balanced,100000,1,123100
handcrafted,f9100828824c27a71c602e37a63fd63ffda87f83a8a2fe9868d37647bc913df5,handcrafted,handcrafted,0,fixture,date,auto,1,1000,1000,baseline,0,1,115300
handcrafted,f9100828824c27a71c602e37a63fd63ffda87f83a8a2fe9868d37647bc913df5,handcrafted,handcrafted,0,fixture,date,auto,1,1000,1000,repair,100000,1,207200
handcrafted,f9100828824c27a71c602e37a63fd63ffda87f83a8a2fe9868d37647bc913df5,handcrafted,handcrafted,0,fixture,date,auto,1,1000,1000,balanced,100000,2,324700
handcrafted,f9100828824c27a71c602e37a63fd63ffda87f83a8a2fe9868d37647bc913df5,handcrafted,handcrafted,0,fixture,date,auto,1,1000,1000,baseline,0,2,108300
handcrafted,f9100828824c27a71c602e37a63fd63ffda87f83a8a2fe9868d37647bc913df5,handcrafted,handcrafted,0,fixture,date,auto,1,1000,1000,repair,100000,2,198500
handcrafted,f9100828824c27a71c602e37a63fd63ffda87f83a8a2fe9868d37647bc913df5,handcrafted,handcrafted,0,fixture,date,streaming,1,1000,1000,baseline,0,0,407200
handcrafted,f9100828824c27a71c602e37a63fd63ffda87f83a8a2fe9868d37647bc913df5,handcrafted,handcrafted,0,fixture,date,streaming,1,1000,1000,repair,100000,0,522600
handcrafted,f9100828824c27a71c602e37a63fd63ffda87f83a8a2fe9868d37647bc913df5,handcrafted,handcrafted,0,fixture,date,streaming,1,1000,1000,balanced,100000,0,422100
handcrafted,f9100828824c27a71c602e37a63fd63ffda87f83a8a2fe9868d37647bc913df5,handcrafted,handcrafted,0,fixture,date,streaming,1,1000,1000,baseline,0,1,474800
handcrafted,f9100828824c27a71c602e37a63fd63ffda87f83a8a2fe9868d37647bc913df5,handcrafted,handcrafted,0,fixture,date,streaming,1,1000,1000,repair,100000,1,395800
handcrafted,f9100828824c27a71c602e37a63fd63ffda87f83a8a2fe9868d37647bc913df5,handcrafted,handcrafted,0,fixture,date,streaming,1,1000,1000,balanced,100000,1,308300
handcrafted,f9100828824c27a71c602e37a63fd63ffda87f83a8a2fe9868d37647bc913df5,handcrafted,handcrafted,0,fixture,date,streaming,1,1000,1000,balanced,100000,2,359300
handcrafted,f9100828824c27a71c602e37a63fd63ffda87f83a8a2fe9868d37647bc913df5,handcrafted,handcrafted,0,fixture,date,streaming,1,1000,1000,baseline,0,2,762000
handcrafted,f9100828824c27a71c602e37a63fd63ffda87f83a8a2fe9868d37647bc913df5,handcrafted,handcrafted,0,fixture,date,streaming,1,1000,1000,repair,100000,2,620600
handcrafted,f9100828824c27a71c602e37a63fd63ffda87f83a8a2fe9868d37647bc913df5,handcrafted,handcrafted,0,fixture,datetime,auto,1,1000,1000,baseline,0,0,102400
handcrafted,f9100828824c27a71c602e37a63fd63ffda87f83a8a2fe9868d37647bc913df5,handcrafted,handcrafted,0,fixture,datetime,auto,1,1000,1000,repair,100000,0,250500
handcrafted,f9100828824c27a71c602e37a63fd63ffda87f83a8a2fe9868d37647bc913df5,handcrafted,handcrafted,0,fixture,datetime,auto,1,1000,1000,balanced,100000,0,89800
handcrafted,f9100828824c27a71c602e37a63fd63ffda87f83a8a2fe9868d37647bc913df5,handcrafted,handcrafted,0,fixture,datetime,auto,1,1000,1000,repair,100000,1,115400
handcrafted,f9100828824c27a71c602e37a63fd63ffda87f83a8a2fe9868d37647bc913df5,handcrafted,handcrafted,0,fixture,datetime,auto,1,1000,1000,balanced,100000,1,95900
handcrafted,f9100828824c27a71c602e37a63fd63ffda87f83a8a2fe9868d37647bc913df5,handcrafted,handcrafted,0,fixture,datetime,auto,1,1000,1000,baseline,0,1,77200
handcrafted,f9100828824c27a71c602e37a63fd63ffda87f83a8a2fe9868d37647bc913df5,handcrafted,handcrafted,0,fixture,datetime,auto,1,1000,1000,repair,100000,2,101600
handcrafted,f9100828824c27a71c602e37a63fd63ffda87f83a8a2fe9868d37647bc913df5,handcrafted,handcrafted,0,fixture,datetime,auto,1,1000,1000,balanced,100000,2,120700
handcrafted,f9100828824c27a71c602e37a63fd63ffda87f83a8a2fe9868d37647bc913df5,handcrafted,handcrafted,0,fixture,datetime,auto,1,1000,1000,baseline,0,2,91400
handcrafted,f9100828824c27a71c602e37a63fd63ffda87f83a8a2fe9868d37647bc913df5,handcrafted,handcrafted,0,fixture,datetime,streaming,1,1000,1000,repair,100000,0,483900
handcrafted,f9100828824c27a71c602e37a63fd63ffda87f83a8a2fe9868d37647bc913df5,handcrafted,handcrafted,0,fixture,datetime,streaming,1,1000,1000,balanced,100000,0,369300
handcrafted,f9100828824c27a71c602e37a63fd63ffda87f83a8a2fe9868d37647bc913df5,handcrafted,handcrafted,0,fixture,datetime,streaming,1,1000,1000,baseline,0,0,284700
handcrafted,f9100828824c27a71c602e37a63fd63ffda87f83a8a2fe9868d37647bc913df5,handcrafted,handcrafted,0,fixture,datetime,streaming,1,1000,1000,baseline,0,1,352400
handcrafted,f9100828824c27a71c602e37a63fd63ffda87f83a8a2fe9868d37647bc913df5,handcrafted,handcrafted,0,fixture,datetime,streaming,1,1000,1000,repair,100000,1,332900
handcrafted,f9100828824c27a71c602e37a63fd63ffda87f83a8a2fe9868d37647bc913df5,handcrafted,handcrafted,0,fixture,datetime,streaming,1,1000,1000,balanced,100000,1,252400
handcrafted,f9100828824c27a71c602e37a63fd63ffda87f83a8a2fe9868d37647bc913df5,handcrafted,handcrafted,0,fixture,datetime,streaming,1,1000,1000,balanced,100000,2,249200
handcrafted,f9100828824c27a71c602e37a63fd63ffda87f83a8a2fe9868d37647bc913df5,handcrafted,handcrafted,0,fixture,datetime,streaming,1,1000,1000,baseline,0,2,232700
handcrafted,f9100828824c27a71c602e37a63fd63ffda87f83a8a2fe9868d37647bc913df5,handcrafted,handcrafted,0,fixture,datetime,streaming,1,1000,1000,repair,100000,2,431700
handcrafted,f9100828824c27a71c602e37a63fd63ffda87f83a8a2fe9868d37647bc913df5,handcrafted,handcrafted,0,fixture,grouped,auto,4,4000,1000,repair,100000,0,333300
handcrafted,f9100828824c27a71c602e37a63fd63ffda87f83a8a2fe9868d37647bc913df5,handcrafted,handcrafted,0,fixture,grouped,auto,4,4000,1000,balanced,100000,0,234100
handcrafted,f9100828824c27a71c602e37a63fd63ffda87f83a8a2fe9868d37647bc913df5,handcrafted,handcrafted,0,fixture,grouped,auto,4,4000,1000,baseline,0,0,420400
handcrafted,f9100828824c27a71c602e37a63fd63ffda87f83a8a2fe9868d37647bc913df5,handcrafted,handcrafted,0,fixture,grouped,auto,4,4000,1000,baseline,0,1,416800
handcrafted,f9100828824c27a71c602e37a63fd63ffda87f83a8a2fe9868d37647bc913df5,handcrafted,handcrafted,0,fixture,grouped,auto,4,4000,1000,repair,100000,1,637200
handcrafted,f9100828824c27a71c602e37a63fd63ffda87f83a8a2fe9868d37647bc913df5,handcrafted,handcrafted,0,fixture,grouped,auto,4,4000,1000,balanced,100000,1,581000
handcrafted,f9100828824c27a71c602e37a63fd63ffda87f83a8a2fe9868d37647bc913df5,handcrafted,handcrafted,0,fixture,grouped,auto,4,4000,1000,baseline,0,2,403700
handcrafted,f9100828824c27a71c602e37a63fd63ffda87f83a8a2fe9868d37647bc913df5,handcrafted,handcrafted,0,fixture,grouped,auto,4,4000,1000,repair,100000,2,628500
handcrafted,f9100828824c27a71c602e37a63fd63ffda87f83a8a2fe9868d37647bc913df5,handcrafted,handcrafted,0,fixture,grouped,auto,4,4000,1000,balanced,100000,2,383200
handcrafted,f9100828824c27a71c602e37a63fd63ffda87f83a8a2fe9868d37647bc913df5,handcrafted,handcrafted,0,fixture,grouped,streaming,4,4000,1000,balanced,100000,0,426200
handcrafted,f9100828824c27a71c602e37a63fd63ffda87f83a8a2fe9868d37647bc913df5,handcrafted,handcrafted,0,fixture,grouped,streaming,4,4000,1000,baseline,0,0,293900
handcrafted,f9100828824c27a71c602e37a63fd63ffda87f83a8a2fe9868d37647bc913df5,handcrafted,handcrafted,0,fixture,grouped,streaming,4,4000,1000,repair,100000,0,378200
handcrafted,f9100828824c27a71c602e37a63fd63ffda87f83a8a2fe9868d37647bc913df5,handcrafted,handcrafted,0,fixture,grouped,streaming,4,4000,1000,baseline,0,1,592800
handcrafted,f9100828824c27a71c602e37a63fd63ffda87f83a8a2fe9868d37647bc913df5,handcrafted,handcrafted,0,fixture,grouped,streaming,4,4000,1000,repair,100000,1,395200
handcrafted,f9100828824c27a71c602e37a63fd63ffda87f83a8a2fe9868d37647bc913df5,handcrafted,handcrafted,0,fixture,grouped,streaming,4,4000,1000,balanced,100000,1,400000
handcrafted,f9100828824c27a71c602e37a63fd63ffda87f83a8a2fe9868d37647bc913df5,handcrafted,handcrafted,0,fixture,grouped,streaming,4,4000,1000,repair,100000,2,406700
handcrafted,f9100828824c27a71c602e37a63fd63ffda87f83a8a2fe9868d37647bc913df5,handcrafted,handcrafted,0,fixture,grouped,streaming,4,4000,1000,balanced,100000,2,377500
handcrafted,f9100828824c27a71c602e37a63fd63ffda87f83a8a2fe9868d37647bc913df5,handcrafted,handcrafted,0,fixture,grouped,streaming,4,4000,1000,baseline,0,2,568100
handcrafted,f9100828824c27a71c602e37a63fd63ffda87f83a8a2fe9868d37647bc913df5,handcrafted,handcrafted,0,fixture,sliced,auto,1,1000,1000,baseline,0,0,208200
handcrafted,f9100828824c27a71c602e37a63fd63ffda87f83a8a2fe9868d37647bc913df5,handcrafted,handcrafted,0,fixture,sliced,auto,1,1000,1000,repair,100000,0,108300
handcrafted,f9100828824c27a71c602e37a63fd63ffda87f83a8a2fe9868d37647bc913df5,handcrafted,handcrafted,0,fixture,sliced,auto,1,1000,1000,balanced,100000,0,85100
handcrafted,f9100828824c27a71c602e37a63fd63ffda87f83a8a2fe9868d37647bc913df5,handcrafted,handcrafted,0,fixture,sliced,auto,1,1000,1000,repair,100000,1,145200
handcrafted,f9100828824c27a71c602e37a63fd63ffda87f83a8a2fe9868d37647bc913df5,handcrafted,handcrafted,0,fixture,sliced,auto,1,1000,1000,balanced,100000,1,85300
handcrafted,f9100828824c27a71c602e37a63fd63ffda87f83a8a2fe9868d37647bc913df5,handcrafted,handcrafted,0,fixture,sliced,auto,1,1000,1000,baseline,0,1,73300
handcrafted,f9100828824c27a71c602e37a63fd63ffda87f83a8a2fe9868d37647bc913df5,handcrafted,handcrafted,0,fixture,sliced,auto,1,1000,1000,balanced,100000,2,79600
handcrafted,f9100828824c27a71c602e37a63fd63ffda87f83a8a2fe9868d37647bc913df5,handcrafted,handcrafted,0,fixture,sliced,auto,1,1000,1000,baseline,0,2,72500
handcrafted,f9100828824c27a71c602e37a63fd63ffda87f83a8a2fe9868d37647bc913df5,handcrafted,handcrafted,0,fixture,sliced,auto,1,1000,1000,repair,100000,2,94400
handcrafted,f9100828824c27a71c602e37a63fd63ffda87f83a8a2fe9868d37647bc913df5,handcrafted,handcrafted,0,fixture,sliced,streaming,1,1000,1000,repair,100000,0,251100
handcrafted,f9100828824c27a71c602e37a63fd63ffda87f83a8a2fe9868d37647bc913df5,handcrafted,handcrafted,0,fixture,sliced,streaming,1,1000,1000,balanced,100000,0,257400
handcrafted,f9100828824c27a71c602e37a63fd63ffda87f83a8a2fe9868d37647bc913df5,handcrafted,handcrafted,0,fixture,sliced,streaming,1,1000,1000,baseline,0,0,308000
handcrafted,f9100828824c27a71c602e37a63fd63ffda87f83a8a2fe9868d37647bc913df5,handcrafted,handcrafted,0,fixture,sliced,streaming,1,1000,1000,repair,100000,1,261600
handcrafted,f9100828824c27a71c602e37a63fd63ffda87f83a8a2fe9868d37647bc913df5,handcrafted,handcrafted,0,fixture,sliced,streaming,1,1000,1000,balanced,100000,1,229500
handcrafted,f9100828824c27a71c602e37a63fd63ffda87f83a8a2fe9868d37647bc913df5,handcrafted,handcrafted,0,fixture,sliced,streaming,1,1000,1000,baseline,0,1,296500
handcrafted,f9100828824c27a71c602e37a63fd63ffda87f83a8a2fe9868d37647bc913df5,handcrafted,handcrafted,0,fixture,sliced,streaming,1,1000,1000,balanced,100000,2,230600
handcrafted,f9100828824c27a71c602e37a63fd63ffda87f83a8a2fe9868d37647bc913df5,handcrafted,handcrafted,0,fixture,sliced,streaming,1,1000,1000,baseline,0,2,219500
handcrafted,f9100828824c27a71c602e37a63fd63ffda87f83a8a2fe9868d37647bc913df5,handcrafted,handcrafted,0,fixture,sliced,streaming,1,1000,1000,repair,100000,2,306800
handcrafted,f9100828824c27a71c602e37a63fd63ffda87f83a8a2fe9868d37647bc913df5,handcrafted,handcrafted,0,fixture,multi_chunk,auto,1,1000,1000,repair,100000,0,106500
handcrafted,f9100828824c27a71c602e37a63fd63ffda87f83a8a2fe9868d37647bc913df5,handcrafted,handcrafted,0,fixture,multi_chunk,auto,1,1000,1000,balanced,100000,0,84000
handcrafted,f9100828824c27a71c602e37a63fd63ffda87f83a8a2fe9868d37647bc913df5,handcrafted,handcrafted,0,fixture,multi_chunk,auto,1,1000,1000,baseline,0,0,74900
handcrafted,f9100828824c27a71c602e37a63fd63ffda87f83a8a2fe9868d37647bc913df5,handcrafted,handcrafted,0,fixture,multi_chunk,auto,1,1000,1000,repair,100000,1,98900
handcrafted,f9100828824c27a71c602e37a63fd63ffda87f83a8a2fe9868d37647bc913df5,handcrafted,handcrafted,0,fixture,multi_chunk,auto,1,1000,1000,balanced,100000,1,96900
handcrafted,f9100828824c27a71c602e37a63fd63ffda87f83a8a2fe9868d37647bc913df5,handcrafted,handcrafted,0,fixture,multi_chunk,auto,1,1000,1000,baseline,0,1,77000
handcrafted,f9100828824c27a71c602e37a63fd63ffda87f83a8a2fe9868d37647bc913df5,handcrafted,handcrafted,0,fixture,multi_chunk,auto,1,1000,1000,balanced,100000,2,87300
handcrafted,f9100828824c27a71c602e37a63fd63ffda87f83a8a2fe9868d37647bc913df5,handcrafted,handcrafted,0,fixture,multi_chunk,auto,1,1000,1000,baseline,0,2,75100
handcrafted,f9100828824c27a71c602e37a63fd63ffda87f83a8a2fe9868d37647bc913df5,handcrafted,handcrafted,0,fixture,multi_chunk,auto,1,1000,1000,repair,100000,2,94700
handcrafted,f9100828824c27a71c602e37a63fd63ffda87f83a8a2fe9868d37647bc913df5,handcrafted,handcrafted,0,fixture,multi_chunk,streaming,1,1000,1000,balanced,100000,0,234100
handcrafted,f9100828824c27a71c602e37a63fd63ffda87f83a8a2fe9868d37647bc913df5,handcrafted,handcrafted,0,fixture,multi_chunk,streaming,1,1000,1000,baseline,0,0,403300
handcrafted,f9100828824c27a71c602e37a63fd63ffda87f83a8a2fe9868d37647bc913df5,handcrafted,handcrafted,0,fixture,multi_chunk,streaming,1,1000,1000,repair,100000,0,549000
handcrafted,f9100828824c27a71c602e37a63fd63ffda87f83a8a2fe9868d37647bc913df5,handcrafted,handcrafted,0,fixture,multi_chunk,streaming,1,1000,1000,repair,100000,1,353400
handcrafted,f9100828824c27a71c602e37a63fd63ffda87f83a8a2fe9868d37647bc913df5,handcrafted,handcrafted,0,fixture,multi_chunk,streaming,1,1000,1000,balanced,100000,1,250400
handcrafted,f9100828824c27a71c602e37a63fd63ffda87f83a8a2fe9868d37647bc913df5,handcrafted,handcrafted,0,fixture,multi_chunk,streaming,1,1000,1000,baseline,0,1,258600
handcrafted,f9100828824c27a71c602e37a63fd63ffda87f83a8a2fe9868d37647bc913df5,handcrafted,handcrafted,0,fixture,multi_chunk,streaming,1,1000,1000,balanced,100000,2,234600
handcrafted,f9100828824c27a71c602e37a63fd63ffda87f83a8a2fe9868d37647bc913df5,handcrafted,handcrafted,0,fixture,multi_chunk,streaming,1,1000,1000,baseline,0,2,224800
handcrafted,f9100828824c27a71c602e37a63fd63ffda87f83a8a2fe9868d37647bc913df5,handcrafted,handcrafted,0,fixture,multi_chunk,streaming,1,1000,1000,repair,100000,2,257100
handcrafted,8e5524b6635a10ff038a4e3aa0bfc06423f45ffd71d06309f397174cee535b4b,handcrafted,handcrafted,0,fixture,integer,auto,1,1000,1000,balanced,100000,0,299600
handcrafted,8e5524b6635a10ff038a4e3aa0bfc06423f45ffd71d06309f397174cee535b4b,handcrafted,handcrafted,0,fixture,integer,auto,1,1000,1000,baseline,0,0,72400
handcrafted,8e5524b6635a10ff038a4e3aa0bfc06423f45ffd71d06309f397174cee535b4b,handcrafted,handcrafted,0,fixture,integer,auto,1,1000,1000,repair,100000,0,187800
handcrafted,8e5524b6635a10ff038a4e3aa0bfc06423f45ffd71d06309f397174cee535b4b,handcrafted,handcrafted,0,fixture,integer,auto,1,1000,1000,balanced,100000,1,297700
handcrafted,8e5524b6635a10ff038a4e3aa0bfc06423f45ffd71d06309f397174cee535b4b,handcrafted,handcrafted,0,fixture,integer,auto,1,1000,1000,baseline,0,1,73800
handcrafted,8e5524b6635a10ff038a4e3aa0bfc06423f45ffd71d06309f397174cee535b4b,handcrafted,handcrafted,0,fixture,integer,auto,1,1000,1000,repair,100000,1,273100
handcrafted,8e5524b6635a10ff038a4e3aa0bfc06423f45ffd71d06309f397174cee535b4b,handcrafted,handcrafted,0,fixture,integer,auto,1,1000,1000,repair,100000,2,210000
handcrafted,8e5524b6635a10ff038a4e3aa0bfc06423f45ffd71d06309f397174cee535b4b,handcrafted,handcrafted,0,fixture,integer,auto,1,1000,1000,balanced,100000,2,349000
handcrafted,8e5524b6635a10ff038a4e3aa0bfc06423f45ffd71d06309f397174cee535b4b,handcrafted,handcrafted,0,fixture,integer,auto,1,1000,1000,baseline,0,2,82100
handcrafted,8e5524b6635a10ff038a4e3aa0bfc06423f45ffd71d06309f397174cee535b4b,handcrafted,handcrafted,0,fixture,integer,streaming,1,1000,1000,balanced,100000,0,450100
handcrafted,8e5524b6635a10ff038a4e3aa0bfc06423f45ffd71d06309f397174cee535b4b,handcrafted,handcrafted,0,fixture,integer,streaming,1,1000,1000,baseline,0,0,246100
handcrafted,8e5524b6635a10ff038a4e3aa0bfc06423f45ffd71d06309f397174cee535b4b,handcrafted,handcrafted,0,fixture,integer,streaming,1,1000,1000,repair,100000,0,350600
handcrafted,8e5524b6635a10ff038a4e3aa0bfc06423f45ffd71d06309f397174cee535b4b,handcrafted,handcrafted,0,fixture,integer,streaming,1,1000,1000,repair,100000,1,344300
handcrafted,8e5524b6635a10ff038a4e3aa0bfc06423f45ffd71d06309f397174cee535b4b,handcrafted,handcrafted,0,fixture,integer,streaming,1,1000,1000,balanced,100000,1,440100
handcrafted,8e5524b6635a10ff038a4e3aa0bfc06423f45ffd71d06309f397174cee535b4b,handcrafted,handcrafted,0,fixture,integer,streaming,1,1000,1000,baseline,0,1,218200
handcrafted,8e5524b6635a10ff038a4e3aa0bfc06423f45ffd71d06309f397174cee535b4b,handcrafted,handcrafted,0,fixture,integer,streaming,1,1000,1000,baseline,0,2,220800
handcrafted,8e5524b6635a10ff038a4e3aa0bfc06423f45ffd71d06309f397174cee535b4b,handcrafted,handcrafted,0,fixture,integer,streaming,1,1000,1000,repair,100000,2,342000
handcrafted,8e5524b6635a10ff038a4e3aa0bfc06423f45ffd71d06309f397174cee535b4b,handcrafted,handcrafted,0,fixture,integer,streaming,1,1000,1000,balanced,100000,2,565900
handcrafted,8e5524b6635a10ff038a4e3aa0bfc06423f45ffd71d06309f397174cee535b4b,handcrafted,handcrafted,0,fixture,date,auto,1,1000,1000,repair,100000,0,197800
handcrafted,8e5524b6635a10ff038a4e3aa0bfc06423f45ffd71d06309f397174cee535b4b,handcrafted,handcrafted,0,fixture,date,auto,1,1000,1000,balanced,100000,0,296100
handcrafted,8e5524b6635a10ff038a4e3aa0bfc06423f45ffd71d06309f397174cee535b4b,handcrafted,handcrafted,0,fixture,date,auto,1,1000,1000,baseline,0,0,76400
handcrafted,8e5524b6635a10ff038a4e3aa0bfc06423f45ffd71d06309f397174cee535b4b,handcrafted,handcrafted,0,fixture,date,auto,1,1000,1000,baseline,0,1,74700
handcrafted,8e5524b6635a10ff038a4e3aa0bfc06423f45ffd71d06309f397174cee535b4b,handcrafted,handcrafted,0,fixture,date,auto,1,1000,1000,repair,100000,1,193300
handcrafted,8e5524b6635a10ff038a4e3aa0bfc06423f45ffd71d06309f397174cee535b4b,handcrafted,handcrafted,0,fixture,date,auto,1,1000,1000,balanced,100000,1,294800
handcrafted,8e5524b6635a10ff038a4e3aa0bfc06423f45ffd71d06309f397174cee535b4b,handcrafted,handcrafted,0,fixture,date,auto,1,1000,1000,repair,100000,2,196300
handcrafted,8e5524b6635a10ff038a4e3aa0bfc06423f45ffd71d06309f397174cee535b4b,handcrafted,handcrafted,0,fixture,date,auto,1,1000,1000,balanced,100000,2,359100
handcrafted,8e5524b6635a10ff038a4e3aa0bfc06423f45ffd71d06309f397174cee535b4b,handcrafted,handcrafted,0,fixture,date,auto,1,1000,1000,baseline,0,2,81500
handcrafted,8e5524b6635a10ff038a4e3aa0bfc06423f45ffd71d06309f397174cee535b4b,handcrafted,handcrafted,0,fixture,date,streaming,1,1000,1000,balanced,100000,0,452700
handcrafted,8e5524b6635a10ff038a4e3aa0bfc06423f45ffd71d06309f397174cee535b4b,handcrafted,handcrafted,0,fixture,date,streaming,1,1000,1000,baseline,0,0,245100
handcrafted,8e5524b6635a10ff038a4e3aa0bfc06423f45ffd71d06309f397174cee535b4b,handcrafted,handcrafted,0,fixture,date,streaming,1,1000,1000,repair,100000,0,355200
handcrafted,8e5524b6635a10ff038a4e3aa0bfc06423f45ffd71d06309f397174cee535b4b,handcrafted,handcrafted,0,fixture,date,streaming,1,1000,1000,baseline,0,1,319300
handcrafted,8e5524b6635a10ff038a4e3aa0bfc06423f45ffd71d06309f397174cee535b4b,handcrafted,handcrafted,0,fixture,date,streaming,1,1000,1000,repair,100000,1,440500
handcrafted,8e5524b6635a10ff038a4e3aa0bfc06423f45ffd71d06309f397174cee535b4b,handcrafted,handcrafted,0,fixture,date,streaming,1,1000,1000,balanced,100000,1,549200
handcrafted,8e5524b6635a10ff038a4e3aa0bfc06423f45ffd71d06309f397174cee535b4b,handcrafted,handcrafted,0,fixture,date,streaming,1,1000,1000,repair,100000,2,388100
handcrafted,8e5524b6635a10ff038a4e3aa0bfc06423f45ffd71d06309f397174cee535b4b,handcrafted,handcrafted,0,fixture,date,streaming,1,1000,1000,balanced,100000,2,455900
handcrafted,8e5524b6635a10ff038a4e3aa0bfc06423f45ffd71d06309f397174cee535b4b,handcrafted,handcrafted,0,fixture,date,streaming,1,1000,1000,baseline,0,2,233500
handcrafted,8e5524b6635a10ff038a4e3aa0bfc06423f45ffd71d06309f397174cee535b4b,handcrafted,handcrafted,0,fixture,datetime,auto,1,1000,1000,baseline,0,0,77900
handcrafted,8e5524b6635a10ff038a4e3aa0bfc06423f45ffd71d06309f397174cee535b4b,handcrafted,handcrafted,0,fixture,datetime,auto,1,1000,1000,repair,100000,0,197500
handcrafted,8e5524b6635a10ff038a4e3aa0bfc06423f45ffd71d06309f397174cee535b4b,handcrafted,handcrafted,0,fixture,datetime,auto,1,1000,1000,balanced,100000,0,296100
handcrafted,8e5524b6635a10ff038a4e3aa0bfc06423f45ffd71d06309f397174cee535b4b,handcrafted,handcrafted,0,fixture,datetime,auto,1,1000,1000,balanced,100000,1,305800
handcrafted,8e5524b6635a10ff038a4e3aa0bfc06423f45ffd71d06309f397174cee535b4b,handcrafted,handcrafted,0,fixture,datetime,auto,1,1000,1000,baseline,0,1,87700
handcrafted,8e5524b6635a10ff038a4e3aa0bfc06423f45ffd71d06309f397174cee535b4b,handcrafted,handcrafted,0,fixture,datetime,auto,1,1000,1000,repair,100000,1,195100
handcrafted,8e5524b6635a10ff038a4e3aa0bfc06423f45ffd71d06309f397174cee535b4b,handcrafted,handcrafted,0,fixture,datetime,auto,1,1000,1000,repair,100000,2,226900
handcrafted,8e5524b6635a10ff038a4e3aa0bfc06423f45ffd71d06309f397174cee535b4b,handcrafted,handcrafted,0,fixture,datetime,auto,1,1000,1000,balanced,100000,2,309700
handcrafted,8e5524b6635a10ff038a4e3aa0bfc06423f45ffd71d06309f397174cee535b4b,handcrafted,handcrafted,0,fixture,datetime,auto,1,1000,1000,baseline,0,2,120100
handcrafted,8e5524b6635a10ff038a4e3aa0bfc06423f45ffd71d06309f397174cee535b4b,handcrafted,handcrafted,0,fixture,datetime,streaming,1,1000,1000,baseline,0,0,230800
handcrafted,8e5524b6635a10ff038a4e3aa0bfc06423f45ffd71d06309f397174cee535b4b,handcrafted,handcrafted,0,fixture,datetime,streaming,1,1000,1000,repair,100000,0,348800
handcrafted,8e5524b6635a10ff038a4e3aa0bfc06423f45ffd71d06309f397174cee535b4b,handcrafted,handcrafted,0,fixture,datetime,streaming,1,1000,1000,balanced,100000,0,579700
handcrafted,8e5524b6635a10ff038a4e3aa0bfc06423f45ffd71d06309f397174cee535b4b,handcrafted,handcrafted,0,fixture,datetime,streaming,1,1000,1000,repair,100000,1,377800
handcrafted,8e5524b6635a10ff038a4e3aa0bfc06423f45ffd71d06309f397174cee535b4b,handcrafted,handcrafted,0,fixture,datetime,streaming,1,1000,1000,balanced,100000,1,550800
handcrafted,8e5524b6635a10ff038a4e3aa0bfc06423f45ffd71d06309f397174cee535b4b,handcrafted,handcrafted,0,fixture,datetime,streaming,1,1000,1000,baseline,0,1,258600
handcrafted,8e5524b6635a10ff038a4e3aa0bfc06423f45ffd71d06309f397174cee535b4b,handcrafted,handcrafted,0,fixture,datetime,streaming,1,1000,1000,balanced,100000,2,501900
handcrafted,8e5524b6635a10ff038a4e3aa0bfc06423f45ffd71d06309f397174cee535b4b,handcrafted,handcrafted,0,fixture,datetime,streaming,1,1000,1000,baseline,0,2,228300
handcrafted,8e5524b6635a10ff038a4e3aa0bfc06423f45ffd71d06309f397174cee535b4b,handcrafted,handcrafted,0,fixture,datetime,streaming,1,1000,1000,repair,100000,2,450900
handcrafted,8e5524b6635a10ff038a4e3aa0bfc06423f45ffd71d06309f397174cee535b4b,handcrafted,handcrafted,0,fixture,grouped,auto,4,4000,1000,baseline,0,0,214700
handcrafted,8e5524b6635a10ff038a4e3aa0bfc06423f45ffd71d06309f397174cee535b4b,handcrafted,handcrafted,0,fixture,grouped,auto,4,4000,1000,repair,100000,0,665600
handcrafted,8e5524b6635a10ff038a4e3aa0bfc06423f45ffd71d06309f397174cee535b4b,handcrafted,handcrafted,0,fixture,grouped,auto,4,4000,1000,balanced,100000,0,1091800
handcrafted,8e5524b6635a10ff038a4e3aa0bfc06423f45ffd71d06309f397174cee535b4b,handcrafted,handcrafted,0,fixture,grouped,auto,4,4000,1000,baseline,0,1,206900
handcrafted,8e5524b6635a10ff038a4e3aa0bfc06423f45ffd71d06309f397174cee535b4b,handcrafted,handcrafted,0,fixture,grouped,auto,4,4000,1000,repair,100000,1,743500
handcrafted,8e5524b6635a10ff038a4e3aa0bfc06423f45ffd71d06309f397174cee535b4b,handcrafted,handcrafted,0,fixture,grouped,auto,4,4000,1000,balanced,100000,1,1124200
handcrafted,8e5524b6635a10ff038a4e3aa0bfc06423f45ffd71d06309f397174cee535b4b,handcrafted,handcrafted,0,fixture,grouped,auto,4,4000,1000,repair,100000,2,722700
handcrafted,8e5524b6635a10ff038a4e3aa0bfc06423f45ffd71d06309f397174cee535b4b,handcrafted,handcrafted,0,fixture,grouped,auto,4,4000,1000,balanced,100000,2,1173500
handcrafted,8e5524b6635a10ff038a4e3aa0bfc06423f45ffd71d06309f397174cee535b4b,handcrafted,handcrafted,0,fixture,grouped,auto,4,4000,1000,baseline,0,2,233800
handcrafted,8e5524b6635a10ff038a4e3aa0bfc06423f45ffd71d06309f397174cee535b4b,handcrafted,handcrafted,0,fixture,grouped,streaming,4,4000,1000,repair,100000,0,789300
handcrafted,8e5524b6635a10ff038a4e3aa0bfc06423f45ffd71d06309f397174cee535b4b,handcrafted,handcrafted,0,fixture,grouped,streaming,4,4000,1000,balanced,100000,0,1351700
handcrafted,8e5524b6635a10ff038a4e3aa0bfc06423f45ffd71d06309f397174cee535b4b,handcrafted,handcrafted,0,fixture,grouped,streaming,4,4000,1000,baseline,0,0,354300
handcrafted,8e5524b6635a10ff038a4e3aa0bfc06423f45ffd71d06309f397174cee535b4b,handcrafted,handcrafted,0,fixture,grouped,streaming,4,4000,1000,balanced,100000,1,1153300
handcrafted,8e5524b6635a10ff038a4e3aa0bfc06423f45ffd71d06309f397174cee535b4b,handcrafted,handcrafted,0,fixture,grouped,streaming,4,4000,1000,baseline,0,1,345000
handcrafted,8e5524b6635a10ff038a4e3aa0bfc06423f45ffd71d06309f397174cee535b4b,handcrafted,handcrafted,0,fixture,grouped,streaming,4,4000,1000,repair,100000,1,737900
handcrafted,8e5524b6635a10ff038a4e3aa0bfc06423f45ffd71d06309f397174cee535b4b,handcrafted,handcrafted,0,fixture,grouped,streaming,4,4000,1000,repair,100000,2,719900
handcrafted,8e5524b6635a10ff038a4e3aa0bfc06423f45ffd71d06309f397174cee535b4b,handcrafted,handcrafted,0,fixture,grouped,streaming,4,4000,1000,balanced,100000,2,1331400
handcrafted,8e5524b6635a10ff038a4e3aa0bfc06423f45ffd71d06309f397174cee535b4b,handcrafted,handcrafted,0,fixture,grouped,streaming,4,4000,1000,baseline,0,2,304300
handcrafted,8e5524b6635a10ff038a4e3aa0bfc06423f45ffd71d06309f397174cee535b4b,handcrafted,handcrafted,0,fixture,sliced,auto,1,1000,1000,repair,100000,0,193300
handcrafted,8e5524b6635a10ff038a4e3aa0bfc06423f45ffd71d06309f397174cee535b4b,handcrafted,handcrafted,0,fixture,sliced,auto,1,1000,1000,balanced,100000,0,309600
handcrafted,8e5524b6635a10ff038a4e3aa0bfc06423f45ffd71d06309f397174cee535b4b,handcrafted,handcrafted,0,fixture,sliced,auto,1,1000,1000,baseline,0,0,82800
handcrafted,8e5524b6635a10ff038a4e3aa0bfc06423f45ffd71d06309f397174cee535b4b,handcrafted,handcrafted,0,fixture,sliced,auto,1,1000,1000,baseline,0,1,71000
handcrafted,8e5524b6635a10ff038a4e3aa0bfc06423f45ffd71d06309f397174cee535b4b,handcrafted,handcrafted,0,fixture,sliced,auto,1,1000,1000,repair,100000,1,182600
handcrafted,8e5524b6635a10ff038a4e3aa0bfc06423f45ffd71d06309f397174cee535b4b,handcrafted,handcrafted,0,fixture,sliced,auto,1,1000,1000,balanced,100000,1,280200
handcrafted,8e5524b6635a10ff038a4e3aa0bfc06423f45ffd71d06309f397174cee535b4b,handcrafted,handcrafted,0,fixture,sliced,auto,1,1000,1000,balanced,100000,2,284300
handcrafted,8e5524b6635a10ff038a4e3aa0bfc06423f45ffd71d06309f397174cee535b4b,handcrafted,handcrafted,0,fixture,sliced,auto,1,1000,1000,baseline,0,2,69100
handcrafted,8e5524b6635a10ff038a4e3aa0bfc06423f45ffd71d06309f397174cee535b4b,handcrafted,handcrafted,0,fixture,sliced,auto,1,1000,1000,repair,100000,2,180500
handcrafted,8e5524b6635a10ff038a4e3aa0bfc06423f45ffd71d06309f397174cee535b4b,handcrafted,handcrafted,0,fixture,sliced,streaming,1,1000,1000,baseline,0,0,198100
handcrafted,8e5524b6635a10ff038a4e3aa0bfc06423f45ffd71d06309f397174cee535b4b,handcrafted,handcrafted,0,fixture,sliced,streaming,1,1000,1000,repair,100000,0,336300
handcrafted,8e5524b6635a10ff038a4e3aa0bfc06423f45ffd71d06309f397174cee535b4b,handcrafted,handcrafted,0,fixture,sliced,streaming,1,1000,1000,balanced,100000,0,434500
handcrafted,8e5524b6635a10ff038a4e3aa0bfc06423f45ffd71d06309f397174cee535b4b,handcrafted,handcrafted,0,fixture,sliced,streaming,1,1000,1000,balanced,100000,1,550900
handcrafted,8e5524b6635a10ff038a4e3aa0bfc06423f45ffd71d06309f397174cee535b4b,handcrafted,handcrafted,0,fixture,sliced,streaming,1,1000,1000,baseline,0,1,270900
handcrafted,8e5524b6635a10ff038a4e3aa0bfc06423f45ffd71d06309f397174cee535b4b,handcrafted,handcrafted,0,fixture,sliced,streaming,1,1000,1000,repair,100000,1,493800
handcrafted,8e5524b6635a10ff038a4e3aa0bfc06423f45ffd71d06309f397174cee535b4b,handcrafted,handcrafted,0,fixture,sliced,streaming,1,1000,1000,repair,100000,2,570500
handcrafted,8e5524b6635a10ff038a4e3aa0bfc06423f45ffd71d06309f397174cee535b4b,handcrafted,handcrafted,0,fixture,sliced,streaming,1,1000,1000,balanced,100000,2,456000
handcrafted,8e5524b6635a10ff038a4e3aa0bfc06423f45ffd71d06309f397174cee535b4b,handcrafted,handcrafted,0,fixture,sliced,streaming,1,1000,1000,baseline,0,2,231500
handcrafted,8e5524b6635a10ff038a4e3aa0bfc06423f45ffd71d06309f397174cee535b4b,handcrafted,handcrafted,0,fixture,multi_chunk,auto,1,1000,1000,repair,100000,0,210000
handcrafted,8e5524b6635a10ff038a4e3aa0bfc06423f45ffd71d06309f397174cee535b4b,handcrafted,handcrafted,0,fixture,multi_chunk,auto,1,1000,1000,balanced,100000,0,289200
handcrafted,8e5524b6635a10ff038a4e3aa0bfc06423f45ffd71d06309f397174cee535b4b,handcrafted,handcrafted,0,fixture,multi_chunk,auto,1,1000,1000,baseline,0,0,73500
handcrafted,8e5524b6635a10ff038a4e3aa0bfc06423f45ffd71d06309f397174cee535b4b,handcrafted,handcrafted,0,fixture,multi_chunk,auto,1,1000,1000,baseline,0,1,76900
handcrafted,8e5524b6635a10ff038a4e3aa0bfc06423f45ffd71d06309f397174cee535b4b,handcrafted,handcrafted,0,fixture,multi_chunk,auto,1,1000,1000,repair,100000,1,188700
handcrafted,8e5524b6635a10ff038a4e3aa0bfc06423f45ffd71d06309f397174cee535b4b,handcrafted,handcrafted,0,fixture,multi_chunk,auto,1,1000,1000,balanced,100000,1,283600
handcrafted,8e5524b6635a10ff038a4e3aa0bfc06423f45ffd71d06309f397174cee535b4b,handcrafted,handcrafted,0,fixture,multi_chunk,auto,1,1000,1000,balanced,100000,2,283600
handcrafted,8e5524b6635a10ff038a4e3aa0bfc06423f45ffd71d06309f397174cee535b4b,handcrafted,handcrafted,0,fixture,multi_chunk,auto,1,1000,1000,baseline,0,2,78200
handcrafted,8e5524b6635a10ff038a4e3aa0bfc06423f45ffd71d06309f397174cee535b4b,handcrafted,handcrafted,0,fixture,multi_chunk,auto,1,1000,1000,repair,100000,2,183500
handcrafted,8e5524b6635a10ff038a4e3aa0bfc06423f45ffd71d06309f397174cee535b4b,handcrafted,handcrafted,0,fixture,multi_chunk,streaming,1,1000,1000,repair,100000,0,341500
handcrafted,8e5524b6635a10ff038a4e3aa0bfc06423f45ffd71d06309f397174cee535b4b,handcrafted,handcrafted,0,fixture,multi_chunk,streaming,1,1000,1000,balanced,100000,0,435400
handcrafted,8e5524b6635a10ff038a4e3aa0bfc06423f45ffd71d06309f397174cee535b4b,handcrafted,handcrafted,0,fixture,multi_chunk,streaming,1,1000,1000,baseline,0,0,219400
handcrafted,8e5524b6635a10ff038a4e3aa0bfc06423f45ffd71d06309f397174cee535b4b,handcrafted,handcrafted,0,fixture,multi_chunk,streaming,1,1000,1000,repair,100000,1,344500
handcrafted,8e5524b6635a10ff038a4e3aa0bfc06423f45ffd71d06309f397174cee535b4b,handcrafted,handcrafted,0,fixture,multi_chunk,streaming,1,1000,1000,balanced,100000,1,460300
handcrafted,8e5524b6635a10ff038a4e3aa0bfc06423f45ffd71d06309f397174cee535b4b,handcrafted,handcrafted,0,fixture,multi_chunk,streaming,1,1000,1000,baseline,0,1,234300
handcrafted,8e5524b6635a10ff038a4e3aa0bfc06423f45ffd71d06309f397174cee535b4b,handcrafted,handcrafted,0,fixture,multi_chunk,streaming,1,1000,1000,repair,100000,2,343500
handcrafted,8e5524b6635a10ff038a4e3aa0bfc06423f45ffd71d06309f397174cee535b4b,handcrafted,handcrafted,0,fixture,multi_chunk,streaming,1,1000,1000,balanced,100000,2,437600
handcrafted,8e5524b6635a10ff038a4e3aa0bfc06423f45ffd71d06309f397174cee535b4b,handcrafted,handcrafted,0,fixture,multi_chunk,streaming,1,1000,1000,baseline,0,2,316700
