dtype,family,order,weights,domain,include_zero,seed,weight_dtype,n,method,sample,iterations,batch_ns,total_ns,peak_bytes,allocations,m,u,z,omega,index_record_bytes,index_record_align,segment_bytes,segment_align,weight_record_bytes,weight_record_align
i64,touching,reverse,uniform,inferred,true,7,i128,8,production,0,128,41400,323,640,3,8,9,1,1,16,8,32,16,32,16
i64,touching,reverse,uniform,inferred,true,7,i128,8,events,0,128,36700,286,384,2,8,9,1,1,16,8,32,16,32,16
i64,touching,reverse,uniform,inferred,true,7,i128,8,heap,0,128,38500,300,256,3,8,9,1,1,16,8,32,16,32,16
i64,touching,reverse,uniform,inferred,true,7,i128,8,streams_indices,0,128,44500,347,256,3,8,9,1,1,16,8,32,16,32,16
i64,touching,reverse,uniform,inferred,true,7,i128,8,events,1,128,36700,286,384,2,8,9,1,1,16,8,32,16,32,16
i64,touching,reverse,uniform,inferred,true,7,i128,8,heap,1,128,37800,295,256,3,8,9,1,1,16,8,32,16,32,16
i64,touching,reverse,uniform,inferred,true,7,i128,8,streams_indices,1,128,44500,347,256,3,8,9,1,1,16,8,32,16,32,16
i64,touching,reverse,uniform,inferred,true,7,i128,8,production,1,128,41300,322,640,3,8,9,1,1,16,8,32,16,32,16
i64,touching,reverse,uniform,inferred,true,7,i128,8,heap,2,128,37900,296,256,3,8,9,1,1,16,8,32,16,32,16
i64,touching,reverse,uniform,inferred,true,7,i128,8,streams_indices,2,128,44600,348,256,3,8,9,1,1,16,8,32,16,32,16
i64,touching,reverse,uniform,inferred,true,7,i128,8,production,2,128,41300,322,640,3,8,9,1,1,16,8,32,16,32,16
i64,touching,reverse,uniform,inferred,true,7,i128,8,events,2,128,36600,285,384,2,8,9,1,1,16,8,32,16,32,16
i64,touching,reverse,uniform,inferred,true,7,i128,8,streams_indices,3,128,44500,347,256,3,8,9,1,1,16,8,32,16,32,16
i64,touching,reverse,uniform,inferred,true,7,i128,8,production,3,128,41300,322,640,3,8,9,1,1,16,8,32,16,32,16
i64,touching,reverse,uniform,inferred,true,7,i128,8,events,3,128,36600,285,384,2,8,9,1,1,16,8,32,16,32,16
i64,touching,reverse,uniform,inferred,true,7,i128,8,heap,3,128,37900,296,256,3,8,9,1,1,16,8,32,16,32,16
i64,touching,reverse,uniform,inferred,true,7,i128,8,production,4,128,58300,455,640,3,8,9,1,1,16,8,32,16,32,16
i64,touching,reverse,uniform,inferred,true,7,i128,8,events,4,128,36600,285,384,2,8,9,1,1,16,8,32,16,32,16
i64,touching,reverse,uniform,inferred,true,7,i128,8,heap,4,128,38600,301,256,3,8,9,1,1,16,8,32,16,32,16
i64,touching,reverse,uniform,inferred,true,7,i128,8,streams_indices,4,128,45100,352,256,3,8,9,1,1,16,8,32,16,32,16
i64,touching,reverse,uniform,inferred,true,41,i128,8,production,0,128,41200,321,640,3,8,9,1,1,16,8,32,16,32,16
i64,touching,reverse,uniform,inferred,true,41,i128,8,events,0,128,36800,287,384,2,8,9,1,1,16,8,32,16,32,16
i64,touching,reverse,uniform,inferred,true,41,i128,8,heap,0,128,37900,296,256,3,8,9,1,1,16,8,32,16,32,16
i64,touching,reverse,uniform,inferred,true,41,i128,8,streams_indices,0,128,44500,347,256,3,8,9,1,1,16,8,32,16,32,16
i64,touching,reverse,uniform,inferred,true,41,i128,8,events,1,128,36100,282,384,2,8,9,1,1,16,8,32,16,32,16
i64,touching,reverse,uniform,inferred,true,41,i128,8,heap,1,128,37600,293,256,3,8,9,1,1,16,8,32,16,32,16
i64,touching,reverse,uniform,inferred,true,41,i128,8,streams_indices,1,128,44500,347,256,3,8,9,1,1,16,8,32,16,32,16
i64,touching,reverse,uniform,inferred,true,41,i128,8,production,1,128,41100,321,640,3,8,9,1,1,16,8,32,16,32,16
i64,touching,reverse,uniform,inferred,true,41,i128,8,heap,2,128,37700,294,256,3,8,9,1,1,16,8,32,16,32,16
i64,touching,reverse,uniform,inferred,true,41,i128,8,streams_indices,2,128,44600,348,256,3,8,9,1,1,16,8,32,16,32,16
i64,touching,reverse,uniform,inferred,true,41,i128,8,production,2,128,41000,320,640,3,8,9,1,1,16,8,32,16,32,16
i64,touching,reverse,uniform,inferred,true,41,i128,8,events,2,128,36000,281,384,2,8,9,1,1,16,8,32,16,32,16
i64,touching,reverse,uniform,inferred,true,41,i128,8,streams_indices,3,128,44500,347,256,3,8,9,1,1,16,8,32,16,32,16
i64,touching,reverse,uniform,inferred,true,41,i128,8,production,3,128,41400,323,640,3,8,9,1,1,16,8,32,16,32,16
i64,touching,reverse,uniform,inferred,true,41,i128,8,events,3,128,39800,310,384,2,8,9,1,1,16,8,32,16,32,16
i64,touching,reverse,uniform,inferred,true,41,i128,8,heap,3,128,37600,293,256,3,8,9,1,1,16,8,32,16,32,16
i64,touching,reverse,uniform,inferred,true,41,i128,8,production,4,128,40800,318,640,3,8,9,1,1,16,8,32,16,32,16
i64,touching,reverse,uniform,inferred,true,41,i128,8,events,4,128,35800,279,384,2,8,9,1,1,16,8,32,16,32,16
i64,touching,reverse,uniform,inferred,true,41,i128,8,heap,4,128,37500,292,256,3,8,9,1,1,16,8,32,16,32,16
i64,touching,reverse,uniform,inferred,true,41,i128,8,streams_indices,4,128,44300,346,256,3,8,9,1,1,16,8,32,16,32,16
i64,touching,reverse,uniform,inferred,true,7,i128,1000,production,0,4,152800,38200,64128,3,1000,1001,1,1,16,8,32,16,32,16
i64,touching,reverse,uniform,inferred,true,7,i128,1000,events,0,4,197600,49400,32128,2,1000,1001,1,1,16,8,32,16,32,16
i64,touching,reverse,uniform,inferred,true,7,i128,1000,heap,0,4,61100,15275,8192,3,1000,1001,1,1,16,8,32,16,32,16
i64,touching,reverse,uniform,inferred,true,7,i128,1000,streams_indices,0,4,56900,14225,16128,3,1000,1001,1,1,16,8,32,16,32,16
i64,touching,reverse,uniform,inferred,true,7,i128,1000,events,1,4,192400,48100,32128,2,1000,1001,1,1,16,8,32,16,32,16
i64,touching,reverse,uniform,inferred,true,7,i128,1000,heap,1,4,61200,15300,8192,3,1000,1001,1,1,16,8,32,16,32,16
i64,touching,reverse,uniform,inferred,true,7,i128,1000,streams_indices,1,4,56300,14075,16128,3,1000,1001,1,1,16,8,32,16,32,16
i64,touching,reverse,uniform,inferred,true,7,i128,1000,production,1,4,147400,36850,64128,3,1000,1001,1,1,16,8,32,16,32,16
i64,touching,reverse,uniform,inferred,true,7,i128,1000,heap,2,4,57700,14425,8192,3,1000,1001,1,1,16,8,32,16,32,16
i64,touching,reverse,uniform,inferred,true,7,i128,1000,streams_indices,2,4,57100,14275,16128,3,1000,1001,1,1,16,8,32,16,32,16
i64,touching,reverse,uniform,inferred,true,7,i128,1000,production,2,4,147600,36900,64128,3,1000,1001,1,1,16,8,32,16,32,16
i64,touching,reverse,uniform,inferred,true,7,i128,1000,events,2,4,200100,50025,32128,2,1000,1001,1,1,16,8,32,16,32,16
i64,touching,reverse,uniform,inferred,true,7,i128,1000,streams_indices,3,4,59100,14775,16128,3,1000,1001,1,1,16,8,32,16,32,16
i64,touching,reverse,uniform,inferred,true,7,i128,1000,production,3,4,142800,35700,64128,3,1000,1001,1,1,16,8,32,16,32,16
i64,touching,reverse,uniform,inferred,true,7,i128,1000,events,3,4,197000,49250,32128,2,1000,1001,1,1,16,8,32,16,32,16
i64,touching,reverse,uniform,inferred,true,7,i128,1000,heap,3,4,61200,15300,8192,3,1000,1001,1,1,16,8,32,16,32,16
i64,touching,reverse,uniform,inferred,true,7,i128,1000,production,4,4,144500,36125,64128,3,1000,1001,1,1,16,8,32,16,32,16
i64,touching,reverse,uniform,inferred,true,7,i128,1000,events,4,4,201100,50275,32128,2,1000,1001,1,1,16,8,32,16,32,16
i64,touching,reverse,uniform,inferred,true,7,i128,1000,heap,4,4,61100,15275,8192,3,1000,1001,1,1,16,8,32,16,32,16
i64,touching,reverse,uniform,inferred,true,7,i128,1000,streams_indices,4,4,57800,14450,16128,3,1000,1001,1,1,16,8,32,16,32,16
i64,touching,reverse,uniform,inferred,true,41,i128,1000,production,0,4,146500,36625,64128,3,1000,1001,1,1,16,8,32,16,32,16
i64,touching,reverse,uniform,inferred,true,41,i128,1000,events,0,4,194500,48625,32128,2,1000,1001,1,1,16,8,32,16,32,16
i64,touching,reverse,uniform,inferred,true,41,i128,1000,heap,0,4,60900,15225,8192,3,1000,1001,1,1,16,8,32,16,32,16
i64,touching,reverse,uniform,inferred,true,41,i128,1000,streams_indices,0,4,65200,16300,16128,3,1000,1001,1,1,16,8,32,16,32,16
i64,touching,reverse,uniform,inferred,true,41,i128,1000,events,1,4,190500,47625,32128,2,1000,1001,1,1,16,8,32,16,32,16
i64,touching,reverse,uniform,inferred,true,41,i128,1000,heap,1,4,61000,15250,8192,3,1000,1001,1,1,16,8,32,16,32,16
i64,touching,reverse,uniform,inferred,true,41,i128,1000,streams_indices,1,4,56800,14200,16128,3,1000,1001,1,1,16,8,32,16,32,16
i64,touching,reverse,uniform,inferred,true,41,i128,1000,production,1,4,142100,35525,64128,3,1000,1001,1,1,16,8,32,16,32,16
i64,touching,reverse,uniform,inferred,true,41,i128,1000,heap,2,4,58000,14500,8192,3,1000,1001,1,1,16,8,32,16,32,16
i64,touching,reverse,uniform,inferred,true,41,i128,1000,streams_indices,2,4,57100,14275,16128,3,1000,1001,1,1,16,8,32,16,32,16
i64,touching,reverse,uniform,inferred,true,41,i128,1000,production,2,4,145400,36350,64128,3,1000,1001,1,1,16,8,32,16,32,16
i64,touching,reverse,uniform,inferred,true,41,i128,1000,events,2,4,194700,48675,32128,2,1000,1001,1,1,16,8,32,16,32,16
i64,touching,reverse,uniform,inferred,true,41,i128,1000,streams_indices,3,4,59300,14825,16128,3,1000,1001,1,1,16,8,32,16,32,16
i64,touching,reverse,uniform,inferred,true,41,i128,1000,production,3,4,141800,35450,64128,3,1000,1001,1,1,16,8,32,16,32,16
i64,touching,reverse,uniform,inferred,true,41,i128,1000,events,3,4,199000,49750,32128,2,1000,1001,1,1,16,8,32,16,32,16
i64,touching,reverse,uniform,inferred,true,41,i128,1000,heap,3,4,66100,16525,8192,3,1000,1001,1,1,16,8,32,16,32,16
i64,touching,reverse,uniform,inferred,true,41,i128,1000,production,4,4,140800,35200,64128,3,1000,1001,1,1,16,8,32,16,32,16
i64,touching,reverse,uniform,inferred,true,41,i128,1000,events,4,4,193700,48425,32128,2,1000,1001,1,1,16,8,32,16,32,16
i64,touching,reverse,uniform,inferred,true,41,i128,1000,heap,4,4,61100,15275,8192,3,1000,1001,1,1,16,8,32,16,32,16
i64,touching,reverse,uniform,inferred,true,41,i128,1000,streams_indices,4,4,56400,14100,16128,3,1000,1001,1,1,16,8,32,16,32,16
i64,touching,reverse,uniform,inferred,true,7,i128,100000,production,0,1,2603500,2603500,6400128,3,100000,100001,1,1,16,8,32,16,32,16
i64,touching,reverse,uniform,inferred,true,7,i128,100000,events,0,1,6341300,6341300,3200128,2,100000,100001,1,1,16,8,32,16,32,16
i64,touching,reverse,uniform,inferred,true,7,i128,100000,heap,0,1,1545000,1545000,800192,3,100000,100001,1,1,16,8,32,16,32,16
i64,touching,reverse,uniform,inferred,true,7,i128,100000,streams_indices,0,1,1719600,1719600,1600128,3,100000,100001,1,1,16,8,32,16,32,16
i64,touching,reverse,uniform,inferred,true,7,i128,100000,events,1,1,6302200,6302200,3200128,2,100000,100001,1,1,16,8,32,16,32,16
i64,touching,reverse,uniform,inferred,true,7,i128,100000,heap,1,1,1494600,1494600,800192,3,100000,100001,1,1,16,8,32,16,32,16
i64,touching,reverse,uniform,inferred,true,7,i128,100000,streams_indices,1,1,1653600,1653600,1600128,3,100000,100001,1,1,16,8,32,16,32,16
i64,touching,reverse,uniform,inferred,true,7,i128,100000,production,1,1,2928800,2928800,6400128,3,100000,100001,1,1,16,8,32,16,32,16
i64,touching,reverse,uniform,inferred,true,7,i128,100000,heap,2,1,1719100,1719100,800192,3,100000,100001,1,1,16,8,32,16,32,16
i64,touching,reverse,uniform,inferred,true,7,i128,100000,streams_indices,2,1,1983700,1983700,1600128,3,100000,100001,1,1,16,8,32,16,32,16
i64,touching,reverse,uniform,inferred,true,7,i128,100000,production,2,1,2581800,2581800,6400128,3,100000,100001,1,1,16,8,32,16,32,16
i64,touching,reverse,uniform,inferred,true,7,i128,100000,events,2,1,6259600,6259600,3200128,2,100000,100001,1,1,16,8,32,16,32,16
i64,touching,reverse,uniform,inferred,true,7,i128,100000,streams_indices,3,1,1669200,1669200,1600128,3,100000,100001,1,1,16,8,32,16,32,16
i64,touching,reverse,uniform,inferred,true,7,i128,100000,production,3,1,3245200,3245200,6400128,3,100000,100001,1,1,16,8,32,16,32,16
i64,touching,reverse,uniform,inferred,true,7,i128,100000,events,3,1,6692200,6692200,3200128,2,100000,100001,1,1,16,8,32,16,32,16
i64,touching,reverse,uniform,inferred,true,7,i128,100000,heap,3,1,1525800,1525800,800192,3,100000,100001,1,1,16,8,32,16,32,16
i64,touching,reverse,uniform,inferred,true,7,i128,100000,production,4,1,2747500,2747500,6400128,3,100000,100001,1,1,16,8,32,16,32,16
i64,touching,reverse,uniform,inferred,true,7,i128,100000,events,4,1,6573800,6573800,3200128,2,100000,100001,1,1,16,8,32,16,32,16
i64,touching,reverse,uniform,inferred,true,7,i128,100000,heap,4,1,1452400,1452400,800192,3,100000,100001,1,1,16,8,32,16,32,16
i64,touching,reverse,uniform,inferred,true,7,i128,100000,streams_indices,4,1,1557800,1557800,1600128,3,100000,100001,1,1,16,8,32,16,32,16
i64,touching,reverse,uniform,inferred,true,41,i128,100000,production,0,1,2850400,2850400,6400128,3,100000,100001,1,1,16,8,32,16,32,16
i64,touching,reverse,uniform,inferred,true,41,i128,100000,events,0,1,6623800,6623800,3200128,2,100000,100001,1,1,16,8,32,16,32,16
i64,touching,reverse,uniform,inferred,true,41,i128,100000,heap,0,1,1522700,1522700,800192,3,100000,100001,1,1,16,8,32,16,32,16
i64,touching,reverse,uniform,inferred,true,41,i128,100000,streams_indices,0,1,1640900,1640900,1600128,3,100000,100001,1,1,16,8,32,16,32,16
i64,touching,reverse,uniform,inferred,true,41,i128,100000,events,1,1,6251800,6251800,3200128,2,100000,100001,1,1,16,8,32,16,32,16
i64,touching,reverse,uniform,inferred,true,41,i128,100000,heap,1,1,1516200,1516200,800192,3,100000,100001,1,1,16,8,32,16,32,16
i64,touching,reverse,uniform,inferred,true,41,i128,100000,streams_indices,1,1,1781800,1781800,1600128,3,100000,100001,1,1,16,8,32,16,32,16
i64,touching,reverse,uniform,inferred,true,41,i128,100000,production,1,1,2668700,2668700,6400128,3,100000,100001,1,1,16,8,32,16,32,16
i64,touching,reverse,uniform,inferred,true,41,i128,100000,heap,2,1,1533100,1533100,800192,3,100000,100001,1,1,16,8,32,16,32,16
i64,touching,reverse,uniform,inferred,true,41,i128,100000,streams_indices,2,1,1613800,1613800,1600128,3,100000,100001,1,1,16,8,32,16,32,16
i64,touching,reverse,uniform,inferred,true,41,i128,100000,production,2,1,2699800,2699800,6400128,3,100000,100001,1,1,16,8,32,16,32,16
i64,touching,reverse,uniform,inferred,true,41,i128,100000,events,2,1,6507200,6507200,3200128,2,100000,100001,1,1,16,8,32,16,32,16
i64,touching,reverse,uniform,inferred,true,41,i128,100000,streams_indices,3,1,1785800,1785800,1600128,3,100000,100001,1,1,16,8,32,16,32,16
i64,touching,reverse,uniform,inferred,true,41,i128,100000,production,3,1,2901100,2901100,6400128,3,100000,100001,1,1,16,8,32,16,32,16
i64,touching,reverse,uniform,inferred,true,41,i128,100000,events,3,1,6285600,6285600,3200128,2,100000,100001,1,1,16,8,32,16,32,16
i64,touching,reverse,uniform,inferred,true,41,i128,100000,heap,3,1,1495500,1495500,800192,3,100000,100001,1,1,16,8,32,16,32,16
i64,touching,reverse,uniform,inferred,true,41,i128,100000,production,4,1,2534400,2534400,6400128,3,100000,100001,1,1,16,8,32,16,32,16
i64,touching,reverse,uniform,inferred,true,41,i128,100000,events,4,1,6436200,6436200,3200128,2,100000,100001,1,1,16,8,32,16,32,16
i64,touching,reverse,uniform,inferred,true,41,i128,100000,heap,4,1,1439800,1439800,800192,3,100000,100001,1,1,16,8,32,16,32,16
i64,touching,reverse,uniform,inferred,true,41,i128,100000,streams_indices,4,1,1648400,1648400,1600128,3,100000,100001,1,1,16,8,32,16,32,16
i64,sequencing,start,units,inferred,false,7,unit,8,production,0,128,56800,443,640,5,8,16,15,6,16,8,32,16,0,0
i64,sequencing,start,units,inferred,false,7,unit,8,events,0,128,43300,338,768,4,8,16,15,6,16,8,32,16,0,0
i64,sequencing,start,units,inferred,false,7,unit,8,heap,0,128,68700,536,704,6,8,16,15,6,16,8,32,16,0,0
i64,sequencing,start,units,inferred,false,7,unit,8,events,1,128,43700,341,768,4,8,16,15,6,16,8,32,16,0,0
i64,sequencing,start,units,inferred,false,7,unit,8,heap,1,128,68500,535,704,6,8,16,15,6,16,8,32,16,0,0
i64,sequencing,start,units,inferred,false,7,unit,8,production,1,128,56000,437,640,5,8,16,15,6,16,8,32,16,0,0
i64,sequencing,start,units,inferred,false,7,unit,8,heap,2,128,76900,600,704,6,8,16,15,6,16,8,32,16,0,0
i64,sequencing,start,units,inferred,false,7,unit,8,production,2,128,56500,441,640,5,8,16,15,6,16,8,32,16,0,0
i64,sequencing,start,units,inferred,false,7,unit,8,events,2,128,43600,340,768,4,8,16,15,6,16,8,32,16,0,0
i64,sequencing,start,units,inferred,false,7,unit,8,production,3,128,56600,442,640,5,8,16,15,6,16,8,32,16,0,0
i64,sequencing,start,units,inferred,false,7,unit,8,events,3,128,43900,342,768,4,8,16,15,6,16,8,32,16,0,0
i64,sequencing,start,units,inferred,false,7,unit,8,heap,3,128,69200,540,704,6,8,16,15,6,16,8,32,16,0,0
i64,sequencing,start,units,inferred,false,7,unit,8,events,4,128,48800,381,768,4,8,16,15,6,16,8,32,16,0,0
i64,sequencing,start,units,inferred,false,7,unit,8,heap,4,128,69900,546,704,6,8,16,15,6,16,8,32,16,0,0
i64,sequencing,start,units,inferred,false,7,unit,8,production,4,128,56800,443,640,5,8,16,15,6,16,8,32,16,0,0
i64,sequencing,start,units,inferred,false,41,unit,8,production,0,128,56300,439,640,5,8,16,15,6,16,8,32,16,0,0
i64,sequencing,start,units,inferred,false,41,unit,8,events,0,128,43400,339,768,4,8,16,15,6,16,8,32,16,0,0
i64,sequencing,start,units,inferred,false,41,unit,8,heap,0,128,69500,542,704,6,8,16,15,6,16,8,32,16,0,0
i64,sequencing,start,units,inferred,false,41,unit,8,events,1,128,42700,333,768,4,8,16,15,6,16,8,32,16,0,0
i64,sequencing,start,units,inferred,false,41,unit,8,heap,1,128,69600,543,704,6,8,16,15,6,16,8,32,16,0,0
i64,sequencing,start,units,inferred,false,41,unit,8,production,1,128,56400,440,640,5,8,16,15,6,16,8,32,16,0,0
i64,sequencing,start,units,inferred,false,41,unit,8,heap,2,128,69500,542,704,6,8,16,15,6,16,8,32,16,0,0
i64,sequencing,start,units,inferred,false,41,unit,8,production,2,128,56500,441,640,5,8,16,15,6,16,8,32,16,0,0
i64,sequencing,start,units,inferred,false,41,unit,8,events,2,128,42500,332,768,4,8,16,15,6,16,8,32,16,0,0
i64,sequencing,start,units,inferred,false,41,unit,8,production,3,128,56300,439,640,5,8,16,15,6,16,8,32,16,0,0
i64,sequencing,start,units,inferred,false,41,unit,8,events,3,128,43300,338,768,4,8,16,15,6,16,8,32,16,0,0
i64,sequencing,start,units,inferred,false,41,unit,8,heap,3,128,69600,543,704,6,8,16,15,6,16,8,32,16,0,0
i64,sequencing,start,units,inferred,false,41,unit,8,events,4,128,42500,332,768,4,8,16,15,6,16,8,32,16,0,0
i64,sequencing,start,units,inferred,false,41,unit,8,heap,4,128,69800,545,704,6,8,16,15,6,16,8,32,16,0,0
i64,sequencing,start,units,inferred,false,41,unit,8,production,4,128,56500,441,640,5,8,16,15,6,16,8,32,16,0,0
i64,sequencing,start,units,inferred,false,7,unit,1000,production,0,4,246000,61500,81536,12,1000,2000,1999,6,16,8,32,16,0,0
i64,sequencing,start,units,inferred,false,7,unit,1000,events,0,4,281300,70325,97536,11,1000,2000,1999,6,16,8,32,16,0,0
i64,sequencing,start,units,inferred,false,7,unit,1000,heap,0,4,250000,62500,73664,13,1000,2000,1999,6,16,8,32,16,0,0
i64,sequencing,start,units,inferred,false,7,unit,1000,events,1,4,271600,67900,97536,11,1000,2000,1999,6,16,8,32,16,0,0
i64,sequencing,start,units,inferred,false,7,unit,1000,heap,1,4,247000,61750,73664,13,1000,2000,1999,6,16,8,32,16,0,0
i64,sequencing,start,units,inferred,false,7,unit,1000,production,1,4,238500,59625,81536,12,1000,2000,1999,6,16,8,32,16,0,0
i64,sequencing,start,units,inferred,false,7,unit,1000,heap,2,4,248700,62175,73664,13,1000,2000,1999,6,16,8,32,16,0,0
i64,sequencing,start,units,inferred,false,7,unit,1000,production,2,4,235200,58800,81536,12,1000,2000,1999,6,16,8,32,16,0,0
i64,sequencing,start,units,inferred,false,7,unit,1000,events,2,4,274600,68650,97536,11,1000,2000,1999,6,16,8,32,16,0,0
i64,sequencing,start,units,inferred,false,7,unit,1000,production,3,4,241300,60325,81536,12,1000,2000,1999,6,16,8,32,16,0,0
i64,sequencing,start,units,inferred,false,7,unit,1000,events,3,4,281000,70250,97536,11,1000,2000,1999,6,16,8,32,16,0,0
i64,sequencing,start,units,inferred,false,7,unit,1000,heap,3,4,248600,62150,73664,13,1000,2000,1999,6,16,8,32,16,0,0
i64,sequencing,start,units,inferred,false,7,unit,1000,events,4,4,278400,69600,97536,11,1000,2000,1999,6,16,8,32,16,0,0
i64,sequencing,start,units,inferred,false,7,unit,1000,heap,4,4,256500,64125,73664,13,1000,2000,1999,6,16,8,32,16,0,0
i64,sequencing,start,units,inferred,false,7,unit,1000,production,4,4,268400,67100,81536,12,1000,2000,1999,6,16,8,32,16,0,0
i64,sequencing,start,units,inferred,false,41,unit,1000,production,0,4,255500,63875,81536,12,1000,2000,1999,6,16,8,32,16,0,0
i64,sequencing,start,units,inferred,false,41,unit,1000,events,0,4,297400,74350,97536,11,1000,2000,1999,6,16,8,32,16,0,0
i64,sequencing,start,units,inferred,false,41,unit,1000,heap,0,4,282900,70725,73664,13,1000,2000,1999,6,16,8,32,16,0,0
i64,sequencing,start,units,inferred,false,41,unit,1000,events,1,4,296800,74200,97536,11,1000,2000,1999,6,16,8,32,16,0,0
i64,sequencing,start,units,inferred,false,41,unit,1000,heap,1,4,269500,67375,73664,13,1000,2000,1999,6,16,8,32,16,0,0
i64,sequencing,start,units,inferred,false,41,unit,1000,production,1,4,262800,65700,81536,12,1000,2000,1999,6,16,8,32,16,0,0
i64,sequencing,start,units,inferred,false,41,unit,1000,heap,2,4,283800,70950,73664,13,1000,2000,1999,6,16,8,32,16,0,0
i64,sequencing,start,units,inferred,false,41,unit,1000,production,2,4,280900,70225,81536,12,1000,2000,1999,6,16,8,32,16,0,0
i64,sequencing,start,units,inferred,false,41,unit,1000,events,2,4,290200,72550,97536,11,1000,2000,1999,6,16,8,32,16,0,0
i64,sequencing,start,units,inferred,false,41,unit,1000,production,3,4,293400,73350,81536,12,1000,2000,1999,6,16,8,32,16,0,0
i64,sequencing,start,units,inferred,false,41,unit,1000,events,3,4,316300,79075,97536,11,1000,2000,1999,6,16,8,32,16,0,0
i64,sequencing,start,units,inferred,false,41,unit,1000,heap,3,4,282400,70600,73664,13,1000,2000,1999,6,16,8,32,16,0,0
i64,sequencing,start,units,inferred,false,41,unit,1000,events,4,4,305700,76425,97536,11,1000,2000,1999,6,16,8,32,16,0,0
i64,sequencing,start,units,inferred,false,41,unit,1000,heap,4,4,278600,69650,73664,13,1000,2000,1999,6,16,8,32,16,0,0
i64,sequencing,start,units,inferred,false,41,unit,1000,production,4,4,266000,66500,81536,12,1000,2000,1999,6,16,8,32,16,0,0
i64,sequencing,start,units,inferred,false,7,unit,100000,production,0,1,5007500,5007500,9988608,19,100000,200000,199999,6,16,8,32,16,0,0
i64,sequencing,start,units,inferred,false,7,unit,100000,events,0,1,8468800,8468800,11588608,18,100000,200000,199999,6,16,8,32,16,0,0
i64,sequencing,start,units,inferred,false,7,unit,100000,heap,0,1,5152400,5152400,9188736,20,100000,200000,199999,6,16,8,32,16,0,0
i64,sequencing,start,units,inferred,false,7,unit,100000,events,1,1,8509900,8509900,11588608,18,100000,200000,199999,6,16,8,32,16,0,0
i64,sequencing,start,units,inferred,false,7,unit,100000,heap,1,1,5195600,5195600,9188736,20,100000,200000,199999,6,16,8,32,16,0,0
i64,sequencing,start,units,inferred,false,7,unit,100000,production,1,1,5054100,5054100,9988608,19,100000,200000,199999,6,16,8,32,16,0,0
i64,sequencing,start,units,inferred,false,7,unit,100000,heap,2,1,5078900,5078900,9188736,20,100000,200000,199999,6,16,8,32,16,0,0
i64,sequencing,start,units,inferred,false,7,unit,100000,production,2,1,5116000,5116000,9988608,19,100000,200000,199999,6,16,8,32,16,0,0
i64,sequencing,start,units,inferred,false,7,unit,100000,events,2,1,8686700,8686700,11588608,18,100000,200000,199999,6,16,8,32,16,0,0
i64,sequencing,start,units,inferred,false,7,unit,100000,production,3,1,5699500,5699500,9988608,19,100000,200000,199999,6,16,8,32,16,0,0
i64,sequencing,start,units,inferred,false,7,unit,100000,events,3,1,8585000,8585000,11588608,18,100000,200000,199999,6,16,8,32,16,0,0
i64,sequencing,start,units,inferred,false,7,unit,100000,heap,3,1,5657200,5657200,9188736,20,100000,200000,199999,6,16,8,32,16,0,0
i64,sequencing,start,units,inferred,false,7,unit,100000,events,4,1,8612700,8612700,11588608,18,100000,200000,199999,6,16,8,32,16,0,0
i64,sequencing,start,units,inferred,false,7,unit,100000,heap,4,1,5246600,5246600,9188736,20,100000,200000,199999,6,16,8,32,16,0,0
i64,sequencing,start,units,inferred,false,7,unit,100000,production,4,1,5348100,5348100,9988608,19,100000,200000,199999,6,16,8,32,16,0,0
i64,sequencing,start,units,inferred,false,41,unit,100000,production,0,1,5084800,5084800,9988608,19,100000,200000,199999,6,16,8,32,16,0,0
i64,sequencing,start,units,inferred,false,41,unit,100000,events,0,1,8753300,8753300,11588608,18,100000,200000,199999,6,16,8,32,16,0,0
i64,sequencing,start,units,inferred,false,41,unit,100000,heap,0,1,5101600,5101600,9188736,20,100000,200000,199999,6,16,8,32,16,0,0
i64,sequencing,start,units,inferred,false,41,unit,100000,events,1,1,8712500,8712500,11588608,18,100000,200000,199999,6,16,8,32,16,0,0
i64,sequencing,start,units,inferred,false,41,unit,100000,heap,1,1,5197200,5197200,9188736,20,100000,200000,199999,6,16,8,32,16,0,0
i64,sequencing,start,units,inferred,false,41,unit,100000,production,1,1,5145200,5145200,9988608,19,100000,200000,199999,6,16,8,32,16,0,0
i64,sequencing,start,units,inferred,false,41,unit,100000,heap,2,1,5586500,5586500,9188736,20,100000,200000,199999,6,16,8,32,16,0,0
i64,sequencing,start,units,inferred,false,41,unit,100000,production,2,1,5208200,5208200,9988608,19,100000,200000,199999,6,16,8,32,16,0,0
i64,sequencing,start,units,inferred,false,41,unit,100000,events,2,1,8542500,8542500,11588608,18,100000,200000,199999,6,16,8,32,16,0,0
i64,sequencing,start,units,inferred,false,41,unit,100000,production,3,1,5337400,5337400,9988608,19,100000,200000,199999,6,16,8,32,16,0,0
i64,sequencing,start,units,inferred,false,41,unit,100000,events,3,1,8600100,8600100,11588608,18,100000,200000,199999,6,16,8,32,16,0,0
i64,sequencing,start,units,inferred,false,41,unit,100000,heap,3,1,5668500,5668500,9188736,20,100000,200000,199999,6,16,8,32,16,0,0
i64,sequencing,start,units,inferred,false,41,unit,100000,events,4,1,8769600,8769600,11588608,18,100000,200000,199999,6,16,8,32,16,0,0
i64,sequencing,start,units,inferred,false,41,unit,100000,heap,4,1,5336800,5336800,9188736,20,100000,200000,199999,6,16,8,32,16,0,0
i64,sequencing,start,units,inferred,false,41,unit,100000,production,4,1,5372600,5372600,9988608,19,100000,200000,199999,6,16,8,32,16,0,0
i64,sequencing,shuffled,units,inferred,false,7,unit,8,production,0,128,61400,479,640,5,8,16,15,6,16,8,32,16,0,0
i64,sequencing,shuffled,units,inferred,false,7,unit,8,events,0,128,48700,380,768,4,8,16,15,6,16,8,32,16,0,0
i64,sequencing,shuffled,units,inferred,false,7,unit,8,heap,0,128,72800,568,704,6,8,16,15,6,16,8,32,16,0,0
i64,sequencing,shuffled,units,inferred,false,7,unit,8,events,1,128,48300,377,768,4,8,16,15,6,16,8,32,16,0,0
i64,sequencing,shuffled,units,inferred,false,7,unit,8,heap,1,128,73500,574,704,6,8,16,15,6,16,8,32,16,0,0
i64,sequencing,shuffled,units,inferred,false,7,unit,8,production,1,128,60500,472,640,5,8,16,15,6,16,8,32,16,0,0
i64,sequencing,shuffled,units,inferred,false,7,unit,8,heap,2,128,73500,574,704,6,8,16,15,6,16,8,32,16,0,0
i64,sequencing,shuffled,units,inferred,false,7,unit,8,production,2,128,60600,473,640,5,8,16,15,6,16,8,32,16,0,0
i64,sequencing,shuffled,units,inferred,false,7,unit,8,events,2,128,47600,371,768,4,8,16,15,6,16,8,32,16,0,0
i64,sequencing,shuffled,units,inferred,false,7,unit,8,production,3,128,59400,464,640,5,8,16,15,6,16,8,32,16,0,0
i64,sequencing,shuffled,units,inferred,false,7,unit,8,events,3,128,48700,380,768,4,8,16,15,6,16,8,32,16,0,0
i64,sequencing,shuffled,units,inferred,false,7,unit,8,heap,3,128,72900,569,704,6,8,16,15,6,16,8,32,16,0,0
i64,sequencing,shuffled,units,inferred,false,7,unit,8,events,4,128,48000,375,768,4,8,16,15,6,16,8,32,16,0,0
i64,sequencing,shuffled,units,inferred,false,7,unit,8,heap,4,128,73400,573,704,6,8,16,15,6,16,8,32,16,0,0
i64,sequencing,shuffled,units,inferred,false,7,unit,8,production,4,128,59400,464,640,5,8,16,15,6,16,8,32,16,0,0
i64,sequencing,shuffled,units,inferred,false,41,unit,8,production,0,128,59200,462,640,5,8,16,15,6,16,8,32,16,0,0
i64,sequencing,shuffled,units,inferred,false,41,unit,8,events,0,128,46800,365,768,4,8,16,15,6,16,8,32,16,0,0
i64,sequencing,shuffled,units,inferred,false,41,unit,8,heap,0,128,72600,567,704,6,8,16,15,6,16,8,32,16,0,0
i64,sequencing,shuffled,units,inferred,false,41,unit,8,events,1,128,46700,364,768,4,8,16,15,6,16,8,32,16,0,0
i64,sequencing,shuffled,units,inferred,false,41,unit,8,heap,1,128,77300,603,704,6,8,16,15,6,16,8,32,16,0,0
i64,sequencing,shuffled,units,inferred,false,41,unit,8,production,1,128,60400,471,640,5,8,16,15,6,16,8,32,16,0,0
i64,sequencing,shuffled,units,inferred,false,41,unit,8,heap,2,128,72500,566,704,6,8,16,15,6,16,8,32,16,0,0
i64,sequencing,shuffled,units,inferred,false,41,unit,8,production,2,128,58900,460,640,5,8,16,15,6,16,8,32,16,0,0
i64,sequencing,shuffled,units,inferred,false,41,unit,8,events,2,128,47000,367,768,4,8,16,15,6,16,8,32,16,0,0
i64,sequencing,shuffled,units,inferred,false,41,unit,8,production,3,128,59000,460,640,5,8,16,15,6,16,8,32,16,0,0
i64,sequencing,shuffled,units,inferred,false,41,unit,8,events,3,128,46900,366,768,4,8,16,15,6,16,8,32,16,0,0
i64,sequencing,shuffled,units,inferred,false,41,unit,8,heap,3,128,72300,564,704,6,8,16,15,6,16,8,32,16,0,0
i64,sequencing,shuffled,units,inferred,false,41,unit,8,events,4,128,46900,366,768,4,8,16,15,6,16,8,32,16,0,0
i64,sequencing,shuffled,units,inferred,false,41,unit,8,heap,4,128,72400,565,704,6,8,16,15,6,16,8,32,16,0,0
i64,sequencing,shuffled,units,inferred,false,41,unit,8,production,4,128,59000,460,640,5,8,16,15,6,16,8,32,16,0,0
i64,sequencing,shuffled,units,inferred,false,7,unit,1000,production,0,4,250600,62650,81536,12,1000,2000,1999,6,16,8,32,16,0,0
i64,sequencing,shuffled,units,inferred,false,7,unit,1000,events,0,4,288200,72050,97536,11,1000,2000,1999,6,16,8,32,16,0,0
i64,sequencing,shuffled,units,inferred,false,7,unit,1000,heap,0,4,241800,60450,73664,13,1000,2000,1999,6,16,8,32,16,0,0
i64,sequencing,shuffled,units,inferred,false,7,unit,1000,events,1,4,278300,69575,97536,11,1000,2000,1999,6,16,8,32,16,0,0
i64,sequencing,shuffled,units,inferred,false,7,unit,1000,heap,1,4,237800,59450,73664,13,1000,2000,1999,6,16,8,32,16,0,0
i64,sequencing,shuffled,units,inferred,false,7,unit,1000,production,1,4,241700,60425,81536,12,1000,2000,1999,6,16,8,32,16,0,0
i64,sequencing,shuffled,units,inferred,false,7,unit,1000,heap,2,4,240500,60125,73664,13,1000,2000,1999,6,16,8,32,16,0,0
i64,sequencing,shuffled,units,inferred,false,7,unit,1000,production,2,4,245600,61400,81536,12,1000,2000,1999,6,16,8,32,16,0,0
i64,sequencing,shuffled,units,inferred,false,7,unit,1000,events,2,4,319600,79900,97536,11,1000,2000,1999,6,16,8,32,16,0,0
i64,sequencing,shuffled,units,inferred,false,7,unit,1000,production,3,4,253600,63400,81536,12,1000,2000,1999,6,16,8,32,16,0,0
i64,sequencing,shuffled,units,inferred,false,7,unit,1000,events,3,4,277200,69300,97536,11,1000,2000,1999,6,16,8,32,16,0,0
i64,sequencing,shuffled,units,inferred,false,7,unit,1000,heap,3,4,242200,60550,73664,13,1000,2000,1999,6,16,8,32,16,0,0
i64,sequencing,shuffled,units,inferred,false,7,unit,1000,events,4,4,277600,69400,97536,11,1000,2000,1999,6,16,8,32,16,0,0
i64,sequencing,shuffled,units,inferred,false,7,unit,1000,heap,4,4,239400,59850,73664,13,1000,2000,1999,6,16,8,32,16,0,0
i64,sequencing,shuffled,units,inferred,false,7,unit,1000,production,4,4,255000,63750,81536,12,1000,2000,1999,6,16,8,32,16,0,0
i64,sequencing,shuffled,units,inferred,false,41,unit,1000,production,0,4,262200,65550,81536,12,1000,2000,1999,6,16,8,32,16,0,0
i64,sequencing,shuffled,units,inferred,false,41,unit,1000,events,0,4,295700,73925,97536,11,1000,2000,1999,6,16,8,32,16,0,0
i64,sequencing,shuffled,units,inferred,false,41,unit,1000,heap,0,4,246200,61550,73664,13,1000,2000,1999,6,16,8,32,16,0,0
i64,sequencing,shuffled,units,inferred,false,41,unit,1000,events,1,4,298000,74500,97536,11,1000,2000,1999,6,16,8,32,16,0,0
i64,sequencing,shuffled,units,inferred,false,41,unit,1000,heap,1,4,258700,64675,73664,13,1000,2000,1999,6,16,8,32,16,0,0
i64,sequencing,shuffled,units,inferred,false,41,unit,1000,production,1,4,252600,63150,81536,12,1000,2000,1999,6,16,8,32,16,0,0
i64,sequencing,shuffled,units,inferred,false,41,unit,1000,heap,2,4,243800,60950,73664,13,1000,2000,1999,6,16,8,32,16,0,0
i64,sequencing,shuffled,units,inferred,false,41,unit,1000,production,2,4,257000,64250,81536,12,1000,2000,1999,6,16,8,32,16,0,0
i64,sequencing,shuffled,units,inferred,false,41,unit,1000,events,2,4,286000,71500,97536,11,1000,2000,1999,6,16,8,32,16,0,0
i64,sequencing,shuffled,units,inferred,false,41,unit,1000,production,3,4,247000,61750,81536,12,1000,2000,1999,6,16,8,32,16,0,0
i64,sequencing,shuffled,units,inferred,false,41,unit,1000,events,3,4,285900,71475,97536,11,1000,2000,1999,6,16,8,32,16,0,0
i64,sequencing,shuffled,units,inferred,false,41,unit,1000,heap,3,4,246500,61625,73664,13,1000,2000,1999,6,16,8,32,16,0,0
i64,sequencing,shuffled,units,inferred,false,41,unit,1000,events,4,4,279800,69950,97536,11,1000,2000,1999,6,16,8,32,16,0,0
i64,sequencing,shuffled,units,inferred,false,41,unit,1000,heap,4,4,245400,61350,73664,13,1000,2000,1999,6,16,8,32,16,0,0
i64,sequencing,shuffled,units,inferred,false,41,unit,1000,production,4,4,245600,61400,81536,12,1000,2000,1999,6,16,8,32,16,0,0
i64,sequencing,shuffled,units,inferred,false,7,unit,100000,production,0,1,8362300,8362300,9988608,19,100000,200000,199999,6,16,8,32,16,0,0
i64,sequencing,shuffled,units,inferred,false,7,unit,100000,events,0,1,10733800,10733800,11588608,18,100000,200000,199999,6,16,8,32,16,0,0
i64,sequencing,shuffled,units,inferred,false,7,unit,100000,heap,0,1,10178700,10178700,9188736,20,100000,200000,199999,6,16,8,32,16,0,0
i64,sequencing,shuffled,units,inferred,false,7,unit,100000,events,1,1,11011600,11011600,11588608,18,100000,200000,199999,6,16,8,32,16,0,0
i64,sequencing,shuffled,units,inferred,false,7,unit,100000,heap,1,1,12105100,12105100,9188736,20,100000,200000,199999,6,16,8,32,16,0,0
i64,sequencing,shuffled,units,inferred,false,7,unit,100000,production,1,1,8865100,8865100,9988608,19,100000,200000,199999,6,16,8,32,16,0,0
i64,sequencing,shuffled,units,inferred,false,7,unit,100000,heap,2,1,12039000,12039000,9188736,20,100000,200000,199999,6,16,8,32,16,0,0
i64,sequencing,shuffled,units,inferred,false,7,unit,100000,production,2,1,9334300,9334300,9988608,19,100000,200000,199999,6,16,8,32,16,0,0
i64,sequencing,shuffled,units,inferred,false,7,unit,100000,events,2,1,11441200,11441200,11588608,18,100000,200000,199999,6,16,8,32,16,0,0
i64,sequencing,shuffled,units,inferred,false,7,unit,100000,production,3,1,8590500,8590500,9988608,19,100000,200000,199999,6,16,8,32,16,0,0
i64,sequencing,shuffled,units,inferred,false,7,unit,100000,events,3,1,10250500,10250500,11588608,18,100000,200000,199999,6,16,8,32,16,0,0
i64,sequencing,shuffled,units,inferred,false,7,unit,100000,heap,3,1,11101200,11101200,9188736,20,100000,200000,199999,6,16,8,32,16,0,0
i64,sequencing,shuffled,units,inferred,false,7,unit,100000,events,4,1,10745300,10745300,11588608,18,100000,200000,199999,6,16,8,32,16,0,0
i64,sequencing,shuffled,units,inferred,false,7,unit,100000,heap,4,1,8925900,8925900,9188736,20,100000,200000,199999,6,16,8,32,16,0,0
i64,sequencing,shuffled,units,inferred,false,7,unit,100000,production,4,1,8336100,8336100,9988608,19,100000,200000,199999,6,16,8,32,16,0,0
i64,sequencing,shuffled,units,inferred,false,41,unit,100000,production,0,1,7660600,7660600,9988608,19,100000,200000,199999,6,16,8,32,16,0,0
i64,sequencing,shuffled,units,inferred,false,41,unit,100000,events,0,1,9686500,9686500,11588608,18,100000,200000,199999,6,16,8,32,16,0,0
i64,sequencing,shuffled,units,inferred,false,41,unit,100000,heap,0,1,8633400,8633400,9188736,20,100000,200000,199999,6,16,8,32,16,0,0
i64,sequencing,shuffled,units,inferred,false,41,unit,100000,events,1,1,9630600,9630600,11588608,18,100000,200000,199999,6,16,8,32,16,0,0
i64,sequencing,shuffled,units,inferred,false,41,unit,100000,heap,1,1,8588300,8588300,9188736,20,100000,200000,199999,6,16,8,32,16,0,0
i64,sequencing,shuffled,units,inferred,false,41,unit,100000,production,1,1,7678100,7678100,9988608,19,100000,200000,199999,6,16,8,32,16,0,0
i64,sequencing,shuffled,units,inferred,false,41,unit,100000,heap,2,1,8506100,8506100,9188736,20,100000,200000,199999,6,16,8,32,16,0,0
i64,sequencing,shuffled,units,inferred,false,41,unit,100000,production,2,1,7766000,7766000,9988608,19,100000,200000,199999,6,16,8,32,16,0,0
i64,sequencing,shuffled,units,inferred,false,41,unit,100000,events,2,1,9710100,9710100,11588608,18,100000,200000,199999,6,16,8,32,16,0,0
i64,sequencing,shuffled,units,inferred,false,41,unit,100000,production,3,1,7738400,7738400,9988608,19,100000,200000,199999,6,16,8,32,16,0,0
i64,sequencing,shuffled,units,inferred,false,41,unit,100000,events,3,1,9517200,9517200,11588608,18,100000,200000,199999,6,16,8,32,16,0,0
i64,sequencing,shuffled,units,inferred,false,41,unit,100000,heap,3,1,8426100,8426100,9188736,20,100000,200000,199999,6,16,8,32,16,0,0
i64,sequencing,shuffled,units,inferred,false,41,unit,100000,events,4,1,9411700,9411700,11588608,18,100000,200000,199999,6,16,8,32,16,0,0
i64,sequencing,shuffled,units,inferred,false,41,unit,100000,heap,4,1,7770500,7770500,9188736,20,100000,200000,199999,6,16,8,32,16,0,0
i64,sequencing,shuffled,units,inferred,false,41,unit,100000,production,4,1,7548600,7548600,9988608,19,100000,200000,199999,6,16,8,32,16,0,0
i64,booking,start,heterogeneous,inferred,false,7,i128,8,production,0,128,59600,465,1024,5,8,15,14,7,16,8,32,16,32,16
i64,booking,start,heterogeneous,inferred,false,7,i128,8,events,0,128,45800,357,768,4,8,15,14,7,16,8,32,16,32,16
i64,booking,start,heterogeneous,inferred,false,7,i128,8,heap,0,128,67300,525,704,6,8,15,14,7,16,8,32,16,32,16
i64,booking,start,heterogeneous,inferred,false,7,i128,8,streams_indices,0,128,63100,492,640,5,8,15,14,7,16,8,32,16,32,16
i64,booking,start,heterogeneous,inferred,false,7,i128,8,events,1,128,64400,503,768,4,8,15,14,7,16,8,32,16,32,16
i64,booking,start,heterogeneous,inferred,false,7,i128,8,heap,1,128,72600,567,704,6,8,15,14,7,16,8,32,16,32,16
i64,booking,start,heterogeneous,inferred,false,7,i128,8,streams_indices,1,128,64100,500,640,5,8,15,14,7,16,8,32,16,32,16
i64,booking,start,heterogeneous,inferred,false,7,i128,8,production,1,128,80300,627,1024,5,8,15,14,7,16,8,32,16,32,16
i64,booking,start,heterogeneous,inferred,false,7,i128,8,heap,2,128,104100,813,704,6,8,15,14,7,16,8,32,16,32,16
i64,booking,start,heterogeneous,inferred,false,7,i128,8,streams_indices,2,128,68000,531,640,5,8,15,14,7,16,8,32,16,32,16
i64,booking,start,heterogeneous,inferred,false,7,i128,8,production,2,128,65100,508,1024,5,8,15,14,7,16,8,32,16,32,16
i64,booking,start,heterogeneous,inferred,false,7,i128,8,events,2,128,48200,376,768,4,8,15,14,7,16,8,32,16,32,16
i64,booking,start,heterogeneous,inferred,false,7,i128,8,streams_indices,3,128,65500,511,640,5,8,15,14,7,16,8,32,16,32,16
i64,booking,start,heterogeneous,inferred,false,7,i128,8,production,3,128,61200,478,1024,5,8,15,14,7,16,8,32,16,32,16
i64,booking,start,heterogeneous,inferred,false,7,i128,8,events,3,128,46200,360,768,4,8,15,14,7,16,8,32,16,32,16
i64,booking,start,heterogeneous,inferred,false,7,i128,8,heap,3,128,67800,529,704,6,8,15,14,7,16,8,32,16,32,16
i64,booking,start,heterogeneous,inferred,false,7,i128,8,production,4,128,59800,467,1024,5,8,15,14,7,16,8,32,16,32,16
i64,booking,start,heterogeneous,inferred,false,7,i128,8,events,4,128,46100,360,768,4,8,15,14,7,16,8,32,16,32,16
i64,booking,start,heterogeneous,inferred,false,7,i128,8,heap,4,128,67700,528,704,6,8,15,14,7,16,8,32,16,32,16
i64,booking,start,heterogeneous,inferred,false,7,i128,8,streams_indices,4,128,63500,496,640,5,8,15,14,7,16,8,32,16,32,16
i64,booking,start,heterogeneous,inferred,false,41,i128,8,production,0,128,59700,466,1024,5,8,14,13,7,16,8,32,16,32,16
i64,booking,start,heterogeneous,inferred,false,41,i128,8,events,0,128,47600,371,768,4,8,14,13,7,16,8,32,16,32,16
i64,booking,start,heterogeneous,inferred,false,41,i128,8,heap,0,128,68000,531,704,6,8,14,13,7,16,8,32,16,32,16
i64,booking,start,heterogeneous,inferred,false,41,i128,8,streams_indices,0,128,64200,501,640,5,8,14,13,7,16,8,32,16,32,16
i64,booking,start,heterogeneous,inferred,false,41,i128,8,events,1,128,47900,374,768,4,8,14,13,7,16,8,32,16,32,16
i64,booking,start,heterogeneous,inferred,false,41,i128,8,heap,1,128,67300,525,704,6,8,14,13,7,16,8,32,16,32,16
i64,booking,start,heterogeneous,inferred,false,41,i128,8,streams_indices,1,128,64200,501,640,5,8,14,13,7,16,8,32,16,32,16
i64,booking,start,heterogeneous,inferred,false,41,i128,8,production,1,128,58900,460,1024,5,8,14,13,7,16,8,32,16,32,16
i64,booking,start,heterogeneous,inferred,false,41,i128,8,heap,2,128,67300,525,704,6,8,14,13,7,16,8,32,16,32,16
i64,booking,start,heterogeneous,inferred,false,41,i128,8,streams_indices,2,128,64100,500,640,5,8,14,13,7,16,8,32,16,32,16
i64,booking,start,heterogeneous,inferred,false,41,i128,8,production,2,128,58900,460,1024,5,8,14,13,7,16,8,32,16,32,16
i64,booking,start,heterogeneous,inferred,false,41,i128,8,events,2,128,47900,374,768,4,8,14,13,7,16,8,32,16,32,16
i64,booking,start,heterogeneous,inferred,false,41,i128,8,streams_indices,3,128,64300,502,640,5,8,14,13,7,16,8,32,16,32,16
i64,booking,start,heterogeneous,inferred,false,41,i128,8,production,3,128,59000,460,1024,5,8,14,13,7,16,8,32,16,32,16
i64,booking,start,heterogeneous,inferred,false,41,i128,8,events,3,128,47600,371,768,4,8,14,13,7,16,8,32,16,32,16
i64,booking,start,heterogeneous,inferred,false,41,i128,8,heap,3,128,67400,526,704,6,8,14,13,7,16,8,32,16,32,16
i64,booking,start,heterogeneous,inferred,false,41,i128,8,production,4,128,58900,460,1024,5,8,14,13,7,16,8,32,16,32,16
i64,booking,start,heterogeneous,inferred,false,41,i128,8,events,4,128,48000,375,768,4,8,14,13,7,16,8,32,16,32,16
i64,booking,start,heterogeneous,inferred,false,41,i128,8,heap,4,128,67200,525,704,6,8,14,13,7,16,8,32,16,32,16
i64,booking,start,heterogeneous,inferred,false,41,i128,8,streams_indices,4,128,64500,503,640,5,8,14,13,7,16,8,32,16,32,16
i64,booking,start,heterogeneous,inferred,false,7,i128,1000,production,0,4,277600,69400,129536,12,1000,1600,1585,28,16,8,32,16,32,16
i64,booking,start,heterogeneous,inferred,false,7,i128,1000,events,0,4,298400,74600,97536,11,1000,1600,1585,28,16,8,32,16,32,16
i64,booking,start,heterogeneous,inferred,false,7,i128,1000,heap,0,4,292900,73225,74048,15,1000,1600,1585,28,16,8,32,16,32,16
i64,booking,start,heterogeneous,inferred,false,7,i128,1000,streams_indices,0,4,284000,71000,81536,12,1000,1600,1585,28,16,8,32,16,32,16
i64,booking,start,heterogeneous,inferred,false,7,i128,1000,events,1,4,285500,71375,97536,11,1000,1600,1585,28,16,8,32,16,32,16
i64,booking,start,heterogeneous,inferred,false,7,i128,1000,heap,1,4,292000,73000,74048,15,1000,1600,1585,28,16,8,32,16,32,16
i64,booking,start,heterogeneous,inferred,false,7,i128,1000,streams_indices,1,4,277000,69250,81536,12,1000,1600,1585,28,16,8,32,16,32,16
i64,booking,start,heterogeneous,inferred,false,7,i128,1000,production,1,4,291600,72900,129536,12,1000,1600,1585,28,16,8,32,16,32,16
i64,booking,start,heterogeneous,inferred,false,7,i128,1000,heap,2,4,285300,71325,74048,15,1000,1600,1585,28,16,8,32,16,32,16
i64,booking,start,heterogeneous,inferred,false,7,i128,1000,streams_indices,2,4,282200,70550,81536,12,1000,1600,1585,28,16,8,32,16,32,16
i64,booking,start,heterogeneous,inferred,false,7,i128,1000,production,2,4,286200,71550,129536,12,1000,1600,1585,28,16,8,32,16,32,16
i64,booking,start,heterogeneous,inferred,false,7,i128,1000,events,2,4,287400,71850,97536,11,1000,1600,1585,28,16,8,32,16,32,16
i64,booking,start,heterogeneous,inferred,false,7,i128,1000,streams_indices,3,4,286800,71700,81536,12,1000,1600,1585,28,16,8,32,16,32,16
i64,booking,start,heterogeneous,inferred,false,7,i128,1000,production,3,4,285000,71250,129536,12,1000,1600,1585,28,16,8,32,16,32,16
i64,booking,start,heterogeneous,inferred,false,7,i128,1000,events,3,4,279700,69925,97536,11,1000,1600,1585,28,16,8,32,16,32,16
i64,booking,start,heterogeneous,inferred,false,7,i128,1000,heap,3,4,290700,72675,74048,15,1000,1600,1585,28,16,8,32,16,32,16
i64,booking,start,heterogeneous,inferred,false,7,i128,1000,production,4,4,286900,71725,129536,12,1000,1600,1585,28,16,8,32,16,32,16
i64,booking,start,heterogeneous,inferred,false,7,i128,1000,events,4,4,278600,69650,97536,11,1000,1600,1585,28,16,8,32,16,32,16
i64,booking,start,heterogeneous,inferred,false,7,i128,1000,heap,4,4,285200,71300,74048,15,1000,1600,1585,28,16,8,32,16,32,16
i64,booking,start,heterogeneous,inferred,false,7,i128,1000,streams_indices,4,4,284700,71175,81536,12,1000,1600,1585,28,16,8,32,16,32,16
i64,booking,start,heterogeneous,inferred,false,41,i128,1000,production,0,4,276200,69050,129536,12,1000,1588,1574,31,16,8,32,16,32,16
i64,booking,start,heterogeneous,inferred,false,41,i128,1000,events,0,4,297000,74250,97536,11,1000,1588,1574,31,16,8,32,16,32,16
i64,booking,start,heterogeneous,inferred,false,41,i128,1000,heap,0,4,255900,63975,74048,15,1000,1588,1574,31,16,8,32,16,32,16
i64,booking,start,heterogeneous,inferred,false,41,i128,1000,streams_indices,0,4,259300,64825,81536,12,1000,1588,1574,31,16,8,32,16,32,16
i64,booking,start,heterogeneous,inferred,false,41,i128,1000,events,1,4,249100,62275,97536,11,1000,1588,1574,31,16,8,32,16,32,16
i64,booking,start,heterogeneous,inferred,false,41,i128,1000,heap,1,4,255700,63925,74048,15,1000,1588,1574,31,16,8,32,16,32,16
i64,booking,start,heterogeneous,inferred,false,41,i128,1000,streams_indices,1,4,280400,70100,81536,12,1000,1588,1574,31,16,8,32,16,32,16
i64,booking,start,heterogeneous,inferred,false,41,i128,1000,production,1,4,284700,71175,129536,12,1000,1588,1574,31,16,8,32,16,32,16
i64,booking,start,heterogeneous,inferred,false,41,i128,1000,heap,2,4,250900,62725,74048,15,1000,1588,1574,31,16,8,32,16,32,16
i64,booking,start,heterogeneous,inferred,false,41,i128,1000,streams_indices,2,4,266800,66700,81536,12,1000,1588,1574,31,16,8,32,16,32,16
i64,booking,start,heterogeneous,inferred,false,41,i128,1000,production,2,4,278600,69650,129536,12,1000,1588,1574,31,16,8,32,16,32,16
i64,booking,start,heterogeneous,inferred,false,41,i128,1000,events,2,4,240500,60125,97536,11,1000,1588,1574,31,16,8,32,16,32,16
i64,booking,start,heterogeneous,inferred,false,41,i128,1000,streams_indices,3,4,333300,83325,81536,12,1000,1588,1574,31,16,8,32,16,32,16
i64,booking,start,heterogeneous,inferred,false,41,i128,1000,production,3,4,301300,75325,129536,12,1000,1588,1574,31,16,8,32,16,32,16
i64,booking,start,heterogeneous,inferred,false,41,i128,1000,events,3,4,261700,65425,97536,11,1000,1588,1574,31,16,8,32,16,32,16
i64,booking,start,heterogeneous,inferred,false,41,i128,1000,heap,3,4,315300,78825,74048,15,1000,1588,1574,31,16,8,32,16,32,16
i64,booking,start,heterogeneous,inferred,false,41,i128,1000,production,4,4,346200,86550,129536,12,1000,1588,1574,31,16,8,32,16,32,16
i64,booking,start,heterogeneous,inferred,false,41,i128,1000,events,4,4,248300,62075,97536,11,1000,1588,1574,31,16,8,32,16,32,16
i64,booking,start,heterogeneous,inferred,false,41,i128,1000,heap,4,4,283000,70750,74048,15,1000,1588,1574,31,16,8,32,16,32,16
i64,booking,start,heterogeneous,inferred,false,41,i128,1000,streams_indices,4,4,333100,83275,81536,12,1000,1588,1574,31,16,8,32,16,32,16
i64,booking,start,heterogeneous,inferred,false,7,i128,100000,production,0,1,8828400,8828400,14788608,19,100000,157225,155670,33,16,8,32,16,32,16
i64,booking,start,heterogeneous,inferred,false,7,i128,100000,events,0,1,9857700,9857700,11588608,18,100000,157225,155670,33,16,8,32,16,32,16
i64,booking,start,heterogeneous,inferred,false,7,i128,100000,heap,0,1,7387700,7387700,9189632,23,100000,157225,155670,33,16,8,32,16,32,16
i64,booking,start,heterogeneous,inferred,false,7,i128,100000,streams_indices,0,1,7648000,7648000,9988608,19,100000,157225,155670,33,16,8,32,16,32,16
i64,booking,start,heterogeneous,inferred,false,7,i128,100000,events,1,1,9731000,9731000,11588608,18,100000,157225,155670,33,16,8,32,16,32,16
i64,booking,start,heterogeneous,inferred,false,7,i128,100000,heap,1,1,7209400,7209400,9189632,23,100000,157225,155670,33,16,8,32,16,32,16
i64,booking,start,heterogeneous,inferred,false,7,i128,100000,streams_indices,1,1,7536600,7536600,9988608,19,100000,157225,155670,33,16,8,32,16,32,16
i64,booking,start,heterogeneous,inferred,false,7,i128,100000,production,1,1,9195000,9195000,14788608,19,100000,157225,155670,33,16,8,32,16,32,16
i64,booking,start,heterogeneous,inferred,false,7,i128,100000,heap,2,1,7565300,7565300,9189632,23,100000,157225,155670,33,16,8,32,16,32,16
i64,booking,start,heterogeneous,inferred,false,7,i128,100000,streams_indices,2,1,7350300,7350300,9988608,19,100000,157225,155670,33,16,8,32,16,32,16
i64,booking,start,heterogeneous,inferred,false,7,i128,100000,production,2,1,9009200,9009200,14788608,19,100000,157225,155670,33,16,8,32,16,32,16
i64,booking,start,heterogeneous,inferred,false,7,i128,100000,events,2,1,10075100,10075100,11588608,18,100000,157225,155670,33,16,8,32,16,32,16
i64,booking,start,heterogeneous,inferred,false,7,i128,100000,streams_indices,3,1,7722000,7722000,9988608,19,100000,157225,155670,33,16,8,32,16,32,16
i64,booking,start,heterogeneous,inferred,false,7,i128,100000,production,3,1,8877500,8877500,14788608,19,100000,157225,155670,33,16,8,32,16,32,16
i64,booking,start,heterogeneous,inferred,false,7,i128,100000,events,3,1,9978200,9978200,11588608,18,100000,157225,155670,33,16,8,32,16,32,16
i64,booking,start,heterogeneous,inferred,false,7,i128,100000,heap,3,1,7377200,7377200,9189632,23,100000,157225,155670,33,16,8,32,16,32,16
i64,booking,start,heterogeneous,inferred,false,7,i128,100000,production,4,1,9033600,9033600,14788608,19,100000,157225,155670,33,16,8,32,16,32,16
i64,booking,start,heterogeneous,inferred,false,7,i128,100000,events,4,1,9594500,9594500,11588608,18,100000,157225,155670,33,16,8,32,16,32,16
i64,booking,start,heterogeneous,inferred,false,7,i128,100000,heap,4,1,7277200,7277200,9189632,23,100000,157225,155670,33,16,8,32,16,32,16
i64,booking,start,heterogeneous,inferred,false,7,i128,100000,streams_indices,4,1,7323000,7323000,9988608,19,100000,157225,155670,33,16,8,32,16,32,16
i64,booking,start,heterogeneous,inferred,false,41,i128,100000,production,0,1,9133900,9133900,14788608,19,100000,157233,155698,32,16,8,32,16,32,16
i64,booking,start,heterogeneous,inferred,false,41,i128,100000,events,0,1,9952500,9952500,11588608,18,100000,157233,155698,32,16,8,32,16,32,16
i64,booking,start,heterogeneous,inferred,false,41,i128,100000,heap,0,1,7494600,7494600,9189120,22,100000,157233,155698,32,16,8,32,16,32,16
i64,booking,start,heterogeneous,inferred,false,41,i128,100000,streams_indices,0,1,7564400,7564400,9988608,19,100000,157233,155698,32,16,8,32,16,32,16
i64,booking,start,heterogeneous,inferred,false,41,i128,100000,events,1,1,9904600,9904600,11588608,18,100000,157233,155698,32,16,8,32,16,32,16
i64,booking,start,heterogeneous,inferred,false,41,i128,100000,heap,1,1,7446800,7446800,9189120,22,100000,157233,155698,32,16,8,32,16,32,16
i64,booking,start,heterogeneous,inferred,false,41,i128,100000,streams_indices,1,1,7622900,7622900,9988608,19,100000,157233,155698,32,16,8,32,16,32,16
i64,booking,start,heterogeneous,inferred,false,41,i128,100000,production,1,1,8942300,8942300,14788608,19,100000,157233,155698,32,16,8,32,16,32,16
i64,booking,start,heterogeneous,inferred,false,41,i128,100000,heap,2,1,7332000,7332000,9189120,22,100000,157233,155698,32,16,8,32,16,32,16
i64,booking,start,heterogeneous,inferred,false,41,i128,100000,streams_indices,2,1,7502000,7502000,9988608,19,100000,157233,155698,32,16,8,32,16,32,16
i64,booking,start,heterogeneous,inferred,false,41,i128,100000,production,2,1,8976700,8976700,14788608,19,100000,157233,155698,32,16,8,32,16,32,16
i64,booking,start,heterogeneous,inferred,false,41,i128,100000,events,2,1,9769700,9769700,11588608,18,100000,157233,155698,32,16,8,32,16,32,16
i64,booking,start,heterogeneous,inferred,false,41,i128,100000,streams_indices,3,1,7765800,7765800,9988608,19,100000,157233,155698,32,16,8,32,16,32,16
i64,booking,start,heterogeneous,inferred,false,41,i128,100000,production,3,1,8772300,8772300,14788608,19,100000,157233,155698,32,16,8,32,16,32,16
i64,booking,start,heterogeneous,inferred,false,41,i128,100000,events,3,1,9701700,9701700,11588608,18,100000,157233,155698,32,16,8,32,16,32,16
i64,booking,start,heterogeneous,inferred,false,41,i128,100000,heap,3,1,7487600,7487600,9189120,22,100000,157233,155698,32,16,8,32,16,32,16
i64,booking,start,heterogeneous,inferred,false,41,i128,100000,production,4,1,9181700,9181700,14788608,19,100000,157233,155698,32,16,8,32,16,32,16
i64,booking,start,heterogeneous,inferred,false,41,i128,100000,events,4,1,9996100,9996100,11588608,18,100000,157233,155698,32,16,8,32,16,32,16
i64,booking,start,heterogeneous,inferred,false,41,i128,100000,heap,4,1,7324600,7324600,9189120,22,100000,157233,155698,32,16,8,32,16,32,16
i64,booking,start,heterogeneous,inferred,false,41,i128,100000,streams_indices,4,1,7656000,7656000,9988608,19,100000,157233,155698,32,16,8,32,16,32,16
i64,booking,end,heterogeneous,partial,true,7,i128,8,production,0,128,55300,432,704,4,7,8,7,7,16,8,32,16,32,16
i64,booking,end,heterogeneous,partial,true,7,i128,8,events,0,128,35700,278,480,3,7,8,7,7,16,8,32,16,32,16
i64,booking,end,heterogeneous,partial,true,7,i128,8,heap,0,128,62000,484,440,5,7,8,7,7,16,8,32,16,32,16
i64,booking,end,heterogeneous,partial,true,7,i128,8,streams_indices,0,128,49200,384,368,4,7,8,7,7,16,8,32,16,32,16
i64,booking,end,heterogeneous,partial,true,7,i128,8,events,1,128,36100,282,480,3,7,8,7,7,16,8,32,16,32,16
i64,booking,end,heterogeneous,partial,true,7,i128,8,heap,1,128,59500,464,440,5,7,8,7,7,16,8,32,16,32,16
i64,booking,end,heterogeneous,partial,true,7,i128,8,streams_indices,1,128,49400,385,368,4,7,8,7,7,16,8,32,16,32,16
i64,booking,end,heterogeneous,partial,true,7,i128,8,production,1,128,44900,350,704,4,7,8,7,7,16,8,32,16,32,16
i64,booking,end,heterogeneous,partial,true,7,i128,8,heap,2,128,58700,458,440,5,7,8,7,7,16,8,32,16,32,16
i64,booking,end,heterogeneous,partial,true,7,i128,8,streams_indices,2,128,49300,385,368,4,7,8,7,7,16,8,32,16,32,16
i64,booking,end,heterogeneous,partial,true,7,i128,8,production,2,128,44800,350,704,4,7,8,7,7,16,8,32,16,32,16
i64,booking,end,heterogeneous,partial,true,7,i128,8,events,2,128,35700,278,480,3,7,8,7,7,16,8,32,16,32,16
i64,booking,end,heterogeneous,partial,true,7,i128,8,streams_indices,3,128,49300,385,368,4,7,8,7,7,16,8,32,16,32,16
i64,booking,end,heterogeneous,partial,true,7,i128,8,production,3,128,44700,349,704,4,7,8,7,7,16,8,32,16,32,16
i64,booking,end,heterogeneous,partial,true,7,i128,8,events,3,128,35700,278,480,3,7,8,7,7,16,8,32,16,32,16
i64,booking,end,heterogeneous,partial,true,7,i128,8,heap,3,128,59400,464,440,5,7,8,7,7,16,8,32,16,32,16
i64,booking,end,heterogeneous,partial,true,7,i128,8,production,4,128,49400,385,704,4,7,8,7,7,16,8,32,16,32,16
i64,booking,end,heterogeneous,partial,true,7,i128,8,events,4,128,35700,278,480,3,7,8,7,7,16,8,32,16,32,16
i64,booking,end,heterogeneous,partial,true,7,i128,8,heap,4,128,59200,462,440,5,7,8,7,7,16,8,32,16,32,16
i64,booking,end,heterogeneous,partial,true,7,i128,8,streams_indices,4,128,49300,385,368,4,7,8,7,7,16,8,32,16,32,16
i64,booking,end,heterogeneous,partial,true,41,i128,8,production,0,128,41800,326,704,4,7,6,5,7,16,8,32,16,32,16
i64,booking,end,heterogeneous,partial,true,41,i128,8,events,0,128,35900,280,480,3,7,6,5,7,16,8,32,16,32,16
i64,booking,end,heterogeneous,partial,true,41,i128,8,heap,0,128,58000,453,440,5,7,6,5,7,16,8,32,16,32,16
i64,booking,end,heterogeneous,partial,true,41,i128,8,streams_indices,0,128,46800,365,368,4,7,6,5,7,16,8,32,16,32,16
i64,booking,end,heterogeneous,partial,true,41,i128,8,events,1,128,35300,275,480,3,7,6,5,7,16,8,32,16,32,16
i64,booking,end,heterogeneous,partial,true,41,i128,8,heap,1,128,57700,450,440,5,7,6,5,7,16,8,32,16,32,16
i64,booking,end,heterogeneous,partial,true,41,i128,8,streams_indices,1,128,46700,364,368,4,7,6,5,7,16,8,32,16,32,16
i64,booking,end,heterogeneous,partial,true,41,i128,8,production,1,128,41500,324,704,4,7,6,5,7,16,8,32,16,32,16
i64,booking,end,heterogeneous,partial,true,41,i128,8,heap,2,128,58400,456,440,5,7,6,5,7,16,8,32,16,32,16
i64,booking,end,heterogeneous,partial,true,41,i128,8,streams_indices,2,128,47500,371,368,4,7,6,5,7,16,8,32,16,32,16
i64,booking,end,heterogeneous,partial,true,41,i128,8,production,2,128,41500,324,704,4,7,6,5,7,16,8,32,16,32,16
i64,booking,end,heterogeneous,partial,true,41,i128,8,events,2,128,35200,275,480,3,7,6,5,7,16,8,32,16,32,16
i64,booking,end,heterogeneous,partial,true,41,i128,8,streams_indices,3,128,47500,371,368,4,7,6,5,7,16,8,32,16,32,16
i64,booking,end,heterogeneous,partial,true,41,i128,8,production,3,128,50300,392,704,4,7,6,5,7,16,8,32,16,32,16
i64,booking,end,heterogeneous,partial,true,41,i128,8,events,3,128,37300,291,480,3,7,6,5,7,16,8,32,16,32,16
i64,booking,end,heterogeneous,partial,true,41,i128,8,heap,3,128,58000,453,440,5,7,6,5,7,16,8,32,16,32,16
i64,booking,end,heterogeneous,partial,true,41,i128,8,production,4,128,41600,325,704,4,7,6,5,7,16,8,32,16,32,16
i64,booking,end,heterogeneous,partial,true,41,i128,8,events,4,128,35000,273,480,3,7,6,5,7,16,8,32,16,32,16
i64,booking,end,heterogeneous,partial,true,41,i128,8,heap,4,128,57900,452,440,5,7,6,5,7,16,8,32,16,32,16
i64,booking,end,heterogeneous,partial,true,41,i128,8,streams_indices,4,128,46800,365,368,4,7,6,5,7,16,8,32,16,32,16
i64,booking,end,heterogeneous,partial,true,7,i128,1000,production,0,4,78200,19550,67008,11,535,822,816,27,16,8,32,16,32,16
i64,booking,end,heterogeneous,partial,true,7,i128,1000,events,0,4,96300,24075,49888,10,535,822,816,27,16,8,32,16,32,16
i64,booking,end,heterogeneous,partial,true,7,i128,1000,heap,0,4,114600,28650,37560,14,535,822,816,27,16,8,32,16,32,16
i64,booking,end,heterogeneous,partial,true,7,i128,1000,streams_indices,0,4,101000,25250,41328,11,535,822,816,27,16,8,32,16,32,16
i64,booking,end,heterogeneous,partial,true,7,i128,1000,events,1,4,120700,30175,49888,10,535,822,816,27,16,8,32,16,32,16
i64,booking,end,heterogeneous,partial,true,7,i128,1000,heap,1,4,111700,27925,37560,14,535,822,816,27,16,8,32,16,32,16
i64,booking,end,heterogeneous,partial,true,7,i128,1000,streams_indices,1,4,82700,20675,41328,11,535,822,816,27,16,8,32,16,32,16
i64,booking,end,heterogeneous,partial,true,7,i128,1000,production,1,4,175000,43750,67008,11,535,822,816,27,16,8,32,16,32,16
i64,booking,end,heterogeneous,partial,true,7,i128,1000,heap,2,4,115300,28825,37560,14,535,822,816,27,16,8,32,16,32,16
i64,booking,end,heterogeneous,partial,true,7,i128,1000,streams_indices,2,4,87000,21750,41328,11,535,822,816,27,16,8,32,16,32,16
i64,booking,end,heterogeneous,partial,true,7,i128,1000,production,2,4,79100,19775,67008,11,535,822,816,27,16,8,32,16,32,16
i64,booking,end,heterogeneous,partial,true,7,i128,1000,events,2,4,94000,23500,49888,10,535,822,816,27,16,8,32,16,32,16
i64,booking,end,heterogeneous,partial,true,7,i128,1000,streams_indices,3,4,79200,19800,41328,11,535,822,816,27,16,8,32,16,32,16
i64,booking,end,heterogeneous,partial,true,7,i128,1000,production,3,4,78000,19500,67008,11,535,822,816,27,16,8,32,16,32,16
i64,booking,end,heterogeneous,partial,true,7,i128,1000,events,3,4,90300,22575,49888,10,535,822,816,27,16,8,32,16,32,16
i64,booking,end,heterogeneous,partial,true,7,i128,1000,heap,3,4,122000,30500,37560,14,535,822,816,27,16,8,32,16,32,16
i64,booking,end,heterogeneous,partial,true,7,i128,1000,production,4,4,78600,19650,67008,11,535,822,816,27,16,8,32,16,32,16
i64,booking,end,heterogeneous,partial,true,7,i128,1000,events,4,4,91200,22800,49888,10,535,822,816,27,16,8,32,16,32,16
i64,booking,end,heterogeneous,partial,true,7,i128,1000,heap,4,4,101600,25400,37560,14,535,822,816,27,16,8,32,16,32,16
i64,booking,end,heterogeneous,partial,true,7,i128,1000,streams_indices,4,4,79000,19750,41328,11,535,822,816,27,16,8,32,16,32,16
i64,booking,end,heterogeneous,partial,true,41,i128,1000,production,0,4,78800,19700,67136,11,537,814,807,31,16,8,32,16,32,16
i64,booking,end,heterogeneous,partial,true,41,i128,1000,events,0,4,97900,24475,49952,10,537,814,807,31,16,8,32,16,32,16
i64,booking,end,heterogeneous,partial,true,41,i128,1000,heap,0,4,117600,29400,37576,14,537,814,807,31,16,8,32,16,32,16
i64,booking,end,heterogeneous,partial,true,41,i128,1000,streams_indices,0,4,82800,20700,41360,11,537,814,807,31,16,8,32,16,32,16
i64,booking,end,heterogeneous,partial,true,41,i128,1000,events,1,4,99000,24750,49952,10,537,814,807,31,16,8,32,16,32,16
i64,booking,end,heterogeneous,partial,true,41,i128,1000,heap,1,4,108700,27175,37576,14,537,814,807,31,16,8,32,16,32,16
i64,booking,end,heterogeneous,partial,true,41,i128,1000,streams_indices,1,4,79200,19800,41360,11,537,814,807,31,16,8,32,16,32,16
i64,booking,end,heterogeneous,partial,true,41,i128,1000,production,1,4,81800,20450,67136,11,537,814,807,31,16,8,32,16,32,16
i64,booking,end,heterogeneous,partial,true,41,i128,1000,heap,2,4,105600,26400,37576,14,537,814,807,31,16,8,32,16,32,16
i64,booking,end,heterogeneous,partial,true,41,i128,1000,streams_indices,2,4,78300,19575,41360,11,537,814,807,31,16,8,32,16,32,16
i64,booking,end,heterogeneous,partial,true,41,i128,1000,production,2,4,159800,39950,67136,11,537,814,807,31,16,8,32,16,32,16
i64,booking,end,heterogeneous,partial,true,41,i128,1000,events,2,4,108100,27025,49952,10,537,814,807,31,16,8,32,16,32,16
i64,booking,end,heterogeneous,partial,true,41,i128,1000,streams_indices,3,4,81800,20450,41360,11,537,814,807,31,16,8,32,16,32,16
i64,booking,end,heterogeneous,partial,true,41,i128,1000,production,3,4,82500,20625,67136,11,537,814,807,31,16,8,32,16,32,16
i64,booking,end,heterogeneous,partial,true,41,i128,1000,events,3,4,90300,22575,49952,10,537,814,807,31,16,8,32,16,32,16
i64,booking,end,heterogeneous,partial,true,41,i128,1000,heap,3,4,108300,27075,37576,14,537,814,807,31,16,8,32,16,32,16
i64,booking,end,heterogeneous,partial,true,41,i128,1000,production,4,4,160700,40175,67136,11,537,814,807,31,16,8,32,16,32,16
i64,booking,end,heterogeneous,partial,true,41,i128,1000,events,4,4,105300,26325,49952,10,537,814,807,31,16,8,32,16,32,16
i64,booking,end,heterogeneous,partial,true,41,i128,1000,heap,4,4,108900,27225,37576,14,537,814,807,31,16,8,32,16,32,16
i64,booking,end,heterogeneous,partial,true,41,i128,1000,streams_indices,4,4,80000,20000,41360,11,537,814,807,31,16,8,32,16,32,16
i64,booking,end,heterogeneous,partial,true,7,i128,100000,production,0,1,4463300,4463300,7397120,18,50044,78546,77767,33,16,8,32,16,32,16
i64,booking,end,heterogeneous,partial,true,7,i128,100000,events,0,1,5003900,5003900,5795712,17,50044,78546,77767,33,16,8,32,16,32,16
i64,booking,end,heterogeneous,partial,true,7,i128,100000,heap,0,1,5120900,5120900,4595680,22,50044,78546,77767,33,16,8,32,16,32,16
i64,booking,end,heterogeneous,partial,true,7,i128,100000,streams_indices,0,1,4684100,4684100,4995008,18,50044,78546,77767,33,16,8,32,16,32,16
i64,booking,end,heterogeneous,partial,true,7,i128,100000,events,1,1,5054600,5054600,5795712,17,50044,78546,77767,33,16,8,32,16,32,16
i64,booking,end,heterogeneous,partial,true,7,i128,100000,heap,1,1,5007300,5007300,4595680,22,50044,78546,77767,33,16,8,32,16,32,16
i64,booking,end,heterogeneous,partial,true,7,i128,100000,streams_indices,1,1,4149600,4149600,4995008,18,50044,78546,77767,33,16,8,32,16,32,16
i64,booking,end,heterogeneous,partial,true,7,i128,100000,production,1,1,4595100,4595100,7397120,18,50044,78546,77767,33,16,8,32,16,32,16
i64,booking,end,heterogeneous,partial,true,7,i128,100000,heap,2,1,5123200,5123200,4595680,22,50044,78546,77767,33,16,8,32,16,32,16
i64,booking,end,heterogeneous,partial,true,7,i128,100000,streams_indices,2,1,4214700,4214700,4995008,18,50044,78546,77767,33,16,8,32,16,32,16
i64,booking,end,heterogeneous,partial,true,7,i128,100000,production,2,1,4533000,4533000,7397120,18,50044,78546,77767,33,16,8,32,16,32,16
i64,booking,end,heterogeneous,partial,true,7,i128,100000,events,2,1,4999100,4999100,5795712,17,50044,78546,77767,33,16,8,32,16,32,16
i64,booking,end,heterogeneous,partial,true,7,i128,100000,streams_indices,3,1,4096000,4096000,4995008,18,50044,78546,77767,33,16,8,32,16,32,16
i64,booking,end,heterogeneous,partial,true,7,i128,100000,production,3,1,4609100,4609100,7397120,18,50044,78546,77767,33,16,8,32,16,32,16
i64,booking,end,heterogeneous,partial,true,7,i128,100000,events,3,1,5093900,5093900,5795712,17,50044,78546,77767,33,16,8,32,16,32,16
i64,booking,end,heterogeneous,partial,true,7,i128,100000,heap,3,1,4987100,4987100,4595680,22,50044,78546,77767,33,16,8,32,16,32,16
i64,booking,end,heterogeneous,partial,true,7,i128,100000,production,4,1,4768700,4768700,7397120,18,50044,78546,77767,33,16,8,32,16,32,16
i64,booking,end,heterogeneous,partial,true,7,i128,100000,events,4,1,5179200,5179200,5795712,17,50044,78546,77767,33,16,8,32,16,32,16
i64,booking,end,heterogeneous,partial,true,7,i128,100000,heap,4,1,5622100,5622100,4595680,22,50044,78546,77767,33,16,8,32,16,32,16
i64,booking,end,heterogeneous,partial,true,7,i128,100000,streams_indices,4,1,4043500,4043500,4995008,18,50044,78546,77767,33,16,8,32,16,32,16
i64,booking,end,heterogeneous,partial,true,41,i128,100000,production,0,1,6489600,6489600,7396928,18,50041,78626,77840,32,16,8,32,16,32,16
i64,booking,end,heterogeneous,partial,true,41,i128,100000,events,0,1,6344700,6344700,5795616,17,50041,78626,77840,32,16,8,32,16,32,16
i64,booking,end,heterogeneous,partial,true,41,i128,100000,heap,0,1,5385100,5385100,4595144,21,50041,78626,77840,32,16,8,32,16,32,16
i64,booking,end,heterogeneous,partial,true,41,i128,100000,streams_indices,0,1,4841400,4841400,4994960,18,50041,78626,77840,32,16,8,32,16,32,16
i64,booking,end,heterogeneous,partial,true,41,i128,100000,events,1,1,5422000,5422000,5795616,17,50041,78626,77840,32,16,8,32,16,32,16
i64,booking,end,heterogeneous,partial,true,41,i128,100000,heap,1,1,5233600,5233600,4595144,21,50041,78626,77840,32,16,8,32,16,32,16
i64,booking,end,heterogeneous,partial,true,41,i128,100000,streams_indices,1,1,4064400,4064400,4994960,18,50041,78626,77840,32,16,8,32,16,32,16
i64,booking,end,heterogeneous,partial,true,41,i128,100000,production,1,1,4517200,4517200,7396928,18,50041,78626,77840,32,16,8,32,16,32,16
i64,booking,end,heterogeneous,partial,true,41,i128,100000,heap,2,1,5146600,5146600,4595144,21,50041,78626,77840,32,16,8,32,16,32,16
i64,booking,end,heterogeneous,partial,true,41,i128,100000,streams_indices,2,1,4505800,4505800,4994960,18,50041,78626,77840,32,16,8,32,16,32,16
i64,booking,end,heterogeneous,partial,true,41,i128,100000,production,2,1,4502100,4502100,7396928,18,50041,78626,77840,32,16,8,32,16,32,16
i64,booking,end,heterogeneous,partial,true,41,i128,100000,events,2,1,5091600,5091600,5795616,17,50041,78626,77840,32,16,8,32,16,32,16
i64,booking,end,heterogeneous,partial,true,41,i128,100000,streams_indices,3,1,4069800,4069800,4994960,18,50041,78626,77840,32,16,8,32,16,32,16
i64,booking,end,heterogeneous,partial,true,41,i128,100000,production,3,1,4686100,4686100,7396928,18,50041,78626,77840,32,16,8,32,16,32,16
i64,booking,end,heterogeneous,partial,true,41,i128,100000,events,3,1,5356800,5356800,5795616,17,50041,78626,77840,32,16,8,32,16,32,16
i64,booking,end,heterogeneous,partial,true,41,i128,100000,heap,3,1,4999200,4999200,4595144,21,50041,78626,77840,32,16,8,32,16,32,16
i64,booking,end,heterogeneous,partial,true,41,i128,100000,production,4,1,4499000,4499000,7396928,18,50041,78626,77840,32,16,8,32,16,32,16
i64,booking,end,heterogeneous,partial,true,41,i128,100000,events,4,1,5237000,5237000,5795616,17,50041,78626,77840,32,16,8,32,16,32,16
i64,booking,end,heterogeneous,partial,true,41,i128,100000,heap,4,1,5064800,5064800,4595144,21,50041,78626,77840,32,16,8,32,16,32,16
i64,booking,end,heterogeneous,partial,true,41,i128,100000,streams_indices,4,1,4253900,4253900,4994960,18,50041,78626,77840,32,16,8,32,16,32,16
i64,booking,partial,mixed,extended,true,7,i128,8,production,0,128,88800,693,832,5,5,12,11,4,16,8,32,16,32,16
i64,booking,partial,mixed,extended,true,7,i128,8,events,0,128,60400,471,672,4,5,12,11,4,16,8,32,16,32,16
i64,booking,partial,mixed,extended,true,7,i128,8,heap,0,128,57200,446,616,5,5,12,11,4,16,8,32,16,32,16
i64,booking,partial,mixed,extended,true,7,i128,8,streams_indices,0,128,62400,487,592,5,5,12,11,4,16,8,32,16,32,16
i64,booking,partial,mixed,extended,true,7,i128,8,events,1,128,60300,471,672,4,5,12,11,4,16,8,32,16,32,16
i64,booking,partial,mixed,extended,true,7,i128,8,heap,1,128,57000,445,616,5,5,12,11,4,16,8,32,16,32,16
i64,booking,partial,mixed,extended,true,7,i128,8,streams_indices,1,128,62100,485,592,5,5,12,11,4,16,8,32,16,32,16
i64,booking,partial,mixed,extended,true,7,i128,8,production,1,128,88300,689,832,5,5,12,11,4,16,8,32,16,32,16
i64,booking,partial,mixed,extended,true,7,i128,8,heap,2,128,57500,449,616,5,5,12,11,4,16,8,32,16,32,16
i64,booking,partial,mixed,extended,true,7,i128,8,streams_indices,2,128,61600,481,592,5,5,12,11,4,16,8,32,16,32,16
i64,booking,partial,mixed,extended,true,7,i128,8,production,2,128,87700,685,832,5,5,12,11,4,16,8,32,16,32,16
i64,booking,partial,mixed,extended,true,7,i128,8,events,2,128,60000,468,672,4,5,12,11,4,16,8,32,16,32,16
i64,booking,partial,mixed,extended,true,7,i128,8,streams_indices,3,128,61700,482,592,5,5,12,11,4,16,8,32,16,32,16
i64,booking,partial,mixed,extended,true,7,i128,8,production,3,128,87400,682,832,5,5,12,11,4,16,8,32,16,32,16
i64,booking,partial,mixed,extended,true,7,i128,8,events,3,128,59700,466,672,4,5,12,11,4,16,8,32,16,32,16
i64,booking,partial,mixed,extended,true,7,i128,8,heap,3,128,56900,444,616,5,5,12,11,4,16,8,32,16,32,16
i64,booking,partial,mixed,extended,true,7,i128,8,production,4,128,87500,683,832,5,5,12,11,4,16,8,32,16,32,16
i64,booking,partial,mixed,extended,true,7,i128,8,events,4,128,59800,467,672,4,5,12,11,4,16,8,32,16,32,16
i64,booking,partial,mixed,extended,true,7,i128,8,heap,4,128,57000,445,616,5,5,12,11,4,16,8,32,16,32,16
i64,booking,partial,mixed,extended,true,7,i128,8,streams_indices,4,128,62400,487,592,5,5,12,11,4,16,8,32,16,32,16
i64,booking,partial,mixed,extended,true,41,i128,8,production,0,128,69500,542,1024,5,8,16,15,7,16,8,32,16,32,16
i64,booking,partial,mixed,extended,true,41,i128,8,events,0,128,53700,419,768,4,8,16,15,7,16,8,32,16,32,16
i64,booking,partial,mixed,extended,true,41,i128,8,heap,0,128,74500,582,704,6,8,16,15,7,16,8,32,16,32,16
i64,booking,partial,mixed,extended,true,41,i128,8,streams_indices,0,128,70900,553,640,5,8,16,15,7,16,8,32,16,32,16
i64,booking,partial,mixed,extended,true,41,i128,8,events,1,128,57300,447,768,4,8,16,15,7,16,8,32,16,32,16
i64,booking,partial,mixed,extended,true,41,i128,8,heap,1,128,75100,586,704,6,8,16,15,7,16,8,32,16,32,16
i64,booking,partial,mixed,extended,true,41,i128,8,streams_indices,1,128,70900,553,640,5,8,16,15,7,16,8,32,16,32,16
i64,booking,partial,mixed,extended,true,41,i128,8,production,1,128,70000,546,1024,5,8,16,15,7,16,8,32,16,32,16
i64,booking,partial,mixed,extended,true,41,i128,8,heap,2,128,76800,600,704,6,8,16,15,7,16,8,32,16,32,16
i64,booking,partial,mixed,extended,true,41,i128,8,streams_indices,2,128,70800,553,640,5,8,16,15,7,16,8,32,16,32,16
i64,booking,partial,mixed,extended,true,41,i128,8,production,2,128,69100,539,1024,5,8,16,15,7,16,8,32,16,32,16
i64,booking,partial,mixed,extended,true,41,i128,8,events,2,128,51800,404,768,4,8,16,15,7,16,8,32,16,32,16
i64,booking,partial,mixed,extended,true,41,i128,8,streams_indices,3,128,70400,550,640,5,8,16,15,7,16,8,32,16,32,16
i64,booking,partial,mixed,extended,true,41,i128,8,production,3,128,69300,541,1024,5,8,16,15,7,16,8,32,16,32,16
i64,booking,partial,mixed,extended,true,41,i128,8,events,3,128,51900,405,768,4,8,16,15,7,16,8,32,16,32,16
i64,booking,partial,mixed,extended,true,41,i128,8,heap,3,128,74500,582,704,6,8,16,15,7,16,8,32,16,32,16
i64,booking,partial,mixed,extended,true,41,i128,8,production,4,128,69000,539,1024,5,8,16,15,7,16,8,32,16,32,16
i64,booking,partial,mixed,extended,true,41,i128,8,events,4,128,52100,407,768,4,8,16,15,7,16,8,32,16,32,16
i64,booking,partial,mixed,extended,true,41,i128,8,heap,4,128,74200,579,704,6,8,16,15,7,16,8,32,16,32,16
i64,booking,partial,mixed,extended,true,41,i128,8,streams_indices,4,128,70300,549,640,5,8,16,15,7,16,8,32,16,32,16
i64,booking,partial,mixed,extended,true,7,i128,1000,production,0,4,235800,58950,114304,12,762,1301,1256,24,16,8,32,16,32,16
i64,booking,partial,mixed,extended,true,7,i128,1000,events,0,4,236800,59200,89920,11,762,1301,1256,24,16,8,32,16,32,16
i64,booking,partial,mixed,extended,true,7,i128,1000,heap,0,4,195000,48750,72144,15,762,1301,1256,24,16,8,32,16,32,16
i64,booking,partial,mixed,extended,true,7,i128,1000,streams_indices,0,4,250900,62725,77728,12,762,1301,1256,24,16,8,32,16,32,16
i64,booking,partial,mixed,extended,true,7,i128,1000,events,1,4,196200,49050,89920,11,762,1301,1256,24,16,8,32,16,32,16
i64,booking,partial,mixed,extended,true,7,i128,1000,heap,1,4,180400,45100,72144,15,762,1301,1256,24,16,8,32,16,32,16
i64,booking,partial,mixed,extended,true,7,i128,1000,streams_indices,1,4,210200,52550,77728,12,762,1301,1256,24,16,8,32,16,32,16
i64,booking,partial,mixed,extended,true,7,i128,1000,production,1,4,259500,64875,114304,12,762,1301,1256,24,16,8,32,16,32,16
i64,booking,partial,mixed,extended,true,7,i128,1000,heap,2,4,175400,43850,72144,15,762,1301,1256,24,16,8,32,16,32,16
i64,booking,partial,mixed,extended,true,7,i128,1000,streams_indices,2,4,234900,58725,77728,12,762,1301,1256,24,16,8,32,16,32,16
i64,booking,partial,mixed,extended,true,7,i128,1000,production,2,4,230000,57500,114304,12,762,1301,1256,24,16,8,32,16,32,16
i64,booking,partial,mixed,extended,true,7,i128,1000,events,2,4,201700,50425,89920,11,762,1301,1256,24,16,8,32,16,32,16
i64,booking,partial,mixed,extended,true,7,i128,1000,streams_indices,3,4,218300,54575,77728,12,762,1301,1256,24,16,8,32,16,32,16
i64,booking,partial,mixed,extended,true,7,i128,1000,production,3,4,250100,62525,114304,12,762,1301,1256,24,16,8,32,16,32,16
i64,booking,partial,mixed,extended,true,7,i128,1000,events,3,4,185400,46350,89920,11,762,1301,1256,24,16,8,32,16,32,16
i64,booking,partial,mixed,extended,true,7,i128,1000,heap,3,4,299400,74850,72144,15,762,1301,1256,24,16,8,32,16,32,16
i64,booking,partial,mixed,extended,true,7,i128,1000,production,4,4,249000,62250,114304,12,762,1301,1256,24,16,8,32,16,32,16
i64,booking,partial,mixed,extended,true,7,i128,1000,events,4,4,183300,45825,89920,11,762,1301,1256,24,16,8,32,16,32,16
i64,booking,partial,mixed,extended,true,7,i128,1000,heap,4,4,293000,73250,72144,15,762,1301,1256,24,16,8,32,16,32,16
i64,booking,partial,mixed,extended,true,7,i128,1000,streams_indices,4,4,253200,63300,77728,12,762,1301,1256,24,16,8,32,16,32,16
i64,booking,partial,mixed,extended,true,41,i128,1000,production,0,4,253900,63475,113728,12,753,1260,1210,25,16,8,32,16,32,16
i64,booking,partial,mixed,extended,true,41,i128,1000,events,0,4,196200,49050,89632,11,753,1260,1210,25,16,8,32,16,32,16
i64,booking,partial,mixed,extended,true,41,i128,1000,heap,0,4,303800,75950,72072,15,753,1260,1210,25,16,8,32,16,32,16
i64,booking,partial,mixed,extended,true,41,i128,1000,streams_indices,0,4,261200,65300,77584,12,753,1260,1210,25,16,8,32,16,32,16
i64,booking,partial,mixed,extended,true,41,i128,1000,events,1,4,201300,50325,89632,11,753,1260,1210,25,16,8,32,16,32,16
i64,booking,partial,mixed,extended,true,41,i128,1000,heap,1,4,180700,45175,72072,15,753,1260,1210,25,16,8,32,16,32,16
i64,booking,partial,mixed,extended,true,41,i128,1000,streams_indices,1,4,233300,58325,77584,12,753,1260,1210,25,16,8,32,16,32,16
i64,booking,partial,mixed,extended,true,41,i128,1000,production,1,4,239200,59800,113728,12,753,1260,1210,25,16,8,32,16,32,16
i64,booking,partial,mixed,extended,true,41,i128,1000,heap,2,4,303400,75850,72072,15,753,1260,1210,25,16,8,32,16,32,16
i64,booking,partial,mixed,extended,true,41,i128,1000,streams_indices,2,4,256400,64100,77584,12,753,1260,1210,25,16,8,32,16,32,16
i64,booking,partial,mixed,extended,true,41,i128,1000,production,2,4,264700,66175,113728,12,753,1260,1210,25,16,8,32,16,32,16
i64,booking,partial,mixed,extended,true,41,i128,1000,events,2,4,208100,52025,89632,11,753,1260,1210,25,16,8,32,16,32,16
i64,booking,partial,mixed,extended,true,41,i128,1000,streams_indices,3,4,249900,62475,77584,12,753,1260,1210,25,16,8,32,16,32,16
i64,booking,partial,mixed,extended,true,41,i128,1000,production,3,4,230500,57625,113728,12,753,1260,1210,25,16,8,32,16,32,16
i64,booking,partial,mixed,extended,true,41,i128,1000,events,3,4,196300,49075,89632,11,753,1260,1210,25,16,8,32,16,32,16
i64,booking,partial,mixed,extended,true,41,i128,1000,heap,3,4,179000,44750,72072,15,753,1260,1210,25,16,8,32,16,32,16
i64,booking,partial,mixed,extended,true,41,i128,1000,production,4,4,209500,52375,113728,12,753,1260,1210,25,16,8,32,16,32,16
i64,booking,partial,mixed,extended,true,41,i128,1000,events,4,4,195500,48875,89632,11,753,1260,1210,25,16,8,32,16,32,16
i64,booking,partial,mixed,extended,true,41,i128,1000,heap,4,4,172800,43200,72072,15,753,1260,1210,25,16,8,32,16,32,16
i64,booking,partial,mixed,extended,true,41,i128,1000,streams_indices,4,4,210400,52600,77584,12,753,1260,1210,25,16,8,32,16,32,16
i64,booking,partial,mixed,extended,true,7,i128,100000,production,0,1,8010300,8010300,9010240,18,75249,125565,120529,29,16,8,32,16,32,16
i64,booking,partial,mixed,extended,true,7,i128,100000,events,0,1,7526700,7526700,6602272,17,75249,125565,120529,29,16,8,32,16,32,16
i64,booking,partial,mixed,extended,true,7,i128,100000,heap,0,1,6761300,6761300,4796808,21,75249,125565,120529,29,16,8,32,16,32,16
i64,booking,partial,mixed,extended,true,7,i128,100000,streams_indices,0,1,7105900,7105900,5398288,18,75249,125565,120529,29,16,8,32,16,32,16
i64,booking,partial,mixed,extended,true,7,i128,100000,events,1,1,7575200,7575200,6602272,17,75249,125565,120529,29,16,8,32,16,32,16
i64,booking,partial,mixed,extended,true,7,i128,100000,heap,1,1,6549800,6549800,4796808,21,75249,125565,120529,29,16,8,32,16,32,16
i64,booking,partial,mixed,extended,true,7,i128,100000,streams_indices,1,1,7190200,7190200,5398288,18,75249,125565,120529,29,16,8,32,16,32,16
i64,booking,partial,mixed,extended,true,7,i128,100000,production,1,1,8029100,8029100,9010240,18,75249,125565,120529,29,16,8,32,16,32,16
i64,booking,partial,mixed,extended,true,7,i128,100000,heap,2,1,7034800,7034800,4796808,21,75249,125565,120529,29,16,8,32,16,32,16
i64,booking,partial,mixed,extended,true,7,i128,100000,streams_indices,2,1,7294400,7294400,5398288,18,75249,125565,120529,29,16,8,32,16,32,16
i64,booking,partial,mixed,extended,true,7,i128,100000,production,2,1,8357400,8357400,9010240,18,75249,125565,120529,29,16,8,32,16,32,16
i64,booking,partial,mixed,extended,true,7,i128,100000,events,2,1,7299600,7299600,6602272,17,75249,125565,120529,29,16,8,32,16,32,16
i64,booking,partial,mixed,extended,true,7,i128,100000,streams_indices,3,1,7147200,7147200,5398288,18,75249,125565,120529,29,16,8,32,16,32,16
i64,booking,partial,mixed,extended,true,7,i128,100000,production,3,1,8230700,8230700,9010240,18,75249,125565,120529,29,16,8,32,16,32,16
i64,booking,partial,mixed,extended,true,7,i128,100000,events,3,1,7499800,7499800,6602272,17,75249,125565,120529,29,16,8,32,16,32,16
i64,booking,partial,mixed,extended,true,7,i128,100000,heap,3,1,6611000,6611000,4796808,21,75249,125565,120529,29,16,8,32,16,32,16
i64,booking,partial,mixed,extended,true,7,i128,100000,production,4,1,8059500,8059500,9010240,18,75249,125565,120529,29,16,8,32,16,32,16
i64,booking,partial,mixed,extended,true,7,i128,100000,events,4,1,7349900,7349900,6602272,17,75249,125565,120529,29,16,8,32,16,32,16
i64,booking,partial,mixed,extended,true,7,i128,100000,heap,4,1,6580700,6580700,4796808,21,75249,125565,120529,29,16,8,32,16,32,16
i64,booking,partial,mixed,extended,true,7,i128,100000,streams_indices,4,1,7115400,7115400,5398288,18,75249,125565,120529,29,16,8,32,16,32,16
i64,booking,partial,mixed,extended,true,41,i128,100000,production,0,1,7949900,7949900,8978944,18,74760,124844,119839,28,16,8,32,16,32,16
i64,booking,partial,mixed,extended,true,41,i128,100000,events,0,1,7535900,7535900,6586624,17,74760,124844,119839,28,16,8,32,16,32,16
i64,booking,partial,mixed,extended,true,41,i128,100000,heap,0,1,6531000,6531000,4792896,21,74760,124844,119839,28,16,8,32,16,32,16
i64,booking,partial,mixed,extended,true,41,i128,100000,streams_indices,0,1,6885200,6885200,5390464,18,74760,124844,119839,28,16,8,32,16,32,16
i64,booking,partial,mixed,extended,true,41,i128,100000,events,1,1,7484800,7484800,6586624,17,74760,124844,119839,28,16,8,32,16,32,16
i64,booking,partial,mixed,extended,true,41,i128,100000,heap,1,1,6663600,6663600,4792896,21,74760,124844,119839,28,16,8,32,16,32,16
i64,booking,partial,mixed,extended,true,41,i128,100000,streams_indices,1,1,7077700,7077700,5390464,18,74760,124844,119839,28,16,8,32,16,32,16
i64,booking,partial,mixed,extended,true,41,i128,100000,production,1,1,8038700,8038700,8978944,18,74760,124844,119839,28,16,8,32,16,32,16
i64,booking,partial,mixed,extended,true,41,i128,100000,heap,2,1,6714000,6714000,4792896,21,74760,124844,119839,28,16,8,32,16,32,16
i64,booking,partial,mixed,extended,true,41,i128,100000,streams_indices,2,1,6957600,6957600,5390464,18,74760,124844,119839,28,16,8,32,16,32,16
i64,booking,partial,mixed,extended,true,41,i128,100000,production,2,1,7925000,7925000,8978944,18,74760,124844,119839,28,16,8,32,16,32,16
i64,booking,partial,mixed,extended,true,41,i128,100000,events,2,1,7361000,7361000,6586624,17,74760,124844,119839,28,16,8,32,16,32,16
i64,booking,partial,mixed,extended,true,41,i128,100000,streams_indices,3,1,6735000,6735000,5390464,18,74760,124844,119839,28,16,8,32,16,32,16
i64,booking,partial,mixed,extended,true,41,i128,100000,production,3,1,8376900,8376900,8978944,18,74760,124844,119839,28,16,8,32,16,32,16
i64,booking,partial,mixed,extended,true,41,i128,100000,events,3,1,7209800,7209800,6586624,17,74760,124844,119839,28,16,8,32,16,32,16
i64,booking,partial,mixed,extended,true,41,i128,100000,heap,3,1,6520500,6520500,4792896,21,74760,124844,119839,28,16,8,32,16,32,16
i64,booking,partial,mixed,extended,true,41,i128,100000,production,4,1,8087000,8087000,8978944,18,74760,124844,119839,28,16,8,32,16,32,16
i64,booking,partial,mixed,extended,true,41,i128,100000,events,4,1,7503600,7503600,6586624,17,74760,124844,119839,28,16,8,32,16,32,16
i64,booking,partial,mixed,extended,true,41,i128,100000,heap,4,1,6646200,6646200,4792896,21,74760,124844,119839,28,16,8,32,16,32,16
i64,booking,partial,mixed,extended,true,41,i128,100000,streams_indices,4,1,7192300,7192300,5390464,18,74760,124844,119839,28,16,8,32,16,32,16
i64,booking,shuffled,skewed,inferred,false,7,i128,8,production,0,128,62100,485,1024,5,8,15,13,7,16,8,32,16,32,16
i64,booking,shuffled,skewed,inferred,false,7,i128,8,events,0,128,49800,389,768,4,8,15,13,7,16,8,32,16,32,16
i64,booking,shuffled,skewed,inferred,false,7,i128,8,heap,0,128,72700,567,704,6,8,15,13,7,16,8,32,16,32,16
i64,booking,shuffled,skewed,inferred,false,7,i128,8,streams_indices,0,128,68000,531,640,5,8,15,13,7,16,8,32,16,32,16
i64,booking,shuffled,skewed,inferred,false,7,i128,8,events,1,128,49800,389,768,4,8,15,13,7,16,8,32,16,32,16
i64,booking,shuffled,skewed,inferred,false,7,i128,8,heap,1,128,71200,556,704,6,8,15,13,7,16,8,32,16,32,16
i64,booking,shuffled,skewed,inferred,false,7,i128,8,streams_indices,1,128,68300,533,640,5,8,15,13,7,16,8,32,16,32,16
i64,booking,shuffled,skewed,inferred,false,7,i128,8,production,1,128,60900,475,1024,5,8,15,13,7,16,8,32,16,32,16
i64,booking,shuffled,skewed,inferred,false,7,i128,8,heap,2,128,71000,554,704,6,8,15,13,7,16,8,32,16,32,16
i64,booking,shuffled,skewed,inferred,false,7,i128,8,streams_indices,2,128,68500,535,640,5,8,15,13,7,16,8,32,16,32,16
i64,booking,shuffled,skewed,inferred,false,7,i128,8,production,2,128,60900,475,1024,5,8,15,13,7,16,8,32,16,32,16
i64,booking,shuffled,skewed,inferred,false,7,i128,8,events,2,128,49400,385,768,4,8,15,13,7,16,8,32,16,32,16
i64,booking,shuffled,skewed,inferred,false,7,i128,8,streams_indices,3,128,73100,571,640,5,8,15,13,7,16,8,32,16,32,16
i64,booking,shuffled,skewed,inferred,false,7,i128,8,production,3,128,60300,471,1024,5,8,15,13,7,16,8,32,16,32,16
i64,booking,shuffled,skewed,inferred,false,7,i128,8,events,3,128,49500,386,768,4,8,15,13,7,16,8,32,16,32,16
i64,booking,shuffled,skewed,inferred,false,7,i128,8,heap,3,128,72100,563,704,6,8,15,13,7,16,8,32,16,32,16
i64,booking,shuffled,skewed,inferred,false,7,i128,8,production,4,128,61100,477,1024,5,8,15,13,7,16,8,32,16,32,16
i64,booking,shuffled,skewed,inferred,false,7,i128,8,events,4,128,49400,385,768,4,8,15,13,7,16,8,32,16,32,16
i64,booking,shuffled,skewed,inferred,false,7,i128,8,heap,4,128,72000,562,704,6,8,15,13,7,16,8,32,16,32,16
i64,booking,shuffled,skewed,inferred,false,7,i128,8,streams_indices,4,128,68400,534,640,5,8,15,13,7,16,8,32,16,32,16
i64,booking,shuffled,skewed,inferred,false,41,i128,8,production,0,128,61500,480,1024,5,8,14,12,7,16,8,32,16,32,16
i64,booking,shuffled,skewed,inferred,false,41,i128,8,events,0,128,50100,391,768,4,8,14,12,7,16,8,32,16,32,16
i64,booking,shuffled,skewed,inferred,false,41,i128,8,heap,0,128,71100,555,704,6,8,14,12,7,16,8,32,16,32,16
i64,booking,shuffled,skewed,inferred,false,41,i128,8,streams_indices,0,128,68300,533,640,5,8,14,12,7,16,8,32,16,32,16
i64,booking,shuffled,skewed,inferred,false,41,i128,8,events,1,128,49200,384,768,4,8,14,12,7,16,8,32,16,32,16
i64,booking,shuffled,skewed,inferred,false,41,i128,8,heap,1,128,71300,557,704,6,8,14,12,7,16,8,32,16,32,16
i64,booking,shuffled,skewed,inferred,false,41,i128,8,streams_indices,1,128,68300,533,640,5,8,14,12,7,16,8,32,16,32,16
i64,booking,shuffled,skewed,inferred,false,41,i128,8,production,1,128,62000,484,1024,5,8,14,12,7,16,8,32,16,32,16
i64,booking,shuffled,skewed,inferred,false,41,i128,8,heap,2,128,70300,549,704,6,8,14,12,7,16,8,32,16,32,16
i64,booking,shuffled,skewed,inferred,false,41,i128,8,streams_indices,2,128,67700,528,640,5,8,14,12,7,16,8,32,16,32,16
i64,booking,shuffled,skewed,inferred,false,41,i128,8,production,2,128,61300,478,1024,5,8,14,12,7,16,8,32,16,32,16
i64,booking,shuffled,skewed,inferred,false,41,i128,8,events,2,128,50500,394,768,4,8,14,12,7,16,8,32,16,32,16
i64,booking,shuffled,skewed,inferred,false,41,i128,8,streams_indices,3,128,67600,528,640,5,8,14,12,7,16,8,32,16,32,16
i64,booking,shuffled,skewed,inferred,false,41,i128,8,production,3,128,62100,485,1024,5,8,14,12,7,16,8,32,16,32,16
i64,booking,shuffled,skewed,inferred,false,41,i128,8,events,3,128,50500,394,768,4,8,14,12,7,16,8,32,16,32,16
i64,booking,shuffled,skewed,inferred,false,41,i128,8,heap,3,128,70300,549,704,6,8,14,12,7,16,8,32,16,32,16
i64,booking,shuffled,skewed,inferred,false,41,i128,8,production,4,128,60900,475,1024,5,8,14,12,7,16,8,32,16,32,16
i64,booking,shuffled,skewed,inferred,false,41,i128,8,events,4,128,50600,395,768,4,8,14,12,7,16,8,32,16,32,16
i64,booking,shuffled,skewed,inferred,false,41,i128,8,heap,4,128,71500,558,704,6,8,14,12,7,16,8,32,16,32,16
i64,booking,shuffled,skewed,inferred,false,41,i128,8,streams_indices,4,128,72900,569,640,5,8,14,12,7,16,8,32,16,32,16
i64,booking,shuffled,skewed,inferred,false,7,i128,1000,production,0,4,321500,80375,129536,12,1000,1600,1367,28,16,8,32,16,32,16
i64,booking,shuffled,skewed,inferred,false,7,i128,1000,events,0,4,247400,61850,97536,11,1000,1600,1367,28,16,8,32,16,32,16
i64,booking,shuffled,skewed,inferred,false,7,i128,1000,heap,0,4,240200,60050,74048,15,1000,1600,1367,28,16,8,32,16,32,16
i64,booking,shuffled,skewed,inferred,false,7,i128,1000,streams_indices,0,4,269000,67250,81536,12,1000,1600,1367,28,16,8,32,16,32,16
i64,booking,shuffled,skewed,inferred,false,7,i128,1000,events,1,4,216800,54200,97536,11,1000,1600,1367,28,16,8,32,16,32,16
i64,booking,shuffled,skewed,inferred,false,7,i128,1000,heap,1,4,354100,88525,74048,15,1000,1600,1367,28,16,8,32,16,32,16
i64,booking,shuffled,skewed,inferred,false,7,i128,1000,streams_indices,1,4,302900,75725,81536,12,1000,1600,1367,28,16,8,32,16,32,16
i64,booking,shuffled,skewed,inferred,false,7,i128,1000,production,1,4,389200,97300,129536,12,1000,1600,1367,28,16,8,32,16,32,16
i64,booking,shuffled,skewed,inferred,false,7,i128,1000,heap,2,4,302200,75550,74048,15,1000,1600,1367,28,16,8,32,16,32,16
i64,booking,shuffled,skewed,inferred,false,7,i128,1000,streams_indices,2,4,295700,73925,81536,12,1000,1600,1367,28,16,8,32,16,32,16
i64,booking,shuffled,skewed,inferred,false,7,i128,1000,production,2,4,373700,93425,129536,12,1000,1600,1367,28,16,8,32,16,32,16
i64,booking,shuffled,skewed,inferred,false,7,i128,1000,events,2,4,269900,67475,97536,11,1000,1600,1367,28,16,8,32,16,32,16
i64,booking,shuffled,skewed,inferred,false,7,i128,1000,streams_indices,3,4,311400,77850,81536,12,1000,1600,1367,28,16,8,32,16,32,16
i64,booking,shuffled,skewed,inferred,false,7,i128,1000,production,3,4,335200,83800,129536,12,1000,1600,1367,28,16,8,32,16,32,16
i64,booking,shuffled,skewed,inferred,false,7,i128,1000,events,3,4,277000,69250,97536,11,1000,1600,1367,28,16,8,32,16,32,16
i64,booking,shuffled,skewed,inferred,false,7,i128,1000,heap,3,4,232600,58150,74048,15,1000,1600,1367,28,16,8,32,16,32,16
i64,booking,shuffled,skewed,inferred,false,7,i128,1000,production,4,4,319600,79900,129536,12,1000,1600,1367,28,16,8,32,16,32,16
i64,booking,shuffled,skewed,inferred,false,7,i128,1000,events,4,4,181700,45425,97536,11,1000,1600,1367,28,16,8,32,16,32,16
i64,booking,shuffled,skewed,inferred,false,7,i128,1000,heap,4,4,224800,56200,74048,15,1000,1600,1367,28,16,8,32,16,32,16
i64,booking,shuffled,skewed,inferred,false,7,i128,1000,streams_indices,4,4,267800,66950,81536,12,1000,1600,1367,28,16,8,32,16,32,16
i64,booking,shuffled,skewed,inferred,false,41,i128,1000,production,0,4,248000,62000,129536,12,1000,1588,1346,31,16,8,32,16,32,16
i64,booking,shuffled,skewed,inferred,false,41,i128,1000,events,0,4,228300,57075,97536,11,1000,1588,1346,31,16,8,32,16,32,16
i64,booking,shuffled,skewed,inferred,false,41,i128,1000,heap,0,4,266600,66650,74048,15,1000,1588,1346,31,16,8,32,16,32,16
i64,booking,shuffled,skewed,inferred,false,41,i128,1000,streams_indices,0,4,240500,60125,81536,12,1000,1588,1346,31,16,8,32,16,32,16
i64,booking,shuffled,skewed,inferred,false,41,i128,1000,events,1,4,326000,81500,97536,11,1000,1588,1346,31,16,8,32,16,32,16
i64,booking,shuffled,skewed,inferred,false,41,i128,1000,heap,1,4,295300,73825,74048,15,1000,1588,1346,31,16,8,32,16,32,16
i64,booking,shuffled,skewed,inferred,false,41,i128,1000,streams_indices,1,4,285100,71275,81536,12,1000,1588,1346,31,16,8,32,16,32,16
i64,booking,shuffled,skewed,inferred,false,41,i128,1000,production,1,4,282200,70550,129536,12,1000,1588,1346,31,16,8,32,16,32,16
i64,booking,shuffled,skewed,inferred,false,41,i128,1000,heap,2,4,296000,74000,74048,15,1000,1588,1346,31,16,8,32,16,32,16
i64,booking,shuffled,skewed,inferred,false,41,i128,1000,streams_indices,2,4,275800,68950,81536,12,1000,1588,1346,31,16,8,32,16,32,16
i64,booking,shuffled,skewed,inferred,false,41,i128,1000,production,2,4,265600,66400,129536,12,1000,1588,1346,31,16,8,32,16,32,16
i64,booking,shuffled,skewed,inferred,false,41,i128,1000,events,2,4,189400,47350,97536,11,1000,1588,1346,31,16,8,32,16,32,16
i64,booking,shuffled,skewed,inferred,false,41,i128,1000,streams_indices,3,4,239700,59925,81536,12,1000,1588,1346,31,16,8,32,16,32,16
i64,booking,shuffled,skewed,inferred,false,41,i128,1000,production,3,4,303000,75750,129536,12,1000,1588,1346,31,16,8,32,16,32,16
i64,booking,shuffled,skewed,inferred,false,41,i128,1000,events,3,4,233700,58425,97536,11,1000,1588,1346,31,16,8,32,16,32,16
i64,booking,shuffled,skewed,inferred,false,41,i128,1000,heap,3,4,241200,60300,74048,15,1000,1588,1346,31,16,8,32,16,32,16
i64,booking,shuffled,skewed,inferred,false,41,i128,1000,production,4,4,319500,79875,129536,12,1000,1588,1346,31,16,8,32,16,32,16
i64,booking,shuffled,skewed,inferred,false,41,i128,1000,events,4,4,264200,66050,97536,11,1000,1588,1346,31,16,8,32,16,32,16
i64,booking,shuffled,skewed,inferred,false,41,i128,1000,heap,4,4,290000,72500,74048,15,1000,1588,1346,31,16,8,32,16,32,16
i64,booking,shuffled,skewed,inferred,false,41,i128,1000,streams_indices,4,4,278700,69675,81536,12,1000,1588,1346,31,16,8,32,16,32,16
i64,booking,shuffled,skewed,inferred,false,7,i128,100000,production,0,1,11997000,11997000,14788608,19,100000,157225,133889,33,16,8,32,16,32,16
i64,booking,shuffled,skewed,inferred,false,7,i128,100000,events,0,1,11057600,11057600,11588608,18,100000,157225,133889,33,16,8,32,16,32,16
i64,booking,shuffled,skewed,inferred,false,7,i128,100000,heap,0,1,12410000,12410000,9189632,23,100000,157225,133889,33,16,8,32,16,32,16
i64,booking,shuffled,skewed,inferred,false,7,i128,100000,streams_indices,0,1,12964800,12964800,9988608,19,100000,157225,133889,33,16,8,32,16,32,16
i64,booking,shuffled,skewed,inferred,false,7,i128,100000,events,1,1,10098900,10098900,11588608,18,100000,157225,133889,33,16,8,32,16,32,16
i64,booking,shuffled,skewed,inferred,false,7,i128,100000,heap,1,1,11205600,11205600,9189632,23,100000,157225,133889,33,16,8,32,16,32,16
i64,booking,shuffled,skewed,inferred,false,7,i128,100000,streams_indices,1,1,13162400,13162400,9988608,19,100000,157225,133889,33,16,8,32,16,32,16
i64,booking,shuffled,skewed,inferred,false,7,i128,100000,production,1,1,12344600,12344600,14788608,19,100000,157225,133889,33,16,8,32,16,32,16
i64,booking,shuffled,skewed,inferred,false,7,i128,100000,heap,2,1,12332900,12332900,9189632,23,100000,157225,133889,33,16,8,32,16,32,16
i64,booking,shuffled,skewed,inferred,false,7,i128,100000,streams_indices,2,1,11443700,11443700,9988608,19,100000,157225,133889,33,16,8,32,16,32,16
i64,booking,shuffled,skewed,inferred,false,7,i128,100000,production,2,1,11402200,11402200,14788608,19,100000,157225,133889,33,16,8,32,16,32,16
i64,booking,shuffled,skewed,inferred,false,7,i128,100000,events,2,1,9976800,9976800,11588608,18,100000,157225,133889,33,16,8,32,16,32,16
i64,booking,shuffled,skewed,inferred,false,7,i128,100000,streams_indices,3,1,11592400,11592400,9988608,19,100000,157225,133889,33,16,8,32,16,32,16
i64,booking,shuffled,skewed,inferred,false,7,i128,100000,production,3,1,11431000,11431000,14788608,19,100000,157225,133889,33,16,8,32,16,32,16
i64,booking,shuffled,skewed,inferred,false,7,i128,100000,events,3,1,10293700,10293700,11588608,18,100000,157225,133889,33,16,8,32,16,32,16
i64,booking,shuffled,skewed,inferred,false,7,i128,100000,heap,3,1,10879300,10879300,9189632,23,100000,157225,133889,33,16,8,32,16,32,16
i64,booking,shuffled,skewed,inferred,false,7,i128,100000,production,4,1,11387000,11387000,14788608,19,100000,157225,133889,33,16,8,32,16,32,16
i64,booking,shuffled,skewed,inferred,false,7,i128,100000,events,4,1,9925000,9925000,11588608,18,100000,157225,133889,33,16,8,32,16,32,16
i64,booking,shuffled,skewed,inferred,false,7,i128,100000,heap,4,1,10554300,10554300,9189632,23,100000,157225,133889,33,16,8,32,16,32,16
i64,booking,shuffled,skewed,inferred,false,7,i128,100000,streams_indices,4,1,11370900,11370900,9988608,19,100000,157225,133889,33,16,8,32,16,32,16
i64,booking,shuffled,skewed,inferred,false,41,i128,100000,production,0,1,11951600,11951600,14788608,19,100000,157233,133889,32,16,8,32,16,32,16
i64,booking,shuffled,skewed,inferred,false,41,i128,100000,events,0,1,12640900,12640900,11588608,18,100000,157233,133889,32,16,8,32,16,32,16
i64,booking,shuffled,skewed,inferred,false,41,i128,100000,heap,0,1,12570600,12570600,9189120,22,100000,157233,133889,32,16,8,32,16,32,16
i64,booking,shuffled,skewed,inferred,false,41,i128,100000,streams_indices,0,1,15194500,15194500,9988608,19,100000,157233,133889,32,16,8,32,16,32,16
i64,booking,shuffled,skewed,inferred,false,41,i128,100000,events,1,1,10905600,10905600,11588608,18,100000,157233,133889,32,16,8,32,16,32,16
i64,booking,shuffled,skewed,inferred,false,41,i128,100000,heap,1,1,11310200,11310200,9189120,22,100000,157233,133889,32,16,8,32,16,32,16
i64,booking,shuffled,skewed,inferred,false,41,i128,100000,streams_indices,1,1,12041800,12041800,9988608,19,100000,157233,133889,32,16,8,32,16,32,16
i64,booking,shuffled,skewed,inferred,false,41,i128,100000,production,1,1,12035700,12035700,14788608,19,100000,157233,133889,32,16,8,32,16,32,16
i64,booking,shuffled,skewed,inferred,false,41,i128,100000,heap,2,1,10848500,10848500,9189120,22,100000,157233,133889,32,16,8,32,16,32,16
i64,booking,shuffled,skewed,inferred,false,41,i128,100000,streams_indices,2,1,11667700,11667700,9988608,19,100000,157233,133889,32,16,8,32,16,32,16
i64,booking,shuffled,skewed,inferred,false,41,i128,100000,production,2,1,11878800,11878800,14788608,19,100000,157233,133889,32,16,8,32,16,32,16
i64,booking,shuffled,skewed,inferred,false,41,i128,100000,events,2,1,12301100,12301100,11588608,18,100000,157233,133889,32,16,8,32,16,32,16
i64,booking,shuffled,skewed,inferred,false,41,i128,100000,streams_indices,3,1,11553900,11553900,9988608,19,100000,157233,133889,32,16,8,32,16,32,16
i64,booking,shuffled,skewed,inferred,false,41,i128,100000,production,3,1,11347200,11347200,14788608,19,100000,157233,133889,32,16,8,32,16,32,16
i64,booking,shuffled,skewed,inferred,false,41,i128,100000,events,3,1,10154500,10154500,11588608,18,100000,157233,133889,32,16,8,32,16,32,16
i64,booking,shuffled,skewed,inferred,false,41,i128,100000,heap,3,1,10661700,10661700,9189120,22,100000,157233,133889,32,16,8,32,16,32,16
i64,booking,shuffled,skewed,inferred,false,41,i128,100000,production,4,1,11828000,11828000,14788608,19,100000,157233,133889,32,16,8,32,16,32,16
i64,booking,shuffled,skewed,inferred,false,41,i128,100000,events,4,1,10174100,10174100,11588608,18,100000,157233,133889,32,16,8,32,16,32,16
i64,booking,shuffled,skewed,inferred,false,41,i128,100000,heap,4,1,10767100,10767100,9189120,22,100000,157233,133889,32,16,8,32,16,32,16
i64,booking,shuffled,skewed,inferred,false,41,i128,100000,streams_indices,4,1,15888800,15888800,9988608,19,100000,157233,133889,32,16,8,32,16,32,16
i64,nesting,start,units,inferred,false,7,unit,8,production,0,128,74300,580,640,5,8,16,15,8,16,8,32,16,0,0
i64,nesting,start,units,inferred,false,7,unit,8,events,0,128,65200,509,768,4,8,16,15,8,16,8,32,16,0,0
i64,nesting,start,units,inferred,false,7,unit,8,heap,0,128,82100,641,704,6,8,16,15,8,16,8,32,16,0,0
i64,nesting,start,units,inferred,false,7,unit,8,events,1,128,65700,513,768,4,8,16,15,8,16,8,32,16,0,0
i64,nesting,start,units,inferred,false,7,unit,8,heap,1,128,94000,734,704,6,8,16,15,8,16,8,32,16,0,0
i64,nesting,start,units,inferred,false,7,unit,8,production,1,128,76900,600,640,5,8,16,15,8,16,8,32,16,0,0
i64,nesting,start,units,inferred,false,7,unit,8,heap,2,128,90900,710,704,6,8,16,15,8,16,8,32,16,0,0
i64,nesting,start,units,inferred,false,7,unit,8,production,2,128,84000,656,640,5,8,16,15,8,16,8,32,16,0,0
i64,nesting,start,units,inferred,false,7,unit,8,events,2,128,68600,535,768,4,8,16,15,8,16,8,32,16,0,0
i64,nesting,start,units,inferred,false,7,unit,8,production,3,128,82000,640,640,5,8,16,15,8,16,8,32,16,0,0
i64,nesting,start,units,inferred,false,7,unit,8,events,3,128,66900,522,768,4,8,16,15,8,16,8,32,16,0,0
i64,nesting,start,units,inferred,false,7,unit,8,heap,3,128,106400,831,704,6,8,16,15,8,16,8,32,16,0,0
i64,nesting,start,units,inferred,false,7,unit,8,events,4,128,74900,585,768,4,8,16,15,8,16,8,32,16,0,0
i64,nesting,start,units,inferred,false,7,unit,8,heap,4,128,94400,737,704,6,8,16,15,8,16,8,32,16,0,0
i64,nesting,start,units,inferred,false,7,unit,8,production,4,128,70600,551,640,5,8,16,15,8,16,8,32,16,0,0
i64,nesting,start,units,inferred,false,41,unit,8,production,0,128,66800,521,640,5,8,16,15,8,16,8,32,16,0,0
i64,nesting,start,units,inferred,false,41,unit,8,events,0,128,60900,475,768,4,8,16,15,8,16,8,32,16,0,0
i64,nesting,start,units,inferred,false,41,unit,8,heap,0,128,72700,567,704,6,8,16,15,8,16,8,32,16,0,0
i64,nesting,start,units,inferred,false,41,unit,8,events,1,128,47300,369,768,4,8,16,15,8,16,8,32,16,0,0
i64,nesting,start,units,inferred,false,41,unit,8,heap,1,128,77700,607,704,6,8,16,15,8,16,8,32,16,0,0
i64,nesting,start,units,inferred,false,41,unit,8,production,1,128,60400,471,640,5,8,16,15,8,16,8,32,16,0,0
i64,nesting,start,units,inferred,false,41,unit,8,heap,2,128,71600,559,704,6,8,16,15,8,16,8,32,16,0,0
i64,nesting,start,units,inferred,false,41,unit,8,production,2,128,59700,466,640,5,8,16,15,8,16,8,32,16,0,0
i64,nesting,start,units,inferred,false,41,unit,8,events,2,128,47900,374,768,4,8,16,15,8,16,8,32,16,0,0
i64,nesting,start,units,inferred,false,41,unit,8,production,3,128,60300,471,640,5,8,16,15,8,16,8,32,16,0,0
i64,nesting,start,units,inferred,false,41,unit,8,events,3,128,49000,382,768,4,8,16,15,8,16,8,32,16,0,0
i64,nesting,start,units,inferred,false,41,unit,8,heap,3,128,71600,559,704,6,8,16,15,8,16,8,32,16,0,0
i64,nesting,start,units,inferred,false,41,unit,8,events,4,128,48000,375,768,4,8,16,15,8,16,8,32,16,0,0
i64,nesting,start,units,inferred,false,41,unit,8,heap,4,128,74100,578,704,6,8,16,15,8,16,8,32,16,0,0
i64,nesting,start,units,inferred,false,41,unit,8,production,4,128,69600,543,640,5,8,16,15,8,16,8,32,16,0,0
i64,nesting,start,units,inferred,false,7,unit,1000,production,0,4,125400,31350,81536,12,1000,2000,1999,1000,16,8,32,16,0,0
i64,nesting,start,units,inferred,false,7,unit,1000,events,0,4,244600,61150,97536,11,1000,2000,1999,1000,16,8,32,16,0,0
i64,nesting,start,units,inferred,false,7,unit,1000,heap,0,4,216700,54175,89920,20,1000,2000,1999,1000,16,8,32,16,0,0
i64,nesting,start,units,inferred,false,7,unit,1000,events,1,4,223500,55875,97536,11,1000,2000,1999,1000,16,8,32,16,0,0
i64,nesting,start,units,inferred,false,7,unit,1000,heap,1,4,201100,50275,89920,20,1000,2000,1999,1000,16,8,32,16,0,0
i64,nesting,start,units,inferred,false,7,unit,1000,production,1,4,85400,21350,81536,12,1000,2000,1999,1000,16,8,32,16,0,0
i64,nesting,start,units,inferred,false,7,unit,1000,heap,2,4,196500,49125,89920,20,1000,2000,1999,1000,16,8,32,16,0,0
i64,nesting,start,units,inferred,false,7,unit,1000,production,2,4,118600,29650,81536,12,1000,2000,1999,1000,16,8,32,16,0,0
i64,nesting,start,units,inferred,false,7,unit,1000,events,2,4,172800,43200,97536,11,1000,2000,1999,1000,16,8,32,16,0,0
i64,nesting,start,units,inferred,false,7,unit,1000,production,3,4,137300,34325,81536,12,1000,2000,1999,1000,16,8,32,16,0,0
i64,nesting,start,units,inferred,false,7,unit,1000,events,3,4,221400,55350,97536,11,1000,2000,1999,1000,16,8,32,16,0,0
i64,nesting,start,units,inferred,false,7,unit,1000,heap,3,4,275300,68825,89920,20,1000,2000,1999,1000,16,8,32,16,0,0
i64,nesting,start,units,inferred,false,7,unit,1000,events,4,4,175900,43975,97536,11,1000,2000,1999,1000,16,8,32,16,0,0
i64,nesting,start,units,inferred,false,7,unit,1000,heap,4,4,246600,61650,89920,20,1000,2000,1999,1000,16,8,32,16,0,0
i64,nesting,start,units,inferred,false,7,unit,1000,production,4,4,91300,22825,81536,12,1000,2000,1999,1000,16,8,32,16,0,0
i64,nesting,start,units,inferred,false,41,unit,1000,production,0,4,114600,28650,81536,12,1000,2000,1999,1000,16,8,32,16,0,0
i64,nesting,start,units,inferred,false,41,unit,1000,events,0,4,180400,45100,97536,11,1000,2000,1999,1000,16,8,32,16,0,0
i64,nesting,start,units,inferred,false,41,unit,1000,heap,0,4,267900,66975,89920,20,1000,2000,1999,1000,16,8,32,16,0,0
i64,nesting,start,units,inferred,false,41,unit,1000,events,1,4,178300,44575,97536,11,1000,2000,1999,1000,16,8,32,16,0,0
i64,nesting,start,units,inferred,false,41,unit,1000,heap,1,4,233700,58425,89920,20,1000,2000,1999,1000,16,8,32,16,0,0
i64,nesting,start,units,inferred,false,41,unit,1000,production,1,4,121400,30350,81536,12,1000,2000,1999,1000,16,8,32,16,0,0
i64,nesting,start,units,inferred,false,41,unit,1000,heap,2,4,250500,62625,89920,20,1000,2000,1999,1000,16,8,32,16,0,0
i64,nesting,start,units,inferred,false,41,unit,1000,production,2,4,107500,26875,81536,12,1000,2000,1999,1000,16,8,32,16,0,0
i64,nesting,start,units,inferred,false,41,unit,1000,events,2,4,228600,57150,97536,11,1000,2000,1999,1000,16,8,32,16,0,0
i64,nesting,start,units,inferred,false,41,unit,1000,production,3,4,131200,32800,81536,12,1000,2000,1999,1000,16,8,32,16,0,0
i64,nesting,start,units,inferred,false,41,unit,1000,events,3,4,178600,44650,97536,11,1000,2000,1999,1000,16,8,32,16,0,0
i64,nesting,start,units,inferred,false,41,unit,1000,heap,3,4,204300,51075,89920,20,1000,2000,1999,1000,16,8,32,16,0,0
i64,nesting,start,units,inferred,false,41,unit,1000,events,4,4,185500,46375,97536,11,1000,2000,1999,1000,16,8,32,16,0,0
i64,nesting,start,units,inferred,false,41,unit,1000,heap,4,4,207100,51775,89920,20,1000,2000,1999,1000,16,8,32,16,0,0
i64,nesting,start,units,inferred,false,41,unit,1000,production,4,4,138500,34625,81536,12,1000,2000,1999,1000,16,8,32,16,0,0
i64,nesting,start,units,inferred,false,7,unit,100000,production,0,1,5968500,5968500,9988608,19,100000,200000,199999,100000,16,8,32,16,0,0
i64,nesting,start,units,inferred,false,7,unit,100000,events,0,1,10089300,10089300,11588608,18,100000,200000,199999,100000,16,8,32,16,0,0
i64,nesting,start,units,inferred,false,7,unit,100000,heap,0,1,11366900,11366900,11285760,34,100000,200000,199999,100000,16,8,32,16,0,0
i64,nesting,start,units,inferred,false,7,unit,100000,events,1,1,8923900,8923900,11588608,18,100000,200000,199999,100000,16,8,32,16,0,0
i64,nesting,start,units,inferred,false,7,unit,100000,heap,1,1,11456500,11456500,11285760,34,100000,200000,199999,100000,16,8,32,16,0,0
i64,nesting,start,units,inferred,false,7,unit,100000,production,1,1,4810400,4810400,9988608,19,100000,200000,199999,100000,16,8,32,16,0,0
i64,nesting,start,units,inferred,false,7,unit,100000,heap,2,1,11351500,11351500,11285760,34,100000,200000,199999,100000,16,8,32,16,0,0
i64,nesting,start,units,inferred,false,7,unit,100000,production,2,1,4722600,4722600,9988608,19,100000,200000,199999,100000,16,8,32,16,0,0
i64,nesting,start,units,inferred,false,7,unit,100000,events,2,1,8666400,8666400,11588608,18,100000,200000,199999,100000,16,8,32,16,0,0
i64,nesting,start,units,inferred,false,7,unit,100000,production,3,1,5158600,5158600,9988608,19,100000,200000,199999,100000,16,8,32,16,0,0
i64,nesting,start,units,inferred,false,7,unit,100000,events,3,1,9289300,9289300,11588608,18,100000,200000,199999,100000,16,8,32,16,0,0
i64,nesting,start,units,inferred,false,7,unit,100000,heap,3,1,12339100,12339100,11285760,34,100000,200000,199999,100000,16,8,32,16,0,0
i64,nesting,start,units,inferred,false,7,unit,100000,events,4,1,8859900,8859900,11588608,18,100000,200000,199999,100000,16,8,32,16,0,0
i64,nesting,start,units,inferred,false,7,unit,100000,heap,4,1,13431000,13431000,11285760,34,100000,200000,199999,100000,16,8,32,16,0,0
i64,nesting,start,units,inferred,false,7,unit,100000,production,4,1,6244000,6244000,9988608,19,100000,200000,199999,100000,16,8,32,16,0,0
i64,nesting,start,units,inferred,false,41,unit,100000,production,0,1,4933000,4933000,9988608,19,100000,200000,199999,100000,16,8,32,16,0,0
i64,nesting,start,units,inferred,false,41,unit,100000,events,0,1,8639000,8639000,11588608,18,100000,200000,199999,100000,16,8,32,16,0,0
i64,nesting,start,units,inferred,false,41,unit,100000,heap,0,1,11496600,11496600,11285760,34,100000,200000,199999,100000,16,8,32,16,0,0
i64,nesting,start,units,inferred,false,41,unit,100000,events,1,1,8543500,8543500,11588608,18,100000,200000,199999,100000,16,8,32,16,0,0
i64,nesting,start,units,inferred,false,41,unit,100000,heap,1,1,11962100,11962100,11285760,34,100000,200000,199999,100000,16,8,32,16,0,0
i64,nesting,start,units,inferred,false,41,unit,100000,production,1,1,4968000,4968000,9988608,19,100000,200000,199999,100000,16,8,32,16,0,0
i64,nesting,start,units,inferred,false,41,unit,100000,heap,2,1,11288300,11288300,11285760,34,100000,200000,199999,100000,16,8,32,16,0,0
i64,nesting,start,units,inferred,false,41,unit,100000,production,2,1,4687200,4687200,9988608,19,100000,200000,199999,100000,16,8,32,16,0,0
i64,nesting,start,units,inferred,false,41,unit,100000,events,2,1,8513200,8513200,11588608,18,100000,200000,199999,100000,16,8,32,16,0,0
i64,nesting,start,units,inferred,false,41,unit,100000,production,3,1,4703400,4703400,9988608,19,100000,200000,199999,100000,16,8,32,16,0,0
i64,nesting,start,units,inferred,false,41,unit,100000,events,3,1,8615300,8615300,11588608,18,100000,200000,199999,100000,16,8,32,16,0,0
i64,nesting,start,units,inferred,false,41,unit,100000,heap,3,1,11211600,11211600,11285760,34,100000,200000,199999,100000,16,8,32,16,0,0
i64,nesting,start,units,inferred,false,41,unit,100000,events,4,1,8771900,8771900,11588608,18,100000,200000,199999,100000,16,8,32,16,0,0
i64,nesting,start,units,inferred,false,41,unit,100000,heap,4,1,11233500,11233500,11285760,34,100000,200000,199999,100000,16,8,32,16,0,0
i64,nesting,start,units,inferred,false,41,unit,100000,production,4,1,4773400,4773400,9988608,19,100000,200000,199999,100000,16,8,32,16,0,0
