family,query_order,source_order,ratio,dtype,seed,n,m,p,nonempty_sources,duplicate_sources,distinct_endpoints,query_span_min,query_span_median,query_span_max,algorithm,sample,iterations,total_ns,ns,peak_requested_bytes,allocation_count
disjoint,start,start,balanced,i64,7,1000000,1000000,1000000,1000000,0,2000000,14,14,14,binary,0,1,219799400,219799400,115886096,60
disjoint,start,start,balanced,i64,7,1000000,1000000,1000000,1000000,0,2000000,14,14,14,sweep,0,1,81533000,81533000,146331664,80
disjoint,start,start,balanced,i64,7,1000000,1000000,1000000,1000000,0,2000000,14,14,14,ordered,0,1,68980700,68980700,112777232,42
disjoint,start,start,balanced,i64,7,1000000,1000000,1000000,1000000,0,2000000,14,14,14,hybrid,0,1,65970600,65970600,112777232,42
disjoint,start,start,balanced,i64,7,1000000,1000000,1000000,1000000,0,2000000,14,14,14,sweep,1,1,85703600,85703600,146331664,80
disjoint,start,start,balanced,i64,7,1000000,1000000,1000000,1000000,0,2000000,14,14,14,ordered,1,1,64776900,64776900,112777232,42
disjoint,start,start,balanced,i64,7,1000000,1000000,1000000,1000000,0,2000000,14,14,14,hybrid,1,1,62767300,62767300,112777232,42
disjoint,start,start,balanced,i64,7,1000000,1000000,1000000,1000000,0,2000000,14,14,14,binary,1,1,236880100,236880100,115886096,60
disjoint,start,start,balanced,i64,7,1000000,1000000,1000000,1000000,0,2000000,14,14,14,ordered,2,1,69882000,69882000,112777232,42
disjoint,start,start,balanced,i64,7,1000000,1000000,1000000,1000000,0,2000000,14,14,14,hybrid,2,1,59995200,59995200,112777232,42
disjoint,start,start,balanced,i64,7,1000000,1000000,1000000,1000000,0,2000000,14,14,14,binary,2,1,220380000,220380000,115886096,60
disjoint,start,start,balanced,i64,7,1000000,1000000,1000000,1000000,0,2000000,14,14,14,sweep,2,1,85986200,85986200,146331664,80
disjoint,start,start,balanced,i64,7,1000000,1000000,1000000,1000000,0,2000000,14,14,14,hybrid,3,1,69651000,69651000,112777232,42
disjoint,start,start,balanced,i64,7,1000000,1000000,1000000,1000000,0,2000000,14,14,14,binary,3,1,236899000,236899000,115886096,60
disjoint,start,start,balanced,i64,7,1000000,1000000,1000000,1000000,0,2000000,14,14,14,sweep,3,1,87133700,87133700,146331664,80
disjoint,start,start,balanced,i64,7,1000000,1000000,1000000,1000000,0,2000000,14,14,14,ordered,3,1,63194800,63194800,112777232,42
disjoint,start,start,balanced,i64,7,1000000,1000000,1000000,1000000,0,2000000,14,14,14,binary,4,1,282281300,282281300,115886096,60
disjoint,start,start,balanced,i64,7,1000000,1000000,1000000,1000000,0,2000000,14,14,14,sweep,4,1,96467800,96467800,146331664,80
disjoint,start,start,balanced,i64,7,1000000,1000000,1000000,1000000,0,2000000,14,14,14,ordered,4,1,71992700,71992700,112777232,42
disjoint,start,start,balanced,i64,7,1000000,1000000,1000000,1000000,0,2000000,14,14,14,hybrid,4,1,73293000,73293000,112777232,42
disjoint,start,start,balanced,i64,41,1000000,1000000,1000000,1000000,0,2000000,14,14,14,binary,0,1,245384200,245384200,115886096,60
disjoint,start,start,balanced,i64,41,1000000,1000000,1000000,1000000,0,2000000,14,14,14,sweep,0,1,100089400,100089400,146331664,80
disjoint,start,start,balanced,i64,41,1000000,1000000,1000000,1000000,0,2000000,14,14,14,ordered,0,1,76444300,76444300,112777232,42
disjoint,start,start,balanced,i64,41,1000000,1000000,1000000,1000000,0,2000000,14,14,14,hybrid,0,1,75346500,75346500,112777232,42
disjoint,start,start,balanced,i64,41,1000000,1000000,1000000,1000000,0,2000000,14,14,14,sweep,1,1,109120400,109120400,146331664,80
disjoint,start,start,balanced,i64,41,1000000,1000000,1000000,1000000,0,2000000,14,14,14,ordered,1,1,77733000,77733000,112777232,42
disjoint,start,start,balanced,i64,41,1000000,1000000,1000000,1000000,0,2000000,14,14,14,hybrid,1,1,70268500,70268500,112777232,42
disjoint,start,start,balanced,i64,41,1000000,1000000,1000000,1000000,0,2000000,14,14,14,binary,1,1,251682000,251682000,115886096,60
disjoint,start,start,balanced,i64,41,1000000,1000000,1000000,1000000,0,2000000,14,14,14,ordered,2,1,61387400,61387400,112777232,42
disjoint,start,start,balanced,i64,41,1000000,1000000,1000000,1000000,0,2000000,14,14,14,hybrid,2,1,62268800,62268800,112777232,42
disjoint,start,start,balanced,i64,41,1000000,1000000,1000000,1000000,0,2000000,14,14,14,binary,2,1,226661500,226661500,115886096,60
disjoint,start,start,balanced,i64,41,1000000,1000000,1000000,1000000,0,2000000,14,14,14,sweep,2,1,90837300,90837300,146331664,80
disjoint,start,start,balanced,i64,41,1000000,1000000,1000000,1000000,0,2000000,14,14,14,hybrid,3,1,76518800,76518800,112777232,42
disjoint,start,start,balanced,i64,41,1000000,1000000,1000000,1000000,0,2000000,14,14,14,binary,3,1,281213900,281213900,115886096,60
disjoint,start,start,balanced,i64,41,1000000,1000000,1000000,1000000,0,2000000,14,14,14,sweep,3,1,105068600,105068600,146331664,80
disjoint,start,start,balanced,i64,41,1000000,1000000,1000000,1000000,0,2000000,14,14,14,ordered,3,1,75809800,75809800,112777232,42
disjoint,start,start,balanced,i64,41,1000000,1000000,1000000,1000000,0,2000000,14,14,14,binary,4,1,255904800,255904800,115886096,60
disjoint,start,start,balanced,i64,41,1000000,1000000,1000000,1000000,0,2000000,14,14,14,sweep,4,1,88627500,88627500,146331664,80
disjoint,start,start,balanced,i64,41,1000000,1000000,1000000,1000000,0,2000000,14,14,14,ordered,4,1,66159600,66159600,112777232,42
disjoint,start,start,balanced,i64,41,1000000,1000000,1000000,1000000,0,2000000,14,14,14,hybrid,4,1,61955100,61955100,112777232,42
genomic,start,shuffled,balanced,i64,7,1000000,1000000,1,1000000,0,1728543,120,120,120,binary,0,1,174724600,174724600,83108960,42
genomic,start,shuffled,balanced,i64,7,1000000,1000000,1,1000000,0,1728543,120,120,120,sweep,0,1,122032000,122032000,113554528,62
genomic,start,shuffled,balanced,i64,7,1000000,1000000,1,1000000,0,1728543,120,120,120,ordered,0,1,106588300,106588300,80000096,24
genomic,start,shuffled,balanced,i64,7,1000000,1000000,1,1000000,0,1728543,120,120,120,hybrid,0,1,100950800,100950800,80000096,24
genomic,start,shuffled,balanced,i64,7,1000000,1000000,1,1000000,0,1728543,120,120,120,sweep,1,1,114382500,114382500,113554528,62
genomic,start,shuffled,balanced,i64,7,1000000,1000000,1,1000000,0,1728543,120,120,120,ordered,1,1,104956700,104956700,80000096,24
genomic,start,shuffled,balanced,i64,7,1000000,1000000,1,1000000,0,1728543,120,120,120,hybrid,1,1,104808400,104808400,80000096,24
genomic,start,shuffled,balanced,i64,7,1000000,1000000,1,1000000,0,1728543,120,120,120,binary,1,1,202922500,202922500,83108960,42
genomic,start,shuffled,balanced,i64,7,1000000,1000000,1,1000000,0,1728543,120,120,120,ordered,2,1,96515100,96515100,80000096,24
genomic,start,shuffled,balanced,i64,7,1000000,1000000,1,1000000,0,1728543,120,120,120,hybrid,2,1,95946000,95946000,80000096,24
genomic,start,shuffled,balanced,i64,7,1000000,1000000,1,1000000,0,1728543,120,120,120,binary,2,1,205868900,205868900,83108960,42
genomic,start,shuffled,balanced,i64,7,1000000,1000000,1,1000000,0,1728543,120,120,120,sweep,2,1,146730900,146730900,113554528,62
genomic,start,shuffled,balanced,i64,7,1000000,1000000,1,1000000,0,1728543,120,120,120,hybrid,3,1,122031800,122031800,80000096,24
genomic,start,shuffled,balanced,i64,7,1000000,1000000,1,1000000,0,1728543,120,120,120,binary,3,1,226498500,226498500,83108960,42
genomic,start,shuffled,balanced,i64,7,1000000,1000000,1,1000000,0,1728543,120,120,120,sweep,3,1,142014900,142014900,113554528,62
genomic,start,shuffled,balanced,i64,7,1000000,1000000,1,1000000,0,1728543,120,120,120,ordered,3,1,121313500,121313500,80000096,24
genomic,start,shuffled,balanced,i64,7,1000000,1000000,1,1000000,0,1728543,120,120,120,binary,4,1,179952800,179952800,83108960,42
genomic,start,shuffled,balanced,i64,7,1000000,1000000,1,1000000,0,1728543,120,120,120,sweep,4,1,115532500,115532500,113554528,62
genomic,start,shuffled,balanced,i64,7,1000000,1000000,1,1000000,0,1728543,120,120,120,ordered,4,1,97008200,97008200,80000096,24
genomic,start,shuffled,balanced,i64,7,1000000,1000000,1,1000000,0,1728543,120,120,120,hybrid,4,1,111724900,111724900,80000096,24
genomic,start,shuffled,balanced,i64,41,1000000,1000000,1,1000000,0,1728652,120,120,120,binary,0,1,223227100,223227100,83108960,42
genomic,start,shuffled,balanced,i64,41,1000000,1000000,1,1000000,0,1728652,120,120,120,sweep,0,1,115447900,115447900,113554528,62
genomic,start,shuffled,balanced,i64,41,1000000,1000000,1,1000000,0,1728652,120,120,120,ordered,0,1,95203800,95203800,80000096,24
genomic,start,shuffled,balanced,i64,41,1000000,1000000,1,1000000,0,1728652,120,120,120,hybrid,0,1,117263400,117263400,80000096,24
genomic,start,shuffled,balanced,i64,41,1000000,1000000,1,1000000,0,1728652,120,120,120,sweep,1,1,128539500,128539500,113554528,62
genomic,start,shuffled,balanced,i64,41,1000000,1000000,1,1000000,0,1728652,120,120,120,ordered,1,1,95180000,95180000,80000096,24
genomic,start,shuffled,balanced,i64,41,1000000,1000000,1,1000000,0,1728652,120,120,120,hybrid,1,1,97417200,97417200,80000096,24
genomic,start,shuffled,balanced,i64,41,1000000,1000000,1,1000000,0,1728652,120,120,120,binary,1,1,224047200,224047200,83108960,42
genomic,start,shuffled,balanced,i64,41,1000000,1000000,1,1000000,0,1728652,120,120,120,ordered,2,1,97450700,97450700,80000096,24
genomic,start,shuffled,balanced,i64,41,1000000,1000000,1,1000000,0,1728652,120,120,120,hybrid,2,1,101606800,101606800,80000096,24
genomic,start,shuffled,balanced,i64,41,1000000,1000000,1,1000000,0,1728652,120,120,120,binary,2,1,221827900,221827900,83108960,42
genomic,start,shuffled,balanced,i64,41,1000000,1000000,1,1000000,0,1728652,120,120,120,sweep,2,1,141424700,141424700,113554528,62
genomic,start,shuffled,balanced,i64,41,1000000,1000000,1,1000000,0,1728652,120,120,120,hybrid,3,1,118702800,118702800,80000096,24
genomic,start,shuffled,balanced,i64,41,1000000,1000000,1,1000000,0,1728652,120,120,120,binary,3,1,224534700,224534700,83108960,42
genomic,start,shuffled,balanced,i64,41,1000000,1000000,1,1000000,0,1728652,120,120,120,sweep,3,1,141879700,141879700,113554528,62
genomic,start,shuffled,balanced,i64,41,1000000,1000000,1,1000000,0,1728652,120,120,120,ordered,3,1,118341900,118341900,80000096,24
genomic,start,shuffled,balanced,i64,41,1000000,1000000,1,1000000,0,1728652,120,120,120,binary,4,1,175256800,175256800,83108960,42
genomic,start,shuffled,balanced,i64,41,1000000,1000000,1,1000000,0,1728652,120,120,120,sweep,4,1,117358000,117358000,113554528,62
genomic,start,shuffled,balanced,i64,41,1000000,1000000,1,1000000,0,1728652,120,120,120,ordered,4,1,109395000,109395000,80000096,24
genomic,start,shuffled,balanced,i64,41,1000000,1000000,1,1000000,0,1728652,120,120,120,hybrid,4,1,106611800,106611800,80000096,24
genomic,start,start,balanced,i64,7,1000000,1000000,1,1000000,0,1728543,120,120,120,binary,0,1,149941800,149941800,83108960,42
genomic,start,start,balanced,i64,7,1000000,1000000,1,1000000,0,1728543,120,120,120,sweep,0,1,91987700,91987700,113554528,62
genomic,start,start,balanced,i64,7,1000000,1000000,1,1000000,0,1728543,120,120,120,ordered,0,1,71541500,71541500,80000096,24
genomic,start,start,balanced,i64,7,1000000,1000000,1,1000000,0,1728543,120,120,120,hybrid,0,1,75061500,75061500,80000096,24
genomic,start,start,balanced,i64,7,1000000,1000000,1,1000000,0,1728543,120,120,120,sweep,1,1,93131400,93131400,113554528,62
genomic,start,start,balanced,i64,7,1000000,1000000,1,1000000,0,1728543,120,120,120,ordered,1,1,71528400,71528400,80000096,24
genomic,start,start,balanced,i64,7,1000000,1000000,1,1000000,0,1728543,120,120,120,hybrid,1,1,71414200,71414200,80000096,24
genomic,start,start,balanced,i64,7,1000000,1000000,1,1000000,0,1728543,120,120,120,binary,1,1,148890400,148890400,83108960,42
genomic,start,start,balanced,i64,7,1000000,1000000,1,1000000,0,1728543,120,120,120,ordered,2,1,71753700,71753700,80000096,24
genomic,start,start,balanced,i64,7,1000000,1000000,1,1000000,0,1728543,120,120,120,hybrid,2,1,71795400,71795400,80000096,24
genomic,start,start,balanced,i64,7,1000000,1000000,1,1000000,0,1728543,120,120,120,binary,2,1,151104100,151104100,83108960,42
genomic,start,start,balanced,i64,7,1000000,1000000,1,1000000,0,1728543,120,120,120,sweep,2,1,92591700,92591700,113554528,62
genomic,start,start,balanced,i64,7,1000000,1000000,1,1000000,0,1728543,120,120,120,hybrid,3,1,74823500,74823500,80000096,24
genomic,start,start,balanced,i64,7,1000000,1000000,1,1000000,0,1728543,120,120,120,binary,3,1,147355400,147355400,83108960,42
genomic,start,start,balanced,i64,7,1000000,1000000,1,1000000,0,1728543,120,120,120,sweep,3,1,90916800,90916800,113554528,62
genomic,start,start,balanced,i64,7,1000000,1000000,1,1000000,0,1728543,120,120,120,ordered,3,1,72209700,72209700,80000096,24
genomic,start,start,balanced,i64,7,1000000,1000000,1,1000000,0,1728543,120,120,120,binary,4,1,182107900,182107900,83108960,42
genomic,start,start,balanced,i64,7,1000000,1000000,1,1000000,0,1728543,120,120,120,sweep,4,1,115559300,115559300,113554528,62
genomic,start,start,balanced,i64,7,1000000,1000000,1,1000000,0,1728543,120,120,120,ordered,4,1,87887600,87887600,80000096,24
genomic,start,start,balanced,i64,7,1000000,1000000,1,1000000,0,1728543,120,120,120,hybrid,4,1,73044500,73044500,80000096,24
genomic,start,start,balanced,i64,41,1000000,1000000,1,1000000,0,1728652,120,120,120,binary,0,1,192834500,192834500,83108960,42
genomic,start,start,balanced,i64,41,1000000,1000000,1,1000000,0,1728652,120,120,120,sweep,0,1,110151000,110151000,113554528,62
genomic,start,start,balanced,i64,41,1000000,1000000,1,1000000,0,1728652,120,120,120,ordered,0,1,88708700,88708700,80000096,24
genomic,start,start,balanced,i64,41,1000000,1000000,1,1000000,0,1728652,120,120,120,hybrid,0,1,81289500,81289500,80000096,24
genomic,start,start,balanced,i64,41,1000000,1000000,1,1000000,0,1728652,120,120,120,sweep,1,1,100190300,100190300,113554528,62
genomic,start,start,balanced,i64,41,1000000,1000000,1,1000000,0,1728652,120,120,120,ordered,1,1,71619600,71619600,80000096,24
genomic,start,start,balanced,i64,41,1000000,1000000,1,1000000,0,1728652,120,120,120,hybrid,1,1,72018200,72018200,80000096,24
genomic,start,start,balanced,i64,41,1000000,1000000,1,1000000,0,1728652,120,120,120,binary,1,1,148047200,148047200,83108960,42
genomic,start,start,balanced,i64,41,1000000,1000000,1,1000000,0,1728652,120,120,120,ordered,2,1,87432000,87432000,80000096,24
genomic,start,start,balanced,i64,41,1000000,1000000,1,1000000,0,1728652,120,120,120,hybrid,2,1,89060400,89060400,80000096,24
genomic,start,start,balanced,i64,41,1000000,1000000,1,1000000,0,1728652,120,120,120,binary,2,1,153325700,153325700,83108960,42
genomic,start,start,balanced,i64,41,1000000,1000000,1,1000000,0,1728652,120,120,120,sweep,2,1,94138400,94138400,113554528,62
genomic,start,start,balanced,i64,41,1000000,1000000,1,1000000,0,1728652,120,120,120,hybrid,3,1,71395700,71395700,80000096,24
genomic,start,start,balanced,i64,41,1000000,1000000,1,1000000,0,1728652,120,120,120,binary,3,1,175933700,175933700,83108960,42
genomic,start,start,balanced,i64,41,1000000,1000000,1,1000000,0,1728652,120,120,120,sweep,3,1,110714000,110714000,113554528,62
genomic,start,start,balanced,i64,41,1000000,1000000,1,1000000,0,1728652,120,120,120,ordered,3,1,81468200,81468200,80000096,24
genomic,start,start,balanced,i64,41,1000000,1000000,1,1000000,0,1728652,120,120,120,binary,4,1,194078900,194078900,83108960,42
genomic,start,start,balanced,i64,41,1000000,1000000,1,1000000,0,1728652,120,120,120,sweep,4,1,109888200,109888200,113554528,62
genomic,start,start,balanced,i64,41,1000000,1000000,1,1000000,0,1728652,120,120,120,ordered,4,1,71347000,71347000,80000096,24
genomic,start,start,balanced,i64,41,1000000,1000000,1,1000000,0,1728652,120,120,120,hybrid,4,1,74202700,74202700,80000096,24
genomic,start,shuffled,few_queries,i64,7,10000,1000000,1,1000000,0,1728543,2100,2100,2100,binary,0,1,63047500,63047500,32777280,36
genomic,start,shuffled,few_queries,i64,7,10000,1000000,1,1000000,0,1728543,2100,2100,2100,sweep,0,1,58198300,58198300,32777280,50
genomic,start,shuffled,few_queries,i64,7,10000,1000000,1,1000000,0,1728543,2100,2100,2100,ordered,0,1,62417300,62417300,32777280,24
genomic,start,shuffled,few_queries,i64,7,10000,1000000,1,1000000,0,1728543,2100,2100,2100,hybrid,0,1,66370400,66370400,32777280,24
genomic,start,shuffled,few_queries,i64,7,10000,1000000,1,1000000,0,1728543,2100,2100,2100,sweep,1,1,60713800,60713800,32777280,50
genomic,start,shuffled,few_queries,i64,7,10000,1000000,1,1000000,0,1728543,2100,2100,2100,ordered,1,1,62722600,62722600,32777280,24
genomic,start,shuffled,few_queries,i64,7,10000,1000000,1,1000000,0,1728543,2100,2100,2100,hybrid,1,1,62750400,62750400,32777280,24
genomic,start,shuffled,few_queries,i64,7,10000,1000000,1,1000000,0,1728543,2100,2100,2100,binary,1,1,63345600,63345600,32777280,36
genomic,start,shuffled,few_queries,i64,7,10000,1000000,1,1000000,0,1728543,2100,2100,2100,ordered,2,1,62141100,62141100,32777280,24
genomic,start,shuffled,few_queries,i64,7,10000,1000000,1,1000000,0,1728543,2100,2100,2100,hybrid,2,1,62525600,62525600,32777280,24
genomic,start,shuffled,few_queries,i64,7,10000,1000000,1,1000000,0,1728543,2100,2100,2100,binary,2,1,72447900,72447900,32777280,36
genomic,start,shuffled,few_queries,i64,7,10000,1000000,1,1000000,0,1728543,2100,2100,2100,sweep,2,1,60171900,60171900,32777280,50
genomic,start,shuffled,few_queries,i64,7,10000,1000000,1,1000000,0,1728543,2100,2100,2100,hybrid,3,1,68110600,68110600,32777280,24
genomic,start,shuffled,few_queries,i64,7,10000,1000000,1,1000000,0,1728543,2100,2100,2100,binary,3,1,69591300,69591300,32777280,36
genomic,start,shuffled,few_queries,i64,7,10000,1000000,1,1000000,0,1728543,2100,2100,2100,sweep,3,1,72030800,72030800,32777280,50
genomic,start,shuffled,few_queries,i64,7,10000,1000000,1,1000000,0,1728543,2100,2100,2100,ordered,3,1,76482400,76482400,32777280,24
genomic,start,shuffled,few_queries,i64,7,10000,1000000,1,1000000,0,1728543,2100,2100,2100,binary,4,1,64259400,64259400,32777280,36
genomic,start,shuffled,few_queries,i64,7,10000,1000000,1,1000000,0,1728543,2100,2100,2100,sweep,4,1,58174000,58174000,32777280,50
genomic,start,shuffled,few_queries,i64,7,10000,1000000,1,1000000,0,1728543,2100,2100,2100,ordered,4,1,61991900,61991900,32777280,24
genomic,start,shuffled,few_queries,i64,7,10000,1000000,1,1000000,0,1728543,2100,2100,2100,hybrid,4,1,62240200,62240200,32777280,24
genomic,start,shuffled,few_queries,i64,41,10000,1000000,1,1000000,0,1728652,2100,2100,2100,binary,0,1,62703300,62703300,32777280,36
genomic,start,shuffled,few_queries,i64,41,10000,1000000,1,1000000,0,1728652,2100,2100,2100,sweep,0,1,58416600,58416600,32777280,50
genomic,start,shuffled,few_queries,i64,41,10000,1000000,1,1000000,0,1728652,2100,2100,2100,ordered,0,1,63481400,63481400,32777280,24
genomic,start,shuffled,few_queries,i64,41,10000,1000000,1,1000000,0,1728652,2100,2100,2100,hybrid,0,1,62746000,62746000,32777280,24
genomic,start,shuffled,few_queries,i64,41,10000,1000000,1,1000000,0,1728652,2100,2100,2100,sweep,1,1,58464100,58464100,32777280,50
genomic,start,shuffled,few_queries,i64,41,10000,1000000,1,1000000,0,1728652,2100,2100,2100,ordered,1,1,62513900,62513900,32777280,24
genomic,start,shuffled,few_queries,i64,41,10000,1000000,1,1000000,0,1728652,2100,2100,2100,hybrid,1,1,63630000,63630000,32777280,24
genomic,start,shuffled,few_queries,i64,41,10000,1000000,1,1000000,0,1728652,2100,2100,2100,binary,1,1,63233900,63233900,32777280,36
genomic,start,shuffled,few_queries,i64,41,10000,1000000,1,1000000,0,1728652,2100,2100,2100,ordered,2,1,75253500,75253500,32777280,24
genomic,start,shuffled,few_queries,i64,41,10000,1000000,1,1000000,0,1728652,2100,2100,2100,hybrid,2,1,74007300,74007300,32777280,24
genomic,start,shuffled,few_queries,i64,41,10000,1000000,1,1000000,0,1728652,2100,2100,2100,binary,2,1,62716900,62716900,32777280,36
genomic,start,shuffled,few_queries,i64,41,10000,1000000,1,1000000,0,1728652,2100,2100,2100,sweep,2,1,60692200,60692200,32777280,50
genomic,start,shuffled,few_queries,i64,41,10000,1000000,1,1000000,0,1728652,2100,2100,2100,hybrid,3,1,74816200,74816200,32777280,24
genomic,start,shuffled,few_queries,i64,41,10000,1000000,1,1000000,0,1728652,2100,2100,2100,binary,3,1,77194700,77194700,32777280,36
genomic,start,shuffled,few_queries,i64,41,10000,1000000,1,1000000,0,1728652,2100,2100,2100,sweep,3,1,58977900,58977900,32777280,50
genomic,start,shuffled,few_queries,i64,41,10000,1000000,1,1000000,0,1728652,2100,2100,2100,ordered,3,1,63548800,63548800,32777280,24
genomic,start,shuffled,few_queries,i64,41,10000,1000000,1,1000000,0,1728652,2100,2100,2100,binary,4,1,65877400,65877400,32777280,36
genomic,start,shuffled,few_queries,i64,41,10000,1000000,1,1000000,0,1728652,2100,2100,2100,sweep,4,1,61550900,61550900,32777280,50
genomic,start,shuffled,few_queries,i64,41,10000,1000000,1,1000000,0,1728652,2100,2100,2100,ordered,4,1,65851600,65851600,32777280,24
genomic,start,shuffled,few_queries,i64,41,10000,1000000,1,1000000,0,1728652,2100,2100,2100,hybrid,4,1,63349500,63349500,32777280,24
genomic,start,shuffled,many_queries,i64,7,1000000,10000,1,10000,0,17356,102,102,102,binary,0,1,91695600,91695600,67268960,36
genomic,start,shuffled,many_queries,i64,7,1000000,10000,1,10000,0,17356,102,102,102,sweep,0,1,55835700,55835700,97714528,56
genomic,start,shuffled,many_queries,i64,7,1000000,10000,1,10000,0,17356,102,102,102,ordered,0,1,38916500,38916500,64160096,18
genomic,start,shuffled,many_queries,i64,7,1000000,10000,1,10000,0,17356,102,102,102,hybrid,0,1,42350000,42350000,64160096,18
genomic,start,shuffled,many_queries,i64,7,1000000,10000,1,10000,0,17356,102,102,102,sweep,1,1,68817100,68817100,97714528,56
genomic,start,shuffled,many_queries,i64,7,1000000,10000,1,10000,0,17356,102,102,102,ordered,1,1,42959400,42959400,64160096,18
genomic,start,shuffled,many_queries,i64,7,1000000,10000,1,10000,0,17356,102,102,102,hybrid,1,1,43724500,43724500,64160096,18
genomic,start,shuffled,many_queries,i64,7,1000000,10000,1,10000,0,17356,102,102,102,binary,1,1,111534800,111534800,67268960,36
genomic,start,shuffled,many_queries,i64,7,1000000,10000,1,10000,0,17356,102,102,102,ordered,2,1,33303300,33303300,64160096,18
genomic,start,shuffled,many_queries,i64,7,1000000,10000,1,10000,0,17356,102,102,102,hybrid,2,1,32965100,32965100,64160096,18
genomic,start,shuffled,many_queries,i64,7,1000000,10000,1,10000,0,17356,102,102,102,binary,2,1,91046300,91046300,67268960,36
genomic,start,shuffled,many_queries,i64,7,1000000,10000,1,10000,0,17356,102,102,102,sweep,2,1,60384800,60384800,97714528,56
genomic,start,shuffled,many_queries,i64,7,1000000,10000,1,10000,0,17356,102,102,102,hybrid,3,1,33377900,33377900,64160096,18
genomic,start,shuffled,many_queries,i64,7,1000000,10000,1,10000,0,17356,102,102,102,binary,3,1,90900800,90900800,67268960,36
genomic,start,shuffled,many_queries,i64,7,1000000,10000,1,10000,0,17356,102,102,102,sweep,3,1,55763400,55763400,97714528,56
genomic,start,shuffled,many_queries,i64,7,1000000,10000,1,10000,0,17356,102,102,102,ordered,3,1,35195600,35195600,64160096,18
genomic,start,shuffled,many_queries,i64,7,1000000,10000,1,10000,0,17356,102,102,102,binary,4,1,94318100,94318100,67268960,36
genomic,start,shuffled,many_queries,i64,7,1000000,10000,1,10000,0,17356,102,102,102,sweep,4,1,55758800,55758800,97714528,56
genomic,start,shuffled,many_queries,i64,7,1000000,10000,1,10000,0,17356,102,102,102,ordered,4,1,33155100,33155100,64160096,18
genomic,start,shuffled,many_queries,i64,7,1000000,10000,1,10000,0,17356,102,102,102,hybrid,4,1,32649800,32649800,64160096,18
genomic,start,shuffled,many_queries,i64,41,1000000,10000,1,10000,0,17316,102,102,102,binary,0,1,91777900,91777900,67268960,36
genomic,start,shuffled,many_queries,i64,41,1000000,10000,1,10000,0,17316,102,102,102,sweep,0,1,56149000,56149000,97714528,56
genomic,start,shuffled,many_queries,i64,41,1000000,10000,1,10000,0,17316,102,102,102,ordered,0,1,33753600,33753600,64160096,18
genomic,start,shuffled,many_queries,i64,41,1000000,10000,1,10000,0,17316,102,102,102,hybrid,0,1,33384900,33384900,64160096,18
genomic,start,shuffled,many_queries,i64,41,1000000,10000,1,10000,0,17316,102,102,102,sweep,1,1,55971500,55971500,97714528,56
genomic,start,shuffled,many_queries,i64,41,1000000,10000,1,10000,0,17316,102,102,102,ordered,1,1,33717900,33717900,64160096,18
genomic,start,shuffled,many_queries,i64,41,1000000,10000,1,10000,0,17316,102,102,102,hybrid,1,1,33755000,33755000,64160096,18
genomic,start,shuffled,many_queries,i64,41,1000000,10000,1,10000,0,17316,102,102,102,binary,1,1,92199500,92199500,67268960,36
genomic,start,shuffled,many_queries,i64,41,1000000,10000,1,10000,0,17316,102,102,102,ordered,2,1,41778800,41778800,64160096,18
genomic,start,shuffled,many_queries,i64,41,1000000,10000,1,10000,0,17316,102,102,102,hybrid,2,1,33894200,33894200,64160096,18
genomic,start,shuffled,many_queries,i64,41,1000000,10000,1,10000,0,17316,102,102,102,binary,2,1,112516500,112516500,67268960,36
genomic,start,shuffled,many_queries,i64,41,1000000,10000,1,10000,0,17316,102,102,102,sweep,2,1,60111800,60111800,97714528,56
genomic,start,shuffled,many_queries,i64,41,1000000,10000,1,10000,0,17316,102,102,102,hybrid,3,1,35719400,35719400,64160096,18
genomic,start,shuffled,many_queries,i64,41,1000000,10000,1,10000,0,17316,102,102,102,binary,3,1,113519800,113519800,67268960,36
genomic,start,shuffled,many_queries,i64,41,1000000,10000,1,10000,0,17316,102,102,102,sweep,3,1,68326400,68326400,97714528,56
genomic,start,shuffled,many_queries,i64,41,1000000,10000,1,10000,0,17316,102,102,102,ordered,3,1,42257700,42257700,64160096,18
genomic,start,shuffled,many_queries,i64,41,1000000,10000,1,10000,0,17316,102,102,102,binary,4,1,91346500,91346500,67268960,36
genomic,start,shuffled,many_queries,i64,41,1000000,10000,1,10000,0,17316,102,102,102,sweep,4,1,56213200,56213200,97714528,56
genomic,start,shuffled,many_queries,i64,41,1000000,10000,1,10000,0,17316,102,102,102,ordered,4,1,33653700,33653700,64160096,18
genomic,start,shuffled,many_queries,i64,41,1000000,10000,1,10000,0,17316,102,102,102,hybrid,4,1,42908000,42908000,64160096,18
genomic,shuffled,shuffled,balanced,i64,7,1000000,1000000,1,1000000,0,1728543,120,120,120,binary,0,1,542938800,542938800,83108960,42
genomic,shuffled,shuffled,balanced,i64,7,1000000,1000000,1,1000000,0,1728543,120,120,120,sweep,0,1,303696900,303696900,113554528,62
genomic,shuffled,shuffled,balanced,i64,7,1000000,1000000,1,1000000,0,1728543,120,120,120,ordered,0,1,543228900,543228900,80000096,24
genomic,shuffled,shuffled,balanced,i64,7,1000000,1000000,1,1000000,0,1728543,120,120,120,hybrid,0,1,543965800,543965800,80000096,24
genomic,shuffled,shuffled,balanced,i64,7,1000000,1000000,1,1000000,0,1728543,120,120,120,sweep,1,1,297621800,297621800,113554528,62
genomic,shuffled,shuffled,balanced,i64,7,1000000,1000000,1,1000000,0,1728543,120,120,120,ordered,1,1,535322400,535322400,80000096,24
genomic,shuffled,shuffled,balanced,i64,7,1000000,1000000,1,1000000,0,1728543,120,120,120,hybrid,1,1,521706100,521706100,80000096,24
genomic,shuffled,shuffled,balanced,i64,7,1000000,1000000,1,1000000,0,1728543,120,120,120,binary,1,1,607377600,607377600,83108960,42
genomic,shuffled,shuffled,balanced,i64,7,1000000,1000000,1,1000000,0,1728543,120,120,120,ordered,2,1,598402100,598402100,80000096,24
genomic,shuffled,shuffled,balanced,i64,7,1000000,1000000,1,1000000,0,1728543,120,120,120,hybrid,2,1,548748000,548748000,80000096,24
genomic,shuffled,shuffled,balanced,i64,7,1000000,1000000,1,1000000,0,1728543,120,120,120,binary,2,1,532314600,532314600,83108960,42
genomic,shuffled,shuffled,balanced,i64,7,1000000,1000000,1,1000000,0,1728543,120,120,120,sweep,2,1,315330500,315330500,113554528,62
genomic,shuffled,shuffled,balanced,i64,7,1000000,1000000,1,1000000,0,1728543,120,120,120,hybrid,3,1,515068500,515068500,80000096,24
genomic,shuffled,shuffled,balanced,i64,7,1000000,1000000,1,1000000,0,1728543,120,120,120,binary,3,1,549839300,549839300,83108960,42
genomic,shuffled,shuffled,balanced,i64,7,1000000,1000000,1,1000000,0,1728543,120,120,120,sweep,3,1,324203300,324203300,113554528,62
genomic,shuffled,shuffled,balanced,i64,7,1000000,1000000,1,1000000,0,1728543,120,120,120,ordered,3,1,548829600,548829600,80000096,24
genomic,shuffled,shuffled,balanced,i64,7,1000000,1000000,1,1000000,0,1728543,120,120,120,binary,4,1,610808500,610808500,83108960,42
genomic,shuffled,shuffled,balanced,i64,7,1000000,1000000,1,1000000,0,1728543,120,120,120,sweep,4,1,308192900,308192900,113554528,62
genomic,shuffled,shuffled,balanced,i64,7,1000000,1000000,1,1000000,0,1728543,120,120,120,ordered,4,1,525282800,525282800,80000096,24
genomic,shuffled,shuffled,balanced,i64,7,1000000,1000000,1,1000000,0,1728543,120,120,120,hybrid,4,1,506636700,506636700,80000096,24
genomic,shuffled,shuffled,balanced,i64,41,1000000,1000000,1,1000000,0,1728652,120,120,120,binary,0,1,603250400,603250400,83108960,42
genomic,shuffled,shuffled,balanced,i64,41,1000000,1000000,1,1000000,0,1728652,120,120,120,sweep,0,1,320076600,320076600,113554528,62
genomic,shuffled,shuffled,balanced,i64,41,1000000,1000000,1,1000000,0,1728652,120,120,120,ordered,0,1,506996800,506996800,80000096,24
genomic,shuffled,shuffled,balanced,i64,41,1000000,1000000,1,1000000,0,1728652,120,120,120,hybrid,0,1,556037700,556037700,80000096,24
genomic,shuffled,shuffled,balanced,i64,41,1000000,1000000,1,1000000,0,1728652,120,120,120,sweep,1,1,287650900,287650900,113554528,62
genomic,shuffled,shuffled,balanced,i64,41,1000000,1000000,1,1000000,0,1728652,120,120,120,ordered,1,1,515699900,515699900,80000096,24
genomic,shuffled,shuffled,balanced,i64,41,1000000,1000000,1,1000000,0,1728652,120,120,120,hybrid,1,1,502464200,502464200,80000096,24
genomic,shuffled,shuffled,balanced,i64,41,1000000,1000000,1,1000000,0,1728652,120,120,120,binary,1,1,562112000,562112000,83108960,42
genomic,shuffled,shuffled,balanced,i64,41,1000000,1000000,1,1000000,0,1728652,120,120,120,ordered,2,1,563116700,563116700,80000096,24
genomic,shuffled,shuffled,balanced,i64,41,1000000,1000000,1,1000000,0,1728652,120,120,120,hybrid,2,1,608055200,608055200,80000096,24
genomic,shuffled,shuffled,balanced,i64,41,1000000,1000000,1,1000000,0,1728652,120,120,120,binary,2,1,621963200,621963200,83108960,42
genomic,shuffled,shuffled,balanced,i64,41,1000000,1000000,1,1000000,0,1728652,120,120,120,sweep,2,1,324287600,324287600,113554528,62
genomic,shuffled,shuffled,balanced,i64,41,1000000,1000000,1,1000000,0,1728652,120,120,120,hybrid,3,1,542976400,542976400,80000096,24
genomic,shuffled,shuffled,balanced,i64,41,1000000,1000000,1,1000000,0,1728652,120,120,120,binary,3,1,648216000,648216000,83108960,42
genomic,shuffled,shuffled,balanced,i64,41,1000000,1000000,1,1000000,0,1728652,120,120,120,sweep,3,1,307604600,307604600,113554528,62
genomic,shuffled,shuffled,balanced,i64,41,1000000,1000000,1,1000000,0,1728652,120,120,120,ordered,3,1,556520400,556520400,80000096,24
genomic,shuffled,shuffled,balanced,i64,41,1000000,1000000,1,1000000,0,1728652,120,120,120,binary,4,1,658679300,658679300,83108960,42
genomic,shuffled,shuffled,balanced,i64,41,1000000,1000000,1,1000000,0,1728652,120,120,120,sweep,4,1,310332100,310332100,113554528,62
genomic,shuffled,shuffled,balanced,i64,41,1000000,1000000,1,1000000,0,1728652,120,120,120,ordered,4,1,568862000,568862000,80000096,24
genomic,shuffled,shuffled,balanced,i64,41,1000000,1000000,1,1000000,0,1728652,120,120,120,hybrid,4,1,535135100,535135100,80000096,24
genomic,partial,reverse,balanced,i64,7,1000000,1000000,1,1000000,0,1728543,120,120,120,binary,0,1,191632800,191632800,83108960,42
genomic,partial,reverse,balanced,i64,7,1000000,1000000,1,1000000,0,1728543,120,120,120,sweep,0,1,206258700,206258700,113554528,62
genomic,partial,reverse,balanced,i64,7,1000000,1000000,1,1000000,0,1728543,120,120,120,ordered,0,1,126993200,126993200,80000096,24
genomic,partial,reverse,balanced,i64,7,1000000,1000000,1,1000000,0,1728543,120,120,120,hybrid,0,1,126097100,126097100,80000096,24
genomic,partial,reverse,balanced,i64,7,1000000,1000000,1,1000000,0,1728543,120,120,120,sweep,1,1,185955700,185955700,113554528,62
genomic,partial,reverse,balanced,i64,7,1000000,1000000,1,1000000,0,1728543,120,120,120,ordered,1,1,139692800,139692800,80000096,24
genomic,partial,reverse,balanced,i64,7,1000000,1000000,1,1000000,0,1728543,120,120,120,hybrid,1,1,125202800,125202800,80000096,24
genomic,partial,reverse,balanced,i64,7,1000000,1000000,1,1000000,0,1728543,120,120,120,binary,1,1,179995600,179995600,83108960,42
genomic,partial,reverse,balanced,i64,7,1000000,1000000,1,1000000,0,1728543,120,120,120,ordered,2,1,161960400,161960400,80000096,24
genomic,partial,reverse,balanced,i64,7,1000000,1000000,1,1000000,0,1728543,120,120,120,hybrid,2,1,131795400,131795400,80000096,24
genomic,partial,reverse,balanced,i64,7,1000000,1000000,1,1000000,0,1728543,120,120,120,binary,2,1,166414100,166414100,83108960,42
genomic,partial,reverse,balanced,i64,7,1000000,1000000,1,1000000,0,1728543,120,120,120,sweep,2,1,184833700,184833700,113554528,62
genomic,partial,reverse,balanced,i64,7,1000000,1000000,1,1000000,0,1728543,120,120,120,hybrid,3,1,137529900,137529900,80000096,24
genomic,partial,reverse,balanced,i64,7,1000000,1000000,1,1000000,0,1728543,120,120,120,binary,3,1,150116900,150116900,83108960,42
genomic,partial,reverse,balanced,i64,7,1000000,1000000,1,1000000,0,1728543,120,120,120,sweep,3,1,181234500,181234500,113554528,62
genomic,partial,reverse,balanced,i64,7,1000000,1000000,1,1000000,0,1728543,120,120,120,ordered,3,1,143929500,143929500,80000096,24
genomic,partial,reverse,balanced,i64,7,1000000,1000000,1,1000000,0,1728543,120,120,120,binary,4,1,161043300,161043300,83108960,42
genomic,partial,reverse,balanced,i64,7,1000000,1000000,1,1000000,0,1728543,120,120,120,sweep,4,1,198694200,198694200,113554528,62
genomic,partial,reverse,balanced,i64,7,1000000,1000000,1,1000000,0,1728543,120,120,120,ordered,4,1,163317600,163317600,80000096,24
genomic,partial,reverse,balanced,i64,7,1000000,1000000,1,1000000,0,1728543,120,120,120,hybrid,4,1,146737900,146737900,80000096,24
genomic,partial,reverse,balanced,i64,41,1000000,1000000,1,1000000,0,1728652,120,120,120,binary,0,1,149799400,149799400,83108960,42
genomic,partial,reverse,balanced,i64,41,1000000,1000000,1,1000000,0,1728652,120,120,120,sweep,0,1,206433700,206433700,113554528,62
genomic,partial,reverse,balanced,i64,41,1000000,1000000,1,1000000,0,1728652,120,120,120,ordered,0,1,127455500,127455500,80000096,24
genomic,partial,reverse,balanced,i64,41,1000000,1000000,1,1000000,0,1728652,120,120,120,hybrid,0,1,128252500,128252500,80000096,24
genomic,partial,reverse,balanced,i64,41,1000000,1000000,1,1000000,0,1728652,120,120,120,sweep,1,1,187695100,187695100,113554528,62
genomic,partial,reverse,balanced,i64,41,1000000,1000000,1,1000000,0,1728652,120,120,120,ordered,1,1,164752000,164752000,80000096,24
genomic,partial,reverse,balanced,i64,41,1000000,1000000,1,1000000,0,1728652,120,120,120,hybrid,1,1,162024300,162024300,80000096,24
genomic,partial,reverse,balanced,i64,41,1000000,1000000,1,1000000,0,1728652,120,120,120,binary,1,1,184217900,184217900,83108960,42
genomic,partial,reverse,balanced,i64,41,1000000,1000000,1,1000000,0,1728652,120,120,120,ordered,2,1,126723100,126723100,80000096,24
genomic,partial,reverse,balanced,i64,41,1000000,1000000,1,1000000,0,1728652,120,120,120,hybrid,2,1,126532100,126532100,80000096,24
genomic,partial,reverse,balanced,i64,41,1000000,1000000,1,1000000,0,1728652,120,120,120,binary,2,1,152180300,152180300,83108960,42
genomic,partial,reverse,balanced,i64,41,1000000,1000000,1,1000000,0,1728652,120,120,120,sweep,2,1,206370200,206370200,113554528,62
genomic,partial,reverse,balanced,i64,41,1000000,1000000,1,1000000,0,1728652,120,120,120,hybrid,3,1,163080300,163080300,80000096,24
genomic,partial,reverse,balanced,i64,41,1000000,1000000,1,1000000,0,1728652,120,120,120,binary,3,1,158274900,158274900,83108960,42
genomic,partial,reverse,balanced,i64,41,1000000,1000000,1,1000000,0,1728652,120,120,120,sweep,3,1,181614400,181614400,113554528,62
genomic,partial,reverse,balanced,i64,41,1000000,1000000,1,1000000,0,1728652,120,120,120,ordered,3,1,162823600,162823600,80000096,24
genomic,partial,reverse,balanced,i64,41,1000000,1000000,1,1000000,0,1728652,120,120,120,binary,4,1,187400100,187400100,83108960,42
genomic,partial,reverse,balanced,i64,41,1000000,1000000,1,1000000,0,1728652,120,120,120,sweep,4,1,210976200,210976200,113554528,62
genomic,partial,reverse,balanced,i64,41,1000000,1000000,1,1000000,0,1728652,120,120,120,ordered,4,1,133917600,133917600,80000096,24
genomic,partial,reverse,balanced,i64,41,1000000,1000000,1,1000000,0,1728652,120,120,120,hybrid,4,1,155823200,155823200,80000096,24
genomic,shuffled,shuffled,few_queries,i64,7,10000,1000000,1,1000000,0,1728543,2100,2100,2100,binary,0,1,64000700,64000700,32777280,36
genomic,shuffled,shuffled,few_queries,i64,7,10000,1000000,1,1000000,0,1728543,2100,2100,2100,sweep,0,1,71636500,71636500,32777280,50
genomic,shuffled,shuffled,few_queries,i64,7,10000,1000000,1,1000000,0,1728543,2100,2100,2100,ordered,0,1,79464800,79464800,32777280,24
genomic,shuffled,shuffled,few_queries,i64,7,10000,1000000,1,1000000,0,1728543,2100,2100,2100,hybrid,0,1,80952500,80952500,32777280,24
genomic,shuffled,shuffled,few_queries,i64,7,10000,1000000,1,1000000,0,1728543,2100,2100,2100,sweep,1,1,63761500,63761500,32777280,50
genomic,shuffled,shuffled,few_queries,i64,7,10000,1000000,1,1000000,0,1728543,2100,2100,2100,ordered,1,1,79035200,79035200,32777280,24
genomic,shuffled,shuffled,few_queries,i64,7,10000,1000000,1,1000000,0,1728543,2100,2100,2100,hybrid,1,1,79813300,79813300,32777280,24
genomic,shuffled,shuffled,few_queries,i64,7,10000,1000000,1,1000000,0,1728543,2100,2100,2100,binary,1,1,81383800,81383800,32777280,36
genomic,shuffled,shuffled,few_queries,i64,7,10000,1000000,1,1000000,0,1728543,2100,2100,2100,ordered,2,1,80197600,80197600,32777280,24
genomic,shuffled,shuffled,few_queries,i64,7,10000,1000000,1,1000000,0,1728543,2100,2100,2100,hybrid,2,1,80117900,80117900,32777280,24
genomic,shuffled,shuffled,few_queries,i64,7,10000,1000000,1,1000000,0,1728543,2100,2100,2100,binary,2,1,80374500,80374500,32777280,36
genomic,shuffled,shuffled,few_queries,i64,7,10000,1000000,1,1000000,0,1728543,2100,2100,2100,sweep,2,1,73162100,73162100,32777280,50
genomic,shuffled,shuffled,few_queries,i64,7,10000,1000000,1,1000000,0,1728543,2100,2100,2100,hybrid,3,1,80887600,80887600,32777280,24
genomic,shuffled,shuffled,few_queries,i64,7,10000,1000000,1,1000000,0,1728543,2100,2100,2100,binary,3,1,80220100,80220100,32777280,36
genomic,shuffled,shuffled,few_queries,i64,7,10000,1000000,1,1000000,0,1728543,2100,2100,2100,sweep,3,1,73019400,73019400,32777280,50
genomic,shuffled,shuffled,few_queries,i64,7,10000,1000000,1,1000000,0,1728543,2100,2100,2100,ordered,3,1,80292200,80292200,32777280,24
genomic,shuffled,shuffled,few_queries,i64,7,10000,1000000,1,1000000,0,1728543,2100,2100,2100,binary,4,1,80637200,80637200,32777280,36
genomic,shuffled,shuffled,few_queries,i64,7,10000,1000000,1,1000000,0,1728543,2100,2100,2100,sweep,4,1,73031400,73031400,32777280,50
genomic,shuffled,shuffled,few_queries,i64,7,10000,1000000,1,1000000,0,1728543,2100,2100,2100,ordered,4,1,80114300,80114300,32777280,24
genomic,shuffled,shuffled,few_queries,i64,7,10000,1000000,1,1000000,0,1728543,2100,2100,2100,hybrid,4,1,80179200,80179200,32777280,24
genomic,shuffled,shuffled,few_queries,i64,41,10000,1000000,1,1000000,0,1728652,2100,2100,2100,binary,0,1,66297900,66297900,32777280,36
genomic,shuffled,shuffled,few_queries,i64,41,10000,1000000,1,1000000,0,1728652,2100,2100,2100,sweep,0,1,58823600,58823600,32777280,50
genomic,shuffled,shuffled,few_queries,i64,41,10000,1000000,1,1000000,0,1728652,2100,2100,2100,ordered,0,1,63580200,63580200,32777280,24
genomic,shuffled,shuffled,few_queries,i64,41,10000,1000000,1,1000000,0,1728652,2100,2100,2100,hybrid,0,1,80765100,80765100,32777280,24
genomic,shuffled,shuffled,few_queries,i64,41,10000,1000000,1,1000000,0,1728652,2100,2100,2100,sweep,1,1,72870600,72870600,32777280,50
genomic,shuffled,shuffled,few_queries,i64,41,10000,1000000,1,1000000,0,1728652,2100,2100,2100,ordered,1,1,73755100,73755100,32777280,24
genomic,shuffled,shuffled,few_queries,i64,41,10000,1000000,1,1000000,0,1728652,2100,2100,2100,hybrid,1,1,64892700,64892700,32777280,24
genomic,shuffled,shuffled,few_queries,i64,41,10000,1000000,1,1000000,0,1728652,2100,2100,2100,binary,1,1,65386100,65386100,32777280,36
genomic,shuffled,shuffled,few_queries,i64,41,10000,1000000,1,1000000,0,1728652,2100,2100,2100,ordered,2,1,67121400,67121400,32777280,24
genomic,shuffled,shuffled,few_queries,i64,41,10000,1000000,1,1000000,0,1728652,2100,2100,2100,hybrid,2,1,64039000,64039000,32777280,24
genomic,shuffled,shuffled,few_queries,i64,41,10000,1000000,1,1000000,0,1728652,2100,2100,2100,binary,2,1,63807000,63807000,32777280,36
genomic,shuffled,shuffled,few_queries,i64,41,10000,1000000,1,1000000,0,1728652,2100,2100,2100,sweep,2,1,71042000,71042000,32777280,50
genomic,shuffled,shuffled,few_queries,i64,41,10000,1000000,1,1000000,0,1728652,2100,2100,2100,hybrid,3,1,79037700,79037700,32777280,24
genomic,shuffled,shuffled,few_queries,i64,41,10000,1000000,1,1000000,0,1728652,2100,2100,2100,binary,3,1,71124700,71124700,32777280,36
genomic,shuffled,shuffled,few_queries,i64,41,10000,1000000,1,1000000,0,1728652,2100,2100,2100,sweep,3,1,58555700,58555700,32777280,50
genomic,shuffled,shuffled,few_queries,i64,41,10000,1000000,1,1000000,0,1728652,2100,2100,2100,ordered,3,1,63965100,63965100,32777280,24
genomic,shuffled,shuffled,few_queries,i64,41,10000,1000000,1,1000000,0,1728652,2100,2100,2100,binary,4,1,64809100,64809100,32777280,36
genomic,shuffled,shuffled,few_queries,i64,41,10000,1000000,1,1000000,0,1728652,2100,2100,2100,sweep,4,1,60091100,60091100,32777280,50
genomic,shuffled,shuffled,few_queries,i64,41,10000,1000000,1,1000000,0,1728652,2100,2100,2100,ordered,4,1,63706400,63706400,32777280,24
genomic,shuffled,shuffled,few_queries,i64,41,10000,1000000,1,1000000,0,1728652,2100,2100,2100,hybrid,4,1,64215000,64215000,32777280,24
genomic,shuffled,shuffled,many_queries,i64,7,1000000,10000,1,10000,0,17356,102,102,102,binary,0,1,152956100,152956100,67268960,36
genomic,shuffled,shuffled,many_queries,i64,7,1000000,10000,1,10000,0,17356,102,102,102,sweep,0,1,216019800,216019800,97714528,56
genomic,shuffled,shuffled,many_queries,i64,7,1000000,10000,1,10000,0,17356,102,102,102,ordered,0,1,120972900,120972900,64160096,18
genomic,shuffled,shuffled,many_queries,i64,7,1000000,10000,1,10000,0,17356,102,102,102,hybrid,0,1,100249900,100249900,64160096,18
genomic,shuffled,shuffled,many_queries,i64,7,1000000,10000,1,10000,0,17356,102,102,102,sweep,1,1,214560900,214560900,97714528,56
genomic,shuffled,shuffled,many_queries,i64,7,1000000,10000,1,10000,0,17356,102,102,102,ordered,1,1,80037300,80037300,64160096,18
genomic,shuffled,shuffled,many_queries,i64,7,1000000,10000,1,10000,0,17356,102,102,102,hybrid,1,1,79661700,79661700,64160096,18
genomic,shuffled,shuffled,many_queries,i64,7,1000000,10000,1,10000,0,17356,102,102,102,binary,1,1,110716400,110716400,67268960,36
genomic,shuffled,shuffled,many_queries,i64,7,1000000,10000,1,10000,0,17356,102,102,102,ordered,2,1,80136700,80136700,64160096,18
genomic,shuffled,shuffled,many_queries,i64,7,1000000,10000,1,10000,0,17356,102,102,102,hybrid,2,1,99202300,99202300,64160096,18
genomic,shuffled,shuffled,many_queries,i64,7,1000000,10000,1,10000,0,17356,102,102,102,binary,2,1,129296700,129296700,67268960,36
genomic,shuffled,shuffled,many_queries,i64,7,1000000,10000,1,10000,0,17356,102,102,102,sweep,2,1,210569000,210569000,97714528,56
genomic,shuffled,shuffled,many_queries,i64,7,1000000,10000,1,10000,0,17356,102,102,102,hybrid,3,1,81206300,81206300,64160096,18
genomic,shuffled,shuffled,many_queries,i64,7,1000000,10000,1,10000,0,17356,102,102,102,binary,3,1,124857500,124857500,67268960,36
genomic,shuffled,shuffled,many_queries,i64,7,1000000,10000,1,10000,0,17356,102,102,102,sweep,3,1,240568700,240568700,97714528,56
genomic,shuffled,shuffled,many_queries,i64,7,1000000,10000,1,10000,0,17356,102,102,102,ordered,3,1,120006500,120006500,64160096,18
genomic,shuffled,shuffled,many_queries,i64,7,1000000,10000,1,10000,0,17356,102,102,102,binary,4,1,122840000,122840000,67268960,36
genomic,shuffled,shuffled,many_queries,i64,7,1000000,10000,1,10000,0,17356,102,102,102,sweep,4,1,212803500,212803500,97714528,56
genomic,shuffled,shuffled,many_queries,i64,7,1000000,10000,1,10000,0,17356,102,102,102,ordered,4,1,96191400,96191400,64160096,18
genomic,shuffled,shuffled,many_queries,i64,7,1000000,10000,1,10000,0,17356,102,102,102,hybrid,4,1,101173600,101173600,64160096,18
genomic,shuffled,shuffled,many_queries,i64,41,1000000,10000,1,10000,0,17316,102,102,102,binary,0,1,123183500,123183500,67268960,36
genomic,shuffled,shuffled,many_queries,i64,41,1000000,10000,1,10000,0,17316,102,102,102,sweep,0,1,242182500,242182500,97714528,56
genomic,shuffled,shuffled,many_queries,i64,41,1000000,10000,1,10000,0,17316,102,102,102,ordered,0,1,111776400,111776400,64160096,18
genomic,shuffled,shuffled,many_queries,i64,41,1000000,10000,1,10000,0,17316,102,102,102,hybrid,0,1,80650900,80650900,64160096,18
genomic,shuffled,shuffled,many_queries,i64,41,1000000,10000,1,10000,0,17316,102,102,102,sweep,1,1,215563900,215563900,97714528,56
genomic,shuffled,shuffled,many_queries,i64,41,1000000,10000,1,10000,0,17316,102,102,102,ordered,1,1,84182500,84182500,64160096,18
genomic,shuffled,shuffled,many_queries,i64,41,1000000,10000,1,10000,0,17316,102,102,102,hybrid,1,1,80089900,80089900,64160096,18
genomic,shuffled,shuffled,many_queries,i64,41,1000000,10000,1,10000,0,17316,102,102,102,binary,1,1,146325500,146325500,67268960,36
genomic,shuffled,shuffled,many_queries,i64,41,1000000,10000,1,10000,0,17316,102,102,102,ordered,2,1,122204900,122204900,64160096,18
genomic,shuffled,shuffled,many_queries,i64,41,1000000,10000,1,10000,0,17316,102,102,102,hybrid,2,1,123443300,123443300,64160096,18
genomic,shuffled,shuffled,many_queries,i64,41,1000000,10000,1,10000,0,17316,102,102,102,binary,2,1,136171400,136171400,67268960,36
genomic,shuffled,shuffled,many_queries,i64,41,1000000,10000,1,10000,0,17316,102,102,102,sweep,2,1,219727700,219727700,97714528,56
genomic,shuffled,shuffled,many_queries,i64,41,1000000,10000,1,10000,0,17316,102,102,102,hybrid,3,1,123008800,123008800,64160096,18
genomic,shuffled,shuffled,many_queries,i64,41,1000000,10000,1,10000,0,17316,102,102,102,binary,3,1,110681500,110681500,67268960,36
genomic,shuffled,shuffled,many_queries,i64,41,1000000,10000,1,10000,0,17316,102,102,102,sweep,3,1,209958300,209958300,97714528,56
genomic,shuffled,shuffled,many_queries,i64,41,1000000,10000,1,10000,0,17316,102,102,102,ordered,3,1,79598200,79598200,64160096,18
genomic,shuffled,shuffled,many_queries,i64,41,1000000,10000,1,10000,0,17316,102,102,102,binary,4,1,104152500,104152500,67268960,36
genomic,shuffled,shuffled,many_queries,i64,41,1000000,10000,1,10000,0,17316,102,102,102,sweep,4,1,212545800,212545800,97714528,56
genomic,shuffled,shuffled,many_queries,i64,41,1000000,10000,1,10000,0,17316,102,102,102,ordered,4,1,79199000,79199000,64160096,18
genomic,shuffled,shuffled,many_queries,i64,41,1000000,10000,1,10000,0,17316,102,102,102,hybrid,4,1,80794900,80794900,64160096,18
duplicates,shuffled,shuffled,balanced,i64,7,1000000,1000000,31250,1000000,968750,62500,16,16,16,binary,0,1,735004200,735004200,84133168,55
duplicates,shuffled,shuffled,balanced,i64,7,1000000,1000000,31250,1000000,968750,62500,16,16,16,sweep,0,1,276427500,276427500,114578736,75
duplicates,shuffled,shuffled,balanced,i64,7,1000000,1000000,31250,1000000,968750,62500,16,16,16,ordered,0,1,602423800,602423800,81024304,37
duplicates,shuffled,shuffled,balanced,i64,7,1000000,1000000,31250,1000000,968750,62500,16,16,16,hybrid,0,1,244021100,244021100,114578736,75
duplicates,shuffled,shuffled,balanced,i64,7,1000000,1000000,31250,1000000,968750,62500,16,16,16,sweep,1,1,244866100,244866100,114578736,75
duplicates,shuffled,shuffled,balanced,i64,7,1000000,1000000,31250,1000000,968750,62500,16,16,16,ordered,1,1,652914200,652914200,81024304,37
duplicates,shuffled,shuffled,balanced,i64,7,1000000,1000000,31250,1000000,968750,62500,16,16,16,hybrid,1,1,244265000,244265000,114578736,75
duplicates,shuffled,shuffled,balanced,i64,7,1000000,1000000,31250,1000000,968750,62500,16,16,16,binary,1,1,700507800,700507800,84133168,55
duplicates,shuffled,shuffled,balanced,i64,7,1000000,1000000,31250,1000000,968750,62500,16,16,16,ordered,2,1,689957800,689957800,81024304,37
duplicates,shuffled,shuffled,balanced,i64,7,1000000,1000000,31250,1000000,968750,62500,16,16,16,hybrid,2,1,281031300,281031300,114578736,75
duplicates,shuffled,shuffled,balanced,i64,7,1000000,1000000,31250,1000000,968750,62500,16,16,16,binary,2,1,733345200,733345200,84133168,55
duplicates,shuffled,shuffled,balanced,i64,7,1000000,1000000,31250,1000000,968750,62500,16,16,16,sweep,2,1,279891500,279891500,114578736,75
duplicates,shuffled,shuffled,balanced,i64,7,1000000,1000000,31250,1000000,968750,62500,16,16,16,hybrid,3,1,269309000,269309000,114578736,75
duplicates,shuffled,shuffled,balanced,i64,7,1000000,1000000,31250,1000000,968750,62500,16,16,16,binary,3,1,751983300,751983300,84133168,55
duplicates,shuffled,shuffled,balanced,i64,7,1000000,1000000,31250,1000000,968750,62500,16,16,16,sweep,3,1,269293600,269293600,114578736,75
duplicates,shuffled,shuffled,balanced,i64,7,1000000,1000000,31250,1000000,968750,62500,16,16,16,ordered,3,1,687400800,687400800,81024304,37
duplicates,shuffled,shuffled,balanced,i64,7,1000000,1000000,31250,1000000,968750,62500,16,16,16,binary,4,1,697155700,697155700,84133168,55
duplicates,shuffled,shuffled,balanced,i64,7,1000000,1000000,31250,1000000,968750,62500,16,16,16,sweep,4,1,280671900,280671900,114578736,75
duplicates,shuffled,shuffled,balanced,i64,7,1000000,1000000,31250,1000000,968750,62500,16,16,16,ordered,4,1,791497000,791497000,81024304,37
duplicates,shuffled,shuffled,balanced,i64,7,1000000,1000000,31250,1000000,968750,62500,16,16,16,hybrid,4,1,244689700,244689700,114578736,75
duplicates,shuffled,shuffled,balanced,i64,41,1000000,1000000,31250,1000000,968750,62500,16,16,16,binary,0,1,608348400,608348400,84133168,55
duplicates,shuffled,shuffled,balanced,i64,41,1000000,1000000,31250,1000000,968750,62500,16,16,16,sweep,0,1,241946900,241946900,114578736,75
duplicates,shuffled,shuffled,balanced,i64,41,1000000,1000000,31250,1000000,968750,62500,16,16,16,ordered,0,1,684453200,684453200,81024304,37
duplicates,shuffled,shuffled,balanced,i64,41,1000000,1000000,31250,1000000,968750,62500,16,16,16,hybrid,0,1,260844100,260844100,114578736,75
duplicates,shuffled,shuffled,balanced,i64,41,1000000,1000000,31250,1000000,968750,62500,16,16,16,sweep,1,1,263063600,263063600,114578736,75
duplicates,shuffled,shuffled,balanced,i64,41,1000000,1000000,31250,1000000,968750,62500,16,16,16,ordered,1,1,700523900,700523900,81024304,37
duplicates,shuffled,shuffled,balanced,i64,41,1000000,1000000,31250,1000000,968750,62500,16,16,16,hybrid,1,1,244205700,244205700,114578736,75
duplicates,shuffled,shuffled,balanced,i64,41,1000000,1000000,31250,1000000,968750,62500,16,16,16,binary,1,1,755139900,755139900,84133168,55
duplicates,shuffled,shuffled,balanced,i64,41,1000000,1000000,31250,1000000,968750,62500,16,16,16,ordered,2,1,656676200,656676200,81024304,37
duplicates,shuffled,shuffled,balanced,i64,41,1000000,1000000,31250,1000000,968750,62500,16,16,16,hybrid,2,1,242962100,242962100,114578736,75
duplicates,shuffled,shuffled,balanced,i64,41,1000000,1000000,31250,1000000,968750,62500,16,16,16,binary,2,1,755590000,755590000,84133168,55
duplicates,shuffled,shuffled,balanced,i64,41,1000000,1000000,31250,1000000,968750,62500,16,16,16,sweep,2,1,262586100,262586100,114578736,75
duplicates,shuffled,shuffled,balanced,i64,41,1000000,1000000,31250,1000000,968750,62500,16,16,16,hybrid,3,1,242215800,242215800,114578736,75
duplicates,shuffled,shuffled,balanced,i64,41,1000000,1000000,31250,1000000,968750,62500,16,16,16,binary,3,1,743468300,743468300,84133168,55
duplicates,shuffled,shuffled,balanced,i64,41,1000000,1000000,31250,1000000,968750,62500,16,16,16,sweep,3,1,269441200,269441200,114578736,75
duplicates,shuffled,shuffled,balanced,i64,41,1000000,1000000,31250,1000000,968750,62500,16,16,16,ordered,3,1,784168100,784168100,81024304,37
duplicates,shuffled,shuffled,balanced,i64,41,1000000,1000000,31250,1000000,968750,62500,16,16,16,binary,4,1,793696900,793696900,84133168,55
duplicates,shuffled,shuffled,balanced,i64,41,1000000,1000000,31250,1000000,968750,62500,16,16,16,sweep,4,1,246799600,246799600,114578736,75
duplicates,shuffled,shuffled,balanced,i64,41,1000000,1000000,31250,1000000,968750,62500,16,16,16,ordered,4,1,635446500,635446500,81024304,37
duplicates,shuffled,shuffled,balanced,i64,41,1000000,1000000,31250,1000000,968750,62500,16,16,16,hybrid,4,1,256191300,256191300,114578736,75
touching,start,reverse,balanced,i64,7,1000000,1000000,1,1000000,0,1000001,14,14,14,binary,0,1,155810000,155810000,83108960,42
touching,start,reverse,balanced,i64,7,1000000,1000000,1,1000000,0,1000001,14,14,14,sweep,0,1,91335000,91335000,113554528,62
touching,start,reverse,balanced,i64,7,1000000,1000000,1,1000000,0,1000001,14,14,14,ordered,0,1,62754100,62754100,80000096,24
touching,start,reverse,balanced,i64,7,1000000,1000000,1,1000000,0,1000001,14,14,14,hybrid,0,1,64210900,64210900,80000096,24
touching,start,reverse,balanced,i64,7,1000000,1000000,1,1000000,0,1000001,14,14,14,sweep,1,1,89694800,89694800,113554528,62
touching,start,reverse,balanced,i64,7,1000000,1000000,1,1000000,0,1000001,14,14,14,ordered,1,1,56624900,56624900,80000096,24
touching,start,reverse,balanced,i64,7,1000000,1000000,1,1000000,0,1000001,14,14,14,hybrid,1,1,53345900,53345900,80000096,24
touching,start,reverse,balanced,i64,7,1000000,1000000,1,1000000,0,1000001,14,14,14,binary,1,1,133555300,133555300,83108960,42
touching,start,reverse,balanced,i64,7,1000000,1000000,1,1000000,0,1000001,14,14,14,ordered,2,1,51243500,51243500,80000096,24
touching,start,reverse,balanced,i64,7,1000000,1000000,1,1000000,0,1000001,14,14,14,hybrid,2,1,53329400,53329400,80000096,24
touching,start,reverse,balanced,i64,7,1000000,1000000,1,1000000,0,1000001,14,14,14,binary,2,1,132466100,132466100,83108960,42
touching,start,reverse,balanced,i64,7,1000000,1000000,1,1000000,0,1000001,14,14,14,sweep,2,1,83894200,83894200,113554528,62
touching,start,reverse,balanced,i64,7,1000000,1000000,1,1000000,0,1000001,14,14,14,hybrid,3,1,59572200,59572200,80000096,24
touching,start,reverse,balanced,i64,7,1000000,1000000,1,1000000,0,1000001,14,14,14,binary,3,1,146036100,146036100,83108960,42
touching,start,reverse,balanced,i64,7,1000000,1000000,1,1000000,0,1000001,14,14,14,sweep,3,1,87832000,87832000,113554528,62
touching,start,reverse,balanced,i64,7,1000000,1000000,1,1000000,0,1000001,14,14,14,ordered,3,1,51673600,51673600,80000096,24
touching,start,reverse,balanced,i64,7,1000000,1000000,1,1000000,0,1000001,14,14,14,binary,4,1,158899500,158899500,83108960,42
touching,start,reverse,balanced,i64,7,1000000,1000000,1,1000000,0,1000001,14,14,14,sweep,4,1,91117600,91117600,113554528,62
touching,start,reverse,balanced,i64,7,1000000,1000000,1,1000000,0,1000001,14,14,14,ordered,4,1,51431600,51431600,80000096,24
touching,start,reverse,balanced,i64,7,1000000,1000000,1,1000000,0,1000001,14,14,14,hybrid,4,1,50860800,50860800,80000096,24
touching,start,reverse,balanced,i64,41,1000000,1000000,1,1000000,0,1000001,14,14,14,binary,0,1,135265200,135265200,83108960,42
touching,start,reverse,balanced,i64,41,1000000,1000000,1,1000000,0,1000001,14,14,14,sweep,0,1,74125700,74125700,113554528,62
touching,start,reverse,balanced,i64,41,1000000,1000000,1,1000000,0,1000001,14,14,14,ordered,0,1,60296800,60296800,80000096,24
touching,start,reverse,balanced,i64,41,1000000,1000000,1,1000000,0,1000001,14,14,14,hybrid,0,1,62786000,62786000,80000096,24
touching,start,reverse,balanced,i64,41,1000000,1000000,1,1000000,0,1000001,14,14,14,sweep,1,1,87992800,87992800,113554528,62
touching,start,reverse,balanced,i64,41,1000000,1000000,1,1000000,0,1000001,14,14,14,ordered,1,1,54598000,54598000,80000096,24
touching,start,reverse,balanced,i64,41,1000000,1000000,1,1000000,0,1000001,14,14,14,hybrid,1,1,52899100,52899100,80000096,24
touching,start,reverse,balanced,i64,41,1000000,1000000,1,1000000,0,1000001,14,14,14,binary,1,1,136244200,136244200,83108960,42
touching,start,reverse,balanced,i64,41,1000000,1000000,1,1000000,0,1000001,14,14,14,ordered,2,1,50850200,50850200,80000096,24
touching,start,reverse,balanced,i64,41,1000000,1000000,1,1000000,0,1000001,14,14,14,hybrid,2,1,50464400,50464400,80000096,24
touching,start,reverse,balanced,i64,41,1000000,1000000,1,1000000,0,1000001,14,14,14,binary,2,1,130616000,130616000,83108960,42
touching,start,reverse,balanced,i64,41,1000000,1000000,1,1000000,0,1000001,14,14,14,sweep,2,1,83305500,83305500,113554528,62
touching,start,reverse,balanced,i64,41,1000000,1000000,1,1000000,0,1000001,14,14,14,hybrid,3,1,58046000,58046000,80000096,24
touching,start,reverse,balanced,i64,41,1000000,1000000,1,1000000,0,1000001,14,14,14,binary,3,1,130476100,130476100,83108960,42
touching,start,reverse,balanced,i64,41,1000000,1000000,1,1000000,0,1000001,14,14,14,sweep,3,1,71931300,71931300,113554528,62
touching,start,reverse,balanced,i64,41,1000000,1000000,1,1000000,0,1000001,14,14,14,ordered,3,1,50059700,50059700,80000096,24
touching,start,reverse,balanced,i64,41,1000000,1000000,1,1000000,0,1000001,14,14,14,binary,4,1,127293800,127293800,83108960,42
touching,start,reverse,balanced,i64,41,1000000,1000000,1,1000000,0,1000001,14,14,14,sweep,4,1,70315600,70315600,113554528,62
touching,start,reverse,balanced,i64,41,1000000,1000000,1,1000000,0,1000001,14,14,14,ordered,4,1,49535600,49535600,80000096,24
touching,start,reverse,balanced,i64,41,1000000,1000000,1,1000000,0,1000001,14,14,14,hybrid,4,1,51247500,51247500,80000096,24
one_run,shuffled,shuffled,balanced,i64,7,1000000,1000000,1,1000000,0,2000000,14,14,14,binary,0,1,160189100,160189100,83108960,42
one_run,shuffled,shuffled,balanced,i64,7,1000000,1000000,1,1000000,0,2000000,14,14,14,sweep,0,1,252095000,252095000,113554528,62
one_run,shuffled,shuffled,balanced,i64,7,1000000,1000000,1,1000000,0,2000000,14,14,14,ordered,0,1,140853500,140853500,80000096,24
one_run,shuffled,shuffled,balanced,i64,7,1000000,1000000,1,1000000,0,2000000,14,14,14,hybrid,0,1,139134000,139134000,80000096,24
one_run,shuffled,shuffled,balanced,i64,7,1000000,1000000,1,1000000,0,2000000,14,14,14,sweep,1,1,249480800,249480800,113554528,62
one_run,shuffled,shuffled,balanced,i64,7,1000000,1000000,1,1000000,0,2000000,14,14,14,ordered,1,1,140941500,140941500,80000096,24
one_run,shuffled,shuffled,balanced,i64,7,1000000,1000000,1,1000000,0,2000000,14,14,14,hybrid,1,1,158863400,158863400,80000096,24
one_run,shuffled,shuffled,balanced,i64,7,1000000,1000000,1,1000000,0,2000000,14,14,14,binary,1,1,179300200,179300200,83108960,42
one_run,shuffled,shuffled,balanced,i64,7,1000000,1000000,1,1000000,0,2000000,14,14,14,ordered,2,1,139684800,139684800,80000096,24
one_run,shuffled,shuffled,balanced,i64,7,1000000,1000000,1,1000000,0,2000000,14,14,14,hybrid,2,1,149051500,149051500,80000096,24
one_run,shuffled,shuffled,balanced,i64,7,1000000,1000000,1,1000000,0,2000000,14,14,14,binary,2,1,160427000,160427000,83108960,42
one_run,shuffled,shuffled,balanced,i64,7,1000000,1000000,1,1000000,0,2000000,14,14,14,sweep,2,1,250273100,250273100,113554528,62
one_run,shuffled,shuffled,balanced,i64,7,1000000,1000000,1,1000000,0,2000000,14,14,14,hybrid,3,1,139974800,139974800,80000096,24
one_run,shuffled,shuffled,balanced,i64,7,1000000,1000000,1,1000000,0,2000000,14,14,14,binary,3,1,161594600,161594600,83108960,42
one_run,shuffled,shuffled,balanced,i64,7,1000000,1000000,1,1000000,0,2000000,14,14,14,sweep,3,1,258949700,258949700,113554528,62
one_run,shuffled,shuffled,balanced,i64,7,1000000,1000000,1,1000000,0,2000000,14,14,14,ordered,3,1,142302900,142302900,80000096,24
one_run,shuffled,shuffled,balanced,i64,7,1000000,1000000,1,1000000,0,2000000,14,14,14,binary,4,1,161346600,161346600,83108960,42
one_run,shuffled,shuffled,balanced,i64,7,1000000,1000000,1,1000000,0,2000000,14,14,14,sweep,4,1,251866400,251866400,113554528,62
one_run,shuffled,shuffled,balanced,i64,7,1000000,1000000,1,1000000,0,2000000,14,14,14,ordered,4,1,144824700,144824700,80000096,24
one_run,shuffled,shuffled,balanced,i64,7,1000000,1000000,1,1000000,0,2000000,14,14,14,hybrid,4,1,153321500,153321500,80000096,24
one_run,shuffled,shuffled,balanced,i64,41,1000000,1000000,1,1000000,0,2000000,14,14,14,binary,0,1,164879200,164879200,83108960,42
one_run,shuffled,shuffled,balanced,i64,41,1000000,1000000,1,1000000,0,2000000,14,14,14,sweep,0,1,261459200,261459200,113554528,62
one_run,shuffled,shuffled,balanced,i64,41,1000000,1000000,1,1000000,0,2000000,14,14,14,ordered,0,1,142354000,142354000,80000096,24
one_run,shuffled,shuffled,balanced,i64,41,1000000,1000000,1,1000000,0,2000000,14,14,14,hybrid,0,1,141347900,141347900,80000096,24
one_run,shuffled,shuffled,balanced,i64,41,1000000,1000000,1,1000000,0,2000000,14,14,14,sweep,1,1,253216200,253216200,113554528,62
one_run,shuffled,shuffled,balanced,i64,41,1000000,1000000,1,1000000,0,2000000,14,14,14,ordered,1,1,142885900,142885900,80000096,24
one_run,shuffled,shuffled,balanced,i64,41,1000000,1000000,1,1000000,0,2000000,14,14,14,hybrid,1,1,145819200,145819200,80000096,24
one_run,shuffled,shuffled,balanced,i64,41,1000000,1000000,1,1000000,0,2000000,14,14,14,binary,1,1,160658800,160658800,83108960,42
one_run,shuffled,shuffled,balanced,i64,41,1000000,1000000,1,1000000,0,2000000,14,14,14,ordered,2,1,140384200,140384200,80000096,24
one_run,shuffled,shuffled,balanced,i64,41,1000000,1000000,1,1000000,0,2000000,14,14,14,hybrid,2,1,158947700,158947700,80000096,24
one_run,shuffled,shuffled,balanced,i64,41,1000000,1000000,1,1000000,0,2000000,14,14,14,binary,2,1,162586200,162586200,83108960,42
one_run,shuffled,shuffled,balanced,i64,41,1000000,1000000,1,1000000,0,2000000,14,14,14,sweep,2,1,249505600,249505600,113554528,62
one_run,shuffled,shuffled,balanced,i64,41,1000000,1000000,1,1000000,0,2000000,14,14,14,hybrid,3,1,138581300,138581300,80000096,24
one_run,shuffled,shuffled,balanced,i64,41,1000000,1000000,1,1000000,0,2000000,14,14,14,binary,3,1,163443100,163443100,83108960,42
one_run,shuffled,shuffled,balanced,i64,41,1000000,1000000,1,1000000,0,2000000,14,14,14,sweep,3,1,258812000,258812000,113554528,62
one_run,shuffled,shuffled,balanced,i64,41,1000000,1000000,1,1000000,0,2000000,14,14,14,ordered,3,1,140507000,140507000,80000096,24
one_run,shuffled,shuffled,balanced,i64,41,1000000,1000000,1,1000000,0,2000000,14,14,14,binary,4,1,161025900,161025900,83108960,42
one_run,shuffled,shuffled,balanced,i64,41,1000000,1000000,1,1000000,0,2000000,14,14,14,sweep,4,1,250163100,250163100,113554528,62
one_run,shuffled,shuffled,balanced,i64,41,1000000,1000000,1,1000000,0,2000000,14,14,14,ordered,4,1,138674700,138674700,80000096,24
one_run,shuffled,shuffled,balanced,i64,41,1000000,1000000,1,1000000,0,2000000,14,14,14,hybrid,4,1,138688200,138688200,80000096,24
sparse,shuffled,shuffled,balanced,i64,7,1000000,1000000,1000000,1000000,0,2000000,5,5,5,binary,0,1,1108700900,1108700900,115886096,60
sparse,shuffled,shuffled,balanced,i64,7,1000000,1000000,1000000,1000000,0,2000000,5,5,5,sweep,0,1,273154000,273154000,146331664,80
sparse,shuffled,shuffled,balanced,i64,7,1000000,1000000,1000000,1000000,0,2000000,5,5,5,ordered,0,1,1135799500,1135799500,112777232,42
sparse,shuffled,shuffled,balanced,i64,7,1000000,1000000,1000000,1000000,0,2000000,5,5,5,hybrid,0,1,267072600,267072600,146331664,80
sparse,shuffled,shuffled,balanced,i64,7,1000000,1000000,1000000,1000000,0,2000000,5,5,5,sweep,1,1,272796900,272796900,146331664,80
sparse,shuffled,shuffled,balanced,i64,7,1000000,1000000,1000000,1000000,0,2000000,5,5,5,ordered,1,1,1083612700,1083612700,112777232,42
sparse,shuffled,shuffled,balanced,i64,7,1000000,1000000,1000000,1000000,0,2000000,5,5,5,hybrid,1,1,268752300,268752300,146331664,80
sparse,shuffled,shuffled,balanced,i64,7,1000000,1000000,1000000,1000000,0,2000000,5,5,5,binary,1,1,1074429800,1074429800,115886096,60
sparse,shuffled,shuffled,balanced,i64,7,1000000,1000000,1000000,1000000,0,2000000,5,5,5,ordered,2,1,1013165100,1013165100,112777232,42
sparse,shuffled,shuffled,balanced,i64,7,1000000,1000000,1000000,1000000,0,2000000,5,5,5,hybrid,2,1,263694700,263694700,146331664,80
sparse,shuffled,shuffled,balanced,i64,7,1000000,1000000,1000000,1000000,0,2000000,5,5,5,binary,2,1,1126157600,1126157600,115886096,60
sparse,shuffled,shuffled,balanced,i64,7,1000000,1000000,1000000,1000000,0,2000000,5,5,5,sweep,2,1,276062300,276062300,146331664,80
sparse,shuffled,shuffled,balanced,i64,7,1000000,1000000,1000000,1000000,0,2000000,5,5,5,hybrid,3,1,272154300,272154300,146331664,80
sparse,shuffled,shuffled,balanced,i64,7,1000000,1000000,1000000,1000000,0,2000000,5,5,5,binary,3,1,1289138700,1289138700,115886096,60
sparse,shuffled,shuffled,balanced,i64,7,1000000,1000000,1000000,1000000,0,2000000,5,5,5,sweep,3,1,282504400,282504400,146331664,80
sparse,shuffled,shuffled,balanced,i64,7,1000000,1000000,1000000,1000000,0,2000000,5,5,5,ordered,3,1,1330167000,1330167000,112777232,42
sparse,shuffled,shuffled,balanced,i64,7,1000000,1000000,1000000,1000000,0,2000000,5,5,5,binary,4,1,1697830400,1697830400,115886096,60
sparse,shuffled,shuffled,balanced,i64,7,1000000,1000000,1000000,1000000,0,2000000,5,5,5,sweep,4,1,300962100,300962100,146331664,80
sparse,shuffled,shuffled,balanced,i64,7,1000000,1000000,1000000,1000000,0,2000000,5,5,5,ordered,4,1,1369726700,1369726700,112777232,42
sparse,shuffled,shuffled,balanced,i64,7,1000000,1000000,1000000,1000000,0,2000000,5,5,5,hybrid,4,1,299885800,299885800,146331664,80
sparse,shuffled,shuffled,balanced,i64,41,1000000,1000000,1000000,1000000,0,2000000,5,5,5,binary,0,1,1668798200,1668798200,115886096,60
sparse,shuffled,shuffled,balanced,i64,41,1000000,1000000,1000000,1000000,0,2000000,5,5,5,sweep,0,1,289882500,289882500,146331664,80
sparse,shuffled,shuffled,balanced,i64,41,1000000,1000000,1000000,1000000,0,2000000,5,5,5,ordered,0,1,1470217100,1470217100,112777232,42
sparse,shuffled,shuffled,balanced,i64,41,1000000,1000000,1000000,1000000,0,2000000,5,5,5,hybrid,0,1,313974400,313974400,146331664,80
sparse,shuffled,shuffled,balanced,i64,41,1000000,1000000,1000000,1000000,0,2000000,5,5,5,sweep,1,1,288022000,288022000,146331664,80
sparse,shuffled,shuffled,balanced,i64,41,1000000,1000000,1000000,1000000,0,2000000,5,5,5,ordered,1,1,1733730100,1733730100,112777232,42
sparse,shuffled,shuffled,balanced,i64,41,1000000,1000000,1000000,1000000,0,2000000,5,5,5,hybrid,1,1,287272200,287272200,146331664,80
sparse,shuffled,shuffled,balanced,i64,41,1000000,1000000,1000000,1000000,0,2000000,5,5,5,binary,1,1,1387423900,1387423900,115886096,60
sparse,shuffled,shuffled,balanced,i64,41,1000000,1000000,1000000,1000000,0,2000000,5,5,5,ordered,2,1,1461722000,1461722000,112777232,42
sparse,shuffled,shuffled,balanced,i64,41,1000000,1000000,1000000,1000000,0,2000000,5,5,5,hybrid,2,1,287906700,287906700,146331664,80
sparse,shuffled,shuffled,balanced,i64,41,1000000,1000000,1000000,1000000,0,2000000,5,5,5,binary,2,1,1577817200,1577817200,115886096,60
sparse,shuffled,shuffled,balanced,i64,41,1000000,1000000,1000000,1000000,0,2000000,5,5,5,sweep,2,1,339551400,339551400,146331664,80
sparse,shuffled,shuffled,balanced,i64,41,1000000,1000000,1000000,1000000,0,2000000,5,5,5,hybrid,3,1,349886700,349886700,146331664,80
sparse,shuffled,shuffled,balanced,i64,41,1000000,1000000,1000000,1000000,0,2000000,5,5,5,binary,3,1,1484920100,1484920100,115886096,60
sparse,shuffled,shuffled,balanced,i64,41,1000000,1000000,1000000,1000000,0,2000000,5,5,5,sweep,3,1,295621400,295621400,146331664,80
sparse,shuffled,shuffled,balanced,i64,41,1000000,1000000,1000000,1000000,0,2000000,5,5,5,ordered,3,1,1487883400,1487883400,112777232,42
sparse,shuffled,shuffled,balanced,i64,41,1000000,1000000,1000000,1000000,0,2000000,5,5,5,binary,4,1,1649778900,1649778900,115886096,60
sparse,shuffled,shuffled,balanced,i64,41,1000000,1000000,1000000,1000000,0,2000000,5,5,5,sweep,4,1,286827400,286827400,146331664,80
sparse,shuffled,shuffled,balanced,i64,41,1000000,1000000,1000000,1000000,0,2000000,5,5,5,ordered,4,1,1429174500,1429174500,112777232,42
sparse,shuffled,shuffled,balanced,i64,41,1000000,1000000,1000000,1000000,0,2000000,5,5,5,hybrid,4,1,303812700,303812700,146331664,80
runs_1,shuffled,shuffled,balanced,i64,7,1000000,1000000,1,1000000,0,2000000,14,14,14,binary,0,1,295362600,295362600,83108960,42
runs_1,shuffled,shuffled,balanced,i64,7,1000000,1000000,1,1000000,0,2000000,14,14,14,sweep,0,1,274951400,274951400,113554528,62
runs_1,shuffled,shuffled,balanced,i64,7,1000000,1000000,1,1000000,0,2000000,14,14,14,ordered,0,1,292892400,292892400,80000096,24
runs_1,shuffled,shuffled,balanced,i64,7,1000000,1000000,1,1000000,0,2000000,14,14,14,hybrid,0,1,264507200,264507200,80000096,24
runs_1,shuffled,shuffled,balanced,i64,7,1000000,1000000,1,1000000,0,2000000,14,14,14,sweep,1,1,275782500,275782500,113554528,62
runs_1,shuffled,shuffled,balanced,i64,7,1000000,1000000,1,1000000,0,2000000,14,14,14,ordered,1,1,273715100,273715100,80000096,24
runs_1,shuffled,shuffled,balanced,i64,7,1000000,1000000,1,1000000,0,2000000,14,14,14,hybrid,1,1,309319700,309319700,80000096,24
runs_1,shuffled,shuffled,balanced,i64,7,1000000,1000000,1,1000000,0,2000000,14,14,14,binary,1,1,348335300,348335300,83108960,42
runs_1,shuffled,shuffled,balanced,i64,7,1000000,1000000,1,1000000,0,2000000,14,14,14,ordered,2,1,306985800,306985800,80000096,24
runs_1,shuffled,shuffled,balanced,i64,7,1000000,1000000,1,1000000,0,2000000,14,14,14,hybrid,2,1,325846300,325846300,80000096,24
runs_1,shuffled,shuffled,balanced,i64,7,1000000,1000000,1,1000000,0,2000000,14,14,14,binary,2,1,326226000,326226000,83108960,42
runs_1,shuffled,shuffled,balanced,i64,7,1000000,1000000,1,1000000,0,2000000,14,14,14,sweep,2,1,268660600,268660600,113554528,62
runs_1,shuffled,shuffled,balanced,i64,7,1000000,1000000,1,1000000,0,2000000,14,14,14,hybrid,3,1,282076500,282076500,80000096,24
runs_1,shuffled,shuffled,balanced,i64,7,1000000,1000000,1,1000000,0,2000000,14,14,14,binary,3,1,362869500,362869500,83108960,42
runs_1,shuffled,shuffled,balanced,i64,7,1000000,1000000,1,1000000,0,2000000,14,14,14,sweep,3,1,306553400,306553400,113554528,62
runs_1,shuffled,shuffled,balanced,i64,7,1000000,1000000,1,1000000,0,2000000,14,14,14,ordered,3,1,311150900,311150900,80000096,24
runs_1,shuffled,shuffled,balanced,i64,7,1000000,1000000,1,1000000,0,2000000,14,14,14,binary,4,1,310241000,310241000,83108960,42
runs_1,shuffled,shuffled,balanced,i64,7,1000000,1000000,1,1000000,0,2000000,14,14,14,sweep,4,1,267916700,267916700,113554528,62
runs_1,shuffled,shuffled,balanced,i64,7,1000000,1000000,1,1000000,0,2000000,14,14,14,ordered,4,1,304343200,304343200,80000096,24
runs_1,shuffled,shuffled,balanced,i64,7,1000000,1000000,1,1000000,0,2000000,14,14,14,hybrid,4,1,236527000,236527000,80000096,24
runs_1,shuffled,shuffled,balanced,i64,41,1000000,1000000,1,1000000,0,2000000,14,14,14,binary,0,1,328825000,328825000,83108960,42
runs_1,shuffled,shuffled,balanced,i64,41,1000000,1000000,1,1000000,0,2000000,14,14,14,sweep,0,1,286081800,286081800,113554528,62
runs_1,shuffled,shuffled,balanced,i64,41,1000000,1000000,1,1000000,0,2000000,14,14,14,ordered,0,1,301902100,301902100,80000096,24
runs_1,shuffled,shuffled,balanced,i64,41,1000000,1000000,1,1000000,0,2000000,14,14,14,hybrid,0,1,300355000,300355000,80000096,24
runs_1,shuffled,shuffled,balanced,i64,41,1000000,1000000,1,1000000,0,2000000,14,14,14,sweep,1,1,280614200,280614200,113554528,62
runs_1,shuffled,shuffled,balanced,i64,41,1000000,1000000,1,1000000,0,2000000,14,14,14,ordered,1,1,272022900,272022900,80000096,24
runs_1,shuffled,shuffled,balanced,i64,41,1000000,1000000,1,1000000,0,2000000,14,14,14,hybrid,1,1,290823400,290823400,80000096,24
runs_1,shuffled,shuffled,balanced,i64,41,1000000,1000000,1,1000000,0,2000000,14,14,14,binary,1,1,339739400,339739400,83108960,42
runs_1,shuffled,shuffled,balanced,i64,41,1000000,1000000,1,1000000,0,2000000,14,14,14,ordered,2,1,316466800,316466800,80000096,24
runs_1,shuffled,shuffled,balanced,i64,41,1000000,1000000,1,1000000,0,2000000,14,14,14,hybrid,2,1,389926300,389926300,80000096,24
runs_1,shuffled,shuffled,balanced,i64,41,1000000,1000000,1,1000000,0,2000000,14,14,14,binary,2,1,330706900,330706900,83108960,42
runs_1,shuffled,shuffled,balanced,i64,41,1000000,1000000,1,1000000,0,2000000,14,14,14,sweep,2,1,269679900,269679900,113554528,62
runs_1,shuffled,shuffled,balanced,i64,41,1000000,1000000,1,1000000,0,2000000,14,14,14,hybrid,3,1,329124200,329124200,80000096,24
runs_1,shuffled,shuffled,balanced,i64,41,1000000,1000000,1,1000000,0,2000000,14,14,14,binary,3,1,343810700,343810700,83108960,42
runs_1,shuffled,shuffled,balanced,i64,41,1000000,1000000,1,1000000,0,2000000,14,14,14,sweep,3,1,303170600,303170600,113554528,62
runs_1,shuffled,shuffled,balanced,i64,41,1000000,1000000,1,1000000,0,2000000,14,14,14,ordered,3,1,269271300,269271300,80000096,24
runs_1,shuffled,shuffled,balanced,i64,41,1000000,1000000,1,1000000,0,2000000,14,14,14,binary,4,1,283025400,283025400,83108960,42
runs_1,shuffled,shuffled,balanced,i64,41,1000000,1000000,1,1000000,0,2000000,14,14,14,sweep,4,1,269192800,269192800,113554528,62
runs_1,shuffled,shuffled,balanced,i64,41,1000000,1000000,1,1000000,0,2000000,14,14,14,ordered,4,1,274955100,274955100,80000096,24
runs_1,shuffled,shuffled,balanced,i64,41,1000000,1000000,1,1000000,0,2000000,14,14,14,hybrid,4,1,281543400,281543400,80000096,24
runs_1,shuffled,shuffled,few_queries,i64,7,10000,1000000,1,1000000,0,2000000,14,14,14,binary,0,1,43521900,43521900,32777280,36
runs_1,shuffled,shuffled,few_queries,i64,7,10000,1000000,1,1000000,0,2000000,14,14,14,sweep,0,1,40930900,40930900,32777280,50
runs_1,shuffled,shuffled,few_queries,i64,7,10000,1000000,1,1000000,0,2000000,14,14,14,ordered,0,1,45148200,45148200,32777280,24
runs_1,shuffled,shuffled,few_queries,i64,7,10000,1000000,1,1000000,0,2000000,14,14,14,hybrid,0,1,44642100,44642100,32777280,24
runs_1,shuffled,shuffled,few_queries,i64,7,10000,1000000,1,1000000,0,2000000,14,14,14,sweep,1,1,42685400,42685400,32777280,50
runs_1,shuffled,shuffled,few_queries,i64,7,10000,1000000,1,1000000,0,2000000,14,14,14,ordered,1,1,52334200,52334200,32777280,24
runs_1,shuffled,shuffled,few_queries,i64,7,10000,1000000,1,1000000,0,2000000,14,14,14,hybrid,1,1,43337800,43337800,32777280,24
runs_1,shuffled,shuffled,few_queries,i64,7,10000,1000000,1,1000000,0,2000000,14,14,14,binary,1,1,43829400,43829400,32777280,36
runs_1,shuffled,shuffled,few_queries,i64,7,10000,1000000,1,1000000,0,2000000,14,14,14,ordered,2,1,46152800,46152800,32777280,24
runs_1,shuffled,shuffled,few_queries,i64,7,10000,1000000,1,1000000,0,2000000,14,14,14,hybrid,2,1,43998700,43998700,32777280,24
runs_1,shuffled,shuffled,few_queries,i64,7,10000,1000000,1,1000000,0,2000000,14,14,14,binary,2,1,44018200,44018200,32777280,36
runs_1,shuffled,shuffled,few_queries,i64,7,10000,1000000,1,1000000,0,2000000,14,14,14,sweep,2,1,42539600,42539600,32777280,50
runs_1,shuffled,shuffled,few_queries,i64,7,10000,1000000,1,1000000,0,2000000,14,14,14,hybrid,3,1,43976300,43976300,32777280,24
runs_1,shuffled,shuffled,few_queries,i64,7,10000,1000000,1,1000000,0,2000000,14,14,14,binary,3,1,44797900,44797900,32777280,36
runs_1,shuffled,shuffled,few_queries,i64,7,10000,1000000,1,1000000,0,2000000,14,14,14,sweep,3,1,42396300,42396300,32777280,50
runs_1,shuffled,shuffled,few_queries,i64,7,10000,1000000,1,1000000,0,2000000,14,14,14,ordered,3,1,43959200,43959200,32777280,24
runs_1,shuffled,shuffled,few_queries,i64,7,10000,1000000,1,1000000,0,2000000,14,14,14,binary,4,1,44010600,44010600,32777280,36
runs_1,shuffled,shuffled,few_queries,i64,7,10000,1000000,1,1000000,0,2000000,14,14,14,sweep,4,1,42154900,42154900,32777280,50
runs_1,shuffled,shuffled,few_queries,i64,7,10000,1000000,1,1000000,0,2000000,14,14,14,ordered,4,1,43570400,43570400,32777280,24
runs_1,shuffled,shuffled,few_queries,i64,7,10000,1000000,1,1000000,0,2000000,14,14,14,hybrid,4,1,43932500,43932500,32777280,24
runs_1,shuffled,shuffled,few_queries,i64,41,10000,1000000,1,1000000,0,2000000,14,14,14,binary,0,1,53856600,53856600,32777280,36
runs_1,shuffled,shuffled,few_queries,i64,41,10000,1000000,1,1000000,0,2000000,14,14,14,sweep,0,1,48216700,48216700,32777280,50
runs_1,shuffled,shuffled,few_queries,i64,41,10000,1000000,1,1000000,0,2000000,14,14,14,ordered,0,1,46304200,46304200,32777280,24
runs_1,shuffled,shuffled,few_queries,i64,41,10000,1000000,1,1000000,0,2000000,14,14,14,hybrid,0,1,44474700,44474700,32777280,24
runs_1,shuffled,shuffled,few_queries,i64,41,10000,1000000,1,1000000,0,2000000,14,14,14,sweep,1,1,48535200,48535200,32777280,50
runs_1,shuffled,shuffled,few_queries,i64,41,10000,1000000,1,1000000,0,2000000,14,14,14,ordered,1,1,58128200,58128200,32777280,24
runs_1,shuffled,shuffled,few_queries,i64,41,10000,1000000,1,1000000,0,2000000,14,14,14,hybrid,1,1,50908800,50908800,32777280,24
runs_1,shuffled,shuffled,few_queries,i64,41,10000,1000000,1,1000000,0,2000000,14,14,14,binary,1,1,43294600,43294600,32777280,36
runs_1,shuffled,shuffled,few_queries,i64,41,10000,1000000,1,1000000,0,2000000,14,14,14,ordered,2,1,45438900,45438900,32777280,24
runs_1,shuffled,shuffled,few_queries,i64,41,10000,1000000,1,1000000,0,2000000,14,14,14,hybrid,2,1,45997300,45997300,32777280,24
runs_1,shuffled,shuffled,few_queries,i64,41,10000,1000000,1,1000000,0,2000000,14,14,14,binary,2,1,44261000,44261000,32777280,36
runs_1,shuffled,shuffled,few_queries,i64,41,10000,1000000,1,1000000,0,2000000,14,14,14,sweep,2,1,43604200,43604200,32777280,50
runs_1,shuffled,shuffled,few_queries,i64,41,10000,1000000,1,1000000,0,2000000,14,14,14,hybrid,3,1,43855400,43855400,32777280,24
runs_1,shuffled,shuffled,few_queries,i64,41,10000,1000000,1,1000000,0,2000000,14,14,14,binary,3,1,45370000,45370000,32777280,36
runs_1,shuffled,shuffled,few_queries,i64,41,10000,1000000,1,1000000,0,2000000,14,14,14,sweep,3,1,41594000,41594000,32777280,50
runs_1,shuffled,shuffled,few_queries,i64,41,10000,1000000,1,1000000,0,2000000,14,14,14,ordered,3,1,43855700,43855700,32777280,24
runs_1,shuffled,shuffled,few_queries,i64,41,10000,1000000,1,1000000,0,2000000,14,14,14,binary,4,1,43454000,43454000,32777280,36
runs_1,shuffled,shuffled,few_queries,i64,41,10000,1000000,1,1000000,0,2000000,14,14,14,sweep,4,1,42578800,42578800,32777280,50
runs_1,shuffled,shuffled,few_queries,i64,41,10000,1000000,1,1000000,0,2000000,14,14,14,ordered,4,1,44350500,44350500,32777280,24
runs_1,shuffled,shuffled,few_queries,i64,41,10000,1000000,1,1000000,0,2000000,14,14,14,hybrid,4,1,43665600,43665600,32777280,24
runs_1,shuffled,shuffled,many_queries,i64,7,1000000,10000,1,10000,0,20000,14,14,14,binary,0,1,97758100,97758100,67268960,36
runs_1,shuffled,shuffled,many_queries,i64,7,1000000,10000,1,10000,0,20000,14,14,14,sweep,0,1,213605500,213605500,97714528,56
runs_1,shuffled,shuffled,many_queries,i64,7,1000000,10000,1,10000,0,20000,14,14,14,ordered,0,1,83627300,83627300,64160096,18
runs_1,shuffled,shuffled,many_queries,i64,7,1000000,10000,1,10000,0,20000,14,14,14,hybrid,0,1,76305100,76305100,64160096,18
runs_1,shuffled,shuffled,many_queries,i64,7,1000000,10000,1,10000,0,20000,14,14,14,sweep,1,1,220935000,220935000,97714528,56
runs_1,shuffled,shuffled,many_queries,i64,7,1000000,10000,1,10000,0,20000,14,14,14,ordered,1,1,86695500,86695500,64160096,18
runs_1,shuffled,shuffled,many_queries,i64,7,1000000,10000,1,10000,0,20000,14,14,14,hybrid,1,1,135973300,135973300,64160096,18
runs_1,shuffled,shuffled,many_queries,i64,7,1000000,10000,1,10000,0,20000,14,14,14,binary,1,1,128582700,128582700,67268960,36
runs_1,shuffled,shuffled,many_queries,i64,7,1000000,10000,1,10000,0,20000,14,14,14,ordered,2,1,76937200,76937200,64160096,18
runs_1,shuffled,shuffled,many_queries,i64,7,1000000,10000,1,10000,0,20000,14,14,14,hybrid,2,1,86273800,86273800,64160096,18
runs_1,shuffled,shuffled,many_queries,i64,7,1000000,10000,1,10000,0,20000,14,14,14,binary,2,1,106168000,106168000,67268960,36
runs_1,shuffled,shuffled,many_queries,i64,7,1000000,10000,1,10000,0,20000,14,14,14,sweep,2,1,231391700,231391700,97714528,56
runs_1,shuffled,shuffled,many_queries,i64,7,1000000,10000,1,10000,0,20000,14,14,14,hybrid,3,1,104279800,104279800,64160096,18
runs_1,shuffled,shuffled,many_queries,i64,7,1000000,10000,1,10000,0,20000,14,14,14,binary,3,1,120257100,120257100,67268960,36
runs_1,shuffled,shuffled,many_queries,i64,7,1000000,10000,1,10000,0,20000,14,14,14,sweep,3,1,221892900,221892900,97714528,56
runs_1,shuffled,shuffled,many_queries,i64,7,1000000,10000,1,10000,0,20000,14,14,14,ordered,3,1,102650400,102650400,64160096,18
runs_1,shuffled,shuffled,many_queries,i64,7,1000000,10000,1,10000,0,20000,14,14,14,binary,4,1,135370600,135370600,67268960,36
runs_1,shuffled,shuffled,many_queries,i64,7,1000000,10000,1,10000,0,20000,14,14,14,sweep,4,1,241309300,241309300,97714528,56
runs_1,shuffled,shuffled,many_queries,i64,7,1000000,10000,1,10000,0,20000,14,14,14,ordered,4,1,103353300,103353300,64160096,18
runs_1,shuffled,shuffled,many_queries,i64,7,1000000,10000,1,10000,0,20000,14,14,14,hybrid,4,1,104498700,104498700,64160096,18
runs_1,shuffled,shuffled,many_queries,i64,41,1000000,10000,1,10000,0,20000,14,14,14,binary,0,1,129946300,129946300,67268960,36
runs_1,shuffled,shuffled,many_queries,i64,41,1000000,10000,1,10000,0,20000,14,14,14,sweep,0,1,216651600,216651600,97714528,56
runs_1,shuffled,shuffled,many_queries,i64,41,1000000,10000,1,10000,0,20000,14,14,14,ordered,0,1,73704500,73704500,64160096,18
runs_1,shuffled,shuffled,many_queries,i64,41,1000000,10000,1,10000,0,20000,14,14,14,hybrid,0,1,74164400,74164400,64160096,18
runs_1,shuffled,shuffled,many_queries,i64,41,1000000,10000,1,10000,0,20000,14,14,14,sweep,1,1,242234100,242234100,97714528,56
runs_1,shuffled,shuffled,many_queries,i64,41,1000000,10000,1,10000,0,20000,14,14,14,ordered,1,1,78705400,78705400,64160096,18
runs_1,shuffled,shuffled,many_queries,i64,41,1000000,10000,1,10000,0,20000,14,14,14,hybrid,1,1,81199300,81199300,64160096,18
runs_1,shuffled,shuffled,many_queries,i64,41,1000000,10000,1,10000,0,20000,14,14,14,binary,1,1,129031200,129031200,67268960,36
runs_1,shuffled,shuffled,many_queries,i64,41,1000000,10000,1,10000,0,20000,14,14,14,ordered,2,1,97505700,97505700,64160096,18
runs_1,shuffled,shuffled,many_queries,i64,41,1000000,10000,1,10000,0,20000,14,14,14,hybrid,2,1,95754400,95754400,64160096,18
runs_1,shuffled,shuffled,many_queries,i64,41,1000000,10000,1,10000,0,20000,14,14,14,binary,2,1,112852200,112852200,67268960,36
runs_1,shuffled,shuffled,many_queries,i64,41,1000000,10000,1,10000,0,20000,14,14,14,sweep,2,1,233068600,233068600,97714528,56
runs_1,shuffled,shuffled,many_queries,i64,41,1000000,10000,1,10000,0,20000,14,14,14,hybrid,3,1,103103700,103103700,64160096,18
runs_1,shuffled,shuffled,many_queries,i64,41,1000000,10000,1,10000,0,20000,14,14,14,binary,3,1,107605100,107605100,67268960,36
runs_1,shuffled,shuffled,many_queries,i64,41,1000000,10000,1,10000,0,20000,14,14,14,sweep,3,1,216944500,216944500,97714528,56
runs_1,shuffled,shuffled,many_queries,i64,41,1000000,10000,1,10000,0,20000,14,14,14,ordered,3,1,101154300,101154300,64160096,18
runs_1,shuffled,shuffled,many_queries,i64,41,1000000,10000,1,10000,0,20000,14,14,14,binary,4,1,134068600,134068600,67268960,36
runs_1,shuffled,shuffled,many_queries,i64,41,1000000,10000,1,10000,0,20000,14,14,14,sweep,4,1,236789600,236789600,97714528,56
runs_1,shuffled,shuffled,many_queries,i64,41,1000000,10000,1,10000,0,20000,14,14,14,ordered,4,1,72410400,72410400,64160096,18
runs_1,shuffled,shuffled,many_queries,i64,41,1000000,10000,1,10000,0,20000,14,14,14,hybrid,4,1,72160100,72160100,64160096,18
runs_2,shuffled,shuffled,balanced,i64,7,1000000,1000000,2,1000000,0,2000000,14,14,14,binary,0,1,306111200,306111200,83108976,42
runs_2,shuffled,shuffled,balanced,i64,7,1000000,1000000,2,1000000,0,2000000,14,14,14,sweep,0,1,274825200,274825200,113554544,62
runs_2,shuffled,shuffled,balanced,i64,7,1000000,1000000,2,1000000,0,2000000,14,14,14,ordered,0,1,316364300,316364300,80000112,24
runs_2,shuffled,shuffled,balanced,i64,7,1000000,1000000,2,1000000,0,2000000,14,14,14,hybrid,0,1,295808400,295808400,113554544,62
runs_2,shuffled,shuffled,balanced,i64,7,1000000,1000000,2,1000000,0,2000000,14,14,14,sweep,1,1,277047900,277047900,113554544,62
runs_2,shuffled,shuffled,balanced,i64,7,1000000,1000000,2,1000000,0,2000000,14,14,14,ordered,1,1,288039600,288039600,80000112,24
runs_2,shuffled,shuffled,balanced,i64,7,1000000,1000000,2,1000000,0,2000000,14,14,14,hybrid,1,1,277709800,277709800,113554544,62
runs_2,shuffled,shuffled,balanced,i64,7,1000000,1000000,2,1000000,0,2000000,14,14,14,binary,1,1,326019600,326019600,83108976,42
runs_2,shuffled,shuffled,balanced,i64,7,1000000,1000000,2,1000000,0,2000000,14,14,14,ordered,2,1,288840300,288840300,80000112,24
runs_2,shuffled,shuffled,balanced,i64,7,1000000,1000000,2,1000000,0,2000000,14,14,14,hybrid,2,1,272711600,272711600,113554544,62
runs_2,shuffled,shuffled,balanced,i64,7,1000000,1000000,2,1000000,0,2000000,14,14,14,binary,2,1,315468700,315468700,83108976,42
runs_2,shuffled,shuffled,balanced,i64,7,1000000,1000000,2,1000000,0,2000000,14,14,14,sweep,2,1,279254000,279254000,113554544,62
runs_2,shuffled,shuffled,balanced,i64,7,1000000,1000000,2,1000000,0,2000000,14,14,14,hybrid,3,1,278388900,278388900,113554544,62
runs_2,shuffled,shuffled,balanced,i64,7,1000000,1000000,2,1000000,0,2000000,14,14,14,binary,3,1,329341300,329341300,83108976,42
runs_2,shuffled,shuffled,balanced,i64,7,1000000,1000000,2,1000000,0,2000000,14,14,14,sweep,3,1,273101900,273101900,113554544,62
runs_2,shuffled,shuffled,balanced,i64,7,1000000,1000000,2,1000000,0,2000000,14,14,14,ordered,3,1,369657000,369657000,80000112,24
runs_2,shuffled,shuffled,balanced,i64,7,1000000,1000000,2,1000000,0,2000000,14,14,14,binary,4,1,324086400,324086400,83108976,42
runs_2,shuffled,shuffled,balanced,i64,7,1000000,1000000,2,1000000,0,2000000,14,14,14,sweep,4,1,309887400,309887400,113554544,62
runs_2,shuffled,shuffled,balanced,i64,7,1000000,1000000,2,1000000,0,2000000,14,14,14,ordered,4,1,384369200,384369200,80000112,24
runs_2,shuffled,shuffled,balanced,i64,7,1000000,1000000,2,1000000,0,2000000,14,14,14,hybrid,4,1,318421800,318421800,113554544,62
runs_2,shuffled,shuffled,balanced,i64,41,1000000,1000000,2,1000000,0,2000000,14,14,14,binary,0,1,306339000,306339000,83108976,42
runs_2,shuffled,shuffled,balanced,i64,41,1000000,1000000,2,1000000,0,2000000,14,14,14,sweep,0,1,291495300,291495300,113554544,62
runs_2,shuffled,shuffled,balanced,i64,41,1000000,1000000,2,1000000,0,2000000,14,14,14,ordered,0,1,281173000,281173000,80000112,24
runs_2,shuffled,shuffled,balanced,i64,41,1000000,1000000,2,1000000,0,2000000,14,14,14,hybrid,0,1,266073300,266073300,113554544,62
runs_2,shuffled,shuffled,balanced,i64,41,1000000,1000000,2,1000000,0,2000000,14,14,14,sweep,1,1,269088500,269088500,113554544,62
runs_2,shuffled,shuffled,balanced,i64,41,1000000,1000000,2,1000000,0,2000000,14,14,14,ordered,1,1,271811400,271811400,80000112,24
runs_2,shuffled,shuffled,balanced,i64,41,1000000,1000000,2,1000000,0,2000000,14,14,14,hybrid,1,1,280539700,280539700,113554544,62
runs_2,shuffled,shuffled,balanced,i64,41,1000000,1000000,2,1000000,0,2000000,14,14,14,binary,1,1,346221000,346221000,83108976,42
runs_2,shuffled,shuffled,balanced,i64,41,1000000,1000000,2,1000000,0,2000000,14,14,14,ordered,2,1,320345200,320345200,80000112,24
runs_2,shuffled,shuffled,balanced,i64,41,1000000,1000000,2,1000000,0,2000000,14,14,14,hybrid,2,1,306776200,306776200,113554544,62
runs_2,shuffled,shuffled,balanced,i64,41,1000000,1000000,2,1000000,0,2000000,14,14,14,binary,2,1,281173200,281173200,83108976,42
runs_2,shuffled,shuffled,balanced,i64,41,1000000,1000000,2,1000000,0,2000000,14,14,14,sweep,2,1,270132600,270132600,113554544,62
runs_2,shuffled,shuffled,balanced,i64,41,1000000,1000000,2,1000000,0,2000000,14,14,14,hybrid,3,1,277633600,277633600,113554544,62
runs_2,shuffled,shuffled,balanced,i64,41,1000000,1000000,2,1000000,0,2000000,14,14,14,binary,3,1,344520700,344520700,83108976,42
runs_2,shuffled,shuffled,balanced,i64,41,1000000,1000000,2,1000000,0,2000000,14,14,14,sweep,3,1,305202900,305202900,113554544,62
runs_2,shuffled,shuffled,balanced,i64,41,1000000,1000000,2,1000000,0,2000000,14,14,14,ordered,3,1,340214100,340214100,80000112,24
runs_2,shuffled,shuffled,balanced,i64,41,1000000,1000000,2,1000000,0,2000000,14,14,14,binary,4,1,333264700,333264700,83108976,42
runs_2,shuffled,shuffled,balanced,i64,41,1000000,1000000,2,1000000,0,2000000,14,14,14,sweep,4,1,268218600,268218600,113554544,62
runs_2,shuffled,shuffled,balanced,i64,41,1000000,1000000,2,1000000,0,2000000,14,14,14,ordered,4,1,270601500,270601500,80000112,24
runs_2,shuffled,shuffled,balanced,i64,41,1000000,1000000,2,1000000,0,2000000,14,14,14,hybrid,4,1,270986100,270986100,113554544,62
runs_2,shuffled,shuffled,few_queries,i64,7,10000,1000000,2,1000000,0,2000000,14,14,14,binary,0,1,43975700,43975700,32777280,36
runs_2,shuffled,shuffled,few_queries,i64,7,10000,1000000,2,1000000,0,2000000,14,14,14,sweep,0,1,41750200,41750200,32777280,50
runs_2,shuffled,shuffled,few_queries,i64,7,10000,1000000,2,1000000,0,2000000,14,14,14,ordered,0,1,44640000,44640000,32777280,24
runs_2,shuffled,shuffled,few_queries,i64,7,10000,1000000,2,1000000,0,2000000,14,14,14,hybrid,0,1,43746800,43746800,32777280,24
runs_2,shuffled,shuffled,few_queries,i64,7,10000,1000000,2,1000000,0,2000000,14,14,14,sweep,1,1,41922600,41922600,32777280,50
runs_2,shuffled,shuffled,few_queries,i64,7,10000,1000000,2,1000000,0,2000000,14,14,14,ordered,1,1,43500700,43500700,32777280,24
runs_2,shuffled,shuffled,few_queries,i64,7,10000,1000000,2,1000000,0,2000000,14,14,14,hybrid,1,1,43602700,43602700,32777280,24
runs_2,shuffled,shuffled,few_queries,i64,7,10000,1000000,2,1000000,0,2000000,14,14,14,binary,1,1,47213200,47213200,32777280,36
runs_2,shuffled,shuffled,few_queries,i64,7,10000,1000000,2,1000000,0,2000000,14,14,14,ordered,2,1,44591800,44591800,32777280,24
runs_2,shuffled,shuffled,few_queries,i64,7,10000,1000000,2,1000000,0,2000000,14,14,14,hybrid,2,1,44203000,44203000,32777280,24
runs_2,shuffled,shuffled,few_queries,i64,7,10000,1000000,2,1000000,0,2000000,14,14,14,binary,2,1,44103500,44103500,32777280,36
runs_2,shuffled,shuffled,few_queries,i64,7,10000,1000000,2,1000000,0,2000000,14,14,14,sweep,2,1,42073400,42073400,32777280,50
runs_2,shuffled,shuffled,few_queries,i64,7,10000,1000000,2,1000000,0,2000000,14,14,14,hybrid,3,1,44510900,44510900,32777280,24
runs_2,shuffled,shuffled,few_queries,i64,7,10000,1000000,2,1000000,0,2000000,14,14,14,binary,3,1,45838900,45838900,32777280,36
runs_2,shuffled,shuffled,few_queries,i64,7,10000,1000000,2,1000000,0,2000000,14,14,14,sweep,3,1,41826900,41826900,32777280,50
runs_2,shuffled,shuffled,few_queries,i64,7,10000,1000000,2,1000000,0,2000000,14,14,14,ordered,3,1,43576200,43576200,32777280,24
runs_2,shuffled,shuffled,few_queries,i64,7,10000,1000000,2,1000000,0,2000000,14,14,14,binary,4,1,45146400,45146400,32777280,36
runs_2,shuffled,shuffled,few_queries,i64,7,10000,1000000,2,1000000,0,2000000,14,14,14,sweep,4,1,44477300,44477300,32777280,50
runs_2,shuffled,shuffled,few_queries,i64,7,10000,1000000,2,1000000,0,2000000,14,14,14,ordered,4,1,44026500,44026500,32777280,24
runs_2,shuffled,shuffled,few_queries,i64,7,10000,1000000,2,1000000,0,2000000,14,14,14,hybrid,4,1,43621900,43621900,32777280,24
runs_2,shuffled,shuffled,few_queries,i64,41,10000,1000000,2,1000000,0,2000000,14,14,14,binary,0,1,44557400,44557400,32777280,36
runs_2,shuffled,shuffled,few_queries,i64,41,10000,1000000,2,1000000,0,2000000,14,14,14,sweep,0,1,41681800,41681800,32777280,50
runs_2,shuffled,shuffled,few_queries,i64,41,10000,1000000,2,1000000,0,2000000,14,14,14,ordered,0,1,43802800,43802800,32777280,24
runs_2,shuffled,shuffled,few_queries,i64,41,10000,1000000,2,1000000,0,2000000,14,14,14,hybrid,0,1,44873400,44873400,32777280,24
runs_2,shuffled,shuffled,few_queries,i64,41,10000,1000000,2,1000000,0,2000000,14,14,14,sweep,1,1,43436200,43436200,32777280,50
runs_2,shuffled,shuffled,few_queries,i64,41,10000,1000000,2,1000000,0,2000000,14,14,14,ordered,1,1,46794700,46794700,32777280,24
runs_2,shuffled,shuffled,few_queries,i64,41,10000,1000000,2,1000000,0,2000000,14,14,14,hybrid,1,1,53440900,53440900,32777280,24
runs_2,shuffled,shuffled,few_queries,i64,41,10000,1000000,2,1000000,0,2000000,14,14,14,binary,1,1,53749200,53749200,32777280,36
runs_2,shuffled,shuffled,few_queries,i64,41,10000,1000000,2,1000000,0,2000000,14,14,14,ordered,2,1,50153900,50153900,32777280,24
runs_2,shuffled,shuffled,few_queries,i64,41,10000,1000000,2,1000000,0,2000000,14,14,14,hybrid,2,1,44048400,44048400,32777280,24
runs_2,shuffled,shuffled,few_queries,i64,41,10000,1000000,2,1000000,0,2000000,14,14,14,binary,2,1,45794600,45794600,32777280,36
runs_2,shuffled,shuffled,few_queries,i64,41,10000,1000000,2,1000000,0,2000000,14,14,14,sweep,2,1,42819200,42819200,32777280,50
runs_2,shuffled,shuffled,few_queries,i64,41,10000,1000000,2,1000000,0,2000000,14,14,14,hybrid,3,1,43573400,43573400,32777280,24
runs_2,shuffled,shuffled,few_queries,i64,41,10000,1000000,2,1000000,0,2000000,14,14,14,binary,3,1,44207200,44207200,32777280,36
runs_2,shuffled,shuffled,few_queries,i64,41,10000,1000000,2,1000000,0,2000000,14,14,14,sweep,3,1,41541000,41541000,32777280,50
runs_2,shuffled,shuffled,few_queries,i64,41,10000,1000000,2,1000000,0,2000000,14,14,14,ordered,3,1,43173100,43173100,32777280,24
runs_2,shuffled,shuffled,few_queries,i64,41,10000,1000000,2,1000000,0,2000000,14,14,14,binary,4,1,44721900,44721900,32777280,36
runs_2,shuffled,shuffled,few_queries,i64,41,10000,1000000,2,1000000,0,2000000,14,14,14,sweep,4,1,42177400,42177400,32777280,50
runs_2,shuffled,shuffled,few_queries,i64,41,10000,1000000,2,1000000,0,2000000,14,14,14,ordered,4,1,43814800,43814800,32777280,24
runs_2,shuffled,shuffled,few_queries,i64,41,10000,1000000,2,1000000,0,2000000,14,14,14,hybrid,4,1,43613000,43613000,32777280,24
runs_2,shuffled,shuffled,many_queries,i64,7,1000000,10000,2,10000,0,20000,14,14,14,binary,0,1,105319300,105319300,67268976,36
runs_2,shuffled,shuffled,many_queries,i64,7,1000000,10000,2,10000,0,20000,14,14,14,sweep,0,1,232480800,232480800,97714544,56
runs_2,shuffled,shuffled,many_queries,i64,7,1000000,10000,2,10000,0,20000,14,14,14,ordered,0,1,99311600,99311600,64160112,18
runs_2,shuffled,shuffled,many_queries,i64,7,1000000,10000,2,10000,0,20000,14,14,14,hybrid,0,1,227070400,227070400,97714544,56
runs_2,shuffled,shuffled,many_queries,i64,7,1000000,10000,2,10000,0,20000,14,14,14,sweep,1,1,207152600,207152600,97714544,56
runs_2,shuffled,shuffled,many_queries,i64,7,1000000,10000,2,10000,0,20000,14,14,14,ordered,1,1,77757600,77757600,64160112,18
runs_2,shuffled,shuffled,many_queries,i64,7,1000000,10000,2,10000,0,20000,14,14,14,hybrid,1,1,207717400,207717400,97714544,56
runs_2,shuffled,shuffled,many_queries,i64,7,1000000,10000,2,10000,0,20000,14,14,14,binary,1,1,100152600,100152600,67268976,36
runs_2,shuffled,shuffled,many_queries,i64,7,1000000,10000,2,10000,0,20000,14,14,14,ordered,2,1,77915800,77915800,64160112,18
runs_2,shuffled,shuffled,many_queries,i64,7,1000000,10000,2,10000,0,20000,14,14,14,hybrid,2,1,229401800,229401800,97714544,56
runs_2,shuffled,shuffled,many_queries,i64,7,1000000,10000,2,10000,0,20000,14,14,14,binary,2,1,101670100,101670100,67268976,36
runs_2,shuffled,shuffled,many_queries,i64,7,1000000,10000,2,10000,0,20000,14,14,14,sweep,2,1,230864700,230864700,97714544,56
runs_2,shuffled,shuffled,many_queries,i64,7,1000000,10000,2,10000,0,20000,14,14,14,hybrid,3,1,234551400,234551400,97714544,56
runs_2,shuffled,shuffled,many_queries,i64,7,1000000,10000,2,10000,0,20000,14,14,14,binary,3,1,103273200,103273200,67268976,36
runs_2,shuffled,shuffled,many_queries,i64,7,1000000,10000,2,10000,0,20000,14,14,14,sweep,3,1,206509100,206509100,97714544,56
runs_2,shuffled,shuffled,many_queries,i64,7,1000000,10000,2,10000,0,20000,14,14,14,ordered,3,1,77127200,77127200,64160112,18
runs_2,shuffled,shuffled,many_queries,i64,7,1000000,10000,2,10000,0,20000,14,14,14,binary,4,1,123948600,123948600,67268976,36
runs_2,shuffled,shuffled,many_queries,i64,7,1000000,10000,2,10000,0,20000,14,14,14,sweep,4,1,247024900,247024900,97714544,56
runs_2,shuffled,shuffled,many_queries,i64,7,1000000,10000,2,10000,0,20000,14,14,14,ordered,4,1,109317000,109317000,64160112,18
runs_2,shuffled,shuffled,many_queries,i64,7,1000000,10000,2,10000,0,20000,14,14,14,hybrid,4,1,235456200,235456200,97714544,56
runs_2,shuffled,shuffled,many_queries,i64,41,1000000,10000,2,10000,0,20000,14,14,14,binary,0,1,100396400,100396400,67268976,36
runs_2,shuffled,shuffled,many_queries,i64,41,1000000,10000,2,10000,0,20000,14,14,14,sweep,0,1,213140800,213140800,97714544,56
runs_2,shuffled,shuffled,many_queries,i64,41,1000000,10000,2,10000,0,20000,14,14,14,ordered,0,1,79446000,79446000,64160112,18
runs_2,shuffled,shuffled,many_queries,i64,41,1000000,10000,2,10000,0,20000,14,14,14,hybrid,0,1,210270200,210270200,97714544,56
runs_2,shuffled,shuffled,many_queries,i64,41,1000000,10000,2,10000,0,20000,14,14,14,sweep,1,1,231230900,231230900,97714544,56
runs_2,shuffled,shuffled,many_queries,i64,41,1000000,10000,2,10000,0,20000,14,14,14,ordered,1,1,107516500,107516500,64160112,18
runs_2,shuffled,shuffled,many_queries,i64,41,1000000,10000,2,10000,0,20000,14,14,14,hybrid,1,1,236099100,236099100,97714544,56
runs_2,shuffled,shuffled,many_queries,i64,41,1000000,10000,2,10000,0,20000,14,14,14,binary,1,1,129552100,129552100,67268976,36
runs_2,shuffled,shuffled,many_queries,i64,41,1000000,10000,2,10000,0,20000,14,14,14,ordered,2,1,107592700,107592700,64160112,18
runs_2,shuffled,shuffled,many_queries,i64,41,1000000,10000,2,10000,0,20000,14,14,14,hybrid,2,1,209706700,209706700,97714544,56
runs_2,shuffled,shuffled,many_queries,i64,41,1000000,10000,2,10000,0,20000,14,14,14,binary,2,1,101481100,101481100,67268976,36
runs_2,shuffled,shuffled,many_queries,i64,41,1000000,10000,2,10000,0,20000,14,14,14,sweep,2,1,205482600,205482600,97714544,56
runs_2,shuffled,shuffled,many_queries,i64,41,1000000,10000,2,10000,0,20000,14,14,14,hybrid,3,1,210724700,210724700,97714544,56
runs_2,shuffled,shuffled,many_queries,i64,41,1000000,10000,2,10000,0,20000,14,14,14,binary,3,1,98420200,98420200,67268976,36
runs_2,shuffled,shuffled,many_queries,i64,41,1000000,10000,2,10000,0,20000,14,14,14,sweep,3,1,217357600,217357600,97714544,56
runs_2,shuffled,shuffled,many_queries,i64,41,1000000,10000,2,10000,0,20000,14,14,14,ordered,3,1,78034200,78034200,64160112,18
runs_2,shuffled,shuffled,many_queries,i64,41,1000000,10000,2,10000,0,20000,14,14,14,binary,4,1,100059300,100059300,67268976,36
runs_2,shuffled,shuffled,many_queries,i64,41,1000000,10000,2,10000,0,20000,14,14,14,sweep,4,1,224909900,224909900,97714544,56
runs_2,shuffled,shuffled,many_queries,i64,41,1000000,10000,2,10000,0,20000,14,14,14,ordered,4,1,106925400,106925400,64160112,18
runs_2,shuffled,shuffled,many_queries,i64,41,1000000,10000,2,10000,0,20000,14,14,14,hybrid,4,1,238683400,238683400,97714544,56
runs_8,shuffled,shuffled,balanced,i64,7,1000000,1000000,8,1000000,0,2000000,14,14,14,binary,0,1,352034800,352034800,83109136,43
runs_8,shuffled,shuffled,balanced,i64,7,1000000,1000000,8,1000000,0,2000000,14,14,14,sweep,0,1,304470800,304470800,113554704,63
runs_8,shuffled,shuffled,balanced,i64,7,1000000,1000000,8,1000000,0,2000000,14,14,14,ordered,0,1,354054600,354054600,80000272,25
runs_8,shuffled,shuffled,balanced,i64,7,1000000,1000000,8,1000000,0,2000000,14,14,14,hybrid,0,1,298362900,298362900,113554704,63
runs_8,shuffled,shuffled,balanced,i64,7,1000000,1000000,8,1000000,0,2000000,14,14,14,sweep,1,1,310069700,310069700,113554704,63
runs_8,shuffled,shuffled,balanced,i64,7,1000000,1000000,8,1000000,0,2000000,14,14,14,ordered,1,1,349524100,349524100,80000272,25
runs_8,shuffled,shuffled,balanced,i64,7,1000000,1000000,8,1000000,0,2000000,14,14,14,hybrid,1,1,276139800,276139800,113554704,63
runs_8,shuffled,shuffled,balanced,i64,7,1000000,1000000,8,1000000,0,2000000,14,14,14,binary,1,1,350867900,350867900,83109136,43
runs_8,shuffled,shuffled,balanced,i64,7,1000000,1000000,8,1000000,0,2000000,14,14,14,ordered,2,1,324824000,324824000,80000272,25
runs_8,shuffled,shuffled,balanced,i64,7,1000000,1000000,8,1000000,0,2000000,14,14,14,hybrid,2,1,282470900,282470900,113554704,63
runs_8,shuffled,shuffled,balanced,i64,7,1000000,1000000,8,1000000,0,2000000,14,14,14,binary,2,1,392184100,392184100,83109136,43
runs_8,shuffled,shuffled,balanced,i64,7,1000000,1000000,8,1000000,0,2000000,14,14,14,sweep,2,1,276786400,276786400,113554704,63
runs_8,shuffled,shuffled,balanced,i64,7,1000000,1000000,8,1000000,0,2000000,14,14,14,hybrid,3,1,264071900,264071900,113554704,63
runs_8,shuffled,shuffled,balanced,i64,7,1000000,1000000,8,1000000,0,2000000,14,14,14,binary,3,1,332158800,332158800,83109136,43
runs_8,shuffled,shuffled,balanced,i64,7,1000000,1000000,8,1000000,0,2000000,14,14,14,sweep,3,1,270567600,270567600,113554704,63
runs_8,shuffled,shuffled,balanced,i64,7,1000000,1000000,8,1000000,0,2000000,14,14,14,ordered,3,1,366217600,366217600,80000272,25
runs_8,shuffled,shuffled,balanced,i64,7,1000000,1000000,8,1000000,0,2000000,14,14,14,binary,4,1,367044300,367044300,83109136,43
runs_8,shuffled,shuffled,balanced,i64,7,1000000,1000000,8,1000000,0,2000000,14,14,14,sweep,4,1,280818200,280818200,113554704,63
runs_8,shuffled,shuffled,balanced,i64,7,1000000,1000000,8,1000000,0,2000000,14,14,14,ordered,4,1,295831000,295831000,80000272,25
runs_8,shuffled,shuffled,balanced,i64,7,1000000,1000000,8,1000000,0,2000000,14,14,14,hybrid,4,1,303749900,303749900,113554704,63
runs_8,shuffled,shuffled,balanced,i64,41,1000000,1000000,8,1000000,0,2000000,14,14,14,binary,0,1,384900600,384900600,83109136,43
runs_8,shuffled,shuffled,balanced,i64,41,1000000,1000000,8,1000000,0,2000000,14,14,14,sweep,0,1,270144100,270144100,113554704,63
runs_8,shuffled,shuffled,balanced,i64,41,1000000,1000000,8,1000000,0,2000000,14,14,14,ordered,0,1,389276400,389276400,80000272,25
runs_8,shuffled,shuffled,balanced,i64,41,1000000,1000000,8,1000000,0,2000000,14,14,14,hybrid,0,1,333725500,333725500,113554704,63
runs_8,shuffled,shuffled,balanced,i64,41,1000000,1000000,8,1000000,0,2000000,14,14,14,sweep,1,1,333565800,333565800,113554704,63
runs_8,shuffled,shuffled,balanced,i64,41,1000000,1000000,8,1000000,0,2000000,14,14,14,ordered,1,1,401019000,401019000,80000272,25
runs_8,shuffled,shuffled,balanced,i64,41,1000000,1000000,8,1000000,0,2000000,14,14,14,hybrid,1,1,342318100,342318100,113554704,63
runs_8,shuffled,shuffled,balanced,i64,41,1000000,1000000,8,1000000,0,2000000,14,14,14,binary,1,1,435913300,435913300,83109136,43
runs_8,shuffled,shuffled,balanced,i64,41,1000000,1000000,8,1000000,0,2000000,14,14,14,ordered,2,1,376463500,376463500,80000272,25
runs_8,shuffled,shuffled,balanced,i64,41,1000000,1000000,8,1000000,0,2000000,14,14,14,hybrid,2,1,326089900,326089900,113554704,63
runs_8,shuffled,shuffled,balanced,i64,41,1000000,1000000,8,1000000,0,2000000,14,14,14,binary,2,1,387276100,387276100,83109136,43
runs_8,shuffled,shuffled,balanced,i64,41,1000000,1000000,8,1000000,0,2000000,14,14,14,sweep,2,1,307530300,307530300,113554704,63
runs_8,shuffled,shuffled,balanced,i64,41,1000000,1000000,8,1000000,0,2000000,14,14,14,hybrid,3,1,282575500,282575500,113554704,63
runs_8,shuffled,shuffled,balanced,i64,41,1000000,1000000,8,1000000,0,2000000,14,14,14,binary,3,1,351180400,351180400,83109136,43
runs_8,shuffled,shuffled,balanced,i64,41,1000000,1000000,8,1000000,0,2000000,14,14,14,sweep,3,1,292879000,292879000,113554704,63
runs_8,shuffled,shuffled,balanced,i64,41,1000000,1000000,8,1000000,0,2000000,14,14,14,ordered,3,1,378735400,378735400,80000272,25
runs_8,shuffled,shuffled,balanced,i64,41,1000000,1000000,8,1000000,0,2000000,14,14,14,binary,4,1,382300500,382300500,83109136,43
runs_8,shuffled,shuffled,balanced,i64,41,1000000,1000000,8,1000000,0,2000000,14,14,14,sweep,4,1,279114500,279114500,113554704,63
runs_8,shuffled,shuffled,balanced,i64,41,1000000,1000000,8,1000000,0,2000000,14,14,14,ordered,4,1,302837000,302837000,80000272,25
runs_8,shuffled,shuffled,balanced,i64,41,1000000,1000000,8,1000000,0,2000000,14,14,14,hybrid,4,1,269705300,269705300,113554704,63
runs_8,shuffled,shuffled,few_queries,i64,7,10000,1000000,8,1000000,0,2000000,14,14,14,binary,0,1,44352500,44352500,32777344,37
runs_8,shuffled,shuffled,few_queries,i64,7,10000,1000000,8,1000000,0,2000000,14,14,14,sweep,0,1,42538500,42538500,32777344,51
runs_8,shuffled,shuffled,few_queries,i64,7,10000,1000000,8,1000000,0,2000000,14,14,14,ordered,0,1,49763100,49763100,32777344,25
runs_8,shuffled,shuffled,few_queries,i64,7,10000,1000000,8,1000000,0,2000000,14,14,14,hybrid,0,1,45815800,45815800,32777344,25
runs_8,shuffled,shuffled,few_queries,i64,7,10000,1000000,8,1000000,0,2000000,14,14,14,sweep,1,1,43029900,43029900,32777344,51
runs_8,shuffled,shuffled,few_queries,i64,7,10000,1000000,8,1000000,0,2000000,14,14,14,ordered,1,1,55035600,55035600,32777344,25
runs_8,shuffled,shuffled,few_queries,i64,7,10000,1000000,8,1000000,0,2000000,14,14,14,hybrid,1,1,54302200,54302200,32777344,25
runs_8,shuffled,shuffled,few_queries,i64,7,10000,1000000,8,1000000,0,2000000,14,14,14,binary,1,1,51050000,51050000,32777344,37
runs_8,shuffled,shuffled,few_queries,i64,7,10000,1000000,8,1000000,0,2000000,14,14,14,ordered,2,1,65716600,65716600,32777344,25
runs_8,shuffled,shuffled,few_queries,i64,7,10000,1000000,8,1000000,0,2000000,14,14,14,hybrid,2,1,62975900,62975900,32777344,25
runs_8,shuffled,shuffled,few_queries,i64,7,10000,1000000,8,1000000,0,2000000,14,14,14,binary,2,1,56873000,56873000,32777344,37
runs_8,shuffled,shuffled,few_queries,i64,7,10000,1000000,8,1000000,0,2000000,14,14,14,sweep,2,1,52259600,52259600,32777344,51
runs_8,shuffled,shuffled,few_queries,i64,7,10000,1000000,8,1000000,0,2000000,14,14,14,hybrid,3,1,61062700,61062700,32777344,25
runs_8,shuffled,shuffled,few_queries,i64,7,10000,1000000,8,1000000,0,2000000,14,14,14,binary,3,1,62096200,62096200,32777344,37
runs_8,shuffled,shuffled,few_queries,i64,7,10000,1000000,8,1000000,0,2000000,14,14,14,sweep,3,1,55825300,55825300,32777344,51
runs_8,shuffled,shuffled,few_queries,i64,7,10000,1000000,8,1000000,0,2000000,14,14,14,ordered,3,1,63494600,63494600,32777344,25
runs_8,shuffled,shuffled,few_queries,i64,7,10000,1000000,8,1000000,0,2000000,14,14,14,binary,4,1,57824100,57824100,32777344,37
runs_8,shuffled,shuffled,few_queries,i64,7,10000,1000000,8,1000000,0,2000000,14,14,14,sweep,4,1,45648900,45648900,32777344,51
runs_8,shuffled,shuffled,few_queries,i64,7,10000,1000000,8,1000000,0,2000000,14,14,14,ordered,4,1,46207200,46207200,32777344,25
runs_8,shuffled,shuffled,few_queries,i64,7,10000,1000000,8,1000000,0,2000000,14,14,14,hybrid,4,1,45886500,45886500,32777344,25
runs_8,shuffled,shuffled,few_queries,i64,41,10000,1000000,8,1000000,0,2000000,14,14,14,binary,0,1,54201700,54201700,32777344,37
runs_8,shuffled,shuffled,few_queries,i64,41,10000,1000000,8,1000000,0,2000000,14,14,14,sweep,0,1,45102900,45102900,32777344,51
runs_8,shuffled,shuffled,few_queries,i64,41,10000,1000000,8,1000000,0,2000000,14,14,14,ordered,0,1,51796200,51796200,32777344,25
runs_8,shuffled,shuffled,few_queries,i64,41,10000,1000000,8,1000000,0,2000000,14,14,14,hybrid,0,1,52186000,52186000,32777344,25
runs_8,shuffled,shuffled,few_queries,i64,41,10000,1000000,8,1000000,0,2000000,14,14,14,sweep,1,1,53425900,53425900,32777344,51
runs_8,shuffled,shuffled,few_queries,i64,41,10000,1000000,8,1000000,0,2000000,14,14,14,ordered,1,1,58138700,58138700,32777344,25
runs_8,shuffled,shuffled,few_queries,i64,41,10000,1000000,8,1000000,0,2000000,14,14,14,hybrid,1,1,62772600,62772600,32777344,25
runs_8,shuffled,shuffled,few_queries,i64,41,10000,1000000,8,1000000,0,2000000,14,14,14,binary,1,1,62778700,62778700,32777344,37
runs_8,shuffled,shuffled,few_queries,i64,41,10000,1000000,8,1000000,0,2000000,14,14,14,ordered,2,1,57120600,57120600,32777344,25
runs_8,shuffled,shuffled,few_queries,i64,41,10000,1000000,8,1000000,0,2000000,14,14,14,hybrid,2,1,58972500,58972500,32777344,25
runs_8,shuffled,shuffled,few_queries,i64,41,10000,1000000,8,1000000,0,2000000,14,14,14,binary,2,1,58914000,58914000,32777344,37
runs_8,shuffled,shuffled,few_queries,i64,41,10000,1000000,8,1000000,0,2000000,14,14,14,sweep,2,1,62794200,62794200,32777344,51
runs_8,shuffled,shuffled,few_queries,i64,41,10000,1000000,8,1000000,0,2000000,14,14,14,hybrid,3,1,62543200,62543200,32777344,25
runs_8,shuffled,shuffled,few_queries,i64,41,10000,1000000,8,1000000,0,2000000,14,14,14,binary,3,1,58211700,58211700,32777344,37
runs_8,shuffled,shuffled,few_queries,i64,41,10000,1000000,8,1000000,0,2000000,14,14,14,sweep,3,1,46248100,46248100,32777344,51
runs_8,shuffled,shuffled,few_queries,i64,41,10000,1000000,8,1000000,0,2000000,14,14,14,ordered,3,1,48603800,48603800,32777344,25
runs_8,shuffled,shuffled,few_queries,i64,41,10000,1000000,8,1000000,0,2000000,14,14,14,binary,4,1,48757400,48757400,32777344,37
runs_8,shuffled,shuffled,few_queries,i64,41,10000,1000000,8,1000000,0,2000000,14,14,14,sweep,4,1,50705500,50705500,32777344,51
runs_8,shuffled,shuffled,few_queries,i64,41,10000,1000000,8,1000000,0,2000000,14,14,14,ordered,4,1,49718500,49718500,32777344,25
runs_8,shuffled,shuffled,few_queries,i64,41,10000,1000000,8,1000000,0,2000000,14,14,14,hybrid,4,1,48450900,48450900,32777344,25
runs_8,shuffled,shuffled,many_queries,i64,7,1000000,10000,8,10000,0,20000,14,14,14,binary,0,1,149450300,149450300,67269136,37
runs_8,shuffled,shuffled,many_queries,i64,7,1000000,10000,8,10000,0,20000,14,14,14,sweep,0,1,252031300,252031300,97714704,57
runs_8,shuffled,shuffled,many_queries,i64,7,1000000,10000,8,10000,0,20000,14,14,14,ordered,0,1,89518300,89518300,64160272,19
runs_8,shuffled,shuffled,many_queries,i64,7,1000000,10000,8,10000,0,20000,14,14,14,hybrid,0,1,209774600,209774600,97714704,57
runs_8,shuffled,shuffled,many_queries,i64,7,1000000,10000,8,10000,0,20000,14,14,14,sweep,1,1,213474100,213474100,97714704,57
runs_8,shuffled,shuffled,many_queries,i64,7,1000000,10000,8,10000,0,20000,14,14,14,ordered,1,1,86495400,86495400,64160272,19
runs_8,shuffled,shuffled,many_queries,i64,7,1000000,10000,8,10000,0,20000,14,14,14,hybrid,1,1,215195300,215195300,97714704,57
runs_8,shuffled,shuffled,many_queries,i64,7,1000000,10000,8,10000,0,20000,14,14,14,binary,1,1,143261800,143261800,67269136,37
runs_8,shuffled,shuffled,many_queries,i64,7,1000000,10000,8,10000,0,20000,14,14,14,ordered,2,1,114990800,114990800,64160272,19
runs_8,shuffled,shuffled,many_queries,i64,7,1000000,10000,8,10000,0,20000,14,14,14,hybrid,2,1,243889500,243889500,97714704,57
runs_8,shuffled,shuffled,many_queries,i64,7,1000000,10000,8,10000,0,20000,14,14,14,binary,2,1,158418700,158418700,67269136,37
runs_8,shuffled,shuffled,many_queries,i64,7,1000000,10000,8,10000,0,20000,14,14,14,sweep,2,1,236222600,236222600,97714704,57
runs_8,shuffled,shuffled,many_queries,i64,7,1000000,10000,8,10000,0,20000,14,14,14,hybrid,3,1,231407800,231407800,97714704,57
runs_8,shuffled,shuffled,many_queries,i64,7,1000000,10000,8,10000,0,20000,14,14,14,binary,3,1,138444600,138444600,67269136,37
runs_8,shuffled,shuffled,many_queries,i64,7,1000000,10000,8,10000,0,20000,14,14,14,sweep,3,1,218317200,218317200,97714704,57
runs_8,shuffled,shuffled,many_queries,i64,7,1000000,10000,8,10000,0,20000,14,14,14,ordered,3,1,102649700,102649700,64160272,19
runs_8,shuffled,shuffled,many_queries,i64,7,1000000,10000,8,10000,0,20000,14,14,14,binary,4,1,108303800,108303800,67269136,37
runs_8,shuffled,shuffled,many_queries,i64,7,1000000,10000,8,10000,0,20000,14,14,14,sweep,4,1,224595300,224595300,97714704,57
runs_8,shuffled,shuffled,many_queries,i64,7,1000000,10000,8,10000,0,20000,14,14,14,ordered,4,1,105165000,105165000,64160272,19
runs_8,shuffled,shuffled,many_queries,i64,7,1000000,10000,8,10000,0,20000,14,14,14,hybrid,4,1,221267900,221267900,97714704,57
runs_8,shuffled,shuffled,many_queries,i64,41,1000000,10000,8,10000,0,20000,14,14,14,binary,0,1,118951900,118951900,67269136,37
runs_8,shuffled,shuffled,many_queries,i64,41,1000000,10000,8,10000,0,20000,14,14,14,sweep,0,1,246745300,246745300,97714704,57
runs_8,shuffled,shuffled,many_queries,i64,41,1000000,10000,8,10000,0,20000,14,14,14,ordered,0,1,121385800,121385800,64160272,19
runs_8,shuffled,shuffled,many_queries,i64,41,1000000,10000,8,10000,0,20000,14,14,14,hybrid,0,1,227487700,227487700,97714704,57
runs_8,shuffled,shuffled,many_queries,i64,41,1000000,10000,8,10000,0,20000,14,14,14,sweep,1,1,211124300,211124300,97714704,57
runs_8,shuffled,shuffled,many_queries,i64,41,1000000,10000,8,10000,0,20000,14,14,14,ordered,1,1,86470500,86470500,64160272,19
runs_8,shuffled,shuffled,many_queries,i64,41,1000000,10000,8,10000,0,20000,14,14,14,hybrid,1,1,210998700,210998700,97714704,57
runs_8,shuffled,shuffled,many_queries,i64,41,1000000,10000,8,10000,0,20000,14,14,14,binary,1,1,111389900,111389900,67269136,37
runs_8,shuffled,shuffled,many_queries,i64,41,1000000,10000,8,10000,0,20000,14,14,14,ordered,2,1,93346100,93346100,64160272,19
runs_8,shuffled,shuffled,many_queries,i64,41,1000000,10000,8,10000,0,20000,14,14,14,hybrid,2,1,224799200,224799200,97714704,57
runs_8,shuffled,shuffled,many_queries,i64,41,1000000,10000,8,10000,0,20000,14,14,14,binary,2,1,108668500,108668500,67269136,37
runs_8,shuffled,shuffled,many_queries,i64,41,1000000,10000,8,10000,0,20000,14,14,14,sweep,2,1,237110100,237110100,97714704,57
runs_8,shuffled,shuffled,many_queries,i64,41,1000000,10000,8,10000,0,20000,14,14,14,hybrid,3,1,207370800,207370800,97714704,57
runs_8,shuffled,shuffled,many_queries,i64,41,1000000,10000,8,10000,0,20000,14,14,14,binary,3,1,111260600,111260600,67269136,37
runs_8,shuffled,shuffled,many_queries,i64,41,1000000,10000,8,10000,0,20000,14,14,14,sweep,3,1,256013300,256013300,97714704,57
runs_8,shuffled,shuffled,many_queries,i64,41,1000000,10000,8,10000,0,20000,14,14,14,ordered,3,1,126095500,126095500,64160272,19
runs_8,shuffled,shuffled,many_queries,i64,41,1000000,10000,8,10000,0,20000,14,14,14,binary,4,1,155819000,155819000,67269136,37
runs_8,shuffled,shuffled,many_queries,i64,41,1000000,10000,8,10000,0,20000,14,14,14,sweep,4,1,238082300,238082300,97714704,57
runs_8,shuffled,shuffled,many_queries,i64,41,1000000,10000,8,10000,0,20000,14,14,14,ordered,4,1,124605400,124605400,64160272,19
runs_8,shuffled,shuffled,many_queries,i64,41,1000000,10000,8,10000,0,20000,14,14,14,hybrid,4,1,228842300,228842300,97714704,57
runs_32,shuffled,shuffled,balanced,i64,7,1000000,1000000,32,1000000,0,2000000,14,14,14,binary,0,1,499178000,499178000,83109904,45
runs_32,shuffled,shuffled,balanced,i64,7,1000000,1000000,32,1000000,0,2000000,14,14,14,sweep,0,1,314387300,314387300,113555472,65
runs_32,shuffled,shuffled,balanced,i64,7,1000000,1000000,32,1000000,0,2000000,14,14,14,ordered,0,1,371131000,371131000,80001040,27
runs_32,shuffled,shuffled,balanced,i64,7,1000000,1000000,32,1000000,0,2000000,14,14,14,hybrid,0,1,308288700,308288700,113555472,65
runs_32,shuffled,shuffled,balanced,i64,7,1000000,1000000,32,1000000,0,2000000,14,14,14,sweep,1,1,267777800,267777800,113555472,65
runs_32,shuffled,shuffled,balanced,i64,7,1000000,1000000,32,1000000,0,2000000,14,14,14,ordered,1,1,322863100,322863100,80001040,27
runs_32,shuffled,shuffled,balanced,i64,7,1000000,1000000,32,1000000,0,2000000,14,14,14,hybrid,1,1,271476800,271476800,113555472,65
runs_32,shuffled,shuffled,balanced,i64,7,1000000,1000000,32,1000000,0,2000000,14,14,14,binary,1,1,354559100,354559100,83109904,45
runs_32,shuffled,shuffled,balanced,i64,7,1000000,1000000,32,1000000,0,2000000,14,14,14,ordered,2,1,321103600,321103600,80001040,27
runs_32,shuffled,shuffled,balanced,i64,7,1000000,1000000,32,1000000,0,2000000,14,14,14,hybrid,2,1,270495600,270495600,113555472,65
runs_32,shuffled,shuffled,balanced,i64,7,1000000,1000000,32,1000000,0,2000000,14,14,14,binary,2,1,419104600,419104600,83109904,45
runs_32,shuffled,shuffled,balanced,i64,7,1000000,1000000,32,1000000,0,2000000,14,14,14,sweep,2,1,268615700,268615700,113555472,65
runs_32,shuffled,shuffled,balanced,i64,7,1000000,1000000,32,1000000,0,2000000,14,14,14,hybrid,3,1,299286500,299286500,113555472,65
runs_32,shuffled,shuffled,balanced,i64,7,1000000,1000000,32,1000000,0,2000000,14,14,14,binary,3,1,408142400,408142400,83109904,45
runs_32,shuffled,shuffled,balanced,i64,7,1000000,1000000,32,1000000,0,2000000,14,14,14,sweep,3,1,306933500,306933500,113555472,65
runs_32,shuffled,shuffled,balanced,i64,7,1000000,1000000,32,1000000,0,2000000,14,14,14,ordered,3,1,365458400,365458400,80001040,27
runs_32,shuffled,shuffled,balanced,i64,7,1000000,1000000,32,1000000,0,2000000,14,14,14,binary,4,1,362327100,362327100,83109904,45
runs_32,shuffled,shuffled,balanced,i64,7,1000000,1000000,32,1000000,0,2000000,14,14,14,sweep,4,1,287093900,287093900,113555472,65
runs_32,shuffled,shuffled,balanced,i64,7,1000000,1000000,32,1000000,0,2000000,14,14,14,ordered,4,1,449687900,449687900,80001040,27
runs_32,shuffled,shuffled,balanced,i64,7,1000000,1000000,32,1000000,0,2000000,14,14,14,hybrid,4,1,326409400,326409400,113555472,65
runs_32,shuffled,shuffled,balanced,i64,41,1000000,1000000,32,1000000,0,2000000,14,14,14,binary,0,1,482269000,482269000,83109904,45
runs_32,shuffled,shuffled,balanced,i64,41,1000000,1000000,32,1000000,0,2000000,14,14,14,sweep,0,1,314323100,314323100,113555472,65
runs_32,shuffled,shuffled,balanced,i64,41,1000000,1000000,32,1000000,0,2000000,14,14,14,ordered,0,1,481486300,481486300,80001040,27
runs_32,shuffled,shuffled,balanced,i64,41,1000000,1000000,32,1000000,0,2000000,14,14,14,hybrid,0,1,332344700,332344700,113555472,65
runs_32,shuffled,shuffled,balanced,i64,41,1000000,1000000,32,1000000,0,2000000,14,14,14,sweep,1,1,304791100,304791100,113555472,65
runs_32,shuffled,shuffled,balanced,i64,41,1000000,1000000,32,1000000,0,2000000,14,14,14,ordered,1,1,333950400,333950400,80001040,27
runs_32,shuffled,shuffled,balanced,i64,41,1000000,1000000,32,1000000,0,2000000,14,14,14,hybrid,1,1,303899900,303899900,113555472,65
runs_32,shuffled,shuffled,balanced,i64,41,1000000,1000000,32,1000000,0,2000000,14,14,14,binary,1,1,383441200,383441200,83109904,45
runs_32,shuffled,shuffled,balanced,i64,41,1000000,1000000,32,1000000,0,2000000,14,14,14,ordered,2,1,407869700,407869700,80001040,27
runs_32,shuffled,shuffled,balanced,i64,41,1000000,1000000,32,1000000,0,2000000,14,14,14,hybrid,2,1,283923500,283923500,113555472,65
runs_32,shuffled,shuffled,balanced,i64,41,1000000,1000000,32,1000000,0,2000000,14,14,14,binary,2,1,364108400,364108400,83109904,45
runs_32,shuffled,shuffled,balanced,i64,41,1000000,1000000,32,1000000,0,2000000,14,14,14,sweep,2,1,286661800,286661800,113555472,65
runs_32,shuffled,shuffled,balanced,i64,41,1000000,1000000,32,1000000,0,2000000,14,14,14,hybrid,3,1,279724600,279724600,113555472,65
runs_32,shuffled,shuffled,balanced,i64,41,1000000,1000000,32,1000000,0,2000000,14,14,14,binary,3,1,388644600,388644600,83109904,45
runs_32,shuffled,shuffled,balanced,i64,41,1000000,1000000,32,1000000,0,2000000,14,14,14,sweep,3,1,267792400,267792400,113555472,65
runs_32,shuffled,shuffled,balanced,i64,41,1000000,1000000,32,1000000,0,2000000,14,14,14,ordered,3,1,347061800,347061800,80001040,27
runs_32,shuffled,shuffled,balanced,i64,41,1000000,1000000,32,1000000,0,2000000,14,14,14,binary,4,1,400150500,400150500,83109904,45
runs_32,shuffled,shuffled,balanced,i64,41,1000000,1000000,32,1000000,0,2000000,14,14,14,sweep,4,1,295543300,295543300,113555472,65
runs_32,shuffled,shuffled,balanced,i64,41,1000000,1000000,32,1000000,0,2000000,14,14,14,ordered,4,1,297725700,297725700,80001040,27
runs_32,shuffled,shuffled,balanced,i64,41,1000000,1000000,32,1000000,0,2000000,14,14,14,hybrid,4,1,315447500,315447500,113555472,65
runs_32,shuffled,shuffled,few_queries,i64,7,10000,1000000,32,1000000,0,2000000,14,14,14,binary,0,1,50684500,50684500,32777728,39
runs_32,shuffled,shuffled,few_queries,i64,7,10000,1000000,32,1000000,0,2000000,14,14,14,sweep,0,1,52112800,52112800,32777728,53
runs_32,shuffled,shuffled,few_queries,i64,7,10000,1000000,32,1000000,0,2000000,14,14,14,ordered,0,1,53536100,53536100,32777728,27
runs_32,shuffled,shuffled,few_queries,i64,7,10000,1000000,32,1000000,0,2000000,14,14,14,hybrid,0,1,46124500,46124500,32777728,27
runs_32,shuffled,shuffled,few_queries,i64,7,10000,1000000,32,1000000,0,2000000,14,14,14,sweep,1,1,50363600,50363600,32777728,53
runs_32,shuffled,shuffled,few_queries,i64,7,10000,1000000,32,1000000,0,2000000,14,14,14,ordered,1,1,54986900,54986900,32777728,27
runs_32,shuffled,shuffled,few_queries,i64,7,10000,1000000,32,1000000,0,2000000,14,14,14,hybrid,1,1,55380300,55380300,32777728,27
runs_32,shuffled,shuffled,few_queries,i64,7,10000,1000000,32,1000000,0,2000000,14,14,14,binary,1,1,55387500,55387500,32777728,39
runs_32,shuffled,shuffled,few_queries,i64,7,10000,1000000,32,1000000,0,2000000,14,14,14,ordered,2,1,55137100,55137100,32777728,27
runs_32,shuffled,shuffled,few_queries,i64,7,10000,1000000,32,1000000,0,2000000,14,14,14,hybrid,2,1,54155900,54155900,32777728,27
runs_32,shuffled,shuffled,few_queries,i64,7,10000,1000000,32,1000000,0,2000000,14,14,14,binary,2,1,54607200,54607200,32777728,39
runs_32,shuffled,shuffled,few_queries,i64,7,10000,1000000,32,1000000,0,2000000,14,14,14,sweep,2,1,46103000,46103000,32777728,53
runs_32,shuffled,shuffled,few_queries,i64,7,10000,1000000,32,1000000,0,2000000,14,14,14,hybrid,3,1,53895800,53895800,32777728,27
runs_32,shuffled,shuffled,few_queries,i64,7,10000,1000000,32,1000000,0,2000000,14,14,14,binary,3,1,54315700,54315700,32777728,39
runs_32,shuffled,shuffled,few_queries,i64,7,10000,1000000,32,1000000,0,2000000,14,14,14,sweep,3,1,45178600,45178600,32777728,53
runs_32,shuffled,shuffled,few_queries,i64,7,10000,1000000,32,1000000,0,2000000,14,14,14,ordered,3,1,50258700,50258700,32777728,27
runs_32,shuffled,shuffled,few_queries,i64,7,10000,1000000,32,1000000,0,2000000,14,14,14,binary,4,1,52809300,52809300,32777728,39
runs_32,shuffled,shuffled,few_queries,i64,7,10000,1000000,32,1000000,0,2000000,14,14,14,sweep,4,1,43660700,43660700,32777728,53
runs_32,shuffled,shuffled,few_queries,i64,7,10000,1000000,32,1000000,0,2000000,14,14,14,ordered,4,1,44209400,44209400,32777728,27
runs_32,shuffled,shuffled,few_queries,i64,7,10000,1000000,32,1000000,0,2000000,14,14,14,hybrid,4,1,54842200,54842200,32777728,27
runs_32,shuffled,shuffled,few_queries,i64,41,10000,1000000,32,1000000,0,2000000,14,14,14,binary,0,1,56043000,56043000,32777728,39
runs_32,shuffled,shuffled,few_queries,i64,41,10000,1000000,32,1000000,0,2000000,14,14,14,sweep,0,1,51310000,51310000,32777728,53
runs_32,shuffled,shuffled,few_queries,i64,41,10000,1000000,32,1000000,0,2000000,14,14,14,ordered,0,1,54127100,54127100,32777728,27
runs_32,shuffled,shuffled,few_queries,i64,41,10000,1000000,32,1000000,0,2000000,14,14,14,hybrid,0,1,54640600,54640600,32777728,27
runs_32,shuffled,shuffled,few_queries,i64,41,10000,1000000,32,1000000,0,2000000,14,14,14,sweep,1,1,51002500,51002500,32777728,53
runs_32,shuffled,shuffled,few_queries,i64,41,10000,1000000,32,1000000,0,2000000,14,14,14,ordered,1,1,54072100,54072100,32777728,27
runs_32,shuffled,shuffled,few_queries,i64,41,10000,1000000,32,1000000,0,2000000,14,14,14,hybrid,1,1,53939900,53939900,32777728,27
runs_32,shuffled,shuffled,few_queries,i64,41,10000,1000000,32,1000000,0,2000000,14,14,14,binary,1,1,54677600,54677600,32777728,39
runs_32,shuffled,shuffled,few_queries,i64,41,10000,1000000,32,1000000,0,2000000,14,14,14,ordered,2,1,54132400,54132400,32777728,27
runs_32,shuffled,shuffled,few_queries,i64,41,10000,1000000,32,1000000,0,2000000,14,14,14,hybrid,2,1,54890400,54890400,32777728,27
runs_32,shuffled,shuffled,few_queries,i64,41,10000,1000000,32,1000000,0,2000000,14,14,14,binary,2,1,48537200,48537200,32777728,39
runs_32,shuffled,shuffled,few_queries,i64,41,10000,1000000,32,1000000,0,2000000,14,14,14,sweep,2,1,51164100,51164100,32777728,53
runs_32,shuffled,shuffled,few_queries,i64,41,10000,1000000,32,1000000,0,2000000,14,14,14,hybrid,3,1,54019000,54019000,32777728,27
runs_32,shuffled,shuffled,few_queries,i64,41,10000,1000000,32,1000000,0,2000000,14,14,14,binary,3,1,55847900,55847900,32777728,39
runs_32,shuffled,shuffled,few_queries,i64,41,10000,1000000,32,1000000,0,2000000,14,14,14,sweep,3,1,51157100,51157100,32777728,53
runs_32,shuffled,shuffled,few_queries,i64,41,10000,1000000,32,1000000,0,2000000,14,14,14,ordered,3,1,54158600,54158600,32777728,27
runs_32,shuffled,shuffled,few_queries,i64,41,10000,1000000,32,1000000,0,2000000,14,14,14,binary,4,1,55080700,55080700,32777728,39
runs_32,shuffled,shuffled,few_queries,i64,41,10000,1000000,32,1000000,0,2000000,14,14,14,sweep,4,1,51223800,51223800,32777728,53
runs_32,shuffled,shuffled,few_queries,i64,41,10000,1000000,32,1000000,0,2000000,14,14,14,ordered,4,1,51045400,51045400,32777728,27
runs_32,shuffled,shuffled,few_queries,i64,41,10000,1000000,32,1000000,0,2000000,14,14,14,hybrid,4,1,45261100,45261100,32777728,27
runs_32,shuffled,shuffled,many_queries,i64,7,1000000,10000,32,10000,0,20000,14,14,14,binary,0,1,158924200,158924200,67269904,39
runs_32,shuffled,shuffled,many_queries,i64,7,1000000,10000,32,10000,0,20000,14,14,14,sweep,0,1,206366200,206366200,97715472,59
runs_32,shuffled,shuffled,many_queries,i64,7,1000000,10000,32,10000,0,20000,14,14,14,ordered,0,1,119909400,119909400,64161040,21
runs_32,shuffled,shuffled,many_queries,i64,7,1000000,10000,32,10000,0,20000,14,14,14,hybrid,0,1,214909700,214909700,97715472,59
runs_32,shuffled,shuffled,many_queries,i64,7,1000000,10000,32,10000,0,20000,14,14,14,sweep,1,1,236924200,236924200,97715472,59
runs_32,shuffled,shuffled,many_queries,i64,7,1000000,10000,32,10000,0,20000,14,14,14,ordered,1,1,141456900,141456900,64161040,21
runs_32,shuffled,shuffled,many_queries,i64,7,1000000,10000,32,10000,0,20000,14,14,14,hybrid,1,1,221439300,221439300,97715472,59
runs_32,shuffled,shuffled,many_queries,i64,7,1000000,10000,32,10000,0,20000,14,14,14,binary,1,1,162390900,162390900,67269904,39
runs_32,shuffled,shuffled,many_queries,i64,7,1000000,10000,32,10000,0,20000,14,14,14,ordered,2,1,140736600,140736600,64161040,21
runs_32,shuffled,shuffled,many_queries,i64,7,1000000,10000,32,10000,0,20000,14,14,14,hybrid,2,1,208719800,208719800,97715472,59
runs_32,shuffled,shuffled,many_queries,i64,7,1000000,10000,32,10000,0,20000,14,14,14,binary,2,1,147093500,147093500,67269904,39
runs_32,shuffled,shuffled,many_queries,i64,7,1000000,10000,32,10000,0,20000,14,14,14,sweep,2,1,213800900,213800900,97715472,59
runs_32,shuffled,shuffled,many_queries,i64,7,1000000,10000,32,10000,0,20000,14,14,14,hybrid,3,1,241750200,241750200,97715472,59
runs_32,shuffled,shuffled,many_queries,i64,7,1000000,10000,32,10000,0,20000,14,14,14,binary,3,1,166688000,166688000,67269904,39
runs_32,shuffled,shuffled,many_queries,i64,7,1000000,10000,32,10000,0,20000,14,14,14,sweep,3,1,237162200,237162200,97715472,59
runs_32,shuffled,shuffled,many_queries,i64,7,1000000,10000,32,10000,0,20000,14,14,14,ordered,3,1,141043300,141043300,64161040,21
runs_32,shuffled,shuffled,many_queries,i64,7,1000000,10000,32,10000,0,20000,14,14,14,binary,4,1,136968100,136968100,67269904,39
runs_32,shuffled,shuffled,many_queries,i64,7,1000000,10000,32,10000,0,20000,14,14,14,sweep,4,1,211546000,211546000,97715472,59
runs_32,shuffled,shuffled,many_queries,i64,7,1000000,10000,32,10000,0,20000,14,14,14,ordered,4,1,125242700,125242700,64161040,21
runs_32,shuffled,shuffled,many_queries,i64,7,1000000,10000,32,10000,0,20000,14,14,14,hybrid,4,1,237062300,237062300,97715472,59
runs_32,shuffled,shuffled,many_queries,i64,41,1000000,10000,32,10000,0,20000,14,14,14,binary,0,1,173507700,173507700,67269904,39
runs_32,shuffled,shuffled,many_queries,i64,41,1000000,10000,32,10000,0,20000,14,14,14,sweep,0,1,236626300,236626300,97715472,59
runs_32,shuffled,shuffled,many_queries,i64,41,1000000,10000,32,10000,0,20000,14,14,14,ordered,0,1,130243800,130243800,64161040,21
runs_32,shuffled,shuffled,many_queries,i64,41,1000000,10000,32,10000,0,20000,14,14,14,hybrid,0,1,207238600,207238600,97715472,59
runs_32,shuffled,shuffled,many_queries,i64,41,1000000,10000,32,10000,0,20000,14,14,14,sweep,1,1,207066400,207066400,97715472,59
runs_32,shuffled,shuffled,many_queries,i64,41,1000000,10000,32,10000,0,20000,14,14,14,ordered,1,1,96729800,96729800,64161040,21
runs_32,shuffled,shuffled,many_queries,i64,41,1000000,10000,32,10000,0,20000,14,14,14,hybrid,1,1,208065200,208065200,97715472,59
runs_32,shuffled,shuffled,many_queries,i64,41,1000000,10000,32,10000,0,20000,14,14,14,binary,1,1,152335800,152335800,67269904,39
runs_32,shuffled,shuffled,many_queries,i64,41,1000000,10000,32,10000,0,20000,14,14,14,ordered,2,1,96736300,96736300,64161040,21
runs_32,shuffled,shuffled,many_queries,i64,41,1000000,10000,32,10000,0,20000,14,14,14,hybrid,2,1,215572500,215572500,97715472,59
runs_32,shuffled,shuffled,many_queries,i64,41,1000000,10000,32,10000,0,20000,14,14,14,binary,2,1,173758400,173758400,67269904,39
runs_32,shuffled,shuffled,many_queries,i64,41,1000000,10000,32,10000,0,20000,14,14,14,sweep,2,1,224024100,224024100,97715472,59
runs_32,shuffled,shuffled,many_queries,i64,41,1000000,10000,32,10000,0,20000,14,14,14,hybrid,3,1,226209200,226209200,97715472,59
runs_32,shuffled,shuffled,many_queries,i64,41,1000000,10000,32,10000,0,20000,14,14,14,binary,3,1,171748900,171748900,67269904,39
runs_32,shuffled,shuffled,many_queries,i64,41,1000000,10000,32,10000,0,20000,14,14,14,sweep,3,1,218708100,218708100,97715472,59
runs_32,shuffled,shuffled,many_queries,i64,41,1000000,10000,32,10000,0,20000,14,14,14,ordered,3,1,120619100,120619100,64161040,21
runs_32,shuffled,shuffled,many_queries,i64,41,1000000,10000,32,10000,0,20000,14,14,14,binary,4,1,160509600,160509600,67269904,39
runs_32,shuffled,shuffled,many_queries,i64,41,1000000,10000,32,10000,0,20000,14,14,14,sweep,4,1,214042000,214042000,97715472,59
runs_32,shuffled,shuffled,many_queries,i64,41,1000000,10000,32,10000,0,20000,14,14,14,ordered,4,1,97497700,97497700,64161040,21
runs_32,shuffled,shuffled,many_queries,i64,41,1000000,10000,32,10000,0,20000,14,14,14,hybrid,4,1,213381900,213381900,97715472,59
runs_128,shuffled,shuffled,balanced,i64,7,1000000,1000000,128,1000000,0,2000000,14,14,14,binary,0,1,409344100,409344100,83112976,47
runs_128,shuffled,shuffled,balanced,i64,7,1000000,1000000,128,1000000,0,2000000,14,14,14,sweep,0,1,261970500,261970500,113558544,67
runs_128,shuffled,shuffled,balanced,i64,7,1000000,1000000,128,1000000,0,2000000,14,14,14,ordered,0,1,324144500,324144500,80004112,29
runs_128,shuffled,shuffled,balanced,i64,7,1000000,1000000,128,1000000,0,2000000,14,14,14,hybrid,0,1,262317800,262317800,113558544,67
runs_128,shuffled,shuffled,balanced,i64,7,1000000,1000000,128,1000000,0,2000000,14,14,14,sweep,1,1,286444600,286444600,113558544,67
runs_128,shuffled,shuffled,balanced,i64,7,1000000,1000000,128,1000000,0,2000000,14,14,14,ordered,1,1,380136300,380136300,80004112,29
runs_128,shuffled,shuffled,balanced,i64,7,1000000,1000000,128,1000000,0,2000000,14,14,14,hybrid,1,1,269911400,269911400,113558544,67
runs_128,shuffled,shuffled,balanced,i64,7,1000000,1000000,128,1000000,0,2000000,14,14,14,binary,1,1,359575500,359575500,83112976,47
runs_128,shuffled,shuffled,balanced,i64,7,1000000,1000000,128,1000000,0,2000000,14,14,14,ordered,2,1,386519800,386519800,80004112,29
runs_128,shuffled,shuffled,balanced,i64,7,1000000,1000000,128,1000000,0,2000000,14,14,14,hybrid,2,1,283645000,283645000,113558544,67
runs_128,shuffled,shuffled,balanced,i64,7,1000000,1000000,128,1000000,0,2000000,14,14,14,binary,2,1,506649800,506649800,83112976,47
runs_128,shuffled,shuffled,balanced,i64,7,1000000,1000000,128,1000000,0,2000000,14,14,14,sweep,2,1,279374900,279374900,113558544,67
runs_128,shuffled,shuffled,balanced,i64,7,1000000,1000000,128,1000000,0,2000000,14,14,14,hybrid,3,1,302177300,302177300,113558544,67
runs_128,shuffled,shuffled,balanced,i64,7,1000000,1000000,128,1000000,0,2000000,14,14,14,binary,3,1,467657400,467657400,83112976,47
runs_128,shuffled,shuffled,balanced,i64,7,1000000,1000000,128,1000000,0,2000000,14,14,14,sweep,3,1,295762400,295762400,113558544,67
runs_128,shuffled,shuffled,balanced,i64,7,1000000,1000000,128,1000000,0,2000000,14,14,14,ordered,3,1,385118100,385118100,80004112,29
runs_128,shuffled,shuffled,balanced,i64,7,1000000,1000000,128,1000000,0,2000000,14,14,14,binary,4,1,405265200,405265200,83112976,47
runs_128,shuffled,shuffled,balanced,i64,7,1000000,1000000,128,1000000,0,2000000,14,14,14,sweep,4,1,265699900,265699900,113558544,67
runs_128,shuffled,shuffled,balanced,i64,7,1000000,1000000,128,1000000,0,2000000,14,14,14,ordered,4,1,412135200,412135200,80004112,29
runs_128,shuffled,shuffled,balanced,i64,7,1000000,1000000,128,1000000,0,2000000,14,14,14,hybrid,4,1,279255500,279255500,113558544,67
runs_128,shuffled,shuffled,balanced,i64,41,1000000,1000000,128,1000000,0,2000000,14,14,14,binary,0,1,427217400,427217400,83112976,47
runs_128,shuffled,shuffled,balanced,i64,41,1000000,1000000,128,1000000,0,2000000,14,14,14,sweep,0,1,273790300,273790300,113558544,67
runs_128,shuffled,shuffled,balanced,i64,41,1000000,1000000,128,1000000,0,2000000,14,14,14,ordered,0,1,360218100,360218100,80004112,29
runs_128,shuffled,shuffled,balanced,i64,41,1000000,1000000,128,1000000,0,2000000,14,14,14,hybrid,0,1,280002000,280002000,113558544,67
runs_128,shuffled,shuffled,balanced,i64,41,1000000,1000000,128,1000000,0,2000000,14,14,14,sweep,1,1,305234100,305234100,113558544,67
runs_128,shuffled,shuffled,balanced,i64,41,1000000,1000000,128,1000000,0,2000000,14,14,14,ordered,1,1,458478900,458478900,80004112,29
runs_128,shuffled,shuffled,balanced,i64,41,1000000,1000000,128,1000000,0,2000000,14,14,14,hybrid,1,1,305077200,305077200,113558544,67
runs_128,shuffled,shuffled,balanced,i64,41,1000000,1000000,128,1000000,0,2000000,14,14,14,binary,1,1,389135400,389135400,83112976,47
runs_128,shuffled,shuffled,balanced,i64,41,1000000,1000000,128,1000000,0,2000000,14,14,14,ordered,2,1,438635100,438635100,80004112,29
runs_128,shuffled,shuffled,balanced,i64,41,1000000,1000000,128,1000000,0,2000000,14,14,14,hybrid,2,1,304614400,304614400,113558544,67
runs_128,shuffled,shuffled,balanced,i64,41,1000000,1000000,128,1000000,0,2000000,14,14,14,binary,2,1,499057500,499057500,83112976,47
runs_128,shuffled,shuffled,balanced,i64,41,1000000,1000000,128,1000000,0,2000000,14,14,14,sweep,2,1,292491800,292491800,113558544,67
runs_128,shuffled,shuffled,balanced,i64,41,1000000,1000000,128,1000000,0,2000000,14,14,14,hybrid,3,1,277555500,277555500,113558544,67
runs_128,shuffled,shuffled,balanced,i64,41,1000000,1000000,128,1000000,0,2000000,14,14,14,binary,3,1,444842600,444842600,83112976,47
runs_128,shuffled,shuffled,balanced,i64,41,1000000,1000000,128,1000000,0,2000000,14,14,14,sweep,3,1,281506300,281506300,113558544,67
runs_128,shuffled,shuffled,balanced,i64,41,1000000,1000000,128,1000000,0,2000000,14,14,14,ordered,3,1,379587500,379587500,80004112,29
runs_128,shuffled,shuffled,balanced,i64,41,1000000,1000000,128,1000000,0,2000000,14,14,14,binary,4,1,496355700,496355700,83112976,47
runs_128,shuffled,shuffled,balanced,i64,41,1000000,1000000,128,1000000,0,2000000,14,14,14,sweep,4,1,291028200,291028200,113558544,67
runs_128,shuffled,shuffled,balanced,i64,41,1000000,1000000,128,1000000,0,2000000,14,14,14,ordered,4,1,383996100,383996100,80004112,29
runs_128,shuffled,shuffled,balanced,i64,41,1000000,1000000,128,1000000,0,2000000,14,14,14,hybrid,4,1,262624500,262624500,113558544,67
runs_128,shuffled,shuffled,few_queries,i64,7,10000,1000000,128,1000000,0,2000000,14,14,14,binary,0,1,45805700,45805700,32779264,41
runs_128,shuffled,shuffled,few_queries,i64,7,10000,1000000,128,1000000,0,2000000,14,14,14,sweep,0,1,41674200,41674200,32779264,55
runs_128,shuffled,shuffled,few_queries,i64,7,10000,1000000,128,1000000,0,2000000,14,14,14,ordered,0,1,50144000,50144000,32779264,29
runs_128,shuffled,shuffled,few_queries,i64,7,10000,1000000,128,1000000,0,2000000,14,14,14,hybrid,0,1,55979900,55979900,32779264,29
runs_128,shuffled,shuffled,few_queries,i64,7,10000,1000000,128,1000000,0,2000000,14,14,14,sweep,1,1,52191200,52191200,32779264,55
runs_128,shuffled,shuffled,few_queries,i64,7,10000,1000000,128,1000000,0,2000000,14,14,14,ordered,1,1,55311200,55311200,32779264,29
runs_128,shuffled,shuffled,few_queries,i64,7,10000,1000000,128,1000000,0,2000000,14,14,14,hybrid,1,1,45781400,45781400,32779264,29
runs_128,shuffled,shuffled,few_queries,i64,7,10000,1000000,128,1000000,0,2000000,14,14,14,binary,1,1,44395400,44395400,32779264,41
runs_128,shuffled,shuffled,few_queries,i64,7,10000,1000000,128,1000000,0,2000000,14,14,14,ordered,2,1,44263100,44263100,32779264,29
runs_128,shuffled,shuffled,few_queries,i64,7,10000,1000000,128,1000000,0,2000000,14,14,14,hybrid,2,1,43863500,43863500,32779264,29
runs_128,shuffled,shuffled,few_queries,i64,7,10000,1000000,128,1000000,0,2000000,14,14,14,binary,2,1,55107400,55107400,32779264,41
runs_128,shuffled,shuffled,few_queries,i64,7,10000,1000000,128,1000000,0,2000000,14,14,14,sweep,2,1,51271700,51271700,32779264,55
runs_128,shuffled,shuffled,few_queries,i64,7,10000,1000000,128,1000000,0,2000000,14,14,14,hybrid,3,1,54381000,54381000,32779264,29
runs_128,shuffled,shuffled,few_queries,i64,7,10000,1000000,128,1000000,0,2000000,14,14,14,binary,3,1,57551400,57551400,32779264,41
runs_128,shuffled,shuffled,few_queries,i64,7,10000,1000000,128,1000000,0,2000000,14,14,14,sweep,3,1,53356800,53356800,32779264,55
runs_128,shuffled,shuffled,few_queries,i64,7,10000,1000000,128,1000000,0,2000000,14,14,14,ordered,3,1,54492100,54492100,32779264,29
runs_128,shuffled,shuffled,few_queries,i64,7,10000,1000000,128,1000000,0,2000000,14,14,14,binary,4,1,55276400,55276400,32779264,41
runs_128,shuffled,shuffled,few_queries,i64,7,10000,1000000,128,1000000,0,2000000,14,14,14,sweep,4,1,50875000,50875000,32779264,55
runs_128,shuffled,shuffled,few_queries,i64,7,10000,1000000,128,1000000,0,2000000,14,14,14,ordered,4,1,54399700,54399700,32779264,29
runs_128,shuffled,shuffled,few_queries,i64,7,10000,1000000,128,1000000,0,2000000,14,14,14,hybrid,4,1,43101900,43101900,32779264,29
runs_128,shuffled,shuffled,few_queries,i64,41,10000,1000000,128,1000000,0,2000000,14,14,14,binary,0,1,55088000,55088000,32779264,41
runs_128,shuffled,shuffled,few_queries,i64,41,10000,1000000,128,1000000,0,2000000,14,14,14,sweep,0,1,51640000,51640000,32779264,55
runs_128,shuffled,shuffled,few_queries,i64,41,10000,1000000,128,1000000,0,2000000,14,14,14,ordered,0,1,54823400,54823400,32779264,29
runs_128,shuffled,shuffled,few_queries,i64,41,10000,1000000,128,1000000,0,2000000,14,14,14,hybrid,0,1,55124100,55124100,32779264,29
runs_128,shuffled,shuffled,few_queries,i64,41,10000,1000000,128,1000000,0,2000000,14,14,14,sweep,1,1,51135000,51135000,32779264,55
runs_128,shuffled,shuffled,few_queries,i64,41,10000,1000000,128,1000000,0,2000000,14,14,14,ordered,1,1,49281300,49281300,32779264,29
runs_128,shuffled,shuffled,few_queries,i64,41,10000,1000000,128,1000000,0,2000000,14,14,14,hybrid,1,1,49462600,49462600,32779264,29
runs_128,shuffled,shuffled,few_queries,i64,41,10000,1000000,128,1000000,0,2000000,14,14,14,binary,1,1,56389400,56389400,32779264,41
runs_128,shuffled,shuffled,few_queries,i64,41,10000,1000000,128,1000000,0,2000000,14,14,14,ordered,2,1,49029300,49029300,32779264,29
runs_128,shuffled,shuffled,few_queries,i64,41,10000,1000000,128,1000000,0,2000000,14,14,14,hybrid,2,1,46568100,46568100,32779264,29
runs_128,shuffled,shuffled,few_queries,i64,41,10000,1000000,128,1000000,0,2000000,14,14,14,binary,2,1,53122800,53122800,32779264,41
runs_128,shuffled,shuffled,few_queries,i64,41,10000,1000000,128,1000000,0,2000000,14,14,14,sweep,2,1,51720200,51720200,32779264,55
runs_128,shuffled,shuffled,few_queries,i64,41,10000,1000000,128,1000000,0,2000000,14,14,14,hybrid,3,1,55259900,55259900,32779264,29
runs_128,shuffled,shuffled,few_queries,i64,41,10000,1000000,128,1000000,0,2000000,14,14,14,binary,3,1,50279500,50279500,32779264,41
runs_128,shuffled,shuffled,few_queries,i64,41,10000,1000000,128,1000000,0,2000000,14,14,14,sweep,3,1,41598300,41598300,32779264,55
runs_128,shuffled,shuffled,few_queries,i64,41,10000,1000000,128,1000000,0,2000000,14,14,14,ordered,3,1,47668500,47668500,32779264,29
runs_128,shuffled,shuffled,few_queries,i64,41,10000,1000000,128,1000000,0,2000000,14,14,14,binary,4,1,44970700,44970700,32779264,41
runs_128,shuffled,shuffled,few_queries,i64,41,10000,1000000,128,1000000,0,2000000,14,14,14,sweep,4,1,41937200,41937200,32779264,55
runs_128,shuffled,shuffled,few_queries,i64,41,10000,1000000,128,1000000,0,2000000,14,14,14,ordered,4,1,44994100,44994100,32779264,29
runs_128,shuffled,shuffled,few_queries,i64,41,10000,1000000,128,1000000,0,2000000,14,14,14,hybrid,4,1,44357100,44357100,32779264,29
runs_128,shuffled,shuffled,many_queries,i64,7,1000000,10000,127,10000,0,20000,14,14,14,binary,0,1,147185100,147185100,67272960,41
runs_128,shuffled,shuffled,many_queries,i64,7,1000000,10000,127,10000,0,20000,14,14,14,sweep,0,1,218091300,218091300,97718528,61
runs_128,shuffled,shuffled,many_queries,i64,7,1000000,10000,127,10000,0,20000,14,14,14,ordered,0,1,154032200,154032200,64164096,23
runs_128,shuffled,shuffled,many_queries,i64,7,1000000,10000,127,10000,0,20000,14,14,14,hybrid,0,1,215458800,215458800,97718528,61
runs_128,shuffled,shuffled,many_queries,i64,7,1000000,10000,127,10000,0,20000,14,14,14,sweep,1,1,209422000,209422000,97718528,61
runs_128,shuffled,shuffled,many_queries,i64,7,1000000,10000,127,10000,0,20000,14,14,14,ordered,1,1,154320900,154320900,64164096,23
runs_128,shuffled,shuffled,many_queries,i64,7,1000000,10000,127,10000,0,20000,14,14,14,hybrid,1,1,230641600,230641600,97718528,61
runs_128,shuffled,shuffled,many_queries,i64,7,1000000,10000,127,10000,0,20000,14,14,14,binary,1,1,145009700,145009700,67272960,41
runs_128,shuffled,shuffled,many_queries,i64,7,1000000,10000,127,10000,0,20000,14,14,14,ordered,2,1,114752800,114752800,64164096,23
runs_128,shuffled,shuffled,many_queries,i64,7,1000000,10000,127,10000,0,20000,14,14,14,hybrid,2,1,233327200,233327200,97718528,61
runs_128,shuffled,shuffled,many_queries,i64,7,1000000,10000,127,10000,0,20000,14,14,14,binary,2,1,132169600,132169600,67272960,41
runs_128,shuffled,shuffled,many_queries,i64,7,1000000,10000,127,10000,0,20000,14,14,14,sweep,2,1,202116900,202116900,97718528,61
runs_128,shuffled,shuffled,many_queries,i64,7,1000000,10000,127,10000,0,20000,14,14,14,hybrid,3,1,203906800,203906800,97718528,61
runs_128,shuffled,shuffled,many_queries,i64,7,1000000,10000,127,10000,0,20000,14,14,14,binary,3,1,132516200,132516200,67272960,41
runs_128,shuffled,shuffled,many_queries,i64,7,1000000,10000,127,10000,0,20000,14,14,14,sweep,3,1,211192400,211192400,97718528,61
runs_128,shuffled,shuffled,many_queries,i64,7,1000000,10000,127,10000,0,20000,14,14,14,ordered,3,1,157000100,157000100,64164096,23
runs_128,shuffled,shuffled,many_queries,i64,7,1000000,10000,127,10000,0,20000,14,14,14,binary,4,1,160005300,160005300,67272960,41
runs_128,shuffled,shuffled,many_queries,i64,7,1000000,10000,127,10000,0,20000,14,14,14,sweep,4,1,241492300,241492300,97718528,61
runs_128,shuffled,shuffled,many_queries,i64,7,1000000,10000,127,10000,0,20000,14,14,14,ordered,4,1,156193900,156193900,64164096,23
runs_128,shuffled,shuffled,many_queries,i64,7,1000000,10000,127,10000,0,20000,14,14,14,hybrid,4,1,212416000,212416000,97718528,61
runs_128,shuffled,shuffled,many_queries,i64,41,1000000,10000,127,10000,0,20000,14,14,14,binary,0,1,133480800,133480800,67272960,41
runs_128,shuffled,shuffled,many_queries,i64,41,1000000,10000,127,10000,0,20000,14,14,14,sweep,0,1,214058000,214058000,97718528,61
runs_128,shuffled,shuffled,many_queries,i64,41,1000000,10000,127,10000,0,20000,14,14,14,ordered,0,1,155682300,155682300,64164096,23
runs_128,shuffled,shuffled,many_queries,i64,41,1000000,10000,127,10000,0,20000,14,14,14,hybrid,0,1,215202100,215202100,97718528,61
runs_128,shuffled,shuffled,many_queries,i64,41,1000000,10000,127,10000,0,20000,14,14,14,sweep,1,1,236091800,236091800,97718528,61
runs_128,shuffled,shuffled,many_queries,i64,41,1000000,10000,127,10000,0,20000,14,14,14,ordered,1,1,140975800,140975800,64164096,23
runs_128,shuffled,shuffled,many_queries,i64,41,1000000,10000,127,10000,0,20000,14,14,14,hybrid,1,1,240989700,240989700,97718528,61
runs_128,shuffled,shuffled,many_queries,i64,41,1000000,10000,127,10000,0,20000,14,14,14,binary,1,1,161501300,161501300,67272960,41
runs_128,shuffled,shuffled,many_queries,i64,41,1000000,10000,127,10000,0,20000,14,14,14,ordered,2,1,113064800,113064800,64164096,23
runs_128,shuffled,shuffled,many_queries,i64,41,1000000,10000,127,10000,0,20000,14,14,14,hybrid,2,1,210674500,210674500,97718528,61
runs_128,shuffled,shuffled,many_queries,i64,41,1000000,10000,127,10000,0,20000,14,14,14,binary,2,1,182396000,182396000,67272960,41
runs_128,shuffled,shuffled,many_queries,i64,41,1000000,10000,127,10000,0,20000,14,14,14,sweep,2,1,211090300,211090300,97718528,61
runs_128,shuffled,shuffled,many_queries,i64,41,1000000,10000,127,10000,0,20000,14,14,14,hybrid,3,1,224041100,224041100,97718528,61
runs_128,shuffled,shuffled,many_queries,i64,41,1000000,10000,127,10000,0,20000,14,14,14,binary,3,1,132820100,132820100,67272960,41
runs_128,shuffled,shuffled,many_queries,i64,41,1000000,10000,127,10000,0,20000,14,14,14,sweep,3,1,210036100,210036100,97718528,61
runs_128,shuffled,shuffled,many_queries,i64,41,1000000,10000,127,10000,0,20000,14,14,14,ordered,3,1,107650700,107650700,64164096,23
runs_128,shuffled,shuffled,many_queries,i64,41,1000000,10000,127,10000,0,20000,14,14,14,binary,4,1,143480600,143480600,67272960,41
runs_128,shuffled,shuffled,many_queries,i64,41,1000000,10000,127,10000,0,20000,14,14,14,sweep,4,1,209425300,209425300,97718528,61
runs_128,shuffled,shuffled,many_queries,i64,41,1000000,10000,127,10000,0,20000,14,14,14,ordered,4,1,135004900,135004900,64164096,23
runs_128,shuffled,shuffled,many_queries,i64,41,1000000,10000,127,10000,0,20000,14,14,14,hybrid,4,1,209091800,209091800,97718528,61
runs_1024,shuffled,shuffled,balanced,i64,7,1000000,1000000,1024,1000000,0,2000000,14,14,14,binary,0,1,406890800,406890800,83141648,50
runs_1024,shuffled,shuffled,balanced,i64,7,1000000,1000000,1024,1000000,0,2000000,14,14,14,sweep,0,1,273128900,273128900,113587216,70
runs_1024,shuffled,shuffled,balanced,i64,7,1000000,1000000,1024,1000000,0,2000000,14,14,14,ordered,0,1,371392400,371392400,80032784,32
runs_1024,shuffled,shuffled,balanced,i64,7,1000000,1000000,1024,1000000,0,2000000,14,14,14,hybrid,0,1,268216600,268216600,113587216,70
runs_1024,shuffled,shuffled,balanced,i64,7,1000000,1000000,1024,1000000,0,2000000,14,14,14,sweep,1,1,302940000,302940000,113587216,70
runs_1024,shuffled,shuffled,balanced,i64,7,1000000,1000000,1024,1000000,0,2000000,14,14,14,ordered,1,1,513162600,513162600,80032784,32
runs_1024,shuffled,shuffled,balanced,i64,7,1000000,1000000,1024,1000000,0,2000000,14,14,14,hybrid,1,1,289130600,289130600,113587216,70
runs_1024,shuffled,shuffled,balanced,i64,7,1000000,1000000,1024,1000000,0,2000000,14,14,14,binary,1,1,431212000,431212000,83141648,50
runs_1024,shuffled,shuffled,balanced,i64,7,1000000,1000000,1024,1000000,0,2000000,14,14,14,ordered,2,1,442699200,442699200,80032784,32
runs_1024,shuffled,shuffled,balanced,i64,7,1000000,1000000,1024,1000000,0,2000000,14,14,14,hybrid,2,1,279946400,279946400,113587216,70
runs_1024,shuffled,shuffled,balanced,i64,7,1000000,1000000,1024,1000000,0,2000000,14,14,14,binary,2,1,447837000,447837000,83141648,50
runs_1024,shuffled,shuffled,balanced,i64,7,1000000,1000000,1024,1000000,0,2000000,14,14,14,sweep,2,1,280368000,280368000,113587216,70
runs_1024,shuffled,shuffled,balanced,i64,7,1000000,1000000,1024,1000000,0,2000000,14,14,14,hybrid,3,1,268967600,268967600,113587216,70
runs_1024,shuffled,shuffled,balanced,i64,7,1000000,1000000,1024,1000000,0,2000000,14,14,14,binary,3,1,398318900,398318900,83141648,50
runs_1024,shuffled,shuffled,balanced,i64,7,1000000,1000000,1024,1000000,0,2000000,14,14,14,sweep,3,1,262763700,262763700,113587216,70
runs_1024,shuffled,shuffled,balanced,i64,7,1000000,1000000,1024,1000000,0,2000000,14,14,14,ordered,3,1,393092300,393092300,80032784,32
runs_1024,shuffled,shuffled,balanced,i64,7,1000000,1000000,1024,1000000,0,2000000,14,14,14,binary,4,1,437972200,437972200,83141648,50
runs_1024,shuffled,shuffled,balanced,i64,7,1000000,1000000,1024,1000000,0,2000000,14,14,14,sweep,4,1,322951700,322951700,113587216,70
runs_1024,shuffled,shuffled,balanced,i64,7,1000000,1000000,1024,1000000,0,2000000,14,14,14,ordered,4,1,345703300,345703300,80032784,32
runs_1024,shuffled,shuffled,balanced,i64,7,1000000,1000000,1024,1000000,0,2000000,14,14,14,hybrid,4,1,295632800,295632800,113587216,70
runs_1024,shuffled,shuffled,balanced,i64,41,1000000,1000000,1024,1000000,0,2000000,14,14,14,binary,0,1,511753000,511753000,83141648,50
runs_1024,shuffled,shuffled,balanced,i64,41,1000000,1000000,1024,1000000,0,2000000,14,14,14,sweep,0,1,331621700,331621700,113587216,70
runs_1024,shuffled,shuffled,balanced,i64,41,1000000,1000000,1024,1000000,0,2000000,14,14,14,ordered,0,1,558440500,558440500,80032784,32
runs_1024,shuffled,shuffled,balanced,i64,41,1000000,1000000,1024,1000000,0,2000000,14,14,14,hybrid,0,1,306303500,306303500,113587216,70
runs_1024,shuffled,shuffled,balanced,i64,41,1000000,1000000,1024,1000000,0,2000000,14,14,14,sweep,1,1,309009800,309009800,113587216,70
runs_1024,shuffled,shuffled,balanced,i64,41,1000000,1000000,1024,1000000,0,2000000,14,14,14,ordered,1,1,346526100,346526100,80032784,32
runs_1024,shuffled,shuffled,balanced,i64,41,1000000,1000000,1024,1000000,0,2000000,14,14,14,hybrid,1,1,298459800,298459800,113587216,70
runs_1024,shuffled,shuffled,balanced,i64,41,1000000,1000000,1024,1000000,0,2000000,14,14,14,binary,1,1,499296300,499296300,83141648,50
runs_1024,shuffled,shuffled,balanced,i64,41,1000000,1000000,1024,1000000,0,2000000,14,14,14,ordered,2,1,470489000,470489000,80032784,32
runs_1024,shuffled,shuffled,balanced,i64,41,1000000,1000000,1024,1000000,0,2000000,14,14,14,hybrid,2,1,286124300,286124300,113587216,70
runs_1024,shuffled,shuffled,balanced,i64,41,1000000,1000000,1024,1000000,0,2000000,14,14,14,binary,2,1,412837500,412837500,83141648,50
runs_1024,shuffled,shuffled,balanced,i64,41,1000000,1000000,1024,1000000,0,2000000,14,14,14,sweep,2,1,303482800,303482800,113587216,70
runs_1024,shuffled,shuffled,balanced,i64,41,1000000,1000000,1024,1000000,0,2000000,14,14,14,hybrid,3,1,267091300,267091300,113587216,70
runs_1024,shuffled,shuffled,balanced,i64,41,1000000,1000000,1024,1000000,0,2000000,14,14,14,binary,3,1,420498200,420498200,83141648,50
runs_1024,shuffled,shuffled,balanced,i64,41,1000000,1000000,1024,1000000,0,2000000,14,14,14,sweep,3,1,275603000,275603000,113587216,70
runs_1024,shuffled,shuffled,balanced,i64,41,1000000,1000000,1024,1000000,0,2000000,14,14,14,ordered,3,1,517207100,517207100,80032784,32
runs_1024,shuffled,shuffled,balanced,i64,41,1000000,1000000,1024,1000000,0,2000000,14,14,14,binary,4,1,490148600,490148600,83141648,50
runs_1024,shuffled,shuffled,balanced,i64,41,1000000,1000000,1024,1000000,0,2000000,14,14,14,sweep,4,1,284092400,284092400,113587216,70
runs_1024,shuffled,shuffled,balanced,i64,41,1000000,1000000,1024,1000000,0,2000000,14,14,14,ordered,4,1,400621100,400621100,80032784,32
runs_1024,shuffled,shuffled,balanced,i64,41,1000000,1000000,1024,1000000,0,2000000,14,14,14,hybrid,4,1,273948200,273948200,113587216,70
runs_1024,shuffled,shuffled,few_queries,i64,7,10000,1000000,1024,1000000,0,2000000,14,14,14,binary,0,1,56662900,56662900,32793600,44
runs_1024,shuffled,shuffled,few_queries,i64,7,10000,1000000,1024,1000000,0,2000000,14,14,14,sweep,0,1,51854900,51854900,32793600,58
runs_1024,shuffled,shuffled,few_queries,i64,7,10000,1000000,1024,1000000,0,2000000,14,14,14,ordered,0,1,49116100,49116100,32793600,32
runs_1024,shuffled,shuffled,few_queries,i64,7,10000,1000000,1024,1000000,0,2000000,14,14,14,hybrid,0,1,56436700,56436700,32793600,32
runs_1024,shuffled,shuffled,few_queries,i64,7,10000,1000000,1024,1000000,0,2000000,14,14,14,sweep,1,1,51403200,51403200,32793600,58
runs_1024,shuffled,shuffled,few_queries,i64,7,10000,1000000,1024,1000000,0,2000000,14,14,14,ordered,1,1,55614100,55614100,32793600,32
runs_1024,shuffled,shuffled,few_queries,i64,7,10000,1000000,1024,1000000,0,2000000,14,14,14,hybrid,1,1,55380700,55380700,32793600,32
runs_1024,shuffled,shuffled,few_queries,i64,7,10000,1000000,1024,1000000,0,2000000,14,14,14,binary,1,1,49458200,49458200,32793600,44
runs_1024,shuffled,shuffled,few_queries,i64,7,10000,1000000,1024,1000000,0,2000000,14,14,14,ordered,2,1,45653800,45653800,32793600,32
runs_1024,shuffled,shuffled,few_queries,i64,7,10000,1000000,1024,1000000,0,2000000,14,14,14,hybrid,2,1,45201300,45201300,32793600,32
runs_1024,shuffled,shuffled,few_queries,i64,7,10000,1000000,1024,1000000,0,2000000,14,14,14,binary,2,1,45869000,45869000,32793600,44
runs_1024,shuffled,shuffled,few_queries,i64,7,10000,1000000,1024,1000000,0,2000000,14,14,14,sweep,2,1,41644200,41644200,32793600,58
runs_1024,shuffled,shuffled,few_queries,i64,7,10000,1000000,1024,1000000,0,2000000,14,14,14,hybrid,3,1,53077300,53077300,32793600,32
runs_1024,shuffled,shuffled,few_queries,i64,7,10000,1000000,1024,1000000,0,2000000,14,14,14,binary,3,1,46393100,46393100,32793600,44
runs_1024,shuffled,shuffled,few_queries,i64,7,10000,1000000,1024,1000000,0,2000000,14,14,14,sweep,3,1,42037200,42037200,32793600,58
runs_1024,shuffled,shuffled,few_queries,i64,7,10000,1000000,1024,1000000,0,2000000,14,14,14,ordered,3,1,47340900,47340900,32793600,32
runs_1024,shuffled,shuffled,few_queries,i64,7,10000,1000000,1024,1000000,0,2000000,14,14,14,binary,4,1,53971100,53971100,32793600,44
runs_1024,shuffled,shuffled,few_queries,i64,7,10000,1000000,1024,1000000,0,2000000,14,14,14,sweep,4,1,41362900,41362900,32793600,58
runs_1024,shuffled,shuffled,few_queries,i64,7,10000,1000000,1024,1000000,0,2000000,14,14,14,ordered,4,1,51109600,51109600,32793600,32
runs_1024,shuffled,shuffled,few_queries,i64,7,10000,1000000,1024,1000000,0,2000000,14,14,14,hybrid,4,1,55972200,55972200,32793600,32
runs_1024,shuffled,shuffled,few_queries,i64,41,10000,1000000,1024,1000000,0,2000000,14,14,14,binary,0,1,50287200,50287200,32793600,44
runs_1024,shuffled,shuffled,few_queries,i64,41,10000,1000000,1024,1000000,0,2000000,14,14,14,sweep,0,1,43795200,43795200,32793600,58
runs_1024,shuffled,shuffled,few_queries,i64,41,10000,1000000,1024,1000000,0,2000000,14,14,14,ordered,0,1,45328600,45328600,32793600,32
runs_1024,shuffled,shuffled,few_queries,i64,41,10000,1000000,1024,1000000,0,2000000,14,14,14,hybrid,0,1,46157400,46157400,32793600,32
runs_1024,shuffled,shuffled,few_queries,i64,41,10000,1000000,1024,1000000,0,2000000,14,14,14,sweep,1,1,51893600,51893600,32793600,58
runs_1024,shuffled,shuffled,few_queries,i64,41,10000,1000000,1024,1000000,0,2000000,14,14,14,ordered,1,1,46280600,46280600,32793600,32
runs_1024,shuffled,shuffled,few_queries,i64,41,10000,1000000,1024,1000000,0,2000000,14,14,14,hybrid,1,1,44281000,44281000,32793600,32
runs_1024,shuffled,shuffled,few_queries,i64,41,10000,1000000,1024,1000000,0,2000000,14,14,14,binary,1,1,47193600,47193600,32793600,44
runs_1024,shuffled,shuffled,few_queries,i64,41,10000,1000000,1024,1000000,0,2000000,14,14,14,ordered,2,1,48681300,48681300,32793600,32
runs_1024,shuffled,shuffled,few_queries,i64,41,10000,1000000,1024,1000000,0,2000000,14,14,14,hybrid,2,1,44819100,44819100,32793600,32
runs_1024,shuffled,shuffled,few_queries,i64,41,10000,1000000,1024,1000000,0,2000000,14,14,14,binary,2,1,44641000,44641000,32793600,44
runs_1024,shuffled,shuffled,few_queries,i64,41,10000,1000000,1024,1000000,0,2000000,14,14,14,sweep,2,1,41461100,41461100,32793600,58
runs_1024,shuffled,shuffled,few_queries,i64,41,10000,1000000,1024,1000000,0,2000000,14,14,14,hybrid,3,1,43780200,43780200,32793600,32
runs_1024,shuffled,shuffled,few_queries,i64,41,10000,1000000,1024,1000000,0,2000000,14,14,14,binary,3,1,44839200,44839200,32793600,44
runs_1024,shuffled,shuffled,few_queries,i64,41,10000,1000000,1024,1000000,0,2000000,14,14,14,sweep,3,1,41879300,41879300,32793600,58
runs_1024,shuffled,shuffled,few_queries,i64,41,10000,1000000,1024,1000000,0,2000000,14,14,14,ordered,3,1,45185500,45185500,32793600,32
runs_1024,shuffled,shuffled,few_queries,i64,41,10000,1000000,1024,1000000,0,2000000,14,14,14,binary,4,1,45350400,45350400,32793600,44
runs_1024,shuffled,shuffled,few_queries,i64,41,10000,1000000,1024,1000000,0,2000000,14,14,14,sweep,4,1,43050700,43050700,32793600,58
runs_1024,shuffled,shuffled,few_queries,i64,41,10000,1000000,1024,1000000,0,2000000,14,14,14,ordered,4,1,47354800,47354800,32793600,32
runs_1024,shuffled,shuffled,few_queries,i64,41,10000,1000000,1024,1000000,0,2000000,14,14,14,hybrid,4,1,52111000,52111000,32793600,32
runs_1024,shuffled,shuffled,many_queries,i64,7,1000000,10000,1000,10000,0,20000,14,14,14,binary,0,1,189369900,189369900,67301264,44
runs_1024,shuffled,shuffled,many_queries,i64,7,1000000,10000,1000,10000,0,20000,14,14,14,sweep,0,1,216022700,216022700,97746832,64
runs_1024,shuffled,shuffled,many_queries,i64,7,1000000,10000,1000,10000,0,20000,14,14,14,ordered,0,1,178355000,178355000,64192400,26
runs_1024,shuffled,shuffled,many_queries,i64,7,1000000,10000,1000,10000,0,20000,14,14,14,hybrid,0,1,236314200,236314200,97746832,64
runs_1024,shuffled,shuffled,many_queries,i64,7,1000000,10000,1000,10000,0,20000,14,14,14,sweep,1,1,217574300,217574300,97746832,64
runs_1024,shuffled,shuffled,many_queries,i64,7,1000000,10000,1000,10000,0,20000,14,14,14,ordered,1,1,125787300,125787300,64192400,26
runs_1024,shuffled,shuffled,many_queries,i64,7,1000000,10000,1000,10000,0,20000,14,14,14,hybrid,1,1,213083700,213083700,97746832,64
runs_1024,shuffled,shuffled,many_queries,i64,7,1000000,10000,1000,10000,0,20000,14,14,14,binary,1,1,150597600,150597600,67301264,44
runs_1024,shuffled,shuffled,many_queries,i64,7,1000000,10000,1000,10000,0,20000,14,14,14,ordered,2,1,118322200,118322200,64192400,26
runs_1024,shuffled,shuffled,many_queries,i64,7,1000000,10000,1000,10000,0,20000,14,14,14,hybrid,2,1,215120800,215120800,97746832,64
runs_1024,shuffled,shuffled,many_queries,i64,7,1000000,10000,1000,10000,0,20000,14,14,14,binary,2,1,152410000,152410000,67301264,44
runs_1024,shuffled,shuffled,many_queries,i64,7,1000000,10000,1000,10000,0,20000,14,14,14,sweep,2,1,212857600,212857600,97746832,64
runs_1024,shuffled,shuffled,many_queries,i64,7,1000000,10000,1000,10000,0,20000,14,14,14,hybrid,3,1,234209300,234209300,97746832,64
runs_1024,shuffled,shuffled,many_queries,i64,7,1000000,10000,1000,10000,0,20000,14,14,14,binary,3,1,219611900,219611900,67301264,44
runs_1024,shuffled,shuffled,many_queries,i64,7,1000000,10000,1000,10000,0,20000,14,14,14,sweep,3,1,234327800,234327800,97746832,64
runs_1024,shuffled,shuffled,many_queries,i64,7,1000000,10000,1000,10000,0,20000,14,14,14,ordered,3,1,140020700,140020700,64192400,26
runs_1024,shuffled,shuffled,many_queries,i64,7,1000000,10000,1000,10000,0,20000,14,14,14,binary,4,1,149435300,149435300,67301264,44
runs_1024,shuffled,shuffled,many_queries,i64,7,1000000,10000,1000,10000,0,20000,14,14,14,sweep,4,1,206681000,206681000,97746832,64
runs_1024,shuffled,shuffled,many_queries,i64,7,1000000,10000,1000,10000,0,20000,14,14,14,ordered,4,1,120127900,120127900,64192400,26
runs_1024,shuffled,shuffled,many_queries,i64,7,1000000,10000,1000,10000,0,20000,14,14,14,hybrid,4,1,207570900,207570900,97746832,64
runs_1024,shuffled,shuffled,many_queries,i64,41,1000000,10000,1000,10000,0,20000,14,14,14,binary,0,1,180305400,180305400,67301264,44
runs_1024,shuffled,shuffled,many_queries,i64,41,1000000,10000,1000,10000,0,20000,14,14,14,sweep,0,1,208577400,208577400,97746832,64
runs_1024,shuffled,shuffled,many_queries,i64,41,1000000,10000,1000,10000,0,20000,14,14,14,ordered,0,1,119065300,119065300,64192400,26
runs_1024,shuffled,shuffled,many_queries,i64,41,1000000,10000,1000,10000,0,20000,14,14,14,hybrid,0,1,208177600,208177600,97746832,64
runs_1024,shuffled,shuffled,many_queries,i64,41,1000000,10000,1000,10000,0,20000,14,14,14,sweep,1,1,219838300,219838300,97746832,64
runs_1024,shuffled,shuffled,many_queries,i64,41,1000000,10000,1000,10000,0,20000,14,14,14,ordered,1,1,117408200,117408200,64192400,26
runs_1024,shuffled,shuffled,many_queries,i64,41,1000000,10000,1000,10000,0,20000,14,14,14,hybrid,1,1,208749900,208749900,97746832,64
runs_1024,shuffled,shuffled,many_queries,i64,41,1000000,10000,1000,10000,0,20000,14,14,14,binary,1,1,160137800,160137800,67301264,44
runs_1024,shuffled,shuffled,many_queries,i64,41,1000000,10000,1000,10000,0,20000,14,14,14,ordered,2,1,119722500,119722500,64192400,26
runs_1024,shuffled,shuffled,many_queries,i64,41,1000000,10000,1000,10000,0,20000,14,14,14,hybrid,2,1,228358400,228358400,97746832,64
runs_1024,shuffled,shuffled,many_queries,i64,41,1000000,10000,1000,10000,0,20000,14,14,14,binary,2,1,155639700,155639700,67301264,44
runs_1024,shuffled,shuffled,many_queries,i64,41,1000000,10000,1000,10000,0,20000,14,14,14,sweep,2,1,203709500,203709500,97746832,64
runs_1024,shuffled,shuffled,many_queries,i64,41,1000000,10000,1000,10000,0,20000,14,14,14,hybrid,3,1,203047300,203047300,97746832,64
runs_1024,shuffled,shuffled,many_queries,i64,41,1000000,10000,1000,10000,0,20000,14,14,14,binary,3,1,150470500,150470500,67301264,44
runs_1024,shuffled,shuffled,many_queries,i64,41,1000000,10000,1000,10000,0,20000,14,14,14,sweep,3,1,207490600,207490600,97746832,64
runs_1024,shuffled,shuffled,many_queries,i64,41,1000000,10000,1000,10000,0,20000,14,14,14,ordered,3,1,165961800,165961800,64192400,26
runs_1024,shuffled,shuffled,many_queries,i64,41,1000000,10000,1000,10000,0,20000,14,14,14,binary,4,1,165314200,165314200,67301264,44
runs_1024,shuffled,shuffled,many_queries,i64,41,1000000,10000,1000,10000,0,20000,14,14,14,sweep,4,1,206123300,206123300,97746832,64
runs_1024,shuffled,shuffled,many_queries,i64,41,1000000,10000,1000,10000,0,20000,14,14,14,ordered,4,1,174837300,174837300,64192400,26
runs_1024,shuffled,shuffled,many_queries,i64,41,1000000,10000,1000,10000,0,20000,14,14,14,hybrid,4,1,232283200,232283200,97746832,64
