dtype,family,order,weights,domain,include_zero,seed,weight_dtype,n,method,sample,iterations,batch_ns,total_ns,peak_bytes,allocations,m,u,z,omega,index_record_bytes,index_record_align,segment_bytes,segment_align,weight_record_bytes,weight_record_align
i64,disjoint,shuffled,heterogeneous,extended,true,7,i128,1000,production,0,4,357800,89450,81536,12,1000,2002,2001,1,16,8,32,16,32,16
i64,disjoint,shuffled,heterogeneous,extended,true,7,i128,1000,events,0,4,351200,87800,97536,11,1000,2002,2001,1,16,8,32,16,32,16
i64,disjoint,shuffled,heterogeneous,extended,true,7,i128,1000,heap,0,4,144000,36000,73600,12,1000,2002,2001,1,16,8,32,16,32,16
i64,disjoint,shuffled,heterogeneous,extended,true,7,i128,1000,streams_records,0,4,332100,83025,129536,12,1000,2002,2001,1,16,8,32,16,32,16
i64,disjoint,shuffled,heterogeneous,extended,true,7,i128,1000,events,1,4,359000,89750,97536,11,1000,2002,2001,1,16,8,32,16,32,16
i64,disjoint,shuffled,heterogeneous,extended,true,7,i128,1000,heap,1,4,137900,34475,73600,12,1000,2002,2001,1,16,8,32,16,32,16
i64,disjoint,shuffled,heterogeneous,extended,true,7,i128,1000,streams_records,1,4,324900,81225,129536,12,1000,2002,2001,1,16,8,32,16,32,16
i64,disjoint,shuffled,heterogeneous,extended,true,7,i128,1000,production,1,4,368400,92100,81536,12,1000,2002,2001,1,16,8,32,16,32,16
i64,disjoint,shuffled,heterogeneous,extended,true,7,i128,1000,heap,2,4,141800,35450,73600,12,1000,2002,2001,1,16,8,32,16,32,16
i64,disjoint,shuffled,heterogeneous,extended,true,7,i128,1000,streams_records,2,4,359800,89950,129536,12,1000,2002,2001,1,16,8,32,16,32,16
i64,disjoint,shuffled,heterogeneous,extended,true,7,i128,1000,production,2,4,382300,95575,81536,12,1000,2002,2001,1,16,8,32,16,32,16
i64,disjoint,shuffled,heterogeneous,extended,true,7,i128,1000,events,2,4,368500,92125,97536,11,1000,2002,2001,1,16,8,32,16,32,16
i64,disjoint,shuffled,heterogeneous,extended,true,7,i128,1000,streams_records,3,4,364300,91075,129536,12,1000,2002,2001,1,16,8,32,16,32,16
i64,disjoint,shuffled,heterogeneous,extended,true,7,i128,1000,production,3,4,355200,88800,81536,12,1000,2002,2001,1,16,8,32,16,32,16
i64,disjoint,shuffled,heterogeneous,extended,true,7,i128,1000,events,3,4,348400,87100,97536,11,1000,2002,2001,1,16,8,32,16,32,16
i64,disjoint,shuffled,heterogeneous,extended,true,7,i128,1000,heap,3,4,146300,36575,73600,12,1000,2002,2001,1,16,8,32,16,32,16
i64,disjoint,shuffled,heterogeneous,extended,true,7,i128,1000,production,4,4,340300,85075,81536,12,1000,2002,2001,1,16,8,32,16,32,16
i64,disjoint,shuffled,heterogeneous,extended,true,7,i128,1000,events,4,4,356000,89000,97536,11,1000,2002,2001,1,16,8,32,16,32,16
i64,disjoint,shuffled,heterogeneous,extended,true,7,i128,1000,heap,4,4,142700,35675,73600,12,1000,2002,2001,1,16,8,32,16,32,16
i64,disjoint,shuffled,heterogeneous,extended,true,7,i128,1000,streams_records,4,4,333200,83300,129536,12,1000,2002,2001,1,16,8,32,16,32,16
i64,disjoint,shuffled,heterogeneous,extended,true,41,i128,1000,production,0,4,305500,76375,81536,12,1000,2002,2001,1,16,8,32,16,32,16
i64,disjoint,shuffled,heterogeneous,extended,true,41,i128,1000,events,0,4,336700,84175,97536,11,1000,2002,2001,1,16,8,32,16,32,16
i64,disjoint,shuffled,heterogeneous,extended,true,41,i128,1000,heap,0,4,165700,41425,73600,12,1000,2002,2001,1,16,8,32,16,32,16
i64,disjoint,shuffled,heterogeneous,extended,true,41,i128,1000,streams_records,0,4,340100,85025,129536,12,1000,2002,2001,1,16,8,32,16,32,16
i64,disjoint,shuffled,heterogeneous,extended,true,41,i128,1000,events,1,4,349100,87275,97536,11,1000,2002,2001,1,16,8,32,16,32,16
i64,disjoint,shuffled,heterogeneous,extended,true,41,i128,1000,heap,1,4,155400,38850,73600,12,1000,2002,2001,1,16,8,32,16,32,16
i64,disjoint,shuffled,heterogeneous,extended,true,41,i128,1000,streams_records,1,4,376300,94075,129536,12,1000,2002,2001,1,16,8,32,16,32,16
i64,disjoint,shuffled,heterogeneous,extended,true,41,i128,1000,production,1,4,398600,99650,81536,12,1000,2002,2001,1,16,8,32,16,32,16
i64,disjoint,shuffled,heterogeneous,extended,true,41,i128,1000,heap,2,4,150900,37725,73600,12,1000,2002,2001,1,16,8,32,16,32,16
i64,disjoint,shuffled,heterogeneous,extended,true,41,i128,1000,streams_records,2,4,428100,107025,129536,12,1000,2002,2001,1,16,8,32,16,32,16
i64,disjoint,shuffled,heterogeneous,extended,true,41,i128,1000,production,2,4,347600,86900,81536,12,1000,2002,2001,1,16,8,32,16,32,16
i64,disjoint,shuffled,heterogeneous,extended,true,41,i128,1000,events,2,4,345200,86300,97536,11,1000,2002,2001,1,16,8,32,16,32,16
i64,disjoint,shuffled,heterogeneous,extended,true,41,i128,1000,streams_records,3,4,483400,120850,129536,12,1000,2002,2001,1,16,8,32,16,32,16
i64,disjoint,shuffled,heterogeneous,extended,true,41,i128,1000,production,3,4,308900,77225,81536,12,1000,2002,2001,1,16,8,32,16,32,16
i64,disjoint,shuffled,heterogeneous,extended,true,41,i128,1000,events,3,4,318900,79725,97536,11,1000,2002,2001,1,16,8,32,16,32,16
i64,disjoint,shuffled,heterogeneous,extended,true,41,i128,1000,heap,3,4,173000,43250,73600,12,1000,2002,2001,1,16,8,32,16,32,16
i64,disjoint,shuffled,heterogeneous,extended,true,41,i128,1000,production,4,4,272900,68225,81536,12,1000,2002,2001,1,16,8,32,16,32,16
i64,disjoint,shuffled,heterogeneous,extended,true,41,i128,1000,events,4,4,297700,74425,97536,11,1000,2002,2001,1,16,8,32,16,32,16
i64,disjoint,shuffled,heterogeneous,extended,true,41,i128,1000,heap,4,4,138300,34575,73600,12,1000,2002,2001,1,16,8,32,16,32,16
i64,disjoint,shuffled,heterogeneous,extended,true,41,i128,1000,streams_records,4,4,319500,79875,129536,12,1000,2002,2001,1,16,8,32,16,32,16
i64,disjoint,shuffled,heterogeneous,extended,true,7,i128,100000,production,0,1,11386700,11386700,9988608,19,100000,200002,200001,1,16,8,32,16,32,16
i64,disjoint,shuffled,heterogeneous,extended,true,7,i128,100000,events,0,1,9586300,9586300,11588608,18,100000,200002,200001,1,16,8,32,16,32,16
i64,disjoint,shuffled,heterogeneous,extended,true,7,i128,100000,heap,0,1,8163200,8163200,9188672,19,100000,200002,200001,1,16,8,32,16,32,16
i64,disjoint,shuffled,heterogeneous,extended,true,7,i128,100000,streams_records,0,1,10659700,10659700,14788608,19,100000,200002,200001,1,16,8,32,16,32,16
i64,disjoint,shuffled,heterogeneous,extended,true,7,i128,100000,events,1,1,9793400,9793400,11588608,18,100000,200002,200001,1,16,8,32,16,32,16
i64,disjoint,shuffled,heterogeneous,extended,true,7,i128,100000,heap,1,1,7628300,7628300,9188672,19,100000,200002,200001,1,16,8,32,16,32,16
i64,disjoint,shuffled,heterogeneous,extended,true,7,i128,100000,streams_records,1,1,10366700,10366700,14788608,19,100000,200002,200001,1,16,8,32,16,32,16
i64,disjoint,shuffled,heterogeneous,extended,true,7,i128,100000,production,1,1,12503400,12503400,9988608,19,100000,200002,200001,1,16,8,32,16,32,16
i64,disjoint,shuffled,heterogeneous,extended,true,7,i128,100000,heap,2,1,7848700,7848700,9188672,19,100000,200002,200001,1,16,8,32,16,32,16
i64,disjoint,shuffled,heterogeneous,extended,true,7,i128,100000,streams_records,2,1,10630800,10630800,14788608,19,100000,200002,200001,1,16,8,32,16,32,16
i64,disjoint,shuffled,heterogeneous,extended,true,7,i128,100000,production,2,1,11720500,11720500,9988608,19,100000,200002,200001,1,16,8,32,16,32,16
i64,disjoint,shuffled,heterogeneous,extended,true,7,i128,100000,events,2,1,9603500,9603500,11588608,18,100000,200002,200001,1,16,8,32,16,32,16
i64,disjoint,shuffled,heterogeneous,extended,true,7,i128,100000,streams_records,3,1,10549000,10549000,14788608,19,100000,200002,200001,1,16,8,32,16,32,16
i64,disjoint,shuffled,heterogeneous,extended,true,7,i128,100000,production,3,1,11905100,11905100,9988608,19,100000,200002,200001,1,16,8,32,16,32,16
i64,disjoint,shuffled,heterogeneous,extended,true,7,i128,100000,events,3,1,9648700,9648700,11588608,18,100000,200002,200001,1,16,8,32,16,32,16
i64,disjoint,shuffled,heterogeneous,extended,true,7,i128,100000,heap,3,1,8075100,8075100,9188672,19,100000,200002,200001,1,16,8,32,16,32,16
i64,disjoint,shuffled,heterogeneous,extended,true,7,i128,100000,production,4,1,11537600,11537600,9988608,19,100000,200002,200001,1,16,8,32,16,32,16
i64,disjoint,shuffled,heterogeneous,extended,true,7,i128,100000,events,4,1,9828700,9828700,11588608,18,100000,200002,200001,1,16,8,32,16,32,16
i64,disjoint,shuffled,heterogeneous,extended,true,7,i128,100000,heap,4,1,8053300,8053300,9188672,19,100000,200002,200001,1,16,8,32,16,32,16
i64,disjoint,shuffled,heterogeneous,extended,true,7,i128,100000,streams_records,4,1,10453300,10453300,14788608,19,100000,200002,200001,1,16,8,32,16,32,16
i64,disjoint,shuffled,heterogeneous,extended,true,41,i128,100000,production,0,1,11259900,11259900,9988608,19,100000,200002,200001,1,16,8,32,16,32,16
i64,disjoint,shuffled,heterogeneous,extended,true,41,i128,100000,events,0,1,9518300,9518300,11588608,18,100000,200002,200001,1,16,8,32,16,32,16
i64,disjoint,shuffled,heterogeneous,extended,true,41,i128,100000,heap,0,1,8030300,8030300,9188672,19,100000,200002,200001,1,16,8,32,16,32,16
i64,disjoint,shuffled,heterogeneous,extended,true,41,i128,100000,streams_records,0,1,10293200,10293200,14788608,19,100000,200002,200001,1,16,8,32,16,32,16
i64,disjoint,shuffled,heterogeneous,extended,true,41,i128,100000,events,1,1,10185400,10185400,11588608,18,100000,200002,200001,1,16,8,32,16,32,16
i64,disjoint,shuffled,heterogeneous,extended,true,41,i128,100000,heap,1,1,7788800,7788800,9188672,19,100000,200002,200001,1,16,8,32,16,32,16
i64,disjoint,shuffled,heterogeneous,extended,true,41,i128,100000,streams_records,1,1,10578000,10578000,14788608,19,100000,200002,200001,1,16,8,32,16,32,16
i64,disjoint,shuffled,heterogeneous,extended,true,41,i128,100000,production,1,1,11738600,11738600,9988608,19,100000,200002,200001,1,16,8,32,16,32,16
i64,disjoint,shuffled,heterogeneous,extended,true,41,i128,100000,heap,2,1,7610400,7610400,9188672,19,100000,200002,200001,1,16,8,32,16,32,16
i64,disjoint,shuffled,heterogeneous,extended,true,41,i128,100000,streams_records,2,1,10532300,10532300,14788608,19,100000,200002,200001,1,16,8,32,16,32,16
i64,disjoint,shuffled,heterogeneous,extended,true,41,i128,100000,production,2,1,11374600,11374600,9988608,19,100000,200002,200001,1,16,8,32,16,32,16
i64,disjoint,shuffled,heterogeneous,extended,true,41,i128,100000,events,2,1,9966700,9966700,11588608,18,100000,200002,200001,1,16,8,32,16,32,16
i64,disjoint,shuffled,heterogeneous,extended,true,41,i128,100000,streams_records,3,1,10610600,10610600,14788608,19,100000,200002,200001,1,16,8,32,16,32,16
i64,disjoint,shuffled,heterogeneous,extended,true,41,i128,100000,production,3,1,11580000,11580000,9988608,19,100000,200002,200001,1,16,8,32,16,32,16
i64,disjoint,shuffled,heterogeneous,extended,true,41,i128,100000,events,3,1,10946200,10946200,11588608,18,100000,200002,200001,1,16,8,32,16,32,16
i64,disjoint,shuffled,heterogeneous,extended,true,41,i128,100000,heap,3,1,8801800,8801800,9188672,19,100000,200002,200001,1,16,8,32,16,32,16
i64,disjoint,shuffled,heterogeneous,extended,true,41,i128,100000,production,4,1,12322100,12322100,9988608,19,100000,200002,200001,1,16,8,32,16,32,16
i64,disjoint,shuffled,heterogeneous,extended,true,41,i128,100000,events,4,1,10825100,10825100,11588608,18,100000,200002,200001,1,16,8,32,16,32,16
i64,disjoint,shuffled,heterogeneous,extended,true,41,i128,100000,heap,4,1,8538800,8538800,9188672,19,100000,200002,200001,1,16,8,32,16,32,16
i64,disjoint,shuffled,heterogeneous,extended,true,41,i128,100000,streams_records,4,1,10887700,10887700,14788608,19,100000,200002,200001,1,16,8,32,16,32,16
i64,disjoint,shuffled,heterogeneous,extended,true,7,i128,1000000,production,0,1,226623100,226623100,83108864,22,1000000,2000002,2000001,1,16,8,32,16,32,16
i64,disjoint,shuffled,heterogeneous,extended,true,7,i128,1000000,events,0,1,138094500,138094500,99108864,21,1000000,2000002,2000001,1,16,8,32,16,32,16
i64,disjoint,shuffled,heterogeneous,extended,true,7,i128,1000000,heap,0,1,194306900,194306900,75108928,22,1000000,2000002,2000001,1,16,8,32,16,32,16
i64,disjoint,shuffled,heterogeneous,extended,true,7,i128,1000000,streams_records,0,1,140363300,140363300,131108864,22,1000000,2000002,2000001,1,16,8,32,16,32,16
i64,disjoint,shuffled,heterogeneous,extended,true,7,i128,1000000,events,1,1,135379000,135379000,99108864,21,1000000,2000002,2000001,1,16,8,32,16,32,16
i64,disjoint,shuffled,heterogeneous,extended,true,7,i128,1000000,heap,1,1,202868700,202868700,75108928,22,1000000,2000002,2000001,1,16,8,32,16,32,16
i64,disjoint,shuffled,heterogeneous,extended,true,7,i128,1000000,streams_records,1,1,123844200,123844200,131108864,22,1000000,2000002,2000001,1,16,8,32,16,32,16
i64,disjoint,shuffled,heterogeneous,extended,true,7,i128,1000000,production,1,1,218255100,218255100,83108864,22,1000000,2000002,2000001,1,16,8,32,16,32,16
i64,disjoint,shuffled,heterogeneous,extended,true,7,i128,1000000,heap,2,1,187331100,187331100,75108928,22,1000000,2000002,2000001,1,16,8,32,16,32,16
i64,disjoint,shuffled,heterogeneous,extended,true,7,i128,1000000,streams_records,2,1,132671800,132671800,131108864,22,1000000,2000002,2000001,1,16,8,32,16,32,16
i64,disjoint,shuffled,heterogeneous,extended,true,7,i128,1000000,production,2,1,219619800,219619800,83108864,22,1000000,2000002,2000001,1,16,8,32,16,32,16
i64,disjoint,shuffled,heterogeneous,extended,true,7,i128,1000000,events,2,1,134466400,134466400,99108864,21,1000000,2000002,2000001,1,16,8,32,16,32,16
i64,disjoint,shuffled,heterogeneous,extended,true,7,i128,1000000,streams_records,3,1,121857000,121857000,131108864,22,1000000,2000002,2000001,1,16,8,32,16,32,16
i64,disjoint,shuffled,heterogeneous,extended,true,7,i128,1000000,production,3,1,218611100,218611100,83108864,22,1000000,2000002,2000001,1,16,8,32,16,32,16
i64,disjoint,shuffled,heterogeneous,extended,true,7,i128,1000000,events,3,1,133831400,133831400,99108864,21,1000000,2000002,2000001,1,16,8,32,16,32,16
i64,disjoint,shuffled,heterogeneous,extended,true,7,i128,1000000,heap,3,1,186479400,186479400,75108928,22,1000000,2000002,2000001,1,16,8,32,16,32,16
i64,disjoint,shuffled,heterogeneous,extended,true,7,i128,1000000,production,4,1,216120100,216120100,83108864,22,1000000,2000002,2000001,1,16,8,32,16,32,16
i64,disjoint,shuffled,heterogeneous,extended,true,7,i128,1000000,events,4,1,133441800,133441800,99108864,21,1000000,2000002,2000001,1,16,8,32,16,32,16
i64,disjoint,shuffled,heterogeneous,extended,true,7,i128,1000000,heap,4,1,182928000,182928000,75108928,22,1000000,2000002,2000001,1,16,8,32,16,32,16
i64,disjoint,shuffled,heterogeneous,extended,true,7,i128,1000000,streams_records,4,1,121728300,121728300,131108864,22,1000000,2000002,2000001,1,16,8,32,16,32,16
i64,disjoint,shuffled,heterogeneous,extended,true,41,i128,1000000,production,0,1,219241900,219241900,83108864,22,1000000,2000002,2000001,1,16,8,32,16,32,16
i64,disjoint,shuffled,heterogeneous,extended,true,41,i128,1000000,events,0,1,135429800,135429800,99108864,21,1000000,2000002,2000001,1,16,8,32,16,32,16
i64,disjoint,shuffled,heterogeneous,extended,true,41,i128,1000000,heap,0,1,181025900,181025900,75108928,22,1000000,2000002,2000001,1,16,8,32,16,32,16
i64,disjoint,shuffled,heterogeneous,extended,true,41,i128,1000000,streams_records,0,1,125725700,125725700,131108864,22,1000000,2000002,2000001,1,16,8,32,16,32,16
i64,disjoint,shuffled,heterogeneous,extended,true,41,i128,1000000,events,1,1,134611000,134611000,99108864,21,1000000,2000002,2000001,1,16,8,32,16,32,16
i64,disjoint,shuffled,heterogeneous,extended,true,41,i128,1000000,heap,1,1,182607400,182607400,75108928,22,1000000,2000002,2000001,1,16,8,32,16,32,16
i64,disjoint,shuffled,heterogeneous,extended,true,41,i128,1000000,streams_records,1,1,123149400,123149400,131108864,22,1000000,2000002,2000001,1,16,8,32,16,32,16
i64,disjoint,shuffled,heterogeneous,extended,true,41,i128,1000000,production,1,1,226025400,226025400,83108864,22,1000000,2000002,2000001,1,16,8,32,16,32,16
i64,disjoint,shuffled,heterogeneous,extended,true,41,i128,1000000,heap,2,1,184231700,184231700,75108928,22,1000000,2000002,2000001,1,16,8,32,16,32,16
i64,disjoint,shuffled,heterogeneous,extended,true,41,i128,1000000,streams_records,2,1,131049000,131049000,131108864,22,1000000,2000002,2000001,1,16,8,32,16,32,16
i64,disjoint,shuffled,heterogeneous,extended,true,41,i128,1000000,production,2,1,232984600,232984600,83108864,22,1000000,2000002,2000001,1,16,8,32,16,32,16
i64,disjoint,shuffled,heterogeneous,extended,true,41,i128,1000000,events,2,1,137308400,137308400,99108864,21,1000000,2000002,2000001,1,16,8,32,16,32,16
i64,disjoint,shuffled,heterogeneous,extended,true,41,i128,1000000,streams_records,3,1,125759000,125759000,131108864,22,1000000,2000002,2000001,1,16,8,32,16,32,16
i64,disjoint,shuffled,heterogeneous,extended,true,41,i128,1000000,production,3,1,235282200,235282200,83108864,22,1000000,2000002,2000001,1,16,8,32,16,32,16
i64,disjoint,shuffled,heterogeneous,extended,true,41,i128,1000000,events,3,1,137777600,137777600,99108864,21,1000000,2000002,2000001,1,16,8,32,16,32,16
i64,disjoint,shuffled,heterogeneous,extended,true,41,i128,1000000,heap,3,1,210410200,210410200,75108928,22,1000000,2000002,2000001,1,16,8,32,16,32,16
i64,disjoint,shuffled,heterogeneous,extended,true,41,i128,1000000,production,4,1,217267300,217267300,83108864,22,1000000,2000002,2000001,1,16,8,32,16,32,16
i64,disjoint,shuffled,heterogeneous,extended,true,41,i128,1000000,events,4,1,148849800,148849800,99108864,21,1000000,2000002,2000001,1,16,8,32,16,32,16
i64,disjoint,shuffled,heterogeneous,extended,true,41,i128,1000000,heap,4,1,182731400,182731400,75108928,22,1000000,2000002,2000001,1,16,8,32,16,32,16
i64,disjoint,shuffled,heterogeneous,extended,true,41,i128,1000000,streams_records,4,1,122850300,122850300,131108864,22,1000000,2000002,2000001,1,16,8,32,16,32,16
i64,booking,start,heterogeneous,inferred,false,7,i128,1000,production,0,4,247300,61825,81536,12,1000,1600,1585,28,16,8,32,16,32,16
i64,booking,start,heterogeneous,inferred,false,7,i128,1000,events,0,4,310900,77725,97536,11,1000,1600,1585,28,16,8,32,16,32,16
i64,booking,start,heterogeneous,inferred,false,7,i128,1000,heap,0,4,285400,71350,74048,15,1000,1600,1585,28,16,8,32,16,32,16
i64,booking,start,heterogeneous,inferred,false,7,i128,1000,streams_records,0,4,322800,80700,129536,12,1000,1600,1585,28,16,8,32,16,32,16
i64,booking,start,heterogeneous,inferred,false,7,i128,1000,events,1,4,353000,88250,97536,11,1000,1600,1585,28,16,8,32,16,32,16
i64,booking,start,heterogeneous,inferred,false,7,i128,1000,heap,1,4,345500,86375,74048,15,1000,1600,1585,28,16,8,32,16,32,16
i64,booking,start,heterogeneous,inferred,false,7,i128,1000,streams_records,1,4,414800,103700,129536,12,1000,1600,1585,28,16,8,32,16,32,16
i64,booking,start,heterogeneous,inferred,false,7,i128,1000,production,1,4,405400,101350,81536,12,1000,1600,1585,28,16,8,32,16,32,16
i64,booking,start,heterogeneous,inferred,false,7,i128,1000,heap,2,4,339100,84775,74048,15,1000,1600,1585,28,16,8,32,16,32,16
i64,booking,start,heterogeneous,inferred,false,7,i128,1000,streams_records,2,4,334100,83525,129536,12,1000,1600,1585,28,16,8,32,16,32,16
i64,booking,start,heterogeneous,inferred,false,7,i128,1000,production,2,4,289800,72450,81536,12,1000,1600,1585,28,16,8,32,16,32,16
i64,booking,start,heterogeneous,inferred,false,7,i128,1000,events,2,4,304600,76150,97536,11,1000,1600,1585,28,16,8,32,16,32,16
i64,booking,start,heterogeneous,inferred,false,7,i128,1000,streams_records,3,4,284100,71025,129536,12,1000,1600,1585,28,16,8,32,16,32,16
i64,booking,start,heterogeneous,inferred,false,7,i128,1000,production,3,4,247700,61925,81536,12,1000,1600,1585,28,16,8,32,16,32,16
i64,booking,start,heterogeneous,inferred,false,7,i128,1000,events,3,4,300100,75025,97536,11,1000,1600,1585,28,16,8,32,16,32,16
i64,booking,start,heterogeneous,inferred,false,7,i128,1000,heap,3,4,275300,68825,74048,15,1000,1600,1585,28,16,8,32,16,32,16
i64,booking,start,heterogeneous,inferred,false,7,i128,1000,production,4,4,258300,64575,81536,12,1000,1600,1585,28,16,8,32,16,32,16
i64,booking,start,heterogeneous,inferred,false,7,i128,1000,events,4,4,300800,75200,97536,11,1000,1600,1585,28,16,8,32,16,32,16
i64,booking,start,heterogeneous,inferred,false,7,i128,1000,heap,4,4,267900,66975,74048,15,1000,1600,1585,28,16,8,32,16,32,16
i64,booking,start,heterogeneous,inferred,false,7,i128,1000,streams_records,4,4,302600,75650,129536,12,1000,1600,1585,28,16,8,32,16,32,16
i64,booking,start,heterogeneous,inferred,false,41,i128,1000,production,0,4,257900,64475,81536,12,1000,1588,1574,31,16,8,32,16,32,16
i64,booking,start,heterogeneous,inferred,false,41,i128,1000,events,0,4,303400,75850,97536,11,1000,1588,1574,31,16,8,32,16,32,16
i64,booking,start,heterogeneous,inferred,false,41,i128,1000,heap,0,4,259300,64825,74048,15,1000,1588,1574,31,16,8,32,16,32,16
i64,booking,start,heterogeneous,inferred,false,41,i128,1000,streams_records,0,4,284100,71025,129536,12,1000,1588,1574,31,16,8,32,16,32,16
i64,booking,start,heterogeneous,inferred,false,41,i128,1000,events,1,4,284600,71150,97536,11,1000,1588,1574,31,16,8,32,16,32,16
i64,booking,start,heterogeneous,inferred,false,41,i128,1000,heap,1,4,250900,62725,74048,15,1000,1588,1574,31,16,8,32,16,32,16
i64,booking,start,heterogeneous,inferred,false,41,i128,1000,streams_records,1,4,276600,69150,129536,12,1000,1588,1574,31,16,8,32,16,32,16
i64,booking,start,heterogeneous,inferred,false,41,i128,1000,production,1,4,247900,61975,81536,12,1000,1588,1574,31,16,8,32,16,32,16
i64,booking,start,heterogeneous,inferred,false,41,i128,1000,heap,2,4,246300,61575,74048,15,1000,1588,1574,31,16,8,32,16,32,16
i64,booking,start,heterogeneous,inferred,false,41,i128,1000,streams_records,2,4,271400,67850,129536,12,1000,1588,1574,31,16,8,32,16,32,16
i64,booking,start,heterogeneous,inferred,false,41,i128,1000,production,2,4,239200,59800,81536,12,1000,1588,1574,31,16,8,32,16,32,16
i64,booking,start,heterogeneous,inferred,false,41,i128,1000,events,2,4,288900,72225,97536,11,1000,1588,1574,31,16,8,32,16,32,16
i64,booking,start,heterogeneous,inferred,false,41,i128,1000,streams_records,3,4,271900,67975,129536,12,1000,1588,1574,31,16,8,32,16,32,16
i64,booking,start,heterogeneous,inferred,false,41,i128,1000,production,3,4,237900,59475,81536,12,1000,1588,1574,31,16,8,32,16,32,16
i64,booking,start,heterogeneous,inferred,false,41,i128,1000,events,3,4,280700,70175,97536,11,1000,1588,1574,31,16,8,32,16,32,16
i64,booking,start,heterogeneous,inferred,false,41,i128,1000,heap,3,4,258500,64625,74048,15,1000,1588,1574,31,16,8,32,16,32,16
i64,booking,start,heterogeneous,inferred,false,41,i128,1000,production,4,4,290700,72675,81536,12,1000,1588,1574,31,16,8,32,16,32,16
i64,booking,start,heterogeneous,inferred,false,41,i128,1000,events,4,4,282700,70675,97536,11,1000,1588,1574,31,16,8,32,16,32,16
i64,booking,start,heterogeneous,inferred,false,41,i128,1000,heap,4,4,252600,63150,74048,15,1000,1588,1574,31,16,8,32,16,32,16
i64,booking,start,heterogeneous,inferred,false,41,i128,1000,streams_records,4,4,290300,72575,129536,12,1000,1588,1574,31,16,8,32,16,32,16
i64,booking,start,heterogeneous,inferred,false,7,i128,100000,production,0,1,9840100,9840100,9988608,19,100000,157225,155670,33,16,8,32,16,32,16
i64,booking,start,heterogeneous,inferred,false,7,i128,100000,events,0,1,9508600,9508600,11588608,18,100000,157225,155670,33,16,8,32,16,32,16
i64,booking,start,heterogeneous,inferred,false,7,i128,100000,heap,0,1,7022400,7022400,9189632,23,100000,157225,155670,33,16,8,32,16,32,16
i64,booking,start,heterogeneous,inferred,false,7,i128,100000,streams_records,0,1,7941200,7941200,14788608,19,100000,157225,155670,33,16,8,32,16,32,16
i64,booking,start,heterogeneous,inferred,false,7,i128,100000,events,1,1,9566500,9566500,11588608,18,100000,157225,155670,33,16,8,32,16,32,16
i64,booking,start,heterogeneous,inferred,false,7,i128,100000,heap,1,1,7095600,7095600,9189632,23,100000,157225,155670,33,16,8,32,16,32,16
i64,booking,start,heterogeneous,inferred,false,7,i128,100000,streams_records,1,1,8066500,8066500,14788608,19,100000,157225,155670,33,16,8,32,16,32,16
i64,booking,start,heterogeneous,inferred,false,7,i128,100000,production,1,1,7570700,7570700,9988608,19,100000,157225,155670,33,16,8,32,16,32,16
i64,booking,start,heterogeneous,inferred,false,7,i128,100000,heap,2,1,7279000,7279000,9189632,23,100000,157225,155670,33,16,8,32,16,32,16
i64,booking,start,heterogeneous,inferred,false,7,i128,100000,streams_records,2,1,8298500,8298500,14788608,19,100000,157225,155670,33,16,8,32,16,32,16
i64,booking,start,heterogeneous,inferred,false,7,i128,100000,production,2,1,7573500,7573500,9988608,19,100000,157225,155670,33,16,8,32,16,32,16
i64,booking,start,heterogeneous,inferred,false,7,i128,100000,events,2,1,9569100,9569100,11588608,18,100000,157225,155670,33,16,8,32,16,32,16
i64,booking,start,heterogeneous,inferred,false,7,i128,100000,streams_records,3,1,7971200,7971200,14788608,19,100000,157225,155670,33,16,8,32,16,32,16
i64,booking,start,heterogeneous,inferred,false,7,i128,100000,production,3,1,7474600,7474600,9988608,19,100000,157225,155670,33,16,8,32,16,32,16
i64,booking,start,heterogeneous,inferred,false,7,i128,100000,events,3,1,9703700,9703700,11588608,18,100000,157225,155670,33,16,8,32,16,32,16
i64,booking,start,heterogeneous,inferred,false,7,i128,100000,heap,3,1,7172200,7172200,9189632,23,100000,157225,155670,33,16,8,32,16,32,16
i64,booking,start,heterogeneous,inferred,false,7,i128,100000,production,4,1,7573400,7573400,9988608,19,100000,157225,155670,33,16,8,32,16,32,16
i64,booking,start,heterogeneous,inferred,false,7,i128,100000,events,4,1,9539900,9539900,11588608,18,100000,157225,155670,33,16,8,32,16,32,16
i64,booking,start,heterogeneous,inferred,false,7,i128,100000,heap,4,1,7108100,7108100,9189632,23,100000,157225,155670,33,16,8,32,16,32,16
i64,booking,start,heterogeneous,inferred,false,7,i128,100000,streams_records,4,1,8023800,8023800,14788608,19,100000,157225,155670,33,16,8,32,16,32,16
i64,booking,start,heterogeneous,inferred,false,41,i128,100000,production,0,1,7377700,7377700,9988608,19,100000,157233,155698,32,16,8,32,16,32,16
i64,booking,start,heterogeneous,inferred,false,41,i128,100000,events,0,1,9464000,9464000,11588608,18,100000,157233,155698,32,16,8,32,16,32,16
i64,booking,start,heterogeneous,inferred,false,41,i128,100000,heap,0,1,7170500,7170500,9189120,22,100000,157233,155698,32,16,8,32,16,32,16
i64,booking,start,heterogeneous,inferred,false,41,i128,100000,streams_records,0,1,8084000,8084000,14788608,19,100000,157233,155698,32,16,8,32,16,32,16
i64,booking,start,heterogeneous,inferred,false,41,i128,100000,events,1,1,9530500,9530500,11588608,18,100000,157233,155698,32,16,8,32,16,32,16
i64,booking,start,heterogeneous,inferred,false,41,i128,100000,heap,1,1,7046700,7046700,9189120,22,100000,157233,155698,32,16,8,32,16,32,16
i64,booking,start,heterogeneous,inferred,false,41,i128,100000,streams_records,1,1,7914100,7914100,14788608,19,100000,157233,155698,32,16,8,32,16,32,16
i64,booking,start,heterogeneous,inferred,false,41,i128,100000,production,1,1,7956500,7956500,9988608,19,100000,157233,155698,32,16,8,32,16,32,16
i64,booking,start,heterogeneous,inferred,false,41,i128,100000,heap,2,1,7156100,7156100,9189120,22,100000,157233,155698,32,16,8,32,16,32,16
i64,booking,start,heterogeneous,inferred,false,41,i128,100000,streams_records,2,1,8109100,8109100,14788608,19,100000,157233,155698,32,16,8,32,16,32,16
i64,booking,start,heterogeneous,inferred,false,41,i128,100000,production,2,1,7482100,7482100,9988608,19,100000,157233,155698,32,16,8,32,16,32,16
i64,booking,start,heterogeneous,inferred,false,41,i128,100000,events,2,1,9536000,9536000,11588608,18,100000,157233,155698,32,16,8,32,16,32,16
i64,booking,start,heterogeneous,inferred,false,41,i128,100000,streams_records,3,1,7940300,7940300,14788608,19,100000,157233,155698,32,16,8,32,16,32,16
i64,booking,start,heterogeneous,inferred,false,41,i128,100000,production,3,1,7449600,7449600,9988608,19,100000,157233,155698,32,16,8,32,16,32,16
i64,booking,start,heterogeneous,inferred,false,41,i128,100000,events,3,1,9468800,9468800,11588608,18,100000,157233,155698,32,16,8,32,16,32,16
i64,booking,start,heterogeneous,inferred,false,41,i128,100000,heap,3,1,6991000,6991000,9189120,22,100000,157233,155698,32,16,8,32,16,32,16
i64,booking,start,heterogeneous,inferred,false,41,i128,100000,production,4,1,7411600,7411600,9988608,19,100000,157233,155698,32,16,8,32,16,32,16
i64,booking,start,heterogeneous,inferred,false,41,i128,100000,events,4,1,9440200,9440200,11588608,18,100000,157233,155698,32,16,8,32,16,32,16
i64,booking,start,heterogeneous,inferred,false,41,i128,100000,heap,4,1,7087500,7087500,9189120,22,100000,157233,155698,32,16,8,32,16,32,16
i64,booking,start,heterogeneous,inferred,false,41,i128,100000,streams_records,4,1,8083400,8083400,14788608,19,100000,157233,155698,32,16,8,32,16,32,16
i64,booking,start,heterogeneous,inferred,false,7,i128,1000000,production,0,1,75840700,75840700,83108864,22,1000000,1572417,1557221,34,16,8,32,16,32,16
i64,booking,start,heterogeneous,inferred,false,7,i128,1000000,events,0,1,123296900,123296900,99108864,21,1000000,1572417,1557221,34,16,8,32,16,32,16
i64,booking,start,heterogeneous,inferred,false,7,i128,1000000,heap,0,1,70248500,70248500,75109888,26,1000000,1572417,1557221,34,16,8,32,16,32,16
i64,booking,start,heterogeneous,inferred,false,7,i128,1000000,streams_records,0,1,89926900,89926900,131108864,22,1000000,1572417,1557221,34,16,8,32,16,32,16
i64,booking,start,heterogeneous,inferred,false,7,i128,1000000,events,1,1,105102600,105102600,99108864,21,1000000,1572417,1557221,34,16,8,32,16,32,16
i64,booking,start,heterogeneous,inferred,false,7,i128,1000000,heap,1,1,69516400,69516400,75109888,26,1000000,1572417,1557221,34,16,8,32,16,32,16
i64,booking,start,heterogeneous,inferred,false,7,i128,1000000,streams_records,1,1,89913200,89913200,131108864,22,1000000,1572417,1557221,34,16,8,32,16,32,16
i64,booking,start,heterogeneous,inferred,false,7,i128,1000000,production,1,1,77073100,77073100,83108864,22,1000000,1572417,1557221,34,16,8,32,16,32,16
i64,booking,start,heterogeneous,inferred,false,7,i128,1000000,heap,2,1,69948400,69948400,75109888,26,1000000,1572417,1557221,34,16,8,32,16,32,16
i64,booking,start,heterogeneous,inferred,false,7,i128,1000000,streams_records,2,1,93857600,93857600,131108864,22,1000000,1572417,1557221,34,16,8,32,16,32,16
i64,booking,start,heterogeneous,inferred,false,7,i128,1000000,production,2,1,81829000,81829000,83108864,22,1000000,1572417,1557221,34,16,8,32,16,32,16
i64,booking,start,heterogeneous,inferred,false,7,i128,1000000,events,2,1,104844300,104844300,99108864,21,1000000,1572417,1557221,34,16,8,32,16,32,16
i64,booking,start,heterogeneous,inferred,false,7,i128,1000000,streams_records,3,1,92369500,92369500,131108864,22,1000000,1572417,1557221,34,16,8,32,16,32,16
i64,booking,start,heterogeneous,inferred,false,7,i128,1000000,production,3,1,79733700,79733700,83108864,22,1000000,1572417,1557221,34,16,8,32,16,32,16
i64,booking,start,heterogeneous,inferred,false,7,i128,1000000,events,3,1,105878800,105878800,99108864,21,1000000,1572417,1557221,34,16,8,32,16,32,16
i64,booking,start,heterogeneous,inferred,false,7,i128,1000000,heap,3,1,69678100,69678100,75109888,26,1000000,1572417,1557221,34,16,8,32,16,32,16
i64,booking,start,heterogeneous,inferred,false,7,i128,1000000,production,4,1,76369500,76369500,83108864,22,1000000,1572417,1557221,34,16,8,32,16,32,16
i64,booking,start,heterogeneous,inferred,false,7,i128,1000000,events,4,1,104703900,104703900,99108864,21,1000000,1572417,1557221,34,16,8,32,16,32,16
i64,booking,start,heterogeneous,inferred,false,7,i128,1000000,heap,4,1,69217700,69217700,75109888,26,1000000,1572417,1557221,34,16,8,32,16,32,16
i64,booking,start,heterogeneous,inferred,false,7,i128,1000000,streams_records,4,1,89900500,89900500,131108864,22,1000000,1572417,1557221,34,16,8,32,16,32,16
i64,booking,start,heterogeneous,inferred,false,41,i128,1000000,production,0,1,75982800,75982800,83108864,22,1000000,1572640,1557391,34,16,8,32,16,32,16
i64,booking,start,heterogeneous,inferred,false,41,i128,1000000,events,0,1,106899100,106899100,99108864,21,1000000,1572640,1557391,34,16,8,32,16,32,16
i64,booking,start,heterogeneous,inferred,false,41,i128,1000000,heap,0,1,69146600,69146600,75109888,26,1000000,1572640,1557391,34,16,8,32,16,32,16
i64,booking,start,heterogeneous,inferred,false,41,i128,1000000,streams_records,0,1,89094600,89094600,131108864,22,1000000,1572640,1557391,34,16,8,32,16,32,16
i64,booking,start,heterogeneous,inferred,false,41,i128,1000000,events,1,1,104797300,104797300,99108864,21,1000000,1572640,1557391,34,16,8,32,16,32,16
i64,booking,start,heterogeneous,inferred,false,41,i128,1000000,heap,1,1,69522200,69522200,75109888,26,1000000,1572640,1557391,34,16,8,32,16,32,16
i64,booking,start,heterogeneous,inferred,false,41,i128,1000000,streams_records,1,1,89838000,89838000,131108864,22,1000000,1572640,1557391,34,16,8,32,16,32,16
i64,booking,start,heterogeneous,inferred,false,41,i128,1000000,production,1,1,76166600,76166600,83108864,22,1000000,1572640,1557391,34,16,8,32,16,32,16
i64,booking,start,heterogeneous,inferred,false,41,i128,1000000,heap,2,1,69070700,69070700,75109888,26,1000000,1572640,1557391,34,16,8,32,16,32,16
i64,booking,start,heterogeneous,inferred,false,41,i128,1000000,streams_records,2,1,93273000,93273000,131108864,22,1000000,1572640,1557391,34,16,8,32,16,32,16
i64,booking,start,heterogeneous,inferred,false,41,i128,1000000,production,2,1,76460300,76460300,83108864,22,1000000,1572640,1557391,34,16,8,32,16,32,16
i64,booking,start,heterogeneous,inferred,false,41,i128,1000000,events,2,1,106510100,106510100,99108864,21,1000000,1572640,1557391,34,16,8,32,16,32,16
i64,booking,start,heterogeneous,inferred,false,41,i128,1000000,streams_records,3,1,92548000,92548000,131108864,22,1000000,1572640,1557391,34,16,8,32,16,32,16
i64,booking,start,heterogeneous,inferred,false,41,i128,1000000,production,3,1,77327000,77327000,83108864,22,1000000,1572640,1557391,34,16,8,32,16,32,16
i64,booking,start,heterogeneous,inferred,false,41,i128,1000000,events,3,1,104650500,104650500,99108864,21,1000000,1572640,1557391,34,16,8,32,16,32,16
i64,booking,start,heterogeneous,inferred,false,41,i128,1000000,heap,3,1,69392800,69392800,75109888,26,1000000,1572640,1557391,34,16,8,32,16,32,16
i64,booking,start,heterogeneous,inferred,false,41,i128,1000000,production,4,1,75998300,75998300,83108864,22,1000000,1572640,1557391,34,16,8,32,16,32,16
i64,booking,start,heterogeneous,inferred,false,41,i128,1000000,events,4,1,105170300,105170300,99108864,21,1000000,1572640,1557391,34,16,8,32,16,32,16
i64,booking,start,heterogeneous,inferred,false,41,i128,1000000,heap,4,1,71464100,71464100,75109888,26,1000000,1572640,1557391,34,16,8,32,16,32,16
i64,booking,start,heterogeneous,inferred,false,41,i128,1000000,streams_records,4,1,96438100,96438100,131108864,22,1000000,1572640,1557391,34,16,8,32,16,32,16
i64,booking,shuffled,skewed,inferred,false,7,i128,1000,production,0,4,291300,72825,81536,12,1000,1600,1367,28,16,8,32,16,32,16
i64,booking,shuffled,skewed,inferred,false,7,i128,1000,events,0,4,386000,96500,97536,11,1000,1600,1367,28,16,8,32,16,32,16
i64,booking,shuffled,skewed,inferred,false,7,i128,1000,heap,0,4,379700,94925,74048,15,1000,1600,1367,28,16,8,32,16,32,16
i64,booking,shuffled,skewed,inferred,false,7,i128,1000,streams_records,0,4,515200,128800,129536,12,1000,1600,1367,28,16,8,32,16,32,16
i64,booking,shuffled,skewed,inferred,false,7,i128,1000,events,1,4,353400,88350,97536,11,1000,1600,1367,28,16,8,32,16,32,16
i64,booking,shuffled,skewed,inferred,false,7,i128,1000,heap,1,4,307800,76950,74048,15,1000,1600,1367,28,16,8,32,16,32,16
i64,booking,shuffled,skewed,inferred,false,7,i128,1000,streams_records,1,4,545600,136400,129536,12,1000,1600,1367,28,16,8,32,16,32,16
i64,booking,shuffled,skewed,inferred,false,7,i128,1000,production,1,4,342900,85725,81536,12,1000,1600,1367,28,16,8,32,16,32,16
i64,booking,shuffled,skewed,inferred,false,7,i128,1000,heap,2,4,271600,67900,74048,15,1000,1600,1367,28,16,8,32,16,32,16
i64,booking,shuffled,skewed,inferred,false,7,i128,1000,streams_records,2,4,372100,93025,129536,12,1000,1600,1367,28,16,8,32,16,32,16
i64,booking,shuffled,skewed,inferred,false,7,i128,1000,production,2,4,326300,81575,81536,12,1000,1600,1367,28,16,8,32,16,32,16
i64,booking,shuffled,skewed,inferred,false,7,i128,1000,events,2,4,286500,71625,97536,11,1000,1600,1367,28,16,8,32,16,32,16
i64,booking,shuffled,skewed,inferred,false,7,i128,1000,streams_records,3,4,340200,85050,129536,12,1000,1600,1367,28,16,8,32,16,32,16
i64,booking,shuffled,skewed,inferred,false,7,i128,1000,production,3,4,215700,53925,81536,12,1000,1600,1367,28,16,8,32,16,32,16
i64,booking,shuffled,skewed,inferred,false,7,i128,1000,events,3,4,273500,68375,97536,11,1000,1600,1367,28,16,8,32,16,32,16
i64,booking,shuffled,skewed,inferred,false,7,i128,1000,heap,3,4,271300,67825,74048,15,1000,1600,1367,28,16,8,32,16,32,16
i64,booking,shuffled,skewed,inferred,false,7,i128,1000,production,4,4,283400,70850,81536,12,1000,1600,1367,28,16,8,32,16,32,16
i64,booking,shuffled,skewed,inferred,false,7,i128,1000,events,4,4,261800,65450,97536,11,1000,1600,1367,28,16,8,32,16,32,16
i64,booking,shuffled,skewed,inferred,false,7,i128,1000,heap,4,4,256100,64025,74048,15,1000,1600,1367,28,16,8,32,16,32,16
i64,booking,shuffled,skewed,inferred,false,7,i128,1000,streams_records,4,4,340400,85100,129536,12,1000,1600,1367,28,16,8,32,16,32,16
i64,booking,shuffled,skewed,inferred,false,41,i128,1000,production,0,4,301500,75375,81536,12,1000,1588,1346,31,16,8,32,16,32,16
i64,booking,shuffled,skewed,inferred,false,41,i128,1000,events,0,4,284000,71000,97536,11,1000,1588,1346,31,16,8,32,16,32,16
i64,booking,shuffled,skewed,inferred,false,41,i128,1000,heap,0,4,272700,68175,74048,15,1000,1588,1346,31,16,8,32,16,32,16
i64,booking,shuffled,skewed,inferred,false,41,i128,1000,streams_records,0,4,351300,87825,129536,12,1000,1588,1346,31,16,8,32,16,32,16
i64,booking,shuffled,skewed,inferred,false,41,i128,1000,events,1,4,275100,68775,97536,11,1000,1588,1346,31,16,8,32,16,32,16
i64,booking,shuffled,skewed,inferred,false,41,i128,1000,heap,1,4,263400,65850,74048,15,1000,1588,1346,31,16,8,32,16,32,16
i64,booking,shuffled,skewed,inferred,false,41,i128,1000,streams_records,1,4,325100,81275,129536,12,1000,1588,1346,31,16,8,32,16,32,16
i64,booking,shuffled,skewed,inferred,false,41,i128,1000,production,1,4,227600,56900,81536,12,1000,1588,1346,31,16,8,32,16,32,16
i64,booking,shuffled,skewed,inferred,false,41,i128,1000,heap,2,4,258700,64675,74048,15,1000,1588,1346,31,16,8,32,16,32,16
i64,booking,shuffled,skewed,inferred,false,41,i128,1000,streams_records,2,4,332100,83025,129536,12,1000,1588,1346,31,16,8,32,16,32,16
i64,booking,shuffled,skewed,inferred,false,41,i128,1000,production,2,4,288200,72050,81536,12,1000,1588,1346,31,16,8,32,16,32,16
i64,booking,shuffled,skewed,inferred,false,41,i128,1000,events,2,4,274300,68575,97536,11,1000,1588,1346,31,16,8,32,16,32,16
i64,booking,shuffled,skewed,inferred,false,41,i128,1000,streams_records,3,4,325700,81425,129536,12,1000,1588,1346,31,16,8,32,16,32,16
i64,booking,shuffled,skewed,inferred,false,41,i128,1000,production,3,4,283200,70800,81536,12,1000,1588,1346,31,16,8,32,16,32,16
i64,booking,shuffled,skewed,inferred,false,41,i128,1000,events,3,4,266000,66500,97536,11,1000,1588,1346,31,16,8,32,16,32,16
i64,booking,shuffled,skewed,inferred,false,41,i128,1000,heap,3,4,267700,66925,74048,15,1000,1588,1346,31,16,8,32,16,32,16
i64,booking,shuffled,skewed,inferred,false,41,i128,1000,production,4,4,284100,71025,81536,12,1000,1588,1346,31,16,8,32,16,32,16
i64,booking,shuffled,skewed,inferred,false,41,i128,1000,events,4,4,302300,75575,97536,11,1000,1588,1346,31,16,8,32,16,32,16
i64,booking,shuffled,skewed,inferred,false,41,i128,1000,heap,4,4,263600,65900,74048,15,1000,1588,1346,31,16,8,32,16,32,16
i64,booking,shuffled,skewed,inferred,false,41,i128,1000,streams_records,4,4,320500,80125,129536,12,1000,1588,1346,31,16,8,32,16,32,16
i64,booking,shuffled,skewed,inferred,false,7,i128,100000,production,0,1,11154800,11154800,9988608,19,100000,157225,133889,33,16,8,32,16,32,16
i64,booking,shuffled,skewed,inferred,false,7,i128,100000,events,0,1,9701800,9701800,11588608,18,100000,157225,133889,33,16,8,32,16,32,16
i64,booking,shuffled,skewed,inferred,false,7,i128,100000,heap,0,1,10379200,10379200,9189632,23,100000,157225,133889,33,16,8,32,16,32,16
i64,booking,shuffled,skewed,inferred,false,7,i128,100000,streams_records,0,1,11355100,11355100,14788608,19,100000,157225,133889,33,16,8,32,16,32,16
i64,booking,shuffled,skewed,inferred,false,7,i128,100000,events,1,1,11450800,11450800,11588608,18,100000,157225,133889,33,16,8,32,16,32,16
i64,booking,shuffled,skewed,inferred,false,7,i128,100000,heap,1,1,11792600,11792600,9189632,23,100000,157225,133889,33,16,8,32,16,32,16
i64,booking,shuffled,skewed,inferred,false,7,i128,100000,streams_records,1,1,14204200,14204200,14788608,19,100000,157225,133889,33,16,8,32,16,32,16
i64,booking,shuffled,skewed,inferred,false,7,i128,100000,production,1,1,15107900,15107900,9988608,19,100000,157225,133889,33,16,8,32,16,32,16
i64,booking,shuffled,skewed,inferred,false,7,i128,100000,heap,2,1,13022700,13022700,9189632,23,100000,157225,133889,33,16,8,32,16,32,16
i64,booking,shuffled,skewed,inferred,false,7,i128,100000,streams_records,2,1,14486700,14486700,14788608,19,100000,157225,133889,33,16,8,32,16,32,16
i64,booking,shuffled,skewed,inferred,false,7,i128,100000,production,2,1,12985500,12985500,9988608,19,100000,157225,133889,33,16,8,32,16,32,16
i64,booking,shuffled,skewed,inferred,false,7,i128,100000,events,2,1,12305700,12305700,11588608,18,100000,157225,133889,33,16,8,32,16,32,16
i64,booking,shuffled,skewed,inferred,false,7,i128,100000,streams_records,3,1,10862200,10862200,14788608,19,100000,157225,133889,33,16,8,32,16,32,16
i64,booking,shuffled,skewed,inferred,false,7,i128,100000,production,3,1,11250300,11250300,9988608,19,100000,157225,133889,33,16,8,32,16,32,16
i64,booking,shuffled,skewed,inferred,false,7,i128,100000,events,3,1,10070300,10070300,11588608,18,100000,157225,133889,33,16,8,32,16,32,16
i64,booking,shuffled,skewed,inferred,false,7,i128,100000,heap,3,1,10597300,10597300,9189632,23,100000,157225,133889,33,16,8,32,16,32,16
i64,booking,shuffled,skewed,inferred,false,7,i128,100000,production,4,1,11417100,11417100,9988608,19,100000,157225,133889,33,16,8,32,16,32,16
i64,booking,shuffled,skewed,inferred,false,7,i128,100000,events,4,1,9739100,9739100,11588608,18,100000,157225,133889,33,16,8,32,16,32,16
i64,booking,shuffled,skewed,inferred,false,7,i128,100000,heap,4,1,10512400,10512400,9189632,23,100000,157225,133889,33,16,8,32,16,32,16
i64,booking,shuffled,skewed,inferred,false,7,i128,100000,streams_records,4,1,10832500,10832500,14788608,19,100000,157225,133889,33,16,8,32,16,32,16
i64,booking,shuffled,skewed,inferred,false,41,i128,100000,production,0,1,11026000,11026000,9988608,19,100000,157233,133889,32,16,8,32,16,32,16
i64,booking,shuffled,skewed,inferred,false,41,i128,100000,events,0,1,9698600,9698600,11588608,18,100000,157233,133889,32,16,8,32,16,32,16
i64,booking,shuffled,skewed,inferred,false,41,i128,100000,heap,0,1,10610800,10610800,9189120,22,100000,157233,133889,32,16,8,32,16,32,16
i64,booking,shuffled,skewed,inferred,false,41,i128,100000,streams_records,0,1,10840800,10840800,14788608,19,100000,157233,133889,32,16,8,32,16,32,16
i64,booking,shuffled,skewed,inferred,false,41,i128,100000,events,1,1,9741800,9741800,11588608,18,100000,157233,133889,32,16,8,32,16,32,16
i64,booking,shuffled,skewed,inferred,false,41,i128,100000,heap,1,1,10295100,10295100,9189120,22,100000,157233,133889,32,16,8,32,16,32,16
i64,booking,shuffled,skewed,inferred,false,41,i128,100000,streams_records,1,1,10866300,10866300,14788608,19,100000,157233,133889,32,16,8,32,16,32,16
i64,booking,shuffled,skewed,inferred,false,41,i128,100000,production,1,1,11430500,11430500,9988608,19,100000,157233,133889,32,16,8,32,16,32,16
i64,booking,shuffled,skewed,inferred,false,41,i128,100000,heap,2,1,10385300,10385300,9189120,22,100000,157233,133889,32,16,8,32,16,32,16
i64,booking,shuffled,skewed,inferred,false,41,i128,100000,streams_records,2,1,12939300,12939300,14788608,19,100000,157233,133889,32,16,8,32,16,32,16
i64,booking,shuffled,skewed,inferred,false,41,i128,100000,production,2,1,11383600,11383600,9988608,19,100000,157233,133889,32,16,8,32,16,32,16
i64,booking,shuffled,skewed,inferred,false,41,i128,100000,events,2,1,9716800,9716800,11588608,18,100000,157233,133889,32,16,8,32,16,32,16
i64,booking,shuffled,skewed,inferred,false,41,i128,100000,streams_records,3,1,10608300,10608300,14788608,19,100000,157233,133889,32,16,8,32,16,32,16
i64,booking,shuffled,skewed,inferred,false,41,i128,100000,production,3,1,11154800,11154800,9988608,19,100000,157233,133889,32,16,8,32,16,32,16
i64,booking,shuffled,skewed,inferred,false,41,i128,100000,events,3,1,9726200,9726200,11588608,18,100000,157233,133889,32,16,8,32,16,32,16
i64,booking,shuffled,skewed,inferred,false,41,i128,100000,heap,3,1,10346500,10346500,9189120,22,100000,157233,133889,32,16,8,32,16,32,16
i64,booking,shuffled,skewed,inferred,false,41,i128,100000,production,4,1,11299800,11299800,9988608,19,100000,157233,133889,32,16,8,32,16,32,16
i64,booking,shuffled,skewed,inferred,false,41,i128,100000,events,4,1,9741600,9741600,11588608,18,100000,157233,133889,32,16,8,32,16,32,16
i64,booking,shuffled,skewed,inferred,false,41,i128,100000,heap,4,1,10383500,10383500,9189120,22,100000,157233,133889,32,16,8,32,16,32,16
i64,booking,shuffled,skewed,inferred,false,41,i128,100000,streams_records,4,1,10722300,10722300,14788608,19,100000,157233,133889,32,16,8,32,16,32,16
i64,booking,shuffled,skewed,inferred,false,7,i128,1000000,production,0,1,211306400,211306400,83108864,22,1000000,1572417,1339764,34,16,8,32,16,32,16
i64,booking,shuffled,skewed,inferred,false,7,i128,1000000,events,0,1,131410800,131410800,99108864,21,1000000,1572417,1339764,34,16,8,32,16,32,16
i64,booking,shuffled,skewed,inferred,false,7,i128,1000000,heap,0,1,220876100,220876100,75109888,26,1000000,1572417,1339764,34,16,8,32,16,32,16
i64,booking,shuffled,skewed,inferred,false,7,i128,1000000,streams_records,0,1,127527500,127527500,131108864,22,1000000,1572417,1339764,34,16,8,32,16,32,16
i64,booking,shuffled,skewed,inferred,false,7,i128,1000000,events,1,1,134755100,134755100,99108864,21,1000000,1572417,1339764,34,16,8,32,16,32,16
i64,booking,shuffled,skewed,inferred,false,7,i128,1000000,heap,1,1,209969200,209969200,75109888,26,1000000,1572417,1339764,34,16,8,32,16,32,16
i64,booking,shuffled,skewed,inferred,false,7,i128,1000000,streams_records,1,1,123978400,123978400,131108864,22,1000000,1572417,1339764,34,16,8,32,16,32,16
i64,booking,shuffled,skewed,inferred,false,7,i128,1000000,production,1,1,210604600,210604600,83108864,22,1000000,1572417,1339764,34,16,8,32,16,32,16
i64,booking,shuffled,skewed,inferred,false,7,i128,1000000,heap,2,1,189948100,189948100,75109888,26,1000000,1572417,1339764,34,16,8,32,16,32,16
i64,booking,shuffled,skewed,inferred,false,7,i128,1000000,streams_records,2,1,122572500,122572500,131108864,22,1000000,1572417,1339764,34,16,8,32,16,32,16
i64,booking,shuffled,skewed,inferred,false,7,i128,1000000,production,2,1,223650200,223650200,83108864,22,1000000,1572417,1339764,34,16,8,32,16,32,16
i64,booking,shuffled,skewed,inferred,false,7,i128,1000000,events,2,1,132707700,132707700,99108864,21,1000000,1572417,1339764,34,16,8,32,16,32,16
i64,booking,shuffled,skewed,inferred,false,7,i128,1000000,streams_records,3,1,124201300,124201300,131108864,22,1000000,1572417,1339764,34,16,8,32,16,32,16
i64,booking,shuffled,skewed,inferred,false,7,i128,1000000,production,3,1,212378200,212378200,83108864,22,1000000,1572417,1339764,34,16,8,32,16,32,16
i64,booking,shuffled,skewed,inferred,false,7,i128,1000000,events,3,1,130640600,130640600,99108864,21,1000000,1572417,1339764,34,16,8,32,16,32,16
i64,booking,shuffled,skewed,inferred,false,7,i128,1000000,heap,3,1,190905900,190905900,75109888,26,1000000,1572417,1339764,34,16,8,32,16,32,16
i64,booking,shuffled,skewed,inferred,false,7,i128,1000000,production,4,1,235894000,235894000,83108864,22,1000000,1572417,1339764,34,16,8,32,16,32,16
i64,booking,shuffled,skewed,inferred,false,7,i128,1000000,events,4,1,132997800,132997800,99108864,21,1000000,1572417,1339764,34,16,8,32,16,32,16
i64,booking,shuffled,skewed,inferred,false,7,i128,1000000,heap,4,1,189813500,189813500,75109888,26,1000000,1572417,1339764,34,16,8,32,16,32,16
i64,booking,shuffled,skewed,inferred,false,7,i128,1000000,streams_records,4,1,123534500,123534500,131108864,22,1000000,1572417,1339764,34,16,8,32,16,32,16
i64,booking,shuffled,skewed,inferred,false,41,i128,1000000,production,0,1,211077100,211077100,83108864,22,1000000,1572640,1339439,34,16,8,32,16,32,16
i64,booking,shuffled,skewed,inferred,false,41,i128,1000000,events,0,1,130770500,130770500,99108864,21,1000000,1572640,1339439,34,16,8,32,16,32,16
i64,booking,shuffled,skewed,inferred,false,41,i128,1000000,heap,0,1,192555400,192555400,75109888,26,1000000,1572640,1339439,34,16,8,32,16,32,16
i64,booking,shuffled,skewed,inferred,false,41,i128,1000000,streams_records,0,1,123109200,123109200,131108864,22,1000000,1572640,1339439,34,16,8,32,16,32,16
i64,booking,shuffled,skewed,inferred,false,41,i128,1000000,events,1,1,131947900,131947900,99108864,21,1000000,1572640,1339439,34,16,8,32,16,32,16
i64,booking,shuffled,skewed,inferred,false,41,i128,1000000,heap,1,1,208575000,208575000,75109888,26,1000000,1572640,1339439,34,16,8,32,16,32,16
i64,booking,shuffled,skewed,inferred,false,41,i128,1000000,streams_records,1,1,125267800,125267800,131108864,22,1000000,1572640,1339439,34,16,8,32,16,32,16
i64,booking,shuffled,skewed,inferred,false,41,i128,1000000,production,1,1,211008500,211008500,83108864,22,1000000,1572640,1339439,34,16,8,32,16,32,16
i64,booking,shuffled,skewed,inferred,false,41,i128,1000000,heap,2,1,191387600,191387600,75109888,26,1000000,1572640,1339439,34,16,8,32,16,32,16
i64,booking,shuffled,skewed,inferred,false,41,i128,1000000,streams_records,2,1,123102000,123102000,131108864,22,1000000,1572640,1339439,34,16,8,32,16,32,16
i64,booking,shuffled,skewed,inferred,false,41,i128,1000000,production,2,1,212139700,212139700,83108864,22,1000000,1572640,1339439,34,16,8,32,16,32,16
i64,booking,shuffled,skewed,inferred,false,41,i128,1000000,events,2,1,153754100,153754100,99108864,21,1000000,1572640,1339439,34,16,8,32,16,32,16
i64,booking,shuffled,skewed,inferred,false,41,i128,1000000,streams_records,3,1,124652000,124652000,131108864,22,1000000,1572640,1339439,34,16,8,32,16,32,16
i64,booking,shuffled,skewed,inferred,false,41,i128,1000000,production,3,1,214396300,214396300,83108864,22,1000000,1572640,1339439,34,16,8,32,16,32,16
i64,booking,shuffled,skewed,inferred,false,41,i128,1000000,events,3,1,131414300,131414300,99108864,21,1000000,1572640,1339439,34,16,8,32,16,32,16
i64,booking,shuffled,skewed,inferred,false,41,i128,1000000,heap,3,1,197217200,197217200,75109888,26,1000000,1572640,1339439,34,16,8,32,16,32,16
i64,booking,shuffled,skewed,inferred,false,41,i128,1000000,production,4,1,213393100,213393100,83108864,22,1000000,1572640,1339439,34,16,8,32,16,32,16
i64,booking,shuffled,skewed,inferred,false,41,i128,1000000,events,4,1,155526700,155526700,99108864,21,1000000,1572640,1339439,34,16,8,32,16,32,16
i64,booking,shuffled,skewed,inferred,false,41,i128,1000000,heap,4,1,192814900,192814900,75109888,26,1000000,1572640,1339439,34,16,8,32,16,32,16
i64,booking,shuffled,skewed,inferred,false,41,i128,1000000,streams_records,4,1,123039200,123039200,131108864,22,1000000,1572640,1339439,34,16,8,32,16,32,16
i64,clique,shuffled,heterogeneous,inferred,false,7,i128,1000,production,0,4,188300,47075,81536,12,1000,2000,1999,1000,16,8,32,16,32,16
i64,clique,shuffled,heterogeneous,inferred,false,7,i128,1000,events,0,4,294800,73700,97536,11,1000,2000,1999,1000,16,8,32,16,32,16
i64,clique,shuffled,heterogeneous,inferred,false,7,i128,1000,heap,0,4,298200,74550,89920,20,1000,2000,1999,1000,16,8,32,16,32,16
i64,clique,shuffled,heterogeneous,inferred,false,7,i128,1000,streams_records,0,4,353600,88400,129536,12,1000,2000,1999,1000,16,8,32,16,32,16
i64,clique,shuffled,heterogeneous,inferred,false,7,i128,1000,events,1,4,265000,66250,97536,11,1000,2000,1999,1000,16,8,32,16,32,16
i64,clique,shuffled,heterogeneous,inferred,false,7,i128,1000,heap,1,4,374500,93625,89920,20,1000,2000,1999,1000,16,8,32,16,32,16
i64,clique,shuffled,heterogeneous,inferred,false,7,i128,1000,streams_records,1,4,500200,125050,129536,12,1000,2000,1999,1000,16,8,32,16,32,16
i64,clique,shuffled,heterogeneous,inferred,false,7,i128,1000,production,1,4,512200,128050,81536,12,1000,2000,1999,1000,16,8,32,16,32,16
i64,clique,shuffled,heterogeneous,inferred,false,7,i128,1000,heap,2,4,419000,104750,89920,20,1000,2000,1999,1000,16,8,32,16,32,16
i64,clique,shuffled,heterogeneous,inferred,false,7,i128,1000,streams_records,2,4,506600,126650,129536,12,1000,2000,1999,1000,16,8,32,16,32,16
i64,clique,shuffled,heterogeneous,inferred,false,7,i128,1000,production,2,4,452000,113000,81536,12,1000,2000,1999,1000,16,8,32,16,32,16
i64,clique,shuffled,heterogeneous,inferred,false,7,i128,1000,events,2,4,336300,84075,97536,11,1000,2000,1999,1000,16,8,32,16,32,16
i64,clique,shuffled,heterogeneous,inferred,false,7,i128,1000,streams_records,3,4,386100,96525,129536,12,1000,2000,1999,1000,16,8,32,16,32,16
i64,clique,shuffled,heterogeneous,inferred,false,7,i128,1000,production,3,4,224900,56225,81536,12,1000,2000,1999,1000,16,8,32,16,32,16
i64,clique,shuffled,heterogeneous,inferred,false,7,i128,1000,events,3,4,263300,65825,97536,11,1000,2000,1999,1000,16,8,32,16,32,16
i64,clique,shuffled,heterogeneous,inferred,false,7,i128,1000,heap,3,4,299900,74975,89920,20,1000,2000,1999,1000,16,8,32,16,32,16
i64,clique,shuffled,heterogeneous,inferred,false,7,i128,1000,production,4,4,293000,73250,81536,12,1000,2000,1999,1000,16,8,32,16,32,16
i64,clique,shuffled,heterogeneous,inferred,false,7,i128,1000,events,4,4,250900,62725,97536,11,1000,2000,1999,1000,16,8,32,16,32,16
i64,clique,shuffled,heterogeneous,inferred,false,7,i128,1000,heap,4,4,274300,68575,89920,20,1000,2000,1999,1000,16,8,32,16,32,16
i64,clique,shuffled,heterogeneous,inferred,false,7,i128,1000,streams_records,4,4,318800,79700,129536,12,1000,2000,1999,1000,16,8,32,16,32,16
i64,clique,shuffled,heterogeneous,inferred,false,41,i128,1000,production,0,4,253600,63400,81536,12,1000,2000,1999,1000,16,8,32,16,32,16
i64,clique,shuffled,heterogeneous,inferred,false,41,i128,1000,events,0,4,264100,66025,97536,11,1000,2000,1999,1000,16,8,32,16,32,16
i64,clique,shuffled,heterogeneous,inferred,false,41,i128,1000,heap,0,4,301000,75250,89920,20,1000,2000,1999,1000,16,8,32,16,32,16
i64,clique,shuffled,heterogeneous,inferred,false,41,i128,1000,streams_records,0,4,306600,76650,129536,12,1000,2000,1999,1000,16,8,32,16,32,16
i64,clique,shuffled,heterogeneous,inferred,false,41,i128,1000,events,1,4,249200,62300,97536,11,1000,2000,1999,1000,16,8,32,16,32,16
i64,clique,shuffled,heterogeneous,inferred,false,41,i128,1000,heap,1,4,275200,68800,89920,20,1000,2000,1999,1000,16,8,32,16,32,16
i64,clique,shuffled,heterogeneous,inferred,false,41,i128,1000,streams_records,1,4,313900,78475,129536,12,1000,2000,1999,1000,16,8,32,16,32,16
i64,clique,shuffled,heterogeneous,inferred,false,41,i128,1000,production,1,4,302800,75700,81536,12,1000,2000,1999,1000,16,8,32,16,32,16
i64,clique,shuffled,heterogeneous,inferred,false,41,i128,1000,heap,2,4,280200,70050,89920,20,1000,2000,1999,1000,16,8,32,16,32,16
i64,clique,shuffled,heterogeneous,inferred,false,41,i128,1000,streams_records,2,4,302100,75525,129536,12,1000,2000,1999,1000,16,8,32,16,32,16
i64,clique,shuffled,heterogeneous,inferred,false,41,i128,1000,production,2,4,294700,73675,81536,12,1000,2000,1999,1000,16,8,32,16,32,16
i64,clique,shuffled,heterogeneous,inferred,false,41,i128,1000,events,2,4,252300,63075,97536,11,1000,2000,1999,1000,16,8,32,16,32,16
i64,clique,shuffled,heterogeneous,inferred,false,41,i128,1000,streams_records,3,4,290500,72625,129536,12,1000,2000,1999,1000,16,8,32,16,32,16
i64,clique,shuffled,heterogeneous,inferred,false,41,i128,1000,production,3,4,202500,50625,81536,12,1000,2000,1999,1000,16,8,32,16,32,16
i64,clique,shuffled,heterogeneous,inferred,false,41,i128,1000,events,3,4,239400,59850,97536,11,1000,2000,1999,1000,16,8,32,16,32,16
i64,clique,shuffled,heterogeneous,inferred,false,41,i128,1000,heap,3,4,281200,70300,89920,20,1000,2000,1999,1000,16,8,32,16,32,16
i64,clique,shuffled,heterogeneous,inferred,false,41,i128,1000,production,4,4,278100,69525,81536,12,1000,2000,1999,1000,16,8,32,16,32,16
i64,clique,shuffled,heterogeneous,inferred,false,41,i128,1000,events,4,4,243700,60925,97536,11,1000,2000,1999,1000,16,8,32,16,32,16
i64,clique,shuffled,heterogeneous,inferred,false,41,i128,1000,heap,4,4,277000,69250,89920,20,1000,2000,1999,1000,16,8,32,16,32,16
i64,clique,shuffled,heterogeneous,inferred,false,41,i128,1000,streams_records,4,4,312400,78100,129536,12,1000,2000,1999,1000,16,8,32,16,32,16
i64,clique,shuffled,heterogeneous,inferred,false,7,i128,100000,production,0,1,16964300,16964300,9988608,19,100000,200000,199999,100000,16,8,32,16,32,16
i64,clique,shuffled,heterogeneous,inferred,false,7,i128,100000,events,0,1,14091600,14091600,11588608,18,100000,200000,199999,100000,16,8,32,16,32,16
i64,clique,shuffled,heterogeneous,inferred,false,7,i128,100000,heap,0,1,19128500,19128500,11285760,34,100000,200000,199999,100000,16,8,32,16,32,16
i64,clique,shuffled,heterogeneous,inferred,false,7,i128,100000,streams_records,0,1,13567200,13567200,14788608,19,100000,200000,199999,100000,16,8,32,16,32,16
i64,clique,shuffled,heterogeneous,inferred,false,7,i128,100000,events,1,1,14342000,14342000,11588608,18,100000,200000,199999,100000,16,8,32,16,32,16
i64,clique,shuffled,heterogeneous,inferred,false,7,i128,100000,heap,1,1,18437000,18437000,11285760,34,100000,200000,199999,100000,16,8,32,16,32,16
i64,clique,shuffled,heterogeneous,inferred,false,7,i128,100000,streams_records,1,1,14140400,14140400,14788608,19,100000,200000,199999,100000,16,8,32,16,32,16
i64,clique,shuffled,heterogeneous,inferred,false,7,i128,100000,production,1,1,13424700,13424700,9988608,19,100000,200000,199999,100000,16,8,32,16,32,16
i64,clique,shuffled,heterogeneous,inferred,false,7,i128,100000,heap,2,1,14280400,14280400,11285760,34,100000,200000,199999,100000,16,8,32,16,32,16
i64,clique,shuffled,heterogeneous,inferred,false,7,i128,100000,streams_records,2,1,10425500,10425500,14788608,19,100000,200000,199999,100000,16,8,32,16,32,16
i64,clique,shuffled,heterogeneous,inferred,false,7,i128,100000,production,2,1,11407100,11407100,9988608,19,100000,200000,199999,100000,16,8,32,16,32,16
i64,clique,shuffled,heterogeneous,inferred,false,7,i128,100000,events,2,1,10129600,10129600,11588608,18,100000,200000,199999,100000,16,8,32,16,32,16
i64,clique,shuffled,heterogeneous,inferred,false,7,i128,100000,streams_records,3,1,10409600,10409600,14788608,19,100000,200000,199999,100000,16,8,32,16,32,16
i64,clique,shuffled,heterogeneous,inferred,false,7,i128,100000,production,3,1,11292400,11292400,9988608,19,100000,200000,199999,100000,16,8,32,16,32,16
i64,clique,shuffled,heterogeneous,inferred,false,7,i128,100000,events,3,1,9765800,9765800,11588608,18,100000,200000,199999,100000,16,8,32,16,32,16
i64,clique,shuffled,heterogeneous,inferred,false,7,i128,100000,heap,3,1,14077100,14077100,11285760,34,100000,200000,199999,100000,16,8,32,16,32,16
i64,clique,shuffled,heterogeneous,inferred,false,7,i128,100000,production,4,1,11290100,11290100,9988608,19,100000,200000,199999,100000,16,8,32,16,32,16
i64,clique,shuffled,heterogeneous,inferred,false,7,i128,100000,events,4,1,9753500,9753500,11588608,18,100000,200000,199999,100000,16,8,32,16,32,16
i64,clique,shuffled,heterogeneous,inferred,false,7,i128,100000,heap,4,1,14201400,14201400,11285760,34,100000,200000,199999,100000,16,8,32,16,32,16
i64,clique,shuffled,heterogeneous,inferred,false,7,i128,100000,streams_records,4,1,10473200,10473200,14788608,19,100000,200000,199999,100000,16,8,32,16,32,16
i64,clique,shuffled,heterogeneous,inferred,false,41,i128,100000,production,0,1,11435200,11435200,9988608,19,100000,200000,199999,100000,16,8,32,16,32,16
i64,clique,shuffled,heterogeneous,inferred,false,41,i128,100000,events,0,1,9923800,9923800,11588608,18,100000,200000,199999,100000,16,8,32,16,32,16
i64,clique,shuffled,heterogeneous,inferred,false,41,i128,100000,heap,0,1,14329300,14329300,11285760,34,100000,200000,199999,100000,16,8,32,16,32,16
i64,clique,shuffled,heterogeneous,inferred,false,41,i128,100000,streams_records,0,1,10487700,10487700,14788608,19,100000,200000,199999,100000,16,8,32,16,32,16
i64,clique,shuffled,heterogeneous,inferred,false,41,i128,100000,events,1,1,9734200,9734200,11588608,18,100000,200000,199999,100000,16,8,32,16,32,16
i64,clique,shuffled,heterogeneous,inferred,false,41,i128,100000,heap,1,1,14045500,14045500,11285760,34,100000,200000,199999,100000,16,8,32,16,32,16
i64,clique,shuffled,heterogeneous,inferred,false,41,i128,100000,streams_records,1,1,10974400,10974400,14788608,19,100000,200000,199999,100000,16,8,32,16,32,16
i64,clique,shuffled,heterogeneous,inferred,false,41,i128,100000,production,1,1,11352200,11352200,9988608,19,100000,200000,199999,100000,16,8,32,16,32,16
i64,clique,shuffled,heterogeneous,inferred,false,41,i128,100000,heap,2,1,14095600,14095600,11285760,34,100000,200000,199999,100000,16,8,32,16,32,16
i64,clique,shuffled,heterogeneous,inferred,false,41,i128,100000,streams_records,2,1,10479600,10479600,14788608,19,100000,200000,199999,100000,16,8,32,16,32,16
i64,clique,shuffled,heterogeneous,inferred,false,41,i128,100000,production,2,1,11441300,11441300,9988608,19,100000,200000,199999,100000,16,8,32,16,32,16
i64,clique,shuffled,heterogeneous,inferred,false,41,i128,100000,events,2,1,9720100,9720100,11588608,18,100000,200000,199999,100000,16,8,32,16,32,16
i64,clique,shuffled,heterogeneous,inferred,false,41,i128,100000,streams_records,3,1,11348500,11348500,14788608,19,100000,200000,199999,100000,16,8,32,16,32,16
i64,clique,shuffled,heterogeneous,inferred,false,41,i128,100000,production,3,1,17633000,17633000,9988608,19,100000,200000,199999,100000,16,8,32,16,32,16
i64,clique,shuffled,heterogeneous,inferred,false,41,i128,100000,events,3,1,12493900,12493900,11588608,18,100000,200000,199999,100000,16,8,32,16,32,16
i64,clique,shuffled,heterogeneous,inferred,false,41,i128,100000,heap,3,1,14055100,14055100,11285760,34,100000,200000,199999,100000,16,8,32,16,32,16
i64,clique,shuffled,heterogeneous,inferred,false,41,i128,100000,production,4,1,11285900,11285900,9988608,19,100000,200000,199999,100000,16,8,32,16,32,16
i64,clique,shuffled,heterogeneous,inferred,false,41,i128,100000,events,4,1,9799400,9799400,11588608,18,100000,200000,199999,100000,16,8,32,16,32,16
i64,clique,shuffled,heterogeneous,inferred,false,41,i128,100000,heap,4,1,14101300,14101300,11285760,34,100000,200000,199999,100000,16,8,32,16,32,16
i64,clique,shuffled,heterogeneous,inferred,false,41,i128,100000,streams_records,4,1,10417900,10417900,14788608,19,100000,200000,199999,100000,16,8,32,16,32,16
i64,clique,shuffled,heterogeneous,inferred,false,7,i128,1000000,production,0,1,231046800,231046800,83108864,22,1000000,2000000,1999999,1000000,16,8,32,16,32,16
i64,clique,shuffled,heterogeneous,inferred,false,7,i128,1000000,events,0,1,153598300,153598300,99108864,21,1000000,2000000,1999999,1000000,16,8,32,16,32,16
i64,clique,shuffled,heterogeneous,inferred,false,7,i128,1000000,heap,0,1,288797000,288797000,91886080,40,1000000,2000000,1999999,1000000,16,8,32,16,32,16
i64,clique,shuffled,heterogeneous,inferred,false,7,i128,1000000,streams_records,0,1,125077900,125077900,131108864,22,1000000,2000000,1999999,1000000,16,8,32,16,32,16
i64,clique,shuffled,heterogeneous,inferred,false,7,i128,1000000,events,1,1,141611700,141611700,99108864,21,1000000,2000000,1999999,1000000,16,8,32,16,32,16
i64,clique,shuffled,heterogeneous,inferred,false,7,i128,1000000,heap,1,1,273905500,273905500,91886080,40,1000000,2000000,1999999,1000000,16,8,32,16,32,16
i64,clique,shuffled,heterogeneous,inferred,false,7,i128,1000000,streams_records,1,1,134461900,134461900,131108864,22,1000000,2000000,1999999,1000000,16,8,32,16,32,16
i64,clique,shuffled,heterogeneous,inferred,false,7,i128,1000000,production,1,1,242451700,242451700,83108864,22,1000000,2000000,1999999,1000000,16,8,32,16,32,16
i64,clique,shuffled,heterogeneous,inferred,false,7,i128,1000000,heap,2,1,310989800,310989800,91886080,40,1000000,2000000,1999999,1000000,16,8,32,16,32,16
i64,clique,shuffled,heterogeneous,inferred,false,7,i128,1000000,streams_records,2,1,122314300,122314300,131108864,22,1000000,2000000,1999999,1000000,16,8,32,16,32,16
i64,clique,shuffled,heterogeneous,inferred,false,7,i128,1000000,production,2,1,245931600,245931600,83108864,22,1000000,2000000,1999999,1000000,16,8,32,16,32,16
i64,clique,shuffled,heterogeneous,inferred,false,7,i128,1000000,events,2,1,141307200,141307200,99108864,21,1000000,2000000,1999999,1000000,16,8,32,16,32,16
i64,clique,shuffled,heterogeneous,inferred,false,7,i128,1000000,streams_records,3,1,122130200,122130200,131108864,22,1000000,2000000,1999999,1000000,16,8,32,16,32,16
i64,clique,shuffled,heterogeneous,inferred,false,7,i128,1000000,production,3,1,254777800,254777800,83108864,22,1000000,2000000,1999999,1000000,16,8,32,16,32,16
i64,clique,shuffled,heterogeneous,inferred,false,7,i128,1000000,events,3,1,141139200,141139200,99108864,21,1000000,2000000,1999999,1000000,16,8,32,16,32,16
i64,clique,shuffled,heterogeneous,inferred,false,7,i128,1000000,heap,3,1,276640100,276640100,91886080,40,1000000,2000000,1999999,1000000,16,8,32,16,32,16
i64,clique,shuffled,heterogeneous,inferred,false,7,i128,1000000,production,4,1,219125300,219125300,83108864,22,1000000,2000000,1999999,1000000,16,8,32,16,32,16
i64,clique,shuffled,heterogeneous,inferred,false,7,i128,1000000,events,4,1,142382500,142382500,99108864,21,1000000,2000000,1999999,1000000,16,8,32,16,32,16
i64,clique,shuffled,heterogeneous,inferred,false,7,i128,1000000,heap,4,1,286385500,286385500,91886080,40,1000000,2000000,1999999,1000000,16,8,32,16,32,16
i64,clique,shuffled,heterogeneous,inferred,false,7,i128,1000000,streams_records,4,1,121328800,121328800,131108864,22,1000000,2000000,1999999,1000000,16,8,32,16,32,16
i64,clique,shuffled,heterogeneous,inferred,false,41,i128,1000000,production,0,1,214408600,214408600,83108864,22,1000000,2000000,1999999,1000000,16,8,32,16,32,16
i64,clique,shuffled,heterogeneous,inferred,false,41,i128,1000000,events,0,1,140334200,140334200,99108864,21,1000000,2000000,1999999,1000000,16,8,32,16,32,16
i64,clique,shuffled,heterogeneous,inferred,false,41,i128,1000000,heap,0,1,330190300,330190300,91886080,40,1000000,2000000,1999999,1000000,16,8,32,16,32,16
i64,clique,shuffled,heterogeneous,inferred,false,41,i128,1000000,streams_records,0,1,124250400,124250400,131108864,22,1000000,2000000,1999999,1000000,16,8,32,16,32,16
i64,clique,shuffled,heterogeneous,inferred,false,41,i128,1000000,events,1,1,144008900,144008900,99108864,21,1000000,2000000,1999999,1000000,16,8,32,16,32,16
i64,clique,shuffled,heterogeneous,inferred,false,41,i128,1000000,heap,1,1,286714900,286714900,91886080,40,1000000,2000000,1999999,1000000,16,8,32,16,32,16
i64,clique,shuffled,heterogeneous,inferred,false,41,i128,1000000,streams_records,1,1,120928700,120928700,131108864,22,1000000,2000000,1999999,1000000,16,8,32,16,32,16
i64,clique,shuffled,heterogeneous,inferred,false,41,i128,1000000,production,1,1,216919900,216919900,83108864,22,1000000,2000000,1999999,1000000,16,8,32,16,32,16
i64,clique,shuffled,heterogeneous,inferred,false,41,i128,1000000,heap,2,1,293369800,293369800,91886080,40,1000000,2000000,1999999,1000000,16,8,32,16,32,16
i64,clique,shuffled,heterogeneous,inferred,false,41,i128,1000000,streams_records,2,1,123807700,123807700,131108864,22,1000000,2000000,1999999,1000000,16,8,32,16,32,16
i64,clique,shuffled,heterogeneous,inferred,false,41,i128,1000000,production,2,1,214573400,214573400,83108864,22,1000000,2000000,1999999,1000000,16,8,32,16,32,16
i64,clique,shuffled,heterogeneous,inferred,false,41,i128,1000000,events,2,1,142917900,142917900,99108864,21,1000000,2000000,1999999,1000000,16,8,32,16,32,16
i64,clique,shuffled,heterogeneous,inferred,false,41,i128,1000000,streams_records,3,1,121615300,121615300,131108864,22,1000000,2000000,1999999,1000000,16,8,32,16,32,16
i64,clique,shuffled,heterogeneous,inferred,false,41,i128,1000000,production,3,1,215710700,215710700,83108864,22,1000000,2000000,1999999,1000000,16,8,32,16,32,16
i64,clique,shuffled,heterogeneous,inferred,false,41,i128,1000000,events,3,1,169881100,169881100,99108864,21,1000000,2000000,1999999,1000000,16,8,32,16,32,16
i64,clique,shuffled,heterogeneous,inferred,false,41,i128,1000000,heap,3,1,279186400,279186400,91886080,40,1000000,2000000,1999999,1000000,16,8,32,16,32,16
i64,clique,shuffled,heterogeneous,inferred,false,41,i128,1000000,production,4,1,213872000,213872000,83108864,22,1000000,2000000,1999999,1000000,16,8,32,16,32,16
i64,clique,shuffled,heterogeneous,inferred,false,41,i128,1000000,events,4,1,148872800,148872800,99108864,21,1000000,2000000,1999999,1000000,16,8,32,16,32,16
i64,clique,shuffled,heterogeneous,inferred,false,41,i128,1000000,heap,4,1,280160500,280160500,91886080,40,1000000,2000000,1999999,1000000,16,8,32,16,32,16
i64,clique,shuffled,heterogeneous,inferred,false,41,i128,1000000,streams_records,4,1,123464300,123464300,131108864,22,1000000,2000000,1999999,1000000,16,8,32,16,32,16
i64,nesting,end,heterogeneous,inferred,false,7,i128,1000,production,0,4,243800,60950,81536,12,1000,2000,1999,1000,16,8,32,16,32,16
i64,nesting,end,heterogeneous,inferred,false,7,i128,1000,events,0,4,293500,73375,97536,11,1000,2000,1999,1000,16,8,32,16,32,16
i64,nesting,end,heterogeneous,inferred,false,7,i128,1000,heap,0,4,296100,74025,89920,20,1000,2000,1999,1000,16,8,32,16,32,16
i64,nesting,end,heterogeneous,inferred,false,7,i128,1000,streams_records,0,4,326200,81550,129536,12,1000,2000,1999,1000,16,8,32,16,32,16
i64,nesting,end,heterogeneous,inferred,false,7,i128,1000,events,1,4,358300,89575,97536,11,1000,2000,1999,1000,16,8,32,16,32,16
i64,nesting,end,heterogeneous,inferred,false,7,i128,1000,heap,1,4,330100,82525,89920,20,1000,2000,1999,1000,16,8,32,16,32,16
i64,nesting,end,heterogeneous,inferred,false,7,i128,1000,streams_records,1,4,311200,77800,129536,12,1000,2000,1999,1000,16,8,32,16,32,16
i64,nesting,end,heterogeneous,inferred,false,7,i128,1000,production,1,4,316500,79125,81536,12,1000,2000,1999,1000,16,8,32,16,32,16
i64,nesting,end,heterogeneous,inferred,false,7,i128,1000,heap,2,4,364500,91125,89920,20,1000,2000,1999,1000,16,8,32,16,32,16
i64,nesting,end,heterogeneous,inferred,false,7,i128,1000,streams_records,2,4,320800,80200,129536,12,1000,2000,1999,1000,16,8,32,16,32,16
i64,nesting,end,heterogeneous,inferred,false,7,i128,1000,production,2,4,177400,44350,81536,12,1000,2000,1999,1000,16,8,32,16,32,16
i64,nesting,end,heterogeneous,inferred,false,7,i128,1000,events,2,4,367900,91975,97536,11,1000,2000,1999,1000,16,8,32,16,32,16
i64,nesting,end,heterogeneous,inferred,false,7,i128,1000,streams_records,3,4,387300,96825,129536,12,1000,2000,1999,1000,16,8,32,16,32,16
i64,nesting,end,heterogeneous,inferred,false,7,i128,1000,production,3,4,327500,81875,81536,12,1000,2000,1999,1000,16,8,32,16,32,16
i64,nesting,end,heterogeneous,inferred,false,7,i128,1000,events,3,4,412300,103075,97536,11,1000,2000,1999,1000,16,8,32,16,32,16
i64,nesting,end,heterogeneous,inferred,false,7,i128,1000,heap,3,4,349800,87450,89920,20,1000,2000,1999,1000,16,8,32,16,32,16
i64,nesting,end,heterogeneous,inferred,false,7,i128,1000,production,4,4,153500,38375,81536,12,1000,2000,1999,1000,16,8,32,16,32,16
i64,nesting,end,heterogeneous,inferred,false,7,i128,1000,events,4,4,338200,84550,97536,11,1000,2000,1999,1000,16,8,32,16,32,16
i64,nesting,end,heterogeneous,inferred,false,7,i128,1000,heap,4,4,333900,83475,89920,20,1000,2000,1999,1000,16,8,32,16,32,16
i64,nesting,end,heterogeneous,inferred,false,7,i128,1000,streams_records,4,4,261400,65350,129536,12,1000,2000,1999,1000,16,8,32,16,32,16
i64,nesting,end,heterogeneous,inferred,false,41,i128,1000,production,0,4,217600,54400,81536,12,1000,2000,1999,1000,16,8,32,16,32,16
i64,nesting,end,heterogeneous,inferred,false,41,i128,1000,events,0,4,253400,63350,97536,11,1000,2000,1999,1000,16,8,32,16,32,16
i64,nesting,end,heterogeneous,inferred,false,41,i128,1000,heap,0,4,248000,62000,89920,20,1000,2000,1999,1000,16,8,32,16,32,16
i64,nesting,end,heterogeneous,inferred,false,41,i128,1000,streams_records,0,4,214500,53625,129536,12,1000,2000,1999,1000,16,8,32,16,32,16
i64,nesting,end,heterogeneous,inferred,false,41,i128,1000,events,1,4,255700,63925,97536,11,1000,2000,1999,1000,16,8,32,16,32,16
i64,nesting,end,heterogeneous,inferred,false,41,i128,1000,heap,1,4,254300,63575,89920,20,1000,2000,1999,1000,16,8,32,16,32,16
i64,nesting,end,heterogeneous,inferred,false,41,i128,1000,streams_records,1,4,220700,55175,129536,12,1000,2000,1999,1000,16,8,32,16,32,16
i64,nesting,end,heterogeneous,inferred,false,41,i128,1000,production,1,4,211600,52900,81536,12,1000,2000,1999,1000,16,8,32,16,32,16
i64,nesting,end,heterogeneous,inferred,false,41,i128,1000,heap,2,4,248900,62225,89920,20,1000,2000,1999,1000,16,8,32,16,32,16
i64,nesting,end,heterogeneous,inferred,false,41,i128,1000,streams_records,2,4,211900,52975,129536,12,1000,2000,1999,1000,16,8,32,16,32,16
i64,nesting,end,heterogeneous,inferred,false,41,i128,1000,production,2,4,124500,31125,81536,12,1000,2000,1999,1000,16,8,32,16,32,16
i64,nesting,end,heterogeneous,inferred,false,41,i128,1000,events,2,4,189700,47425,97536,11,1000,2000,1999,1000,16,8,32,16,32,16
i64,nesting,end,heterogeneous,inferred,false,41,i128,1000,streams_records,3,4,185200,46300,129536,12,1000,2000,1999,1000,16,8,32,16,32,16
i64,nesting,end,heterogeneous,inferred,false,41,i128,1000,production,3,4,144100,36025,81536,12,1000,2000,1999,1000,16,8,32,16,32,16
i64,nesting,end,heterogeneous,inferred,false,41,i128,1000,events,3,4,206900,51725,97536,11,1000,2000,1999,1000,16,8,32,16,32,16
i64,nesting,end,heterogeneous,inferred,false,41,i128,1000,heap,3,4,220100,55025,89920,20,1000,2000,1999,1000,16,8,32,16,32,16
i64,nesting,end,heterogeneous,inferred,false,41,i128,1000,production,4,4,104400,26100,81536,12,1000,2000,1999,1000,16,8,32,16,32,16
i64,nesting,end,heterogeneous,inferred,false,41,i128,1000,events,4,4,196000,49000,97536,11,1000,2000,1999,1000,16,8,32,16,32,16
i64,nesting,end,heterogeneous,inferred,false,41,i128,1000,heap,4,4,247600,61900,89920,20,1000,2000,1999,1000,16,8,32,16,32,16
i64,nesting,end,heterogeneous,inferred,false,41,i128,1000,streams_records,4,4,174700,43675,129536,12,1000,2000,1999,1000,16,8,32,16,32,16
i64,nesting,end,heterogeneous,inferred,false,7,i128,100000,production,0,1,5059600,5059600,9988608,19,100000,200000,199999,100000,16,8,32,16,32,16
i64,nesting,end,heterogeneous,inferred,false,7,i128,100000,events,0,1,8889800,8889800,11588608,18,100000,200000,199999,100000,16,8,32,16,32,16
i64,nesting,end,heterogeneous,inferred,false,7,i128,100000,heap,0,1,11597300,11597300,11285760,34,100000,200000,199999,100000,16,8,32,16,32,16
i64,nesting,end,heterogeneous,inferred,false,7,i128,100000,streams_records,0,1,4994900,4994900,14788608,19,100000,200000,199999,100000,16,8,32,16,32,16
i64,nesting,end,heterogeneous,inferred,false,7,i128,100000,events,1,1,8916900,8916900,11588608,18,100000,200000,199999,100000,16,8,32,16,32,16
i64,nesting,end,heterogeneous,inferred,false,7,i128,100000,heap,1,1,11343100,11343100,11285760,34,100000,200000,199999,100000,16,8,32,16,32,16
i64,nesting,end,heterogeneous,inferred,false,7,i128,100000,streams_records,1,1,4907600,4907600,14788608,19,100000,200000,199999,100000,16,8,32,16,32,16
i64,nesting,end,heterogeneous,inferred,false,7,i128,100000,production,1,1,5107800,5107800,9988608,19,100000,200000,199999,100000,16,8,32,16,32,16
i64,nesting,end,heterogeneous,inferred,false,7,i128,100000,heap,2,1,11433100,11433100,11285760,34,100000,200000,199999,100000,16,8,32,16,32,16
i64,nesting,end,heterogeneous,inferred,false,7,i128,100000,streams_records,2,1,4876500,4876500,14788608,19,100000,200000,199999,100000,16,8,32,16,32,16
i64,nesting,end,heterogeneous,inferred,false,7,i128,100000,production,2,1,5157600,5157600,9988608,19,100000,200000,199999,100000,16,8,32,16,32,16
i64,nesting,end,heterogeneous,inferred,false,7,i128,100000,events,2,1,8789700,8789700,11588608,18,100000,200000,199999,100000,16,8,32,16,32,16
i64,nesting,end,heterogeneous,inferred,false,7,i128,100000,streams_records,3,1,4865000,4865000,14788608,19,100000,200000,199999,100000,16,8,32,16,32,16
i64,nesting,end,heterogeneous,inferred,false,7,i128,100000,production,3,1,4951300,4951300,9988608,19,100000,200000,199999,100000,16,8,32,16,32,16
i64,nesting,end,heterogeneous,inferred,false,7,i128,100000,events,3,1,8889900,8889900,11588608,18,100000,200000,199999,100000,16,8,32,16,32,16
i64,nesting,end,heterogeneous,inferred,false,7,i128,100000,heap,3,1,11399400,11399400,11285760,34,100000,200000,199999,100000,16,8,32,16,32,16
i64,nesting,end,heterogeneous,inferred,false,7,i128,100000,production,4,1,5117600,5117600,9988608,19,100000,200000,199999,100000,16,8,32,16,32,16
i64,nesting,end,heterogeneous,inferred,false,7,i128,100000,events,4,1,8941400,8941400,11588608,18,100000,200000,199999,100000,16,8,32,16,32,16
i64,nesting,end,heterogeneous,inferred,false,7,i128,100000,heap,4,1,11493100,11493100,11285760,34,100000,200000,199999,100000,16,8,32,16,32,16
i64,nesting,end,heterogeneous,inferred,false,7,i128,100000,streams_records,4,1,5001800,5001800,14788608,19,100000,200000,199999,100000,16,8,32,16,32,16
i64,nesting,end,heterogeneous,inferred,false,41,i128,100000,production,0,1,5076700,5076700,9988608,19,100000,200000,199999,100000,16,8,32,16,32,16
i64,nesting,end,heterogeneous,inferred,false,41,i128,100000,events,0,1,9067900,9067900,11588608,18,100000,200000,199999,100000,16,8,32,16,32,16
i64,nesting,end,heterogeneous,inferred,false,41,i128,100000,heap,0,1,11407300,11407300,11285760,34,100000,200000,199999,100000,16,8,32,16,32,16
i64,nesting,end,heterogeneous,inferred,false,41,i128,100000,streams_records,0,1,4968700,4968700,14788608,19,100000,200000,199999,100000,16,8,32,16,32,16
i64,nesting,end,heterogeneous,inferred,false,41,i128,100000,events,1,1,9005900,9005900,11588608,18,100000,200000,199999,100000,16,8,32,16,32,16
i64,nesting,end,heterogeneous,inferred,false,41,i128,100000,heap,1,1,12000500,12000500,11285760,34,100000,200000,199999,100000,16,8,32,16,32,16
i64,nesting,end,heterogeneous,inferred,false,41,i128,100000,streams_records,1,1,5090600,5090600,14788608,19,100000,200000,199999,100000,16,8,32,16,32,16
i64,nesting,end,heterogeneous,inferred,false,41,i128,100000,production,1,1,5342200,5342200,9988608,19,100000,200000,199999,100000,16,8,32,16,32,16
i64,nesting,end,heterogeneous,inferred,false,41,i128,100000,heap,2,1,11449700,11449700,11285760,34,100000,200000,199999,100000,16,8,32,16,32,16
i64,nesting,end,heterogeneous,inferred,false,41,i128,100000,streams_records,2,1,4998600,4998600,14788608,19,100000,200000,199999,100000,16,8,32,16,32,16
i64,nesting,end,heterogeneous,inferred,false,41,i128,100000,production,2,1,5193200,5193200,9988608,19,100000,200000,199999,100000,16,8,32,16,32,16
i64,nesting,end,heterogeneous,inferred,false,41,i128,100000,events,2,1,9079000,9079000,11588608,18,100000,200000,199999,100000,16,8,32,16,32,16
i64,nesting,end,heterogeneous,inferred,false,41,i128,100000,streams_records,3,1,5175300,5175300,14788608,19,100000,200000,199999,100000,16,8,32,16,32,16
i64,nesting,end,heterogeneous,inferred,false,41,i128,100000,production,3,1,5229200,5229200,9988608,19,100000,200000,199999,100000,16,8,32,16,32,16
i64,nesting,end,heterogeneous,inferred,false,41,i128,100000,events,3,1,9515800,9515800,11588608,18,100000,200000,199999,100000,16,8,32,16,32,16
i64,nesting,end,heterogeneous,inferred,false,41,i128,100000,heap,3,1,11588300,11588300,11285760,34,100000,200000,199999,100000,16,8,32,16,32,16
i64,nesting,end,heterogeneous,inferred,false,41,i128,100000,production,4,1,5247400,5247400,9988608,19,100000,200000,199999,100000,16,8,32,16,32,16
i64,nesting,end,heterogeneous,inferred,false,41,i128,100000,events,4,1,9608300,9608300,11588608,18,100000,200000,199999,100000,16,8,32,16,32,16
i64,nesting,end,heterogeneous,inferred,false,41,i128,100000,heap,4,1,11784400,11784400,11285760,34,100000,200000,199999,100000,16,8,32,16,32,16
i64,nesting,end,heterogeneous,inferred,false,41,i128,100000,streams_records,4,1,5216600,5216600,14788608,19,100000,200000,199999,100000,16,8,32,16,32,16
i64,repeated,shuffled,heterogeneous,inferred,false,7,i128,1000,production,0,4,122200,30550,18048,7,1000,48,47,504,16,8,32,16,32,16
i64,repeated,shuffled,heterogeneous,inferred,false,7,i128,1000,events,0,4,146100,36525,34048,6,1000,48,47,504,16,8,32,16,32,16
i64,repeated,shuffled,heterogeneous,inferred,false,7,i128,1000,heap,0,4,211700,52925,18240,14,1000,48,47,504,16,8,32,16,32,16
i64,repeated,shuffled,heterogeneous,inferred,false,7,i128,1000,streams_records,0,4,129100,32275,66048,7,1000,48,47,504,16,8,32,16,32,16
i64,repeated,shuffled,heterogeneous,inferred,false,7,i128,1000,events,1,4,117800,29450,34048,6,1000,48,47,504,16,8,32,16,32,16
i64,repeated,shuffled,heterogeneous,inferred,false,7,i128,1000,heap,1,4,180700,45175,18240,14,1000,48,47,504,16,8,32,16,32,16
i64,repeated,shuffled,heterogeneous,inferred,false,7,i128,1000,streams_records,1,4,104600,26150,66048,7,1000,48,47,504,16,8,32,16,32,16
i64,repeated,shuffled,heterogeneous,inferred,false,7,i128,1000,production,1,4,105800,26450,18048,7,1000,48,47,504,16,8,32,16,32,16
i64,repeated,shuffled,heterogeneous,inferred,false,7,i128,1000,heap,2,4,185800,46450,18240,14,1000,48,47,504,16,8,32,16,32,16
i64,repeated,shuffled,heterogeneous,inferred,false,7,i128,1000,streams_records,2,4,116000,29000,66048,7,1000,48,47,504,16,8,32,16,32,16
i64,repeated,shuffled,heterogeneous,inferred,false,7,i128,1000,production,2,4,105900,26475,18048,7,1000,48,47,504,16,8,32,16,32,16
i64,repeated,shuffled,heterogeneous,inferred,false,7,i128,1000,events,2,4,119800,29950,34048,6,1000,48,47,504,16,8,32,16,32,16
i64,repeated,shuffled,heterogeneous,inferred,false,7,i128,1000,streams_records,3,4,111300,27825,66048,7,1000,48,47,504,16,8,32,16,32,16
i64,repeated,shuffled,heterogeneous,inferred,false,7,i128,1000,production,3,4,104200,26050,18048,7,1000,48,47,504,16,8,32,16,32,16
i64,repeated,shuffled,heterogeneous,inferred,false,7,i128,1000,events,3,4,119500,29875,34048,6,1000,48,47,504,16,8,32,16,32,16
i64,repeated,shuffled,heterogeneous,inferred,false,7,i128,1000,heap,3,4,182000,45500,18240,14,1000,48,47,504,16,8,32,16,32,16
i64,repeated,shuffled,heterogeneous,inferred,false,7,i128,1000,production,4,4,98700,24675,18048,7,1000,48,47,504,16,8,32,16,32,16
i64,repeated,shuffled,heterogeneous,inferred,false,7,i128,1000,events,4,4,115600,28900,34048,6,1000,48,47,504,16,8,32,16,32,16
i64,repeated,shuffled,heterogeneous,inferred,false,7,i128,1000,heap,4,4,187000,46750,18240,14,1000,48,47,504,16,8,32,16,32,16
i64,repeated,shuffled,heterogeneous,inferred,false,7,i128,1000,streams_records,4,4,112900,28225,66048,7,1000,48,47,504,16,8,32,16,32,16
i64,repeated,shuffled,heterogeneous,inferred,false,41,i128,1000,production,0,4,100400,25100,18048,7,1000,48,47,504,16,8,32,16,32,16
i64,repeated,shuffled,heterogeneous,inferred,false,41,i128,1000,events,0,4,119700,29925,34048,6,1000,48,47,504,16,8,32,16,32,16
i64,repeated,shuffled,heterogeneous,inferred,false,41,i128,1000,heap,0,4,183600,45900,18240,14,1000,48,47,504,16,8,32,16,32,16
i64,repeated,shuffled,heterogeneous,inferred,false,41,i128,1000,streams_records,0,4,127600,31900,66048,7,1000,48,47,504,16,8,32,16,32,16
i64,repeated,shuffled,heterogeneous,inferred,false,41,i128,1000,events,1,4,119600,29900,34048,6,1000,48,47,504,16,8,32,16,32,16
i64,repeated,shuffled,heterogeneous,inferred,false,41,i128,1000,heap,1,4,181800,45450,18240,14,1000,48,47,504,16,8,32,16,32,16
i64,repeated,shuffled,heterogeneous,inferred,false,41,i128,1000,streams_records,1,4,99600,24900,66048,7,1000,48,47,504,16,8,32,16,32,16
i64,repeated,shuffled,heterogeneous,inferred,false,41,i128,1000,production,1,4,101200,25300,18048,7,1000,48,47,504,16,8,32,16,32,16
i64,repeated,shuffled,heterogeneous,inferred,false,41,i128,1000,heap,2,4,188300,47075,18240,14,1000,48,47,504,16,8,32,16,32,16
i64,repeated,shuffled,heterogeneous,inferred,false,41,i128,1000,streams_records,2,4,99800,24950,66048,7,1000,48,47,504,16,8,32,16,32,16
i64,repeated,shuffled,heterogeneous,inferred,false,41,i128,1000,production,2,4,100800,25200,18048,7,1000,48,47,504,16,8,32,16,32,16
i64,repeated,shuffled,heterogeneous,inferred,false,41,i128,1000,events,2,4,119700,29925,34048,6,1000,48,47,504,16,8,32,16,32,16
i64,repeated,shuffled,heterogeneous,inferred,false,41,i128,1000,streams_records,3,4,99500,24875,66048,7,1000,48,47,504,16,8,32,16,32,16
i64,repeated,shuffled,heterogeneous,inferred,false,41,i128,1000,production,3,4,109900,27475,18048,7,1000,48,47,504,16,8,32,16,32,16
i64,repeated,shuffled,heterogeneous,inferred,false,41,i128,1000,events,3,4,131000,32750,34048,6,1000,48,47,504,16,8,32,16,32,16
i64,repeated,shuffled,heterogeneous,inferred,false,41,i128,1000,heap,3,4,182700,45675,18240,14,1000,48,47,504,16,8,32,16,32,16
i64,repeated,shuffled,heterogeneous,inferred,false,41,i128,1000,production,4,4,100200,25050,18048,7,1000,48,47,504,16,8,32,16,32,16
i64,repeated,shuffled,heterogeneous,inferred,false,41,i128,1000,events,4,4,120000,30000,34048,6,1000,48,47,504,16,8,32,16,32,16
i64,repeated,shuffled,heterogeneous,inferred,false,41,i128,1000,heap,4,4,181500,45375,18240,14,1000,48,47,504,16,8,32,16,32,16
i64,repeated,shuffled,heterogeneous,inferred,false,41,i128,1000,streams_records,4,4,100100,25025,66048,7,1000,48,47,504,16,8,32,16,32,16
i64,repeated,shuffled,heterogeneous,inferred,false,7,i128,100000,production,0,1,2362700,2362700,1602048,7,100000,48,47,50000,16,8,32,16,32,16
i64,repeated,shuffled,heterogeneous,inferred,false,7,i128,100000,events,0,1,2817000,2817000,3202048,6,100000,48,47,50000,16,8,32,16,32,16
i64,repeated,shuffled,heterogeneous,inferred,false,7,i128,100000,heap,0,1,8346800,8346800,1850624,21,100000,48,47,50000,16,8,32,16,32,16
i64,repeated,shuffled,heterogeneous,inferred,false,7,i128,100000,streams_records,0,1,2968400,2968400,6402048,7,100000,48,47,50000,16,8,32,16,32,16
i64,repeated,shuffled,heterogeneous,inferred,false,7,i128,100000,events,1,1,3039300,3039300,3202048,6,100000,48,47,50000,16,8,32,16,32,16
i64,repeated,shuffled,heterogeneous,inferred,false,7,i128,100000,heap,1,1,8633400,8633400,1850624,21,100000,48,47,50000,16,8,32,16,32,16
i64,repeated,shuffled,heterogeneous,inferred,false,7,i128,100000,streams_records,1,1,3045100,3045100,6402048,7,100000,48,47,50000,16,8,32,16,32,16
i64,repeated,shuffled,heterogeneous,inferred,false,7,i128,100000,production,1,1,2412100,2412100,1602048,7,100000,48,47,50000,16,8,32,16,32,16
i64,repeated,shuffled,heterogeneous,inferred,false,7,i128,100000,heap,2,1,8384600,8384600,1850624,21,100000,48,47,50000,16,8,32,16,32,16
i64,repeated,shuffled,heterogeneous,inferred,false,7,i128,100000,streams_records,2,1,3111000,3111000,6402048,7,100000,48,47,50000,16,8,32,16,32,16
i64,repeated,shuffled,heterogeneous,inferred,false,7,i128,100000,production,2,1,2306200,2306200,1602048,7,100000,48,47,50000,16,8,32,16,32,16
i64,repeated,shuffled,heterogeneous,inferred,false,7,i128,100000,events,2,1,2864400,2864400,3202048,6,100000,48,47,50000,16,8,32,16,32,16
i64,repeated,shuffled,heterogeneous,inferred,false,7,i128,100000,streams_records,3,1,3020900,3020900,6402048,7,100000,48,47,50000,16,8,32,16,32,16
i64,repeated,shuffled,heterogeneous,inferred,false,7,i128,100000,production,3,1,2424900,2424900,1602048,7,100000,48,47,50000,16,8,32,16,32,16
i64,repeated,shuffled,heterogeneous,inferred,false,7,i128,100000,events,3,1,2807300,2807300,3202048,6,100000,48,47,50000,16,8,32,16,32,16
i64,repeated,shuffled,heterogeneous,inferred,false,7,i128,100000,heap,3,1,8501300,8501300,1850624,21,100000,48,47,50000,16,8,32,16,32,16
i64,repeated,shuffled,heterogeneous,inferred,false,7,i128,100000,production,4,1,2386900,2386900,1602048,7,100000,48,47,50000,16,8,32,16,32,16
i64,repeated,shuffled,heterogeneous,inferred,false,7,i128,100000,events,4,1,2818000,2818000,3202048,6,100000,48,47,50000,16,8,32,16,32,16
i64,repeated,shuffled,heterogeneous,inferred,false,7,i128,100000,heap,4,1,8443800,8443800,1850624,21,100000,48,47,50000,16,8,32,16,32,16
i64,repeated,shuffled,heterogeneous,inferred,false,7,i128,100000,streams_records,4,1,3164000,3164000,6402048,7,100000,48,47,50000,16,8,32,16,32,16
i64,repeated,shuffled,heterogeneous,inferred,false,41,i128,100000,production,0,1,3847400,3847400,1602048,7,100000,48,47,50000,16,8,32,16,32,16
i64,repeated,shuffled,heterogeneous,inferred,false,41,i128,100000,events,0,1,4336500,4336500,3202048,6,100000,48,47,50000,16,8,32,16,32,16
i64,repeated,shuffled,heterogeneous,inferred,false,41,i128,100000,heap,0,1,9244700,9244700,1850624,21,100000,48,47,50000,16,8,32,16,32,16
i64,repeated,shuffled,heterogeneous,inferred,false,41,i128,100000,streams_records,0,1,3083800,3083800,6402048,7,100000,48,47,50000,16,8,32,16,32,16
i64,repeated,shuffled,heterogeneous,inferred,false,41,i128,100000,events,1,1,2804000,2804000,3202048,6,100000,48,47,50000,16,8,32,16,32,16
i64,repeated,shuffled,heterogeneous,inferred,false,41,i128,100000,heap,1,1,8525100,8525100,1850624,21,100000,48,47,50000,16,8,32,16,32,16
i64,repeated,shuffled,heterogeneous,inferred,false,41,i128,100000,streams_records,1,1,3127300,3127300,6402048,7,100000,48,47,50000,16,8,32,16,32,16
i64,repeated,shuffled,heterogeneous,inferred,false,41,i128,100000,production,1,1,2180400,2180400,1602048,7,100000,48,47,50000,16,8,32,16,32,16
i64,repeated,shuffled,heterogeneous,inferred,false,41,i128,100000,heap,2,1,8348600,8348600,1850624,21,100000,48,47,50000,16,8,32,16,32,16
i64,repeated,shuffled,heterogeneous,inferred,false,41,i128,100000,streams_records,2,1,3055500,3055500,6402048,7,100000,48,47,50000,16,8,32,16,32,16
i64,repeated,shuffled,heterogeneous,inferred,false,41,i128,100000,production,2,1,2455700,2455700,1602048,7,100000,48,47,50000,16,8,32,16,32,16
i64,repeated,shuffled,heterogeneous,inferred,false,41,i128,100000,events,2,1,2761200,2761200,3202048,6,100000,48,47,50000,16,8,32,16,32,16
i64,repeated,shuffled,heterogeneous,inferred,false,41,i128,100000,streams_records,3,1,3023300,3023300,6402048,7,100000,48,47,50000,16,8,32,16,32,16
i64,repeated,shuffled,heterogeneous,inferred,false,41,i128,100000,production,3,1,2407100,2407100,1602048,7,100000,48,47,50000,16,8,32,16,32,16
i64,repeated,shuffled,heterogeneous,inferred,false,41,i128,100000,events,3,1,2798100,2798100,3202048,6,100000,48,47,50000,16,8,32,16,32,16
i64,repeated,shuffled,heterogeneous,inferred,false,41,i128,100000,heap,3,1,8409100,8409100,1850624,21,100000,48,47,50000,16,8,32,16,32,16
i64,repeated,shuffled,heterogeneous,inferred,false,41,i128,100000,production,4,1,2459800,2459800,1602048,7,100000,48,47,50000,16,8,32,16,32,16
i64,repeated,shuffled,heterogeneous,inferred,false,41,i128,100000,events,4,1,4198800,4198800,3202048,6,100000,48,47,50000,16,8,32,16,32,16
i64,repeated,shuffled,heterogeneous,inferred,false,41,i128,100000,heap,4,1,11146100,11146100,1850624,21,100000,48,47,50000,16,8,32,16,32,16
i64,repeated,shuffled,heterogeneous,inferred,false,41,i128,100000,streams_records,4,1,3108700,3108700,6402048,7,100000,48,47,50000,16,8,32,16,32,16
i64,repeated,shuffled,heterogeneous,inferred,false,7,i128,1000000,production,0,1,52353100,52353100,16002048,7,1000000,48,47,500000,16,8,32,16,32,16
i64,repeated,shuffled,heterogeneous,inferred,false,7,i128,1000000,events,0,1,50003400,50003400,32002048,6,1000000,48,47,500000,16,8,32,16,32,16
i64,repeated,shuffled,heterogeneous,inferred,false,7,i128,1000000,heap,0,1,190705700,190705700,16390656,24,1000000,48,47,500000,16,8,32,16,32,16
i64,repeated,shuffled,heterogeneous,inferred,false,7,i128,1000000,streams_records,0,1,43490500,43490500,64002048,7,1000000,48,47,500000,16,8,32,16,32,16
i64,repeated,shuffled,heterogeneous,inferred,false,7,i128,1000000,events,1,1,48938700,48938700,32002048,6,1000000,48,47,500000,16,8,32,16,32,16
i64,repeated,shuffled,heterogeneous,inferred,false,7,i128,1000000,heap,1,1,191828600,191828600,16390656,24,1000000,48,47,500000,16,8,32,16,32,16
i64,repeated,shuffled,heterogeneous,inferred,false,7,i128,1000000,streams_records,1,1,43660900,43660900,64002048,7,1000000,48,47,500000,16,8,32,16,32,16
i64,repeated,shuffled,heterogeneous,inferred,false,7,i128,1000000,production,1,1,53167400,53167400,16002048,7,1000000,48,47,500000,16,8,32,16,32,16
i64,repeated,shuffled,heterogeneous,inferred,false,7,i128,1000000,heap,2,1,210907800,210907800,16390656,24,1000000,48,47,500000,16,8,32,16,32,16
i64,repeated,shuffled,heterogeneous,inferred,false,7,i128,1000000,streams_records,2,1,43916300,43916300,64002048,7,1000000,48,47,500000,16,8,32,16,32,16
i64,repeated,shuffled,heterogeneous,inferred,false,7,i128,1000000,production,2,1,54264800,54264800,16002048,7,1000000,48,47,500000,16,8,32,16,32,16
i64,repeated,shuffled,heterogeneous,inferred,false,7,i128,1000000,events,2,1,51190300,51190300,32002048,6,1000000,48,47,500000,16,8,32,16,32,16
i64,repeated,shuffled,heterogeneous,inferred,false,7,i128,1000000,streams_records,3,1,45653500,45653500,64002048,7,1000000,48,47,500000,16,8,32,16,32,16
i64,repeated,shuffled,heterogeneous,inferred,false,7,i128,1000000,production,3,1,53416900,53416900,16002048,7,1000000,48,47,500000,16,8,32,16,32,16
i64,repeated,shuffled,heterogeneous,inferred,false,7,i128,1000000,events,3,1,48992200,48992200,32002048,6,1000000,48,47,500000,16,8,32,16,32,16
i64,repeated,shuffled,heterogeneous,inferred,false,7,i128,1000000,heap,3,1,190046000,190046000,16390656,24,1000000,48,47,500000,16,8,32,16,32,16
i64,repeated,shuffled,heterogeneous,inferred,false,7,i128,1000000,production,4,1,52257200,52257200,16002048,7,1000000,48,47,500000,16,8,32,16,32,16
i64,repeated,shuffled,heterogeneous,inferred,false,7,i128,1000000,events,4,1,48584400,48584400,32002048,6,1000000,48,47,500000,16,8,32,16,32,16
i64,repeated,shuffled,heterogeneous,inferred,false,7,i128,1000000,heap,4,1,200105500,200105500,16390656,24,1000000,48,47,500000,16,8,32,16,32,16
i64,repeated,shuffled,heterogeneous,inferred,false,7,i128,1000000,streams_records,4,1,44678400,44678400,64002048,7,1000000,48,47,500000,16,8,32,16,32,16
i64,repeated,shuffled,heterogeneous,inferred,false,41,i128,1000000,production,0,1,52505400,52505400,16002048,7,1000000,48,47,500000,16,8,32,16,32,16
i64,repeated,shuffled,heterogeneous,inferred,false,41,i128,1000000,events,0,1,50062300,50062300,32002048,6,1000000,48,47,500000,16,8,32,16,32,16
i64,repeated,shuffled,heterogeneous,inferred,false,41,i128,1000000,heap,0,1,190812400,190812400,16390656,24,1000000,48,47,500000,16,8,32,16,32,16
i64,repeated,shuffled,heterogeneous,inferred,false,41,i128,1000000,streams_records,0,1,44064200,44064200,64002048,7,1000000,48,47,500000,16,8,32,16,32,16
i64,repeated,shuffled,heterogeneous,inferred,false,41,i128,1000000,events,1,1,49291700,49291700,32002048,6,1000000,48,47,500000,16,8,32,16,32,16
i64,repeated,shuffled,heterogeneous,inferred,false,41,i128,1000000,heap,1,1,190148100,190148100,16390656,24,1000000,48,47,500000,16,8,32,16,32,16
i64,repeated,shuffled,heterogeneous,inferred,false,41,i128,1000000,streams_records,1,1,43343100,43343100,64002048,7,1000000,48,47,500000,16,8,32,16,32,16
i64,repeated,shuffled,heterogeneous,inferred,false,41,i128,1000000,production,1,1,53121300,53121300,16002048,7,1000000,48,47,500000,16,8,32,16,32,16
i64,repeated,shuffled,heterogeneous,inferred,false,41,i128,1000000,heap,2,1,232911500,232911500,16390656,24,1000000,48,47,500000,16,8,32,16,32,16
i64,repeated,shuffled,heterogeneous,inferred,false,41,i128,1000000,streams_records,2,1,44434600,44434600,64002048,7,1000000,48,47,500000,16,8,32,16,32,16
i64,repeated,shuffled,heterogeneous,inferred,false,41,i128,1000000,production,2,1,53308600,53308600,16002048,7,1000000,48,47,500000,16,8,32,16,32,16
i64,repeated,shuffled,heterogeneous,inferred,false,41,i128,1000000,events,2,1,48943700,48943700,32002048,6,1000000,48,47,500000,16,8,32,16,32,16
i64,repeated,shuffled,heterogeneous,inferred,false,41,i128,1000000,streams_records,3,1,44084400,44084400,64002048,7,1000000,48,47,500000,16,8,32,16,32,16
i64,repeated,shuffled,heterogeneous,inferred,false,41,i128,1000000,production,3,1,53607700,53607700,16002048,7,1000000,48,47,500000,16,8,32,16,32,16
i64,repeated,shuffled,heterogeneous,inferred,false,41,i128,1000000,events,3,1,49121000,49121000,32002048,6,1000000,48,47,500000,16,8,32,16,32,16
i64,repeated,shuffled,heterogeneous,inferred,false,41,i128,1000000,heap,3,1,193457400,193457400,16390656,24,1000000,48,47,500000,16,8,32,16,32,16
i64,repeated,shuffled,heterogeneous,inferred,false,41,i128,1000000,production,4,1,52252500,52252500,16002048,7,1000000,48,47,500000,16,8,32,16,32,16
i64,repeated,shuffled,heterogeneous,inferred,false,41,i128,1000000,events,4,1,48206900,48206900,32002048,6,1000000,48,47,500000,16,8,32,16,32,16
i64,repeated,shuffled,heterogeneous,inferred,false,41,i128,1000000,heap,4,1,190387200,190387200,16390656,24,1000000,48,47,500000,16,8,32,16,32,16
i64,repeated,shuffled,heterogeneous,inferred,false,41,i128,1000000,streams_records,4,1,44994100,44994100,64002048,7,1000000,48,47,500000,16,8,32,16,32,16
i64,net_zero,shuffled,uniform,inferred,false,7,i128,1000,production,0,4,105000,26250,16128,3,1000,64,2,16,16,8,32,16,32,16
i64,net_zero,shuffled,uniform,inferred,false,7,i128,1000,events,0,4,152000,38000,32128,2,1000,64,2,16,16,8,32,16,32,16
i64,net_zero,shuffled,uniform,inferred,false,7,i128,1000,heap,0,4,161600,40400,8384,5,1000,64,2,16,16,8,32,16,32,16
i64,net_zero,shuffled,uniform,inferred,false,7,i128,1000,streams_records,0,4,219000,54750,64128,3,1000,64,2,16,16,8,32,16,32,16
i64,net_zero,shuffled,uniform,inferred,false,7,i128,1000,events,1,4,155400,38850,32128,2,1000,64,2,16,16,8,32,16,32,16
i64,net_zero,shuffled,uniform,inferred,false,7,i128,1000,heap,1,4,158800,39700,8384,5,1000,64,2,16,16,8,32,16,32,16
i64,net_zero,shuffled,uniform,inferred,false,7,i128,1000,streams_records,1,4,193900,48475,64128,3,1000,64,2,16,16,8,32,16,32,16
i64,net_zero,shuffled,uniform,inferred,false,7,i128,1000,production,1,4,154500,38625,16128,3,1000,64,2,16,16,8,32,16,32,16
i64,net_zero,shuffled,uniform,inferred,false,7,i128,1000,heap,2,4,158800,39700,8384,5,1000,64,2,16,16,8,32,16,32,16
i64,net_zero,shuffled,uniform,inferred,false,7,i128,1000,streams_records,2,4,204200,51050,64128,3,1000,64,2,16,16,8,32,16,32,16
i64,net_zero,shuffled,uniform,inferred,false,7,i128,1000,production,2,4,152000,38000,16128,3,1000,64,2,16,16,8,32,16,32,16
i64,net_zero,shuffled,uniform,inferred,false,7,i128,1000,events,2,4,200000,50000,32128,2,1000,64,2,16,16,8,32,16,32,16
i64,net_zero,shuffled,uniform,inferred,false,7,i128,1000,streams_records,3,4,166200,41550,64128,3,1000,64,2,16,16,8,32,16,32,16
i64,net_zero,shuffled,uniform,inferred,false,7,i128,1000,production,3,4,108300,27075,16128,3,1000,64,2,16,16,8,32,16,32,16
i64,net_zero,shuffled,uniform,inferred,false,7,i128,1000,events,3,4,133100,33275,32128,2,1000,64,2,16,16,8,32,16,32,16
i64,net_zero,shuffled,uniform,inferred,false,7,i128,1000,heap,3,4,131100,32775,8384,5,1000,64,2,16,16,8,32,16,32,16
i64,net_zero,shuffled,uniform,inferred,false,7,i128,1000,production,4,4,103800,25950,16128,3,1000,64,2,16,16,8,32,16,32,16
i64,net_zero,shuffled,uniform,inferred,false,7,i128,1000,events,4,4,132400,33100,32128,2,1000,64,2,16,16,8,32,16,32,16
i64,net_zero,shuffled,uniform,inferred,false,7,i128,1000,heap,4,4,113900,28475,8384,5,1000,64,2,16,16,8,32,16,32,16
i64,net_zero,shuffled,uniform,inferred,false,7,i128,1000,streams_records,4,4,168000,42000,64128,3,1000,64,2,16,16,8,32,16,32,16
i64,net_zero,shuffled,uniform,inferred,false,41,i128,1000,production,0,4,123900,30975,16128,3,1000,64,2,16,16,8,32,16,32,16
i64,net_zero,shuffled,uniform,inferred,false,41,i128,1000,events,0,4,150900,37725,32128,2,1000,64,2,16,16,8,32,16,32,16
i64,net_zero,shuffled,uniform,inferred,false,41,i128,1000,heap,0,4,132000,33000,8384,5,1000,64,2,16,16,8,32,16,32,16
i64,net_zero,shuffled,uniform,inferred,false,41,i128,1000,streams_records,0,4,182700,45675,64128,3,1000,64,2,16,16,8,32,16,32,16
i64,net_zero,shuffled,uniform,inferred,false,41,i128,1000,events,1,4,191900,47975,32128,2,1000,64,2,16,16,8,32,16,32,16
i64,net_zero,shuffled,uniform,inferred,false,41,i128,1000,heap,1,4,163400,40850,8384,5,1000,64,2,16,16,8,32,16,32,16
i64,net_zero,shuffled,uniform,inferred,false,41,i128,1000,streams_records,1,4,181100,45275,64128,3,1000,64,2,16,16,8,32,16,32,16
i64,net_zero,shuffled,uniform,inferred,false,41,i128,1000,production,1,4,162200,40550,16128,3,1000,64,2,16,16,8,32,16,32,16
i64,net_zero,shuffled,uniform,inferred,false,41,i128,1000,heap,2,4,166900,41725,8384,5,1000,64,2,16,16,8,32,16,32,16
i64,net_zero,shuffled,uniform,inferred,false,41,i128,1000,streams_records,2,4,189200,47300,64128,3,1000,64,2,16,16,8,32,16,32,16
i64,net_zero,shuffled,uniform,inferred,false,41,i128,1000,production,2,4,143100,35775,16128,3,1000,64,2,16,16,8,32,16,32,16
i64,net_zero,shuffled,uniform,inferred,false,41,i128,1000,events,2,4,140600,35150,32128,2,1000,64,2,16,16,8,32,16,32,16
i64,net_zero,shuffled,uniform,inferred,false,41,i128,1000,streams_records,3,4,131300,32825,64128,3,1000,64,2,16,16,8,32,16,32,16
i64,net_zero,shuffled,uniform,inferred,false,41,i128,1000,production,3,4,117500,29375,16128,3,1000,64,2,16,16,8,32,16,32,16
i64,net_zero,shuffled,uniform,inferred,false,41,i128,1000,events,3,4,135500,33875,32128,2,1000,64,2,16,16,8,32,16,32,16
i64,net_zero,shuffled,uniform,inferred,false,41,i128,1000,heap,3,4,121400,30350,8384,5,1000,64,2,16,16,8,32,16,32,16
i64,net_zero,shuffled,uniform,inferred,false,41,i128,1000,production,4,4,103600,25900,16128,3,1000,64,2,16,16,8,32,16,32,16
i64,net_zero,shuffled,uniform,inferred,false,41,i128,1000,events,4,4,132300,33075,32128,2,1000,64,2,16,16,8,32,16,32,16
i64,net_zero,shuffled,uniform,inferred,false,41,i128,1000,heap,4,4,122500,30625,8384,5,1000,64,2,16,16,8,32,16,32,16
i64,net_zero,shuffled,uniform,inferred,false,41,i128,1000,streams_records,4,4,131200,32800,64128,3,1000,64,2,16,16,8,32,16,32,16
i64,net_zero,shuffled,uniform,inferred,false,7,i128,100000,production,0,1,5410100,5410100,1600128,3,100000,6251,1,16,16,8,32,16,32,16
i64,net_zero,shuffled,uniform,inferred,false,7,i128,100000,events,0,1,5710000,5710000,3200128,2,100000,6251,1,16,16,8,32,16,32,16
i64,net_zero,shuffled,uniform,inferred,false,7,i128,100000,heap,0,1,5615900,5615900,800384,5,100000,6251,1,16,16,8,32,16,32,16
i64,net_zero,shuffled,uniform,inferred,false,7,i128,100000,streams_records,0,1,6195000,6195000,6400128,3,100000,6251,1,16,16,8,32,16,32,16
i64,net_zero,shuffled,uniform,inferred,false,7,i128,100000,events,1,1,5990000,5990000,3200128,2,100000,6251,1,16,16,8,32,16,32,16
i64,net_zero,shuffled,uniform,inferred,false,7,i128,100000,heap,1,1,5456000,5456000,800384,5,100000,6251,1,16,16,8,32,16,32,16
i64,net_zero,shuffled,uniform,inferred,false,7,i128,100000,streams_records,1,1,5992700,5992700,6400128,3,100000,6251,1,16,16,8,32,16,32,16
i64,net_zero,shuffled,uniform,inferred,false,7,i128,100000,production,1,1,5213600,5213600,1600128,3,100000,6251,1,16,16,8,32,16,32,16
i64,net_zero,shuffled,uniform,inferred,false,7,i128,100000,heap,2,1,5533500,5533500,800384,5,100000,6251,1,16,16,8,32,16,32,16
i64,net_zero,shuffled,uniform,inferred,false,7,i128,100000,streams_records,2,1,5943000,5943000,6400128,3,100000,6251,1,16,16,8,32,16,32,16
i64,net_zero,shuffled,uniform,inferred,false,7,i128,100000,production,2,1,6376900,6376900,1600128,3,100000,6251,1,16,16,8,32,16,32,16
i64,net_zero,shuffled,uniform,inferred,false,7,i128,100000,events,2,1,6041100,6041100,3200128,2,100000,6251,1,16,16,8,32,16,32,16
i64,net_zero,shuffled,uniform,inferred,false,7,i128,100000,streams_records,3,1,6836300,6836300,6400128,3,100000,6251,1,16,16,8,32,16,32,16
i64,net_zero,shuffled,uniform,inferred,false,7,i128,100000,production,3,1,6630200,6630200,1600128,3,100000,6251,1,16,16,8,32,16,32,16
i64,net_zero,shuffled,uniform,inferred,false,7,i128,100000,events,3,1,6199500,6199500,3200128,2,100000,6251,1,16,16,8,32,16,32,16
i64,net_zero,shuffled,uniform,inferred,false,7,i128,100000,heap,3,1,6327200,6327200,800384,5,100000,6251,1,16,16,8,32,16,32,16
i64,net_zero,shuffled,uniform,inferred,false,7,i128,100000,production,4,1,8196100,8196100,1600128,3,100000,6251,1,16,16,8,32,16,32,16
i64,net_zero,shuffled,uniform,inferred,false,7,i128,100000,events,4,1,8283800,8283800,3200128,2,100000,6251,1,16,16,8,32,16,32,16
i64,net_zero,shuffled,uniform,inferred,false,7,i128,100000,heap,4,1,5754800,5754800,800384,5,100000,6251,1,16,16,8,32,16,32,16
i64,net_zero,shuffled,uniform,inferred,false,7,i128,100000,streams_records,4,1,6055900,6055900,6400128,3,100000,6251,1,16,16,8,32,16,32,16
i64,net_zero,shuffled,uniform,inferred,false,41,i128,100000,production,0,1,5512300,5512300,1600128,3,100000,6251,1,16,16,8,32,16,32,16
i64,net_zero,shuffled,uniform,inferred,false,41,i128,100000,events,0,1,5720500,5720500,3200128,2,100000,6251,1,16,16,8,32,16,32,16
i64,net_zero,shuffled,uniform,inferred,false,41,i128,100000,heap,0,1,5620400,5620400,800384,5,100000,6251,1,16,16,8,32,16,32,16
i64,net_zero,shuffled,uniform,inferred,false,41,i128,100000,streams_records,0,1,5933700,5933700,6400128,3,100000,6251,1,16,16,8,32,16,32,16
i64,net_zero,shuffled,uniform,inferred,false,41,i128,100000,events,1,1,5699000,5699000,3200128,2,100000,6251,1,16,16,8,32,16,32,16
i64,net_zero,shuffled,uniform,inferred,false,41,i128,100000,heap,1,1,5625500,5625500,800384,5,100000,6251,1,16,16,8,32,16,32,16
i64,net_zero,shuffled,uniform,inferred,false,41,i128,100000,streams_records,1,1,6043500,6043500,6400128,3,100000,6251,1,16,16,8,32,16,32,16
i64,net_zero,shuffled,uniform,inferred,false,41,i128,100000,production,1,1,5281000,5281000,1600128,3,100000,6251,1,16,16,8,32,16,32,16
i64,net_zero,shuffled,uniform,inferred,false,41,i128,100000,heap,2,1,5627200,5627200,800384,5,100000,6251,1,16,16,8,32,16,32,16
i64,net_zero,shuffled,uniform,inferred,false,41,i128,100000,streams_records,2,1,6062700,6062700,6400128,3,100000,6251,1,16,16,8,32,16,32,16
i64,net_zero,shuffled,uniform,inferred,false,41,i128,100000,production,2,1,5494600,5494600,1600128,3,100000,6251,1,16,16,8,32,16,32,16
i64,net_zero,shuffled,uniform,inferred,false,41,i128,100000,events,2,1,5679600,5679600,3200128,2,100000,6251,1,16,16,8,32,16,32,16
i64,net_zero,shuffled,uniform,inferred,false,41,i128,100000,streams_records,3,1,6384900,6384900,6400128,3,100000,6251,1,16,16,8,32,16,32,16
i64,net_zero,shuffled,uniform,inferred,false,41,i128,100000,production,3,1,5688000,5688000,1600128,3,100000,6251,1,16,16,8,32,16,32,16
i64,net_zero,shuffled,uniform,inferred,false,41,i128,100000,events,3,1,5807600,5807600,3200128,2,100000,6251,1,16,16,8,32,16,32,16
i64,net_zero,shuffled,uniform,inferred,false,41,i128,100000,heap,3,1,5612900,5612900,800384,5,100000,6251,1,16,16,8,32,16,32,16
i64,net_zero,shuffled,uniform,inferred,false,41,i128,100000,production,4,1,5618100,5618100,1600128,3,100000,6251,1,16,16,8,32,16,32,16
i64,net_zero,shuffled,uniform,inferred,false,41,i128,100000,events,4,1,5718700,5718700,3200128,2,100000,6251,1,16,16,8,32,16,32,16
i64,net_zero,shuffled,uniform,inferred,false,41,i128,100000,heap,4,1,5676800,5676800,800384,5,100000,6251,1,16,16,8,32,16,32,16
i64,net_zero,shuffled,uniform,inferred,false,41,i128,100000,streams_records,4,1,5925600,5925600,6400128,3,100000,6251,1,16,16,8,32,16,32,16
i64,net_zero,shuffled,uniform,inferred,false,7,i128,1000000,production,0,1,102606900,102606900,16000128,3,1000000,62501,1,16,16,8,32,16,32,16
i64,net_zero,shuffled,uniform,inferred,false,7,i128,1000000,events,0,1,83658900,83658900,32000128,2,1000000,62501,1,16,16,8,32,16,32,16
i64,net_zero,shuffled,uniform,inferred,false,7,i128,1000000,heap,0,1,113699800,113699800,8000384,5,1000000,62501,1,16,16,8,32,16,32,16
i64,net_zero,shuffled,uniform,inferred,false,7,i128,1000000,streams_records,0,1,89755800,89755800,64000128,3,1000000,62501,1,16,16,8,32,16,32,16
i64,net_zero,shuffled,uniform,inferred,false,7,i128,1000000,events,1,1,87147200,87147200,32000128,2,1000000,62501,1,16,16,8,32,16,32,16
i64,net_zero,shuffled,uniform,inferred,false,7,i128,1000000,heap,1,1,103482600,103482600,8000384,5,1000000,62501,1,16,16,8,32,16,32,16
i64,net_zero,shuffled,uniform,inferred,false,7,i128,1000000,streams_records,1,1,80576600,80576600,64000128,3,1000000,62501,1,16,16,8,32,16,32,16
i64,net_zero,shuffled,uniform,inferred,false,7,i128,1000000,production,1,1,104389900,104389900,16000128,3,1000000,62501,1,16,16,8,32,16,32,16
i64,net_zero,shuffled,uniform,inferred,false,7,i128,1000000,heap,2,1,100587600,100587600,8000384,5,1000000,62501,1,16,16,8,32,16,32,16
i64,net_zero,shuffled,uniform,inferred,false,7,i128,1000000,streams_records,2,1,80333800,80333800,64000128,3,1000000,62501,1,16,16,8,32,16,32,16
i64,net_zero,shuffled,uniform,inferred,false,7,i128,1000000,production,2,1,101082300,101082300,16000128,3,1000000,62501,1,16,16,8,32,16,32,16
i64,net_zero,shuffled,uniform,inferred,false,7,i128,1000000,events,2,1,83483700,83483700,32000128,2,1000000,62501,1,16,16,8,32,16,32,16
i64,net_zero,shuffled,uniform,inferred,false,7,i128,1000000,streams_records,3,1,80701200,80701200,64000128,3,1000000,62501,1,16,16,8,32,16,32,16
i64,net_zero,shuffled,uniform,inferred,false,7,i128,1000000,production,3,1,112417900,112417900,16000128,3,1000000,62501,1,16,16,8,32,16,32,16
i64,net_zero,shuffled,uniform,inferred,false,7,i128,1000000,events,3,1,87876500,87876500,32000128,2,1000000,62501,1,16,16,8,32,16,32,16
i64,net_zero,shuffled,uniform,inferred,false,7,i128,1000000,heap,3,1,102259300,102259300,8000384,5,1000000,62501,1,16,16,8,32,16,32,16
i64,net_zero,shuffled,uniform,inferred,false,7,i128,1000000,production,4,1,100876800,100876800,16000128,3,1000000,62501,1,16,16,8,32,16,32,16
i64,net_zero,shuffled,uniform,inferred,false,7,i128,1000000,events,4,1,82682800,82682800,32000128,2,1000000,62501,1,16,16,8,32,16,32,16
i64,net_zero,shuffled,uniform,inferred,false,7,i128,1000000,heap,4,1,105860500,105860500,8000384,5,1000000,62501,1,16,16,8,32,16,32,16
i64,net_zero,shuffled,uniform,inferred,false,7,i128,1000000,streams_records,4,1,80303100,80303100,64000128,3,1000000,62501,1,16,16,8,32,16,32,16
i64,net_zero,shuffled,uniform,inferred,false,41,i128,1000000,production,0,1,109328200,109328200,16000128,3,1000000,62501,1,16,16,8,32,16,32,16
i64,net_zero,shuffled,uniform,inferred,false,41,i128,1000000,events,0,1,86298300,86298300,32000128,2,1000000,62501,1,16,16,8,32,16,32,16
i64,net_zero,shuffled,uniform,inferred,false,41,i128,1000000,heap,0,1,103609700,103609700,8000384,5,1000000,62501,1,16,16,8,32,16,32,16
i64,net_zero,shuffled,uniform,inferred,false,41,i128,1000000,streams_records,0,1,83961200,83961200,64000128,3,1000000,62501,1,16,16,8,32,16,32,16
i64,net_zero,shuffled,uniform,inferred,false,41,i128,1000000,events,1,1,86862300,86862300,32000128,2,1000000,62501,1,16,16,8,32,16,32,16
i64,net_zero,shuffled,uniform,inferred,false,41,i128,1000000,heap,1,1,144144800,144144800,8000384,5,1000000,62501,1,16,16,8,32,16,32,16
i64,net_zero,shuffled,uniform,inferred,false,41,i128,1000000,streams_records,1,1,96475300,96475300,64000128,3,1000000,62501,1,16,16,8,32,16,32,16
i64,net_zero,shuffled,uniform,inferred,false,41,i128,1000000,production,1,1,129089800,129089800,16000128,3,1000000,62501,1,16,16,8,32,16,32,16
i64,net_zero,shuffled,uniform,inferred,false,41,i128,1000000,heap,2,1,127261600,127261600,8000384,5,1000000,62501,1,16,16,8,32,16,32,16
i64,net_zero,shuffled,uniform,inferred,false,41,i128,1000000,streams_records,2,1,99394300,99394300,64000128,3,1000000,62501,1,16,16,8,32,16,32,16
i64,net_zero,shuffled,uniform,inferred,false,41,i128,1000000,production,2,1,100661600,100661600,16000128,3,1000000,62501,1,16,16,8,32,16,32,16
i64,net_zero,shuffled,uniform,inferred,false,41,i128,1000000,events,2,1,83065900,83065900,32000128,2,1000000,62501,1,16,16,8,32,16,32,16
i64,net_zero,shuffled,uniform,inferred,false,41,i128,1000000,streams_records,3,1,81269400,81269400,64000128,3,1000000,62501,1,16,16,8,32,16,32,16
i64,net_zero,shuffled,uniform,inferred,false,41,i128,1000000,production,3,1,100806800,100806800,16000128,3,1000000,62501,1,16,16,8,32,16,32,16
i64,net_zero,shuffled,uniform,inferred,false,41,i128,1000000,events,3,1,86553000,86553000,32000128,2,1000000,62501,1,16,16,8,32,16,32,16
i64,net_zero,shuffled,uniform,inferred,false,41,i128,1000000,heap,3,1,100258100,100258100,8000384,5,1000000,62501,1,16,16,8,32,16,32,16
i64,net_zero,shuffled,uniform,inferred,false,41,i128,1000000,production,4,1,110959900,110959900,16000128,3,1000000,62501,1,16,16,8,32,16,32,16
i64,net_zero,shuffled,uniform,inferred,false,41,i128,1000000,events,4,1,87368800,87368800,32000128,2,1000000,62501,1,16,16,8,32,16,32,16
i64,net_zero,shuffled,uniform,inferred,false,41,i128,1000000,heap,4,1,101389300,101389300,8000384,5,1000000,62501,1,16,16,8,32,16,32,16
i64,net_zero,shuffled,uniform,inferred,false,41,i128,1000000,streams_records,4,1,91950800,91950800,64000128,3,1000000,62501,1,16,16,8,32,16,32,16
i64,gaps,partial,mixed,extended,true,7,i128,1000,production,0,4,278200,69550,77696,12,760,1230,1129,8,16,8,32,16,32,16
i64,gaps,partial,mixed,extended,true,7,i128,1000,events,0,4,230000,57500,89856,11,760,1230,1129,8,16,8,32,16,32,16
i64,gaps,partial,mixed,extended,true,7,i128,1000,heap,0,4,164700,41175,71744,13,760,1230,1129,8,16,8,32,16,32,16
i64,gaps,partial,mixed,extended,true,7,i128,1000,streams_records,0,4,273200,68300,114176,12,760,1230,1129,8,16,8,32,16,32,16
i64,gaps,partial,mixed,extended,true,7,i128,1000,events,1,4,284800,71200,89856,11,760,1230,1129,8,16,8,32,16,32,16
i64,gaps,partial,mixed,extended,true,7,i128,1000,heap,1,4,202100,50525,71744,13,760,1230,1129,8,16,8,32,16,32,16
i64,gaps,partial,mixed,extended,true,7,i128,1000,streams_records,1,4,339000,84750,114176,12,760,1230,1129,8,16,8,32,16,32,16
i64,gaps,partial,mixed,extended,true,7,i128,1000,production,1,4,302100,75525,77696,12,760,1230,1129,8,16,8,32,16,32,16
i64,gaps,partial,mixed,extended,true,7,i128,1000,heap,2,4,224800,56200,71744,13,760,1230,1129,8,16,8,32,16,32,16
i64,gaps,partial,mixed,extended,true,7,i128,1000,streams_records,2,4,366800,91700,114176,12,760,1230,1129,8,16,8,32,16,32,16
i64,gaps,partial,mixed,extended,true,7,i128,1000,production,2,4,284700,71175,77696,12,760,1230,1129,8,16,8,32,16,32,16
i64,gaps,partial,mixed,extended,true,7,i128,1000,events,2,4,290800,72700,89856,11,760,1230,1129,8,16,8,32,16,32,16
i64,gaps,partial,mixed,extended,true,7,i128,1000,streams_records,3,4,294800,73700,114176,12,760,1230,1129,8,16,8,32,16,32,16
i64,gaps,partial,mixed,extended,true,7,i128,1000,production,3,4,205700,51425,77696,12,760,1230,1129,8,16,8,32,16,32,16
i64,gaps,partial,mixed,extended,true,7,i128,1000,events,3,4,182100,45525,89856,11,760,1230,1129,8,16,8,32,16,32,16
i64,gaps,partial,mixed,extended,true,7,i128,1000,heap,3,4,151800,37950,71744,13,760,1230,1129,8,16,8,32,16,32,16
i64,gaps,partial,mixed,extended,true,7,i128,1000,production,4,4,203100,50775,77696,12,760,1230,1129,8,16,8,32,16,32,16
i64,gaps,partial,mixed,extended,true,7,i128,1000,events,4,4,194200,48550,89856,11,760,1230,1129,8,16,8,32,16,32,16
i64,gaps,partial,mixed,extended,true,7,i128,1000,heap,4,4,142800,35700,71744,13,760,1230,1129,8,16,8,32,16,32,16
i64,gaps,partial,mixed,extended,true,7,i128,1000,streams_records,4,4,241100,60275,114176,12,760,1230,1129,8,16,8,32,16,32,16
i64,gaps,partial,mixed,extended,true,41,i128,1000,production,0,4,175400,43850,77520,12,749,1221,1129,8,16,8,32,16,32,16
i64,gaps,partial,mixed,extended,true,41,i128,1000,events,0,4,190800,47700,89504,11,749,1221,1129,8,16,8,32,16,32,16
i64,gaps,partial,mixed,extended,true,41,i128,1000,heap,0,4,150600,37650,71656,13,749,1221,1129,8,16,8,32,16,32,16
i64,gaps,partial,mixed,extended,true,41,i128,1000,streams_records,0,4,238800,59700,113472,12,749,1221,1129,8,16,8,32,16,32,16
i64,gaps,partial,mixed,extended,true,41,i128,1000,events,1,4,204000,51000,89504,11,749,1221,1129,8,16,8,32,16,32,16
i64,gaps,partial,mixed,extended,true,41,i128,1000,heap,1,4,145100,36275,71656,13,749,1221,1129,8,16,8,32,16,32,16
i64,gaps,partial,mixed,extended,true,41,i128,1000,streams_records,1,4,241000,60250,113472,12,749,1221,1129,8,16,8,32,16,32,16
i64,gaps,partial,mixed,extended,true,41,i128,1000,production,1,4,238200,59550,77520,12,749,1221,1129,8,16,8,32,16,32,16
i64,gaps,partial,mixed,extended,true,41,i128,1000,heap,2,4,187000,46750,71656,13,749,1221,1129,8,16,8,32,16,32,16
i64,gaps,partial,mixed,extended,true,41,i128,1000,streams_records,2,4,256700,64175,113472,12,749,1221,1129,8,16,8,32,16,32,16
i64,gaps,partial,mixed,extended,true,41,i128,1000,production,2,4,203500,50875,77520,12,749,1221,1129,8,16,8,32,16,32,16
i64,gaps,partial,mixed,extended,true,41,i128,1000,events,2,4,196700,49175,89504,11,749,1221,1129,8,16,8,32,16,32,16
i64,gaps,partial,mixed,extended,true,41,i128,1000,streams_records,3,4,248600,62150,113472,12,749,1221,1129,8,16,8,32,16,32,16
i64,gaps,partial,mixed,extended,true,41,i128,1000,production,3,4,226600,56650,77520,12,749,1221,1129,8,16,8,32,16,32,16
i64,gaps,partial,mixed,extended,true,41,i128,1000,events,3,4,185700,46425,89504,11,749,1221,1129,8,16,8,32,16,32,16
i64,gaps,partial,mixed,extended,true,41,i128,1000,heap,3,4,155400,38850,71656,13,749,1221,1129,8,16,8,32,16,32,16
i64,gaps,partial,mixed,extended,true,41,i128,1000,production,4,4,180500,45125,77520,12,749,1221,1129,8,16,8,32,16,32,16
i64,gaps,partial,mixed,extended,true,41,i128,1000,events,4,4,191000,47750,89504,11,749,1221,1129,8,16,8,32,16,32,16
i64,gaps,partial,mixed,extended,true,41,i128,1000,heap,4,4,142000,35500,71656,13,749,1221,1129,8,16,8,32,16,32,16
i64,gaps,partial,mixed,extended,true,41,i128,1000,streams_records,4,4,224900,56225,113472,12,749,1221,1129,8,16,8,32,16,32,16
i64,gaps,partial,mixed,extended,true,7,i128,100000,production,0,1,6501600,6501600,5394560,18,75016,121893,112617,8,16,8,32,16,32,16
i64,gaps,partial,mixed,extended,true,7,i128,100000,events,0,1,7299200,7299200,6594816,17,75016,121893,112617,8,16,8,32,16,32,16
i64,gaps,partial,mixed,extended,true,7,i128,100000,heap,0,1,6577400,6577400,4794560,19,75016,121893,112617,8,16,8,32,16,32,16
i64,gaps,partial,mixed,extended,true,7,i128,100000,streams_records,0,1,7812400,7812400,8995328,18,75016,121893,112617,8,16,8,32,16,32,16
i64,gaps,partial,mixed,extended,true,7,i128,100000,events,1,1,7056400,7056400,6594816,17,75016,121893,112617,8,16,8,32,16,32,16
i64,gaps,partial,mixed,extended,true,7,i128,100000,heap,1,1,5321800,5321800,4794560,19,75016,121893,112617,8,16,8,32,16,32,16
i64,gaps,partial,mixed,extended,true,7,i128,100000,streams_records,1,1,7091600,7091600,8995328,18,75016,121893,112617,8,16,8,32,16,32,16
i64,gaps,partial,mixed,extended,true,7,i128,100000,production,1,1,6584900,6584900,5394560,18,75016,121893,112617,8,16,8,32,16,32,16
i64,gaps,partial,mixed,extended,true,7,i128,100000,heap,2,1,5316300,5316300,4794560,19,75016,121893,112617,8,16,8,32,16,32,16
i64,gaps,partial,mixed,extended,true,7,i128,100000,streams_records,2,1,7102300,7102300,8995328,18,75016,121893,112617,8,16,8,32,16,32,16
i64,gaps,partial,mixed,extended,true,7,i128,100000,production,2,1,6583300,6583300,5394560,18,75016,121893,112617,8,16,8,32,16,32,16
i64,gaps,partial,mixed,extended,true,7,i128,100000,events,2,1,7091700,7091700,6594816,17,75016,121893,112617,8,16,8,32,16,32,16
i64,gaps,partial,mixed,extended,true,7,i128,100000,streams_records,3,1,6950200,6950200,8995328,18,75016,121893,112617,8,16,8,32,16,32,16
i64,gaps,partial,mixed,extended,true,7,i128,100000,production,3,1,7151100,7151100,5394560,18,75016,121893,112617,8,16,8,32,16,32,16
i64,gaps,partial,mixed,extended,true,7,i128,100000,events,3,1,7120100,7120100,6594816,17,75016,121893,112617,8,16,8,32,16,32,16
i64,gaps,partial,mixed,extended,true,7,i128,100000,heap,3,1,5858100,5858100,4794560,19,75016,121893,112617,8,16,8,32,16,32,16
i64,gaps,partial,mixed,extended,true,7,i128,100000,production,4,1,7790000,7790000,5394560,18,75016,121893,112617,8,16,8,32,16,32,16
i64,gaps,partial,mixed,extended,true,7,i128,100000,events,4,1,7688900,7688900,6594816,17,75016,121893,112617,8,16,8,32,16,32,16
i64,gaps,partial,mixed,extended,true,7,i128,100000,heap,4,1,5483300,5483300,4794560,19,75016,121893,112617,8,16,8,32,16,32,16
i64,gaps,partial,mixed,extended,true,7,i128,100000,streams_records,4,1,7095600,7095600,8995328,18,75016,121893,112617,8,16,8,32,16,32,16
i64,gaps,partial,mixed,extended,true,41,i128,100000,production,0,1,6927800,6927800,5394432,18,75008,121926,112680,8,16,8,32,16,32,16
i64,gaps,partial,mixed,extended,true,41,i128,100000,events,0,1,7048700,7048700,6594560,17,75008,121926,112680,8,16,8,32,16,32,16
i64,gaps,partial,mixed,extended,true,41,i128,100000,heap,0,1,5432400,5432400,4794496,19,75008,121926,112680,8,16,8,32,16,32,16
i64,gaps,partial,mixed,extended,true,41,i128,100000,streams_records,0,1,7069900,7069900,8994816,18,75008,121926,112680,8,16,8,32,16,32,16
i64,gaps,partial,mixed,extended,true,41,i128,100000,events,1,1,6979500,6979500,6594560,17,75008,121926,112680,8,16,8,32,16,32,16
i64,gaps,partial,mixed,extended,true,41,i128,100000,heap,1,1,5431300,5431300,4794496,19,75008,121926,112680,8,16,8,32,16,32,16
i64,gaps,partial,mixed,extended,true,41,i128,100000,streams_records,1,1,6909500,6909500,8994816,18,75008,121926,112680,8,16,8,32,16,32,16
i64,gaps,partial,mixed,extended,true,41,i128,100000,production,1,1,6521900,6521900,5394432,18,75008,121926,112680,8,16,8,32,16,32,16
i64,gaps,partial,mixed,extended,true,41,i128,100000,heap,2,1,5253300,5253300,4794496,19,75008,121926,112680,8,16,8,32,16,32,16
i64,gaps,partial,mixed,extended,true,41,i128,100000,streams_records,2,1,6888100,6888100,8994816,18,75008,121926,112680,8,16,8,32,16,32,16
i64,gaps,partial,mixed,extended,true,41,i128,100000,production,2,1,6773400,6773400,5394432,18,75008,121926,112680,8,16,8,32,16,32,16
i64,gaps,partial,mixed,extended,true,41,i128,100000,events,2,1,6945200,6945200,6594560,17,75008,121926,112680,8,16,8,32,16,32,16
i64,gaps,partial,mixed,extended,true,41,i128,100000,streams_records,3,1,6880000,6880000,8994816,18,75008,121926,112680,8,16,8,32,16,32,16
i64,gaps,partial,mixed,extended,true,41,i128,100000,production,3,1,8890100,8890100,5394432,18,75008,121926,112680,8,16,8,32,16,32,16
i64,gaps,partial,mixed,extended,true,41,i128,100000,events,3,1,7459300,7459300,6594560,17,75008,121926,112680,8,16,8,32,16,32,16
i64,gaps,partial,mixed,extended,true,41,i128,100000,heap,3,1,5908200,5908200,4794496,19,75008,121926,112680,8,16,8,32,16,32,16
i64,gaps,partial,mixed,extended,true,41,i128,100000,production,4,1,6554000,6554000,5394432,18,75008,121926,112680,8,16,8,32,16,32,16
i64,gaps,partial,mixed,extended,true,41,i128,100000,events,4,1,7675200,7675200,6594560,17,75008,121926,112680,8,16,8,32,16,32,16
i64,gaps,partial,mixed,extended,true,41,i128,100000,heap,4,1,5466500,5466500,4794496,19,75008,121926,112680,8,16,8,32,16,32,16
i64,gaps,partial,mixed,extended,true,41,i128,100000,streams_records,4,1,7394000,7394000,8994816,18,75008,121926,112680,8,16,8,32,16,32,16
