family,order,costs,n,method,sample,total_ns,preprocessing_ns,optimization_ns,reconstruction_ns,peak_bytes,allocations
single,sorted,random,1000,MC-B,0,6500,4100,2100,0,9192,10
single,sorted,random,1000,MCC-C,0,15600,4700,10400,200,33632,14
single,sorted,random,1000,MCC-B,0,15500,4800,10200,100,33632,13
single,sorted,random,1000,MCC-A,0,11700,4500,6800,100,33632,13
single,sorted,random,1000,MC-A-detect,0,4500,3000,1100,0,25576,10
single,sorted,random,1000,MC-C,0,7300,3400,3700,0,41960,19
single,sorted,random,1000,MC-A,0,4800,3400,1200,0,25576,10
single,sorted,random,1000,MC-B,1,6200,4100,1800,0,9192,10
single,sorted,random,1000,MC-A,1,4700,3300,1200,0,25576,10
single,sorted,random,1000,MCC-B,1,15600,4400,10700,100,33632,13
single,sorted,random,1000,MC-C,1,24600,6100,10800,0,41960,19
single,sorted,random,1000,MCC-A,1,23600,13600,6700,200,33632,13
single,sorted,random,1000,MC-A-detect,1,15300,13900,1200,0,25576,10
single,sorted,random,1000,MCC-C,1,23400,8300,10500,100,33632,14
single,sorted,random,1000,MC-B,2,9300,7200,1900,0,9192,10
single,sorted,random,1000,MC-A,2,11800,7400,1200,0,25576,10
single,sorted,random,1000,MC-A-detect,2,11800,10400,1200,0,25576,10
single,sorted,random,1000,MC-C,2,20900,3400,10500,0,41960,19
single,sorted,random,1000,MCC-C,2,27200,12600,10200,100,33632,14
single,sorted,random,1000,MCC-A,2,23100,13100,6500,100,33632,13
single,sorted,random,1000,MCC-B,2,27100,14000,10000,200,33632,13
single,nearly_sorted,random,1000,MC-C,0,27300,13900,8500,0,41960,19
single,nearly_sorted,random,1000,MC-A-detect,0,14700,13200,1200,0,25576,10
single,nearly_sorted,random,1000,MC-A,0,5000,3600,1200,0,25576,10
single,nearly_sorted,random,1000,MCC-B,0,20700,6800,9800,100,33632,13
single,nearly_sorted,random,1000,MCC-A,0,27900,17200,6600,100,33632,13
single,nearly_sorted,random,1000,MC-B,0,18800,16600,1900,0,9192,10
single,nearly_sorted,random,1000,MCC-C,0,24600,13800,10400,100,33632,14
single,nearly_sorted,random,1000,MC-B,1,6300,4300,1900,0,9192,10
single,nearly_sorted,random,1000,MC-A-detect,1,4700,3300,1200,0,25576,10
single,nearly_sorted,random,1000,MC-A,1,4900,3500,1200,0,25576,10
single,nearly_sorted,random,1000,MCC-A,1,23200,4600,18100,100,33632,13
single,nearly_sorted,random,1000,MCC-C,1,15400,4700,10300,100,33632,14
single,nearly_sorted,random,1000,MC-C,1,10100,3600,6400,0,41960,19
single,nearly_sorted,random,1000,MCC-B,1,14800,4600,9800,100,33632,13
single,nearly_sorted,random,1000,MC-A-detect,2,4600,3200,1200,0,25576,10
single,nearly_sorted,random,1000,MC-B,2,7100,5100,1900,0,9192,10
single,nearly_sorted,random,1000,MC-C,2,40700,7300,26000,0,41960,19
single,nearly_sorted,random,1000,MCC-A,2,50100,34200,7900,500,33632,13
single,nearly_sorted,random,1000,MCC-C,2,34800,19200,10800,100,33632,14
single,nearly_sorted,random,1000,MCC-B,2,40300,25700,10400,100,33632,13
single,nearly_sorted,random,1000,MC-A,2,12700,11100,1200,0,25576,10
single,shuffled,random,1000,MC-C,0,12800,3800,8800,0,41960,19
single,shuffled,random,1000,MC-B,0,8000,6000,1900,0,9192,10
single,shuffled,random,1000,MCC-B,0,17100,5000,11500,100,33632,13
single,shuffled,random,1000,MC-A-detect,0,4900,3400,1200,0,25576,10
single,shuffled,random,1000,MC-A,0,6900,5100,1500,0,25576,10
single,shuffled,random,1000,MCC-A,0,12000,4900,6600,100,33632,13
single,shuffled,random,1000,MCC-C,0,15500,4800,10400,100,33632,14
single,shuffled,random,1000,MC-B,1,6700,4500,2100,0,9192,10
single,shuffled,random,1000,MCC-C,1,15100,4800,9900,100,33632,14
single,shuffled,random,1000,MC-A-detect,1,4800,3400,1200,0,25576,10
single,shuffled,random,1000,MC-C,1,7400,3800,3400,0,41960,19
single,shuffled,random,1000,MC-A,1,5100,3700,1200,0,25576,10
single,shuffled,random,1000,MCC-A,1,11800,4800,6600,100,33632,13
single,shuffled,random,1000,MCC-B,1,15200,4800,9900,100,33632,13
single,shuffled,random,1000,MC-A-detect,2,4800,3500,1200,0,25576,10
single,shuffled,random,1000,MCC-C,2,15700,4800,10500,100,33632,14
single,shuffled,random,1000,MC-C,2,14500,3800,10500,0,41960,19
single,shuffled,random,1000,MC-A,2,5100,3800,1200,0,25576,10
single,shuffled,random,1000,MC-B,2,5900,3900,1900,0,9192,10
single,shuffled,random,1000,MCC-A,2,11800,4900,6600,100,33632,13
single,shuffled,random,1000,MCC-B,2,17000,4800,11800,100,33632,13
two,sorted,random,1000,MCC-B,0,48600,36600,11500,200,33656,13
two,sorted,random,1000,MC-B,0,6000,3800,2000,0,9192,10
two,sorted,random,1000,MCC-C,0,43700,31600,11300,200,33656,14
two,sorted,random,1000,MC-C,0,8900,3400,5300,0,41960,19
two,sorted,random,1000,MCC-A,0,13100,4300,8400,200,33656,13
two,sorted,random,1000,MC-A,0,4700,3300,1300,0,25576,10
two,sorted,random,1000,MC-A-detect,0,4500,3100,1200,0,25576,10
two,sorted,random,1000,MC-B,1,5900,3700,1900,0,9192,10
two,sorted,random,1000,MC-A,1,4500,3200,1200,0,25576,10
two,sorted,random,1000,MC-C,1,11200,3100,7800,0,41960,19
two,sorted,random,1000,MCC-A,1,12900,4300,8200,100,33656,13
two,sorted,random,1000,MC-A-detect,1,4300,2900,1300,0,25576,10
two,sorted,random,1000,MCC-C,1,16100,4300,11300,200,33656,14
two,sorted,random,1000,MCC-B,1,16200,4300,11600,100,33656,13
two,sorted,random,1000,MC-C,2,7900,3200,4600,0,41960,19
two,sorted,random,1000,MC-A-detect,2,4300,2900,1300,0,25576,10
two,sorted,random,1000,MCC-B,2,16100,4300,11300,100,33656,13
two,sorted,random,1000,MCC-C,2,16000,4500,11100,200,33656,14
two,sorted,random,1000,MCC-A,2,12800,4100,8100,200,33656,13
two,sorted,random,1000,MC-B,2,5700,3600,1900,0,9192,10
two,sorted,random,1000,MC-A,2,4600,3100,1200,0,25576,10
two,nearly_sorted,random,1000,MC-B,0,6700,4600,1900,0,9192,10
two,nearly_sorted,random,1000,MC-A-detect,0,4500,3000,1200,0,25576,10
two,nearly_sorted,random,1000,MC-C,0,7800,3100,4500,0,41960,19
two,nearly_sorted,random,1000,MCC-A,0,12800,4300,8100,200,33656,13
two,nearly_sorted,random,1000,MCC-B,0,16100,4200,11500,100,33656,13
two,nearly_sorted,random,1000,MC-A,0,4600,3100,1300,0,25576,10
two,nearly_sorted,random,1000,MCC-C,0,15800,4300,11000,200,33656,14
two,nearly_sorted,random,1000,MC-A-detect,1,4200,2800,1200,0,25576,10
two,nearly_sorted,random,1000,MC-B,1,5700,3700,1900,0,9192,10
two,nearly_sorted,random,1000,MC-C,1,7900,3100,4600,0,41960,19
two,nearly_sorted,random,1000,MCC-A,1,12800,4200,8100,200,33656,13
two,nearly_sorted,random,1000,MCC-B,1,16200,4300,11400,200,33656,13
two,nearly_sorted,random,1000,MCC-C,1,15900,4300,11100,100,33656,14
two,nearly_sorted,random,1000,MC-A,1,4700,3300,1300,0,25576,10
two,nearly_sorted,random,1000,MC-A-detect,2,4200,2900,1200,0,25576,10
two,nearly_sorted,random,1000,MCC-A,2,12700,4200,8100,200,33656,13
two,nearly_sorted,random,1000,MCC-B,2,16000,4200,11300,200,33656,13
two,nearly_sorted,random,1000,MCC-C,2,15700,4200,11000,100,33656,14
two,nearly_sorted,random,1000,MC-A,2,4600,3100,1200,0,25576,10
two,nearly_sorted,random,1000,MC-C,2,7800,3100,4500,0,41960,19
two,nearly_sorted,random,1000,MC-B,2,5700,3700,1900,0,9192,10
two,shuffled,random,1000,MCC-C,0,28600,17100,11100,100,33656,14
two,shuffled,random,1000,MC-B,0,28000,25700,2100,0,9192,10
two,shuffled,random,1000,MC-A,0,18200,16800,1200,0,25576,10
two,shuffled,random,1000,MC-C,0,21200,16200,4800,0,41960,19
two,shuffled,random,1000,MC-A-detect,0,17500,16000,1200,0,25576,10
two,shuffled,random,1000,MCC-B,0,29700,17700,11500,100,33656,13
two,shuffled,random,1000,MCC-A,0,26000,17200,8300,100,33656,13
two,shuffled,random,1000,MCC-B,1,29000,17200,11200,100,33656,13
two,shuffled,random,1000,MC-A-detect,1,17400,16000,1200,0,25576,10
two,shuffled,random,1000,MC-B,1,25700,23500,2000,0,9192,10
two,shuffled,random,1000,MCC-C,1,32700,20900,11200,100,33656,14
two,shuffled,random,1000,MCC-A,1,25900,17200,8200,100,33656,13
two,shuffled,random,1000,MC-A,1,17600,16100,1300,0,25576,10
two,shuffled,random,1000,MC-C,1,20900,15800,4700,0,41960,19
two,shuffled,random,1000,MCC-C,2,28800,17200,11200,100,33656,14
two,shuffled,random,1000,MC-A,2,17200,15700,1200,0,25576,10
two,shuffled,random,1000,MCC-B,2,28900,17100,11300,100,33656,13
two,shuffled,random,1000,MCC-A,2,25700,17000,8200,200,33656,13
two,shuffled,random,1000,MC-C,2,20800,15800,4800,0,41960,19
two,shuffled,random,1000,MC-B,2,25200,23000,1900,0,9192,10
two,shuffled,random,1000,MC-A-detect,2,17400,15900,1200,0,25576,10
disjoint,sorted,random,1000,MCC-A,0,3600,3400,0,0,16296,9
disjoint,sorted,random,1000,MC-B,0,3200,2800,400,0,5096,9
disjoint,sorted,random,1000,MC-A,0,3000,2500,300,0,13288,9
disjoint,sorted,random,1000,MC-A-detect,0,2700,2300,200,0,13288,9
disjoint,sorted,random,1000,MCC-C,0,3600,3400,0,0,16296,9
disjoint,sorted,random,1000,MC-C,0,3000,2300,400,0,13352,10
disjoint,sorted,random,1000,MCC-B,0,3500,3300,0,0,16296,9
disjoint,sorted,random,1000,MC-A,1,2800,2400,200,0,13288,9
disjoint,sorted,random,1000,MCC-C,1,3500,3300,0,0,16296,9
disjoint,sorted,random,1000,MC-C,1,2900,2500,300,0,13352,10
disjoint,sorted,random,1000,MCC-B,1,3500,3300,0,0,16296,9
disjoint,sorted,random,1000,MC-B,1,2900,2600,300,0,5096,9
disjoint,sorted,random,1000,MCC-A,1,3500,3300,0,0,16296,9
disjoint,sorted,random,1000,MC-A-detect,1,2700,2300,300,0,13288,9
disjoint,sorted,random,1000,MC-C,2,2900,2300,300,0,13352,10
disjoint,sorted,random,1000,MC-A-detect,2,2600,2200,200,0,13288,9
disjoint,sorted,random,1000,MCC-B,2,3500,3300,0,0,16296,9
disjoint,sorted,random,1000,MC-A,2,2800,2400,300,0,13288,9
disjoint,sorted,random,1000,MCC-C,2,3500,3300,0,0,16296,9
disjoint,sorted,random,1000,MCC-A,2,3900,3600,0,0,16296,9
disjoint,sorted,random,1000,MC-B,2,2900,2400,200,0,5096,9
disjoint,nearly_sorted,random,1000,MC-C,0,8300,7800,300,0,13352,10
disjoint,nearly_sorted,random,1000,MCC-B,0,8900,8800,0,0,16296,9
disjoint,nearly_sorted,random,1000,MC-A,0,8000,7600,300,0,13288,9
disjoint,nearly_sorted,random,1000,MCC-C,0,8900,8600,0,0,16296,9
disjoint,nearly_sorted,random,1000,MC-A-detect,0,8200,7700,200,0,13288,9
disjoint,nearly_sorted,random,1000,MC-B,0,11500,11100,200,0,5096,9
disjoint,nearly_sorted,random,1000,MCC-A,0,9000,8700,0,0,16296,9
disjoint,nearly_sorted,random,1000,MCC-A,1,8900,8600,0,0,16296,9
disjoint,nearly_sorted,random,1000,MC-A,1,8000,7600,200,0,13288,9
disjoint,nearly_sorted,random,1000,MC-C,1,8200,7600,400,0,13352,10
disjoint,nearly_sorted,random,1000,MC-B,1,11100,10800,300,0,5096,9
disjoint,nearly_sorted,random,1000,MCC-C,1,8800,8600,0,0,16296,9
disjoint,nearly_sorted,random,1000,MCC-B,1,8900,8600,0,0,16296,9
disjoint,nearly_sorted,random,1000,MC-A-detect,1,8200,7800,200,0,13288,9
disjoint,nearly_sorted,random,1000,MCC-A,2,8800,8600,0,0,16296,9
disjoint,nearly_sorted,random,1000,MCC-B,2,8800,8600,0,0,16296,9
disjoint,nearly_sorted,random,1000,MCC-C,2,8800,8600,0,0,16296,9
disjoint,nearly_sorted,random,1000,MC-A-detect,2,8100,7700,300,0,13288,9
disjoint,nearly_sorted,random,1000,MC-B,2,11000,10700,300,0,5096,9
disjoint,nearly_sorted,random,1000,MC-C,2,8100,7600,300,0,13352,10
disjoint,nearly_sorted,random,1000,MC-A,2,8000,7600,200,0,13288,9
disjoint,shuffled,random,1000,MC-A-detect,0,10600,10200,300,0,13288,9
disjoint,shuffled,random,1000,MC-A,0,15500,14900,300,0,13288,9
disjoint,shuffled,random,1000,MC-C,0,9400,8900,300,0,13352,10
disjoint,shuffled,random,1000,MCC-B,0,16200,16000,0,0,16296,9
disjoint,shuffled,random,1000,MC-B,0,17700,17300,300,0,5096,9
disjoint,shuffled,random,1000,MCC-A,0,12700,12400,0,0,16296,9
disjoint,shuffled,random,1000,MCC-C,0,10300,10100,0,0,16296,9
disjoint,shuffled,random,1000,MCC-A,1,10000,9800,0,0,16296,9
disjoint,shuffled,random,1000,MC-A,1,9700,9200,200,0,13288,9
disjoint,shuffled,random,1000,MC-B,1,15000,14600,300,0,5096,9
disjoint,shuffled,random,1000,MC-C,1,9700,9100,400,0,13352,10
disjoint,shuffled,random,1000,MC-A-detect,1,9200,8800,300,0,13288,9
disjoint,shuffled,random,1000,MCC-C,1,10200,10000,0,0,16296,9
disjoint,shuffled,random,1000,MCC-B,1,9900,9700,0,0,16296,9
disjoint,shuffled,random,1000,MC-A-detect,2,9100,8700,300,0,13288,9
disjoint,shuffled,random,1000,MC-C,2,9200,8700,300,0,13352,10
disjoint,shuffled,random,1000,MC-B,2,13800,13300,300,0,5096,9
disjoint,shuffled,random,1000,MCC-B,2,10200,10000,0,0,16296,9
disjoint,shuffled,random,1000,MCC-A,2,9900,9800,0,0,16296,9
disjoint,shuffled,random,1000,MC-A,2,9200,8700,200,0,13288,9
disjoint,shuffled,random,1000,MCC-C,2,10000,9700,0,0,16296,9
chain,sorted,random,1000,MCC-C,0,68200,5600,52400,2300,104752,14
chain,sorted,random,1000,MC-C,0,9500,3500,5700,0,25640,11
chain,sorted,random,1000,MC-A-detect,0,4800,3000,1700,0,25576,10
chain,sorted,random,1000,MCC-B,0,107900,4500,98800,2300,154912,13
chain,sorted,random,1000,MCC-A,0,74400,4900,57500,2200,104704,13
chain,sorted,random,1000,MC-A,0,5500,3700,1700,0,25576,10
chain,sorted,random,1000,MC-B,0,6500,3700,2700,0,9192,10
chain,sorted,random,1000,MCC-C,1,66900,5000,51100,2400,104752,14
chain,sorted,random,1000,MC-B,1,6200,3700,2400,0,9192,10
chain,sorted,random,1000,MC-C,1,9100,3500,5500,0,25640,11
chain,sorted,random,1000,MCC-B,1,98300,5100,88700,2200,154912,13
chain,sorted,random,1000,MC-A,1,5400,3500,1700,0,25576,10
chain,sorted,random,1000,MC-A-detect,1,4800,2900,1700,0,25576,10
chain,sorted,random,1000,MCC-A,1,78100,4600,62000,2300,104704,13
chain,sorted,random,1000,MC-A-detect,2,4900,3000,1700,0,25576,10
chain,sorted,random,1000,MCC-B,2,98400,4500,89500,2200,154912,13
chain,sorted,random,1000,MC-A,2,5100,3300,1700,0,25576,10
chain,sorted,random,1000,MCC-A,2,69700,4500,54000,2200,104704,13
chain,sorted,random,1000,MC-C,2,9000,3300,5400,0,25640,11
chain,sorted,random,1000,MC-B,2,6100,3600,2400,0,9192,10
chain,sorted,random,1000,MCC-C,2,61800,4500,48000,2200,104752,14
chain,nearly_sorted,random,1000,MCC-A,0,80300,16100,56200,2200,104704,13
chain,nearly_sorted,random,1000,MC-B,0,26000,23300,2400,0,9192,10
chain,nearly_sorted,random,1000,MCC-B,0,109400,16900,88100,2100,154912,13
chain,nearly_sorted,random,1000,MC-A,0,17200,15300,1700,0,25576,10
chain,nearly_sorted,random,1000,MCC-C,0,87900,17600,55300,2400,104752,14
chain,nearly_sorted,random,1000,MC-A-detect,0,17900,16000,1700,0,25576,10
chain,nearly_sorted,random,1000,MC-C,0,20600,14900,5500,0,25640,11
chain,nearly_sorted,random,1000,MC-A-detect,1,16400,14600,1600,0,25576,10
chain,nearly_sorted,random,1000,MC-A,1,16500,14700,1600,0,25576,10
chain,nearly_sorted,random,1000,MCC-C,1,72800,16400,46900,2100,104752,14
chain,nearly_sorted,random,1000,MC-B,1,24500,21800,2400,0,9192,10
chain,nearly_sorted,random,1000,MCC-B,1,109400,17600,87300,2300,154912,13
chain,nearly_sorted,random,1000,MC-C,1,20600,14800,5400,0,25640,11
chain,nearly_sorted,random,1000,MCC-A,1,82900,16200,54100,2800,104704,13
chain,nearly_sorted,random,1000,MC-C,2,20300,14600,5400,0,25640,11
chain,nearly_sorted,random,1000,MC-A,2,16500,14700,1600,0,25576,10
chain,nearly_sorted,random,1000,MC-B,2,23500,21000,2300,0,9192,10
chain,nearly_sorted,random,1000,MCC-A,2,76400,16200,51700,2200,104704,13
chain,nearly_sorted,random,1000,MCC-B,2,115400,16200,94800,2200,154912,13
chain,nearly_sorted,random,1000,MCC-C,2,83300,16100,53500,2200,104752,14
chain,nearly_sorted,random,1000,MC-A-detect,2,17500,15700,1700,0,25576,10
chain,shuffled,random,1000,MCC-A,0,79700,19400,51800,2700,104704,13
chain,shuffled,random,1000,MC-A-detect,0,21500,19700,1700,0,25576,10
chain,shuffled,random,1000,MC-B,0,31800,29100,2600,0,9192,10
chain,shuffled,random,1000,MC-A,0,21200,19200,1700,0,25576,10
chain,shuffled,random,1000,MCC-C,0,74300,21100,43100,2700,104752,14
chain,shuffled,random,1000,MC-C,0,24000,18300,5500,0,25640,11
chain,shuffled,random,1000,MCC-B,0,108000,19600,84000,2300,154912,13
chain,shuffled,random,1000,MC-A,1,19900,17900,1700,0,25576,10
chain,shuffled,random,1000,MCC-C,1,73800,19300,42400,2700,104752,14
chain,shuffled,random,1000,MC-A-detect,1,19500,17500,1700,0,25576,10
chain,shuffled,random,1000,MC-B,1,29600,27000,2600,0,9192,10
chain,shuffled,random,1000,MCC-A,1,81700,19600,52900,2700,104704,13
chain,shuffled,random,1000,MCC-B,1,106500,19100,82500,2800,154912,13
chain,shuffled,random,1000,MC-C,1,23500,17800,5500,0,25640,11
chain,shuffled,random,1000,MCC-A,2,84100,19100,53900,2200,104704,13
chain,shuffled,random,1000,MC-B,2,28500,25400,3000,0,9192,10
chain,shuffled,random,1000,MCC-B,2,108700,19600,84200,2800,154912,13
chain,shuffled,random,1000,MC-C,2,28700,17900,10500,0,25640,11
chain,shuffled,random,1000,MCC-C,2,72900,19200,42200,2700,104752,14
chain,shuffled,random,1000,MC-A,2,19400,17600,1700,0,25576,10
chain,shuffled,random,1000,MC-A-detect,2,19100,17300,1700,0,25576,10
dense,sorted,equal,1000,MCC-B,0,147300,6200,138600,200,148936,13
dense,sorted,equal,1000,MC-A-detect,0,4200,3200,900,0,25576,10
dense,sorted,equal,1000,MC-B,0,5500,3900,1500,0,9192,10
dense,sorted,equal,1000,MC-C,0,13400,3200,9900,0,41960,19
dense,sorted,equal,1000,MC-A,0,4200,3200,800,0,25576,10
dense,sorted,equal,1000,MCC-C,0,1485900,4500,1470000,200,86824,14
dense,sorted,equal,1000,MCC-A,0,70500,7200,55900,100,86776,13
dense,sorted,equal,1000,MC-B,1,5400,3800,1600,0,9192,10
dense,sorted,equal,1000,MCC-A,1,68000,6200,54900,200,86776,13
dense,sorted,equal,1000,MC-C,1,13000,3700,9100,0,41960,19
dense,sorted,equal,1000,MCC-C,1,1499200,11000,1480100,200,86824,14
dense,sorted,equal,1000,MCC-B,1,139800,5900,131700,200,148936,13
dense,sorted,equal,1000,MC-A-detect,1,3900,3000,700,0,25576,10
dense,sorted,equal,1000,MC-A,1,4100,3100,700,0,25576,10
dense,sorted,equal,1000,MC-A-detect,2,3600,2700,700,0,25576,10
dense,sorted,equal,1000,MCC-C,2,1477100,4300,1460700,300,86824,14
dense,sorted,equal,1000,MCC-A,2,69600,6800,55600,200,86776,13
dense,sorted,equal,1000,MCC-B,2,148200,6100,139800,200,148936,13
dense,sorted,equal,1000,MC-B,2,6100,4400,1500,0,9192,10
dense,sorted,equal,1000,MC-C,2,12600,3300,9100,0,41960,19
dense,sorted,equal,1000,MC-A,2,4200,3300,800,0,25576,10
dense,nearly_sorted,equal,1000,MC-B,0,25600,23800,1600,0,9192,10
dense,nearly_sorted,equal,1000,MCC-A,0,81200,18100,55800,200,86776,13
dense,nearly_sorted,equal,1000,MCC-C,0,1501600,17300,1475200,300,86824,14
dense,nearly_sorted,equal,1000,MC-A,0,17100,16000,900,0,25576,10
dense,nearly_sorted,equal,1000,MCC-B,0,155700,17900,135400,300,148936,13
dense,nearly_sorted,equal,1000,MC-C,0,25600,15900,9500,0,41960,19
dense,nearly_sorted,equal,1000,MC-A-detect,0,16200,15200,800,0,25576,10
dense,nearly_sorted,equal,1000,MCC-B,1,153600,16800,134400,200,148936,13
dense,nearly_sorted,equal,1000,MC-C,1,25100,15500,9400,0,41960,19
dense,nearly_sorted,equal,1000,MCC-C,1,1519500,16700,1489600,300,86824,14
dense,nearly_sorted,equal,1000,MCC-A,1,82400,18900,55400,200,86776,13
dense,nearly_sorted,equal,1000,MC-A,1,16500,15400,900,0,25576,10
dense,nearly_sorted,equal,1000,MC-A-detect,1,16000,15000,800,0,25576,10
dense,nearly_sorted,equal,1000,MC-B,1,25500,23800,1600,0,9192,10
dense,nearly_sorted,equal,1000,MC-A,2,15900,14900,800,0,25576,10
dense,nearly_sorted,equal,1000,MCC-C,2,1499400,17500,1472200,200,86824,14
dense,nearly_sorted,equal,1000,MC-C,2,24600,15100,9300,0,41960,19
dense,nearly_sorted,equal,1000,MCC-A,2,83200,17700,57900,200,86776,13
dense,nearly_sorted,equal,1000,MCC-B,2,155900,17700,135900,100,148936,13
dense,nearly_sorted,equal,1000,MC-B,2,24800,23000,1600,0,9192,10
dense,nearly_sorted,equal,1000,MC-A-detect,2,16900,15800,700,0,25576,10
dense,shuffled,equal,1000,MC-C,0,30100,20100,9900,0,41960,19
dense,shuffled,equal,1000,MCC-C,0,1505300,22900,1473400,200,86824,14
dense,shuffled,equal,1000,MC-A,0,19700,18500,900,0,25576,10
dense,shuffled,equal,1000,MCC-A,0,89300,21100,59400,200,86776,13
dense,shuffled,equal,1000,MC-B,0,31100,29200,1700,0,9192,10
dense,shuffled,equal,1000,MC-A-detect,0,19400,18300,900,0,25576,10
dense,shuffled,equal,1000,MCC-B,0,165900,22000,141600,200,148936,13
dense,shuffled,equal,1000,MC-C,1,29300,19300,9800,0,41960,19
dense,shuffled,equal,1000,MC-B,1,29300,27500,1600,0,9192,10
dense,shuffled,equal,1000,MC-A,1,19100,18000,900,0,25576,10
dense,shuffled,equal,1000,MCC-A,1,91000,21800,57400,100,86776,13
dense,shuffled,equal,1000,MC-A-detect,1,18600,17400,900,0,25576,10
dense,shuffled,equal,1000,MCC-C,1,1501400,21500,1471100,200,86824,14
dense,shuffled,equal,1000,MCC-B,1,164700,24000,138300,200,148936,13
dense,shuffled,equal,1000,MC-A-detect,2,20500,19400,800,0,25576,10
dense,shuffled,equal,1000,MC-C,2,26900,17100,9600,0,41960,19
dense,shuffled,equal,1000,MC-A,2,17800,16800,900,0,25576,10
dense,shuffled,equal,1000,MC-B,2,29100,27300,1500,0,9192,10
dense,shuffled,equal,1000,MCC-C,2,1506200,21500,1471200,200,86824,14
dense,shuffled,equal,1000,MCC-A,2,85900,21200,56800,200,86776,13
dense,shuffled,equal,1000,MCC-B,2,162300,20300,139400,300,148936,13
dense,sorted,zero,1000,MC-B,0,6100,4400,1600,0,9192,10
dense,sorted,zero,1000,MCC-A,0,75400,7000,60700,100,86776,13
dense,sorted,zero,1000,MC-C,0,12900,3700,8900,0,41960,19
dense,sorted,zero,1000,MCC-C,0,1506200,5800,1490700,200,86824,14
dense,sorted,zero,1000,MCC-B,0,160000,6900,150800,300,148936,13
dense,sorted,zero,1000,MC-A-detect,0,4100,3100,700,0,25576,10
dense,sorted,zero,1000,MC-A,0,4200,3300,800,0,25576,10
dense,sorted,zero,1000,MCC-B,1,145100,4500,138100,200,148936,13
dense,sorted,zero,1000,MCC-C,1,1523700,4700,1506600,400,86824,14
dense,sorted,zero,1000,MC-B,1,5900,4100,1500,0,9192,10
dense,sorted,zero,1000,MCC-A,1,74800,7000,60700,200,86776,13
dense,sorted,zero,1000,MC-C,1,14200,4600,9500,0,41960,19
dense,sorted,zero,1000,MC-A-detect,1,3900,2900,700,0,25576,10
dense,sorted,zero,1000,MC-A,1,4100,3100,700,0,25576,10
dense,sorted,zero,1000,MCC-B,2,158400,6000,149700,200,148936,13
dense,sorted,zero,1000,MC-A-detect,2,4100,3200,700,0,25576,10
dense,sorted,zero,1000,MC-B,2,5600,3900,1500,0,9192,10
dense,sorted,zero,1000,MCC-C,2,1516200,4700,1499400,300,86824,14
dense,sorted,zero,1000,MCC-A,2,74500,6900,60000,200,86776,13
dense,sorted,zero,1000,MC-C,2,12800,3400,9300,0,41960,19
dense,sorted,zero,1000,MC-A,2,4300,3300,800,0,25576,10
dense,nearly_sorted,zero,1000,MC-C,0,25000,16200,8500,0,41960,19
dense,nearly_sorted,zero,1000,MC-A-detect,0,16600,15400,800,0,25576,10
dense,nearly_sorted,zero,1000,MCC-A,0,87100,19000,60100,100,86776,13
dense,nearly_sorted,zero,1000,MC-A,0,16300,15300,800,0,25576,10
dense,nearly_sorted,zero,1000,MCC-B,0,174100,18100,153600,300,148936,13
dense,nearly_sorted,zero,1000,MC-B,0,30700,28800,1700,0,9192,10
dense,nearly_sorted,zero,1000,MCC-C,0,1524200,17500,1492700,300,86824,14
dense,nearly_sorted,zero,1000,MCC-C,1,1533500,22900,1501800,300,86824,14
dense,nearly_sorted,zero,1000,MCC-B,1,182100,23800,155800,300,148936,13
dense,nearly_sorted,zero,1000,MCC-A,1,99900,17400,71400,200,86776,13
dense,nearly_sorted,zero,1000,MC-B,1,25500,23700,1500,0,9192,10
dense,nearly_sorted,zero,1000,MC-A,1,17600,16600,900,0,25576,10
dense,nearly_sorted,zero,1000,MC-C,1,24800,15200,9400,0,41960,19
dense,nearly_sorted,zero,1000,MC-A-detect,1,16100,15100,800,0,25576,10
dense,nearly_sorted,zero,1000,MCC-C,2,1539300,18500,1510800,300,86824,14
dense,nearly_sorted,zero,1000,MC-A-detect,2,17700,16600,800,0,25576,10
dense,nearly_sorted,zero,1000,MC-A,2,16300,15400,800,0,25576,10
dense,nearly_sorted,zero,1000,MCC-A,2,101600,19700,74500,200,86776,13
dense,nearly_sorted,zero,1000,MC-C,2,33400,21200,11900,0,41960,19
dense,nearly_sorted,zero,1000,MCC-B,2,185300,24800,157700,200,148936,13
dense,nearly_sorted,zero,1000,MC-B,2,25800,24000,1500,0,9192,10
dense,shuffled,zero,1000,MC-B,0,31100,29000,1900,0,9192,10
dense,shuffled,zero,1000,MC-C,0,30400,20600,9700,0,41960,19
dense,shuffled,zero,1000,MC-A-detect,0,20800,19700,1000,0,25576,10
dense,shuffled,zero,1000,MCC-A,0,93200,24800,60500,200,86776,13
dense,shuffled,zero,1000,MCC-C,0,1552400,21900,1520600,300,86824,14
dense,shuffled,zero,1000,MC-A,0,21700,20600,900,0,25576,10
dense,shuffled,zero,1000,MCC-B,0,191000,25000,163100,200,148936,13
dense,shuffled,zero,1000,MC-A-detect,1,21600,20400,900,0,25576,10
dense,shuffled,zero,1000,MCC-A,1,104200,23000,70300,200,86776,13
dense,shuffled,zero,1000,MC-B,1,30700,28700,1900,0,9192,10
dense,shuffled,zero,1000,MCC-C,1,1554100,27900,1514300,400,86824,14
dense,shuffled,zero,1000,MC-C,1,30900,20500,10300,0,41960,19
dense,shuffled,zero,1000,MCC-B,1,185600,24500,158800,300,148936,13
dense,shuffled,zero,1000,MC-A,1,22600,21200,1300,0,25576,10
dense,shuffled,zero,1000,MCC-A,2,106200,25400,69000,200,86776,13
dense,shuffled,zero,1000,MCC-C,2,1527500,24100,1494900,300,86824,14
dense,shuffled,zero,1000,MC-A-detect,2,21200,20100,1000,0,25576,10
dense,shuffled,zero,1000,MCC-B,2,185700,31800,151200,300,148936,13
dense,shuffled,zero,1000,MC-C,2,29600,20000,9500,0,41960,19
dense,shuffled,zero,1000,MC-B,2,30500,28500,1900,0,9192,10
dense,shuffled,zero,1000,MC-A,2,19700,18600,1000,0,25576,10
dense,sorted,random,1000,MC-A,0,4600,3500,700,0,25576,10
dense,sorted,random,1000,MCC-C,0,1570600,6600,1555600,300,86824,14
dense,sorted,random,1000,MCC-B,0,179000,6600,169900,200,148936,13
dense,sorted,random,1000,MC-C,0,12900,3600,9100,0,41960,19
dense,sorted,random,1000,MCC-A,0,82000,4600,66700,200,86776,13
dense,sorted,random,1000,MC-A-detect,0,6100,4700,1100,0,25576,10
dense,sorted,random,1000,MC-B,0,8200,5800,2200,0,9192,10
dense,sorted,random,1000,MCC-A,1,84000,6700,69800,200,86776,13
dense,sorted,random,1000,MC-A-detect,1,11000,9900,800,0,25576,10
dense,sorted,random,1000,MC-A,1,4200,3300,800,0,25576,10
dense,sorted,random,1000,MCC-B,1,167800,5900,159600,200,148936,13
dense,sorted,random,1000,MC-B,1,5700,3800,1600,0,9192,10
dense,sorted,random,1000,MC-C,1,12400,3300,8900,0,41960,19
dense,sorted,random,1000,MCC-C,1,1572900,4500,1567400,300,86824,14
dense,sorted,random,1000,MC-A,2,4500,3600,800,0,25576,10
dense,sorted,random,1000,MC-C,2,12000,3200,8600,0,41960,19
dense,sorted,random,1000,MC-A-detect,2,3800,2900,800,0,25576,10
dense,sorted,random,1000,MC-B,2,5500,3700,1600,0,9192,10
dense,sorted,random,1000,MCC-A,2,56600,4500,51500,100,86776,13
dense,sorted,random,1000,MCC-B,2,174000,4500,166500,300,148936,13
dense,sorted,random,1000,MCC-C,2,1571500,4800,1554000,300,86824,14
dense,nearly_sorted,random,1000,MCC-B,0,180600,18100,159600,300,148936,13
dense,nearly_sorted,random,1000,MC-A,0,17600,16500,800,0,25576,10
dense,nearly_sorted,random,1000,MCC-C,0,1586500,17200,1568400,400,86824,14
dense,nearly_sorted,random,1000,MC-C,0,26400,16700,9500,0,41960,19
dense,nearly_sorted,random,1000,MCC-A,0,96600,24600,57800,300,86776,13
dense,nearly_sorted,random,1000,MC-B,0,26200,24500,1600,0,9192,10
dense,nearly_sorted,random,1000,MC-A-detect,0,28400,27200,800,0,25576,10
dense,nearly_sorted,random,1000,MC-C,1,24600,15600,8800,0,41960,19
dense,nearly_sorted,random,1000,MC-B,1,23500,21800,1600,0,9192,10
dense,nearly_sorted,random,1000,MC-A-detect,1,16100,15000,800,0,25576,10
dense,nearly_sorted,random,1000,MC-A,1,16000,15000,800,0,25576,10
dense,nearly_sorted,random,1000,MCC-C,1,1583900,18700,1554900,200,86824,14
dense,nearly_sorted,random,1000,MCC-A,1,92600,27000,65100,200,86776,13
dense,nearly_sorted,random,1000,MCC-B,1,189800,16900,170400,200,148936,13
dense,nearly_sorted,random,1000,MC-B,2,25100,23400,1600,0,9192,10
dense,nearly_sorted,random,1000,MC-A,2,17000,16000,800,0,25576,10
dense,nearly_sorted,random,1000,MC-A-detect,2,16200,15300,800,0,25576,10
dense,nearly_sorted,random,1000,MC-C,2,24100,14800,9000,0,41960,19
dense,nearly_sorted,random,1000,MCC-B,2,172900,17100,153100,200,148936,13
dense,nearly_sorted,random,1000,MCC-A,2,98100,17200,68000,200,86776,13
dense,nearly_sorted,random,1000,MCC-C,2,1579000,25400,1553000,200,86824,14
dense,shuffled,random,1000,MC-C,0,30300,20100,9900,0,41960,19
dense,shuffled,random,1000,MC-A,0,18700,17600,1000,0,25576,10
dense,shuffled,random,1000,MCC-B,0,191100,27800,161000,200,148936,13
dense,shuffled,random,1000,MC-B,0,30700,28600,1800,0,9192,10
dense,shuffled,random,1000,MCC-A,0,99300,22400,66400,200,86776,13
dense,shuffled,random,1000,MC-A-detect,0,20800,19800,900,0,25576,10
dense,shuffled,random,1000,MCC-C,0,1579000,22700,1555700,300,86824,14
dense,shuffled,random,1000,MC-A-detect,1,20200,19200,900,0,25576,10
dense,shuffled,random,1000,MCC-B,1,186700,21400,162900,300,148936,13
dense,shuffled,random,1000,MC-C,1,28700,18900,9500,0,41960,19
dense,shuffled,random,1000,MC-B,1,29100,27200,1800,0,9192,10
dense,shuffled,random,1000,MCC-C,1,1563900,21400,1541500,500,86824,14
dense,shuffled,random,1000,MC-A,1,21100,20100,900,0,25576,10
dense,shuffled,random,1000,MCC-A,1,87200,21300,52500,200,86776,13
dense,shuffled,random,1000,MC-B,2,29400,27300,1800,0,9192,10
dense,shuffled,random,1000,MC-A,2,28500,27400,900,0,25576,10
dense,shuffled,random,1000,MCC-A,2,88700,22500,65500,300,86776,13
dense,shuffled,random,1000,MCC-B,2,184400,21000,160900,300,148936,13
dense,shuffled,random,1000,MC-A-detect,2,20700,19600,900,0,25576,10
dense,shuffled,random,1000,MC-C,2,26900,17000,9800,0,41960,19
dense,shuffled,random,1000,MCC-C,2,1589700,21300,1555000,300,86824,14
dense,sorted,skewed,1000,MCC-A,0,70400,6700,55100,200,86776,13
dense,sorted,skewed,1000,MCC-B,0,146900,12800,133500,200,148936,13
dense,sorted,skewed,1000,MC-C,0,16800,3600,12900,0,41960,19
dense,sorted,skewed,1000,MC-A-detect,0,4100,3200,800,0,25576,10
dense,sorted,skewed,1000,MC-B,0,5600,4000,1500,0,9192,10
dense,sorted,skewed,1000,MCC-C,0,1509800,4700,1482200,300,86824,14
dense,sorted,skewed,1000,MC-A,0,12800,11700,800,0,25576,10
dense,sorted,skewed,1000,MCC-B,1,143300,5900,134900,300,148936,13
dense,sorted,skewed,1000,MC-B,1,5700,4100,1500,0,9192,10
dense,sorted,skewed,1000,MCC-C,1,1505200,4800,1488300,300,86824,14
dense,sorted,skewed,1000,MCC-A,1,70900,6800,55600,200,86776,13
dense,sorted,skewed,1000,MC-A-detect,1,10700,9700,900,0,25576,10
dense,sorted,skewed,1000,MC-C,1,12600,3300,9100,0,41960,19
dense,sorted,skewed,1000,MC-A,1,4200,3300,800,0,25576,10
dense,sorted,skewed,1000,MCC-C,2,1490000,6400,1482700,300,86824,14
dense,sorted,skewed,1000,MCC-A,2,57200,4900,42300,200,86776,13
dense,sorted,skewed,1000,MC-B,2,5900,4200,1600,0,9192,10
dense,sorted,skewed,1000,MCC-B,2,152600,6400,143900,200,148936,13
dense,sorted,skewed,1000,MC-A-detect,2,4300,3300,800,0,25576,10
dense,sorted,skewed,1000,MC-C,2,12200,3200,8800,0,41960,19
dense,sorted,skewed,1000,MC-A,2,4200,3300,800,0,25576,10
dense,nearly_sorted,skewed,1000,MC-B,0,25600,23800,1700,0,9192,10
dense,nearly_sorted,skewed,1000,MCC-C,0,1521400,26300,1486400,300,86824,14
dense,nearly_sorted,skewed,1000,MC-C,0,32900,23700,9000,0,41960,19
dense,nearly_sorted,skewed,1000,MC-A,0,18000,15800,900,0,25576,10
dense,nearly_sorted,skewed,1000,MCC-B,0,164300,18100,143400,300,148936,13
dense,nearly_sorted,skewed,1000,MCC-A,0,77800,16800,60300,200,86776,13
dense,nearly_sorted,skewed,1000,MC-A-detect,0,16600,15700,800,0,25576,10
dense,nearly_sorted,skewed,1000,MC-A,1,15800,14800,800,0,25576,10
dense,nearly_sorted,skewed,1000,MC-B,1,24800,23000,1500,0,9192,10
dense,nearly_sorted,skewed,1000,MCC-B,1,151600,16100,133000,200,148936,13
dense,nearly_sorted,skewed,1000,MC-A-detect,1,16600,15700,800,0,25576,10
dense,nearly_sorted,skewed,1000,MCC-C,1,1505300,16400,1477600,300,86824,14
dense,nearly_sorted,skewed,1000,MCC-A,1,81700,18500,55800,200,86776,13
dense,nearly_sorted,skewed,1000,MC-C,1,31400,22600,8600,0,41960,19
dense,nearly_sorted,skewed,1000,MC-C,2,23900,15000,8700,0,41960,19
dense,nearly_sorted,skewed,1000,MC-A-detect,2,19800,18600,900,0,25576,10
dense,nearly_sorted,skewed,1000,MC-A,2,16200,15200,800,0,25576,10
dense,nearly_sorted,skewed,1000,MCC-A,2,81100,18300,54900,200,86776,13
dense,nearly_sorted,skewed,1000,MCC-C,2,1501300,17400,1475200,300,86824,14
dense,nearly_sorted,skewed,1000,MC-B,2,25400,23600,1600,0,9192,10
dense,nearly_sorted,skewed,1000,MCC-B,2,165500,25200,137800,200,148936,13
dense,shuffled,skewed,1000,MC-C,0,30700,21000,9500,0,41960,19
dense,shuffled,skewed,1000,MCC-B,0,172000,22700,145600,200,148936,13
dense,shuffled,skewed,1000,MC-A-detect,0,21100,20000,900,0,25576,10
dense,shuffled,skewed,1000,MC-B,0,31400,29400,1800,0,9192,10
dense,shuffled,skewed,1000,MCC-C,0,1516500,22400,1493200,300,86824,14
dense,shuffled,skewed,1000,MC-A,0,20500,19300,900,0,25576,10
dense,shuffled,skewed,1000,MCC-A,0,79800,21200,43400,100,86776,13
dense,shuffled,skewed,1000,MC-A,1,32100,30700,1100,0,25576,10
dense,shuffled,skewed,1000,MC-B,1,28800,26700,1900,0,9192,10
dense,shuffled,skewed,1000,MCC-C,1,1518700,22100,1495700,400,86824,14
dense,shuffled,skewed,1000,MCC-B,1,173400,20100,150800,300,148936,13
dense,shuffled,skewed,1000,MC-C,1,30300,19800,10100,0,41960,19
dense,shuffled,skewed,1000,MC-A-detect,1,18600,17500,1000,0,25576,10
dense,shuffled,skewed,1000,MCC-A,1,93800,21400,60600,200,86776,13
dense,shuffled,skewed,1000,MCC-A,2,91200,21100,60200,200,86776,13
dense,shuffled,skewed,1000,MC-C,2,40100,30000,9800,0,41960,19
dense,shuffled,skewed,1000,MC-B,2,34000,31800,1900,0,9192,10
dense,shuffled,skewed,1000,MCC-B,2,170600,30600,139100,200,148936,13
dense,shuffled,skewed,1000,MC-A,2,20600,19600,900,0,25576,10
dense,shuffled,skewed,1000,MC-A-detect,2,17900,16900,900,0,25576,10
dense,shuffled,skewed,1000,MCC-C,2,1530900,21200,1508900,300,86824,14
dense,sorted,different_duplicates,1000,MC-A-detect,0,4300,3200,800,0,25576,10
dense,sorted,different_duplicates,1000,MC-B,0,6000,4000,1900,0,9192,10
dense,sorted,different_duplicates,1000,MCC-A,0,66200,5000,47700,200,86776,13
dense,sorted,different_duplicates,1000,MC-A,0,4700,3800,700,0,25576,10
dense,sorted,different_duplicates,1000,MCC-B,0,156100,6500,149000,200,148936,13
dense,sorted,different_duplicates,1000,MCC-C,0,1514000,4700,1486600,400,86824,14
dense,sorted,different_duplicates,1000,MC-C,0,13300,3900,9200,0,41960,19
dense,sorted,different_duplicates,1000,MC-C,1,12600,3200,9200,0,41960,19
dense,sorted,different_duplicates,1000,MC-B,1,5600,3700,1700,0,9192,10
dense,sorted,different_duplicates,1000,MCC-C,1,1492100,6600,1484600,300,86824,14
dense,sorted,different_duplicates,1000,MC-A,1,4600,3500,800,0,25576,10
dense,sorted,different_duplicates,1000,MCC-A,1,62500,4500,47600,100,86776,13
dense,sorted,different_duplicates,1000,MCC-B,1,165300,13900,150600,100,148936,13
dense,sorted,different_duplicates,1000,MC-A-detect,1,4100,3200,800,0,25576,10
dense,sorted,different_duplicates,1000,MCC-A,2,97500,4500,68100,300,86776,13
dense,sorted,different_duplicates,1000,MC-A,2,18500,17300,1100,0,25576,10
dense,sorted,different_duplicates,1000,MCC-C,2,1515900,6400,1497500,400,86824,14
dense,sorted,different_duplicates,1000,MC-B,2,8900,6400,2300,0,9192,10
dense,sorted,different_duplicates,1000,MC-A-detect,2,5300,3900,1200,0,25576,10
dense,sorted,different_duplicates,1000,MCC-B,2,169100,7100,159500,200,148936,13
dense,sorted,different_duplicates,1000,MC-C,2,13600,3900,9500,0,41960,19
dense,nearly_sorted,different_duplicates,1000,MCC-A,0,103000,19100,75800,200,86776,13
dense,nearly_sorted,different_duplicates,1000,MC-B,0,26400,24700,1600,0,9192,10
dense,nearly_sorted,different_duplicates,1000,MC-C,0,36200,26900,9100,0,41960,19
dense,nearly_sorted,different_duplicates,1000,MC-A,0,16500,15500,900,0,25576,10
dense,nearly_sorted,different_duplicates,1000,MC-A-detect,0,16000,15000,800,0,25576,10
dense,nearly_sorted,different_duplicates,1000,MCC-C,0,1510700,18500,1481600,400,86824,14
dense,nearly_sorted,different_duplicates,1000,MCC-B,0,194000,29500,163800,200,148936,13
dense,nearly_sorted,different_duplicates,1000,MC-B,1,34400,32500,1800,0,9192,10
dense,nearly_sorted,different_duplicates,1000,MCC-A,1,87300,17700,69100,200,86776,13
dense,nearly_sorted,different_duplicates,1000,MCC-C,1,1512800,17100,1469500,400,86824,14
dense,nearly_sorted,different_duplicates,1000,MC-A,1,21100,20000,900,0,25576,10
dense,nearly_sorted,different_duplicates,1000,MC-C,1,25100,15400,9400,0,41960,19
dense,nearly_sorted,different_duplicates,1000,MC-A-detect,1,16600,15600,800,0,25576,10
dense,nearly_sorted,different_duplicates,1000,MCC-B,1,179400,22000,155100,300,148936,13
dense,nearly_sorted,different_duplicates,1000,MCC-A,2,80600,16900,63200,100,86776,13
dense,nearly_sorted,different_duplicates,1000,MC-A,2,16700,15700,700,0,25576,10
dense,nearly_sorted,different_duplicates,1000,MC-A-detect,2,16300,15200,700,0,25576,10
dense,nearly_sorted,different_duplicates,1000,MC-C,2,24500,14900,9400,0,41960,19
dense,nearly_sorted,different_duplicates,1000,MC-B,2,25600,23900,1500,0,9192,10
dense,nearly_sorted,different_duplicates,1000,MCC-C,2,1473100,21800,1450400,300,86824,14
dense,nearly_sorted,different_duplicates,1000,MCC-B,2,186900,17000,166300,200,148936,13
dense,shuffled,different_duplicates,1000,MC-B,0,32400,30400,2000,0,9192,10
dense,shuffled,different_duplicates,1000,MC-A-detect,0,31800,30600,900,0,25576,10
dense,shuffled,different_duplicates,1000,MCC-C,0,1501800,24400,1476400,400,86824,14
dense,shuffled,different_duplicates,1000,MC-A,0,20900,19700,900,0,25576,10
dense,shuffled,different_duplicates,1000,MCC-B,0,184900,20700,161700,200,148936,13
dense,shuffled,different_duplicates,1000,MC-C,0,30200,19800,10200,0,41960,19
dense,shuffled,different_duplicates,1000,MCC-A,0,93900,22500,60500,200,86776,13
dense,shuffled,different_duplicates,1000,MC-C,1,28400,18400,9700,0,41960,19
dense,shuffled,different_duplicates,1000,MCC-A,1,89100,22200,66200,300,86776,13
dense,shuffled,different_duplicates,1000,MCC-C,1,1477000,19900,1447700,300,86824,14
dense,shuffled,different_duplicates,1000,MC-B,1,30600,28500,1800,0,9192,10
dense,shuffled,different_duplicates,1000,MC-A-detect,1,26300,24400,1600,0,25576,10
dense,shuffled,different_duplicates,1000,MCC-B,1,174400,23800,148200,300,148936,13
dense,shuffled,different_duplicates,1000,MC-A,1,20600,19500,900,0,25576,10
dense,shuffled,different_duplicates,1000,MC-C,2,27500,17000,10300,0,41960,19
dense,shuffled,different_duplicates,1000,MCC-B,2,166800,21500,142600,300,148936,13
dense,shuffled,different_duplicates,1000,MC-A-detect,2,20300,19300,900,0,25576,10
dense,shuffled,different_duplicates,1000,MC-A,2,17900,16700,900,0,25576,10
dense,shuffled,different_duplicates,1000,MCC-C,2,1509000,22400,1473000,300,86824,14
dense,shuffled,different_duplicates,1000,MCC-A,2,91600,29700,61200,200,86776,13
dense,shuffled,different_duplicates,1000,MC-B,2,37300,34500,2500,0,9192,10
dense,sorted,expensive,1000,MCC-C,0,1500500,17800,1481700,500,86824,14
dense,sorted,expensive,1000,MCC-B,0,157700,6500,148500,300,148936,13
dense,sorted,expensive,1000,MC-C,0,15200,4500,10600,0,41960,19
dense,sorted,expensive,1000,MC-B,0,6900,5100,1500,0,9192,10
dense,sorted,expensive,1000,MCC-A,0,81200,5200,59300,200,86776,13
dense,sorted,expensive,1000,MC-A-detect,0,13300,12200,900,0,25576,10
dense,sorted,expensive,1000,MC-A,0,4300,3300,800,0,25576,10
dense,sorted,expensive,1000,MCC-C,1,1521400,5900,1500400,500,86824,14
dense,sorted,expensive,1000,MCC-A,1,77400,18900,57700,200,86776,13
dense,sorted,expensive,1000,MC-A-detect,1,4500,3300,900,0,25576,10
dense,sorted,expensive,1000,MC-A,1,4500,3600,700,0,25576,10
dense,sorted,expensive,1000,MC-C,1,14000,3400,10400,0,41960,19
dense,sorted,expensive,1000,MC-B,1,6200,4500,1500,0,9192,10
dense,sorted,expensive,1000,MCC-B,1,137500,4900,132000,100,148936,13
dense,sorted,expensive,1000,MCC-C,2,1514700,4600,1482200,500,86824,14
dense,sorted,expensive,1000,MCC-A,2,73800,7700,56100,200,86776,13
dense,sorted,expensive,1000,MC-B,2,6600,4900,1600,0,9192,10
dense,sorted,expensive,1000,MC-A-detect,2,11800,10700,800,0,25576,10
dense,sorted,expensive,1000,MC-C,2,13100,3600,9300,0,41960,19
dense,sorted,expensive,1000,MC-A,2,4400,3500,700,0,25576,10
dense,sorted,expensive,1000,MCC-B,2,154100,6000,144900,300,148936,13
dense,nearly_sorted,expensive,1000,MC-C,0,25700,16000,9400,0,41960,19
dense,nearly_sorted,expensive,1000,MCC-B,0,164400,16700,144400,200,148936,13
dense,nearly_sorted,expensive,1000,MCC-C,0,1509500,17200,1491400,300,86824,14
dense,nearly_sorted,expensive,1000,MC-A,0,18900,17800,800,0,25576,10
dense,nearly_sorted,expensive,1000,MC-B,0,25800,24000,1600,0,9192,10
dense,nearly_sorted,expensive,1000,MCC-A,0,72800,16500,42400,200,86776,13
dense,nearly_sorted,expensive,1000,MC-A-detect,0,16400,15400,800,0,25576,10
dense,nearly_sorted,expensive,1000,MC-B,1,24100,22300,1600,0,9192,10
dense,nearly_sorted,expensive,1000,MCC-A,1,84200,18600,55800,200,86776,13
dense,nearly_sorted,expensive,1000,MC-C,1,38000,28800,9100,0,41960,19
dense,nearly_sorted,expensive,1000,MCC-C,1,1513000,17600,1485500,500,86824,14
dense,nearly_sorted,expensive,1000,MCC-B,1,165600,19400,143600,200,148936,13
dense,nearly_sorted,expensive,1000,MC-A,1,17200,16000,800,0,25576,10
dense,nearly_sorted,expensive,1000,MC-A-detect,1,16300,15300,900,0,25576,10
dense,nearly_sorted,expensive,1000,MCC-C,2,1528500,16700,1494600,400,86824,14
dense,nearly_sorted,expensive,1000,MC-A-detect,2,25500,24300,800,0,25576,10
dense,nearly_sorted,expensive,1000,MC-A,2,16300,15300,800,0,25576,10
dense,nearly_sorted,expensive,1000,MC-B,2,30200,28200,1800,0,9192,10
dense,nearly_sorted,expensive,1000,MCC-A,2,93200,23000,59600,200,86776,13
dense,nearly_sorted,expensive,1000,MC-C,2,28300,17600,10600,0,41960,19
dense,nearly_sorted,expensive,1000,MCC-B,2,161100,19200,141200,200,148936,13
dense,shuffled,expensive,1000,MC-A,0,21700,20600,900,0,25576,10
dense,shuffled,expensive,1000,MC-B,0,31600,29600,1900,0,9192,10
dense,shuffled,expensive,1000,MCC-C,0,1533900,24600,1496000,300,86824,14
dense,shuffled,expensive,1000,MCC-B,0,175500,30300,144300,200,148936,13
dense,shuffled,expensive,1000,MC-C,0,32800,21700,10700,0,41960,19
dense,shuffled,expensive,1000,MC-A-detect,0,19500,18400,1000,0,25576,10
dense,shuffled,expensive,1000,MCC-A,0,86400,22000,63800,200,86776,13
dense,shuffled,expensive,1000,MC-A-detect,1,19000,17900,1000,0,25576,10
dense,shuffled,expensive,1000,MCC-B,1,139600,19800,116800,300,148936,13
dense,shuffled,expensive,1000,MCC-A,1,86800,21700,64600,100,86776,13
dense,shuffled,expensive,1000,MC-C,1,34800,24900,9600,0,41960,19
dense,shuffled,expensive,1000,MC-B,1,30200,28100,1900,0,9192,10
dense,shuffled,expensive,1000,MCC-C,1,1531000,21200,1492500,400,86824,14
dense,shuffled,expensive,1000,MC-A,1,20500,19300,900,0,25576,10
dense,shuffled,expensive,1000,MC-A,2,18500,17300,900,0,25576,10
dense,shuffled,expensive,1000,MCC-C,2,1529300,22100,1495000,400,86824,14
dense,shuffled,expensive,1000,MC-A-detect,2,23500,22200,1000,0,25576,10
dense,shuffled,expensive,1000,MCC-A,2,79500,22100,56900,200,86776,13
dense,shuffled,expensive,1000,MCC-B,2,186100,19100,164400,300,148936,13
dense,shuffled,expensive,1000,MC-B,2,29700,27700,1800,0,9192,10
dense,shuffled,expensive,1000,MC-C,2,29300,19800,9200,0,41960,19
dense,sorted,ties,1000,MC-B,0,6300,4300,1900,0,9192,10
dense,sorted,ties,1000,MCC-C,0,1493800,7400,1476200,400,86824,14
dense,sorted,ties,1000,MC-C,0,13600,4100,9300,0,41960,19
dense,sorted,ties,1000,MCC-B,0,145900,6700,138600,200,148936,13
dense,sorted,ties,1000,MC-A,0,4800,3700,800,0,25576,10
dense,sorted,ties,1000,MCC-A,0,83000,4600,59000,100,86776,13
dense,sorted,ties,1000,MC-A-detect,0,11900,10800,700,0,25576,10
dense,sorted,ties,1000,MC-C,1,13100,3600,9400,0,41960,19
dense,sorted,ties,1000,MCC-B,1,184400,6100,175500,300,148936,13
dense,sorted,ties,1000,MC-B,1,6300,4200,1900,0,9192,10
dense,sorted,ties,1000,MC-A,1,4700,3700,800,0,25576,10
dense,sorted,ties,1000,MCC-A,1,74300,5200,68600,200,86776,13
dense,sorted,ties,1000,MC-A-detect,1,4000,3100,700,0,25576,10
dense,sorted,ties,1000,MCC-C,1,1481400,4500,1462300,300,86824,14
dense,sorted,ties,1000,MCC-B,2,163400,15400,147200,200,148936,13
dense,sorted,ties,1000,MC-A-detect,2,4200,3200,800,0,25576,10
dense,sorted,ties,1000,MC-C,2,13100,3500,9300,0,41960,19
dense,sorted,ties,1000,MCC-A,2,71400,5600,65200,100,86776,13
dense,sorted,ties,1000,MCC-C,2,1488000,4400,1461400,300,86824,14
dense,sorted,ties,1000,MC-B,2,6100,4400,1500,0,9192,10
dense,sorted,ties,1000,MC-A,2,4600,3700,800,0,25576,10
dense,nearly_sorted,ties,1000,MCC-C,0,1504900,25400,1478500,500,86824,14
dense,nearly_sorted,ties,1000,MCC-B,0,183500,17700,163400,200,148936,13
dense,nearly_sorted,ties,1000,MC-C,0,26800,16600,10000,0,41960,19
dense,nearly_sorted,ties,1000,MC-B,0,25900,24200,1500,0,9192,10
dense,nearly_sorted,ties,1000,MCC-A,0,87500,17000,59800,200,86776,13
dense,nearly_sorted,ties,1000,MC-A-detect,0,29000,27900,900,0,25576,10
dense,nearly_sorted,ties,1000,MC-A,0,16200,15200,800,0,25576,10
dense,nearly_sorted,ties,1000,MC-C,1,24700,15000,9500,0,41960,19
dense,nearly_sorted,ties,1000,MCC-A,1,82700,18300,63900,200,86776,13
dense,nearly_sorted,ties,1000,MC-A-detect,1,16200,15300,800,0,25576,10
dense,nearly_sorted,ties,1000,MCC-B,1,186400,16200,167500,300,148936,13
dense,nearly_sorted,ties,1000,MC-A,1,16700,15700,800,0,25576,10
dense,nearly_sorted,ties,1000,MCC-C,1,1495100,16700,1466900,200,86824,14
dense,nearly_sorted,ties,1000,MC-B,1,25700,24000,1600,0,9192,10
dense,nearly_sorted,ties,1000,MC-A-detect,2,17100,16000,800,0,25576,10
dense,nearly_sorted,ties,1000,MCC-C,2,1505800,18700,1476900,200,86824,14
dense,nearly_sorted,ties,1000,MCC-A,2,85700,25900,59200,200,86776,13
dense,nearly_sorted,ties,1000,MC-C,2,25500,15600,9700,0,41960,19
dense,nearly_sorted,ties,1000,MC-A,2,15900,14900,800,0,25576,10
dense,nearly_sorted,ties,1000,MCC-B,2,161700,16200,144900,200,148936,13
dense,nearly_sorted,ties,1000,MC-B,2,25100,23400,1600,0,9192,10
dense,shuffled,ties,1000,MC-B,0,30800,28700,1900,0,9192,10
dense,shuffled,ties,1000,MC-C,0,29800,19700,9800,0,41960,19
dense,shuffled,ties,1000,MCC-C,0,1486100,22100,1451700,100,86824,14
dense,shuffled,ties,1000,MC-A,0,19400,18200,1000,0,25576,10
dense,shuffled,ties,1000,MCC-B,0,170200,22100,147400,100,148936,13
dense,shuffled,ties,1000,MC-A-detect,0,20300,19200,900,0,25576,10
dense,shuffled,ties,1000,MCC-A,0,102000,21400,61400,200,86776,13
dense,shuffled,ties,1000,MCC-A,1,94900,30400,63800,200,86776,13
dense,shuffled,ties,1000,MC-C,1,27600,18000,9500,0,41960,19
dense,shuffled,ties,1000,MCC-B,1,170800,19400,149000,100,148936,13
dense,shuffled,ties,1000,MC-B,1,30100,28000,1800,0,9192,10
dense,shuffled,ties,1000,MC-A,1,20400,19000,1200,0,25576,10
dense,shuffled,ties,1000,MCC-C,1,1491200,21300,1469300,300,86824,14
dense,shuffled,ties,1000,MC-A-detect,1,20000,18400,1200,0,25576,10
dense,shuffled,ties,1000,MC-A-detect,2,17900,16900,900,0,25576,10
dense,shuffled,ties,1000,MC-A,2,17500,16400,800,0,25576,10
dense,shuffled,ties,1000,MCC-B,2,166400,19500,143900,300,148936,13
dense,shuffled,ties,1000,MCC-A,2,90800,21100,57300,200,86776,13
dense,shuffled,ties,1000,MCC-C,2,1514700,27600,1486400,300,86824,14
dense,shuffled,ties,1000,MC-C,2,28800,18700,10000,0,41960,19
dense,shuffled,ties,1000,MC-B,2,28800,26800,1800,0,9192,10
nested,sorted,random,1000,MCC-A,0,9300,4100,4700,100,33632,13
nested,sorted,random,1000,MC-B,0,4200,3900,100,0,9192,10
nested,sorted,random,1000,MC-A-detect,0,3200,2900,200,0,25576,10
nested,sorted,random,1000,MC-A,0,3500,3100,200,0,25576,10
nested,sorted,random,1000,MCC-C,0,9200,4200,4500,100,33632,14
nested,sorted,random,1000,MC-C,0,3600,3100,300,0,25640,11
nested,sorted,random,1000,MCC-B,0,10800,4100,6200,200,33632,13
nested,sorted,random,1000,MC-A,1,3400,3100,100,0,25576,10
nested,sorted,random,1000,MC-C,1,3600,3200,200,0,25640,11
nested,sorted,random,1000,MC-A-detect,1,3200,2800,100,0,25576,10
nested,sorted,random,1000,MCC-A,1,9200,4000,4600,200,33632,13
nested,sorted,random,1000,MCC-C,1,8900,4200,4300,100,33632,14
nested,sorted,random,1000,MCC-B,1,9800,4100,5200,200,33632,13
nested,sorted,random,1000,MC-B,1,4000,3700,200,0,9192,10
nested,sorted,random,1000,MCC-A,2,9200,4100,4500,200,33632,13
nested,sorted,random,1000,MCC-C,2,8900,4200,4300,100,33632,14
nested,sorted,random,1000,MC-A,2,3500,3100,200,0,25576,10
nested,sorted,random,1000,MC-C,2,3600,3100,300,0,25640,11
nested,sorted,random,1000,MCC-B,2,9800,4100,5200,100,33632,13
nested,sorted,random,1000,MC-A-detect,2,3900,3600,100,0,25576,10
nested,sorted,random,1000,MC-B,2,4000,3700,100,0,9192,10
nested,nearly_sorted,random,1000,MCC-B,0,9700,4100,5100,100,33632,13
nested,nearly_sorted,random,1000,MC-A,0,14800,14500,200,0,25576,10
nested,nearly_sorted,random,1000,MC-B,0,21400,21100,100,0,9192,10
nested,nearly_sorted,random,1000,MC-A-detect,0,16500,15800,200,0,25576,10
nested,nearly_sorted,random,1000,MC-C,0,15800,15400,200,0,25640,11
nested,nearly_sorted,random,1000,MCC-A,0,9800,4700,4500,200,33632,13
nested,nearly_sorted,random,1000,MCC-C,0,9000,4100,4300,100,33632,14
nested,nearly_sorted,random,1000,MC-A-detect,1,14900,14600,200,0,25576,10
nested,nearly_sorted,random,1000,MCC-B,1,9800,4100,5200,100,33632,13
nested,nearly_sorted,random,1000,MC-A,1,14800,14400,200,0,25576,10
nested,nearly_sorted,random,1000,MCC-C,1,8800,4200,4200,100,33632,14
nested,nearly_sorted,random,1000,MCC-A,1,9100,4100,4500,200,33632,13
nested,nearly_sorted,random,1000,MC-B,1,21400,21000,200,0,9192,10
nested,nearly_sorted,random,1000,MC-C,1,14900,14500,300,0,25640,11
nested,nearly_sorted,random,1000,MC-C,2,17500,17100,200,0,25640,11
nested,nearly_sorted,random,1000,MCC-A,2,11600,5300,5700,200,33632,13
nested,nearly_sorted,random,1000,MCC-C,2,10500,4400,5400,200,33632,14
nested,nearly_sorted,random,1000,MCC-B,2,10000,4200,5300,100,33632,13
nested,nearly_sorted,random,1000,MC-A-detect,2,15100,14800,200,0,25576,10
nested,nearly_sorted,random,1000,MC-A,2,20300,19900,200,0,25576,10
nested,nearly_sorted,random,1000,MC-B,2,21900,21700,200,0,9192,10
nested,shuffled,random,1000,MCC-B,0,10700,5000,5300,100,33632,13
nested,shuffled,random,1000,MCC-C,0,9200,4300,4400,100,33632,14
nested,shuffled,random,1000,MC-C,0,17400,17000,200,0,25640,11
nested,shuffled,random,1000,MC-B,0,26500,26200,100,0,9192,10
nested,shuffled,random,1000,MCC-A,0,9500,4300,4700,100,33632,13
nested,shuffled,random,1000,MC-A-detect,0,17600,17200,200,0,25576,10
nested,shuffled,random,1000,MC-A,0,17200,16800,200,0,25576,10
nested,shuffled,random,1000,MCC-A,1,9400,4200,4600,200,33632,13
nested,shuffled,random,1000,MCC-C,1,9000,4200,4400,200,33632,14
nested,shuffled,random,1000,MCC-B,1,10000,4200,5300,100,33632,13
nested,shuffled,random,1000,MC-A,1,17000,16700,200,0,25576,10
nested,shuffled,random,1000,MC-C,1,17000,16500,200,0,25640,11
nested,shuffled,random,1000,MC-A-detect,1,17100,16600,100,0,25576,10
nested,shuffled,random,1000,MC-B,1,24200,23800,200,0,9192,10
nested,shuffled,random,1000,MCC-A,2,9400,4300,4600,200,33632,13
nested,shuffled,random,1000,MC-C,2,17200,16800,200,0,25640,11
nested,shuffled,random,1000,MC-A,2,16900,16500,200,0,25576,10
nested,shuffled,random,1000,MCC-C,2,9000,4200,4300,100,33632,14
nested,shuffled,random,1000,MCC-B,2,10100,4300,5300,100,33632,13
nested,shuffled,random,1000,MC-B,2,22900,22600,200,0,9192,10
nested,shuffled,random,1000,MC-A-detect,2,19500,18900,300,0,25576,10
duplicates,sorted,equal,1000,MC-A-detect,0,4200,2900,1200,0,25576,10
duplicates,sorted,equal,1000,MC-C,0,9200,3200,5800,0,41960,19
duplicates,sorted,equal,1000,MCC-B,0,16300,4300,11400,100,33656,13
duplicates,sorted,equal,1000,MC-A,0,4600,3100,1300,0,25576,10
duplicates,sorted,equal,1000,MCC-C,0,16100,4200,11400,200,33656,14
duplicates,sorted,equal,1000,MC-B,0,5800,3700,1900,0,9192,10
duplicates,sorted,equal,1000,MCC-A,0,13000,4200,8200,100,33656,13
duplicates,sorted,equal,1000,MC-C,1,8400,3200,5100,0,41960,19
duplicates,sorted,equal,1000,MC-A-detect,1,4300,2800,1200,0,25576,10
duplicates,sorted,equal,1000,MCC-A,1,12800,4200,8100,100,33656,13
duplicates,sorted,equal,1000,MC-A,1,4500,3200,1200,0,25576,10
duplicates,sorted,equal,1000,MCC-C,1,16200,4300,11500,100,33656,14
duplicates,sorted,equal,1000,MCC-B,1,15900,4200,11200,100,33656,13
duplicates,sorted,equal,1000,MC-B,1,5800,3700,1900,0,9192,10
duplicates,sorted,equal,1000,MC-A-detect,2,4300,2900,1300,0,25576,10
duplicates,sorted,equal,1000,MCC-C,2,16200,4200,11400,100,33656,14
duplicates,sorted,equal,1000,MC-A,2,4600,3200,1300,0,25576,10
duplicates,sorted,equal,1000,MC-C,2,8000,3100,4500,0,41960,19
duplicates,sorted,equal,1000,MCC-A,2,12900,4300,8100,200,33656,13
duplicates,sorted,equal,1000,MCC-B,2,15900,4200,11200,100,33656,13
duplicates,sorted,equal,1000,MC-B,2,5700,3600,1900,0,9192,10
duplicates,nearly_sorted,equal,1000,MC-B,0,5700,3600,1900,0,9192,10
duplicates,nearly_sorted,equal,1000,MC-A,0,4700,3300,1200,0,25576,10
duplicates,nearly_sorted,equal,1000,MCC-B,0,16200,4400,11300,100,33656,13
duplicates,nearly_sorted,equal,1000,MC-A-detect,0,4300,2900,1300,0,25576,10
duplicates,nearly_sorted,equal,1000,MC-C,0,8400,3200,5000,0,41960,19
duplicates,nearly_sorted,equal,1000,MCC-C,0,16000,4300,11200,100,33656,14
duplicates,nearly_sorted,equal,1000,MCC-A,0,12900,4300,8100,100,33656,13
duplicates,nearly_sorted,equal,1000,MC-A-detect,1,4300,2900,1300,0,25576,10
duplicates,nearly_sorted,equal,1000,MC-B,1,5700,3700,1900,0,9192,10
duplicates,nearly_sorted,equal,1000,MCC-B,1,16000,4300,11200,200,33656,13
duplicates,nearly_sorted,equal,1000,MCC-A,1,12800,4300,8100,200,33656,13
duplicates,nearly_sorted,equal,1000,MC-A,1,4600,3200,1300,0,25576,10
duplicates,nearly_sorted,equal,1000,MC-C,1,7900,3200,4600,0,41960,19
duplicates,nearly_sorted,equal,1000,MCC-C,1,16200,4300,11500,200,33656,14
duplicates,nearly_sorted,equal,1000,MCC-C,2,16000,4300,11200,100,33656,14
duplicates,nearly_sorted,equal,1000,MCC-A,2,12700,4200,8100,100,33656,13
duplicates,nearly_sorted,equal,1000,MC-A-detect,2,4300,2800,1200,0,25576,10
duplicates,nearly_sorted,equal,1000,MC-B,2,5800,3700,1900,0,9192,10
duplicates,nearly_sorted,equal,1000,MCC-B,2,15900,4200,11100,100,33656,13
duplicates,nearly_sorted,equal,1000,MC-C,2,7500,3100,4200,0,41960,19
duplicates,nearly_sorted,equal,1000,MC-A,2,4600,3200,1200,0,25576,10
duplicates,shuffled,equal,1000,MCC-B,0,28600,16900,11200,200,33656,13
duplicates,shuffled,equal,1000,MC-B,0,26400,24300,2000,0,9192,10
duplicates,shuffled,equal,1000,MCC-C,0,29100,17200,11400,100,33656,14
duplicates,shuffled,equal,1000,MC-A,0,17800,16400,1300,0,25576,10
duplicates,shuffled,equal,1000,MCC-A,0,25500,16900,8000,200,33656,13
duplicates,shuffled,equal,1000,MC-C,0,20700,15900,4600,0,41960,19
duplicates,shuffled,equal,1000,MC-A-detect,0,17100,15600,1200,0,25576,10
duplicates,shuffled,equal,1000,MC-C,1,20100,15500,4300,0,41960,19
duplicates,shuffled,equal,1000,MCC-C,1,30500,17000,12800,200,33656,14
duplicates,shuffled,equal,1000,MC-A-detect,1,17200,15800,1200,0,25576,10
duplicates,shuffled,equal,1000,MCC-B,1,28700,17000,11300,200,33656,13
duplicates,shuffled,equal,1000,MCC-A,1,25400,16800,8000,200,33656,13
duplicates,shuffled,equal,1000,MC-A,1,17000,15600,1200,0,25576,10
duplicates,shuffled,equal,1000,MC-B,1,24800,22700,1900,0,9192,10
duplicates,shuffled,equal,1000,MCC-C,2,28700,17000,11300,100,33656,14
duplicates,shuffled,equal,1000,MC-B,2,23600,21600,1900,0,9192,10
duplicates,shuffled,equal,1000,MC-A-detect,2,17200,15700,1200,0,25576,10
duplicates,shuffled,equal,1000,MCC-B,2,28500,16900,11200,200,33656,13
duplicates,shuffled,equal,1000,MC-C,2,20600,15600,4800,0,41960,19
duplicates,shuffled,equal,1000,MCC-A,2,25400,16900,8100,200,33656,13
duplicates,shuffled,equal,1000,MC-A,2,17000,15600,1200,0,25576,10
duplicates,sorted,zero,1000,MC-C,0,8000,3200,4700,0,41960,19
duplicates,sorted,zero,1000,MCC-A,0,17400,5300,11400,200,33656,13
duplicates,sorted,zero,1000,MCC-B,0,21100,4300,16300,100,33656,13
duplicates,sorted,zero,1000,MC-A-detect,0,4400,2900,1300,0,25576,10
duplicates,sorted,zero,1000,MCC-C,0,21200,4200,16400,100,33656,14
duplicates,sorted,zero,1000,MC-B,0,5800,3700,2000,0,9192,10
duplicates,sorted,zero,1000,MC-A,0,4700,3200,1200,0,25576,10
duplicates,sorted,zero,1000,MC-B,1,5700,3700,2000,0,9192,10
duplicates,sorted,zero,1000,MC-A,1,6300,4300,1600,0,25576,10
duplicates,sorted,zero,1000,MC-A-detect,1,5700,3800,1600,0,25576,10
duplicates,sorted,zero,1000,MCC-C,1,21600,6100,14800,200,33656,14
duplicates,sorted,zero,1000,MCC-A,1,14900,4300,10000,100,33656,13
duplicates,sorted,zero,1000,MCC-B,1,18500,4200,13800,100,33656,13
duplicates,sorted,zero,1000,MC-C,1,8500,3200,5100,0,41960,19
duplicates,sorted,zero,1000,MCC-C,2,20700,4200,16000,200,33656,14
duplicates,sorted,zero,1000,MCC-A,2,14400,4300,9700,100,33656,13
duplicates,sorted,zero,1000,MCC-B,2,18200,4300,13500,200,33656,13
duplicates,sorted,zero,1000,MC-B,2,5800,3600,1900,0,9192,10
duplicates,sorted,zero,1000,MC-A-detect,2,4400,2900,1200,0,25576,10
duplicates,sorted,zero,1000,MC-A,2,4600,3200,1300,0,25576,10
duplicates,sorted,zero,1000,MC-C,2,11200,3100,7700,0,41960,19
duplicates,nearly_sorted,zero,1000,MC-C,0,7500,3100,4200,0,41960,19
duplicates,nearly_sorted,zero,1000,MCC-B,0,18600,4500,13700,200,33656,13
duplicates,nearly_sorted,zero,1000,MCC-A,0,14400,4300,9600,100,33656,13
duplicates,nearly_sorted,zero,1000,MC-A-detect,0,4200,2800,1200,0,25576,10
duplicates,nearly_sorted,zero,1000,MC-A,0,4600,3200,1200,0,25576,10
duplicates,nearly_sorted,zero,1000,MCC-C,0,20700,4200,15900,200,33656,14
duplicates,nearly_sorted,zero,1000,MC-B,0,5800,3700,2000,0,9192,10
duplicates,nearly_sorted,zero,1000,MC-A-detect,1,4300,2900,1300,0,25576,10
duplicates,nearly_sorted,zero,1000,MC-C,1,7500,3200,4200,0,41960,19
duplicates,nearly_sorted,zero,1000,MCC-C,1,18800,4300,14100,200,33656,14
duplicates,nearly_sorted,zero,1000,MCC-B,1,18300,4300,13600,100,33656,13
duplicates,nearly_sorted,zero,1000,MC-B,1,5700,3600,2000,0,9192,10
duplicates,nearly_sorted,zero,1000,MCC-A,1,14200,4200,9500,100,33656,13
duplicates,nearly_sorted,zero,1000,MC-A,1,4600,3200,1200,0,25576,10
duplicates,nearly_sorted,zero,1000,MC-A,2,4500,3100,1200,0,25576,10
duplicates,nearly_sorted,zero,1000,MCC-B,2,18200,4300,13500,100,33656,13
duplicates,nearly_sorted,zero,1000,MCC-A,2,14000,4200,9300,100,33656,13
duplicates,nearly_sorted,zero,1000,MC-C,2,7600,3200,4200,0,41960,19
duplicates,nearly_sorted,zero,1000,MCC-C,2,18800,4200,14000,100,33656,14
duplicates,nearly_sorted,zero,1000,MC-A-detect,2,4300,2900,1300,0,25576,10
duplicates,nearly_sorted,zero,1000,MC-B,2,5800,3700,2000,0,9192,10
duplicates,shuffled,zero,1000,MC-A,0,17600,16000,1200,0,25576,10
duplicates,shuffled,zero,1000,MCC-A,0,28400,17300,10600,100,33656,13
duplicates,shuffled,zero,1000,MC-A-detect,0,17300,15900,1200,0,25576,10
duplicates,shuffled,zero,1000,MC-B,0,26200,24000,2000,0,9192,10
duplicates,shuffled,zero,1000,MC-C,0,20500,15800,4500,0,41960,19
duplicates,shuffled,zero,1000,MCC-B,0,31700,17200,14100,200,33656,13
duplicates,shuffled,zero,1000,MCC-C,0,32100,17000,14500,200,33656,14
duplicates,shuffled,zero,1000,MC-B,1,24700,22500,1900,0,9192,10
duplicates,shuffled,zero,1000,MC-A-detect,1,18700,16700,1600,0,25576,10
duplicates,shuffled,zero,1000,MCC-A,1,31000,20000,10400,200,33656,13
duplicates,shuffled,zero,1000,MC-C,1,20500,15800,4400,0,41960,19
duplicates,shuffled,zero,1000,MCC-C,1,31800,16900,14400,100,33656,14
duplicates,shuffled,zero,1000,MCC-B,1,31300,16900,13900,200,33656,13
duplicates,shuffled,zero,1000,MC-A,1,17200,15800,1200,0,25576,10
duplicates,shuffled,zero,1000,MCC-A,2,27600,17000,10000,100,33656,13
duplicates,shuffled,zero,1000,MC-B,2,24600,22400,2000,0,9192,10
duplicates,shuffled,zero,1000,MC-A,2,17300,15900,1300,0,25576,10
duplicates,shuffled,zero,1000,MC-C,2,20300,15700,4300,0,41960,19
duplicates,shuffled,zero,1000,MC-A-detect,2,17100,15700,1300,0,25576,10
duplicates,shuffled,zero,1000,MCC-C,2,32100,17000,14500,100,33656,14
duplicates,shuffled,zero,1000,MCC-B,2,31300,17000,13800,200,33656,13
duplicates,sorted,random,1000,MC-B,0,5700,3600,1900,0,9192,10
duplicates,sorted,random,1000,MC-A,0,4600,3200,1200,0,25576,10
duplicates,sorted,random,1000,MCC-B,0,16500,4200,11700,100,33656,13
duplicates,sorted,random,1000,MC-C,0,7900,3200,4600,0,41960,19
duplicates,sorted,random,1000,MC-A-detect,0,4200,2800,1200,0,25576,10
duplicates,sorted,random,1000,MCC-A,0,13300,4200,8600,200,33656,13
duplicates,sorted,random,1000,MCC-C,0,16400,4200,11600,200,33656,14
duplicates,sorted,random,1000,MCC-C,1,15800,4200,11100,100,33656,14
duplicates,sorted,random,1000,MCC-B,1,16300,4200,11600,100,33656,13
duplicates,sorted,random,1000,MCC-A,1,13000,4200,8400,200,33656,13
duplicates,sorted,random,1000,MC-A-detect,1,4200,2800,1200,0,25576,10
duplicates,sorted,random,1000,MC-C,1,7600,3100,4200,0,41960,19
duplicates,sorted,random,1000,MC-B,1,5600,3600,2000,0,9192,10
duplicates,sorted,random,1000,MC-A,1,4600,3200,1200,0,25576,10
duplicates,sorted,random,1000,MC-A-detect,2,4300,2900,1200,0,25576,10
duplicates,sorted,random,1000,MC-A,2,4600,3200,1200,0,25576,10
duplicates,sorted,random,1000,MC-B,2,5700,3600,1900,0,9192,10
duplicates,sorted,random,1000,MCC-C,2,16100,4200,11400,200,33656,14
duplicates,sorted,random,1000,MC-C,2,7500,3200,4200,0,41960,19
duplicates,sorted,random,1000,MCC-A,2,13100,4300,8400,100,33656,13
duplicates,sorted,random,1000,MCC-B,2,16300,4300,11600,200,33656,13
duplicates,nearly_sorted,random,1000,MCC-C,0,16400,4500,11500,100,33656,14
duplicates,nearly_sorted,random,1000,MC-A,0,4700,3200,1300,0,25576,10
duplicates,nearly_sorted,random,1000,MCC-A,0,13200,4300,8400,200,33656,13
duplicates,nearly_sorted,random,1000,MCC-B,0,16300,4200,11600,200,33656,13
duplicates,nearly_sorted,random,1000,MC-B,0,5800,3600,1900,0,9192,10
duplicates,nearly_sorted,random,1000,MC-A-detect,0,4400,2800,1200,0,25576,10
duplicates,nearly_sorted,random,1000,MC-C,0,7600,3100,4200,0,41960,19
duplicates,nearly_sorted,random,1000,MC-A-detect,1,4300,2900,1200,0,25576,10
duplicates,nearly_sorted,random,1000,MC-C,1,7400,3100,4100,0,41960,19
duplicates,nearly_sorted,random,1000,MCC-C,1,16000,4300,11200,200,33656,14
duplicates,nearly_sorted,random,1000,MC-B,1,5700,3600,1900,0,9192,10
duplicates,nearly_sorted,random,1000,MCC-B,1,16300,4300,11600,100,33656,13
duplicates,nearly_sorted,random,1000,MC-A,1,4600,3200,1300,0,25576,10
duplicates,nearly_sorted,random,1000,MCC-A,1,13100,4200,8400,200,33656,13
duplicates,nearly_sorted,random,1000,MC-A,2,4600,3200,1300,0,25576,10
duplicates,nearly_sorted,random,1000,MCC-C,2,15900,4200,11200,100,33656,14
duplicates,nearly_sorted,random,1000,MC-B,2,5600,3600,1900,0,9192,10
duplicates,nearly_sorted,random,1000,MC-C,2,7500,3100,4200,0,41960,19
duplicates,nearly_sorted,random,1000,MCC-B,2,16200,4200,11500,100,33656,13
duplicates,nearly_sorted,random,1000,MC-A-detect,2,4300,2800,1200,0,25576,10
duplicates,nearly_sorted,random,1000,MCC-A,2,13100,4200,8300,100,33656,13
duplicates,shuffled,random,1000,MC-C,0,21000,16400,4300,0,41960,19
duplicates,shuffled,random,1000,MCC-C,0,35200,23100,11500,100,33656,14
duplicates,shuffled,random,1000,MC-B,0,25900,23700,2000,0,9192,10
duplicates,shuffled,random,1000,MCC-A,0,26600,17500,8600,200,33656,13
duplicates,shuffled,random,1000,MCC-B,0,29600,17300,11800,200,33656,13
duplicates,shuffled,random,1000,MC-A-detect,0,17900,16400,1300,0,25576,10
duplicates,shuffled,random,1000,MC-A,0,17600,16100,1300,0,25576,10
duplicates,shuffled,random,1000,MC-B,1,24400,22300,2000,0,9192,10
duplicates,shuffled,random,1000,MCC-B,1,29700,17500,11700,100,33656,13
duplicates,shuffled,random,1000,MC-A-detect,1,17600,16200,1300,0,25576,10
duplicates,shuffled,random,1000,MC-A,1,17500,16000,1300,0,25576,10
duplicates,shuffled,random,1000,MCC-A,1,29400,17400,11300,300,33656,13
duplicates,shuffled,random,1000,MCC-C,1,31300,19300,11600,200,33656,14
duplicates,shuffled,random,1000,MC-C,1,21800,16600,5000,0,41960,19
duplicates,shuffled,random,1000,MC-A-detect,2,17600,16100,1300,0,25576,10
duplicates,shuffled,random,1000,MC-C,2,21300,16000,5100,0,41960,19
duplicates,shuffled,random,1000,MCC-A,2,26500,17500,8400,100,33656,13
duplicates,shuffled,random,1000,MCC-C,2,29300,17300,11500,100,33656,14
duplicates,shuffled,random,1000,MC-A,2,17500,15900,1200,0,25576,10
duplicates,shuffled,random,1000,MC-B,2,24600,22500,1900,0,9192,10
duplicates,shuffled,random,1000,MCC-B,2,29500,17200,11700,100,33656,13
duplicates,sorted,skewed,1000,MC-B,0,5700,3700,2000,0,9192,10
duplicates,sorted,skewed,1000,MCC-B,0,16500,4300,11600,200,33656,13
duplicates,sorted,skewed,1000,MC-C,0,7600,3200,4200,0,41960,19
duplicates,sorted,skewed,1000,MCC-A,0,13300,4300,8500,200,33656,13
duplicates,sorted,skewed,1000,MC-A,0,4700,3200,1200,0,25576,10
duplicates,sorted,skewed,1000,MCC-C,0,16700,4300,12000,100,33656,14
duplicates,sorted,skewed,1000,MC-A-detect,0,4300,2800,1200,0,25576,10
duplicates,sorted,skewed,1000,MCC-B,1,16200,4300,11600,100,33656,13
duplicates,sorted,skewed,1000,MC-A-detect,1,4300,2900,1300,0,25576,10
duplicates,sorted,skewed,1000,MCC-C,1,16600,4200,11800,100,33656,14
duplicates,sorted,skewed,1000,MC-B,1,5700,3700,2000,0,9192,10
duplicates,sorted,skewed,1000,MC-C,1,7700,3100,4200,0,41960,19
duplicates,sorted,skewed,1000,MC-A,1,4600,3200,1300,0,25576,10
duplicates,sorted,skewed,1000,MCC-A,1,13300,4300,8400,100,33656,13
duplicates,sorted,skewed,1000,MC-C,2,7600,3100,4100,0,41960,19
duplicates,sorted,skewed,1000,MCC-A,2,13200,4300,8400,100,33656,13
duplicates,sorted,skewed,1000,MCC-B,2,16300,4200,11500,100,33656,13
duplicates,sorted,skewed,1000,MCC-C,2,16600,4300,11800,100,33656,14
duplicates,sorted,skewed,1000,MC-A,2,4600,3100,1300,0,25576,10
duplicates,sorted,skewed,1000,MC-B,2,5800,3700,1900,0,9192,10
duplicates,sorted,skewed,1000,MC-A-detect,2,4300,2800,1200,0,25576,10
duplicates,nearly_sorted,skewed,1000,MC-A-detect,0,4300,2800,1200,0,25576,10
duplicates,nearly_sorted,skewed,1000,MC-A,0,4700,3200,1200,0,25576,10
duplicates,nearly_sorted,skewed,1000,MCC-B,0,16300,4200,11500,200,33656,13
duplicates,nearly_sorted,skewed,1000,MC-C,0,7600,3100,4200,0,41960,19
duplicates,nearly_sorted,skewed,1000,MC-B,0,5700,3600,1900,0,9192,10
duplicates,nearly_sorted,skewed,1000,MCC-C,0,16600,4300,11800,200,33656,14
duplicates,nearly_sorted,skewed,1000,MCC-A,0,16400,5800,9900,200,33656,13
duplicates,nearly_sorted,skewed,1000,MC-A-detect,1,4400,3000,1300,0,25576,10
duplicates,nearly_sorted,skewed,1000,MCC-A,1,13200,4300,8400,100,33656,13
duplicates,nearly_sorted,skewed,1000,MC-B,1,5700,3700,2000,0,9192,10
duplicates,nearly_sorted,skewed,1000,MC-A,1,4700,3200,1200,0,25576,10
duplicates,nearly_sorted,skewed,1000,MCC-B,1,16400,4200,11700,200,33656,13
duplicates,nearly_sorted,skewed,1000,MC-C,1,7700,3100,4200,0,41960,19
duplicates,nearly_sorted,skewed,1000,MCC-C,1,16800,4300,12100,100,33656,14
duplicates,nearly_sorted,skewed,1000,MC-A,2,4700,3200,1300,0,25576,10
duplicates,nearly_sorted,skewed,1000,MCC-C,2,16300,4300,11600,200,33656,14
duplicates,nearly_sorted,skewed,1000,MCC-A,2,13100,4200,8400,100,33656,13
duplicates,nearly_sorted,skewed,1000,MC-C,2,7500,3100,4200,0,41960,19
duplicates,nearly_sorted,skewed,1000,MC-B,2,5700,3600,1900,0,9192,10
duplicates,nearly_sorted,skewed,1000,MCC-B,2,16400,4300,11600,200,33656,13
duplicates,nearly_sorted,skewed,1000,MC-A-detect,2,4300,2900,1300,0,25576,10
duplicates,shuffled,skewed,1000,MCC-A,0,25700,16700,8400,200,33656,13
duplicates,shuffled,skewed,1000,MC-B,0,25900,23600,2000,0,9192,10
duplicates,shuffled,skewed,1000,MC-A,0,17700,16200,1200,0,25576,10
duplicates,shuffled,skewed,1000,MCC-B,0,29300,17200,11700,200,33656,13
duplicates,shuffled,skewed,1000,MC-C,0,26100,21400,4500,0,41960,19
duplicates,shuffled,skewed,1000,MC-A-detect,0,17300,15800,1300,0,25576,10
duplicates,shuffled,skewed,1000,MCC-C,0,29600,17000,12100,100,33656,14
duplicates,shuffled,skewed,1000,MCC-A,1,25900,16900,8500,100,33656,13
duplicates,shuffled,skewed,1000,MCC-C,1,29100,16700,11900,200,33656,14
duplicates,shuffled,skewed,1000,MC-C,1,20100,15600,4300,0,41960,19
duplicates,shuffled,skewed,1000,MC-B,1,24800,22600,2000,0,9192,10
duplicates,shuffled,skewed,1000,MC-A,1,17100,15700,1200,0,25576,10
duplicates,shuffled,skewed,1000,MCC-B,1,29200,17100,11700,100,33656,13
duplicates,shuffled,skewed,1000,MC-A-detect,1,17100,15600,1200,0,25576,10
duplicates,shuffled,skewed,1000,MCC-A,2,28600,16800,10900,200,33656,13
duplicates,shuffled,skewed,1000,MCC-B,2,28900,16800,11600,100,33656,13
duplicates,shuffled,skewed,1000,MC-A,2,17200,15800,1300,0,25576,10
duplicates,shuffled,skewed,1000,MCC-C,2,29300,16900,12000,200,33656,14
duplicates,shuffled,skewed,1000,MC-C,2,20800,15700,5000,0,41960,19
duplicates,shuffled,skewed,1000,MC-A-detect,2,17100,15600,1300,0,25576,10
duplicates,shuffled,skewed,1000,MC-B,2,24300,22100,2100,0,9192,10
duplicates,sorted,different_duplicates,1000,MCC-C,0,16400,4200,11800,100,33656,14
duplicates,sorted,different_duplicates,1000,MC-A-detect,0,4400,3000,1300,0,25576,10
duplicates,sorted,different_duplicates,1000,MC-B,0,5700,3600,1900,0,9192,10
duplicates,sorted,different_duplicates,1000,MC-A,0,4700,3300,1200,0,25576,10
duplicates,sorted,different_duplicates,1000,MCC-B,0,16600,4200,11800,100,33656,13
duplicates,sorted,different_duplicates,1000,MC-C,0,7700,3200,4400,0,41960,19
duplicates,sorted,different_duplicates,1000,MCC-A,0,13000,4300,8300,200,33656,13
duplicates,sorted,different_duplicates,1000,MC-C,1,7500,3200,4200,0,41960,19
duplicates,sorted,different_duplicates,1000,MCC-B,1,16500,4200,11800,100,33656,13
duplicates,sorted,different_duplicates,1000,MC-A,1,4700,3100,1200,0,25576,10
duplicates,sorted,different_duplicates,1000,MCC-C,1,16500,4300,11800,200,33656,14
duplicates,sorted,different_duplicates,1000,MCC-A,1,12900,4200,8200,200,33656,13
duplicates,sorted,different_duplicates,1000,MC-A-detect,1,4300,2900,1200,0,25576,10
duplicates,sorted,different_duplicates,1000,MC-B,1,6000,4000,2000,0,9192,10
duplicates,sorted,different_duplicates,1000,MC-A-detect,2,4300,2800,1200,0,25576,10
duplicates,sorted,different_duplicates,1000,MC-B,2,5900,3900,2000,0,9192,10
duplicates,sorted,different_duplicates,1000,MC-A,2,4600,3200,1300,0,25576,10
duplicates,sorted,different_duplicates,1000,MCC-C,2,16500,4300,11700,200,33656,14
duplicates,sorted,different_duplicates,1000,MC-C,2,7600,3100,4200,0,41960,19
duplicates,sorted,different_duplicates,1000,MCC-B,2,16600,4300,11900,200,33656,13
duplicates,sorted,different_duplicates,1000,MCC-A,2,12900,4300,8100,100,33656,13
duplicates,nearly_sorted,different_duplicates,1000,MCC-C,0,16300,4100,11600,200,33656,14
duplicates,nearly_sorted,different_duplicates,1000,MC-A,0,4700,3300,1300,0,25576,10
duplicates,nearly_sorted,different_duplicates,1000,MC-A-detect,0,4300,2900,1200,0,25576,10
duplicates,nearly_sorted,different_duplicates,1000,MC-B,0,5700,3700,2000,0,9192,10
duplicates,nearly_sorted,different_duplicates,1000,MCC-B,0,16700,4300,11900,200,33656,13
duplicates,nearly_sorted,different_duplicates,1000,MCC-A,0,13000,4300,8200,200,33656,13
duplicates,nearly_sorted,different_duplicates,1000,MC-C,0,7600,3200,4300,0,41960,19
duplicates,nearly_sorted,different_duplicates,1000,MC-C,1,8300,4000,4200,0,41960,19
duplicates,nearly_sorted,different_duplicates,1000,MCC-A,1,13600,5000,8200,100,33656,13
duplicates,nearly_sorted,different_duplicates,1000,MC-A-detect,1,5000,3600,1300,0,25576,10
duplicates,nearly_sorted,different_duplicates,1000,MC-B,1,6300,4000,1900,0,9192,10
duplicates,nearly_sorted,different_duplicates,1000,MCC-B,1,19200,6300,12400,100,33656,13
duplicates,nearly_sorted,different_duplicates,1000,MC-A,1,5000,3500,1300,0,25576,10
duplicates,nearly_sorted,different_duplicates,1000,MCC-C,1,16300,4200,11500,200,33656,14
duplicates,nearly_sorted,different_duplicates,1000,MC-B,2,5800,3700,2000,0,9192,10
duplicates,nearly_sorted,different_duplicates,1000,MC-C,2,7600,3200,4200,0,41960,19
duplicates,nearly_sorted,different_duplicates,1000,MC-A-detect,2,4300,2900,1200,0,25576,10
duplicates,nearly_sorted,different_duplicates,1000,MCC-A,2,12900,4200,8200,200,33656,13
duplicates,nearly_sorted,different_duplicates,1000,MC-A,2,4700,3200,1200,0,25576,10
duplicates,nearly_sorted,different_duplicates,1000,MCC-C,2,16500,4200,11800,100,33656,14
duplicates,nearly_sorted,different_duplicates,1000,MCC-B,2,16500,4200,11900,200,33656,13
duplicates,shuffled,different_duplicates,1000,MC-C,0,20400,16000,4300,0,41960,19
duplicates,shuffled,different_duplicates,1000,MCC-C,0,29200,17000,11800,200,33656,14
duplicates,shuffled,different_duplicates,1000,MCC-B,0,29300,16900,12000,200,33656,13
duplicates,shuffled,different_duplicates,1000,MC-B,0,26000,23900,2000,0,9192,10
duplicates,shuffled,different_duplicates,1000,MC-A-detect,0,17600,16000,1200,0,25576,10
duplicates,shuffled,different_duplicates,1000,MCC-A,0,26400,17100,8800,200,33656,13
duplicates,shuffled,different_duplicates,1000,MC-A,0,17200,15800,1300,0,25576,10
duplicates,shuffled,different_duplicates,1000,MCC-A,1,31600,22400,8700,200,33656,13
duplicates,shuffled,different_duplicates,1000,MCC-C,1,29200,16800,11900,100,33656,14
duplicates,shuffled,different_duplicates,1000,MCC-B,1,29100,16800,11900,100,33656,13
duplicates,shuffled,different_duplicates,1000,MC-C,1,21100,15800,5000,0,41960,19
duplicates,shuffled,different_duplicates,1000,MC-B,1,24800,22600,2000,0,9192,10
duplicates,shuffled,different_duplicates,1000,MC-A,1,17300,15800,1300,0,25576,10
duplicates,shuffled,different_duplicates,1000,MC-A-detect,1,17100,15700,1300,0,25576,10
duplicates,shuffled,different_duplicates,1000,MC-B,2,23800,21700,1900,0,9192,10
duplicates,shuffled,different_duplicates,1000,MCC-B,2,29700,17200,11900,200,33656,13
duplicates,shuffled,different_duplicates,1000,MC-A,2,17200,15700,1300,0,25576,10
duplicates,shuffled,different_duplicates,1000,MCC-C,2,33100,17000,15500,200,33656,14
duplicates,shuffled,different_duplicates,1000,MC-A-detect,2,17300,15800,1200,0,25576,10
duplicates,shuffled,different_duplicates,1000,MCC-A,2,26100,16900,8800,100,33656,13
duplicates,shuffled,different_duplicates,1000,MC-C,2,20400,15600,4400,0,41960,19
duplicates,sorted,expensive,1000,MC-B,0,5600,3600,2000,0,9192,10
duplicates,sorted,expensive,1000,MCC-A,0,12900,4300,8100,200,33656,13
duplicates,sorted,expensive,1000,MC-A-detect,0,4300,2900,1200,0,25576,10
duplicates,sorted,expensive,1000,MCC-B,0,16100,4300,11300,100,33656,13
duplicates,sorted,expensive,1000,MC-C,0,8000,3100,4500,0,41960,19
duplicates,sorted,expensive,1000,MC-A,0,4700,3100,1200,0,25576,10
duplicates,sorted,expensive,1000,MCC-C,0,16200,4300,11500,200,33656,14
duplicates,sorted,expensive,1000,MCC-A,1,12800,4300,8100,100,33656,13
duplicates,sorted,expensive,1000,MC-B,1,5800,3600,1900,0,9192,10
duplicates,sorted,expensive,1000,MCC-B,1,16100,4300,11300,200,33656,13
duplicates,sorted,expensive,1000,MC-A-detect,1,4300,2900,1200,0,25576,10
duplicates,sorted,expensive,1000,MC-C,1,7600,3200,4300,0,41960,19
duplicates,sorted,expensive,1000,MCC-C,1,16300,4200,11400,100,33656,14
duplicates,sorted,expensive,1000,MC-A,1,4600,3200,1300,0,25576,10
duplicates,sorted,expensive,1000,MCC-B,2,16000,4200,11300,200,33656,13
duplicates,sorted,expensive,1000,MC-B,2,5700,3700,1900,0,9192,10
duplicates,sorted,expensive,1000,MCC-A,2,12800,4200,8100,100,33656,13
duplicates,sorted,expensive,1000,MCC-C,2,16200,4300,11500,100,33656,14
duplicates,sorted,expensive,1000,MC-C,2,7600,3200,4200,0,41960,19
duplicates,sorted,expensive,1000,MC-A-detect,2,4300,2800,1300,0,25576,10
duplicates,sorted,expensive,1000,MC-A,2,4600,3200,1300,0,25576,10
duplicates,nearly_sorted,expensive,1000,MC-C,0,7700,3200,4400,0,41960,19
duplicates,nearly_sorted,expensive,1000,MC-B,0,5800,3600,2000,0,9192,10
duplicates,nearly_sorted,expensive,1000,MC-A,0,4700,3200,1200,0,25576,10
duplicates,nearly_sorted,expensive,1000,MCC-C,0,16100,4300,11300,100,33656,14
duplicates,nearly_sorted,expensive,1000,MC-A-detect,0,4300,2900,1200,0,25576,10
duplicates,nearly_sorted,expensive,1000,MCC-A,0,12800,4200,8200,200,33656,13
duplicates,nearly_sorted,expensive,1000,MCC-B,0,16000,4300,11300,100,33656,13
duplicates,nearly_sorted,expensive,1000,MCC-C,1,16200,4200,11500,100,33656,14
duplicates,nearly_sorted,expensive,1000,MC-A-detect,1,4300,2800,1300,0,25576,10
duplicates,nearly_sorted,expensive,1000,MC-C,1,7600,3200,4300,0,41960,19
duplicates,nearly_sorted,expensive,1000,MC-A,1,4700,3200,1300,0,25576,10
duplicates,nearly_sorted,expensive,1000,MCC-B,1,15900,4200,11300,200,33656,13
duplicates,nearly_sorted,expensive,1000,MCC-A,1,12800,4300,8100,200,33656,13
duplicates,nearly_sorted,expensive,1000,MC-B,1,5600,3600,2000,0,9192,10
duplicates,nearly_sorted,expensive,1000,MC-B,2,5700,3500,1900,0,9192,10
duplicates,nearly_sorted,expensive,1000,MC-A,2,4600,3100,1200,0,25576,10
duplicates,nearly_sorted,expensive,1000,MCC-C,2,16200,4300,11500,100,33656,14
duplicates,nearly_sorted,expensive,1000,MCC-A,2,12800,4200,8100,200,33656,13
duplicates,nearly_sorted,expensive,1000,MC-A-detect,2,4300,2900,1300,0,25576,10
duplicates,nearly_sorted,expensive,1000,MCC-B,2,16000,4200,11300,200,33656,13
duplicates,nearly_sorted,expensive,1000,MC-C,2,9000,3100,5500,0,41960,19
duplicates,shuffled,expensive,1000,MC-C,0,20400,15900,4400,0,41960,19
duplicates,shuffled,expensive,1000,MC-A,0,17300,15700,1200,0,25576,10
duplicates,shuffled,expensive,1000,MCC-B,0,28900,17000,11400,200,33656,13
duplicates,shuffled,expensive,1000,MCC-C,0,28900,16900,11500,100,33656,14
duplicates,shuffled,expensive,1000,MC-A-detect,0,17100,15600,1200,0,25576,10
duplicates,shuffled,expensive,1000,MCC-A,0,25500,16900,8100,100,33656,13
duplicates,shuffled,expensive,1000,MC-B,0,25700,23700,2000,0,9192,10
duplicates,shuffled,expensive,1000,MCC-A,1,25600,16900,8100,200,33656,13
duplicates,shuffled,expensive,1000,MC-A,1,17100,15600,1200,0,25576,10
duplicates,shuffled,expensive,1000,MCC-C,1,30400,16900,13100,200,33656,14
duplicates,shuffled,expensive,1000,MC-C,1,20900,15800,5000,0,41960,19
duplicates,shuffled,expensive,1000,MC-B,1,24100,21900,1900,0,9192,10
duplicates,shuffled,expensive,1000,MCC-B,1,29000,17000,11400,200,33656,13
duplicates,shuffled,expensive,1000,MC-A-detect,1,17200,15800,1300,0,25576,10
duplicates,shuffled,expensive,1000,MCC-C,2,29100,16900,11700,100,33656,14
duplicates,shuffled,expensive,1000,MCC-B,2,28600,16900,11300,200,33656,13
duplicates,shuffled,expensive,1000,MCC-A,2,25500,16800,8100,200,33656,13
duplicates,shuffled,expensive,1000,MC-B,2,23700,21600,2000,0,9192,10
duplicates,shuffled,expensive,1000,MC-A,2,17100,15600,1300,0,25576,10
duplicates,shuffled,expensive,1000,MC-C,2,20900,15400,5200,0,41960,19
duplicates,shuffled,expensive,1000,MC-A-detect,2,17000,15500,1300,0,25576,10
duplicates,sorted,ties,1000,MC-B,0,5800,3600,1900,0,9192,10
duplicates,sorted,ties,1000,MC-A,0,4700,3300,1300,0,25576,10
duplicates,sorted,ties,1000,MCC-B,0,16100,4300,11300,200,33656,13
duplicates,sorted,ties,1000,MCC-C,0,16000,4300,11300,200,33656,14
duplicates,sorted,ties,1000,MC-C,0,7600,3200,4200,0,41960,19
duplicates,sorted,ties,1000,MC-A-detect,0,4400,2900,1200,0,25576,10
duplicates,sorted,ties,1000,MCC-A,0,12800,4300,8100,100,33656,13
duplicates,sorted,ties,1000,MC-A-detect,1,4300,2900,1200,0,25576,10
duplicates,sorted,ties,1000,MCC-B,1,16000,4200,11200,200,33656,13
duplicates,sorted,ties,1000,MCC-C,1,16200,4200,11500,200,33656,14
duplicates,sorted,ties,1000,MC-C,1,7500,3200,4200,0,41960,19
duplicates,sorted,ties,1000,MCC-A,1,12800,4300,8000,100,33656,13
duplicates,sorted,ties,1000,MC-B,1,5800,3600,1900,0,9192,10
duplicates,sorted,ties,1000,MC-A,1,4600,3200,1300,0,25576,10
duplicates,sorted,ties,1000,MC-A,2,4600,3200,1300,0,25576,10
duplicates,sorted,ties,1000,MC-A-detect,2,4300,2900,1200,0,25576,10
duplicates,sorted,ties,1000,MC-C,2,7500,3200,4200,0,41960,19
duplicates,sorted,ties,1000,MCC-A,2,12900,4300,8100,100,33656,13
duplicates,sorted,ties,1000,MC-B,2,5800,3600,2000,0,9192,10
duplicates,sorted,ties,1000,MCC-B,2,16000,4300,11300,200,33656,13
duplicates,sorted,ties,1000,MCC-C,2,16100,4300,11400,100,33656,14
duplicates,nearly_sorted,ties,1000,MC-A,0,4600,3200,1200,0,25576,10
duplicates,nearly_sorted,ties,1000,MC-B,0,5800,3600,2000,0,9192,10
duplicates,nearly_sorted,ties,1000,MC-C,0,7600,3200,4100,0,41960,19
duplicates,nearly_sorted,ties,1000,MC-A-detect,0,4600,3100,1200,0,25576,10
duplicates,nearly_sorted,ties,1000,MCC-B,0,18400,4700,13300,200,33656,13
duplicates,nearly_sorted,ties,1000,MCC-A,0,12800,4200,8100,200,33656,13
duplicates,nearly_sorted,ties,1000,MCC-C,0,16000,4200,11300,200,33656,14
duplicates,nearly_sorted,ties,1000,MC-B,1,5600,3600,2000,0,9192,10
duplicates,nearly_sorted,ties,1000,MC-A,1,4600,3200,1300,0,25576,10
duplicates,nearly_sorted,ties,1000,MCC-A,1,12700,4200,8000,200,33656,13
duplicates,nearly_sorted,ties,1000,MCC-B,1,16000,4200,11300,200,33656,13
duplicates,nearly_sorted,ties,1000,MCC-C,1,16000,4200,11400,200,33656,14
duplicates,nearly_sorted,ties,1000,MC-A-detect,1,4300,2800,1300,0,25576,10
duplicates,nearly_sorted,ties,1000,MC-C,1,7500,3100,4200,0,41960,19
duplicates,nearly_sorted,ties,1000,MC-C,2,7500,3100,4200,0,41960,19
duplicates,nearly_sorted,ties,1000,MC-B,2,5600,3600,1900,0,9192,10
duplicates,nearly_sorted,ties,1000,MCC-A,2,12900,4400,8100,200,33656,13
duplicates,nearly_sorted,ties,1000,MCC-B,2,15900,4200,11200,100,33656,13
duplicates,nearly_sorted,ties,1000,MCC-C,2,16100,4200,11400,100,33656,14
duplicates,nearly_sorted,ties,1000,MC-A,2,4600,3200,1300,0,25576,10
duplicates,nearly_sorted,ties,1000,MC-A-detect,2,4300,2900,1200,0,25576,10
duplicates,shuffled,ties,1000,MC-B,0,25200,23100,1900,0,9192,10
duplicates,shuffled,ties,1000,MCC-B,0,28600,16900,11200,200,33656,13
duplicates,shuffled,ties,1000,MC-C,0,21000,15900,5000,0,41960,19
duplicates,shuffled,ties,1000,MCC-A,0,25400,16800,8200,100,33656,13
duplicates,shuffled,ties,1000,MCC-C,0,28700,16500,11600,100,33656,14
duplicates,shuffled,ties,1000,MC-A,0,17100,15600,1300,0,25576,10
duplicates,shuffled,ties,1000,MC-A-detect,0,16900,15400,1200,0,25576,10
duplicates,shuffled,ties,1000,MC-A,1,16800,15400,1300,0,25576,10
duplicates,shuffled,ties,1000,MC-B,1,24200,22000,2000,0,9192,10
duplicates,shuffled,ties,1000,MC-A-detect,1,16900,15400,1200,0,25576,10
duplicates,shuffled,ties,1000,MCC-C,1,28800,16700,11500,200,33656,14
duplicates,shuffled,ties,1000,MCC-A,1,25100,16600,8100,200,33656,13
duplicates,shuffled,ties,1000,MCC-B,1,28200,16500,11200,200,33656,13
duplicates,shuffled,ties,1000,MC-C,1,23600,17900,5600,0,41960,19
duplicates,shuffled,ties,1000,MC-C,2,21200,15800,5200,0,41960,19
duplicates,shuffled,ties,1000,MCC-C,2,28800,16800,11500,100,33656,14
duplicates,shuffled,ties,1000,MC-B,2,29200,21600,7400,0,9192,10
duplicates,shuffled,ties,1000,MC-A-detect,2,16900,15500,1300,0,25576,10
duplicates,shuffled,ties,1000,MCC-A,2,25200,16600,8100,200,33656,13
duplicates,shuffled,ties,1000,MCC-B,2,28200,16500,11200,100,33656,13
duplicates,shuffled,ties,1000,MC-A,2,16800,15300,1200,0,25576,10
equal_starts,sorted,random,1000,MC-A,0,4800,3600,900,0,25576,10
equal_starts,sorted,random,1000,MC-B,0,6400,3800,2400,0,9192,10
equal_starts,sorted,random,1000,MC-C,0,14800,3500,11000,0,41960,19
equal_starts,sorted,random,1000,MCC-C,0,2229400,4600,2224100,200,104752,14
equal_starts,sorted,random,1000,MCC-B,0,101800,5000,96200,200,154912,13
equal_starts,sorted,random,1000,MCC-A,0,56200,5000,50700,100,104704,13
equal_starts,sorted,random,1000,MC-A-detect,0,4200,3100,1000,0,25576,10
equal_starts,sorted,random,1000,MCC-A,1,82000,4700,49600,200,104704,13
equal_starts,sorted,random,1000,MC-A,1,14000,12700,1000,0,25576,10
equal_starts,sorted,random,1000,MCC-B,1,143400,6200,134600,300,154912,13
equal_starts,sorted,random,1000,MC-C,1,15000,3400,11400,0,41960,19
equal_starts,sorted,random,1000,MCC-C,1,2256200,4600,2251100,200,104752,14
equal_starts,sorted,random,1000,MC-A-detect,1,4200,3100,900,0,25576,10
equal_starts,sorted,random,1000,MC-B,1,6600,4100,2400,0,9192,10
equal_starts,sorted,random,1000,MCC-C,2,2244100,6500,2222400,100,104752,14
equal_starts,sorted,random,1000,MC-C,2,15000,3500,11300,0,41960,19
equal_starts,sorted,random,1000,MC-A,2,4300,3200,900,0,25576,10
equal_starts,sorted,random,1000,MC-B,2,5900,3700,1900,0,9192,10
equal_starts,sorted,random,1000,MC-A-detect,2,4000,2900,1000,0,25576,10
equal_starts,sorted,random,1000,MCC-B,2,128400,4600,123300,200,154912,13
equal_starts,sorted,random,1000,MCC-A,2,71900,4700,66700,100,104704,13
equal_starts,nearly_sorted,random,1000,MC-C,0,15100,3500,11300,0,41960,19
equal_starts,nearly_sorted,random,1000,MC-A,0,4700,3500,1000,0,25576,10
equal_starts,nearly_sorted,random,1000,MC-A-detect,0,4300,3100,1000,0,25576,10
equal_starts,nearly_sorted,random,1000,MCC-A,0,94000,17200,49900,200,104704,13
equal_starts,nearly_sorted,random,1000,MC-B,0,6200,4100,2100,0,9192,10
equal_starts,nearly_sorted,random,1000,MCC-C,0,2263300,24400,2238000,300,104752,14
equal_starts,nearly_sorted,random,1000,MCC-B,0,139600,17100,121900,100,154912,13
equal_starts,nearly_sorted,random,1000,MC-B,1,6000,3800,2000,0,9192,10
equal_starts,nearly_sorted,random,1000,MC-C,1,15100,3500,11500,0,41960,19
equal_starts,nearly_sorted,random,1000,MC-A,1,4500,3300,1100,0,25576,10
equal_starts,nearly_sorted,random,1000,MCC-A,1,67500,17000,50100,200,104704,13
equal_starts,nearly_sorted,random,1000,MCC-C,1,2227700,16500,2210500,300,104752,14
equal_starts,nearly_sorted,random,1000,MCC-B,1,110200,17000,92700,100,154912,13
equal_starts,nearly_sorted,random,1000,MC-A-detect,1,4600,3400,1100,0,25576,10
equal_starts,nearly_sorted,random,1000,MC-C,2,15400,3200,12000,0,41960,19
equal_starts,nearly_sorted,random,1000,MCC-B,2,130000,16700,110300,100,154912,13
equal_starts,nearly_sorted,random,1000,MCC-A,2,102000,17100,67400,200,104704,13
equal_starts,nearly_sorted,random,1000,MC-B,2,6600,4500,2000,0,9192,10
equal_starts,nearly_sorted,random,1000,MC-A-detect,2,10900,9700,1000,0,25576,10
equal_starts,nearly_sorted,random,1000,MCC-C,2,2234300,17800,2215900,200,104752,14
equal_starts,nearly_sorted,random,1000,MC-A,2,4600,3500,1000,0,25576,10
equal_starts,shuffled,random,1000,MCC-C,0,2246900,29200,2206700,200,104752,14
equal_starts,shuffled,random,1000,MC-A,0,12500,10900,1500,0,25576,10
equal_starts,shuffled,random,1000,MC-C,0,18400,3500,14600,0,41960,19
equal_starts,shuffled,random,1000,MC-B,0,6500,4400,2000,0,9192,10
equal_starts,shuffled,random,1000,MCC-B,0,159700,23000,134200,100,154912,13
equal_starts,shuffled,random,1000,MCC-A,0,105300,22000,67800,100,104704,13
equal_starts,shuffled,random,1000,MC-A-detect,0,11600,9900,1300,0,25576,10
equal_starts,shuffled,random,1000,MCC-A,1,101600,21600,71200,200,104704,13
equal_starts,shuffled,random,1000,MC-B,1,6700,4700,2000,0,9192,10
equal_starts,shuffled,random,1000,MCC-C,1,2251100,19600,2230900,200,104752,14
equal_starts,shuffled,random,1000,MC-A-detect,1,4900,3400,1300,0,25576,10
equal_starts,shuffled,random,1000,MCC-B,1,161200,19700,139000,100,154912,13
equal_starts,shuffled,random,1000,MC-A,1,4900,3400,1300,0,25576,10
equal_starts,shuffled,random,1000,MC-C,1,17300,3200,13900,0,41960,19
equal_starts,shuffled,random,1000,MC-C,2,12800,3500,9100,0,41960,19
equal_starts,shuffled,random,1000,MCC-A,2,88700,21900,66200,200,104704,13
equal_starts,shuffled,random,1000,MCC-C,2,2245500,20300,2224500,300,104752,14
equal_starts,shuffled,random,1000,MC-A,2,5200,3800,1300,0,25576,10
equal_starts,shuffled,random,1000,MC-A-detect,2,4400,3000,1300,0,25576,10
equal_starts,shuffled,random,1000,MCC-B,2,154100,19900,131400,200,154912,13
equal_starts,shuffled,random,1000,MC-B,2,6800,4600,2000,0,9192,10
equal_ends,sorted,random,1000,MC-A-detect,0,3200,2900,200,0,25576,10
equal_ends,sorted,random,1000,MC-B,0,4400,4100,200,0,9192,10
equal_ends,sorted,random,1000,MCC-B,0,13000,6000,6300,200,33632,13
equal_ends,sorted,random,1000,MCC-C,0,9400,4300,4600,200,33632,14
equal_ends,sorted,random,1000,MC-C,0,3600,3200,200,0,25640,11
equal_ends,sorted,random,1000,MC-A,0,3500,3200,200,0,25576,10
equal_ends,sorted,random,1000,MCC-A,0,9400,4100,4700,200,33632,13
equal_ends,sorted,random,1000,MC-A-detect,1,3200,2800,200,0,25576,10
equal_ends,sorted,random,1000,MC-A,1,3500,3100,100,0,25576,10
equal_ends,sorted,random,1000,MCC-A,1,9400,4100,4700,200,33632,13
equal_ends,sorted,random,1000,MCC-B,1,10100,4200,5400,100,33632,13
equal_ends,sorted,random,1000,MCC-C,1,9100,4200,4400,100,33632,14
equal_ends,sorted,random,1000,MC-C,1,3500,3200,200,0,25640,11
equal_ends,sorted,random,1000,MC-B,1,4100,3800,200,0,9192,10
equal_ends,sorted,random,1000,MCC-C,2,9000,4200,4400,100,33632,14
equal_ends,sorted,random,1000,MC-A,2,3600,3100,100,0,25576,10
equal_ends,sorted,random,1000,MC-C,2,3600,3100,200,0,25640,11
equal_ends,sorted,random,1000,MC-A-detect,2,3200,2800,100,0,25576,10
equal_ends,sorted,random,1000,MC-B,2,4200,3900,200,0,9192,10
equal_ends,sorted,random,1000,MCC-B,2,10900,4200,6300,100,33632,13
equal_ends,sorted,random,1000,MCC-A,2,9300,4200,4600,100,33632,13
equal_ends,nearly_sorted,random,1000,MC-C,0,15100,14700,200,0,25640,11
equal_ends,nearly_sorted,random,1000,MC-A,0,15300,14800,200,0,25576,10
equal_ends,nearly_sorted,random,1000,MCC-A,0,9400,4200,4600,200,33632,13
equal_ends,nearly_sorted,random,1000,MC-A-detect,0,15200,14900,100,0,25576,10
equal_ends,nearly_sorted,random,1000,MCC-B,0,10000,4200,5300,100,33632,13
equal_ends,nearly_sorted,random,1000,MCC-C,0,9100,4300,4400,200,33632,14
equal_ends,nearly_sorted,random,1000,MC-B,0,22200,21800,200,0,9192,10
equal_ends,nearly_sorted,random,1000,MCC-C,1,9100,4300,4400,100,33632,14
equal_ends,nearly_sorted,random,1000,MC-B,1,21600,21200,200,0,9192,10
equal_ends,nearly_sorted,random,1000,MC-C,1,15300,14900,200,0,25640,11
equal_ends,nearly_sorted,random,1000,MCC-B,1,10000,4200,5300,200,33632,13
equal_ends,nearly_sorted,random,1000,MC-A-detect,1,15200,14900,200,0,25576,10
equal_ends,nearly_sorted,random,1000,MCC-A,1,9300,4200,4600,200,33632,13
equal_ends,nearly_sorted,random,1000,MC-A,1,15400,14900,200,0,25576,10
equal_ends,nearly_sorted,random,1000,MCC-C,2,10100,4200,5300,100,33632,14
equal_ends,nearly_sorted,random,1000,MC-B,2,21200,21000,200,0,9192,10
equal_ends,nearly_sorted,random,1000,MCC-A,2,9200,4200,4500,100,33632,13
equal_ends,nearly_sorted,random,1000,MC-A,2,15000,14700,200,0,25576,10
equal_ends,nearly_sorted,random,1000,MCC-B,2,9900,4100,5200,100,33632,13
equal_ends,nearly_sorted,random,1000,MC-C,2,20600,20100,300,0,25640,11
equal_ends,nearly_sorted,random,1000,MC-A-detect,2,15200,14800,200,0,25576,10
equal_ends,shuffled,random,1000,MC-A,0,17700,17200,100,0,25576,10
equal_ends,shuffled,random,1000,MC-C,0,17600,17200,300,0,25640,11
equal_ends,shuffled,random,1000,MC-B,0,26700,26300,200,0,9192,10
equal_ends,shuffled,random,1000,MCC-A,0,9500,4300,4600,100,33632,13
equal_ends,shuffled,random,1000,MC-A-detect,0,17700,17400,200,0,25576,10
equal_ends,shuffled,random,1000,MCC-B,0,10000,4200,5400,200,33632,13
equal_ends,shuffled,random,1000,MCC-C,0,9200,4100,4400,100,33632,14
equal_ends,shuffled,random,1000,MC-A,1,17500,17100,100,0,25576,10
equal_ends,shuffled,random,1000,MCC-A,1,9300,4100,4600,100,33632,13
equal_ends,shuffled,random,1000,MCC-B,1,9900,4200,5300,200,33632,13
equal_ends,shuffled,random,1000,MC-C,1,17500,17000,200,0,25640,11
equal_ends,shuffled,random,1000,MC-A-detect,1,17400,17000,100,0,25576,10
equal_ends,shuffled,random,1000,MCC-C,1,9100,4200,4400,100,33632,14
equal_ends,shuffled,random,1000,MC-B,1,24100,23700,200,0,9192,10
equal_ends,shuffled,random,1000,MC-B,2,22500,22300,200,0,9192,10
equal_ends,shuffled,random,1000,MC-A,2,17700,17400,200,0,25576,10
equal_ends,shuffled,random,1000,MCC-A,2,9300,4200,4500,100,33632,13
equal_ends,shuffled,random,1000,MC-A-detect,2,17600,17100,100,0,25576,10
equal_ends,shuffled,random,1000,MCC-C,2,9100,4100,4400,100,33632,14
equal_ends,shuffled,random,1000,MC-C,2,17500,17000,200,0,25640,11
equal_ends,shuffled,random,1000,MCC-B,2,9900,4200,5300,200,33632,13
outside,sorted,random,1000,MC-B,0,5700,3700,1900,0,9192,10
outside,sorted,random,1000,MCC-B,0,15900,4400,11000,100,33632,13
outside,sorted,random,1000,MC-A,0,4700,3200,1200,0,25576,10
outside,sorted,random,1000,MCC-C,0,17000,5400,11100,100,33632,14
outside,sorted,random,1000,MC-C,0,7600,3500,3800,0,41960,19
outside,sorted,random,1000,MCC-A,0,12000,4900,6600,200,33632,13
outside,sorted,random,1000,MC-A-detect,0,5000,3600,1200,0,25576,10
outside,sorted,random,1000,MCC-B,1,15200,4900,9800,100,33632,13
outside,sorted,random,1000,MCC-C,1,14600,4200,9900,100,33632,14
outside,sorted,random,1000,MC-C,1,6800,3200,3500,0,41960,19
outside,sorted,random,1000,MCC-A,1,11300,4300,6600,100,33632,13
outside,sorted,random,1000,MC-B,1,5800,3600,1900,0,9192,10
outside,sorted,random,1000,MC-A-detect,1,4300,2800,1200,0,25576,10
outside,sorted,random,1000,MC-A,1,4600,3100,1300,0,25576,10
outside,sorted,random,1000,MCC-B,2,14400,4200,9800,200,33632,13
outside,sorted,random,1000,MC-B,2,5700,3600,1900,0,9192,10
outside,sorted,random,1000,MC-A-detect,2,4200,2800,1200,0,25576,10
outside,sorted,random,1000,MC-C,2,6500,3100,3200,0,41960,19
outside,sorted,random,1000,MCC-A,2,11200,4200,6500,100,33632,13
outside,sorted,random,1000,MCC-C,2,14800,4200,10100,100,33632,14
outside,sorted,random,1000,MC-A,2,4600,3200,1200,0,25576,10
outside,nearly_sorted,random,1000,MCC-C,0,14600,4200,9900,200,33632,14
outside,nearly_sorted,random,1000,MCC-B,0,14500,4300,9700,100,33632,13
outside,nearly_sorted,random,1000,MC-B,0,5800,3800,2000,0,9192,10
outside,nearly_sorted,random,1000,MCC-A,0,11300,4300,6600,200,33632,13
outside,nearly_sorted,random,1000,MC-C,0,6700,3100,3200,0,41960,19
outside,nearly_sorted,random,1000,MC-A,0,4600,3100,1200,0,25576,10
outside,nearly_sorted,random,1000,MC-A-detect,0,4200,2800,1200,0,25576,10
outside,nearly_sorted,random,1000,MC-A-detect,1,4300,2800,1200,0,25576,10
outside,nearly_sorted,random,1000,MCC-C,1,14600,4300,9900,100,33632,14
outside,nearly_sorted,random,1000,MC-C,1,6600,3100,3300,0,41960,19
outside,nearly_sorted,random,1000,MC-A,1,4500,3200,1200,0,25576,10
outside,nearly_sorted,random,1000,MC-B,1,5700,3600,1900,0,9192,10
outside,nearly_sorted,random,1000,MCC-B,1,14500,4300,9800,100,33632,13
outside,nearly_sorted,random,1000,MCC-A,1,11200,4200,6500,100,33632,13
outside,nearly_sorted,random,1000,MCC-B,2,14400,4200,9700,100,33632,13
outside,nearly_sorted,random,1000,MC-A,2,5000,3600,1200,0,25576,10
outside,nearly_sorted,random,1000,MCC-A,2,11200,4300,6500,200,33632,13
outside,nearly_sorted,random,1000,MC-B,2,5900,3800,1900,0,9192,10
outside,nearly_sorted,random,1000,MC-A-detect,2,4300,2900,1200,0,25576,10
outside,nearly_sorted,random,1000,MCC-C,2,14700,4200,9900,100,33632,14
outside,nearly_sorted,random,1000,MC-C,2,7000,3200,3600,0,41960,19
outside,shuffled,random,1000,MC-B,0,5600,3500,1900,0,9192,10
outside,shuffled,random,1000,MC-A,0,4700,3200,1200,0,25576,10
outside,shuffled,random,1000,MCC-B,0,14600,4300,9900,200,33632,13
outside,shuffled,random,1000,MC-A-detect,0,4300,2900,1300,0,25576,10
outside,shuffled,random,1000,MC-C,0,6600,3100,3300,0,41960,19
outside,shuffled,random,1000,MCC-A,0,11300,4200,6600,100,33632,13
outside,shuffled,random,1000,MCC-C,0,14700,4200,10000,200,33632,14
outside,shuffled,random,1000,MCC-A,1,11200,4200,6500,200,33632,13
outside,shuffled,random,1000,MC-B,1,5700,3600,2000,0,9192,10
outside,shuffled,random,1000,MCC-B,1,14400,4200,9700,100,33632,13
outside,shuffled,random,1000,MCC-C,1,14800,4200,10200,100,33632,14
outside,shuffled,random,1000,MC-A,1,4600,3100,1200,0,25576,10
outside,shuffled,random,1000,MC-A-detect,1,4200,2900,1200,0,25576,10
outside,shuffled,random,1000,MC-C,1,6600,3100,3200,0,41960,19
outside,shuffled,random,1000,MCC-A,2,11200,4300,6500,100,33632,13
outside,shuffled,random,1000,MCC-B,2,21900,4100,17100,200,33632,13
outside,shuffled,random,1000,MC-B,2,5700,3600,1900,0,9192,10
outside,shuffled,random,1000,MC-A-detect,2,4300,2900,1200,0,25576,10
outside,shuffled,random,1000,MC-C,2,6600,3200,3200,0,41960,19
outside,shuffled,random,1000,MCC-C,2,14800,4200,10000,100,33632,14
outside,shuffled,random,1000,MC-A,2,4600,3200,1200,0,25576,10
irrelevant,sorted,random,1000,MCC-C,0,2000,1400,200,200,1160,6
irrelevant,sorted,random,1000,MC-A,0,1300,900,200,0,1096,2
irrelevant,sorted,random,1000,MC-C,0,1300,900,200,0,1160,3
irrelevant,sorted,random,1000,MCC-B,0,2000,1500,200,100,1160,5
irrelevant,sorted,random,1000,MC-B,0,1300,1000,100,0,1032,2
irrelevant,sorted,random,1000,MCC-A,0,2100,1400,300,100,1160,5
irrelevant,sorted,random,1000,MC-A-detect,0,1300,900,200,0,1096,2
irrelevant,sorted,random,1000,MCC-C,1,2000,1400,200,100,1160,6
irrelevant,sorted,random,1000,MCC-A,1,2100,1400,300,200,1160,5
irrelevant,sorted,random,1000,MC-C,1,1300,900,200,0,1160,3
irrelevant,sorted,random,1000,MCC-B,1,1900,1400,200,100,1160,5
irrelevant,sorted,random,1000,MC-B,1,1200,800,100,0,1032,2
irrelevant,sorted,random,1000,MC-A,1,1200,900,200,0,1096,2
irrelevant,sorted,random,1000,MC-A-detect,1,1300,900,100,0,1096,2
irrelevant,sorted,random,1000,MC-B,2,1100,900,200,0,1032,2
irrelevant,sorted,random,1000,MC-A-detect,2,1200,900,100,0,1096,2
irrelevant,sorted,random,1000,MCC-B,2,2000,1400,200,100,1160,5
irrelevant,sorted,random,1000,MC-C,2,1600,1200,400,0,1160,3
irrelevant,sorted,random,1000,MCC-C,2,2700,2000,300,200,1160,6
irrelevant,sorted,random,1000,MCC-A,2,2800,1900,400,200,1160,5
irrelevant,sorted,random,1000,MC-A,2,1400,1100,200,0,1096,2
irrelevant,nearly_sorted,random,1000,MC-A-detect,0,1100,900,200,0,1096,2
irrelevant,nearly_sorted,random,1000,MCC-C,0,1900,1400,200,100,1160,6
irrelevant,nearly_sorted,random,1000,MC-A,0,1300,900,200,0,1096,2
irrelevant,nearly_sorted,random,1000,MCC-B,0,2000,1500,200,200,1160,5
irrelevant,nearly_sorted,random,1000,MCC-A,0,2100,1400,300,100,1160,5
irrelevant,nearly_sorted,random,1000,MC-C,0,1300,900,300,0,1160,3
irrelevant,nearly_sorted,random,1000,MC-B,0,1100,800,200,0,1032,2
irrelevant,nearly_sorted,random,1000,MC-C,1,1300,900,200,0,1160,3
irrelevant,nearly_sorted,random,1000,MC-B,1,1100,900,200,0,1032,2
irrelevant,nearly_sorted,random,1000,MCC-A,1,2000,1400,300,200,1160,5
irrelevant,nearly_sorted,random,1000,MCC-B,1,1900,1400,200,100,1160,5
irrelevant,nearly_sorted,random,1000,MCC-C,1,1900,1400,100,100,1160,6
irrelevant,nearly_sorted,random,1000,MC-A-detect,1,1300,900,200,0,1096,2
irrelevant,nearly_sorted,random,1000,MC-A,1,1200,900,100,0,1096,2
irrelevant,nearly_sorted,random,1000,MC-A-detect,2,1200,1000,200,0,1096,2
irrelevant,nearly_sorted,random,1000,MC-A,2,1200,900,100,0,1096,2
irrelevant,nearly_sorted,random,1000,MCC-C,2,2000,1400,200,100,1160,6
irrelevant,nearly_sorted,random,1000,MCC-A,2,2100,1400,300,200,1160,5
irrelevant,nearly_sorted,random,1000,MC-C,2,1200,900,200,0,1160,3
irrelevant,nearly_sorted,random,1000,MCC-B,2,1900,1500,200,100,1160,5
irrelevant,nearly_sorted,random,1000,MC-B,2,1200,800,100,0,1032,2
irrelevant,shuffled,random,1000,MC-C,0,1200,900,200,0,1160,3
irrelevant,shuffled,random,1000,MCC-A,0,2000,1400,200,200,1160,5
irrelevant,shuffled,random,1000,MCC-C,0,1900,1500,200,200,1160,6
irrelevant,shuffled,random,1000,MC-A,0,1200,900,100,0,1096,2
irrelevant,shuffled,random,1000,MC-B,0,1100,900,200,0,1032,2
irrelevant,shuffled,random,1000,MC-A-detect,0,1300,900,100,0,1096,2
irrelevant,shuffled,random,1000,MCC-B,0,2000,1400,200,200,1160,5
irrelevant,shuffled,random,1000,MCC-C,1,1900,1400,200,100,1160,6
irrelevant,shuffled,random,1000,MC-A-detect,1,1200,900,100,0,1096,2
irrelevant,shuffled,random,1000,MC-C,1,1300,1000,200,0,1160,3
irrelevant,shuffled,random,1000,MCC-B,1,1900,1500,200,100,1160,5
irrelevant,shuffled,random,1000,MC-A,1,1200,900,100,0,1096,2
irrelevant,shuffled,random,1000,MCC-A,1,2100,1400,300,200,1160,5
irrelevant,shuffled,random,1000,MC-B,1,1200,900,200,0,1032,2
irrelevant,shuffled,random,1000,MCC-A,2,3500,2000,800,300,1160,5
irrelevant,shuffled,random,1000,MCC-C,2,2300,1400,400,300,1160,6
irrelevant,shuffled,random,1000,MC-A-detect,2,1400,900,200,0,1096,2
irrelevant,shuffled,random,1000,MCC-B,2,2100,1500,300,100,1160,5
irrelevant,shuffled,random,1000,MC-A,2,1300,900,100,0,1096,2
irrelevant,shuffled,random,1000,MC-B,2,1200,900,200,0,1032,2
irrelevant,shuffled,random,1000,MC-C,2,1700,1100,400,0,1160,3
empty,sorted,random,1000,MC-C,0,5200,800,4200,0,1160,3
empty,sorted,random,1000,MCC-A,0,2200,1500,400,100,1160,5
empty,sorted,random,1000,MC-B,0,1300,1000,200,0,1032,2
empty,sorted,random,1000,MCC-B,0,2000,1500,300,200,1160,5
empty,sorted,random,1000,MC-A,0,1200,900,100,0,1096,2
empty,sorted,random,1000,MC-A-detect,0,1200,900,100,0,1096,2
empty,sorted,random,1000,MCC-C,0,1900,1400,200,0,1160,6
empty,sorted,random,1000,MCC-C,1,1800,1400,100,100,1160,6
empty,sorted,random,1000,MC-C,1,1300,900,200,0,1160,3
empty,sorted,random,1000,MC-B,1,1000,800,100,0,1032,2
empty,sorted,random,1000,MCC-A,1,2000,1300,300,100,1160,5
empty,sorted,random,1000,MCC-B,1,1900,1400,200,100,1160,5
empty,sorted,random,1000,MC-A-detect,1,1100,900,100,0,1096,2
empty,sorted,random,1000,MC-A,1,1100,900,100,0,1096,2
empty,sorted,random,1000,MCC-C,2,1900,1400,200,0,1160,6
empty,sorted,random,1000,MCC-A,2,2000,1400,300,0,1160,5
empty,sorted,random,1000,MC-A-detect,2,1300,900,300,0,1096,2
empty,sorted,random,1000,MC-B,2,1000,900,100,0,1032,2
empty,sorted,random,1000,MC-C,2,1200,900,100,0,1160,3
empty,sorted,random,1000,MCC-B,2,1900,1500,200,100,1160,5
empty,sorted,random,1000,MC-A,2,1100,900,100,0,1096,2
empty,nearly_sorted,random,1000,MC-B,0,1000,800,0,0,1032,2
empty,nearly_sorted,random,1000,MCC-C,0,1900,1400,200,100,1160,6
empty,nearly_sorted,random,1000,MC-A-detect,0,1100,900,100,0,1096,2
empty,nearly_sorted,random,1000,MC-A,0,1200,900,100,0,1096,2
empty,nearly_sorted,random,1000,MCC-A,0,2000,1400,300,100,1160,5
empty,nearly_sorted,random,1000,MC-C,0,1200,900,200,0,1160,3
empty,nearly_sorted,random,1000,MCC-B,0,1900,1400,200,100,1160,5
empty,nearly_sorted,random,1000,MC-A,1,1200,900,100,0,1096,2
empty,nearly_sorted,random,1000,MCC-B,1,1800,1400,100,0,1160,5
empty,nearly_sorted,random,1000,MCC-C,1,1800,1400,100,100,1160,6
empty,nearly_sorted,random,1000,MCC-A,1,2000,1400,300,100,1160,5
empty,nearly_sorted,random,1000,MC-B,1,1000,900,100,0,1032,2
empty,nearly_sorted,random,1000,MC-A-detect,1,1100,900,100,0,1096,2
empty,nearly_sorted,random,1000,MC-C,1,1200,900,200,0,1160,3
empty,nearly_sorted,random,1000,MCC-C,2,1900,1400,200,100,1160,6
empty,nearly_sorted,random,1000,MCC-A,2,2000,1400,300,0,1160,5
empty,nearly_sorted,random,1000,MC-C,2,1100,900,200,0,1160,3
empty,nearly_sorted,random,1000,MC-B,2,1000,900,100,0,1032,2
empty,nearly_sorted,random,1000,MC-A-detect,2,1100,900,0,0,1096,2
empty,nearly_sorted,random,1000,MCC-B,2,1900,1400,200,0,1160,5
empty,nearly_sorted,random,1000,MC-A,2,1100,900,100,0,1096,2
empty,shuffled,random,1000,MC-A-detect,0,1100,900,0,0,1096,2
empty,shuffled,random,1000,MC-B,0,1100,900,0,0,1032,2
empty,shuffled,random,1000,MCC-A,0,2000,1500,300,100,1160,5
empty,shuffled,random,1000,MCC-C,0,1900,1400,200,0,1160,6
empty,shuffled,random,1000,MCC-B,0,1900,1400,200,100,1160,5
empty,shuffled,random,1000,MC-C,0,1200,1000,200,0,1160,3
empty,shuffled,random,1000,MC-A,0,1100,900,100,0,1096,2
empty,shuffled,random,1000,MCC-C,1,1900,1400,200,100,1160,6
empty,shuffled,random,1000,MC-B,1,1100,900,100,0,1032,2
empty,shuffled,random,1000,MC-C,1,1200,900,100,0,1160,3
empty,shuffled,random,1000,MCC-B,1,1900,1400,200,0,1160,5
empty,shuffled,random,1000,MC-A,1,1100,900,100,0,1096,2
empty,shuffled,random,1000,MC-A-detect,1,1100,900,100,0,1096,2
empty,shuffled,random,1000,MCC-A,1,2000,1400,300,100,1160,5
empty,shuffled,random,1000,MCC-B,2,1800,1400,100,0,1160,5
empty,shuffled,random,1000,MCC-C,2,1800,1400,100,100,1160,6
empty,shuffled,random,1000,MCC-A,2,1900,1400,200,0,1160,5
empty,shuffled,random,1000,MC-A-detect,2,1200,900,100,0,1096,2
empty,shuffled,random,1000,MC-A,2,1200,1000,100,0,1096,2
empty,shuffled,random,1000,MC-B,2,1000,900,100,0,1032,2
empty,shuffled,random,1000,MC-C,2,1200,900,100,0,1160,3
giant_component,sorted,random,1000,MC-B,0,6100,3600,2200,0,9192,10
giant_component,sorted,random,1000,MC-A,0,5100,3400,1500,0,25576,10
giant_component,sorted,random,1000,MC-C,0,24000,3200,20600,0,41960,19
giant_component,sorted,random,1000,MCC-A,0,52200,4500,46300,900,104560,13
giant_component,sorted,random,1000,MCC-B,0,65400,4500,59400,900,154864,13
giant_component,sorted,random,1000,MC-A-detect,0,4600,3000,1500,0,25576,10
giant_component,sorted,random,1000,MCC-C,0,51400,4500,45500,900,104608,14
giant_component,sorted,random,1000,MC-A,1,5000,3200,1500,0,25576,10
giant_component,sorted,random,1000,MCC-A,1,50200,4600,44400,900,104560,13
giant_component,sorted,random,1000,MCC-C,1,68800,4500,45300,900,104608,14
giant_component,sorted,random,1000,MC-B,1,6000,3800,2000,0,9192,10
giant_component,sorted,random,1000,MC-C,1,23900,3300,20400,0,41960,19
giant_component,sorted,random,1000,MC-A-detect,1,4600,2900,1400,0,25576,10
giant_component,sorted,random,1000,MCC-B,1,113300,4500,107400,900,154864,13
giant_component,sorted,random,1000,MCC-C,2,79500,4600,56900,900,104608,14
giant_component,sorted,random,1000,MC-B,2,6300,3800,2200,0,9192,10
giant_component,sorted,random,1000,MC-A-detect,2,4700,3000,1400,0,25576,10
giant_component,sorted,random,1000,MC-A,2,4800,3200,1400,0,25576,10
giant_component,sorted,random,1000,MC-C,2,23000,3100,19600,0,41960,19
giant_component,sorted,random,1000,MCC-A,2,79600,4500,73800,1000,104560,13
giant_component,sorted,random,1000,MCC-B,2,95600,4600,89600,1000,154864,13
giant_component,nearly_sorted,random,1000,MC-C,0,35700,15100,20300,0,41960,19
giant_component,nearly_sorted,random,1000,MCC-B,0,101200,16500,83400,900,154864,13
giant_component,nearly_sorted,random,1000,MCC-C,0,63300,16400,45500,900,104608,14
giant_component,nearly_sorted,random,1000,MCC-A,0,81500,16200,47300,1000,104560,13
giant_component,nearly_sorted,random,1000,MC-A,0,16400,15200,1100,0,25576,10
giant_component,nearly_sorted,random,1000,MC-B,0,24800,22700,2000,0,9192,10
giant_component,nearly_sorted,random,1000,MC-A-detect,0,16000,14800,1000,0,25576,10
giant_component,nearly_sorted,random,1000,MC-B,1,23300,21200,2000,0,9192,10
giant_component,nearly_sorted,random,1000,MC-A,1,15900,14700,1100,0,25576,10
giant_component,nearly_sorted,random,1000,MCC-C,1,84900,16300,67300,900,104608,14
giant_component,nearly_sorted,random,1000,MC-C,1,34800,14600,20000,0,41960,19
giant_component,nearly_sorted,random,1000,MCC-A,1,61200,16200,43900,900,104560,13
giant_component,nearly_sorted,random,1000,MCC-B,1,112100,16200,94500,800,154864,13
giant_component,nearly_sorted,random,1000,MC-A-detect,1,16200,14900,1000,0,25576,10
giant_component,nearly_sorted,random,1000,MC-A-detect,2,15800,14700,1000,0,25576,10
giant_component,nearly_sorted,random,1000,MC-B,2,23800,21500,2100,0,9192,10
giant_component,nearly_sorted,random,1000,MCC-A,2,60700,16100,43100,900,104560,13
giant_component,nearly_sorted,random,1000,MC-A,2,16100,14800,1100,0,25576,10
giant_component,nearly_sorted,random,1000,MCC-C,2,62700,16100,45300,800,104608,14
giant_component,nearly_sorted,random,1000,MC-C,2,40700,15000,25400,0,41960,19
giant_component,nearly_sorted,random,1000,MCC-B,2,76100,16200,58700,900,154864,13
giant_component,shuffled,random,1000,MCC-B,0,128500,30800,96300,1100,154864,13
giant_component,shuffled,random,1000,MCC-C,0,82600,20400,60800,900,104608,14
giant_component,shuffled,random,1000,MCC-A,0,88600,19700,51700,900,104560,13
giant_component,shuffled,random,1000,MC-C,0,42300,21700,20300,0,41960,19
giant_component,shuffled,random,1000,MC-A-detect,0,21600,20400,1100,0,25576,10
giant_component,shuffled,random,1000,MC-A,0,20000,18600,1100,0,25576,10
giant_component,shuffled,random,1000,MC-B,0,33000,30700,2000,0,9192,10
giant_component,shuffled,random,1000,MCC-B,1,123700,21800,100500,900,154864,13
giant_component,shuffled,random,1000,MC-A-detect,1,21400,20100,1100,0,25576,10
giant_component,shuffled,random,1000,MC-C,1,38800,18400,20300,0,41960,19
giant_component,shuffled,random,1000,MC-B,1,30700,28400,2000,0,9192,10
giant_component,shuffled,random,1000,MCC-A,1,103100,22200,60800,1200,104560,13
giant_component,shuffled,random,1000,MCC-C,1,111100,35900,73600,1100,104608,14
giant_component,shuffled,random,1000,MC-A,1,26700,24900,1500,0,25576,10
giant_component,shuffled,random,1000,MCC-C,2,68700,21200,46100,1100,104608,14
giant_component,shuffled,random,1000,MC-A,2,21300,19500,1400,0,25576,10
giant_component,shuffled,random,1000,MC-A-detect,2,19500,18200,1100,0,25576,10
giant_component,shuffled,random,1000,MCC-A,2,79600,20900,46800,900,104560,13
giant_component,shuffled,random,1000,MC-C,2,47500,26900,20300,0,41960,19
giant_component,shuffled,random,1000,MC-B,2,30500,28300,2000,0,9192,10
giant_component,shuffled,random,1000,MCC-B,2,140800,23100,114200,1100,154864,13
fail_begin,sorted,random,1000,MCC-A,0,69100,4600,64000,100,104624,13
fail_begin,sorted,random,1000,MC-B,0,4200,4000,200,0,9192,10
fail_begin,sorted,random,1000,MC-C,0,3700,3400,100,0,25576,10
fail_begin,sorted,random,1000,MC-A-detect,0,3300,3000,100,0,25576,10
fail_begin,sorted,random,1000,MCC-C,0,39000,4500,22200,100,104672,14
fail_begin,sorted,random,1000,MCC-B,0,67700,4500,62600,100,154880,13
fail_begin,sorted,random,1000,MC-A,0,3600,3300,200,0,25576,10
fail_begin,sorted,random,1000,MC-B,1,4200,3900,100,0,9192,10
fail_begin,sorted,random,1000,MCC-A,1,53800,4600,48700,100,104624,13
fail_begin,sorted,random,1000,MCC-C,1,48900,4600,22100,100,104672,14
fail_begin,sorted,random,1000,MC-C,1,12700,12100,200,0,25576,10
fail_begin,sorted,random,1000,MC-A,1,3900,3600,100,0,25576,10
fail_begin,sorted,random,1000,MCC-B,1,74400,7300,66600,100,154880,13
fail_begin,sorted,random,1000,MC-A-detect,1,3400,3000,100,0,25576,10
fail_begin,sorted,random,1000,MC-A,2,3600,3200,100,0,25576,10
fail_begin,sorted,random,1000,MCC-B,2,42500,4500,35500,200,154880,13
fail_begin,sorted,random,1000,MCC-A,2,65900,4700,60600,100,104624,13
fail_begin,sorted,random,1000,MC-B,2,4200,3900,100,0,9192,10
fail_begin,sorted,random,1000,MCC-C,2,41100,4600,22200,100,104672,14
fail_begin,sorted,random,1000,MC-A-detect,2,11700,11300,100,0,25576,10
fail_begin,sorted,random,1000,MC-C,2,3600,3300,200,0,25576,10
fail_begin,nearly_sorted,random,1000,MC-B,0,22400,22100,100,0,9192,10
fail_begin,nearly_sorted,random,1000,MC-C,0,15600,15200,100,0,25576,10
fail_begin,nearly_sorted,random,1000,MCC-A,0,51400,16300,34500,100,104624,13
fail_begin,nearly_sorted,random,1000,MCC-B,0,58200,16400,39200,100,154880,13
fail_begin,nearly_sorted,random,1000,MC-A-detect,0,15400,15100,100,0,25576,10
fail_begin,nearly_sorted,random,1000,MCC-C,0,77400,16200,47900,100,104672,14
fail_begin,nearly_sorted,random,1000,MC-A,0,15500,15000,100,0,25576,10
fail_begin,nearly_sorted,random,1000,MC-A,1,15100,14700,100,0,25576,10
fail_begin,nearly_sorted,random,1000,MC-C,1,15100,14700,200,0,25576,10
fail_begin,nearly_sorted,random,1000,MCC-B,1,85800,16300,67200,1800,154880,13
fail_begin,nearly_sorted,random,1000,MC-A-detect,1,15400,15000,200,0,25576,10
fail_begin,nearly_sorted,random,1000,MCC-A,1,70200,16200,53400,0,104624,13
fail_begin,nearly_sorted,random,1000,MCC-C,1,39100,16400,22200,100,104672,14
fail_begin,nearly_sorted,random,1000,MC-B,1,22200,21900,200,0,9192,10
fail_begin,nearly_sorted,random,1000,MCC-C,2,58600,16500,22400,100,104672,14
fail_begin,nearly_sorted,random,1000,MCC-A,2,83000,16600,65900,100,104624,13
fail_begin,nearly_sorted,random,1000,MCC-B,2,88400,16500,69300,100,154880,13
fail_begin,nearly_sorted,random,1000,MC-C,2,15600,15200,100,0,25576,10
fail_begin,nearly_sorted,random,1000,MC-A-detect,2,15200,14900,200,0,25576,10
fail_begin,nearly_sorted,random,1000,MC-A,2,15100,14800,100,0,25576,10
fail_begin,nearly_sorted,random,1000,MC-B,2,21900,21600,100,0,9192,10
fail_begin,shuffled,random,1000,MC-B,0,28600,28300,100,0,9192,10
fail_begin,shuffled,random,1000,MCC-A,0,55200,20000,34600,100,104624,13
fail_begin,shuffled,random,1000,MC-A-detect,0,19500,19200,100,0,25576,10
fail_begin,shuffled,random,1000,MCC-B,0,63700,19100,44000,100,154880,13
fail_begin,shuffled,random,1000,MC-C,0,18600,18100,100,0,25576,10
fail_begin,shuffled,random,1000,MC-A,0,17700,17400,200,0,25576,10
fail_begin,shuffled,random,1000,MCC-C,0,41700,18800,22400,100,104672,14
fail_begin,shuffled,random,1000,MC-B,1,25700,25500,100,0,9192,10
fail_begin,shuffled,random,1000,MC-A-detect,1,18100,17800,200,0,25576,10
fail_begin,shuffled,random,1000,MCC-C,1,41700,19000,22200,0,104672,14
fail_begin,shuffled,random,1000,MC-A,1,17800,17400,100,0,25576,10
fail_begin,shuffled,random,1000,MC-C,1,17500,17100,100,0,25576,10
fail_begin,shuffled,random,1000,MCC-B,1,61200,18800,39600,100,154880,13
fail_begin,shuffled,random,1000,MCC-A,1,80900,18800,61600,100,104624,13
fail_begin,shuffled,random,1000,MCC-A,2,53900,18900,34500,100,104624,13
fail_begin,shuffled,random,1000,MC-C,2,17700,17400,200,0,25576,10
fail_begin,shuffled,random,1000,MC-A,2,17500,17100,100,0,25576,10
fail_begin,shuffled,random,1000,MC-B,2,25000,24700,100,0,9192,10
fail_begin,shuffled,random,1000,MCC-C,2,41700,19000,22300,0,104672,14
fail_begin,shuffled,random,1000,MC-A-detect,2,18200,17900,200,0,25576,10
fail_begin,shuffled,random,1000,MCC-B,2,67700,19700,47400,100,154880,13
fail_middle,sorted,random,1000,MCC-B,0,74200,4500,67400,100,154880,13
fail_middle,sorted,random,1000,MC-C,0,6500,3400,2800,0,25640,11
fail_middle,sorted,random,1000,MCC-C,0,74100,4600,54400,100,104672,14
fail_middle,sorted,random,1000,MC-B,0,5600,4200,1300,0,9192,10
fail_middle,sorted,random,1000,MC-A,0,12500,11300,900,0,25576,10
fail_middle,sorted,random,1000,MCC-A,0,78300,6200,60300,100,104624,13
fail_middle,sorted,random,1000,MC-A-detect,0,12100,11000,900,0,25576,10
fail_middle,sorted,random,1000,MC-A-detect,1,3900,2900,800,0,25576,10
fail_middle,sorted,random,1000,MC-A,1,4200,3200,900,0,25576,10
fail_middle,sorted,random,1000,MC-B,1,5400,3900,1200,0,9192,10
fail_middle,sorted,random,1000,MCC-A,1,76600,6100,60300,100,104624,13
fail_middle,sorted,random,1000,MCC-B,1,79200,4700,73900,100,154880,13
fail_middle,sorted,random,1000,MCC-C,1,67600,4700,41100,100,104672,14
fail_middle,sorted,random,1000,MC-C,1,22800,16500,6000,0,25640,11
fail_middle,sorted,random,1000,MC-A-detect,2,4000,2900,800,0,25576,10
fail_middle,sorted,random,1000,MC-C,2,6300,3200,2800,0,25640,11
fail_middle,sorted,random,1000,MCC-B,2,99600,6000,91300,200,154880,13
fail_middle,sorted,random,1000,MC-A,2,4500,3400,900,0,25576,10
fail_middle,sorted,random,1000,MCC-C,2,67100,4500,49900,100,104672,14
fail_middle,sorted,random,1000,MCC-A,2,61800,4700,56700,100,104624,13
fail_middle,sorted,random,1000,MC-B,2,5700,4400,1300,0,9192,10
fail_middle,nearly_sorted,random,1000,MCC-B,0,89600,16300,72700,100,154880,13
fail_middle,nearly_sorted,random,1000,MC-A-detect,0,16800,15200,1400,0,25576,10
fail_middle,nearly_sorted,random,1000,MC-C,0,17800,14800,2800,0,25640,11
fail_middle,nearly_sorted,random,1000,MC-A,0,15800,14800,900,0,25576,10
fail_middle,nearly_sorted,random,1000,MCC-C,0,54400,16300,37600,100,104672,14
fail_middle,nearly_sorted,random,1000,MC-B,0,23100,21800,1200,0,9192,10
fail_middle,nearly_sorted,random,1000,MCC-A,0,71600,16400,35700,100,104624,13
fail_middle,nearly_sorted,random,1000,MC-B,1,22700,21400,1200,0,9192,10
fail_middle,nearly_sorted,random,1000,MC-A,1,16200,15100,900,0,25576,10
fail_middle,nearly_sorted,random,1000,MCC-B,1,112100,16300,93400,200,154880,13
fail_middle,nearly_sorted,random,1000,MC-A-detect,1,16200,15100,900,0,25576,10
fail_middle,nearly_sorted,random,1000,MCC-A,1,88200,16300,58500,100,104624,13
fail_middle,nearly_sorted,random,1000,MCC-C,1,63500,16500,46400,100,104672,14
fail_middle,nearly_sorted,random,1000,MC-C,1,18100,15000,2900,0,25640,11
fail_middle,nearly_sorted,random,1000,MCC-C,2,41100,16200,24500,0,104672,14
fail_middle,nearly_sorted,random,1000,MCC-A,2,64700,16200,35200,0,104624,13
fail_middle,nearly_sorted,random,1000,MC-A,2,28700,27400,900,0,25576,10
fail_middle,nearly_sorted,random,1000,MCC-B,2,106100,17700,86100,100,154880,13
fail_middle,nearly_sorted,random,1000,MC-B,2,23000,21700,1300,0,9192,10
fail_middle,nearly_sorted,random,1000,MC-C,2,18000,14900,2800,0,25640,11
fail_middle,nearly_sorted,random,1000,MC-A-detect,2,16000,14800,800,0,25576,10
fail_middle,shuffled,random,1000,MCC-C,0,90200,20700,34500,200,104672,14
fail_middle,shuffled,random,1000,MCC-B,0,89900,19900,69600,100,154880,13
fail_middle,shuffled,random,1000,MC-B,0,29700,28300,1400,0,9192,10
fail_middle,shuffled,random,1000,MC-A,0,21000,19800,900,0,25576,10
fail_middle,shuffled,random,1000,MC-A-detect,0,19000,18000,900,0,25576,10
fail_middle,shuffled,random,1000,MC-C,0,20300,17300,2900,0,25640,11
fail_middle,shuffled,random,1000,MCC-A,0,75200,19800,54900,100,104624,13
fail_middle,shuffled,random,1000,MCC-C,1,72500,19100,24700,100,104672,14
fail_middle,shuffled,random,1000,MCC-A,1,89700,18900,70200,100,104624,13
fail_middle,shuffled,random,1000,MC-B,1,27200,25600,1300,0,9192,10
fail_middle,shuffled,random,1000,MC-A,1,19600,18600,900,0,25576,10
fail_middle,shuffled,random,1000,MC-A-detect,1,19000,17900,900,0,25576,10
fail_middle,shuffled,random,1000,MCC-B,1,106300,21800,81900,200,154880,13
fail_middle,shuffled,random,1000,MC-C,1,20700,17600,2900,0,25640,11
fail_middle,shuffled,random,1000,MC-A,2,18200,17200,900,0,25576,10
fail_middle,shuffled,random,1000,MCC-A,2,78700,19000,59000,100,104624,13
fail_middle,shuffled,random,1000,MC-A-detect,2,18400,17400,900,0,25576,10
fail_middle,shuffled,random,1000,MC-B,2,26300,24900,1300,0,9192,10
fail_middle,shuffled,random,1000,MCC-C,2,44200,19100,24700,100,104672,14
fail_middle,shuffled,random,1000,MCC-B,2,95000,18600,73900,100,154880,13
fail_middle,shuffled,random,1000,MC-C,2,20600,17600,2800,0,25640,11
fail_end,sorted,random,1000,MC-A-detect,0,4700,2900,1600,0,25576,10
fail_end,sorted,random,1000,MC-B,0,6300,3700,2300,0,9192,10
fail_end,sorted,random,1000,MCC-A,0,4800,4600,0,0,32576,10
fail_end,sorted,random,1000,MCC-C,0,4700,4500,0,0,32576,10
fail_end,sorted,random,1000,MC-A,0,5000,3200,1600,0,25576,10
fail_end,sorted,random,1000,MCC-B,0,4800,4400,0,0,32576,10
fail_end,sorted,random,1000,MC-C,0,8800,3100,5400,0,25640,11
fail_end,sorted,random,1000,MCC-A,1,4700,4400,0,0,32576,10
fail_end,sorted,random,1000,MC-C,1,8800,3100,5400,0,25640,11
fail_end,sorted,random,1000,MC-B,1,6100,3700,2400,0,9192,10
fail_end,sorted,random,1000,MCC-C,1,4800,4600,0,0,32576,10
fail_end,sorted,random,1000,MCC-B,1,4700,4400,0,0,32576,10
fail_end,sorted,random,1000,MC-A,1,5000,3200,1700,0,25576,10
fail_end,sorted,random,1000,MC-A-detect,1,4600,2800,1600,0,25576,10
fail_end,sorted,random,1000,MC-C,2,8700,3200,5400,0,25640,11
fail_end,sorted,random,1000,MCC-C,2,4700,4400,0,0,32576,10
fail_end,sorted,random,1000,MC-A,2,4900,3200,1600,0,25576,10
fail_end,sorted,random,1000,MCC-A,2,4700,4500,0,0,32576,10
fail_end,sorted,random,1000,MC-B,2,6300,3700,2400,0,9192,10
fail_end,sorted,random,1000,MC-A-detect,2,4700,2900,1600,0,25576,10
fail_end,sorted,random,1000,MCC-B,2,4800,4600,0,0,32576,10
fail_end,nearly_sorted,random,1000,MCC-A,0,16600,16300,0,0,32576,10
fail_end,nearly_sorted,random,1000,MC-A,0,16800,14900,1600,0,25576,10
fail_end,nearly_sorted,random,1000,MC-A-detect,0,16800,14900,1700,0,25576,10
fail_end,nearly_sorted,random,1000,MCC-B,0,16500,16300,0,0,32576,10
fail_end,nearly_sorted,random,1000,MCC-C,0,16500,16300,0,0,32576,10
fail_end,nearly_sorted,random,1000,MC-C,0,20400,14800,5400,0,25640,11
fail_end,nearly_sorted,random,1000,MC-B,0,24300,21800,2300,0,9192,10
fail_end,nearly_sorted,random,1000,MCC-C,1,16700,16400,0,0,32576,10
fail_end,nearly_sorted,random,1000,MC-C,1,20400,14800,5400,0,25640,11
fail_end,nearly_sorted,random,1000,MCC-B,1,16600,16300,0,0,32576,10
fail_end,nearly_sorted,random,1000,MCC-A,1,16500,16200,0,0,32576,10
fail_end,nearly_sorted,random,1000,MC-A,1,16700,14800,1700,0,25576,10
fail_end,nearly_sorted,random,1000,MC-A-detect,1,16700,14900,1700,0,25576,10
fail_end,nearly_sorted,random,1000,MC-B,1,23900,21400,2400,0,9192,10
fail_end,nearly_sorted,random,1000,MC-C,2,20500,14900,5500,0,25640,11
fail_end,nearly_sorted,random,1000,MC-A,2,16600,14800,1700,0,25576,10
fail_end,nearly_sorted,random,1000,MC-B,2,23600,21100,2400,0,9192,10
fail_end,nearly_sorted,random,1000,MCC-B,2,16700,16300,0,0,32576,10
fail_end,nearly_sorted,random,1000,MCC-A,2,16600,16400,0,0,32576,10
fail_end,nearly_sorted,random,1000,MC-A-detect,2,16800,15000,1600,0,25576,10
fail_end,nearly_sorted,random,1000,MCC-C,2,16600,16400,0,0,32576,10
fail_end,shuffled,random,1000,MCC-C,0,19000,18700,0,0,32576,10
fail_end,shuffled,random,1000,MCC-A,0,23900,23700,0,0,32576,10
fail_end,shuffled,random,1000,MC-C,0,23800,18200,5400,0,25640,11
fail_end,shuffled,random,1000,MC-A,0,19200,17400,1700,0,25576,10
fail_end,shuffled,random,1000,MC-A-detect,0,19000,17200,1700,0,25576,10
fail_end,shuffled,random,1000,MC-B,0,30300,27700,2500,0,9192,10
fail_end,shuffled,random,1000,MCC-B,0,19600,19400,0,0,32576,10
fail_end,shuffled,random,1000,MCC-C,1,19000,18700,0,0,32576,10
fail_end,shuffled,random,1000,MC-C,1,23400,17700,5400,0,25640,11
fail_end,shuffled,random,1000,MCC-B,1,18800,18600,0,0,32576,10
fail_end,shuffled,random,1000,MC-A,1,19100,17200,1600,0,25576,10
fail_end,shuffled,random,1000,MCC-A,1,18900,18600,0,0,32576,10
fail_end,shuffled,random,1000,MC-B,1,27800,25200,2500,0,9192,10
fail_end,shuffled,random,1000,MC-A-detect,1,19300,17400,1600,0,25576,10
fail_end,shuffled,random,1000,MC-A-detect,2,18900,17100,1600,0,25576,10
fail_end,shuffled,random,1000,MCC-B,2,18900,18700,0,0,32576,10
fail_end,shuffled,random,1000,MC-C,2,22800,17100,5500,0,25640,11
fail_end,shuffled,random,1000,MCC-A,2,18800,18600,0,0,32576,10
fail_end,shuffled,random,1000,MC-A,2,18900,16900,1600,0,25576,10
fail_end,shuffled,random,1000,MCC-C,2,18800,18600,0,0,32576,10
fail_end,shuffled,random,1000,MC-B,2,26200,23500,2500,0,9192,10
expensive_long,sorted,expensive,1000,MC-C,0,3700,3200,200,0,25640,11
expensive_long,sorted,expensive,1000,MC-B,0,3900,3700,200,0,9192,10
expensive_long,sorted,expensive,1000,MCC-A,0,75200,16100,36600,2100,104632,13
expensive_long,sorted,expensive,1000,MCC-C,0,90600,24000,52200,2100,104680,14
expensive_long,sorted,expensive,1000,MCC-B,0,136100,23200,108300,2200,154888,13
expensive_long,sorted,expensive,1000,MC-A-detect,0,3500,3100,100,0,25576,10
expensive_long,sorted,expensive,1000,MC-A,0,3600,3200,200,0,25576,10
expensive_long,sorted,expensive,1000,MCC-B,1,104800,16100,84100,2200,154888,13
expensive_long,sorted,expensive,1000,MCC-A,1,93500,16200,63200,2200,104632,13
expensive_long,sorted,expensive,1000,MC-C,1,3800,3400,200,0,25640,11
expensive_long,sorted,expensive,1000,MCC-C,1,77900,16200,59200,2100,104680,14
expensive_long,sorted,expensive,1000,MC-B,1,3900,3700,100,0,9192,10
expensive_long,sorted,expensive,1000,MC-A-detect,1,3300,2900,100,0,25576,10
expensive_long,sorted,expensive,1000,MC-A,1,3500,3200,100,0,25576,10
expensive_long,sorted,expensive,1000,MC-A-detect,2,3100,2800,100,0,25576,10
expensive_long,sorted,expensive,1000,MC-A,2,3500,3200,200,0,25576,10
expensive_long,sorted,expensive,1000,MCC-A,2,66200,16100,36700,2200,104632,13
expensive_long,sorted,expensive,1000,MCC-C,2,81000,16200,52800,2200,104680,14
expensive_long,sorted,expensive,1000,MC-B,2,4000,3700,100,0,9192,10
expensive_long,sorted,expensive,1000,MC-C,2,3800,3400,200,0,25640,11
expensive_long,sorted,expensive,1000,MCC-B,2,98100,16100,79200,2100,154888,13
expensive_long,nearly_sorted,expensive,1000,MCC-A,0,55200,16100,36500,2000,104632,13
expensive_long,nearly_sorted,expensive,1000,MC-A-detect,0,15400,15100,100,0,25576,10
expensive_long,nearly_sorted,expensive,1000,MC-B,0,22100,21800,100,0,9192,10
expensive_long,nearly_sorted,expensive,1000,MC-A,0,15200,14900,100,0,25576,10
expensive_long,nearly_sorted,expensive,1000,MCC-B,0,80700,16200,59700,2200,154888,13
expensive_long,nearly_sorted,expensive,1000,MC-C,0,15400,15000,100,0,25640,11
expensive_long,nearly_sorted,expensive,1000,MCC-C,0,70000,16200,51300,2200,104680,14
expensive_long,nearly_sorted,expensive,1000,MC-A-detect,1,15200,15000,100,0,25576,10
expensive_long,nearly_sorted,expensive,1000,MCC-B,1,100200,16100,79500,2200,154888,13
expensive_long,nearly_sorted,expensive,1000,MCC-C,1,81800,16300,51200,2100,104680,14
expensive_long,nearly_sorted,expensive,1000,MC-B,1,22000,21800,100,0,9192,10
expensive_long,nearly_sorted,expensive,1000,MCC-A,1,88700,16300,60900,2200,104632,13
expensive_long,nearly_sorted,expensive,1000,MC-A,1,15400,15100,100,0,25576,10
expensive_long,nearly_sorted,expensive,1000,MC-C,1,15300,14900,200,0,25640,11
expensive_long,nearly_sorted,expensive,1000,MCC-C,2,70400,16100,51700,2100,104680,14
expensive_long,nearly_sorted,expensive,1000,MC-A-detect,2,15300,15000,100,0,25576,10
expensive_long,nearly_sorted,expensive,1000,MCC-A,2,67300,16200,36600,2100,104632,13
expensive_long,nearly_sorted,expensive,1000,MC-C,2,21300,20900,300,0,25640,11
expensive_long,nearly_sorted,expensive,1000,MC-B,2,21700,21500,100,0,9192,10
expensive_long,nearly_sorted,expensive,1000,MCC-B,2,99600,17800,79100,2200,154888,13
expensive_long,nearly_sorted,expensive,1000,MC-A,2,15200,14900,100,0,25576,10
expensive_long,shuffled,expensive,1000,MC-A,0,20500,20200,200,0,25576,10
expensive_long,shuffled,expensive,1000,MCC-C,0,75600,20000,52500,2700,104680,14
expensive_long,shuffled,expensive,1000,MC-B,0,29400,29200,100,0,9192,10
expensive_long,shuffled,expensive,1000,MC-A-detect,0,20300,19900,200,0,25576,10
expensive_long,shuffled,expensive,1000,MC-C,0,18900,18300,200,0,25640,11
expensive_long,shuffled,expensive,1000,MCC-A,0,73100,20300,37400,2200,104632,13
expensive_long,shuffled,expensive,1000,MCC-B,0,119800,26900,87900,2800,154888,13
expensive_long,shuffled,expensive,1000,MCC-B,1,106200,19200,82100,2700,154888,13
expensive_long,shuffled,expensive,1000,MC-A,1,19100,18700,200,0,25576,10
expensive_long,shuffled,expensive,1000,MC-C,1,18200,17700,300,0,25640,11
expensive_long,shuffled,expensive,1000,MC-B,1,27300,27000,100,0,9192,10
expensive_long,shuffled,expensive,1000,MCC-C,1,88700,20100,52100,2600,104680,14
expensive_long,shuffled,expensive,1000,MCC-A,1,89400,19400,57600,2700,104632,13
expensive_long,shuffled,expensive,1000,MC-A-detect,1,21900,21600,100,0,25576,10
expensive_long,shuffled,expensive,1000,MCC-A,2,80100,18900,58100,2700,104632,13
expensive_long,shuffled,expensive,1000,MCC-B,2,92500,18800,71000,2200,154888,13
expensive_long,shuffled,expensive,1000,MC-C,2,18400,18000,300,0,25640,11
expensive_long,shuffled,expensive,1000,MC-A,2,17700,17500,100,0,25576,10
expensive_long,shuffled,expensive,1000,MCC-C,2,74100,18900,31300,2700,104680,14
expensive_long,shuffled,expensive,1000,MC-B,2,26100,25800,100,0,9192,10
expensive_long,shuffled,expensive,1000,MC-A-detect,2,23700,23400,100,0,25576,10
single,sorted,random,10000,MCC-B,0,183000,34900,105200,400,483272,17
single,sorted,random,10000,MC-A,0,120700,109600,10900,0,403216,14
single,sorted,random,10000,MC-C,0,173100,28400,84600,0,665360,27
single,sorted,random,10000,MC-A-detect,0,126900,115800,10900,0,403216,14
single,sorted,random,10000,MC-B,0,79900,61700,17900,0,141072,14
single,sorted,random,10000,MCC-A,0,149000,38900,63600,300,483272,17
single,sorted,random,10000,MC-C,1,262700,106200,82400,0,665360,27
single,sorted,random,10000,MC-A,1,162000,109300,11000,0,403216,14
single,sorted,random,10000,MCC-A,1,232000,126400,63600,300,483272,17
single,sorted,random,10000,MC-B,1,106400,87800,18200,0,141072,14
single,sorted,random,10000,MCC-B,1,191000,93200,97000,400,483272,17
single,sorted,random,10000,MC-A-detect,1,80700,22400,11000,0,403216,14
single,sorted,random,10000,MC-A-detect,2,120200,109000,10900,0,403216,14
single,sorted,random,10000,MC-C,2,172800,25100,89100,0,665360,27
single,sorted,random,10000,MC-A,2,118100,107000,10900,0,403216,14
single,sorted,random,10000,MCC-B,2,189800,49900,97100,300,483272,17
single,sorted,random,10000,MC-B,2,108700,87800,20600,0,141072,14
single,sorted,random,10000,MCC-A,2,208300,97500,63800,400,483272,17
single,nearly_sorted,random,10000,MC-C,0,265300,107200,99700,0,665360,27
single,nearly_sorted,random,10000,MCC-B,0,247700,149900,97100,300,483272,17
single,nearly_sorted,random,10000,MC-B,0,64800,46700,18000,0,141072,14
single,nearly_sorted,random,10000,MCC-A,0,153500,35100,63800,300,483272,17
single,nearly_sorted,random,10000,MC-A-detect,0,156500,105900,11000,0,403216,14
single,nearly_sorted,random,10000,MC-A,0,136800,125300,11300,0,403216,14
single,nearly_sorted,random,10000,MCC-B,1,166800,68500,97600,400,483272,17
single,nearly_sorted,random,10000,MC-A-detect,1,80600,22700,10900,0,403216,14
single,nearly_sorted,random,10000,MC-A,1,209900,198200,11300,0,403216,14
single,nearly_sorted,random,10000,MC-C,1,182700,26400,94400,0,665360,27
single,nearly_sorted,random,10000,MCC-A,1,274500,161500,64500,400,483272,17
single,nearly_sorted,random,10000,MC-B,1,110500,92400,17800,0,141072,14
single,nearly_sorted,random,10000,MC-B,2,49300,31200,17700,0,141072,14
single,nearly_sorted,random,10000,MC-A-detect,2,95800,84600,10800,0,403216,14
single,nearly_sorted,random,10000,MCC-A,2,181500,65800,63400,300,483272,17
single,nearly_sorted,random,10000,MCC-B,2,308400,165900,96600,300,483272,17
single,nearly_sorted,random,10000,MC-A,2,138800,127600,10900,0,403216,14
single,nearly_sorted,random,10000,MC-C,2,178400,25000,97500,0,665360,27
single,shuffled,random,10000,MC-C,0,251900,111200,83700,0,665360,27
single,shuffled,random,10000,MC-A-detect,0,147200,134100,12700,0,403216,14
single,shuffled,random,10000,MC-A,0,36900,25800,10800,0,403216,14
single,shuffled,random,10000,MCC-A,0,173500,59400,63600,300,483272,17
single,shuffled,random,10000,MC-B,0,109200,91100,17900,0,141072,14
single,shuffled,random,10000,MCC-B,0,210900,113400,96800,400,483272,17
single,shuffled,random,10000,MC-A,1,36500,25300,10900,0,403216,14
single,shuffled,random,10000,MC-B,1,49700,31600,17800,0,141072,14
single,shuffled,random,10000,MCC-A,1,149700,35000,63400,300,483272,17
single,shuffled,random,10000,MCC-B,1,238300,141100,96500,400,483272,17
single,shuffled,random,10000,MC-A-detect,1,33600,22500,10800,0,403216,14
single,shuffled,random,10000,MC-C,1,155000,25100,72600,0,665360,27
single,shuffled,random,10000,MCC-A,2,251900,141700,63400,300,483272,17
single,shuffled,random,10000,MC-A-detect,2,153600,103200,10900,0,403216,14
single,shuffled,random,10000,MC-B,2,100200,82100,17900,0,141072,14
single,shuffled,random,10000,MC-C,2,207600,76300,74400,0,665360,27
single,shuffled,random,10000,MCC-B,2,244400,147200,96300,400,483272,17
single,shuffled,random,10000,MC-A,2,80800,25100,10900,0,403216,14
two,sorted,random,10000,MC-A,0,116300,105200,11000,0,403216,14
two,sorted,random,10000,MC-C,0,196300,25900,101900,0,665360,27
two,sorted,random,10000,MC-A-detect,0,117000,105800,10900,0,403216,14
two,sorted,random,10000,MCC-B,0,254300,55800,112000,300,483296,17
two,sorted,random,10000,MC-B,0,100200,82000,17900,0,141072,14
two,sorted,random,10000,MCC-A,0,248400,108200,81000,400,483296,17
two,sorted,random,10000,MC-A-detect,1,112000,100800,10900,0,403216,14
two,sorted,random,10000,MC-B,1,63500,45500,17800,0,141072,14
two,sorted,random,10000,MCC-A,1,191400,56300,80700,300,483296,17
two,sorted,random,10000,MC-C,1,269900,106900,96000,0,665360,27
two,sorted,random,10000,MCC-B,1,254700,142000,111800,400,483296,17
two,sorted,random,10000,MC-A,1,91000,25200,10900,0,403216,14
two,sorted,random,10000,MC-C,2,272800,109500,96100,0,665360,27
two,sorted,random,10000,MC-A,2,117500,106300,11000,0,403216,14
two,sorted,random,10000,MCC-B,2,168700,55900,112000,300,483296,17
two,sorted,random,10000,MC-A-detect,2,83000,22300,10900,0,403216,14
two,sorted,random,10000,MCC-A,2,218000,136300,81000,400,483296,17
two,sorted,random,10000,MC-B,2,63000,45000,17800,0,141072,14
two,nearly_sorted,random,10000,MCC-B,0,193700,35000,111500,300,483296,17
two,nearly_sorted,random,10000,MC-A-detect,0,116100,104900,10900,0,403216,14
two,nearly_sorted,random,10000,MC-B,0,65600,45400,20000,0,141072,14
two,nearly_sorted,random,10000,MC-C,0,165800,24300,77600,0,665360,27
two,nearly_sorted,random,10000,MCC-A,0,273900,136300,78400,400,483296,17
two,nearly_sorted,random,10000,MC-A,0,115700,104900,10600,0,403216,14
two,nearly_sorted,random,10000,MCC-B,1,226300,54400,117400,400,483296,17
two,nearly_sorted,random,10000,MC-B,1,90900,73200,17400,0,141072,14
two,nearly_sorted,random,10000,MC-A,1,84500,72200,12000,0,403216,14
two,nearly_sorted,random,10000,MC-C,1,185100,27700,81800,0,665360,27
two,nearly_sorted,random,10000,MCC-A,1,263800,132500,81000,300,483296,17
two,nearly_sorted,random,10000,MC-A-detect,1,109000,98000,10900,0,403216,14
two,nearly_sorted,random,10000,MC-B,2,63100,45100,17900,0,141072,14
two,nearly_sorted,random,10000,MCC-B,2,221900,55300,112800,400,483296,17
two,nearly_sorted,random,10000,MCC-A,2,214600,134800,79200,400,483296,17
two,nearly_sorted,random,10000,MC-C,2,171500,24600,73200,0,665360,27
two,nearly_sorted,random,10000,MC-A,2,160500,109700,10700,0,403216,14
two,nearly_sorted,random,10000,MC-A-detect,2,112900,101900,10700,0,403216,14
two,shuffled,random,10000,MC-A,0,328600,317300,11000,0,403216,14
two,shuffled,random,10000,MCC-A,0,389200,254400,85400,400,483296,17
two,shuffled,random,10000,MC-B,0,364900,346600,18000,0,141072,14
two,shuffled,random,10000,MCC-B,0,417900,305100,111900,400,483296,17
two,shuffled,random,10000,MC-C,0,362700,224300,64600,0,665360,27
two,shuffled,random,10000,MC-A-detect,0,368500,302700,11200,0,403216,14
two,shuffled,random,10000,MC-A,1,307100,295800,11100,0,403216,14
two,shuffled,random,10000,MCC-B,1,377900,263800,113300,400,483296,17
two,shuffled,random,10000,MCC-A,1,362800,232400,82400,300,483296,17
two,shuffled,random,10000,MC-B,1,366600,348200,18100,0,141072,14
two,shuffled,random,10000,MC-C,1,435400,274500,91400,0,665360,27
two,shuffled,random,10000,MC-A-detect,1,310400,299100,11000,0,403216,14
two,shuffled,random,10000,MC-B,2,335100,316700,18100,0,141072,14
two,shuffled,random,10000,MCC-B,2,367900,254900,112300,300,483296,17
two,shuffled,random,10000,MC-C,2,351600,222600,61900,0,665360,27
two,shuffled,random,10000,MC-A,2,305900,294700,10900,0,403216,14
two,shuffled,random,10000,MC-A-detect,2,263700,213600,11000,0,403216,14
two,shuffled,random,10000,MCC-A,2,418400,332300,85300,400,483296,17
disjoint,sorted,random,10000,MCC-B,0,112700,82800,0,0,236616,13
disjoint,sorted,random,10000,MC-C,0,70000,65100,4800,0,206672,14
disjoint,sorted,random,10000,MCC-A,0,38300,38100,0,0,236616,13
disjoint,sorted,random,10000,MC-B,0,26500,22200,4100,0,75536,13
disjoint,sorted,random,10000,MC-A,0,19000,18300,500,0,206608,13
disjoint,sorted,random,10000,MC-A-detect,0,51500,17100,400,0,206608,13
disjoint,sorted,random,10000,MC-B,1,47300,43400,3700,0,75536,13
disjoint,sorted,random,10000,MCC-B,1,95600,63600,0,0,236616,13
disjoint,sorted,random,10000,MC-A-detect,1,68100,63300,4700,0,206608,13
disjoint,sorted,random,10000,MC-C,1,19200,18400,600,0,206672,14
disjoint,sorted,random,10000,MC-A,1,18900,18200,400,0,206608,13
disjoint,sorted,random,10000,MCC-A,1,70300,38200,0,0,236616,13
disjoint,sorted,random,10000,MCC-B,2,114500,82600,0,0,236616,13
disjoint,sorted,random,10000,MC-C,2,68700,63700,4800,0,206672,14
disjoint,sorted,random,10000,MC-A-detect,2,17700,17100,400,0,206608,13
disjoint,sorted,random,10000,MCC-A,2,38200,37800,0,0,236616,13
disjoint,sorted,random,10000,MC-B,2,25700,21600,3900,0,75536,13
disjoint,sorted,random,10000,MC-A,2,52300,18300,400,0,206608,13
disjoint,nearly_sorted,random,10000,MC-A-detect,0,130800,99000,400,0,206608,13
disjoint,nearly_sorted,random,10000,MCC-B,0,192000,162300,0,0,236616,13
disjoint,nearly_sorted,random,10000,MCC-A,0,166200,165900,0,0,236616,13
disjoint,nearly_sorted,random,10000,MC-B,0,136800,132200,4400,0,75536,13
disjoint,nearly_sorted,random,10000,MC-A,0,110200,104400,5500,0,206608,13
disjoint,nearly_sorted,random,10000,MC-C,0,99600,98700,600,0,206672,14
disjoint,nearly_sorted,random,10000,MC-B,1,134400,133700,400,0,75536,13
disjoint,nearly_sorted,random,10000,MCC-A,1,143100,108700,0,0,236616,13
disjoint,nearly_sorted,random,10000,MC-A-detect,1,179300,146900,4900,0,206608,13
disjoint,nearly_sorted,random,10000,MC-A,1,146800,141500,5100,0,206608,13
disjoint,nearly_sorted,random,10000,MCC-B,1,117600,117300,0,0,236616,13
disjoint,nearly_sorted,random,10000,MC-C,1,99500,98600,600,0,206672,14
disjoint,nearly_sorted,random,10000,MCC-B,2,104700,104500,0,0,236616,13
disjoint,nearly_sorted,random,10000,MC-A-detect,2,99200,98500,400,0,206608,13
disjoint,nearly_sorted,random,10000,MC-C,2,95600,94800,600,0,206672,14
disjoint,nearly_sorted,random,10000,MC-A,2,95500,94900,500,0,206608,13
disjoint,nearly_sorted,random,10000,MCC-A,2,104600,104300,0,0,236616,13
disjoint,nearly_sorted,random,10000,MC-B,2,135600,131300,4000,0,75536,13
disjoint,shuffled,random,10000,MC-C,0,220000,214500,5200,0,206672,14
disjoint,shuffled,random,10000,MCC-A,0,190000,189700,0,0,236616,13
disjoint,shuffled,random,10000,MCC-B,0,209900,176600,0,0,236616,13
disjoint,shuffled,random,10000,MC-A-detect,0,213800,208900,4800,0,206608,13
disjoint,shuffled,random,10000,MC-B,0,226100,221900,4100,0,75536,13
disjoint,shuffled,random,10000,MC-A,0,168200,167600,500,0,206608,13
disjoint,shuffled,random,10000,MCC-A,1,180800,180500,0,0,236616,13
disjoint,shuffled,random,10000,MC-C,1,167800,166900,600,0,206672,14
disjoint,shuffled,random,10000,MC-A-detect,1,166700,166000,500,0,206608,13
disjoint,shuffled,random,10000,MCC-B,1,177200,176900,0,0,236616,13
disjoint,shuffled,random,10000,MC-A,1,167100,166400,400,0,206608,13
disjoint,shuffled,random,10000,MC-B,1,215900,215000,600,0,75536,13
disjoint,shuffled,random,10000,MC-A-detect,2,170400,169800,400,0,206608,13
disjoint,shuffled,random,10000,MC-A,2,204200,165900,400,0,206608,13
disjoint,shuffled,random,10000,MCC-A,2,232400,232000,0,0,236616,13
disjoint,shuffled,random,10000,MC-C,2,172100,166500,5400,0,206672,14
disjoint,shuffled,random,10000,MC-B,2,213900,209400,4200,0,75536,13
disjoint,shuffled,random,10000,MCC-B,2,178400,178100,0,0,236616,13
chain,sorted,random,10000,MC-A-detect,0,38300,22800,15200,0,403216,14
chain,sorted,random,10000,MC-B,0,54200,31400,22500,0,141072,14
chain,sorted,random,10000,MC-A,0,40600,25200,15200,0,403216,14
chain,sorted,random,10000,MCC-B,0,848500,37400,789500,20900,2286112,17
chain,sorted,random,10000,MCC-A,0,716700,38000,567900,22300,1193344,17
chain,sorted,random,10000,MC-C,0,155000,67300,53200,0,403280,15
chain,sorted,random,10000,MCC-A,1,811900,98900,604900,21100,1193344,17
chain,sorted,random,10000,MCC-B,1,980600,98400,860200,21200,2286112,17
chain,sorted,random,10000,MC-C,1,79000,25800,52900,0,403280,15
chain,sorted,random,10000,MC-A,1,41400,25700,15400,0,403216,14
chain,sorted,random,10000,MC-A-detect,1,111400,95700,15500,0,403216,14
chain,sorted,random,10000,MC-B,1,55000,32000,22800,0,141072,14
chain,sorted,random,10000,MCC-B,2,933800,56500,855500,21100,2286112,17
chain,sorted,random,10000,MCC-A,2,626800,38000,567800,20400,1193344,17
chain,sorted,random,10000,MC-A-detect,2,38300,22700,15300,0,403216,14
chain,sorted,random,10000,MC-B,2,54400,31400,22600,0,141072,14
chain,sorted,random,10000,MC-C,2,82900,25400,57400,0,403280,15
chain,sorted,random,10000,MC-A,2,41000,25500,15300,0,403216,14
chain,nearly_sorted,random,10000,MCC-B,0,1052500,215100,815600,21200,2286112,17
chain,nearly_sorted,random,10000,MC-C,0,349100,203100,53200,0,403280,15
chain,nearly_sorted,random,10000,MCC-A,0,1001400,275400,608200,21100,1193344,17
chain,nearly_sorted,random,10000,MC-A,0,275700,259900,15500,0,403216,14
chain,nearly_sorted,random,10000,MC-A-detect,0,271600,205800,15400,0,403216,14
chain,nearly_sorted,random,10000,MC-B,0,295900,272700,22800,0,141072,14
chain,nearly_sorted,random,10000,MC-C,1,348300,294600,53300,0,403280,15
chain,nearly_sorted,random,10000,MCC-A,1,937800,219600,611700,21000,1193344,17
chain,nearly_sorted,random,10000,MC-B,1,290900,267900,22800,0,141072,14
chain,nearly_sorted,random,10000,MC-A,1,276200,260500,15400,0,403216,14
chain,nearly_sorted,random,10000,MC-A-detect,1,217600,202000,15400,0,403216,14
chain,nearly_sorted,random,10000,MCC-B,1,1157800,221300,855800,21200,2286112,17
chain,nearly_sorted,random,10000,MC-A,2,275100,259500,15400,0,403216,14
chain,nearly_sorted,random,10000,MC-B,2,293900,266400,27300,0,141072,14
chain,nearly_sorted,random,10000,MCC-B,2,1095400,216400,857100,21300,2286112,17
chain,nearly_sorted,random,10000,MC-A-detect,2,217700,202000,15500,0,403216,14
chain,nearly_sorted,random,10000,MC-C,2,260200,206900,53000,0,403280,15
chain,nearly_sorted,random,10000,MCC-A,2,904000,215200,581500,20500,1193344,17
chain,shuffled,random,10000,MC-A-detect,0,351100,335000,15800,0,403216,14
chain,shuffled,random,10000,MC-A,0,294000,277900,15800,0,403216,14
chain,shuffled,random,10000,MCC-B,0,1267300,291000,880200,27100,2286112,17
chain,shuffled,random,10000,MC-C,0,389300,335700,53300,0,403280,15
chain,shuffled,random,10000,MCC-A,0,1013000,289500,611400,23100,1193344,17
chain,shuffled,random,10000,MC-B,0,394200,366000,28000,0,141072,14
chain,shuffled,random,10000,MC-A,1,343300,327400,15700,0,403216,14
chain,shuffled,random,10000,MC-C,1,419000,365900,52800,0,403280,15
chain,shuffled,random,10000,MCC-B,1,1179600,289300,863300,26300,2286112,17
chain,shuffled,random,10000,MC-A-detect,1,285300,269500,15500,0,403216,14
chain,shuffled,random,10000,MCC-A,1,979700,284000,570700,26000,1193344,17
chain,shuffled,random,10000,MC-B,1,386700,358800,27600,0,141072,14
chain,shuffled,random,10000,MCC-B,2,1272800,337000,851400,26200,2286112,17
chain,shuffled,random,10000,MC-B,2,385900,357900,27600,0,141072,14
chain,shuffled,random,10000,MCC-A,2,1055400,337300,613000,21200,1193344,17
chain,shuffled,random,10000,MC-C,2,387500,335100,52100,0,403280,15
chain,shuffled,random,10000,MC-A,2,409200,393500,15500,0,403216,14
chain,shuffled,random,10000,MC-A-detect,2,288800,273100,15500,0,403216,14
dense,sorted,equal,10000,MCC-A,0,817500,152700,616800,4200,1013416,17
dense,sorted,equal,10000,MC-B,0,98200,80800,17000,0,141072,14
dense,sorted,equal,10000,MC-A,0,171200,116700,6100,0,403216,14
dense,sorted,equal,10000,MC-A-detect,0,104300,97800,6100,0,403216,14
dense,sorted,equal,10000,MCC-B,0,1533300,54900,1389900,400,1439704,17
dense,sorted,equal,10000,MC-C,0,262500,91000,136700,0,534288,26
dense,sorted,equal,10000,MCC-A,1,818700,122300,644400,4200,1013416,17
dense,sorted,equal,10000,MC-C,1,272400,156300,115800,0,534288,26
dense,sorted,equal,10000,MC-B,1,49500,31600,17700,0,141072,14
dense,sorted,equal,10000,MC-A-detect,1,35800,29600,6100,0,403216,14
dense,sorted,equal,10000,MCC-B,1,1529200,42200,1428900,4400,1439704,17
dense,sorted,equal,10000,MC-A,1,97800,91400,6000,0,403216,14
dense,sorted,equal,10000,MC-A,2,31500,25300,6000,0,403216,14
dense,sorted,equal,10000,MC-C,2,202600,25100,139400,0,534288,26
dense,sorted,equal,10000,MC-A-detect,2,100000,93700,6000,0,403216,14
dense,sorted,equal,10000,MCC-B,2,1538600,58000,1392800,300,1439704,17
dense,sorted,equal,10000,MCC-A,2,781400,122800,590500,300,1013416,17
dense,sorted,equal,10000,MC-B,2,87500,74300,12900,0,141072,14
dense,nearly_sorted,equal,10000,MC-A,0,285400,279000,6200,0,403216,14
dense,nearly_sorted,equal,10000,MCC-B,0,1728100,234700,1393500,400,1439704,17
dense,nearly_sorted,equal,10000,MC-A-detect,0,321500,314800,6300,0,403216,14
dense,nearly_sorted,equal,10000,MC-C,0,333900,196700,136900,0,534288,26
dense,nearly_sorted,equal,10000,MCC-A,0,903900,211900,612000,400,1013416,17
dense,nearly_sorted,equal,10000,MC-B,0,337300,323200,13900,0,141072,14
dense,nearly_sorted,equal,10000,MC-B,1,285300,271300,13700,0,141072,14
dense,nearly_sorted,equal,10000,MC-A,1,245100,238700,6200,0,403216,14
dense,nearly_sorted,equal,10000,MC-A-detect,1,204100,197700,6100,0,403216,14
dense,nearly_sorted,equal,10000,MCC-B,1,1732300,228600,1396700,400,1439704,17
dense,nearly_sorted,equal,10000,MC-C,1,443300,269800,133200,0,534288,26
dense,nearly_sorted,equal,10000,MCC-A,1,994100,310700,612200,300,1013416,17
dense,nearly_sorted,equal,10000,MCC-B,2,1775400,295400,1381000,400,1439704,17
dense,nearly_sorted,equal,10000,MC-A-detect,2,279500,273300,6000,0,403216,14
dense,nearly_sorted,equal,10000,MC-B,2,291200,277700,13200,0,141072,14
dense,nearly_sorted,equal,10000,MC-A,2,227200,190000,6000,0,403216,14
dense,nearly_sorted,equal,10000,MCC-A,2,986100,291700,619600,400,1013416,17
dense,nearly_sorted,equal,10000,MC-C,2,441700,269200,132600,0,534288,26
dense,shuffled,equal,10000,MCC-A,0,1071600,368200,702300,500,1013416,17
dense,shuffled,equal,10000,MC-B,0,440000,421800,18000,0,141072,14
dense,shuffled,equal,10000,MC-C,0,378100,278800,98900,0,534288,26
dense,shuffled,equal,10000,MC-A-detect,0,253700,246700,6800,0,403216,14
dense,shuffled,equal,10000,MCC-B,0,1788600,274800,1382200,400,1439704,17
dense,shuffled,equal,10000,MC-A,0,416900,408400,8100,0,403216,14
dense,shuffled,equal,10000,MC-B,1,395400,379400,15900,0,141072,14
dense,shuffled,equal,10000,MC-A-detect,1,254600,247700,6700,0,403216,14
dense,shuffled,equal,10000,MC-A,1,258300,251300,6800,0,403216,14
dense,shuffled,equal,10000,MCC-B,1,1817100,298000,1418600,300,1439704,17
dense,shuffled,equal,10000,MCC-A,1,1121800,400100,656000,400,1013416,17
dense,shuffled,equal,10000,MC-C,1,571400,368500,167800,0,534288,26
dense,shuffled,equal,10000,MC-C,2,593600,392300,168100,0,534288,26
dense,shuffled,equal,10000,MCC-B,2,2213300,468500,1697400,9100,1439704,17
dense,shuffled,equal,10000,MC-A-detect,2,336800,329800,6700,0,403216,14
dense,shuffled,equal,10000,MC-A,2,248100,241200,6600,0,403216,14
dense,shuffled,equal,10000,MCC-A,2,1027100,319000,643400,400,1013416,17
dense,shuffled,equal,10000,MC-B,2,424500,408200,15900,0,141072,14
dense,sorted,zero,10000,MC-C,0,250900,85900,131400,0,534288,26
dense,sorted,zero,10000,MC-A,0,118300,88200,5800,0,403216,14
dense,sorted,zero,10000,MC-B,0,79000,65900,12900,0,141072,14
dense,sorted,zero,10000,MCC-B,0,1625500,95400,1434900,300,1439704,17
dense,sorted,zero,10000,MCC-A,0,838300,119700,648800,400,1013416,17
dense,sorted,zero,10000,MC-A-detect,0,118700,87100,5900,0,403216,14
dense,sorted,zero,10000,MC-A,1,96900,90700,6000,0,403216,14
dense,sorted,zero,10000,MC-A-detect,1,28100,22100,5900,0,403216,14
dense,sorted,zero,10000,MCC-B,1,1583000,53300,1435900,300,1439704,17
dense,sorted,zero,10000,MC-C,1,222900,89700,133000,0,534288,26
dense,sorted,zero,10000,MC-B,1,44300,31100,13000,0,141072,14
dense,sorted,zero,10000,MCC-A,1,676900,35700,640300,400,1013416,17
dense,sorted,zero,10000,MCC-B,2,1524400,36300,1375600,400,1439704,17
dense,sorted,zero,10000,MCC-A,2,834700,121100,668700,4400,1013416,17
dense,sorted,zero,10000,MC-B,2,87200,74000,13000,0,141072,14
dense,sorted,zero,10000,MC-C,2,223800,64800,121600,0,534288,26
dense,sorted,zero,10000,MC-A-detect,2,94900,88900,5600,0,403216,14
dense,sorted,zero,10000,MC-A,2,29600,23800,5600,0,403216,14
dense,nearly_sorted,zero,10000,MC-C,0,396900,261600,135200,0,534288,26
dense,nearly_sorted,zero,10000,MCC-B,0,1755700,203000,1441300,400,1439704,17
dense,nearly_sorted,zero,10000,MC-B,0,311900,298200,13300,0,141072,14
dense,nearly_sorted,zero,10000,MC-A-detect,0,240400,234100,6000,0,403216,14
dense,nearly_sorted,zero,10000,MC-A,0,193900,187900,5800,0,403216,14
dense,nearly_sorted,zero,10000,MCC-A,0,970400,230800,692400,4600,1013416,17
dense,nearly_sorted,zero,10000,MC-C,1,406200,267800,138200,0,534288,26
dense,nearly_sorted,zero,10000,MCC-A,1,851100,207600,642800,400,1013416,17
dense,nearly_sorted,zero,10000,MC-A,1,201900,195600,6100,0,403216,14
dense,nearly_sorted,zero,10000,MC-A-detect,1,201900,193500,8300,0,403216,14
dense,nearly_sorted,zero,10000,MC-B,1,283800,270000,13500,0,141072,14
dense,nearly_sorted,zero,10000,MCC-B,1,1694700,212200,1364500,400,1439704,17
dense,nearly_sorted,zero,10000,MC-A-detect,2,270600,262400,7900,0,403216,14
dense,nearly_sorted,zero,10000,MCC-A,2,927400,220100,631700,400,1013416,17
dense,nearly_sorted,zero,10000,MC-B,2,311600,298400,12900,0,141072,14
dense,nearly_sorted,zero,10000,MCC-B,2,1801800,256000,1434000,400,1439704,17
dense,nearly_sorted,zero,10000,MC-C,2,442800,267300,134800,0,534288,26
dense,nearly_sorted,zero,10000,MC-A,2,293100,259300,6200,0,403216,14
dense,shuffled,zero,10000,MCC-B,0,1949900,364400,1537100,4300,1439704,17
dense,shuffled,zero,10000,MC-A,0,322400,315500,6700,0,403216,14
dense,shuffled,zero,10000,MC-B,0,372900,357100,15500,0,141072,14
dense,shuffled,zero,10000,MC-C,0,379700,240100,139300,0,534288,26
dense,shuffled,zero,10000,MC-A-detect,0,257800,250700,6800,0,403216,14
dense,shuffled,zero,10000,MCC-A,0,969000,275600,692600,400,1013416,17
dense,shuffled,zero,10000,MCC-A,1,938300,275400,582200,300,1013416,17
dense,shuffled,zero,10000,MC-A,1,343700,336500,6900,0,403216,14
dense,shuffled,zero,10000,MC-C,1,459100,247800,173700,0,534288,26
dense,shuffled,zero,10000,MC-B,1,412300,397100,14900,0,141072,14
dense,shuffled,zero,10000,MC-A-detect,1,326100,318900,6900,0,403216,14
dense,shuffled,zero,10000,MCC-B,1,2008500,318700,1594500,400,1439704,17
dense,shuffled,zero,10000,MC-A-detect,2,424600,417600,6800,0,403216,14
dense,shuffled,zero,10000,MC-C,2,447600,248100,161800,0,534288,26
dense,shuffled,zero,10000,MCC-A,2,1166000,480000,684600,600,1013416,17
dense,shuffled,zero,10000,MC-B,2,376700,360500,16000,0,141072,14
dense,shuffled,zero,10000,MC-A,2,252500,245500,6900,0,403216,14
dense,shuffled,zero,10000,MCC-B,2,1819200,281900,1490200,4600,1439704,17
dense,sorted,random,10000,MCC-B,0,1515000,39800,1386300,400,1439704,17
dense,sorted,random,10000,MC-A,0,92300,86100,5800,0,403216,14
dense,sorted,random,10000,MC-A-detect,0,27500,21600,5700,0,403216,14
dense,sorted,random,10000,MC-C,0,156900,24000,132600,0,534288,26
dense,sorted,random,10000,MCC-A,0,718500,35600,682100,400,1013416,17
dense,sorted,random,10000,MC-B,0,44600,31200,13100,0,141072,14
dense,sorted,random,10000,MC-C,1,120800,24700,95900,0,534288,26
dense,sorted,random,10000,MCC-A,1,700400,36100,595000,300,1013416,17
dense,sorted,random,10000,MC-A-detect,1,92100,86000,5800,0,403216,14
dense,sorted,random,10000,MCC-B,1,1738600,52300,1560800,500,1439704,17
dense,sorted,random,10000,MC-B,1,81500,68300,13000,0,141072,14
dense,sorted,random,10000,MC-A,1,69500,63600,5800,0,403216,14
dense,sorted,random,10000,MCC-A,2,802000,53000,673000,300,1013416,17
dense,sorted,random,10000,MC-A,2,95200,89000,5900,0,403216,14
dense,sorted,random,10000,MC-A-detect,2,54100,22100,5800,0,403216,14
dense,sorted,random,10000,MC-C,2,260300,89900,134500,0,534288,26
dense,sorted,random,10000,MCC-B,2,1788600,118400,1621200,4400,1439704,17
dense,sorted,random,10000,MC-B,2,81100,68000,12900,0,141072,14
dense,nearly_sorted,random,10000,MCC-B,0,1988700,294700,1639100,4700,1439704,17
dense,nearly_sorted,random,10000,MC-C,0,404900,267200,137400,0,534288,26
dense,nearly_sorted,random,10000,MC-A-detect,0,200200,193900,6100,0,403216,14
dense,nearly_sorted,random,10000,MC-A,0,244800,190900,6000,0,403216,14
dense,nearly_sorted,random,10000,MCC-A,0,1068300,297300,692700,400,1013416,17
dense,nearly_sorted,random,10000,MC-B,0,317800,304100,13600,0,141072,14
dense,nearly_sorted,random,10000,MCC-A,1,1044200,267600,695800,300,1013416,17
dense,nearly_sorted,random,10000,MC-A-detect,1,298900,264400,6100,0,403216,14
dense,nearly_sorted,random,10000,MC-C,1,507500,300700,159900,0,534288,26
dense,nearly_sorted,random,10000,MC-A,1,310900,300800,9800,0,403216,14
dense,nearly_sorted,random,10000,MCC-B,1,1931500,265400,1566500,400,1439704,17
dense,nearly_sorted,random,10000,MC-B,1,318000,304600,13200,0,141072,14
dense,nearly_sorted,random,10000,MC-B,2,266600,253300,13100,0,141072,14
dense,nearly_sorted,random,10000,MCC-B,2,1822800,265000,1556900,300,1439704,17
dense,nearly_sorted,random,10000,MCC-A,2,962700,206700,634400,500,1013416,17
dense,nearly_sorted,random,10000,MC-A,2,273900,265500,8100,0,403216,14
dense,nearly_sorted,random,10000,MC-C,2,330400,192200,138000,0,534288,26
dense,nearly_sorted,random,10000,MC-A-detect,2,201500,193200,8000,0,403216,14
dense,shuffled,random,10000,MC-A,0,324500,316100,8100,0,403216,14
dense,shuffled,random,10000,MC-C,0,432500,247600,144400,0,534288,26
dense,shuffled,random,10000,MC-A-detect,0,325500,317100,8100,0,403216,14
dense,shuffled,random,10000,MCC-B,0,2048600,310200,1687400,4800,1439704,17
dense,shuffled,random,10000,MC-B,0,426900,410600,16000,0,141072,14
dense,shuffled,random,10000,MCC-A,0,1215200,350400,818100,4500,1013416,17
dense,shuffled,random,10000,MCC-A,1,1174100,407400,765900,400,1013416,17
dense,shuffled,random,10000,MC-B,1,380200,365000,14900,0,141072,14
dense,shuffled,random,10000,MC-A,1,255900,247600,8000,0,403216,14
dense,shuffled,random,10000,MC-C,1,415000,245500,97600,0,534288,26
dense,shuffled,random,10000,MC-A-detect,1,376600,369300,6900,0,403216,14
dense,shuffled,random,10000,MCC-B,1,2084300,311300,1674500,400,1439704,17
dense,shuffled,random,10000,MCC-A,2,1329100,472100,810100,9200,1013416,17
dense,shuffled,random,10000,MC-A-detect,2,404400,397100,7000,0,403216,14
dense,shuffled,random,10000,MC-A,2,253400,246400,6800,0,403216,14
dense,shuffled,random,10000,MCC-B,2,2008400,293200,1619100,300,1439704,17
dense,shuffled,random,10000,MC-C,2,486300,314000,137200,0,534288,26
dense,shuffled,random,10000,MC-B,2,390100,373900,16000,0,141072,14
dense,sorted,skewed,10000,MC-C,0,258700,89600,134200,0,534288,26
dense,sorted,skewed,10000,MC-A-detect,0,93600,87400,5900,0,403216,14
dense,sorted,skewed,10000,MC-A,0,31400,25200,5900,0,403216,14
dense,sorted,skewed,10000,MCC-A,0,722700,54900,600900,300,1013416,17
dense,sorted,skewed,10000,MCC-B,0,1591400,121100,1421800,4400,1439704,17
dense,sorted,skewed,10000,MC-B,0,83800,70200,13400,0,141072,14
dense,sorted,skewed,10000,MC-B,1,45200,31700,13300,0,141072,14
dense,sorted,skewed,10000,MCC-B,1,1549600,95600,1353800,400,1439704,17
dense,sorted,skewed,10000,MC-C,1,266600,92400,137000,0,534288,26
dense,sorted,skewed,10000,MC-A-detect,1,94700,88500,6100,0,403216,14
dense,sorted,skewed,10000,MC-A,1,31100,25000,6000,0,403216,14
dense,sorted,skewed,10000,MCC-A,1,659000,56800,601500,400,1013416,17
dense,sorted,skewed,10000,MC-A-detect,2,28700,22400,5900,0,403216,14
dense,sorted,skewed,10000,MCC-B,2,1331200,35700,1294600,400,1439704,17
dense,sorted,skewed,10000,MC-C,2,247700,25100,111800,0,534288,26
dense,sorted,skewed,10000,MC-B,2,83700,70000,13400,0,141072,14
dense,sorted,skewed,10000,MC-A,2,73200,66900,6000,0,403216,14
dense,sorted,skewed,10000,MCC-A,2,753500,59600,609500,300,1013416,17
dense,nearly_sorted,skewed,10000,MC-A-detect,0,205400,198800,6200,0,403216,14
dense,nearly_sorted,skewed,10000,MC-B,0,296400,282500,13700,0,141072,14
dense,nearly_sorted,skewed,10000,MCC-A,0,875100,209400,618700,4700,1013416,17
dense,nearly_sorted,skewed,10000,MC-A,0,271000,264400,6200,0,403216,14
dense,nearly_sorted,skewed,10000,MCC-B,0,1703900,229800,1424300,4600,1439704,17
dense,nearly_sorted,skewed,10000,MC-C,0,405100,265300,139400,0,534288,26
dense,nearly_sorted,skewed,10000,MCC-A,1,815300,209800,604700,300,1013416,17
dense,nearly_sorted,skewed,10000,MC-C,1,370200,195200,98200,0,534288,26
dense,nearly_sorted,skewed,10000,MC-A,1,269300,260500,8400,0,403216,14
dense,nearly_sorted,skewed,10000,MCC-B,1,1746100,224700,1415700,800,1439704,17
dense,nearly_sorted,skewed,10000,MC-A-detect,1,276200,269400,6400,0,403216,14
dense,nearly_sorted,skewed,10000,MC-B,1,296200,282100,13700,0,141072,14
dense,nearly_sorted,skewed,10000,MC-B,2,276100,262200,13700,0,141072,14
dense,nearly_sorted,skewed,10000,MC-A,2,203600,194800,8500,0,403216,14
dense,nearly_sorted,skewed,10000,MC-A-detect,2,202900,194600,8100,0,403216,14
dense,nearly_sorted,skewed,10000,MCC-B,2,1701800,233200,1360900,400,1439704,17
dense,nearly_sorted,skewed,10000,MCC-A,2,991400,300300,618700,500,1013416,17
dense,nearly_sorted,skewed,10000,MC-C,2,447200,266800,139800,0,534288,26
dense,shuffled,skewed,10000,MC-A,0,331600,318900,12500,0,403216,14
dense,shuffled,skewed,10000,MCC-A,0,928000,291300,635900,300,1013416,17
dense,shuffled,skewed,10000,MC-B,0,361700,346600,14900,0,141072,14
dense,shuffled,skewed,10000,MC-C,0,343300,244100,99000,0,534288,26
dense,shuffled,skewed,10000,MCC-B,0,1725500,276600,1398000,4700,1439704,17
dense,shuffled,skewed,10000,MC-A-detect,0,363600,356400,6900,0,403216,14
dense,shuffled,skewed,10000,MC-A,1,307900,241200,6800,0,403216,14
dense,shuffled,skewed,10000,MC-C,1,540600,351700,188600,0,534288,26
dense,shuffled,skewed,10000,MC-B,1,355900,340900,14800,0,141072,14
dense,shuffled,skewed,10000,MC-A-detect,1,250200,243200,6800,0,403216,14
dense,shuffled,skewed,10000,MCC-A,1,1057100,278900,697700,400,1013416,17
dense,shuffled,skewed,10000,MCC-B,1,1865600,442700,1421700,600,1439704,17
dense,shuffled,skewed,10000,MCC-A,2,862900,279600,582700,300,1013416,17
dense,shuffled,skewed,10000,MC-B,2,373400,358300,14900,0,141072,14
dense,shuffled,skewed,10000,MC-C,2,344600,244200,100100,0,534288,26
dense,shuffled,skewed,10000,MCC-B,2,1635200,269200,1227300,300,1439704,17
dense,shuffled,skewed,10000,MC-A-detect,2,322700,315700,6700,0,403216,14
dense,shuffled,skewed,10000,MC-A,2,248400,241500,6700,0,403216,14
dense,sorted,different_duplicates,10000,MCC-A,0,597200,36300,560100,400,1013416,17
dense,sorted,different_duplicates,10000,MC-A,0,31300,25300,5700,0,403216,14
dense,sorted,different_duplicates,10000,MC-C,0,141900,24400,117200,0,534288,26
dense,sorted,different_duplicates,10000,MCC-B,0,1462100,36500,1302900,700,1439704,17
dense,sorted,different_duplicates,10000,MC-A-detect,0,97800,91600,5900,0,403216,14
dense,sorted,different_duplicates,10000,MC-B,0,59400,44800,14400,0,141072,14
dense,sorted,different_duplicates,10000,MCC-B,1,1508100,56400,1450100,800,1439704,17
dense,sorted,different_duplicates,10000,MCC-A,1,745600,42100,567500,500,1013416,17
dense,sorted,different_duplicates,10000,MC-B,1,91200,77600,13500,0,141072,14
dense,sorted,different_duplicates,10000,MC-A,1,73800,67700,5900,0,403216,14
dense,sorted,different_duplicates,10000,MC-A-detect,1,29500,23400,5900,0,403216,14
dense,sorted,different_duplicates,10000,MC-C,1,151700,25200,126200,0,534288,26
dense,sorted,different_duplicates,10000,MC-A-detect,2,28800,22700,5900,0,403216,14
dense,sorted,different_duplicates,10000,MC-B,2,45000,31500,13200,0,141072,14
dense,sorted,different_duplicates,10000,MCC-A,2,757500,38200,668500,4800,1013416,17
dense,sorted,different_duplicates,10000,MCC-B,2,1589200,133900,1453900,700,1439704,17
dense,sorted,different_duplicates,10000,MC-A,2,36600,28600,7900,0,403216,14
dense,sorted,different_duplicates,10000,MC-C,2,150500,26100,124200,0,534288,26
dense,nearly_sorted,different_duplicates,10000,MC-A,0,205500,197100,8100,0,403216,14
dense,nearly_sorted,different_duplicates,10000,MCC-B,0,1515200,212800,1301500,400,1439704,17
dense,nearly_sorted,different_duplicates,10000,MC-A-detect,0,205500,197300,8000,0,403216,14
dense,nearly_sorted,different_duplicates,10000,MCC-A,0,784300,206300,577200,400,1013416,17
dense,nearly_sorted,different_duplicates,10000,MC-C,0,309400,195800,113500,0,534288,26
dense,nearly_sorted,different_duplicates,10000,MC-B,0,281600,267800,13600,0,141072,14
dense,nearly_sorted,different_duplicates,10000,MC-A-detect,1,204300,195900,8100,0,403216,14
dense,nearly_sorted,different_duplicates,10000,MC-A,1,200300,192000,8100,0,403216,14
dense,nearly_sorted,different_duplicates,10000,MCC-A,1,883400,207700,545400,400,1013416,17
dense,nearly_sorted,different_duplicates,10000,MCC-B,1,1745900,296800,1448000,600,1439704,17
dense,nearly_sorted,different_duplicates,10000,MC-B,1,290100,276500,13200,0,141072,14
dense,nearly_sorted,different_duplicates,10000,MC-C,1,296600,191200,105300,0,534288,26
dense,nearly_sorted,different_duplicates,10000,MC-A,2,195400,187300,7900,0,403216,14
dense,nearly_sorted,different_duplicates,10000,MCC-A,2,781300,215000,565300,300,1013416,17
dense,nearly_sorted,different_duplicates,10000,MC-C,2,292500,195100,97300,0,534288,26
dense,nearly_sorted,different_duplicates,10000,MC-B,2,283100,269200,13600,0,141072,14
dense,nearly_sorted,different_duplicates,10000,MCC-B,2,1518000,206900,1310300,300,1439704,17
dense,nearly_sorted,different_duplicates,10000,MC-A-detect,2,207600,199500,7800,0,403216,14
dense,shuffled,different_duplicates,10000,MCC-B,0,1561800,269000,1291900,300,1439704,17
dense,shuffled,different_duplicates,10000,MC-A,0,248400,238000,10100,0,403216,14
dense,shuffled,different_duplicates,10000,MC-B,0,361900,347100,14500,0,141072,14
dense,shuffled,different_duplicates,10000,MCC-A,0,848500,269300,578300,300,1013416,17
dense,shuffled,different_duplicates,10000,MC-A-detect,0,244900,238000,6500,0,403216,14
dense,shuffled,different_duplicates,10000,MC-C,0,332000,237000,94700,0,534288,26
dense,shuffled,different_duplicates,10000,MC-B,1,350000,335100,14700,0,141072,14
dense,shuffled,different_duplicates,10000,MCC-B,1,1601700,273900,1326900,300,1439704,17
dense,shuffled,different_duplicates,10000,MC-A,1,258000,247400,10400,0,403216,14
dense,shuffled,different_duplicates,10000,MC-A-detect,1,260600,250000,10300,0,403216,14
dense,shuffled,different_duplicates,10000,MC-C,1,459900,242900,96900,0,534288,26
dense,shuffled,different_duplicates,10000,MCC-A,1,1021700,365700,655300,400,1013416,17
dense,shuffled,different_duplicates,10000,MC-A,2,257000,249100,7700,0,403216,14
dense,shuffled,different_duplicates,10000,MC-A-detect,2,242600,235800,6500,0,403216,14
dense,shuffled,different_duplicates,10000,MC-B,2,348800,334200,14400,0,141072,14
dense,shuffled,different_duplicates,10000,MCC-B,2,1703000,269100,1433000,400,1439704,17
dense,shuffled,different_duplicates,10000,MCC-A,2,967600,268700,650000,6300,1013416,17
dense,shuffled,different_duplicates,10000,MC-C,2,448500,310900,137400,0,534288,26
dense,sorted,expensive,10000,MCC-A,0,563300,35700,526700,400,1013416,17
dense,sorted,expensive,10000,MC-B,0,57900,44800,12900,0,141072,14
dense,sorted,expensive,10000,MC-A,0,30400,24500,5700,0,403216,14
dense,sorted,expensive,10000,MC-C,0,118200,24000,93800,0,534288,26
dense,sorted,expensive,10000,MCC-B,0,1260900,35500,1224600,300,1439704,17
dense,sorted,expensive,10000,MC-A-detect,0,28300,22200,5900,0,403216,14
dense,sorted,expensive,10000,MC-A,1,30800,24800,5900,0,403216,14
dense,sorted,expensive,10000,MC-B,1,45900,32700,12900,0,141072,14
dense,sorted,expensive,10000,MC-C,1,234200,24300,94100,0,534288,26
dense,sorted,expensive,10000,MCC-B,1,1482200,123600,1357400,800,1439704,17
dense,sorted,expensive,10000,MCC-A,1,561700,36700,524100,300,1013416,17
dense,sorted,expensive,10000,MC-A-detect,1,27500,21500,5700,0,403216,14
dense,sorted,expensive,10000,MCC-A,2,533300,35200,497500,300,1013416,17
dense,sorted,expensive,10000,MCC-B,2,1366200,38600,1213900,300,1439704,17
dense,sorted,expensive,10000,MC-A-detect,2,98100,91900,5900,0,403216,14
dense,sorted,expensive,10000,MC-C,2,161900,24800,137000,0,534288,26
dense,sorted,expensive,10000,MC-B,2,44300,30900,13200,0,141072,14
dense,sorted,expensive,10000,MC-A,2,70700,24600,5900,0,403216,14
dense,nearly_sorted,expensive,10000,MC-B,0,290700,277300,13200,0,141072,14
dense,nearly_sorted,expensive,10000,MCC-B,0,1389800,200400,1188600,300,1439704,17
dense,nearly_sorted,expensive,10000,MCC-A,0,733800,200800,532400,300,1013416,17
dense,nearly_sorted,expensive,10000,MC-A-detect,0,198600,192400,6000,0,403216,14
dense,nearly_sorted,expensive,10000,MC-A,0,206400,200200,6000,0,403216,14
dense,nearly_sorted,expensive,10000,MC-C,0,281800,186800,94800,0,534288,26
dense,nearly_sorted,expensive,10000,MCC-B,1,1413100,200200,1212300,300,1439704,17
dense,nearly_sorted,expensive,10000,MC-C,1,409100,198500,96900,0,534288,26
dense,nearly_sorted,expensive,10000,MCC-A,1,974700,353700,620100,400,1013416,17
dense,nearly_sorted,expensive,10000,MC-A-detect,1,201700,195300,6100,0,403216,14
dense,nearly_sorted,expensive,10000,MC-A,1,196800,190600,6100,0,403216,14
dense,nearly_sorted,expensive,10000,MC-B,1,318200,304500,13400,0,141072,14
dense,nearly_sorted,expensive,10000,MCC-B,2,1520200,204200,1315100,400,1439704,17
dense,nearly_sorted,expensive,10000,MC-C,2,441000,214000,99400,0,534288,26
dense,nearly_sorted,expensive,10000,MC-B,2,384900,371100,13500,0,141072,14
dense,nearly_sorted,expensive,10000,MC-A-detect,2,305700,299300,6300,0,403216,14
dense,nearly_sorted,expensive,10000,MC-A,2,197400,191200,6100,0,403216,14
dense,nearly_sorted,expensive,10000,MCC-A,2,994900,246900,675200,400,1013416,17
dense,shuffled,expensive,10000,MC-C,0,380700,258100,122400,0,534288,26
dense,shuffled,expensive,10000,MC-A-detect,0,253500,246800,6600,0,403216,14
dense,shuffled,expensive,10000,MCC-B,0,1514200,267400,1245900,400,1439704,17
dense,shuffled,expensive,10000,MCC-A,0,950800,277400,547800,300,1013416,17
dense,shuffled,expensive,10000,MC-B,0,382200,367400,14600,0,141072,14
dense,shuffled,expensive,10000,MC-A,0,288400,281600,6600,0,403216,14
dense,shuffled,expensive,10000,MC-C,1,363800,239100,124400,0,534288,26
dense,shuffled,expensive,10000,MCC-A,1,984100,278600,619200,300,1013416,17
dense,shuffled,expensive,10000,MC-A,1,328200,321200,6700,0,403216,14
dense,shuffled,expensive,10000,MCC-B,1,1918100,292500,1508700,5000,1439704,17
dense,shuffled,expensive,10000,MC-B,1,393400,378600,14700,0,141072,14
dense,shuffled,expensive,10000,MC-A-detect,1,295700,288600,6700,0,403216,14
dense,shuffled,expensive,10000,MC-B,2,349700,334700,14800,0,141072,14
dense,shuffled,expensive,10000,MCC-B,2,1850300,294100,1445500,500,1439704,17
dense,shuffled,expensive,10000,MC-A,2,326100,319000,6800,0,403216,14
dense,shuffled,expensive,10000,MC-C,2,388500,248600,139800,0,534288,26
dense,shuffled,expensive,10000,MCC-A,2,913200,283700,628700,400,1013416,17
dense,shuffled,expensive,10000,MC-A-detect,2,342300,253300,6800,0,403216,14
dense,sorted,ties,10000,MC-A,0,31800,25600,6000,0,403216,14
dense,sorted,ties,10000,MCC-A,0,701900,36800,547600,300,1013416,17
dense,sorted,ties,10000,MCC-B,0,1566200,126400,1438800,400,1439704,17
dense,sorted,ties,10000,MC-C,0,151700,27300,124200,0,534288,26
dense,sorted,ties,10000,MC-A-detect,0,28600,22500,6000,0,403216,14
dense,sorted,ties,10000,MC-B,0,45100,31600,13300,0,141072,14
dense,sorted,ties,10000,MC-C,1,122800,25000,97500,0,534288,26
dense,sorted,ties,10000,MCC-B,1,1489500,41300,1392700,5900,1439704,17
dense,sorted,ties,10000,MC-A,1,101300,95100,6000,0,403216,14
dense,sorted,ties,10000,MCC-A,1,752500,58700,615600,400,1013416,17
dense,sorted,ties,10000,MC-B,1,89200,75600,13300,0,141072,14
dense,sorted,ties,10000,MC-A-detect,1,71000,64800,5900,0,403216,14
dense,sorted,ties,10000,MCC-B,2,1537800,55200,1481500,500,1439704,17
dense,sorted,ties,10000,MCC-A,2,600100,44500,554700,300,1013416,17
dense,sorted,ties,10000,MC-A-detect,2,29000,22900,5900,0,403216,14
dense,sorted,ties,10000,MC-B,2,46700,33300,13300,0,141072,14
dense,sorted,ties,10000,MC-A,2,31100,25000,5900,0,403216,14
dense,sorted,ties,10000,MC-C,2,246300,25300,98500,0,534288,26
dense,nearly_sorted,ties,10000,MCC-A,0,765700,212800,552000,300,1013416,17
dense,nearly_sorted,ties,10000,MC-C,0,443300,199500,113300,0,534288,26
dense,nearly_sorted,ties,10000,MC-A,0,282000,275100,6500,0,403216,14
dense,nearly_sorted,ties,10000,MC-B,0,299800,285600,13800,0,141072,14
dense,nearly_sorted,ties,10000,MC-A-detect,0,203300,196900,6100,0,403216,14
dense,nearly_sorted,ties,10000,MCC-B,0,1784300,229600,1443300,800,1439704,17
dense,nearly_sorted,ties,10000,MC-C,1,410900,270500,140300,0,534288,26
dense,nearly_sorted,ties,10000,MCC-A,1,917600,211800,658000,4300,1013416,17
dense,nearly_sorted,ties,10000,MC-A-detect,1,281600,275000,6300,0,403216,14
dense,nearly_sorted,ties,10000,MCC-B,1,1761400,225700,1432600,500,1439704,17
dense,nearly_sorted,ties,10000,MC-A,1,288200,281500,6300,0,403216,14
dense,nearly_sorted,ties,10000,MC-B,1,297600,283700,13700,0,141072,14
dense,nearly_sorted,ties,10000,MCC-B,2,1724200,251800,1471100,500,1439704,17
dense,nearly_sorted,ties,10000,MC-B,2,287500,273400,13800,0,141072,14
dense,nearly_sorted,ties,10000,MC-C,2,313600,202200,111200,0,534288,26
dense,nearly_sorted,ties,10000,MCC-A,2,777400,213000,562800,600,1013416,17
dense,nearly_sorted,ties,10000,MC-A,2,206800,200200,6300,0,403216,14
dense,nearly_sorted,ties,10000,MC-A-detect,2,209500,203000,6200,0,403216,14
dense,shuffled,ties,10000,MCC-B,0,1601200,277400,1322700,400,1439704,17
dense,shuffled,ties,10000,MCC-A,0,977800,275800,589400,400,1013416,17
dense,shuffled,ties,10000,MC-C,0,512700,342000,170300,0,534288,26
dense,shuffled,ties,10000,MC-A,0,262000,254800,6900,0,403216,14
dense,shuffled,ties,10000,MC-B,0,354400,339100,15100,0,141072,14
dense,shuffled,ties,10000,MC-A-detect,0,295300,247600,6800,0,403216,14
dense,shuffled,ties,10000,MC-B,1,418900,402600,16100,0,141072,14
dense,shuffled,ties,10000,MC-A,1,338900,331800,6900,0,403216,14
dense,shuffled,ties,10000,MCC-B,1,1823300,313600,1508200,700,1439704,17
dense,shuffled,ties,10000,MC-A-detect,1,258900,251600,7000,0,403216,14
dense,shuffled,ties,10000,MC-C,1,371000,255300,115400,0,534288,26
dense,shuffled,ties,10000,MCC-A,1,994000,276700,590800,300,1013416,17
dense,shuffled,ties,10000,MCC-B,2,1980300,482900,1496100,400,1439704,17
dense,shuffled,ties,10000,MC-A,2,255500,248200,7000,0,403216,14
dense,shuffled,ties,10000,MC-B,2,373400,357000,16000,0,141072,14
dense,shuffled,ties,10000,MC-C,2,469400,245800,122100,0,534288,26
dense,shuffled,ties,10000,MC-A-detect,2,332200,325100,6900,0,403216,14
dense,shuffled,ties,10000,MCC-A,2,1037600,304100,661800,400,1013416,17
nested,sorted,random,10000,MCC-B,0,86600,34800,51100,400,483272,17
nested,sorted,random,10000,MCC-A,0,79600,34800,44100,300,483272,17
nested,sorted,random,10000,MC-B,0,33200,32600,300,0,141072,14
nested,sorted,random,10000,MC-A,0,25400,24900,300,0,403216,14
nested,sorted,random,10000,MC-A-detect,0,22900,22300,300,0,403216,14
nested,sorted,random,10000,MC-C,0,25500,24900,500,0,403280,15
nested,sorted,random,10000,MCC-B,1,86700,34800,51100,300,483272,17
nested,sorted,random,10000,MC-C,1,25700,24900,500,0,403280,15
nested,sorted,random,10000,MC-B,1,31700,31100,300,0,141072,14
nested,sorted,random,10000,MC-A,1,25300,24900,300,0,403216,14
nested,sorted,random,10000,MC-A-detect,1,22700,22200,400,0,403216,14
nested,sorted,random,10000,MCC-A,1,79400,34800,44000,300,483272,17
nested,sorted,random,10000,MC-A-detect,2,22800,22200,300,0,403216,14
nested,sorted,random,10000,MC-C,2,64800,24900,400,0,403280,15
nested,sorted,random,10000,MCC-A,2,179400,134600,44000,400,483272,17
nested,sorted,random,10000,MCC-B,2,123300,34800,51100,300,483272,17
nested,sorted,random,10000,MC-A,2,91500,90900,400,0,403216,14
nested,sorted,random,10000,MC-B,2,44500,44000,300,0,141072,14
nested,nearly_sorted,random,10000,MCC-B,0,91900,35100,56000,400,483272,17
nested,nearly_sorted,random,10000,MC-B,0,261000,260400,300,0,141072,14
nested,nearly_sorted,random,10000,MC-A,0,187100,186600,300,0,403216,14
nested,nearly_sorted,random,10000,MC-C,0,186000,185400,400,0,403280,15
nested,nearly_sorted,random,10000,MCC-A,0,114600,33800,42700,300,483272,17
nested,nearly_sorted,random,10000,MC-A-detect,0,251700,251100,400,0,403216,14
nested,nearly_sorted,random,10000,MC-C,1,196500,195800,500,0,403280,15
nested,nearly_sorted,random,10000,MC-B,1,272700,272100,400,0,141072,14
nested,nearly_sorted,random,10000,MC-A,1,190700,190200,400,0,403216,14
nested,nearly_sorted,random,10000,MCC-A,1,135300,53600,43800,300,483272,17
nested,nearly_sorted,random,10000,MCC-B,1,179500,127700,51100,300,483272,17
nested,nearly_sorted,random,10000,MC-A-detect,1,190100,189600,400,0,403216,14
nested,nearly_sorted,random,10000,MCC-B,2,85800,34500,50700,300,483272,17
nested,nearly_sorted,random,10000,MC-A-detect,2,190000,189300,300,0,403216,14
nested,nearly_sorted,random,10000,MC-B,2,271500,271000,300,0,141072,14
nested,nearly_sorted,random,10000,MCC-A,2,78800,34500,43700,300,483272,17
nested,nearly_sorted,random,10000,MC-C,2,190500,189700,500,0,403280,15
nested,nearly_sorted,random,10000,MC-A,2,189800,189300,400,0,403216,14
nested,shuffled,random,10000,MCC-B,0,86300,34900,50700,300,483272,17
nested,shuffled,random,10000,MCC-A,0,82200,37900,43500,300,483272,17
nested,shuffled,random,10000,MC-C,0,259600,259000,500,0,403280,15
nested,shuffled,random,10000,MC-A-detect,0,258500,257900,400,0,403216,14
nested,shuffled,random,10000,MC-B,0,370400,369900,400,0,141072,14
nested,shuffled,random,10000,MC-A,0,260900,260300,300,0,403216,14
nested,shuffled,random,10000,MC-A-detect,1,259800,259200,300,0,403216,14
nested,shuffled,random,10000,MC-B,1,354100,353500,300,0,141072,14
nested,shuffled,random,10000,MC-C,1,270700,269900,600,0,403280,15
nested,shuffled,random,10000,MC-A,1,260000,259400,400,0,403216,14
nested,shuffled,random,10000,MCC-A,1,79200,34700,43700,400,483272,17
nested,shuffled,random,10000,MCC-B,1,86000,34500,50800,300,483272,17
nested,shuffled,random,10000,MCC-A,2,78600,34400,43600,300,483272,17
nested,shuffled,random,10000,MC-B,2,353100,352500,400,0,141072,14
nested,shuffled,random,10000,MC-A,2,261000,260400,300,0,403216,14
nested,shuffled,random,10000,MC-C,2,307300,259400,500,0,403280,15
nested,shuffled,random,10000,MC-A-detect,2,333900,333300,400,0,403216,14
nested,shuffled,random,10000,MCC-B,2,105400,53900,50800,400,483272,17
duplicates,sorted,equal,10000,MC-C,0,180100,92400,87600,0,665360,27
duplicates,sorted,equal,10000,MC-A,0,85400,25000,10900,0,403216,14
duplicates,sorted,equal,10000,MCC-B,0,236500,121600,114100,400,483296,17
duplicates,sorted,equal,10000,MC-B,0,61900,43900,17600,0,141072,14
duplicates,sorted,equal,10000,MC-A-detect,0,33100,22200,10800,0,403216,14
duplicates,sorted,equal,10000,MCC-A,0,118400,39400,78200,300,483296,17
duplicates,sorted,equal,10000,MC-B,1,49100,31200,17600,0,141072,14
duplicates,sorted,equal,10000,MCC-B,1,144000,34500,108800,300,483296,17
duplicates,sorted,equal,10000,MC-A,1,35600,24700,10700,0,403216,14
duplicates,sorted,equal,10000,MC-C,1,83400,24600,58500,0,665360,27
duplicates,sorted,equal,10000,MC-A-detect,1,33000,22000,10700,0,403216,14
duplicates,sorted,equal,10000,MCC-A,1,113300,34500,78100,300,483296,17
duplicates,sorted,equal,10000,MCC-B,2,144200,34500,109000,200,483296,17
duplicates,sorted,equal,10000,MC-A,2,35700,24700,10800,0,403216,14
duplicates,sorted,equal,10000,MC-C,2,61100,24800,36000,0,665360,27
duplicates,sorted,equal,10000,MCC-A,2,161600,34600,78100,300,483296,17
duplicates,sorted,equal,10000,MC-A-detect,2,102300,91300,10800,0,403216,14
duplicates,sorted,equal,10000,MC-B,2,62200,44300,17600,0,141072,14
duplicates,nearly_sorted,equal,10000,MC-C,0,96700,24900,71600,0,665360,27
duplicates,nearly_sorted,equal,10000,MC-B,0,48800,31100,17600,0,141072,14
duplicates,nearly_sorted,equal,10000,MC-A,0,35800,24900,10800,0,403216,14
duplicates,nearly_sorted,equal,10000,MCC-B,0,143500,33800,109100,300,483296,17
duplicates,nearly_sorted,equal,10000,MC-A-detect,0,33000,22100,10700,0,403216,14
duplicates,nearly_sorted,equal,10000,MCC-A,0,113200,36200,76300,300,483296,17
duplicates,nearly_sorted,equal,10000,MCC-A,1,158400,33600,76200,300,483296,17
duplicates,nearly_sorted,equal,10000,MC-A,1,103800,93000,10600,0,403216,14
duplicates,nearly_sorted,equal,10000,MCC-B,1,158000,51100,106200,300,483296,17
duplicates,nearly_sorted,equal,10000,MC-C,1,95600,24200,71300,0,665360,27
duplicates,nearly_sorted,equal,10000,MC-B,1,47600,30300,17100,0,141072,14
duplicates,nearly_sorted,equal,10000,MC-A-detect,1,37000,26200,10600,0,403216,14
duplicates,nearly_sorted,equal,10000,MC-A-detect,2,32300,21500,10400,0,403216,14
duplicates,nearly_sorted,equal,10000,MC-C,2,109000,24100,33900,0,665360,27
duplicates,nearly_sorted,equal,10000,MC-A,2,108100,97000,10800,0,403216,14
duplicates,nearly_sorted,equal,10000,MCC-A,2,132000,52700,78500,300,483296,17
duplicates,nearly_sorted,equal,10000,MC-B,2,61700,43900,17600,0,141072,14
duplicates,nearly_sorted,equal,10000,MCC-B,2,144200,34600,108900,300,483296,17
duplicates,shuffled,equal,10000,MC-A-detect,0,225300,214600,10600,0,403216,14
duplicates,shuffled,equal,10000,MCC-A,0,306400,229300,76400,400,483296,17
duplicates,shuffled,equal,10000,MC-B,0,322500,304600,17600,0,141072,14
duplicates,shuffled,equal,10000,MC-A,0,231500,220600,10700,0,403216,14
duplicates,shuffled,equal,10000,MCC-B,0,341900,232300,109000,300,483296,17
duplicates,shuffled,equal,10000,MC-C,0,257100,220300,36500,0,665360,27
duplicates,shuffled,equal,10000,MC-A-detect,1,225700,214700,10800,0,403216,14
duplicates,shuffled,equal,10000,MCC-A,1,310400,231200,78400,300,483296,17
duplicates,shuffled,equal,10000,MCC-B,1,340600,231000,108800,400,483296,17
duplicates,shuffled,equal,10000,MC-B,1,313100,295100,17600,0,141072,14
duplicates,shuffled,equal,10000,MC-A,1,231300,220300,10900,0,403216,14
duplicates,shuffled,equal,10000,MC-C,1,307200,214600,36200,0,665360,27
duplicates,shuffled,equal,10000,MC-A-detect,2,294300,283100,10800,0,403216,14
duplicates,shuffled,equal,10000,MC-B,2,329100,311300,17700,0,141072,14
duplicates,shuffled,equal,10000,MCC-A,2,330100,250600,78600,400,483296,17
duplicates,shuffled,equal,10000,MCC-B,2,335800,226200,109000,300,483296,17
duplicates,shuffled,equal,10000,MC-A,2,274300,219900,10800,0,403216,14
duplicates,shuffled,equal,10000,MC-C,2,379700,289700,89600,0,665360,27
duplicates,sorted,zero,10000,MC-B,0,48800,31000,17600,0,141072,14
duplicates,sorted,zero,10000,MCC-A,0,143900,34600,108300,300,483296,17
duplicates,sorted,zero,10000,MC-C,0,110900,24900,35400,0,665360,27
duplicates,sorted,zero,10000,MC-A-detect,0,101400,90400,10900,0,403216,14
duplicates,sorted,zero,10000,MC-A,0,35900,24900,10700,0,403216,14
duplicates,sorted,zero,10000,MCC-B,0,190900,52800,137400,300,483296,17
duplicates,sorted,zero,10000,MC-A,1,35800,24900,10800,0,403216,14
duplicates,sorted,zero,10000,MC-B,1,61500,43800,17600,0,141072,14
duplicates,sorted,zero,10000,MC-A-detect,1,33000,22000,10600,0,403216,14
duplicates,sorted,zero,10000,MCC-B,1,171000,34600,135700,300,483296,17
duplicates,sorted,zero,10000,MCC-A,1,142000,34600,106700,300,483296,17
duplicates,sorted,zero,10000,MC-C,1,133600,24800,59000,0,665360,27
duplicates,sorted,zero,10000,MC-C,2,181500,90600,90600,0,665360,27
duplicates,sorted,zero,10000,MC-A-detect,2,33100,22100,10700,0,403216,14
duplicates,sorted,zero,10000,MCC-B,2,173100,34600,137700,300,483296,17
duplicates,sorted,zero,10000,MC-A,2,35600,24700,10700,0,403216,14
duplicates,sorted,zero,10000,MC-B,2,48600,30900,17600,0,141072,14
duplicates,sorted,zero,10000,MCC-A,2,138100,34600,102800,300,483296,17
duplicates,nearly_sorted,zero,10000,MCC-B,0,173000,34700,137700,300,483296,17
duplicates,nearly_sorted,zero,10000,MCC-A,0,135900,35100,100100,400,483296,17
duplicates,nearly_sorted,zero,10000,MC-A,0,82400,24200,10600,0,403216,14
duplicates,nearly_sorted,zero,10000,MC-C,0,184400,91200,92900,0,665360,27
duplicates,nearly_sorted,zero,10000,MC-A-detect,0,33500,22800,10400,0,403216,14
duplicates,nearly_sorted,zero,10000,MC-B,0,47800,30300,17200,0,141072,14
duplicates,nearly_sorted,zero,10000,MC-A-detect,1,32100,21500,10500,0,403216,14
duplicates,nearly_sorted,zero,10000,MC-A,1,82100,24300,10500,0,403216,14
duplicates,nearly_sorted,zero,10000,MCC-A,1,224700,124300,99500,400,483296,17
duplicates,nearly_sorted,zero,10000,MCC-B,1,179100,33800,144500,400,483296,17
duplicates,nearly_sorted,zero,10000,MC-C,1,96700,24700,71700,0,665360,27
duplicates,nearly_sorted,zero,10000,MC-B,1,49100,31200,17600,0,141072,14
duplicates,nearly_sorted,zero,10000,MC-A-detect,2,33000,22100,10800,0,403216,14
duplicates,nearly_sorted,zero,10000,MC-B,2,48700,30900,17600,0,141072,14
duplicates,nearly_sorted,zero,10000,MCC-B,2,225800,34400,142000,400,483296,17
duplicates,nearly_sorted,zero,10000,MC-C,2,194800,98200,96300,0,665360,27
duplicates,nearly_sorted,zero,10000,MCC-A,2,185200,34700,102700,300,483296,17
duplicates,nearly_sorted,zero,10000,MC-A,2,142300,131100,10800,0,403216,14
duplicates,shuffled,zero,10000,MC-A-detect,0,234900,223800,10800,0,403216,14
duplicates,shuffled,zero,10000,MC-A,0,224600,213500,10800,0,403216,14
duplicates,shuffled,zero,10000,MC-C,0,298800,209200,89400,0,665360,27
duplicates,shuffled,zero,10000,MC-B,0,315900,298100,17700,0,141072,14
duplicates,shuffled,zero,10000,MCC-B,0,370300,232000,137600,300,483296,17
duplicates,shuffled,zero,10000,MCC-A,0,333000,226100,106200,300,483296,17
duplicates,shuffled,zero,10000,MC-C,1,260000,222600,37300,0,665360,27
duplicates,shuffled,zero,10000,MC-A-detect,1,223000,211900,10800,0,403216,14
duplicates,shuffled,zero,10000,MC-B,1,312100,294300,17600,0,141072,14
duplicates,shuffled,zero,10000,MCC-B,1,368200,230100,137300,400,483296,17
duplicates,shuffled,zero,10000,MCC-A,1,331200,224400,106000,300,483296,17
duplicates,shuffled,zero,10000,MC-A,1,227700,216700,10900,0,403216,14
duplicates,shuffled,zero,10000,MC-A-detect,2,222700,211700,10700,0,403216,14
duplicates,shuffled,zero,10000,MC-A,2,224100,213000,10900,0,403216,14
duplicates,shuffled,zero,10000,MC-C,2,320200,207300,37500,0,665360,27
duplicates,shuffled,zero,10000,MCC-B,2,514300,375200,138200,400,483296,17
duplicates,shuffled,zero,10000,MC-B,2,338300,320500,17600,0,141072,14
duplicates,shuffled,zero,10000,MCC-A,2,336400,230300,105300,300,483296,17
duplicates,sorted,random,10000,MC-A,0,35800,24800,10800,0,403216,14
duplicates,sorted,random,10000,MC-C,0,60800,25000,35600,0,665360,27
duplicates,sorted,random,10000,MC-B,0,50200,32500,17600,0,141072,14
duplicates,sorted,random,10000,MCC-A,0,115300,34900,79600,400,483296,17
duplicates,sorted,random,10000,MCC-B,0,145200,34500,110000,300,483296,17
duplicates,sorted,random,10000,MC-A-detect,0,33200,22200,10700,0,403216,14
duplicates,sorted,random,10000,MC-C,1,106400,24600,36000,0,665360,27
duplicates,sorted,random,10000,MC-B,1,89300,71500,17600,0,141072,14
duplicates,sorted,random,10000,MCC-A,1,212100,131500,79800,400,483296,17
duplicates,sorted,random,10000,MC-A-detect,1,33200,22200,10700,0,403216,14
duplicates,sorted,random,10000,MCC-B,1,145100,34500,109800,400,483296,17
duplicates,sorted,random,10000,MC-A,1,35600,24700,10700,0,403216,14
duplicates,sorted,random,10000,MC-B,2,49000,31100,17500,0,141072,14
duplicates,sorted,random,10000,MC-A-detect,2,33000,22100,10800,0,403216,14
duplicates,sorted,random,10000,MC-A,2,35600,24800,10700,0,403216,14
duplicates,sorted,random,10000,MC-C,2,81900,24800,56900,0,665360,27
duplicates,sorted,random,10000,MCC-B,2,145000,34600,109700,300,483296,17
duplicates,sorted,random,10000,MCC-A,2,114800,34400,79700,300,483296,17
duplicates,nearly_sorted,random,10000,MC-A-detect,0,33200,22200,10800,0,403216,14
duplicates,nearly_sorted,random,10000,MCC-B,0,145300,34800,109900,300,483296,17
duplicates,nearly_sorted,random,10000,MC-B,0,61000,43300,17600,0,141072,14
duplicates,nearly_sorted,random,10000,MC-A,0,35700,24800,10800,0,403216,14
duplicates,nearly_sorted,random,10000,MC-C,0,83200,24800,58200,0,665360,27
duplicates,nearly_sorted,random,10000,MCC-A,0,114100,33900,79500,300,483296,17
duplicates,nearly_sorted,random,10000,MC-B,1,48800,31000,17600,0,141072,14
duplicates,nearly_sorted,random,10000,MC-A-detect,1,33000,22100,10800,0,403216,14
duplicates,nearly_sorted,random,10000,MC-A,1,35600,24700,10700,0,403216,14
duplicates,nearly_sorted,random,10000,MC-C,1,59800,24800,34800,0,665360,27
duplicates,nearly_sorted,random,10000,MCC-B,1,144300,34300,109200,400,483296,17
duplicates,nearly_sorted,random,10000,MCC-A,1,114400,34500,79100,300,483296,17
duplicates,nearly_sorted,random,10000,MC-A-detect,2,33000,22200,10700,0,403216,14
duplicates,nearly_sorted,random,10000,MC-B,2,49200,31400,17600,0,141072,14
duplicates,nearly_sorted,random,10000,MCC-B,2,144700,34400,109500,400,483296,17
duplicates,nearly_sorted,random,10000,MC-A,2,35600,24700,10700,0,403216,14
duplicates,nearly_sorted,random,10000,MCC-A,2,114500,34500,79400,300,483296,17
duplicates,nearly_sorted,random,10000,MC-C,2,59900,24900,34900,0,665360,27
duplicates,shuffled,random,10000,MC-C,0,253800,217500,36200,0,665360,27
duplicates,shuffled,random,10000,MCC-B,0,340900,232500,107800,400,483296,17
duplicates,shuffled,random,10000,MC-A-detect,0,227600,216900,10500,0,403216,14
duplicates,shuffled,random,10000,MC-A,0,237600,226600,10600,0,403216,14
duplicates,shuffled,random,10000,MCC-A,0,307100,228300,78100,400,483296,17
duplicates,shuffled,random,10000,MC-B,0,326900,309100,17700,0,141072,14
duplicates,shuffled,random,10000,MCC-A,1,313700,233400,79700,300,483296,17
duplicates,shuffled,random,10000,MC-A-detect,1,233900,222900,10800,0,403216,14
duplicates,shuffled,random,10000,MCC-B,1,344500,234200,109600,300,483296,17
duplicates,shuffled,random,10000,MC-A,1,232800,221700,10800,0,403216,14
duplicates,shuffled,random,10000,MC-B,1,322900,305000,17700,0,141072,14
duplicates,shuffled,random,10000,MC-C,1,264800,227400,37200,0,665360,27
duplicates,shuffled,random,10000,MC-B,2,315100,297100,17600,0,141072,14
duplicates,shuffled,random,10000,MC-A,2,232600,221700,10800,0,403216,14
duplicates,shuffled,random,10000,MC-A-detect,2,228400,217500,10800,0,403216,14
duplicates,shuffled,random,10000,MCC-B,2,398500,235600,109700,300,483296,17
duplicates,shuffled,random,10000,MC-C,2,385700,297100,88400,0,665360,27
duplicates,shuffled,random,10000,MCC-A,2,315500,234900,79800,400,483296,17
duplicates,sorted,skewed,10000,MC-A-detect,0,33600,22600,10800,0,403216,14
duplicates,sorted,skewed,10000,MCC-B,0,152500,34800,116900,300,483296,17
duplicates,sorted,skewed,10000,MCC-A,0,116500,34600,81200,300,483296,17
duplicates,sorted,skewed,10000,MC-A,0,36000,24900,10800,0,403216,14
duplicates,sorted,skewed,10000,MC-C,0,97500,24800,72500,0,665360,27
duplicates,sorted,skewed,10000,MC-B,0,49000,31200,17600,0,141072,14
duplicates,sorted,skewed,10000,MCC-A,1,117200,34900,81400,300,483296,17
duplicates,sorted,skewed,10000,MC-C,1,61600,24700,36600,0,665360,27
duplicates,sorted,skewed,10000,MCC-B,1,146900,34500,111800,400,483296,17
duplicates,sorted,skewed,10000,MC-A-detect,1,33200,22200,10700,0,403216,14
duplicates,sorted,skewed,10000,MC-B,1,49100,31300,17600,0,141072,14
duplicates,sorted,skewed,10000,MC-A,1,35700,24700,10800,0,403216,14
duplicates,sorted,skewed,10000,MC-C,2,59500,24700,34700,0,665360,27
duplicates,sorted,skewed,10000,MC-A-detect,2,33200,22200,10800,0,403216,14
duplicates,sorted,skewed,10000,MC-A,2,35700,24800,10700,0,403216,14
duplicates,sorted,skewed,10000,MCC-B,2,148000,34500,112700,300,483296,17
duplicates,sorted,skewed,10000,MCC-A,2,116700,34500,81500,400,483296,17
duplicates,sorted,skewed,10000,MC-B,2,53500,35400,17800,0,141072,14
duplicates,nearly_sorted,skewed,10000,MCC-A,0,116900,34600,81500,300,483296,17
duplicates,nearly_sorted,skewed,10000,MCC-B,0,146500,34500,111200,300,483296,17
duplicates,nearly_sorted,skewed,10000,MC-A,0,35700,24800,10800,0,403216,14
duplicates,nearly_sorted,skewed,10000,MC-B,0,48800,31000,17600,0,141072,14
duplicates,nearly_sorted,skewed,10000,MC-C,0,105000,24700,34600,0,665360,27
duplicates,nearly_sorted,skewed,10000,MC-A-detect,0,100300,89400,10700,0,403216,14
duplicates,nearly_sorted,skewed,10000,MCC-A,1,134600,52900,81000,300,483296,17
duplicates,nearly_sorted,skewed,10000,MC-A-detect,1,33000,22000,10700,0,403216,14
duplicates,nearly_sorted,skewed,10000,MC-B,1,61100,43200,17600,0,141072,14
duplicates,nearly_sorted,skewed,10000,MCC-B,1,147000,34700,111700,300,483296,17
duplicates,nearly_sorted,skewed,10000,MC-A,1,35800,24800,10800,0,403216,14
duplicates,nearly_sorted,skewed,10000,MC-C,1,84000,24800,59000,0,665360,27
duplicates,nearly_sorted,skewed,10000,MC-A,2,35800,24800,10800,0,403216,14
duplicates,nearly_sorted,skewed,10000,MC-B,2,48700,30900,17500,0,141072,14
duplicates,nearly_sorted,skewed,10000,MC-C,2,65500,28900,36500,0,665360,27
duplicates,nearly_sorted,skewed,10000,MCC-A,2,116600,34400,81400,300,483296,17
duplicates,nearly_sorted,skewed,10000,MCC-B,2,146700,34500,111400,300,483296,17
duplicates,nearly_sorted,skewed,10000,MC-A-detect,2,32900,22000,10700,0,403216,14
duplicates,shuffled,skewed,10000,MCC-A,0,389400,309100,79500,400,483296,17
duplicates,shuffled,skewed,10000,MC-A,0,223600,212800,10600,0,403216,14
duplicates,shuffled,skewed,10000,MCC-B,0,336500,226900,108800,300,483296,17
duplicates,shuffled,skewed,10000,MC-C,0,337500,221200,71900,0,665360,27
duplicates,shuffled,skewed,10000,MC-B,0,353800,335900,17700,0,141072,14
duplicates,shuffled,skewed,10000,MC-A-detect,0,269000,257900,10800,0,403216,14
duplicates,shuffled,skewed,10000,MC-B,1,312300,294400,17600,0,141072,14
duplicates,shuffled,skewed,10000,MC-A,1,227900,216900,10900,0,403216,14
duplicates,shuffled,skewed,10000,MC-A-detect,1,228000,216900,10900,0,403216,14
duplicates,shuffled,skewed,10000,MCC-B,1,366000,248800,115900,700,483296,17
duplicates,shuffled,skewed,10000,MCC-A,1,308800,226600,81500,300,483296,17
duplicates,shuffled,skewed,10000,MC-C,1,276800,216200,60300,0,665360,27
duplicates,shuffled,skewed,10000,MCC-B,2,340000,227600,111600,300,483296,17
duplicates,shuffled,skewed,10000,MC-A,2,226700,215700,10800,0,403216,14
duplicates,shuffled,skewed,10000,MC-B,2,318200,300200,17700,0,141072,14
duplicates,shuffled,skewed,10000,MCC-A,2,311300,229200,81400,300,483296,17
duplicates,shuffled,skewed,10000,MC-C,2,253000,216600,36200,0,665360,27
duplicates,shuffled,skewed,10000,MC-A-detect,2,223600,212500,10700,0,403216,14
duplicates,sorted,different_duplicates,10000,MC-A-detect,0,33200,22200,10700,0,403216,14
duplicates,sorted,different_duplicates,10000,MCC-A,0,114400,33900,79800,300,483296,17
duplicates,sorted,different_duplicates,10000,MC-B,0,48900,31000,17600,0,141072,14
duplicates,sorted,different_duplicates,10000,MC-C,0,108600,24800,36000,0,665360,27
duplicates,sorted,different_duplicates,10000,MCC-B,0,235800,120800,114200,400,483296,17
duplicates,sorted,different_duplicates,10000,MC-A,0,35900,24800,10800,0,403216,14
duplicates,sorted,different_duplicates,10000,MC-C,1,94500,24700,69600,0,665360,27
duplicates,sorted,different_duplicates,10000,MC-A,1,35900,25000,10700,0,403216,14
duplicates,sorted,different_duplicates,10000,MCC-A,1,115000,34600,79600,300,483296,17
duplicates,sorted,different_duplicates,10000,MC-A-detect,1,33000,22100,10700,0,403216,14
duplicates,sorted,different_duplicates,10000,MC-B,1,48700,30900,17600,0,141072,14
duplicates,sorted,different_duplicates,10000,MCC-B,1,149000,34600,113800,300,483296,17
duplicates,sorted,different_duplicates,10000,MCC-B,2,150400,34500,115200,400,483296,17
duplicates,sorted,different_duplicates,10000,MC-B,2,48600,30800,17600,0,141072,14
duplicates,sorted,different_duplicates,10000,MC-C,2,59300,24700,34400,0,665360,27
duplicates,sorted,different_duplicates,10000,MCC-A,2,120700,34500,85400,300,483296,17
duplicates,sorted,different_duplicates,10000,MC-A,2,35900,24800,10700,0,403216,14
duplicates,sorted,different_duplicates,10000,MC-A-detect,2,32900,22100,10700,0,403216,14
duplicates,nearly_sorted,different_duplicates,10000,MC-C,0,64700,24700,39800,0,665360,27
duplicates,nearly_sorted,different_duplicates,10000,MCC-A,0,116000,34500,80700,400,483296,17
duplicates,nearly_sorted,different_duplicates,10000,MC-B,0,48700,30900,17600,0,141072,14
duplicates,nearly_sorted,different_duplicates,10000,MC-A-detect,0,33000,22100,10700,0,403216,14
duplicates,nearly_sorted,different_duplicates,10000,MC-A,0,35600,24800,10700,0,403216,14
duplicates,nearly_sorted,different_duplicates,10000,MCC-B,0,150700,34500,115500,400,483296,17
duplicates,nearly_sorted,different_duplicates,10000,MCC-A,1,112600,33800,78000,300,483296,17
duplicates,nearly_sorted,different_duplicates,10000,MC-C,1,64600,24100,40100,0,665360,27
duplicates,nearly_sorted,different_duplicates,10000,MC-A,1,35000,24400,10500,0,403216,14
duplicates,nearly_sorted,different_duplicates,10000,MC-B,1,47500,30100,17200,0,141072,14
duplicates,nearly_sorted,different_duplicates,10000,MCC-B,1,146000,33900,111500,300,483296,17
duplicates,nearly_sorted,different_duplicates,10000,MC-A-detect,1,78700,21500,10500,0,403216,14
duplicates,nearly_sorted,different_duplicates,10000,MC-C,2,175900,90800,84700,0,665360,27
duplicates,nearly_sorted,different_duplicates,10000,MCC-B,2,150500,33700,116100,400,483296,17
duplicates,nearly_sorted,different_duplicates,10000,MC-B,2,51200,33300,17600,0,141072,14
duplicates,nearly_sorted,different_duplicates,10000,MCC-A,2,114200,33800,79600,300,483296,17
duplicates,nearly_sorted,different_duplicates,10000,MC-A,2,35700,24800,10600,0,403216,14
duplicates,nearly_sorted,different_duplicates,10000,MC-A-detect,2,32900,22100,10600,0,403216,14
duplicates,shuffled,different_duplicates,10000,MC-A-detect,0,235400,224400,10800,0,403216,14
duplicates,shuffled,different_duplicates,10000,MCC-A,0,316700,231100,84900,400,483296,17
duplicates,shuffled,different_duplicates,10000,MC-C,0,256200,219200,36700,0,665360,27
duplicates,shuffled,different_duplicates,10000,MC-B,0,314400,296500,17600,0,141072,14
duplicates,shuffled,different_duplicates,10000,MC-A,0,230800,219700,10700,0,403216,14
duplicates,shuffled,different_duplicates,10000,MCC-B,0,350200,234000,115600,400,483296,17
duplicates,shuffled,different_duplicates,10000,MCC-A,1,377900,233000,85100,400,483296,17
duplicates,shuffled,different_duplicates,10000,MCC-B,1,432700,317000,114900,400,483296,17
duplicates,shuffled,different_duplicates,10000,MC-A,1,239800,228700,10800,0,403216,14
duplicates,shuffled,different_duplicates,10000,MC-A-detect,1,227800,216700,10800,0,403216,14
duplicates,shuffled,different_duplicates,10000,MC-C,1,285400,213600,71500,0,665360,27
duplicates,shuffled,different_duplicates,10000,MC-B,1,319900,302000,17700,0,141072,14
duplicates,shuffled,different_duplicates,10000,MCC-B,2,356100,233900,117200,400,483296,17
duplicates,shuffled,different_duplicates,10000,MCC-A,2,315300,228500,86100,400,483296,17
duplicates,shuffled,different_duplicates,10000,MC-A-detect,2,232400,221100,11100,0,403216,14
duplicates,shuffled,different_duplicates,10000,MC-A,2,227700,216400,10900,0,403216,14
duplicates,shuffled,different_duplicates,10000,MC-B,2,313000,294900,17700,0,141072,14
duplicates,shuffled,different_duplicates,10000,MC-C,2,256100,219300,36600,0,665360,27
duplicates,sorted,expensive,10000,MC-A,0,35900,24900,10800,0,403216,14
duplicates,sorted,expensive,10000,MC-B,0,48800,31000,17500,0,141072,14
duplicates,sorted,expensive,10000,MCC-B,0,144400,34800,108900,300,483296,17
duplicates,sorted,expensive,10000,MCC-A,0,114000,35000,78200,300,483296,17
duplicates,sorted,expensive,10000,MC-A-detect,0,33100,22100,10800,0,403216,14
duplicates,sorted,expensive,10000,MC-C,0,60600,24700,35600,0,665360,27
duplicates,sorted,expensive,10000,MC-B,1,49000,31100,17600,0,141072,14
duplicates,sorted,expensive,10000,MC-C,1,60600,24800,35600,0,665360,27
duplicates,sorted,expensive,10000,MC-A,1,35800,24800,10700,0,403216,14
duplicates,sorted,expensive,10000,MCC-A,1,113500,34600,78300,300,483296,17
duplicates,sorted,expensive,10000,MCC-B,1,144200,34500,109000,300,483296,17
duplicates,sorted,expensive,10000,MC-A-detect,1,33000,22100,10800,0,403216,14
duplicates,sorted,expensive,10000,MC-B,2,48900,31000,17600,0,141072,14
duplicates,sorted,expensive,10000,MCC-A,2,113300,34500,78100,300,483296,17
duplicates,sorted,expensive,10000,MC-A-detect,2,33200,22200,10700,0,403216,14
duplicates,sorted,expensive,10000,MC-A,2,35800,24800,10700,0,403216,14
duplicates,sorted,expensive,10000,MCC-B,2,144300,34600,108800,300,483296,17
duplicates,sorted,expensive,10000,MC-C,2,61100,24800,36200,0,665360,27
duplicates,nearly_sorted,expensive,10000,MC-C,0,143700,24900,75700,0,665360,27
duplicates,nearly_sorted,expensive,10000,MCC-A,0,225800,146400,78700,400,483296,17
duplicates,nearly_sorted,expensive,10000,MC-A-detect,0,33400,22300,10900,0,403216,14
duplicates,nearly_sorted,expensive,10000,MC-B,0,82700,64800,17700,0,141072,14
duplicates,nearly_sorted,expensive,10000,MC-A,0,36100,25000,10800,0,403216,14
duplicates,nearly_sorted,expensive,10000,MCC-B,0,144800,34400,109700,300,483296,17
duplicates,nearly_sorted,expensive,10000,MC-A-detect,1,33200,22200,10800,0,403216,14
duplicates,nearly_sorted,expensive,10000,MCC-A,1,114000,34700,78600,300,483296,17
duplicates,nearly_sorted,expensive,10000,MC-B,1,49200,31000,18000,0,141072,14
duplicates,nearly_sorted,expensive,10000,MC-C,1,129300,24900,60500,0,665360,27
duplicates,nearly_sorted,expensive,10000,MC-A,1,110000,98800,10900,0,403216,14
duplicates,nearly_sorted,expensive,10000,MCC-B,1,176200,66400,108900,300,483296,17
duplicates,nearly_sorted,expensive,10000,MC-C,2,124300,24700,99400,0,665360,27
duplicates,nearly_sorted,expensive,10000,MCC-A,2,113600,34500,78300,300,483296,17
duplicates,nearly_sorted,expensive,10000,MC-A,2,35800,24800,10700,0,403216,14
duplicates,nearly_sorted,expensive,10000,MCC-B,2,144300,34500,109100,300,483296,17
duplicates,nearly_sorted,expensive,10000,MC-A-detect,2,35600,22300,13000,0,403216,14
duplicates,nearly_sorted,expensive,10000,MC-B,2,52000,34100,17800,0,141072,14
duplicates,shuffled,expensive,10000,MC-A-detect,0,231600,220700,10700,0,403216,14
duplicates,shuffled,expensive,10000,MC-A,0,226800,215800,10800,0,403216,14
duplicates,shuffled,expensive,10000,MC-C,0,249200,212700,36300,0,665360,27
duplicates,shuffled,expensive,10000,MCC-B,0,342000,232200,108900,300,483296,17
duplicates,shuffled,expensive,10000,MCC-A,0,357700,233400,78100,300,483296,17
duplicates,shuffled,expensive,10000,MC-B,0,367700,349700,17600,0,141072,14
duplicates,shuffled,expensive,10000,MC-A-detect,1,303000,291900,10800,0,403216,14
duplicates,shuffled,expensive,10000,MCC-A,1,327500,248700,78100,300,483296,17
duplicates,shuffled,expensive,10000,MCC-B,1,338800,228600,109400,400,483296,17
duplicates,shuffled,expensive,10000,MC-A,1,235900,224900,10800,0,403216,14
duplicates,shuffled,expensive,10000,MC-C,1,277600,219900,57600,0,665360,27
duplicates,shuffled,expensive,10000,MC-B,1,318500,300600,17600,0,141072,14
duplicates,shuffled,expensive,10000,MCC-A,2,310900,232200,78000,300,483296,17
duplicates,shuffled,expensive,10000,MC-B,2,315300,297400,17600,0,141072,14
duplicates,shuffled,expensive,10000,MC-A,2,231700,220600,10800,0,403216,14
duplicates,shuffled,expensive,10000,MCC-B,2,342100,231900,109400,300,483296,17
duplicates,shuffled,expensive,10000,MC-C,2,261000,224100,36600,0,665360,27
duplicates,shuffled,expensive,10000,MC-A-detect,2,226500,215400,10900,0,403216,14
duplicates,sorted,ties,10000,MCC-A,0,206200,128200,77100,300,483296,17
duplicates,sorted,ties,10000,MCC-B,0,148300,34400,113200,300,483296,17
duplicates,sorted,ties,10000,MC-A,0,35400,24600,10700,0,403216,14
duplicates,sorted,ties,10000,MC-B,0,74900,57400,17400,0,141072,14
duplicates,sorted,ties,10000,MC-A-detect,0,32700,21800,10600,0,403216,14
duplicates,sorted,ties,10000,MC-C,0,93500,24400,69000,0,665360,27
duplicates,sorted,ties,10000,MCC-A,1,112200,34200,77300,300,483296,17
duplicates,sorted,ties,10000,MC-B,1,48100,30500,17400,0,141072,14
duplicates,sorted,ties,10000,MC-C,1,102800,24400,34300,0,665360,27
duplicates,sorted,ties,10000,MC-A-detect,1,132800,121600,10800,0,403216,14
duplicates,sorted,ties,10000,MC-A,1,35700,24700,10700,0,403216,14
duplicates,sorted,ties,10000,MCC-B,1,163600,53600,109300,300,483296,17
duplicates,sorted,ties,10000,MC-A,2,35700,24800,10700,0,403216,14
duplicates,sorted,ties,10000,MCC-B,2,144300,34700,108900,300,483296,17
duplicates,sorted,ties,10000,MC-C,2,99600,24700,74700,0,665360,27
duplicates,sorted,ties,10000,MC-B,2,49000,31200,17600,0,141072,14
duplicates,sorted,ties,10000,MCC-A,2,113500,34600,78100,300,483296,17
duplicates,sorted,ties,10000,MC-A-detect,2,33000,22100,10700,0,403216,14
duplicates,nearly_sorted,ties,10000,MCC-B,0,144300,34400,109000,300,483296,17
duplicates,nearly_sorted,ties,10000,MCC-A,0,114000,34600,78700,300,483296,17
duplicates,nearly_sorted,ties,10000,MC-B,0,48700,30900,17600,0,141072,14
duplicates,nearly_sorted,ties,10000,MC-A-detect,0,33100,22000,10800,0,403216,14
duplicates,nearly_sorted,ties,10000,MC-A,0,35800,24700,10800,0,403216,14
duplicates,nearly_sorted,ties,10000,MC-C,0,59700,24600,34700,0,665360,27
duplicates,nearly_sorted,ties,10000,MC-A,1,35600,24700,10800,0,403216,14
duplicates,nearly_sorted,ties,10000,MC-A-detect,1,33000,22100,10700,0,403216,14
duplicates,nearly_sorted,ties,10000,MC-C,1,61100,24700,36200,0,665360,27
duplicates,nearly_sorted,ties,10000,MCC-B,1,143900,34400,108700,300,483296,17
duplicates,nearly_sorted,ties,10000,MC-B,1,55200,30900,24100,0,141072,14
duplicates,nearly_sorted,ties,10000,MCC-A,1,113400,34600,78200,300,483296,17
duplicates,nearly_sorted,ties,10000,MCC-B,2,144100,34500,108900,300,483296,17
duplicates,nearly_sorted,ties,10000,MC-A-detect,2,33000,22000,10700,0,403216,14
duplicates,nearly_sorted,ties,10000,MCC-A,2,113500,34700,78200,300,483296,17
duplicates,nearly_sorted,ties,10000,MC-C,2,62100,24700,37200,0,665360,27
duplicates,nearly_sorted,ties,10000,MC-A,2,78000,24700,10800,0,403216,14
duplicates,nearly_sorted,ties,10000,MC-B,2,86000,68200,17500,0,141072,14
duplicates,shuffled,ties,10000,MC-B,0,332100,311900,19900,0,141072,14
duplicates,shuffled,ties,10000,MCC-A,0,310600,231700,78100,400,483296,17
duplicates,shuffled,ties,10000,MC-A,0,231700,220600,10800,0,403216,14
duplicates,shuffled,ties,10000,MC-A-detect,0,225200,214200,10800,0,403216,14
duplicates,shuffled,ties,10000,MC-C,0,273700,215200,58100,0,665360,27
duplicates,shuffled,ties,10000,MCC-B,0,341300,231400,109100,400,483296,17
duplicates,shuffled,ties,10000,MC-A-detect,1,227100,216000,10800,0,403216,14
duplicates,shuffled,ties,10000,MC-C,1,296900,212100,40300,0,665360,27
duplicates,shuffled,ties,10000,MCC-B,1,422100,312200,109100,400,483296,17
duplicates,shuffled,ties,10000,MCC-A,1,305500,226600,78200,300,483296,17
duplicates,shuffled,ties,10000,MC-A,1,232200,221100,10800,0,403216,14
duplicates,shuffled,ties,10000,MC-B,1,324500,306600,17700,0,141072,14
duplicates,shuffled,ties,10000,MCC-A,2,308800,230100,78000,400,483296,17
duplicates,shuffled,ties,10000,MC-C,2,280000,217900,62000,0,665360,27
duplicates,shuffled,ties,10000,MCC-B,2,340000,230100,109200,400,483296,17
duplicates,shuffled,ties,10000,MC-A-detect,2,227800,216800,10800,0,403216,14
duplicates,shuffled,ties,10000,MC-B,2,311200,293400,17700,0,141072,14
duplicates,shuffled,ties,10000,MC-A,2,228000,217100,10800,0,403216,14
equal_starts,sorted,random,10000,MC-C,0,247100,25800,133100,0,665360,27
equal_starts,sorted,random,10000,MC-A,0,101900,93900,7800,0,403216,14
equal_starts,sorted,random,10000,MC-A-detect,0,30400,22400,7800,0,403216,14
equal_starts,sorted,random,10000,MCC-B,0,1422500,55400,1365600,800,2286112,17
equal_starts,sorted,random,10000,MCC-A,0,768200,38000,680100,4400,1193344,17
equal_starts,sorted,random,10000,MC-B,0,85700,68500,17100,0,141072,14
equal_starts,sorted,random,10000,MCC-A,1,787200,96400,690000,400,1193344,17
equal_starts,sorted,random,10000,MC-C,1,157700,25700,131900,0,665360,27
equal_starts,sorted,random,10000,MC-A-detect,1,30400,22400,7700,0,403216,14
equal_starts,sorted,random,10000,MCC-B,1,1361700,36400,1324000,600,2286112,17
equal_starts,sorted,random,10000,MC-B,1,49300,31500,17400,0,141072,14
equal_starts,sorted,random,10000,MC-A,1,33100,25300,7700,0,403216,14
equal_starts,sorted,random,10000,MCC-B,2,1480000,37500,1349600,600,2286112,17
equal_starts,sorted,random,10000,MC-A-detect,2,99900,92000,7800,0,403216,14
equal_starts,sorted,random,10000,MC-C,2,215500,24900,190500,0,665360,27
equal_starts,sorted,random,10000,MC-A,2,32300,24500,7500,0,403216,14
equal_starts,sorted,random,10000,MC-B,2,47800,30500,17100,0,141072,14
equal_starts,sorted,random,10000,MCC-A,2,696400,36300,659200,300,1193344,17
equal_starts,nearly_sorted,random,10000,MC-A-detect,0,30900,22600,8000,0,403216,14
equal_starts,nearly_sorted,random,10000,MC-A,0,32600,24400,8100,0,403216,14
equal_starts,nearly_sorted,random,10000,MC-C,0,154400,24300,129900,0,665360,27
equal_starts,nearly_sorted,random,10000,MCC-B,0,1534200,202900,1329900,600,2286112,17
equal_starts,nearly_sorted,random,10000,MCC-A,0,886400,210000,568300,400,1193344,17
equal_starts,nearly_sorted,random,10000,MC-B,0,90500,71800,18300,0,141072,14
equal_starts,nearly_sorted,random,10000,MCC-B,1,1660700,275800,1383600,600,2286112,17
equal_starts,nearly_sorted,random,10000,MCC-A,1,861500,209600,651100,300,1193344,17
equal_starts,nearly_sorted,random,10000,MC-A-detect,1,31800,23200,8300,0,403216,14
equal_starts,nearly_sorted,random,10000,MC-A,1,33900,25500,8300,0,403216,14
equal_starts,nearly_sorted,random,10000,MC-C,1,158200,24800,133200,0,665360,27
equal_starts,nearly_sorted,random,10000,MC-B,1,49800,31200,18300,0,141072,14
equal_starts,nearly_sorted,random,10000,MC-B,2,49900,31500,18200,0,141072,14
equal_starts,nearly_sorted,random,10000,MCC-B,2,1529200,205200,1322700,600,2286112,17
equal_starts,nearly_sorted,random,10000,MCC-A,2,774700,208700,565400,300,1193344,17
equal_starts,nearly_sorted,random,10000,MC-A-detect,2,31300,22700,8500,0,403216,14
equal_starts,nearly_sorted,random,10000,MC-A,2,136000,32400,8300,0,403216,14
equal_starts,nearly_sorted,random,10000,MC-C,2,280300,93200,186800,0,665360,27
equal_starts,shuffled,random,10000,MCC-B,0,1707400,270800,1345400,500,2286112,17
equal_starts,shuffled,random,10000,MCC-A,0,1037800,359000,677900,500,1193344,17
equal_starts,shuffled,random,10000,MC-A-detect,0,32800,21900,10500,0,403216,14
equal_starts,shuffled,random,10000,MC-C,0,150700,24300,126100,0,665360,27
equal_starts,shuffled,random,10000,MC-B,0,48600,31200,17300,0,141072,14
equal_starts,shuffled,random,10000,MC-A,0,35000,24300,10500,0,403216,14
equal_starts,shuffled,random,10000,MCC-B,1,1629000,268600,1359200,500,2286112,17
equal_starts,shuffled,random,10000,MC-A-detect,1,33900,22900,10800,0,403216,14
equal_starts,shuffled,random,10000,MC-A,1,36100,25100,10700,0,403216,14
equal_starts,shuffled,random,10000,MCC-A,1,857900,277300,579800,400,1193344,17
equal_starts,shuffled,random,10000,MC-B,1,59500,32000,27200,0,141072,14
equal_starts,shuffled,random,10000,MC-C,1,141500,25600,115700,0,665360,27
equal_starts,shuffled,random,10000,MC-A,2,36800,25700,10900,0,403216,14
equal_starts,shuffled,random,10000,MC-C,2,151200,29400,121500,0,665360,27
equal_starts,shuffled,random,10000,MCC-A,2,867500,275400,590500,900,1193344,17
equal_starts,shuffled,random,10000,MC-A-detect,2,39100,25900,12900,0,403216,14
equal_starts,shuffled,random,10000,MC-B,2,50500,32600,17600,0,141072,14
equal_starts,shuffled,random,10000,MCC-B,2,1782100,279000,1502000,600,2286112,17
equal_ends,sorted,random,10000,MCC-A,0,79700,35000,44000,300,483272,17
equal_ends,sorted,random,10000,MCC-B,0,124400,35200,51200,300,483272,17
equal_ends,sorted,random,10000,MC-A,0,123300,122700,400,0,403216,14
equal_ends,sorted,random,10000,MC-B,0,57500,56800,300,0,141072,14
equal_ends,sorted,random,10000,MC-C,0,25700,24900,500,0,403280,15
equal_ends,sorted,random,10000,MC-A-detect,0,23400,22800,300,0,403216,14
equal_ends,sorted,random,10000,MCC-B,1,117000,65200,51100,400,483272,17
equal_ends,sorted,random,10000,MC-B,1,33700,33200,300,0,141072,14
equal_ends,sorted,random,10000,MC-A-detect,1,22800,22300,300,0,403216,14
equal_ends,sorted,random,10000,MC-A,1,25500,24800,300,0,403216,14
equal_ends,sorted,random,10000,MC-C,1,25700,25000,400,0,403280,15
equal_ends,sorted,random,10000,MCC-A,1,116400,34700,44100,300,483272,17
equal_ends,sorted,random,10000,MC-A,2,164500,164000,400,0,403216,14
equal_ends,sorted,random,10000,MCC-B,2,111500,59600,51100,300,483272,17
equal_ends,sorted,random,10000,MC-C,2,30900,30100,500,0,403280,15
equal_ends,sorted,random,10000,MC-B,2,51500,50900,300,0,141072,14
equal_ends,sorted,random,10000,MC-A-detect,2,22700,22200,300,0,403216,14
equal_ends,sorted,random,10000,MCC-A,2,78600,34000,44000,300,483272,17
equal_ends,nearly_sorted,random,10000,MC-B,0,273200,272500,500,0,141072,14
equal_ends,nearly_sorted,random,10000,MC-A-detect,0,193300,192800,300,0,403216,14
equal_ends,nearly_sorted,random,10000,MCC-B,0,151900,35500,51000,300,483272,17
equal_ends,nearly_sorted,random,10000,MC-A,0,270100,269500,400,0,403216,14
equal_ends,nearly_sorted,random,10000,MC-C,0,191500,190700,500,0,403280,15
equal_ends,nearly_sorted,random,10000,MCC-A,0,99100,54600,43700,400,483272,17
equal_ends,nearly_sorted,random,10000,MC-B,1,275900,275300,300,0,141072,14
equal_ends,nearly_sorted,random,10000,MCC-B,1,86600,34800,51100,300,483272,17
equal_ends,nearly_sorted,random,10000,MC-A,1,197100,196400,400,0,403216,14
equal_ends,nearly_sorted,random,10000,MC-C,1,191600,190900,400,0,403280,15
equal_ends,nearly_sorted,random,10000,MC-A-detect,1,191000,190500,400,0,403216,14
equal_ends,nearly_sorted,random,10000,MCC-A,1,79300,34700,44000,300,483272,17
equal_ends,nearly_sorted,random,10000,MC-B,2,259800,259300,300,0,141072,14
equal_ends,nearly_sorted,random,10000,MC-A-detect,2,191700,191200,300,0,403216,14
equal_ends,nearly_sorted,random,10000,MCC-B,2,86500,34700,51100,300,483272,17
equal_ends,nearly_sorted,random,10000,MCC-A,2,79200,34700,43900,300,483272,17
equal_ends,nearly_sorted,random,10000,MC-A,2,191600,191000,300,0,403216,14
equal_ends,nearly_sorted,random,10000,MC-C,2,191200,190500,500,0,403280,15
equal_ends,shuffled,random,10000,MC-C,0,271400,270500,700,0,403280,15
equal_ends,shuffled,random,10000,MC-A-detect,0,259700,259100,400,0,403216,14
equal_ends,shuffled,random,10000,MCC-A,0,119100,35000,43400,300,483272,17
equal_ends,shuffled,random,10000,MCC-B,0,185200,133200,51100,300,483272,17
equal_ends,shuffled,random,10000,MC-A,0,261100,260500,400,0,403216,14
equal_ends,shuffled,random,10000,MC-B,0,376100,375400,400,0,141072,14
equal_ends,shuffled,random,10000,MC-C,1,271600,270800,600,0,403280,15
equal_ends,shuffled,random,10000,MCC-B,1,86600,35000,50700,400,483272,17
equal_ends,shuffled,random,10000,MC-A,1,261100,260500,300,0,403216,14
equal_ends,shuffled,random,10000,MC-A-detect,1,260500,260000,400,0,403216,14
equal_ends,shuffled,random,10000,MCC-A,1,79000,34500,43700,300,483272,17
equal_ends,shuffled,random,10000,MC-B,1,357100,356400,300,0,141072,14
equal_ends,shuffled,random,10000,MCC-B,2,86000,34500,50700,300,483272,17
equal_ends,shuffled,random,10000,MCC-A,2,80200,34600,44900,300,483272,17
equal_ends,shuffled,random,10000,MC-A-detect,2,261300,260800,400,0,403216,14
equal_ends,shuffled,random,10000,MC-B,2,357500,356900,300,0,141072,14
equal_ends,shuffled,random,10000,MC-C,2,261700,261000,500,0,403280,15
equal_ends,shuffled,random,10000,MC-A,2,261100,260500,400,0,403216,14
outside,sorted,random,10000,MCC-B,0,130500,34700,95200,400,483272,17
outside,sorted,random,10000,MC-C,0,50900,24800,25900,0,665360,27
outside,sorted,random,10000,MCC-A,0,104300,34600,68900,300,483272,17
outside,sorted,random,10000,MC-A,0,35700,24800,10800,0,403216,14
outside,sorted,random,10000,MC-B,0,49800,32000,17600,0,141072,14
outside,sorted,random,10000,MC-A-detect,0,33200,22200,10700,0,403216,14
outside,sorted,random,10000,MCC-B,1,130000,34600,94800,300,483272,17
outside,sorted,random,10000,MC-A-detect,1,33000,22000,10700,0,403216,14
outside,sorted,random,10000,MCC-A,1,97600,34600,62400,300,483272,17
outside,sorted,random,10000,MC-B,1,48700,31000,17600,0,141072,14
outside,sorted,random,10000,MC-A,1,35800,24800,10800,0,403216,14
outside,sorted,random,10000,MC-C,1,50200,24800,25300,0,665360,27
outside,sorted,random,10000,MC-A,2,35700,24700,10800,0,403216,14
outside,sorted,random,10000,MCC-B,2,130100,34700,94700,300,483272,17
outside,sorted,random,10000,MC-B,2,49100,31000,17800,0,141072,14
outside,sorted,random,10000,MCC-A,2,97900,34500,62800,300,483272,17
outside,sorted,random,10000,MC-A-detect,2,33100,22200,10800,0,403216,14
outside,sorted,random,10000,MC-C,2,50700,24700,25800,0,665360,27
outside,nearly_sorted,random,10000,MC-A-detect,0,33100,22200,10800,0,403216,14
outside,nearly_sorted,random,10000,MC-B,0,49000,31200,17500,0,141072,14
outside,nearly_sorted,random,10000,MCC-A,0,97600,34500,62300,400,483272,17
outside,nearly_sorted,random,10000,MC-A,0,35900,25000,10800,0,403216,14
outside,nearly_sorted,random,10000,MCC-B,0,130600,34500,95500,300,483272,17
outside,nearly_sorted,random,10000,MC-C,0,49900,24900,24800,0,665360,27
outside,nearly_sorted,random,10000,MCC-A,1,97600,34500,62400,300,483272,17
outside,nearly_sorted,random,10000,MC-C,1,49900,24700,24900,0,665360,27
outside,nearly_sorted,random,10000,MCC-B,1,143300,34700,107700,400,483272,17
outside,nearly_sorted,random,10000,MC-B,1,49000,31300,17600,0,141072,14
outside,nearly_sorted,random,10000,MC-A,1,36000,25100,10700,0,403216,14
outside,nearly_sorted,random,10000,MC-A-detect,1,36400,22600,13200,0,403216,14
outside,nearly_sorted,random,10000,MC-C,2,51100,25400,25600,0,665360,27
outside,nearly_sorted,random,10000,MCC-A,2,97800,34700,62500,300,483272,17
outside,nearly_sorted,random,10000,MCC-B,2,130500,34600,95100,300,483272,17
outside,nearly_sorted,random,10000,MC-A,2,90000,24800,10700,0,403216,14
outside,nearly_sorted,random,10000,MC-A-detect,2,109700,98600,10700,0,403216,14
outside,nearly_sorted,random,10000,MC-B,2,62200,44400,17600,0,141072,14
outside,shuffled,random,10000,MCC-B,0,130500,34400,95300,400,483272,17
outside,shuffled,random,10000,MC-B,0,48800,31000,17500,0,141072,14
outside,shuffled,random,10000,MC-A,0,35800,24900,10700,0,403216,14
outside,shuffled,random,10000,MC-C,0,50000,24700,25000,0,665360,27
outside,shuffled,random,10000,MCC-A,0,97500,34500,62400,300,483272,17
outside,shuffled,random,10000,MC-A-detect,0,32900,22000,10700,0,403216,14
outside,shuffled,random,10000,MCC-A,1,97600,34500,62300,300,483272,17
outside,shuffled,random,10000,MC-A,1,35600,24700,10700,0,403216,14
outside,shuffled,random,10000,MC-C,1,49800,24700,24900,0,665360,27
outside,shuffled,random,10000,MC-A-detect,1,33000,22100,10700,0,403216,14
outside,shuffled,random,10000,MC-B,1,48800,30900,17500,0,141072,14
outside,shuffled,random,10000,MCC-B,1,134800,34400,99600,400,483272,17
outside,shuffled,random,10000,MCC-A,2,96700,33600,62300,300,483272,17
outside,shuffled,random,10000,MC-A,2,35700,24700,10800,0,403216,14
outside,shuffled,random,10000,MC-B,2,48500,30800,17600,0,141072,14
outside,shuffled,random,10000,MC-A-detect,2,33000,22000,10700,0,403216,14
outside,shuffled,random,10000,MCC-B,2,130900,34500,95700,300,483272,17
outside,shuffled,random,10000,MC-C,2,49800,24700,25000,0,665360,27
irrelevant,sorted,random,10000,MC-B,0,7800,7500,300,0,10032,2
irrelevant,sorted,random,10000,MC-A-detect,0,8400,8100,300,0,10096,2
irrelevant,sorted,random,10000,MCC-B,0,13200,12500,200,200,10160,5
irrelevant,sorted,random,10000,MCC-A,0,13300,12400,300,300,10160,5
irrelevant,sorted,random,10000,MC-C,0,8400,7900,400,0,10160,3
irrelevant,sorted,random,10000,MC-A,0,8300,7900,200,0,10096,2
irrelevant,sorted,random,10000,MC-A,1,8400,7900,300,0,10096,2
irrelevant,sorted,random,10000,MC-C,1,8500,8000,300,0,10160,3
irrelevant,sorted,random,10000,MCC-B,1,13200,12400,300,300,10160,5
irrelevant,sorted,random,10000,MCC-A,1,13200,12400,300,300,10160,5
irrelevant,sorted,random,10000,MC-A-detect,1,8400,8000,300,0,10096,2
irrelevant,sorted,random,10000,MC-B,1,7900,7400,200,0,10032,2
irrelevant,sorted,random,10000,MCC-A,2,13200,12500,300,300,10160,5
irrelevant,sorted,random,10000,MC-B,2,7900,7500,300,0,10032,2
irrelevant,sorted,random,10000,MC-A-detect,2,8400,8000,300,0,10096,2
irrelevant,sorted,random,10000,MCC-B,2,13100,12400,200,200,10160,5
irrelevant,sorted,random,10000,MC-A,2,8400,7900,300,0,10096,2
irrelevant,sorted,random,10000,MC-C,2,8400,8000,400,0,10160,3
irrelevant,nearly_sorted,random,10000,MC-B,0,7900,7400,200,0,10032,2
irrelevant,nearly_sorted,random,10000,MCC-A,0,13300,12500,400,300,10160,5
irrelevant,nearly_sorted,random,10000,MC-A,0,8400,7900,200,0,10096,2
irrelevant,nearly_sorted,random,10000,MCC-B,0,13100,12300,300,300,10160,5
irrelevant,nearly_sorted,random,10000,MC-C,0,8400,8000,400,0,10160,3
irrelevant,nearly_sorted,random,10000,MC-A-detect,0,8400,7900,300,0,10096,2
irrelevant,nearly_sorted,random,10000,MCC-A,1,13100,12300,300,300,10160,5
irrelevant,nearly_sorted,random,10000,MC-A,1,8400,7900,300,0,10096,2
irrelevant,nearly_sorted,random,10000,MC-B,1,7900,7400,200,0,10032,2
irrelevant,nearly_sorted,random,10000,MCC-B,1,13200,12500,300,300,10160,5
irrelevant,nearly_sorted,random,10000,MC-A-detect,1,8400,8000,200,0,10096,2
irrelevant,nearly_sorted,random,10000,MC-C,1,8400,7900,400,0,10160,3
irrelevant,nearly_sorted,random,10000,MC-C,2,8400,7900,300,0,10160,3
irrelevant,nearly_sorted,random,10000,MC-B,2,7900,7500,300,0,10032,2
irrelevant,nearly_sorted,random,10000,MCC-B,2,13100,12300,200,200,10160,5
irrelevant,nearly_sorted,random,10000,MCC-A,2,13100,12400,300,200,10160,5
irrelevant,nearly_sorted,random,10000,MC-A,2,8400,8000,200,0,10096,2
irrelevant,nearly_sorted,random,10000,MC-A-detect,2,8300,7900,200,0,10096,2
irrelevant,shuffled,random,10000,MC-A-detect,0,8300,7900,300,0,10096,2
irrelevant,shuffled,random,10000,MC-C,0,8600,8000,400,0,10160,3
irrelevant,shuffled,random,10000,MCC-A,0,13300,12400,400,300,10160,5
irrelevant,shuffled,random,10000,MCC-B,0,13200,12500,300,300,10160,5
irrelevant,shuffled,random,10000,MC-B,0,8000,7600,300,0,10032,2
irrelevant,shuffled,random,10000,MC-A,0,8400,7900,200,0,10096,2
irrelevant,shuffled,random,10000,MC-C,1,8400,7900,300,0,10160,3
irrelevant,shuffled,random,10000,MC-A-detect,1,8400,7900,300,0,10096,2
irrelevant,shuffled,random,10000,MC-A,1,8300,7900,300,0,10096,2
irrelevant,shuffled,random,10000,MC-B,1,7900,7500,200,0,10032,2
irrelevant,shuffled,random,10000,MCC-A,1,13100,12300,300,200,10160,5
irrelevant,shuffled,random,10000,MCC-B,1,13100,12400,200,300,10160,5
irrelevant,shuffled,random,10000,MC-C,2,8400,8000,400,0,10160,3
irrelevant,shuffled,random,10000,MC-A,2,8400,7900,300,0,10096,2
irrelevant,shuffled,random,10000,MC-B,2,8000,7500,300,0,10032,2
irrelevant,shuffled,random,10000,MCC-B,2,13100,12400,200,300,10160,5
irrelevant,shuffled,random,10000,MC-A-detect,2,8300,8000,300,0,10096,2
irrelevant,shuffled,random,10000,MCC-A,2,13200,12500,300,200,10160,5
empty,sorted,random,10000,MC-A,0,8400,8000,200,0,10096,2
empty,sorted,random,10000,MCC-A,0,13100,12400,300,200,10160,5
empty,sorted,random,10000,MC-C,0,8500,7900,300,0,10160,3
empty,sorted,random,10000,MCC-B,0,13200,12400,200,300,10160,5
empty,sorted,random,10000,MC-A-detect,0,8400,8000,300,0,10096,2
empty,sorted,random,10000,MC-B,0,7900,7400,200,0,10032,2
empty,sorted,random,10000,MC-A-detect,1,8400,8100,300,0,10096,2
empty,sorted,random,10000,MC-C,1,8500,8000,300,0,10160,3
empty,sorted,random,10000,MCC-A,1,13100,12300,300,300,10160,5
empty,sorted,random,10000,MC-A,1,8300,7900,300,0,10096,2
empty,sorted,random,10000,MC-B,1,7900,7400,200,0,10032,2
empty,sorted,random,10000,MCC-B,1,13200,12300,300,300,10160,5
empty,sorted,random,10000,MC-A,2,8400,7900,300,0,10096,2
empty,sorted,random,10000,MCC-B,2,13000,12400,200,300,10160,5
empty,sorted,random,10000,MC-A-detect,2,8300,8000,300,0,10096,2
empty,sorted,random,10000,MCC-A,2,13100,12400,400,300,10160,5
empty,sorted,random,10000,MC-C,2,8400,8000,400,0,10160,3
empty,sorted,random,10000,MC-B,2,7900,7500,300,0,10032,2
empty,nearly_sorted,random,10000,MC-A-detect,0,8400,7900,200,0,10096,2
empty,nearly_sorted,random,10000,MC-A,0,8400,8000,300,0,10096,2
empty,nearly_sorted,random,10000,MCC-B,0,13200,12500,200,300,10160,5
empty,nearly_sorted,random,10000,MC-C,0,8500,8000,400,0,10160,3
empty,nearly_sorted,random,10000,MC-B,0,7900,7600,300,0,10032,2
empty,nearly_sorted,random,10000,MCC-A,0,13300,12400,300,300,10160,5
empty,nearly_sorted,random,10000,MC-C,1,8500,8000,400,0,10160,3
empty,nearly_sorted,random,10000,MCC-A,1,13300,12600,200,200,10160,5
empty,nearly_sorted,random,10000,MC-A,1,8400,7900,200,0,10096,2
empty,nearly_sorted,random,10000,MCC-B,1,13300,12500,400,300,10160,5
empty,nearly_sorted,random,10000,MC-A-detect,1,8400,8000,300,0,10096,2
empty,nearly_sorted,random,10000,MC-B,1,7900,7500,300,0,10032,2
empty,nearly_sorted,random,10000,MC-C,2,8400,7900,300,0,10160,3
empty,nearly_sorted,random,10000,MC-A,2,8500,8100,300,0,10096,2
empty,nearly_sorted,random,10000,MC-B,2,8000,7500,200,0,10032,2
empty,nearly_sorted,random,10000,MCC-B,2,13300,12600,200,300,10160,5
empty,nearly_sorted,random,10000,MCC-A,2,13400,12500,300,300,10160,5
empty,nearly_sorted,random,10000,MC-A-detect,2,8400,8100,300,0,10096,2
empty,shuffled,random,10000,MC-A-detect,0,8400,8000,300,0,10096,2
empty,shuffled,random,10000,MC-C,0,8500,7900,300,0,10160,3
empty,shuffled,random,10000,MCC-B,0,13000,12300,300,300,10160,5
empty,shuffled,random,10000,MC-B,0,7900,7500,300,0,10032,2
empty,shuffled,random,10000,MC-A,0,8400,8000,200,0,10096,2
empty,shuffled,random,10000,MCC-A,0,13100,12200,300,200,10160,5
empty,shuffled,random,10000,MC-A,1,8400,7900,300,0,10096,2
empty,shuffled,random,10000,MC-B,1,7900,7500,300,0,10032,2
empty,shuffled,random,10000,MCC-A,1,13100,12300,300,200,10160,5
empty,shuffled,random,10000,MCC-B,1,13000,12400,200,200,10160,5
empty,shuffled,random,10000,MC-A-detect,1,8500,8000,300,0,10096,2
empty,shuffled,random,10000,MC-C,1,8500,7900,300,0,10160,3
empty,shuffled,random,10000,MCC-A,2,13200,12400,300,300,10160,5
empty,shuffled,random,10000,MC-C,2,8400,7900,400,0,10160,3
empty,shuffled,random,10000,MC-A,2,8300,8000,200,0,10096,2
empty,shuffled,random,10000,MC-B,2,7900,7500,300,0,10032,2
empty,shuffled,random,10000,MCC-B,2,13000,12200,200,200,10160,5
empty,shuffled,random,10000,MC-A-detect,2,8400,8000,300,0,10096,2
giant_component,sorted,random,10000,MC-C,0,385700,94800,290600,0,534288,26
giant_component,sorted,random,10000,MC-A,0,39700,25900,13500,0,403216,14
giant_component,sorted,random,10000,MC-A-detect,0,36300,22600,13400,0,403216,14
giant_component,sorted,random,10000,MC-B,0,52000,31700,20100,0,141072,14
giant_component,sorted,random,10000,MCC-B,0,1045800,37700,998500,8800,2286064,17
giant_component,sorted,random,10000,MCC-A,0,681100,37700,634500,8600,1193200,17
giant_component,sorted,random,10000,MC-B,1,51700,31600,19900,0,141072,14
giant_component,sorted,random,10000,MCC-B,1,1017700,37800,970300,8700,2286064,17
giant_component,sorted,random,10000,MCC-A,1,621500,39800,573000,8300,1193200,17
giant_component,sorted,random,10000,MC-C,1,422400,25900,270800,0,534288,26
giant_component,sorted,random,10000,MC-A-detect,1,114600,100500,13700,0,403216,14
giant_component,sorted,random,10000,MC-A,1,39700,26100,13400,0,403216,14
giant_component,sorted,random,10000,MC-C,2,316400,25300,290800,0,534288,26
giant_component,sorted,random,10000,MC-B,2,61300,41500,19500,0,141072,14
giant_component,sorted,random,10000,MC-A,2,38800,25100,13500,0,403216,14
giant_component,sorted,random,10000,MC-A-detect,2,36400,22700,13500,0,403216,14
giant_component,sorted,random,10000,MCC-B,2,1072900,38000,1025800,8300,2286064,17
giant_component,sorted,random,10000,MCC-A,2,695400,38000,644100,8100,1193200,17
giant_component,nearly_sorted,random,10000,MC-A,0,238700,225800,12700,0,403216,14
giant_component,nearly_sorted,random,10000,MCC-B,0,1167800,203300,955100,8800,2286064,17
giant_component,nearly_sorted,random,10000,MC-A-detect,0,213700,195800,17600,0,403216,14
giant_component,nearly_sorted,random,10000,MCC-A,0,772900,208700,555100,8600,1193200,17
giant_component,nearly_sorted,random,10000,MC-B,0,292800,273800,18800,0,141072,14
giant_component,nearly_sorted,random,10000,MC-C,0,456900,196300,260500,0,534288,26
giant_component,nearly_sorted,random,10000,MC-A,1,205400,193300,11800,0,403216,14
giant_component,nearly_sorted,random,10000,MC-A-detect,1,203600,191600,11900,0,403216,14
giant_component,nearly_sorted,random,10000,MCC-B,1,1168700,210000,949200,8700,2286064,17
giant_component,nearly_sorted,random,10000,MC-C,1,556300,195400,260300,0,534288,26
giant_component,nearly_sorted,random,10000,MCC-A,1,986100,297600,679300,8700,1193200,17
giant_component,nearly_sorted,random,10000,MC-B,1,288600,268300,20100,0,141072,14
giant_component,nearly_sorted,random,10000,MC-C,2,456100,195800,260000,0,534288,26
giant_component,nearly_sorted,random,10000,MC-B,2,280700,260400,20000,0,141072,14
giant_component,nearly_sorted,random,10000,MCC-A,2,883500,209800,612700,13200,1193200,17
giant_component,nearly_sorted,random,10000,MC-A-detect,2,277700,261100,16300,0,403216,14
giant_component,nearly_sorted,random,10000,MC-A,2,208600,192000,16200,0,403216,14
giant_component,nearly_sorted,random,10000,MCC-B,2,1213500,228000,975700,9100,2286064,17
giant_component,shuffled,random,10000,MC-A-detect,0,272300,263000,9200,0,403216,14
giant_component,shuffled,random,10000,MCC-B,0,1215000,269800,934800,9700,2286064,17
giant_component,shuffled,random,10000,MC-A,0,267800,256100,11500,0,403216,14
giant_component,shuffled,random,10000,MCC-A,0,1079100,284200,729200,17200,1193200,17
giant_component,shuffled,random,10000,MC-B,0,418500,395200,23100,0,141072,14
giant_component,shuffled,random,10000,MC-C,0,597500,312300,285100,0,534288,26
giant_component,shuffled,random,10000,MC-A,1,265600,255400,10000,0,403216,14
giant_component,shuffled,random,10000,MCC-B,1,1314600,285300,1019600,9100,2286064,17
giant_component,shuffled,random,10000,MC-A-detect,1,277000,267400,9400,0,403216,14
giant_component,shuffled,random,10000,MC-B,1,374700,352200,22200,0,141072,14
giant_component,shuffled,random,10000,MCC-A,1,944800,270500,663700,10300,1193200,17
giant_component,shuffled,random,10000,MC-C,1,520100,262600,257400,0,534288,26
giant_component,shuffled,random,10000,MCC-B,2,1268400,276400,981300,10100,2286064,17
giant_component,shuffled,random,10000,MC-C,2,605600,255900,261000,0,534288,26
giant_component,shuffled,random,10000,MCC-A,2,1124800,386000,729000,9200,1193200,17
giant_component,shuffled,random,10000,MC-A-detect,2,275600,261900,13400,0,403216,14
giant_component,shuffled,random,10000,MC-A,2,274700,261000,13300,0,403216,14
giant_component,shuffled,random,10000,MC-B,2,382200,359000,22900,0,141072,14
fail_begin,sorted,random,10000,MCC-A,0,685800,126200,554500,4400,1193264,17
fail_begin,sorted,random,10000,MC-B,0,50300,49700,400,0,141072,14
fail_begin,sorted,random,10000,MC-A,0,24900,24200,400,0,403216,14
fail_begin,sorted,random,10000,MC-A-detect,0,22200,21600,400,0,403216,14
fail_begin,sorted,random,10000,MCC-B,0,615700,35700,578800,600,2286080,17
fail_begin,sorted,random,10000,MC-C,0,25300,24600,500,0,403216,14
fail_begin,sorted,random,10000,MC-A,1,24600,24100,400,0,403216,14
fail_begin,sorted,random,10000,MC-C,1,28100,27400,600,0,403216,14
fail_begin,sorted,random,10000,MCC-A,1,592500,39600,501200,4900,1193264,17
fail_begin,sorted,random,10000,MC-B,1,83500,78800,4400,0,141072,14
fail_begin,sorted,random,10000,MCC-B,1,698700,99500,597700,600,2286080,17
fail_begin,sorted,random,10000,MC-A-detect,1,23200,22600,400,0,403216,14
fail_begin,sorted,random,10000,MC-C,2,30700,30100,400,0,403216,14
fail_begin,sorted,random,10000,MCC-B,2,614400,36400,576600,500,2286080,17
fail_begin,sorted,random,10000,MC-A-detect,2,23700,22900,500,0,403216,14
fail_begin,sorted,random,10000,MC-B,2,32400,31700,500,0,141072,14
fail_begin,sorted,random,10000,MCC-A,2,680400,37800,548700,300,1193264,17
fail_begin,sorted,random,10000,MC-A,2,115200,110600,4400,0,403216,14
fail_begin,nearly_sorted,random,10000,MCC-B,0,756800,197700,557900,500,2286080,17
fail_begin,nearly_sorted,random,10000,MC-C,0,193000,192300,500,0,403216,14
fail_begin,nearly_sorted,random,10000,MCC-A,0,655500,199600,455000,300,1193264,17
fail_begin,nearly_sorted,random,10000,MC-A-detect,0,191000,190300,500,0,403216,14
fail_begin,nearly_sorted,random,10000,MC-B,0,262300,261600,500,0,141072,14
fail_begin,nearly_sorted,random,10000,MC-A,0,295100,190900,500,0,403216,14
fail_begin,nearly_sorted,random,10000,MC-A,1,266500,261600,4700,0,403216,14
fail_begin,nearly_sorted,random,10000,MCC-B,1,867800,261000,605300,700,2286080,17
fail_begin,nearly_sorted,random,10000,MC-C,1,192100,191400,500,0,403216,14
fail_begin,nearly_sorted,random,10000,MC-A-detect,1,190200,189600,500,0,403216,14
fail_begin,nearly_sorted,random,10000,MC-B,1,275200,274500,500,0,141072,14
fail_begin,nearly_sorted,random,10000,MCC-A,1,747700,207300,539500,400,1193264,17
fail_begin,nearly_sorted,random,10000,MCC-B,2,772800,203500,568000,700,2286080,17
fail_begin,nearly_sorted,random,10000,MC-B,2,258300,257700,500,0,141072,14
fail_begin,nearly_sorted,random,10000,MC-A-detect,2,190900,190300,500,0,403216,14
fail_begin,nearly_sorted,random,10000,MCC-A,2,650200,204500,444900,300,1193264,17
fail_begin,nearly_sorted,random,10000,MC-A,2,186500,185800,400,0,403216,14
fail_begin,nearly_sorted,random,10000,MC-C,2,185300,184600,500,0,403216,14
fail_begin,shuffled,random,10000,MC-A-detect,0,256800,256200,400,0,403216,14
fail_begin,shuffled,random,10000,MC-C,0,255200,254400,500,0,403216,14
fail_begin,shuffled,random,10000,MC-B,0,349600,348900,500,0,141072,14
fail_begin,shuffled,random,10000,MCC-A,0,814000,276600,442800,300,1193264,17
fail_begin,shuffled,random,10000,MCC-B,0,975200,372700,597000,4800,2286080,17
fail_begin,shuffled,random,10000,MC-A,0,267000,266300,500,0,403216,14
fail_begin,shuffled,random,10000,MCC-B,1,829900,277100,551500,600,2286080,17
fail_begin,shuffled,random,10000,MC-A,1,261100,260500,500,0,403216,14
fail_begin,shuffled,random,10000,MC-C,1,259700,258900,500,0,403216,14
fail_begin,shuffled,random,10000,MC-B,1,367800,367200,500,0,141072,14
fail_begin,shuffled,random,10000,MC-A-detect,1,273100,272400,500,0,403216,14
fail_begin,shuffled,random,10000,MCC-A,1,966400,293600,575900,300,1193264,17
fail_begin,shuffled,random,10000,MC-A-detect,2,339800,334800,4700,0,403216,14
fail_begin,shuffled,random,10000,MC-B,2,366500,365800,400,0,141072,14
fail_begin,shuffled,random,10000,MC-C,2,266600,265900,500,0,403216,14
fail_begin,shuffled,random,10000,MCC-A,2,870700,297600,571700,600,1193264,17
fail_begin,shuffled,random,10000,MCC-B,2,845400,276100,567900,700,2286080,17
fail_begin,shuffled,random,10000,MC-A,2,264100,263400,400,0,403216,14
fail_middle,sorted,random,10000,MC-C,0,149700,25100,27100,0,403280,15
fail_middle,sorted,random,10000,MCC-B,0,834600,123100,706000,4700,2286080,17
fail_middle,sorted,random,10000,MC-A-detect,0,30800,22900,7700,0,403216,14
fail_middle,sorted,random,10000,MC-A,0,32700,24700,7700,0,403216,14
fail_middle,sorted,random,10000,MCC-A,0,604400,39400,564100,300,1193264,17
fail_middle,sorted,random,10000,MC-B,0,58200,46500,11300,0,141072,14
fail_middle,sorted,random,10000,MCC-A,1,506200,37200,468300,300,1193264,17
fail_middle,sorted,random,10000,MC-A-detect,1,30400,22500,7800,0,403216,14
fail_middle,sorted,random,10000,MC-C,1,82300,24900,57100,0,403280,15
fail_middle,sorted,random,10000,MC-B,1,43700,32100,11400,0,141072,14
fail_middle,sorted,random,10000,MC-A,1,32700,24700,7700,0,403216,14
fail_middle,sorted,random,10000,MCC-B,1,716400,37000,678000,600,2286080,17
fail_middle,sorted,random,10000,MC-A-detect,2,30800,22700,7800,0,403216,14
fail_middle,sorted,random,10000,MCC-A,2,510800,41100,468900,300,1193264,17
fail_middle,sorted,random,10000,MC-B,2,43400,31900,11400,0,141072,14
fail_middle,sorted,random,10000,MC-A,2,32800,24800,7800,0,403216,14
fail_middle,sorted,random,10000,MCC-B,2,719900,36900,681700,500,2286080,17
fail_middle,sorted,random,10000,MC-C,2,51800,25400,26100,0,403280,15
fail_middle,nearly_sorted,random,10000,MC-A,0,205300,192200,12800,0,403216,14
fail_middle,nearly_sorted,random,10000,MC-B,0,286000,274200,11600,0,141072,14
fail_middle,nearly_sorted,random,10000,MCC-A,0,798200,237800,559300,500,1193264,17
fail_middle,nearly_sorted,random,10000,MCC-B,0,898800,210800,686600,600,2286080,17
fail_middle,nearly_sorted,random,10000,MC-A-detect,0,202500,194200,8200,0,403216,14
fail_middle,nearly_sorted,random,10000,MC-C,0,212600,185700,26700,0,403280,15
fail_middle,nearly_sorted,random,10000,MCC-B,1,962300,207500,666900,500,2286080,17
fail_middle,nearly_sorted,random,10000,MC-A,1,297400,289300,7800,0,403216,14
fail_middle,nearly_sorted,random,10000,MC-C,1,221300,194900,26100,0,403280,15
fail_middle,nearly_sorted,random,10000,MC-B,1,294900,283300,11400,0,141072,14
fail_middle,nearly_sorted,random,10000,MCC-A,1,819100,211300,607000,300,1193264,17
fail_middle,nearly_sorted,random,10000,MC-A-detect,1,205200,197300,7700,0,403216,14
fail_middle,nearly_sorted,random,10000,MC-A-detect,2,202200,194300,7700,0,403216,14
fail_middle,nearly_sorted,random,10000,MCC-A,2,687700,209300,477600,200,1193264,17
fail_middle,nearly_sorted,random,10000,MCC-B,2,885500,207700,676500,600,2286080,17
fail_middle,nearly_sorted,random,10000,MC-C,2,223500,197000,26200,0,403280,15
fail_middle,nearly_sorted,random,10000,MC-A,2,202300,194400,7700,0,403216,14
fail_middle,nearly_sorted,random,10000,MC-B,2,273100,261500,11300,0,141072,14
fail_middle,shuffled,random,10000,MC-C,0,283000,257000,25800,0,403280,15
fail_middle,shuffled,random,10000,MCC-B,0,947300,271700,674500,400,2286080,17
fail_middle,shuffled,random,10000,MC-A-detect,0,268600,260700,7800,0,403216,14
fail_middle,shuffled,random,10000,MCC-A,0,753700,282900,469900,200,1193264,17
fail_middle,shuffled,random,10000,MC-A,0,270900,260900,9800,0,403216,14
fail_middle,shuffled,random,10000,MC-B,0,384600,369700,14600,0,141072,14
fail_middle,shuffled,random,10000,MC-A-detect,1,271000,262900,7900,0,403216,14
fail_middle,shuffled,random,10000,MCC-A,1,752900,281800,470300,300,1193264,17
fail_middle,shuffled,random,10000,MC-B,1,368400,354100,14000,0,141072,14
fail_middle,shuffled,random,10000,MCC-B,1,1007700,283400,723300,400,2286080,17
fail_middle,shuffled,random,10000,MC-A,1,278300,270500,7600,0,403216,14
fail_middle,shuffled,random,10000,MC-C,1,281100,255300,25600,0,403280,15
fail_middle,shuffled,random,10000,MCC-A,2,742100,271000,470400,300,1193264,17
fail_middle,shuffled,random,10000,MC-A,2,270500,262300,7900,0,403216,14
fail_middle,shuffled,random,10000,MC-A-detect,2,268900,260800,7800,0,403216,14
fail_middle,shuffled,random,10000,MC-C,2,288100,261700,26100,0,403280,15
fail_middle,shuffled,random,10000,MCC-B,2,991900,277300,713400,500,2286080,17
fail_middle,shuffled,random,10000,MC-B,2,365100,351200,13700,0,141072,14
fail_end,sorted,random,10000,MCC-B,0,39600,39200,0,0,473216,14
fail_end,sorted,random,10000,MC-C,0,120300,27000,51700,0,403280,15
fail_end,sorted,random,10000,MC-B,0,115400,93100,22200,0,141072,14
fail_end,sorted,random,10000,MC-A,0,135500,120200,15100,0,403216,14
fail_end,sorted,random,10000,MCC-A,0,63800,63400,0,0,473216,14
fail_end,sorted,random,10000,MC-A-detect,0,43200,25800,17100,0,403216,14
fail_end,sorted,random,10000,MCC-B,1,39300,39100,0,0,473216,14
fail_end,sorted,random,10000,MC-A,1,42100,26900,15000,0,403216,14
fail_end,sorted,random,10000,MC-C,1,78900,26900,51600,0,403280,15
fail_end,sorted,random,10000,MC-A-detect,1,39500,24300,15000,0,403216,14
fail_end,sorted,random,10000,MC-B,1,53600,31200,22100,0,141072,14
fail_end,sorted,random,10000,MCC-A,1,39400,39100,0,0,473216,14
fail_end,sorted,random,10000,MCC-A,2,39100,38900,0,0,473216,14
fail_end,sorted,random,10000,MC-A-detect,2,39500,24300,15000,0,403216,14
fail_end,sorted,random,10000,MC-B,2,54200,31500,22500,0,141072,14
fail_end,sorted,random,10000,MC-A,2,42200,26900,15000,0,403216,14
fail_end,sorted,random,10000,MC-C,2,140600,26900,113400,0,403280,15
fail_end,sorted,random,10000,MCC-B,2,38800,38500,0,0,473216,14
fail_end,nearly_sorted,random,10000,MC-A,0,208200,193000,15000,0,403216,14
fail_end,nearly_sorted,random,10000,MC-C,0,305800,192000,113500,0,403280,15
fail_end,nearly_sorted,random,10000,MC-A-detect,0,206500,191300,15000,0,403216,14
fail_end,nearly_sorted,random,10000,MC-B,0,299100,276700,22200,0,141072,14
fail_end,nearly_sorted,random,10000,MCC-B,0,207700,207300,0,0,473216,14
fail_end,nearly_sorted,random,10000,MCC-A,0,205300,204900,0,0,473216,14
fail_end,nearly_sorted,random,10000,MCC-A,1,204400,204100,0,0,473216,14
fail_end,nearly_sorted,random,10000,MCC-B,1,213900,213700,0,0,473216,14
fail_end,nearly_sorted,random,10000,MC-A,1,208000,192800,15000,0,403216,14
fail_end,nearly_sorted,random,10000,MC-B,1,280600,258300,22200,0,141072,14
fail_end,nearly_sorted,random,10000,MC-C,1,244400,192400,51800,0,403280,15
fail_end,nearly_sorted,random,10000,MC-A-detect,1,206700,191500,15000,0,403216,14
fail_end,nearly_sorted,random,10000,MC-A,2,206300,191100,15000,0,403216,14
fail_end,nearly_sorted,random,10000,MC-C,2,242900,191000,51600,0,403280,15
fail_end,nearly_sorted,random,10000,MCC-B,2,206800,206500,0,0,473216,14
fail_end,nearly_sorted,random,10000,MC-B,2,287000,264900,21900,0,141072,14
fail_end,nearly_sorted,random,10000,MC-A-detect,2,204900,189900,14800,0,403216,14
fail_end,nearly_sorted,random,10000,MCC-A,2,209600,209400,0,0,473216,14
fail_end,shuffled,random,10000,MC-C,0,306200,255800,50200,0,403280,15
fail_end,shuffled,random,10000,MC-A-detect,0,274200,258900,14900,0,403216,14
fail_end,shuffled,random,10000,MC-A,0,267200,252000,14900,0,403216,14
fail_end,shuffled,random,10000,MCC-A,0,270700,270300,0,0,473216,14
fail_end,shuffled,random,10000,MCC-B,0,270400,270100,0,0,473216,14
fail_end,shuffled,random,10000,MC-B,0,381800,354800,26700,0,141072,14
fail_end,shuffled,random,10000,MC-C,1,372900,260200,112500,0,403280,15
fail_end,shuffled,random,10000,MC-B,1,378700,351400,27100,0,141072,14
fail_end,shuffled,random,10000,MC-A-detect,1,276500,261100,15200,0,403216,14
fail_end,shuffled,random,10000,MCC-B,1,275300,275000,0,0,473216,14
fail_end,shuffled,random,10000,MCC-A,1,274800,274500,0,0,473216,14
fail_end,shuffled,random,10000,MC-A,1,280500,265100,15100,0,403216,14
fail_end,shuffled,random,10000,MCC-A,2,274400,274200,0,0,473216,14
fail_end,shuffled,random,10000,MC-B,2,373700,346800,26700,0,141072,14
fail_end,shuffled,random,10000,MC-A,2,280300,264900,15100,0,403216,14
fail_end,shuffled,random,10000,MCC-B,2,275800,275300,0,0,473216,14
fail_end,shuffled,random,10000,MC-C,2,311400,260000,51200,0,403280,15
fail_end,shuffled,random,10000,MC-A-detect,2,274400,259100,15100,0,403216,14
expensive_long,sorted,expensive,10000,MC-A,0,27200,26700,300,0,403216,14
expensive_long,sorted,expensive,10000,MC-C,0,26900,26300,500,0,403280,15
expensive_long,sorted,expensive,10000,MC-B,0,30700,30200,200,0,141072,14
expensive_long,sorted,expensive,10000,MCC-B,0,1004500,196300,786800,20600,2286088,17
expensive_long,sorted,expensive,10000,MC-A-detect,0,25300,24700,300,0,403216,14
expensive_long,sorted,expensive,10000,MCC-A,0,698700,204900,473500,19900,1193272,17
expensive_long,sorted,expensive,10000,MC-A,1,26700,26300,300,0,403216,14
expensive_long,sorted,expensive,10000,MC-A-detect,1,24200,23600,300,0,403216,14
expensive_long,sorted,expensive,10000,MCC-A,1,705700,195900,482900,26400,1193272,17
expensive_long,sorted,expensive,10000,MC-C,1,27400,26800,400,0,403280,15
expensive_long,sorted,expensive,10000,MCC-B,1,1018000,200500,796300,20600,2286088,17
expensive_long,sorted,expensive,10000,MC-B,1,31700,31100,300,0,141072,14
expensive_long,sorted,expensive,10000,MC-C,2,28000,27400,400,0,403280,15
expensive_long,sorted,expensive,10000,MCC-A,2,703000,201300,481000,20300,1193272,17
expensive_long,sorted,expensive,10000,MC-A,2,27300,26800,200,0,403216,14
expensive_long,sorted,expensive,10000,MCC-B,2,1007600,200400,786000,20500,2286088,17
expensive_long,sorted,expensive,10000,MC-A-detect,2,25100,24500,300,0,403216,14
expensive_long,sorted,expensive,10000,MC-B,2,31400,31000,300,0,141072,14
expensive_long,nearly_sorted,expensive,10000,MC-B,0,263400,262700,300,0,141072,14
expensive_long,nearly_sorted,expensive,10000,MCC-A,0,707400,205400,481500,19900,1193272,17
expensive_long,nearly_sorted,expensive,10000,MC-C,0,195300,194500,500,0,403280,15
expensive_long,nearly_sorted,expensive,10000,MCC-B,0,1031700,204600,805800,20500,2286088,17
expensive_long,nearly_sorted,expensive,10000,MC-A-detect,0,194300,193800,300,0,403216,14
expensive_long,nearly_sorted,expensive,10000,MC-A,0,191900,191400,300,0,403216,14
expensive_long,nearly_sorted,expensive,10000,MC-A-detect,1,191400,190900,300,0,403216,14
expensive_long,nearly_sorted,expensive,10000,MCC-A,1,705100,204000,480500,20000,1193272,17
expensive_long,nearly_sorted,expensive,10000,MC-B,1,269200,268600,300,0,141072,14
expensive_long,nearly_sorted,expensive,10000,MC-A,1,194100,193500,300,0,403216,14
expensive_long,nearly_sorted,expensive,10000,MC-C,1,192000,191400,500,0,403280,15
expensive_long,nearly_sorted,expensive,10000,MCC-B,1,1069700,205100,843200,20700,2286088,17
expensive_long,nearly_sorted,expensive,10000,MC-C,2,196000,195300,500,0,403280,15
expensive_long,nearly_sorted,expensive,10000,MCC-A,2,872500,206600,526800,20600,1193272,17
expensive_long,nearly_sorted,expensive,10000,MC-A,2,264000,263300,400,0,403216,14
expensive_long,nearly_sorted,expensive,10000,MC-B,2,263000,262500,300,0,141072,14
expensive_long,nearly_sorted,expensive,10000,MCC-B,2,1096700,228800,846400,20700,2286088,17
expensive_long,nearly_sorted,expensive,10000,MC-A-detect,2,196900,196200,300,0,403216,14
expensive_long,shuffled,expensive,10000,MC-C,0,258200,257500,500,0,403280,15
expensive_long,shuffled,expensive,10000,MC-A,0,265200,264600,400,0,403216,14
expensive_long,shuffled,expensive,10000,MC-B,0,356100,355600,300,0,141072,14
expensive_long,shuffled,expensive,10000,MCC-B,0,1099000,275300,802200,20800,2286088,17
expensive_long,shuffled,expensive,10000,MC-A-detect,0,271200,270500,400,0,403216,14
expensive_long,shuffled,expensive,10000,MCC-A,0,789200,280300,488000,20300,1193272,17
expensive_long,shuffled,expensive,10000,MCC-A,1,781500,277800,482400,20900,1193272,17
expensive_long,shuffled,expensive,10000,MCC-B,1,1087500,271200,789800,25700,2286088,17
expensive_long,shuffled,expensive,10000,MC-A-detect,1,263800,263300,200,0,403216,14
expensive_long,shuffled,expensive,10000,MC-A,1,271100,270500,400,0,403216,14
expensive_long,shuffled,expensive,10000,MC-C,1,254300,253600,500,0,403280,15
expensive_long,shuffled,expensive,10000,MC-B,1,348800,348200,400,0,141072,14
expensive_long,shuffled,expensive,10000,MCC-A,2,789100,285600,482500,20300,1193272,17
expensive_long,shuffled,expensive,10000,MCC-B,2,1107200,283200,797300,25700,2286088,17
expensive_long,shuffled,expensive,10000,MC-B,2,353400,352700,300,0,141072,14
expensive_long,shuffled,expensive,10000,MC-C,2,269200,268400,500,0,403280,15
expensive_long,shuffled,expensive,10000,MC-A-detect,2,261200,260700,300,0,403216,14
expensive_long,shuffled,expensive,10000,MC-A,2,254000,253500,300,0,403216,14
single,sorted,random,100000,MCC-B,0,2433400,1320700,951200,1900,4045784,20
single,sorted,random,100000,MC-C,0,2086500,1251200,745900,0,5342880,33
single,sorted,random,100000,MC-A,0,1329000,1137700,105000,0,3245728,17
single,sorted,random,100000,MC-B,0,639400,432200,173200,0,1148576,17
single,sorted,random,100000,MCC-A,0,2059600,1279400,622400,1900,4045784,20
single,sorted,random,100000,MC-A-detect,0,1389700,1197000,106900,0,3245728,17
single,sorted,random,100000,MC-C,1,1890100,1059900,744300,0,5342880,33
single,sorted,random,100000,MC-A-detect,1,1290900,1098000,108800,0,3245728,17
single,sorted,random,100000,MC-A,1,1283800,1087300,110400,0,3245728,17
single,sorted,random,100000,MC-B,1,668100,460000,174400,0,1148576,17
single,sorted,random,100000,MCC-B,1,2508400,1405000,948100,1900,4045784,20
single,sorted,random,100000,MCC-A,1,2121500,1343900,629800,1700,4045784,20
single,sorted,random,100000,MC-A-detect,2,1368300,1173300,107900,0,3245728,17
single,sorted,random,100000,MC-B,2,665100,449600,183100,0,1148576,17
single,sorted,random,100000,MCC-B,2,2382100,1237100,990800,1800,4045784,20
single,sorted,random,100000,MCC-A,2,2105200,1316800,640000,1800,4045784,20
single,sorted,random,100000,MC-C,2,2230400,1251600,884100,0,5342880,33
single,sorted,random,100000,MC-A,2,1241700,1048500,106500,0,3245728,17
single,nearly_sorted,random,100000,MCC-B,0,2454800,1331100,966600,2000,4045784,20
single,nearly_sorted,random,100000,MC-A,0,1350200,1153400,110000,0,3245728,17
single,nearly_sorted,random,100000,MCC-A,0,1990100,1200800,634000,2100,4045784,20
single,nearly_sorted,random,100000,MC-C,0,2006300,1141100,778000,0,5342880,33
single,nearly_sorted,random,100000,MC-A-detect,0,1220300,1018300,106500,0,3245728,17
single,nearly_sorted,random,100000,MC-B,0,641200,434000,174700,0,1148576,17
single,nearly_sorted,random,100000,MCC-A,1,2016600,1241000,627600,1700,4045784,20
single,nearly_sorted,random,100000,MC-C,1,1968900,1141600,741800,0,5342880,33
single,nearly_sorted,random,100000,MC-B,1,641000,432100,174700,0,1148576,17
single,nearly_sorted,random,100000,MCC-B,1,2354900,1249800,954100,2300,4045784,20
single,nearly_sorted,random,100000,MC-A,1,1362600,1166900,109100,0,3245728,17
single,nearly_sorted,random,100000,MC-A-detect,1,1279100,1042700,149100,0,3245728,17
single,nearly_sorted,random,100000,MC-B,2,624000,419100,173400,0,1148576,17
single,nearly_sorted,random,100000,MCC-B,2,2347200,1225000,964200,2900,4045784,20
single,nearly_sorted,random,100000,MC-C,2,2004100,1181500,735400,0,5342880,33
single,nearly_sorted,random,100000,MC-A,2,1234800,1042100,106600,0,3245728,17
single,nearly_sorted,random,100000,MCC-A,2,2085900,1291800,637600,2300,4045784,20
single,nearly_sorted,random,100000,MC-A-detect,2,1352700,1156200,105900,0,3245728,17
single,shuffled,random,100000,MC-C,0,2112600,1285200,740400,0,5342880,33
single,shuffled,random,100000,MC-A-detect,0,1463200,1235500,142100,0,3245728,17
single,shuffled,random,100000,MC-A,0,1504300,1265200,153200,0,3245728,17
single,shuffled,random,100000,MCC-B,0,2382500,1273100,957600,3000,4045784,20
single,shuffled,random,100000,MCC-A,0,2145400,1366800,630100,2200,4045784,20
single,shuffled,random,100000,MC-B,0,724200,518100,173100,0,1148576,17
single,shuffled,random,100000,MCC-A,1,2127300,1352400,626000,2500,4045784,20
single,shuffled,random,100000,MC-C,1,2000500,1180300,727500,0,5342880,33
single,shuffled,random,100000,MC-A,1,1264400,1069200,107400,0,3245728,17
single,shuffled,random,100000,MCC-B,1,2348900,1244800,951500,3200,4045784,20
single,shuffled,random,100000,MC-B,1,632000,421500,177500,0,1148576,17
single,shuffled,random,100000,MC-A-detect,1,1387700,1184400,113900,0,3245728,17
single,shuffled,random,100000,MCC-B,2,2339600,1234000,954800,1800,4045784,20
single,shuffled,random,100000,MCC-A,2,2124700,1350900,625100,2700,4045784,20
single,shuffled,random,100000,MC-A-detect,2,1564300,1342100,135300,0,3245728,17
single,shuffled,random,100000,MC-C,2,2194200,1251400,854700,0,5342880,33
single,shuffled,random,100000,MC-B,2,659700,452500,172500,0,1148576,17
single,shuffled,random,100000,MC-A,2,1284400,1086900,107800,0,3245728,17
two,sorted,random,100000,MC-B,0,671300,460400,174800,0,1148576,17
two,sorted,random,100000,MC-A,0,1377800,1174100,112000,0,3245728,17
two,sorted,random,100000,MC-A-detect,0,1251300,1044600,109800,0,3245728,17
two,sorted,random,100000,MCC-A,0,2252400,1289200,804300,3000,4045808,20
two,sorted,random,100000,MCC-B,0,2641100,1359600,1122400,4600,4045808,20
two,sorted,random,100000,MC-C,0,2256900,1219800,944900,0,5342880,33
two,sorted,random,100000,MC-C,1,2065100,1121000,855300,0,5342880,33
two,sorted,random,100000,MC-A-detect,1,1323700,1098700,136300,0,3245728,17
two,sorted,random,100000,MCC-B,1,2616300,1353400,1106100,2700,4045808,20
two,sorted,random,100000,MC-A,1,1418900,1190500,139800,0,3245728,17
two,sorted,random,100000,MCC-A,1,2368000,1389900,806500,3600,4045808,20
two,sorted,random,100000,MC-B,1,687900,475600,179700,0,1148576,17
two,sorted,random,100000,MCC-A,2,2399500,1435500,800700,4900,4045808,20
two,sorted,random,100000,MC-B,2,657100,449800,173700,0,1148576,17
two,sorted,random,100000,MC-C,2,2229800,1229600,911100,0,5342880,33
two,sorted,random,100000,MC-A,2,1370100,1146900,130600,0,3245728,17
two,sorted,random,100000,MC-A-detect,2,1386700,1098300,191600,0,3245728,17
two,sorted,random,100000,MCC-B,2,2621900,1340100,1120700,5100,4045808,20
two,nearly_sorted,random,100000,MCC-A,0,2399600,1436100,800100,4900,4045808,20
two,nearly_sorted,random,100000,MC-A-detect,0,1428900,1196000,138900,0,3245728,17
two,nearly_sorted,random,100000,MC-B,0,877200,636200,205700,0,1148576,17
two,nearly_sorted,random,100000,MC-C,0,2464100,1303300,1068200,0,5342880,33
two,nearly_sorted,random,100000,MCC-B,0,2751000,1436400,1143900,3000,4045808,20
two,nearly_sorted,random,100000,MC-A,0,1539000,1332400,111200,0,3245728,17
two,nearly_sorted,random,100000,MC-A-detect,1,1266000,1057100,110200,0,3245728,17
two,nearly_sorted,random,100000,MCC-A,1,2304000,1297900,802400,2800,4045808,20
two,nearly_sorted,random,100000,MC-B,1,679700,465200,175000,0,1148576,17
two,nearly_sorted,random,100000,MC-A,1,1401300,1159100,138800,0,3245728,17
two,nearly_sorted,random,100000,MC-C,1,2166900,1090900,976100,0,5342880,33
two,nearly_sorted,random,100000,MCC-B,1,2703300,1403000,1109900,3000,4045808,20
two,nearly_sorted,random,100000,MC-B,2,683500,468200,177700,0,1148576,17
two,nearly_sorted,random,100000,MC-A-detect,2,1498200,1233000,132000,0,3245728,17
two,nearly_sorted,random,100000,MCC-B,2,2719600,1391500,1133800,3700,4045808,20
two,nearly_sorted,random,100000,MC-C,2,2459200,1210600,1150200,0,5342880,33
two,nearly_sorted,random,100000,MCC-A,2,2560700,1566600,804500,4100,4045808,20
two,nearly_sorted,random,100000,MC-A,2,1416200,1194800,122700,0,3245728,17
two,shuffled,random,100000,MCC-B,0,5247900,3902100,1140500,5400,4045808,20
two,shuffled,random,100000,MC-B,0,4009900,3781400,187300,0,1148576,17
two,shuffled,random,100000,MC-A,0,3858300,3602400,145300,0,3245728,17
two,shuffled,random,100000,MC-A-detect,0,3829300,3604700,128300,0,3245728,17
two,shuffled,random,100000,MCC-A,0,4870300,3879800,820300,6700,4045808,20
two,shuffled,random,100000,MC-C,0,4710800,3703000,906800,0,5342880,33
two,shuffled,random,100000,MC-C,1,4572900,3573500,904200,0,5342880,33
two,shuffled,random,100000,MC-A,1,3747600,3514700,133000,0,3245728,17
two,shuffled,random,100000,MC-A-detect,1,3769600,3563000,109700,0,3245728,17
two,shuffled,random,100000,MCC-B,1,5086100,3760100,1141600,5300,4045808,20
two,shuffled,random,100000,MC-B,1,3903400,3663500,194500,0,1148576,17
two,shuffled,random,100000,MCC-A,1,4840300,3823700,841600,5600,4045808,20
two,shuffled,random,100000,MC-A-detect,2,3780500,3555000,126800,0,3245728,17
two,shuffled,random,100000,MC-A,2,3708400,3485300,124600,0,3245728,17
two,shuffled,random,100000,MC-B,2,3868700,3641900,189200,0,1148576,17
two,shuffled,random,100000,MCC-B,2,5084000,3804600,1107400,6300,4045808,20
two,shuffled,random,100000,MCC-A,2,4819400,3804800,807300,6500,4045808,20
two,shuffled,random,100000,MC-C,2,4577800,3596900,887100,0,5342880,33
disjoint,sorted,random,100000,MCC-B,0,560200,510000,0,0,1972872,16
disjoint,sorted,random,100000,MC-A-detect,0,449700,399000,2400,0,1672864,16
disjoint,sorted,random,100000,MCC-A,0,578000,526800,0,0,1972872,16
disjoint,sorted,random,100000,MC-C,0,462300,412700,2500,0,1672928,17
disjoint,sorted,random,100000,MC-B,0,200800,198800,1700,0,624288,16
disjoint,sorted,random,100000,MC-A,0,655300,572200,36000,0,1672864,16
disjoint,sorted,random,100000,MC-A,1,632700,581500,4200,0,1672864,16
disjoint,sorted,random,100000,MC-A-detect,1,486000,431800,4600,0,1672864,16
disjoint,sorted,random,100000,MC-B,1,293100,290800,2100,0,624288,16
disjoint,sorted,random,100000,MC-C,1,457500,408300,2800,0,1672928,17
disjoint,sorted,random,100000,MCC-B,1,597800,550500,0,0,1972872,16
disjoint,sorted,random,100000,MCC-A,1,560600,512200,0,0,1972872,16
disjoint,sorted,random,100000,MC-C,2,467300,417300,4000,0,1672928,17
disjoint,sorted,random,100000,MCC-A,2,562800,515500,0,0,1972872,16
disjoint,sorted,random,100000,MC-B,2,200000,196300,3400,0,624288,16
disjoint,sorted,random,100000,MC-A,2,458500,409100,2600,0,1672864,16
disjoint,sorted,random,100000,MCC-B,2,571300,524200,0,0,1972872,16
disjoint,sorted,random,100000,MC-A-detect,2,427000,380500,2200,0,1672864,16
disjoint,nearly_sorted,random,100000,MCC-B,0,1561800,1513200,0,0,1972872,16
disjoint,nearly_sorted,random,100000,MC-C,0,1473600,1397700,2300,0,1672928,17
disjoint,nearly_sorted,random,100000,MC-B,0,1524600,1521400,2900,0,624288,16
disjoint,nearly_sorted,random,100000,MCC-A,0,1561900,1508900,0,0,1972872,16
disjoint,nearly_sorted,random,100000,MC-A,0,1423400,1374000,2000,0,1672864,16
disjoint,nearly_sorted,random,100000,MC-A-detect,0,1438900,1390000,1700,0,1672864,16
disjoint,nearly_sorted,random,100000,MC-A,1,1440500,1391000,2400,0,1672864,16
disjoint,nearly_sorted,random,100000,MCC-A,1,1556900,1508800,0,0,1972872,16
disjoint,nearly_sorted,random,100000,MC-B,1,1546800,1542700,3600,0,624288,16
disjoint,nearly_sorted,random,100000,MC-A-detect,1,1494500,1440600,1900,0,1672864,16
disjoint,nearly_sorted,random,100000,MC-C,1,1438000,1387800,2700,0,1672928,17
disjoint,nearly_sorted,random,100000,MCC-B,1,1603200,1550600,0,0,1972872,16
disjoint,nearly_sorted,random,100000,MC-A,2,1443800,1393100,1900,0,1672864,16
disjoint,nearly_sorted,random,100000,MC-C,2,1440400,1389700,2400,0,1672928,17
disjoint,nearly_sorted,random,100000,MCC-B,2,1574200,1518600,0,0,1972872,16
disjoint,nearly_sorted,random,100000,MC-B,2,1519700,1516000,3300,0,624288,16
disjoint,nearly_sorted,random,100000,MC-A-detect,2,1497800,1443900,1900,0,1672864,16
disjoint,nearly_sorted,random,100000,MCC-A,2,1561400,1512000,0,0,1972872,16
disjoint,shuffled,random,100000,MC-C,0,2325700,2248700,29400,0,1672928,17
disjoint,shuffled,random,100000,MCC-B,0,2387300,2339900,0,0,1972872,16
disjoint,shuffled,random,100000,MC-B,0,2520900,2518900,1700,0,624288,16
disjoint,shuffled,random,100000,MCC-A,0,2237200,2188500,0,0,1972872,16
disjoint,shuffled,random,100000,MC-A,0,2101600,2053000,1800,0,1672864,16
disjoint,shuffled,random,100000,MC-A-detect,0,2110600,2064400,2000,0,1672864,16
disjoint,shuffled,random,100000,MC-A,1,2163900,2115200,1800,0,1672864,16
disjoint,shuffled,random,100000,MCC-B,1,2256700,2207300,0,0,1972872,16
disjoint,shuffled,random,100000,MCC-A,1,2216300,2167900,0,0,1972872,16
disjoint,shuffled,random,100000,MC-B,1,2426800,2424800,1800,0,624288,16
disjoint,shuffled,random,100000,MC-A-detect,1,2115800,2066700,2200,0,1672864,16
disjoint,shuffled,random,100000,MC-C,1,2135200,2086600,3000,0,1672928,17
disjoint,shuffled,random,100000,MC-A,2,2148800,2093100,2700,0,1672864,16
disjoint,shuffled,random,100000,MCC-A,2,2310400,2262700,0,0,1972872,16
disjoint,shuffled,random,100000,MC-A-detect,2,2114900,2064400,2200,0,1672864,16
disjoint,shuffled,random,100000,MC-B,2,2456600,2454600,1800,0,624288,16
disjoint,shuffled,random,100000,MCC-B,2,2436000,2385600,0,0,1972872,16
disjoint,shuffled,random,100000,MC-C,2,2254500,2202200,3900,0,1672928,17
chain,sorted,random,100000,MCC-A,0,8671500,1300100,6948900,213000,11145856,20
chain,sorted,random,100000,MC-A-detect,0,1290200,1054500,148700,0,3245728,17
chain,sorted,random,100000,MC-C,0,1654900,1040100,520200,0,3245792,18
chain,sorted,random,100000,MC-A,0,1285500,1048100,146700,0,3245728,17
chain,sorted,random,100000,MC-B,0,658200,408700,219000,0,1148576,17
chain,sorted,random,100000,MCC-B,0,9916600,1249700,8239300,226600,18928672,20
chain,sorted,random,100000,MCC-B,1,9805800,1214900,8164500,226200,18928672,20
chain,sorted,random,100000,MC-C,1,2017600,1379200,549600,0,3245792,18
chain,sorted,random,100000,MC-A,1,1441700,1201300,153000,0,3245728,17
chain,sorted,random,100000,MC-A-detect,1,1235700,993100,148400,0,3245728,17
chain,sorted,random,100000,MC-B,1,652300,400800,219000,0,1148576,17
chain,sorted,random,100000,MCC-A,1,8401900,1237800,6764700,202300,11145856,20
chain,sorted,random,100000,MCC-A,2,8406400,1262400,6735900,213400,11145856,20
chain,sorted,random,100000,MC-B,2,668700,419700,213800,0,1148576,17
chain,sorted,random,100000,MC-C,2,1644000,1038000,512700,0,3245792,18
chain,sorted,random,100000,MC-A-detect,2,1259900,1016700,154000,0,3245728,17
chain,sorted,random,100000,MCC-B,2,9846900,1218900,8192100,226600,18928672,20
chain,sorted,random,100000,MC-A,2,1339300,1096600,154400,0,3245728,17
chain,nearly_sorted,random,100000,MCC-B,0,12055600,3334200,8291900,221000,18928672,20
chain,nearly_sorted,random,100000,MCC-A,0,10594500,3411900,6772100,212700,11145856,20
chain,nearly_sorted,random,100000,MC-B,0,3527200,3266100,225700,0,1148576,17
chain,nearly_sorted,random,100000,MC-A,0,3443600,3210500,145100,0,3245728,17
chain,nearly_sorted,random,100000,MC-C,0,3847800,3243400,515600,0,3245792,18
chain,nearly_sorted,random,100000,MC-A-detect,0,3407900,3178200,144900,0,3245728,17
chain,nearly_sorted,random,100000,MC-A,1,3367300,3130700,149000,0,3245728,17
chain,nearly_sorted,random,100000,MCC-B,1,12057300,3440700,8192400,222600,18928672,20
chain,nearly_sorted,random,100000,MC-C,1,3771900,3177800,506900,0,3245792,18
chain,nearly_sorted,random,100000,MC-B,1,3425300,3174400,215600,0,1148576,17
chain,nearly_sorted,random,100000,MC-A-detect,1,3421800,3172700,153900,0,3245728,17
chain,nearly_sorted,random,100000,MCC-A,1,10594900,3406900,6789100,202200,11145856,20
chain,nearly_sorted,random,100000,MC-A-detect,2,3506700,3262800,150000,0,3245728,17
chain,nearly_sorted,random,100000,MC-B,2,3449500,3195300,218800,0,1148576,17
chain,nearly_sorted,random,100000,MC-A,2,3557500,3296000,155400,0,3245728,17
chain,nearly_sorted,random,100000,MCC-A,2,10842800,3442500,6977400,214400,11145856,20
chain,nearly_sorted,random,100000,MCC-B,2,11976000,3339800,8181200,237900,18928672,20
chain,nearly_sorted,random,100000,MC-C,2,3784700,3193200,503500,0,3245792,18
chain,shuffled,random,100000,MC-A,0,4146400,3893900,163700,0,3245728,17
chain,shuffled,random,100000,MC-C,0,4501800,3858900,554400,0,3245792,18
chain,shuffled,random,100000,MC-A-detect,0,4119700,3858000,169600,0,3245728,17
chain,shuffled,random,100000,MCC-A,0,12237800,4101200,7654300,271400,11145856,20
chain,shuffled,random,100000,MCC-B,0,14241200,4116000,9604300,300200,18928672,20
chain,shuffled,random,100000,MC-B,0,5020000,4533900,452900,0,1148576,17
chain,shuffled,random,100000,MC-A-detect,1,4162300,3889700,179000,0,3245728,17
chain,shuffled,random,100000,MC-B,1,5053300,4548300,462400,0,1148576,17
chain,shuffled,random,100000,MCC-B,1,14429500,4194600,9731500,282700,18928672,20
chain,shuffled,random,100000,MCC-A,1,12012200,4101200,7419300,275200,11145856,20
chain,shuffled,random,100000,MC-A,1,4257100,3907100,251800,0,3245728,17
chain,shuffled,random,100000,MC-C,1,4593700,3945400,550600,0,3245792,18
chain,shuffled,random,100000,MC-C,2,5343500,3929900,1315100,0,3245792,18
chain,shuffled,random,100000,MC-A,2,4160000,3903800,164600,0,3245728,17
chain,shuffled,random,100000,MC-A-detect,2,4445500,4188700,159300,0,3245728,17
chain,shuffled,random,100000,MCC-A,2,12179700,4074200,7644400,266300,11145856,20
chain,shuffled,random,100000,MC-B,2,4935300,4487800,411200,0,1148576,17
chain,shuffled,random,100000,MCC-B,2,13851600,4012800,9355400,274200,18928672,20
dense,sorted,equal,100000,MC-A,0,1383600,1230800,62900,0,3245728,17
dense,sorted,equal,100000,MCC-B,0,19236200,1308300,17652900,9900,18328696,20
dense,sorted,equal,100000,MC-A-detect,0,1253800,1102700,62200,0,3245728,17
dense,sorted,equal,100000,MCC-A,0,8609600,1216500,7139300,9100,9345928,20
dense,sorted,equal,100000,MC-B,0,700200,533900,130900,0,1148576,17
dense,sorted,equal,100000,MC-C,0,3022300,1229800,1699900,0,5342880,33
dense,sorted,equal,100000,MCC-B,1,19444500,1359300,17814500,11100,18328696,20
dense,sorted,equal,100000,MC-A-detect,1,1396900,1242400,68200,0,3245728,17
dense,sorted,equal,100000,MC-A,1,1194700,1043900,64500,0,3245728,17
dense,sorted,equal,100000,MCC-A,1,8915600,1318100,7330200,9100,9345928,20
dense,sorted,equal,100000,MC-B,1,656400,484200,138100,0,1148576,17
dense,sorted,equal,100000,MC-C,1,2940800,1153800,1694300,0,5342880,33
dense,sorted,equal,100000,MC-A,2,1240500,1068300,76200,0,3245728,17
dense,sorted,equal,100000,MCC-A,2,9053200,1293300,7475000,10900,9345928,20
dense,sorted,equal,100000,MCC-B,2,19697100,1436600,17990800,10700,18328696,20
dense,sorted,equal,100000,MC-B,2,684900,512300,138900,0,1148576,17
dense,sorted,equal,100000,MC-C,2,2962900,1178700,1690400,0,5342880,33
dense,sorted,equal,100000,MC-A-detect,2,1202400,1043600,67600,0,3245728,17
dense,nearly_sorted,equal,100000,MCC-B,0,21506100,3572300,17668000,10600,18328696,20
dense,nearly_sorted,equal,100000,MCC-A,0,10958400,3571000,7150700,6400,9345928,20
dense,nearly_sorted,equal,100000,MC-C,0,5130100,3344200,1698500,0,5342880,33
dense,nearly_sorted,equal,100000,MC-B,0,3438400,3271700,132600,0,1148576,17
dense,nearly_sorted,equal,100000,MC-A-detect,0,3382800,3235200,59100,0,3245728,17
dense,nearly_sorted,equal,100000,MC-A,0,3450200,3281300,80100,0,3245728,17
dense,nearly_sorted,equal,100000,MC-A-detect,1,3393500,3227400,78600,0,3245728,17
dense,nearly_sorted,equal,100000,MC-A,1,3351600,3185000,79100,0,3245728,17
dense,nearly_sorted,equal,100000,MCC-A,1,10888100,3471000,7163200,6600,9345928,20
dense,nearly_sorted,equal,100000,MC-B,1,3499700,3316800,148200,0,1148576,17
dense,nearly_sorted,equal,100000,MCC-B,1,21469700,3518500,17685300,10700,18328696,20
dense,nearly_sorted,equal,100000,MC-C,1,5173100,3382300,1703300,0,5342880,33
dense,nearly_sorted,equal,100000,MC-A-detect,2,3389600,3240900,59200,0,3245728,17
dense,nearly_sorted,equal,100000,MCC-A,2,11021700,3459800,7286200,9500,9345928,20
dense,nearly_sorted,equal,100000,MC-A,2,3629100,3468800,62800,0,3245728,17
dense,nearly_sorted,equal,100000,MC-B,2,3508000,3332700,135800,0,1148576,17
dense,nearly_sorted,equal,100000,MC-C,2,5086800,3283500,1706700,0,5342880,33
dense,nearly_sorted,equal,100000,MCC-B,2,21772100,3609100,17891800,10900,18328696,20
dense,shuffled,equal,100000,MC-A,0,3915600,3763500,65800,0,3245728,17
dense,shuffled,equal,100000,MCC-B,0,23485200,4048700,19172700,9900,18328696,20
dense,shuffled,equal,100000,MC-C,0,5515400,3820500,1609700,0,5342880,33
dense,shuffled,equal,100000,MC-B,0,4367200,4121800,212900,0,1148576,17
dense,shuffled,equal,100000,MC-A-detect,0,3891100,3726700,72900,0,3245728,17
dense,shuffled,equal,100000,MCC-A,0,12340600,4056600,8032900,8000,9345928,20
dense,shuffled,equal,100000,MC-C,1,5468900,3825700,1557500,0,5342880,33
dense,shuffled,equal,100000,MC-B,1,4488900,4168900,285100,0,1148576,17
dense,shuffled,equal,100000,MCC-B,1,23140400,4040800,18845000,8700,18328696,20
dense,shuffled,equal,100000,MCC-A,1,12400100,4193000,7972700,6100,9345928,20
dense,shuffled,equal,100000,MC-A,1,3924600,3762700,64800,0,3245728,17
dense,shuffled,equal,100000,MC-A-detect,1,3908900,3662500,153600,0,3245728,17
dense,shuffled,equal,100000,MC-B,2,4393000,4153500,200600,0,1148576,17
dense,shuffled,equal,100000,MC-A-detect,2,3846600,3631700,127600,0,3245728,17
dense,shuffled,equal,100000,MC-A,2,3793400,3630300,77300,0,3245728,17
dense,shuffled,equal,100000,MC-C,2,5352700,3676100,1589600,0,5342880,33
dense,shuffled,equal,100000,MCC-B,2,23472100,4059100,19144000,10400,18328696,20
dense,shuffled,equal,100000,MCC-A,2,12481200,4250000,8001500,6500,9345928,20
dense,sorted,zero,100000,MC-A,0,1430900,1285100,59000,0,3245728,17
dense,sorted,zero,100000,MCC-B,0,19210600,1314500,17635400,9200,18328696,20
dense,sorted,zero,100000,MC-A-detect,0,1389600,1243900,59000,0,3245728,17
dense,sorted,zero,100000,MC-B,0,601200,431900,135800,0,1148576,17
dense,sorted,zero,100000,MCC-A,0,9046000,1289300,7501800,8100,9345928,20
dense,sorted,zero,100000,MC-C,0,3046200,1298700,1660700,0,5342880,33
dense,sorted,zero,100000,MCC-B,1,19177700,1322300,17588900,9100,18328696,20
dense,sorted,zero,100000,MC-C,1,2941600,1228100,1631100,0,5342880,33
dense,sorted,zero,100000,MC-B,1,592400,432000,127000,0,1148576,17
dense,sorted,zero,100000,MC-A,1,1211900,1063800,60600,0,3245728,17
dense,sorted,zero,100000,MCC-A,1,8860300,1318900,7311000,5100,9345928,20
dense,sorted,zero,100000,MC-A-detect,1,1434800,1284400,64100,0,3245728,17
dense,sorted,zero,100000,MCC-A,2,8923400,1279800,7402000,6300,9345928,20
dense,sorted,zero,100000,MC-A-detect,2,1353800,1206400,59400,0,3245728,17
dense,sorted,zero,100000,MC-B,2,658700,494300,127300,0,1148576,17
dense,sorted,zero,100000,MC-A,2,1213000,1044100,83500,0,3245728,17
dense,sorted,zero,100000,MCC-B,2,19087900,1255200,17571700,9500,18328696,20
dense,sorted,zero,100000,MC-C,2,3060600,1266900,1691800,0,5342880,33
dense,nearly_sorted,zero,100000,MC-B,0,3615800,3443700,134900,0,1148576,17
dense,nearly_sorted,zero,100000,MC-A,0,3584500,3428000,64300,0,3245728,17
dense,nearly_sorted,zero,100000,MCC-B,0,22334000,3426800,18646400,10500,18328696,20
dense,nearly_sorted,zero,100000,MC-C,0,5206500,3375200,1735100,0,5342880,33
dense,nearly_sorted,zero,100000,MC-A-detect,0,3420100,3261000,61400,0,3245728,17
dense,nearly_sorted,zero,100000,MCC-A,0,11454400,3467900,7701200,6100,9345928,20
dense,nearly_sorted,zero,100000,MC-A,1,3616400,3457400,63500,0,3245728,17
dense,nearly_sorted,zero,100000,MC-C,1,4992100,3221100,1674200,0,5342880,33
dense,nearly_sorted,zero,100000,MCC-B,1,21937900,3405400,18276800,10000,18328696,20
dense,nearly_sorted,zero,100000,MCC-A,1,11482300,3588500,7666200,4800,9345928,20
dense,nearly_sorted,zero,100000,MC-B,1,3574900,3398900,135900,0,1148576,17
dense,nearly_sorted,zero,100000,MC-A-detect,1,3681600,3506600,86000,0,3245728,17
dense,nearly_sorted,zero,100000,MCC-A,2,11513500,3584000,7693400,4500,9345928,20
dense,nearly_sorted,zero,100000,MC-A,2,3503900,3353500,60000,0,3245728,17
dense,nearly_sorted,zero,100000,MC-A-detect,2,3400400,3244500,60000,0,3245728,17
dense,nearly_sorted,zero,100000,MC-B,2,3562400,3390000,135200,0,1148576,17
dense,nearly_sorted,zero,100000,MCC-B,2,21961200,3473000,18230300,8900,18328696,20
dense,nearly_sorted,zero,100000,MC-C,2,5197300,3407300,1703400,0,5342880,33
dense,shuffled,zero,100000,MC-B,0,4625700,4368400,219600,0,1148576,17
dense,shuffled,zero,100000,MC-C,0,5669700,3957200,1617600,0,5342880,33
dense,shuffled,zero,100000,MC-A-detect,0,3896500,3735600,66600,0,3245728,17
dense,shuffled,zero,100000,MCC-A,0,13339600,4205500,8894400,4500,9345928,20
dense,shuffled,zero,100000,MCC-B,0,27488300,4211700,23006800,9900,18328696,20
dense,shuffled,zero,100000,MC-A,0,4126000,3970200,66400,0,3245728,17
dense,shuffled,zero,100000,MC-C,1,5542800,3751200,1685800,0,5342880,33
dense,shuffled,zero,100000,MC-B,1,6840300,6440600,347700,0,1148576,17
dense,shuffled,zero,100000,MCC-B,1,25479500,4784900,20431100,8800,18328696,20
dense,shuffled,zero,100000,MCC-A,1,13272000,4335500,8703300,4200,9345928,20
dense,shuffled,zero,100000,MC-A-detect,1,4018600,3857600,66300,0,3245728,17
dense,shuffled,zero,100000,MC-A,1,4004000,3843200,66800,0,3245728,17
dense,shuffled,zero,100000,MC-B,2,4546300,4299500,210000,0,1148576,17
dense,shuffled,zero,100000,MCC-B,2,24277500,4155400,19862900,8500,18328696,20
dense,shuffled,zero,100000,MCC-A,2,13265700,4297800,8732500,4400,9345928,20
dense,shuffled,zero,100000,MC-C,2,5602100,3867400,1647100,0,5342880,33
dense,shuffled,zero,100000,MC-A-detect,2,3918400,3761200,65700,0,3245728,17
dense,shuffled,zero,100000,MC-A,2,3897400,3731700,77400,0,3245728,17
dense,sorted,random,100000,MCC-A,0,9759500,1386300,8148900,5600,9345928,20
dense,sorted,random,100000,MCC-B,0,21266400,1341200,19653500,11500,18328696,20
dense,sorted,random,100000,MC-A,0,1398700,1236900,59100,0,3245728,17
dense,sorted,random,100000,MC-C,0,2901100,1066900,1747500,0,5342880,33
dense,sorted,random,100000,MC-A-detect,0,1171900,1025800,58700,0,3245728,17
dense,sorted,random,100000,MC-B,0,609400,437500,133600,0,1148576,17
dense,sorted,random,100000,MC-B,1,605200,435800,133000,0,1148576,17
dense,sorted,random,100000,MCC-A,1,9730600,1303800,8169500,5800,9345928,20
dense,sorted,random,100000,MCC-B,1,21368700,1384500,19714300,8300,18328696,20
dense,sorted,random,100000,MC-A,1,1351000,1203600,59100,0,3245728,17
dense,sorted,random,100000,MC-C,1,2830100,1035300,1701600,0,5342880,33
dense,sorted,random,100000,MC-A-detect,1,1180100,1015500,77500,0,3245728,17
dense,sorted,random,100000,MC-A,2,1175800,1027000,60600,0,3245728,17
dense,sorted,random,100000,MC-A-detect,2,1183000,1014800,81300,0,3245728,17
dense,sorted,random,100000,MCC-A,2,9826500,1401900,8178300,4900,9345928,20
dense,sorted,random,100000,MC-C,2,2919600,1133300,1696600,0,5342880,33
dense,sorted,random,100000,MC-B,2,617700,452500,131400,0,1148576,17
dense,sorted,random,100000,MCC-B,2,21437200,1364800,19812900,9300,18328696,20
dense,nearly_sorted,random,100000,MC-B,0,3798500,3616900,145500,0,1148576,17
dense,nearly_sorted,random,100000,MCC-B,0,23358800,3651500,19451500,8200,18328696,20
dense,nearly_sorted,random,100000,MC-A,0,3606700,3456900,59900,0,3245728,17
dense,nearly_sorted,random,100000,MC-C,0,5081800,3252700,1725300,0,5342880,33
dense,nearly_sorted,random,100000,MC-A-detect,0,3431700,3282100,60600,0,3245728,17
dense,nearly_sorted,random,100000,MCC-A,0,11960100,3504800,8218900,5100,9345928,20
dense,nearly_sorted,random,100000,MCC-A,1,11935700,3533300,8169800,4200,9345928,20
dense,nearly_sorted,random,100000,MC-B,1,3538700,3364700,137000,0,1148576,17
dense,nearly_sorted,random,100000,MCC-B,1,23423200,3560500,19607200,8200,18328696,20
dense,nearly_sorted,random,100000,MC-A,1,3578100,3428900,59900,0,3245728,17
dense,nearly_sorted,random,100000,MC-A-detect,1,3444800,3262800,80300,0,3245728,17
dense,nearly_sorted,random,100000,MC-C,1,5071500,3289500,1693800,0,5342880,33
dense,nearly_sorted,random,100000,MC-A-detect,2,3471700,3321600,60400,0,3245728,17
dense,nearly_sorted,random,100000,MC-B,2,3750300,3552100,164400,0,1148576,17
dense,nearly_sorted,random,100000,MC-A,2,3581000,3412600,80800,0,3245728,17
dense,nearly_sorted,random,100000,MCC-A,2,11980600,3550600,8193400,5200,9345928,20
dense,nearly_sorted,random,100000,MC-C,2,5304200,3417900,1797200,0,5342880,33
dense,nearly_sorted,random,100000,MCC-B,2,23484500,3557500,19661300,9600,18328696,20
dense,shuffled,random,100000,MCC-B,0,26449200,4651700,21511500,41000,18328696,20
dense,shuffled,random,100000,MC-A-detect,0,4250000,4087000,66300,0,3245728,17
dense,shuffled,random,100000,MC-B,0,4671000,4424000,208700,0,1148576,17
dense,shuffled,random,100000,MC-C,0,5514400,3813200,1610900,0,5342880,33
dense,shuffled,random,100000,MC-A,0,3995800,3835200,69900,0,3245728,17
dense,shuffled,random,100000,MCC-A,0,13876800,4207700,9425700,5500,9345928,20
dense,shuffled,random,100000,MC-C,1,5700500,4003100,1608100,0,5342880,33
dense,shuffled,random,100000,MC-B,1,4547400,4301300,209200,0,1148576,17
dense,shuffled,random,100000,MC-A-detect,1,3939000,3784600,65700,0,3245728,17
dense,shuffled,random,100000,MCC-B,1,25786600,4217700,21313700,9500,18328696,20
dense,shuffled,random,100000,MCC-A,1,13738300,4293700,9215700,4200,9345928,20
dense,shuffled,random,100000,MC-A,1,5616600,5344900,143700,0,3245728,17
dense,shuffled,random,100000,MC-C,2,7804600,5401300,2278200,0,5342880,33
dense,shuffled,random,100000,MC-A,2,4027900,3857300,77300,0,3245728,17
dense,shuffled,random,100000,MCC-A,2,14128300,4309300,9566400,5300,9345928,20
dense,shuffled,random,100000,MC-A-detect,2,4183600,3977700,66100,0,3245728,17
dense,shuffled,random,100000,MC-B,2,4590600,4340500,209300,0,1148576,17
dense,shuffled,random,100000,MCC-B,2,26217200,4197900,21744100,12400,18328696,20
dense,sorted,skewed,100000,MC-A-detect,0,1255500,1109400,58500,0,3245728,17
dense,sorted,skewed,100000,MCC-A,0,8703700,1241000,7221600,4300,9345928,20
dense,sorted,skewed,100000,MC-A,0,1267600,1111900,63100,0,3245728,17
dense,sorted,skewed,100000,MC-B,0,637300,457000,143600,0,1148576,17
dense,sorted,skewed,100000,MCC-B,0,18889700,1198900,17430300,9900,18328696,20
dense,sorted,skewed,100000,MC-C,0,2944100,1179900,1676000,0,5342880,33
dense,sorted,skewed,100000,MC-C,1,2755800,1001700,1666100,0,5342880,33
dense,sorted,skewed,100000,MC-A,1,1206700,1058900,59700,0,3245728,17
dense,sorted,skewed,100000,MCC-A,1,8653500,1241400,7162000,5500,9345928,20
dense,sorted,skewed,100000,MCC-B,1,19410000,1363300,17785900,9400,18328696,20
dense,sorted,skewed,100000,MC-B,1,694200,525400,132800,0,1148576,17
dense,sorted,skewed,100000,MC-A-detect,1,1268300,1117300,59700,0,3245728,17
dense,sorted,skewed,100000,MC-B,2,607700,438800,132200,0,1148576,17
dense,sorted,skewed,100000,MCC-A,2,9740100,1361200,8121800,7800,9345928,20
dense,sorted,skewed,100000,MCC-B,2,19231500,1335600,17633100,9200,18328696,20
dense,sorted,skewed,100000,MC-A,2,1404400,1255900,60600,0,3245728,17
dense,sorted,skewed,100000,MC-C,2,2856300,995100,1775000,0,5342880,33
dense,sorted,skewed,100000,MC-A-detect,2,1175800,1029900,58800,0,3245728,17
dense,nearly_sorted,skewed,100000,MC-C,0,5213900,3430700,1696300,0,5342880,33
dense,nearly_sorted,skewed,100000,MC-A-detect,0,3629100,3449500,89100,0,3245728,17
dense,nearly_sorted,skewed,100000,MCC-B,0,21503400,3659800,17584000,11200,18328696,20
dense,nearly_sorted,skewed,100000,MC-A,0,3549600,3395900,60200,0,3245728,17
dense,nearly_sorted,skewed,100000,MC-B,0,3576700,3405900,134100,0,1148576,17
dense,nearly_sorted,skewed,100000,MCC-A,0,10991500,3469000,7277300,8700,9345928,20
dense,nearly_sorted,skewed,100000,MCC-A,1,11053400,3518600,7241800,6800,9345928,20
dense,nearly_sorted,skewed,100000,MC-A,1,3653000,3502900,59700,0,3245728,17
dense,nearly_sorted,skewed,100000,MC-C,1,5302400,3364700,1851200,0,5342880,33
dense,nearly_sorted,skewed,100000,MC-A-detect,1,3573700,3424400,61000,0,3245728,17
dense,nearly_sorted,skewed,100000,MCC-B,1,22028000,3732300,18033600,9900,18328696,20
dense,nearly_sorted,skewed,100000,MC-B,1,3587200,3409600,139800,0,1148576,17
dense,nearly_sorted,skewed,100000,MCC-B,2,21588100,3607900,17727900,10000,18328696,20
dense,nearly_sorted,skewed,100000,MC-A-detect,2,3598300,3448100,60000,0,3245728,17
dense,nearly_sorted,skewed,100000,MCC-A,2,11351200,3678100,7387400,5200,9345928,20
dense,nearly_sorted,skewed,100000,MC-B,2,3586000,3407000,135700,0,1148576,17
dense,nearly_sorted,skewed,100000,MC-A,2,3583300,3429000,60200,0,3245728,17
dense,nearly_sorted,skewed,100000,MC-C,2,5171400,3330400,1751800,0,5342880,33
dense,shuffled,skewed,100000,MC-B,0,4612800,4353900,213200,0,1148576,17
dense,shuffled,skewed,100000,MC-A-detect,0,4090900,3926500,69300,0,3245728,17
dense,shuffled,skewed,100000,MC-C,0,5634000,3876200,1664600,0,5342880,33
dense,shuffled,skewed,100000,MCC-A,0,13449900,4229800,8966500,9000,9345928,20
dense,shuffled,skewed,100000,MC-A,0,4530600,4034700,105300,0,3245728,17
dense,shuffled,skewed,100000,MCC-B,0,23996300,4524400,19213500,10400,18328696,20
dense,shuffled,skewed,100000,MC-B,1,4631200,4385000,208300,0,1148576,17
dense,shuffled,skewed,100000,MC-A-detect,1,4029000,3854000,79000,0,3245728,17
dense,shuffled,skewed,100000,MC-A,1,3943800,3786700,66800,0,3245728,17
dense,shuffled,skewed,100000,MC-C,1,5500900,3794300,1618700,0,5342880,33
dense,shuffled,skewed,100000,MCC-B,1,23779400,4191600,19329800,8900,18328696,20
dense,shuffled,skewed,100000,MCC-A,1,12719500,4326300,8166600,4500,9345928,20
dense,shuffled,skewed,100000,MC-A,2,4098000,3904000,102600,0,3245728,17
dense,shuffled,skewed,100000,MCC-B,2,23706500,4263900,19187800,9100,18328696,20
dense,shuffled,skewed,100000,MC-A-detect,2,4108000,3904200,102500,0,3245728,17
dense,shuffled,skewed,100000,MCC-A,2,12409300,4174500,8003900,4800,9345928,20
dense,shuffled,skewed,100000,MC-B,2,4689100,4427300,216800,0,1148576,17
dense,shuffled,skewed,100000,MC-C,2,5627000,3924600,1611900,0,5342880,33
dense,sorted,different_duplicates,100000,MC-A-detect,0,1350600,1195400,65800,0,3245728,17
dense,sorted,different_duplicates,100000,MC-C,0,2928900,1093700,1744400,0,5342880,33
dense,sorted,different_duplicates,100000,MCC-A,0,9073500,1389100,7454300,5600,9345928,20
dense,sorted,different_duplicates,100000,MCC-B,0,20072400,1534900,18268900,16800,18328696,20
dense,sorted,different_duplicates,100000,MC-A,0,1502100,1344200,70100,0,3245728,17
dense,sorted,different_duplicates,100000,MC-B,0,721900,555900,132400,0,1148576,17
dense,sorted,different_duplicates,100000,MCC-B,1,19821000,1415900,18143700,10800,18328696,20
dense,sorted,different_duplicates,100000,MC-B,1,694600,526700,134100,0,1148576,17
dense,sorted,different_duplicates,100000,MC-C,1,2974500,1190800,1690500,0,5342880,33
dense,sorted,different_duplicates,100000,MC-A,1,1237800,1072700,75000,0,3245728,17
dense,sorted,different_duplicates,100000,MC-A-detect,1,1221100,1065100,66100,0,3245728,17
dense,sorted,different_duplicates,100000,MCC-A,1,9076800,1398400,7445600,5800,9345928,20
dense,sorted,different_duplicates,100000,MC-B,2,659300,477700,144500,0,1148576,17
dense,sorted,different_duplicates,100000,MCC-B,2,19821500,1379900,18184300,9900,18328696,20
dense,sorted,different_duplicates,100000,MC-A-detect,2,1425900,1269600,65900,0,3245728,17
dense,sorted,different_duplicates,100000,MCC-A,2,8980300,1355500,7393300,5800,9345928,20
dense,sorted,different_duplicates,100000,MC-C,2,2981100,1213500,1679100,0,5342880,33
dense,sorted,different_duplicates,100000,MC-A,2,1235600,1070100,70200,0,3245728,17
dense,nearly_sorted,different_duplicates,100000,MCC-A,0,11822900,3787600,7778000,8900,9345928,20
dense,nearly_sorted,different_duplicates,100000,MC-A,0,3671600,3512300,61300,0,3245728,17
dense,nearly_sorted,different_duplicates,100000,MC-C,0,5339900,3446700,1800900,0,5342880,33
dense,nearly_sorted,different_duplicates,100000,MC-B,0,3612400,3436900,136300,0,1148576,17
dense,nearly_sorted,different_duplicates,100000,MC-A-detect,0,3542700,3388700,59600,0,3245728,17
dense,nearly_sorted,different_duplicates,100000,MCC-B,0,22950500,3600900,19047900,10500,18328696,20
dense,nearly_sorted,different_duplicates,100000,MC-A-detect,1,3640700,3479800,61100,0,3245728,17
dense,nearly_sorted,different_duplicates,100000,MC-B,1,3498200,3325700,133600,0,1148576,17
dense,nearly_sorted,different_duplicates,100000,MC-A,1,3417200,3253500,64900,0,3245728,17
dense,nearly_sorted,different_duplicates,100000,MC-C,1,5082000,3209800,1779100,0,5342880,33
dense,nearly_sorted,different_duplicates,100000,MCC-A,1,11090800,3466700,7390800,4900,9345928,20
dense,nearly_sorted,different_duplicates,100000,MCC-B,1,22268700,3548700,18397400,11900,18328696,20
dense,nearly_sorted,different_duplicates,100000,MCC-B,2,22551800,3923600,18357100,9800,18328696,20
dense,nearly_sorted,different_duplicates,100000,MC-C,2,5468500,3670000,1708100,0,5342880,33
dense,nearly_sorted,different_duplicates,100000,MCC-A,2,11327400,3508400,7576300,6700,9345928,20
dense,nearly_sorted,different_duplicates,100000,MC-B,2,3580000,3403100,140300,0,1148576,17
dense,nearly_sorted,different_duplicates,100000,MC-A,2,3554100,3392800,64300,0,3245728,17
dense,nearly_sorted,different_duplicates,100000,MC-A-detect,2,3564600,3383900,79300,0,3245728,17
dense,shuffled,different_duplicates,100000,MC-C,0,5968600,4112000,1767200,0,5342880,33
dense,shuffled,different_duplicates,100000,MC-A,0,4218900,4047900,68000,0,3245728,17
dense,shuffled,different_duplicates,100000,MC-A-detect,0,4190100,4025800,67200,0,3245728,17
dense,shuffled,different_duplicates,100000,MCC-A,0,14966500,4696900,9953200,8800,9345928,20
dense,shuffled,different_duplicates,100000,MC-B,0,5070000,4763100,261800,0,1148576,17
dense,shuffled,different_duplicates,100000,MCC-B,0,27636600,4810500,22555700,9400,18328696,20
dense,shuffled,different_duplicates,100000,MCC-A,1,12997500,4166600,8539900,6700,9345928,20
dense,shuffled,different_duplicates,100000,MCC-B,1,24370200,4151300,19959500,9900,18328696,20
dense,shuffled,different_duplicates,100000,MC-A-detect,1,4096100,3894700,108000,0,3245728,17
dense,shuffled,different_duplicates,100000,MC-A,1,4049900,3851400,103700,0,3245728,17
dense,shuffled,different_duplicates,100000,MC-C,1,5482000,3723000,1666200,0,5342880,33
dense,shuffled,different_duplicates,100000,MC-B,1,4605600,4351600,214000,0,1148576,17
dense,shuffled,different_duplicates,100000,MC-B,2,4640000,4387900,212200,0,1148576,17
dense,shuffled,different_duplicates,100000,MC-A,2,3902600,3736600,70800,0,3245728,17
dense,shuffled,different_duplicates,100000,MC-A-detect,2,3907100,3751000,66000,0,3245728,17
dense,shuffled,different_duplicates,100000,MCC-A,2,13329800,4207100,8882700,5700,9345928,20
dense,shuffled,different_duplicates,100000,MCC-B,2,24426700,4184300,19979100,9600,18328696,20
dense,shuffled,different_duplicates,100000,MC-C,2,5734300,3880400,1765000,0,5342880,33
dense,sorted,expensive,100000,MCC-B,0,19344200,1412200,17676300,9600,18328696,20
dense,sorted,expensive,100000,MC-A-detect,0,1373800,1220600,63100,0,3245728,17
dense,sorted,expensive,100000,MCC-A,0,8924600,1344000,7354100,6200,9345928,20
dense,sorted,expensive,100000,MC-C,0,3136100,1297700,1752500,0,5342880,33
dense,sorted,expensive,100000,MC-B,0,808500,615500,159100,0,1148576,17
dense,sorted,expensive,100000,MC-A,0,1284400,1125400,71500,0,3245728,17
dense,sorted,expensive,100000,MC-C,1,2872800,1009400,1777000,0,5342880,33
dense,sorted,expensive,100000,MCC-A,1,8779000,1250900,7292600,4900,9345928,20
dense,sorted,expensive,100000,MC-B,1,649500,478000,134700,0,1148576,17
dense,sorted,expensive,100000,MC-A,1,1227700,1067300,65800,0,3245728,17
dense,sorted,expensive,100000,MC-A-detect,1,1152200,990600,68300,0,3245728,17
dense,sorted,expensive,100000,MCC-B,1,19106900,1247100,17603800,8300,18328696,20
dense,sorted,expensive,100000,MC-C,2,2961700,1176300,1696800,0,5342880,33
dense,sorted,expensive,100000,MCC-B,2,19046800,1238200,17558500,8400,18328696,20
dense,sorted,expensive,100000,MC-B,2,673100,505100,132000,0,1148576,17
dense,sorted,expensive,100000,MCC-A,2,8819600,1320600,7258800,6300,9345928,20
dense,sorted,expensive,100000,MC-A-detect,2,1269500,1110800,65900,0,3245728,17
dense,sorted,expensive,100000,MC-A,2,1217400,1058100,63800,0,3245728,17
dense,nearly_sorted,expensive,100000,MC-A,0,3577900,3427300,60200,0,3245728,17
dense,nearly_sorted,expensive,100000,MC-A-detect,0,3565400,3389800,72100,0,3245728,17
dense,nearly_sorted,expensive,100000,MCC-A,0,11357100,3797900,7327600,5600,9345928,20
dense,nearly_sorted,expensive,100000,MCC-B,0,21717400,3612000,17837200,8800,18328696,20
dense,nearly_sorted,expensive,100000,MC-C,0,5166100,3399000,1680000,0,5342880,33
dense,nearly_sorted,expensive,100000,MC-B,0,3468900,3300000,133900,0,1148576,17
dense,nearly_sorted,expensive,100000,MCC-B,1,21328600,3493100,17574600,9700,18328696,20
dense,nearly_sorted,expensive,100000,MC-A,1,3578800,3412600,70100,0,3245728,17
dense,nearly_sorted,expensive,100000,MC-A-detect,1,3410100,3253700,63300,0,3245728,17
dense,nearly_sorted,expensive,100000,MC-C,1,5018200,3211300,1716900,0,5342880,33
dense,nearly_sorted,expensive,100000,MC-B,1,3471600,3300400,134500,0,1148576,17
dense,nearly_sorted,expensive,100000,MCC-A,1,10975500,3492600,7207900,5100,9345928,20
dense,nearly_sorted,expensive,100000,MC-B,2,3478500,3308500,133600,0,1148576,17
dense,nearly_sorted,expensive,100000,MC-A,2,3526900,3365700,68500,0,3245728,17
dense,nearly_sorted,expensive,100000,MC-A-detect,2,3441100,3278500,69100,0,3245728,17
dense,nearly_sorted,expensive,100000,MC-C,2,5055600,3260800,1705100,0,5342880,33
dense,nearly_sorted,expensive,100000,MCC-A,2,10965800,3452200,7280400,5400,9345928,20
dense,nearly_sorted,expensive,100000,MCC-B,2,21367800,3568400,17543000,10200,18328696,20
dense,shuffled,expensive,100000,MC-A-detect,0,4133500,3979400,66200,0,3245728,17
dense,shuffled,expensive,100000,MC-A,0,4023500,3857600,73800,0,3245728,17
dense,shuffled,expensive,100000,MCC-B,0,23825600,4277800,19290500,9100,18328696,20
dense,shuffled,expensive,100000,MC-B,0,4620800,4373400,211700,0,1148576,17
dense,shuffled,expensive,100000,MC-C,0,5761700,3964900,1710100,0,5342880,33
dense,shuffled,expensive,100000,MCC-A,0,12916700,4256800,8400200,8500,9345928,20
dense,shuffled,expensive,100000,MCC-A,1,13049500,4346600,8464200,5800,9345928,20
dense,shuffled,expensive,100000,MC-B,1,4557000,4303800,213100,0,1148576,17
dense,shuffled,expensive,100000,MC-A,1,4031300,3858100,73300,0,3245728,17
dense,shuffled,expensive,100000,MC-C,1,5481400,3764100,1625000,0,5342880,33
dense,shuffled,expensive,100000,MCC-B,1,23725700,4201300,19265500,8800,18328696,20
dense,shuffled,expensive,100000,MC-A-detect,1,4129100,3952100,82100,0,3245728,17
dense,shuffled,expensive,100000,MC-C,2,5576600,3846900,1640200,0,5342880,33
dense,shuffled,expensive,100000,MCC-B,2,24658300,4251500,20138400,9300,18328696,20
dense,shuffled,expensive,100000,MC-A-detect,2,5864100,5229600,193800,0,3245728,17
dense,shuffled,expensive,100000,MC-A,2,6021400,5690500,182300,0,3245728,17
dense,shuffled,expensive,100000,MCC-A,2,17830400,6413800,11131100,9000,9345928,20
dense,shuffled,expensive,100000,MC-B,2,5205700,4883600,254800,0,1148576,17
dense,sorted,ties,100000,MCC-A,0,8888500,1328200,7332900,4700,9345928,20
dense,sorted,ties,100000,MCC-B,0,19734000,1287300,18171100,8400,18328696,20
dense,sorted,ties,100000,MC-B,0,700200,528200,131700,0,1148576,17
dense,sorted,ties,100000,MC-A-detect,0,1241400,1089300,61000,0,3245728,17
dense,sorted,ties,100000,MC-C,0,2789700,1022300,1677900,0,5342880,33
dense,sorted,ties,100000,MC-A,0,1171200,1015900,66500,0,3245728,17
dense,sorted,ties,100000,MC-A-detect,1,1143000,996200,59500,0,3245728,17
dense,sorted,ties,100000,MC-C,1,2778400,1022800,1666000,0,5342880,33
dense,sorted,ties,100000,MC-A,1,1173900,1020900,64400,0,3245728,17
dense,sorted,ties,100000,MCC-B,1,22271100,1251800,20722400,10900,18328696,20
dense,sorted,ties,100000,MC-B,1,692200,524300,131300,0,1148576,17
dense,sorted,ties,100000,MCC-A,1,8894000,1405200,7258800,3500,9345928,20
dense,sorted,ties,100000,MC-C,2,2943400,1130700,1719800,0,5342880,33
dense,sorted,ties,100000,MCC-B,2,19703300,1275100,18177400,9600,18328696,20
dense,sorted,ties,100000,MC-A,2,1350800,1203100,61800,0,3245728,17
dense,sorted,ties,100000,MC-B,2,646300,475200,136600,0,1148576,17
dense,sorted,ties,100000,MCC-A,2,8947100,1368600,7351500,5000,9345928,20
dense,sorted,ties,100000,MC-A-detect,2,1407500,1240600,66000,0,3245728,17
dense,nearly_sorted,ties,100000,MC-A,0,3764900,3606000,59600,0,3245728,17
dense,nearly_sorted,ties,100000,MCC-B,0,26412400,4075300,22051700,10200,18328696,20
dense,nearly_sorted,ties,100000,MC-A-detect,0,3548100,3390600,64000,0,3245728,17
dense,nearly_sorted,ties,100000,MCC-A,0,11216100,3503700,7453700,6200,9345928,20
dense,nearly_sorted,ties,100000,MC-B,0,3537300,3362900,134900,0,1148576,17
dense,nearly_sorted,ties,100000,MC-C,0,5152000,3374700,1687000,0,5342880,33
dense,nearly_sorted,ties,100000,MCC-A,1,11063000,3471200,7349200,4500,9345928,20
dense,nearly_sorted,ties,100000,MC-B,1,3595400,3412800,143000,0,1148576,17
dense,nearly_sorted,ties,100000,MCC-B,1,22078100,3518700,18279500,10900,18328696,20
dense,nearly_sorted,ties,100000,MC-A,1,3540900,3389900,60300,0,3245728,17
dense,nearly_sorted,ties,100000,MC-C,1,5244500,3424000,1729100,0,5342880,33
dense,nearly_sorted,ties,100000,MC-A-detect,1,3432700,3276400,63200,0,3245728,17
dense,nearly_sorted,ties,100000,MCC-A,2,11727700,4013200,7455700,5800,9345928,20
dense,nearly_sorted,ties,100000,MC-A-detect,2,4164200,3924800,105600,0,3245728,17
dense,nearly_sorted,ties,100000,MCC-B,2,24311700,4986200,19050400,11600,18328696,20
dense,nearly_sorted,ties,100000,MC-C,2,5208400,3409000,1709300,0,5342880,33
dense,nearly_sorted,ties,100000,MC-B,2,3578500,3398700,138000,0,1148576,17
dense,nearly_sorted,ties,100000,MC-A,2,3470500,3304800,62800,0,3245728,17
dense,shuffled,ties,100000,MC-A-detect,0,4123500,3918100,106800,0,3245728,17
dense,shuffled,ties,100000,MCC-A,0,12830200,4215800,8377700,6000,9345928,20
dense,shuffled,ties,100000,MCC-B,0,25340500,4427500,20662900,9800,18328696,20
dense,shuffled,ties,100000,MC-C,0,5778800,3982700,1701900,0,5342880,33
dense,shuffled,ties,100000,MC-A,0,3974400,3811800,66600,0,3245728,17
dense,shuffled,ties,100000,MC-B,0,4718400,4460800,216000,0,1148576,17
dense,shuffled,ties,100000,MC-A,1,4049500,3883200,67600,0,3245728,17
dense,shuffled,ties,100000,MC-A-detect,1,4030900,3867600,66500,0,3245728,17
dense,shuffled,ties,100000,MCC-B,1,25707000,4556500,20839200,39500,18328696,20
dense,shuffled,ties,100000,MCC-A,1,13339300,4450600,8648700,7600,9345928,20
dense,shuffled,ties,100000,MC-B,1,4720000,4463500,215000,0,1148576,17
dense,shuffled,ties,100000,MC-C,1,5714700,3967000,1644800,0,5342880,33
dense,shuffled,ties,100000,MC-A,2,4067700,3816400,128500,0,3245728,17
dense,shuffled,ties,100000,MC-C,2,6071100,4007200,1945900,0,5342880,33
dense,shuffled,ties,100000,MCC-B,2,30013200,4627300,25079600,11200,18328696,20
dense,shuffled,ties,100000,MC-B,2,5768900,5439100,277900,0,1148576,17
dense,shuffled,ties,100000,MCC-A,2,15300000,5155900,9896000,8600,9345928,20
dense,shuffled,ties,100000,MC-A-detect,2,4174700,4007500,67400,0,3245728,17
nested,sorted,random,100000,MC-B,0,486800,449700,1800,0,1148576,17
nested,sorted,random,100000,MCC-A,0,1965800,1371800,437500,4400,4045784,20
nested,sorted,random,100000,MCC-B,0,1965200,1287400,512300,5100,4045784,20
nested,sorted,random,100000,MC-A-detect,0,1292700,1187300,5200,0,3245728,17
nested,sorted,random,100000,MC-A,0,1574800,1454200,4600,0,3245728,17
nested,sorted,random,100000,MC-C,0,1441700,1339700,5400,0,3245792,18
nested,sorted,random,100000,MC-C,1,1215200,1116100,4800,0,3245792,18
nested,sorted,random,100000,MC-A,1,1296100,1197900,4500,0,3245728,17
nested,sorted,random,100000,MC-B,1,503400,463300,2800,0,1148576,17
nested,sorted,random,100000,MCC-B,1,2296000,1586500,530700,30600,4045784,20
nested,sorted,random,100000,MCC-A,1,2066100,1447700,464300,2000,4045784,20
nested,sorted,random,100000,MC-A-detect,1,1269700,1176000,2100,0,3245728,17
nested,sorted,random,100000,MC-B,2,606100,569100,1700,0,1148576,17
nested,sorted,random,100000,MCC-A,2,1963300,1307500,492900,2100,4045784,20
nested,sorted,random,100000,MC-A,2,1364100,1265100,2500,0,3245728,17
nested,sorted,random,100000,MC-A-detect,2,1247100,1150600,2700,0,3245728,17
nested,sorted,random,100000,MCC-B,2,1989000,1322000,509500,2200,4045784,20
nested,sorted,random,100000,MC-C,2,1284300,1194500,3000,0,3245792,18
nested,nearly_sorted,random,100000,MCC-A,0,2017100,1421000,447400,2600,4045784,20
nested,nearly_sorted,random,100000,MC-B,0,3420800,3379300,1700,0,1148576,17
nested,nearly_sorted,random,100000,MC-A,0,3511100,3410700,3300,0,3245728,17
nested,nearly_sorted,random,100000,MC-A-detect,0,3475000,3378800,4700,0,3245728,17
nested,nearly_sorted,random,100000,MC-C,0,4039900,3911000,9300,0,3245792,18
nested,nearly_sorted,random,100000,MCC-B,0,2820900,1796200,844700,6700,4045784,20
nested,nearly_sorted,random,100000,MC-A-detect,1,3589300,3488000,5500,0,3245728,17
nested,nearly_sorted,random,100000,MC-C,1,3533400,3430500,5800,0,3245792,18
nested,nearly_sorted,random,100000,MCC-A,1,2068100,1448800,455500,2600,4045784,20
nested,nearly_sorted,random,100000,MC-A,1,3632300,3527700,3200,0,3245728,17
nested,nearly_sorted,random,100000,MC-B,1,3440600,3393500,3400,0,1148576,17
nested,nearly_sorted,random,100000,MCC-B,1,2105600,1412200,534400,3000,4045784,20
nested,nearly_sorted,random,100000,MC-C,2,3612900,3507000,4600,0,3245792,18
nested,nearly_sorted,random,100000,MCC-A,2,1982200,1381100,443900,2900,4045784,20
nested,nearly_sorted,random,100000,MC-B,2,3382700,3343400,1900,0,1148576,17
nested,nearly_sorted,random,100000,MCC-B,2,2136900,1471200,515800,2400,4045784,20
nested,nearly_sorted,random,100000,MC-A,2,3700700,3575500,3700,0,3245728,17
nested,nearly_sorted,random,100000,MC-A-detect,2,3627700,3520400,2800,0,3245728,17
nested,shuffled,random,100000,MC-B,0,4744100,4701000,2100,0,1148576,17
nested,shuffled,random,100000,MC-A-detect,0,4205500,4110000,2500,0,3245728,17
nested,shuffled,random,100000,MCC-B,0,1950500,1273200,515200,1800,4045784,20
nested,shuffled,random,100000,MC-C,0,4368000,4256800,6100,0,3245792,18
nested,shuffled,random,100000,MCC-A,0,2024500,1388600,447800,1900,4045784,20
nested,shuffled,random,100000,MC-A,0,4322600,4212300,4200,0,3245728,17
nested,shuffled,random,100000,MC-A-detect,1,4181300,4073100,3600,0,3245728,17
nested,shuffled,random,100000,MC-A,1,4416000,4305500,4300,0,3245728,17
nested,shuffled,random,100000,MCC-A,1,2029800,1408700,447300,2300,4045784,20
nested,shuffled,random,100000,MC-B,1,4767100,4721600,2600,0,1148576,17
nested,shuffled,random,100000,MCC-B,1,2512600,1619200,689400,3200,4045784,20
nested,shuffled,random,100000,MC-C,1,5250300,5138600,8700,0,3245792,18
nested,shuffled,random,100000,MC-A,2,4206900,4110500,2700,0,3245728,17
nested,shuffled,random,100000,MC-B,2,5039100,4992000,3300,0,1148576,17
nested,shuffled,random,100000,MC-C,2,4158000,4056600,4200,0,3245792,18
nested,shuffled,random,100000,MCC-B,2,2111400,1406600,542500,2600,4045784,20
nested,shuffled,random,100000,MCC-A,2,2359800,1655100,501400,3800,4045784,20
nested,shuffled,random,100000,MC-A-detect,2,5637100,5501000,6500,0,3245728,17
duplicates,sorted,equal,100000,MC-A-detect,0,1357100,1157200,110900,0,3245728,17
duplicates,sorted,equal,100000,MC-A,0,1331100,1134300,108000,0,3245728,17
duplicates,sorted,equal,100000,MC-C,0,2183700,1142300,951000,0,5342880,33
duplicates,sorted,equal,100000,MCC-A,0,2288200,1325800,795300,3300,4045808,20
duplicates,sorted,equal,100000,MCC-B,0,2651200,1376700,1113200,2700,4045808,20
duplicates,sorted,equal,100000,MC-B,0,670900,458100,178300,0,1148576,17
duplicates,sorted,equal,100000,MCC-A,1,2364700,1415100,794800,2800,4045808,20
duplicates,sorted,equal,100000,MC-A,1,1403200,1204500,110800,0,3245728,17
duplicates,sorted,equal,100000,MC-B,1,680100,461000,179600,0,1148576,17
duplicates,sorted,equal,100000,MC-C,1,2070700,1114300,866300,0,5342880,33
duplicates,sorted,equal,100000,MCC-B,1,2552000,1270800,1126600,2900,4045808,20
duplicates,sorted,equal,100000,MC-A-detect,1,1398600,1184000,113300,0,3245728,17
duplicates,sorted,equal,100000,MC-C,2,2034100,1077700,867100,0,5342880,33
duplicates,sorted,equal,100000,MCC-B,2,2871600,1520500,1168500,29800,4045808,20
duplicates,sorted,equal,100000,MC-A,2,1531000,1329800,110500,0,3245728,17
duplicates,sorted,equal,100000,MC-A-detect,2,1293100,1081000,118800,0,3245728,17
duplicates,sorted,equal,100000,MCC-A,2,2351300,1246000,931000,3900,4045808,20
duplicates,sorted,equal,100000,MC-B,2,763700,543000,184100,0,1148576,17
duplicates,nearly_sorted,equal,100000,MCC-B,0,2619600,1355300,1108600,4300,4045808,20
duplicates,nearly_sorted,equal,100000,MC-A,0,1567400,1362400,117100,0,3245728,17
duplicates,nearly_sorted,equal,100000,MC-C,0,2285700,1174100,1023800,0,5342880,33
duplicates,nearly_sorted,equal,100000,MC-A-detect,0,1310500,1111900,112000,0,3245728,17
duplicates,nearly_sorted,equal,100000,MCC-A,0,2277100,1294700,822500,2600,4045808,20
duplicates,nearly_sorted,equal,100000,MC-B,0,656200,437500,184000,0,1148576,17
duplicates,nearly_sorted,equal,100000,MC-B,1,655900,447300,176900,0,1148576,17
duplicates,nearly_sorted,equal,100000,MC-C,1,2306000,1306100,909200,0,5342880,33
duplicates,nearly_sorted,equal,100000,MCC-B,1,2764200,1407700,1170300,2900,4045808,20
duplicates,nearly_sorted,equal,100000,MC-A-detect,1,1497900,1279000,117200,0,3245728,17
duplicates,nearly_sorted,equal,100000,MC-A,1,1448600,1183300,116700,0,3245728,17
duplicates,nearly_sorted,equal,100000,MCC-A,1,2390500,1390000,832900,2400,4045808,20
duplicates,nearly_sorted,equal,100000,MC-A-detect,2,1424500,1217100,114500,0,3245728,17
duplicates,nearly_sorted,equal,100000,MCC-B,2,2648900,1343500,1123300,3000,4045808,20
duplicates,nearly_sorted,equal,100000,MCC-A,2,2711500,1707500,805500,36600,4045808,20
duplicates,nearly_sorted,equal,100000,MC-A,2,1549200,1322900,132400,0,3245728,17
duplicates,nearly_sorted,equal,100000,MC-C,2,2231300,1122200,1017200,0,5342880,33
duplicates,nearly_sorted,equal,100000,MC-B,2,669700,456400,178900,0,1148576,17
duplicates,shuffled,equal,100000,MCC-A,0,4788500,3759200,797800,5200,4045808,20
duplicates,shuffled,equal,100000,MC-A,0,4147900,3901100,141800,0,3245728,17
duplicates,shuffled,equal,100000,MC-C,0,4837600,3702700,1035900,0,5342880,33
duplicates,shuffled,equal,100000,MCC-B,0,5012500,3705900,1141400,2500,4045808,20
duplicates,shuffled,equal,100000,MC-A-detect,0,4064300,3861900,108700,0,3245728,17
duplicates,shuffled,equal,100000,MC-B,0,3868300,3655700,176500,0,1148576,17
duplicates,shuffled,equal,100000,MC-B,1,3875700,3659100,178700,0,1148576,17
duplicates,shuffled,equal,100000,MCC-A,1,4610500,3657500,797000,2300,4045808,20
duplicates,shuffled,equal,100000,MC-C,1,4508300,3546800,862700,0,5342880,33
duplicates,shuffled,equal,100000,MC-A,1,3635500,3438100,107900,0,3245728,17
duplicates,shuffled,equal,100000,MCC-B,1,4952200,3674900,1115800,2300,4045808,20
duplicates,shuffled,equal,100000,MC-A-detect,1,3820800,3617700,108300,0,3245728,17
duplicates,shuffled,equal,100000,MC-B,2,3900000,3683800,179700,0,1148576,17
duplicates,shuffled,equal,100000,MC-A,2,3644200,3442600,112800,0,3245728,17
duplicates,shuffled,equal,100000,MC-C,2,4419800,3458500,861800,0,5342880,33
duplicates,shuffled,equal,100000,MCC-B,2,5007200,3736200,1114100,2100,4045808,20
duplicates,shuffled,equal,100000,MCC-A,2,4671000,3707600,797200,2200,4045808,20
duplicates,shuffled,equal,100000,MC-A-detect,2,3761800,3552900,111200,0,3245728,17
duplicates,sorted,zero,100000,MCC-B,0,2899800,1373500,1359100,3300,4045808,20
duplicates,sorted,zero,100000,MC-B,0,702700,484000,178700,0,1148576,17
duplicates,sorted,zero,100000,MC-A-detect,0,1310100,1109500,111000,0,3245728,17
duplicates,sorted,zero,100000,MCC-A,0,2462500,1240600,1064300,4200,4045808,20
duplicates,sorted,zero,100000,MC-C,0,2099400,1130000,877400,0,5342880,33
duplicates,sorted,zero,100000,MC-A,0,1325500,1035400,179500,0,3245728,17
duplicates,sorted,zero,100000,MC-A,1,1369000,1157400,117600,0,3245728,17
duplicates,sorted,zero,100000,MC-A-detect,1,1254100,1003000,161300,0,3245728,17
duplicates,sorted,zero,100000,MC-B,1,683300,453800,186000,0,1148576,17
duplicates,sorted,zero,100000,MC-C,1,2100800,1065000,945900,0,5342880,33
duplicates,sorted,zero,100000,MCC-B,1,2779800,1255300,1369600,2600,4045808,20
duplicates,sorted,zero,100000,MCC-A,1,2508800,1268900,1063300,2600,4045808,20
duplicates,sorted,zero,100000,MCC-A,2,2480400,1272800,1055700,3200,4045808,20
duplicates,sorted,zero,100000,MC-C,2,2110600,1144300,879100,0,5342880,33
duplicates,sorted,zero,100000,MC-A,2,1321300,1121500,110900,0,3245728,17
duplicates,sorted,zero,100000,MC-A-detect,2,1552200,1289300,165600,0,3245728,17
duplicates,sorted,zero,100000,MC-B,2,825600,614200,176300,0,1148576,17
duplicates,sorted,zero,100000,MCC-B,2,2963500,1447700,1351900,2900,4045808,20
duplicates,nearly_sorted,zero,100000,MCC-A,0,2446100,1251300,1046800,1800,4045808,20
duplicates,nearly_sorted,zero,100000,MCC-B,0,2804100,1282100,1371000,2100,4045808,20
duplicates,nearly_sorted,zero,100000,MC-C,0,2449700,1281200,1080100,0,5342880,33
duplicates,nearly_sorted,zero,100000,MC-B,0,660600,447000,177000,0,1148576,17
duplicates,nearly_sorted,zero,100000,MC-A,0,1354400,1156300,108300,0,3245728,17
duplicates,nearly_sorted,zero,100000,MC-A-detect,0,1233900,1024100,119700,0,3245728,17
duplicates,nearly_sorted,zero,100000,MC-B,1,649700,435700,178800,0,1148576,17
duplicates,nearly_sorted,zero,100000,MCC-A,1,2478200,1275200,1047200,2300,4045808,20
duplicates,nearly_sorted,zero,100000,MC-C,1,2081700,1137500,854600,0,5342880,33
duplicates,nearly_sorted,zero,100000,MC-A-detect,1,1229600,1025400,114500,0,3245728,17
duplicates,nearly_sorted,zero,100000,MC-A,1,1266800,1064100,113300,0,3245728,17
duplicates,nearly_sorted,zero,100000,MCC-B,1,2835400,1230400,1447800,2100,4045808,20
duplicates,nearly_sorted,zero,100000,MC-A-detect,2,1306100,1104800,112300,0,3245728,17
duplicates,nearly_sorted,zero,100000,MC-A,2,1251300,1055200,107100,0,3245728,17
duplicates,nearly_sorted,zero,100000,MCC-A,2,2421400,1188800,1070500,2100,4045808,20
duplicates,nearly_sorted,zero,100000,MC-C,2,2180400,1211600,879400,0,5342880,33
duplicates,nearly_sorted,zero,100000,MCC-B,2,3075100,1439300,1470000,2500,4045808,20
duplicates,nearly_sorted,zero,100000,MC-B,2,670000,456400,178700,0,1148576,17
duplicates,shuffled,zero,100000,MC-C,0,5168100,3935900,1128200,0,5342880,33
duplicates,shuffled,zero,100000,MCC-B,0,7160800,5111600,1840200,2700,4045808,20
duplicates,shuffled,zero,100000,MC-A,0,5241800,4967300,161700,0,3245728,17
duplicates,shuffled,zero,100000,MCC-A,0,6681600,5116800,1380600,2600,4045808,20
duplicates,shuffled,zero,100000,MC-B,0,5497900,5178700,277800,0,1148576,17
duplicates,shuffled,zero,100000,MC-A-detect,0,5286900,4996900,175400,0,3245728,17
duplicates,shuffled,zero,100000,MC-A,1,5383200,5106200,171000,0,3245728,17
duplicates,shuffled,zero,100000,MCC-A,1,7009500,5382300,1429000,2800,4045808,20
duplicates,shuffled,zero,100000,MCC-B,1,7603200,5529000,1893500,2800,4045808,20
duplicates,shuffled,zero,100000,MC-C,1,6575300,5315300,1155900,0,5342880,33
duplicates,shuffled,zero,100000,MC-B,1,5739900,5397800,297900,0,1148576,17
duplicates,shuffled,zero,100000,MC-A-detect,1,5386900,5080700,172400,0,3245728,17
duplicates,shuffled,zero,100000,MC-B,2,5540200,5227200,269600,0,1148576,17
duplicates,shuffled,zero,100000,MCC-B,2,6692400,5119700,1405200,2500,4045808,20
duplicates,shuffled,zero,100000,MC-A-detect,2,3850400,3650300,108100,0,3245728,17
duplicates,shuffled,zero,100000,MC-A,2,3810200,3605600,108900,0,3245728,17
duplicates,shuffled,zero,100000,MC-C,2,4526200,3552700,881000,0,5342880,33
duplicates,shuffled,zero,100000,MCC-A,2,5275900,3784100,1270800,3600,4045808,20
duplicates,sorted,random,100000,MCC-B,0,2679900,1351800,1170400,2900,4045808,20
duplicates,sorted,random,100000,MC-A,0,1418800,1209800,116300,0,3245728,17
duplicates,sorted,random,100000,MCC-A,0,2196600,1227200,812900,2500,4045808,20
duplicates,sorted,random,100000,MC-A-detect,0,1301000,1099300,112300,0,3245728,17
duplicates,sorted,random,100000,MC-C,0,2004800,1041300,867200,0,5342880,33
duplicates,sorted,random,100000,MC-B,0,664000,433600,176800,0,1148576,17
duplicates,sorted,random,100000,MCC-A,1,2231300,1254200,821300,1900,4045808,20
duplicates,sorted,random,100000,MC-B,1,637000,427200,175700,0,1148576,17
duplicates,sorted,random,100000,MC-A-detect,1,1314300,1118000,106800,0,3245728,17
duplicates,sorted,random,100000,MC-C,1,2060600,1044200,927600,0,5342880,33
duplicates,sorted,random,100000,MC-A,1,1221700,1014900,109700,0,3245728,17
duplicates,sorted,random,100000,MCC-B,1,2648000,1350300,1146200,1900,4045808,20
duplicates,sorted,random,100000,MCC-A,2,2306300,1350400,807600,2000,4045808,20
duplicates,sorted,random,100000,MC-A-detect,2,1453100,1258300,109900,0,3245728,17
duplicates,sorted,random,100000,MC-C,2,2028400,1047100,885500,0,5342880,33
duplicates,sorted,random,100000,MC-B,2,673900,463700,175400,0,1148576,17
duplicates,sorted,random,100000,MC-A,2,1216400,1021400,106900,0,3245728,17
duplicates,sorted,random,100000,MCC-B,2,2802000,1475600,1146500,31500,4045808,20
duplicates,nearly_sorted,random,100000,MC-C,0,2043900,1095400,861000,0,5342880,33
duplicates,nearly_sorted,random,100000,MC-A,0,1219300,1022600,108900,0,3245728,17
duplicates,nearly_sorted,random,100000,MC-B,0,665300,442900,186800,0,1148576,17
duplicates,nearly_sorted,random,100000,MCC-B,0,2512600,1217200,1140000,2800,4045808,20
duplicates,nearly_sorted,random,100000,MCC-A,0,2467100,1485100,807800,29500,4045808,20
duplicates,nearly_sorted,random,100000,MC-A-detect,0,1381300,1181300,110500,0,3245728,17
duplicates,nearly_sorted,random,100000,MCC-A,1,2218600,1253800,806600,2400,4045808,20
duplicates,nearly_sorted,random,100000,MC-C,1,2192500,1125100,977200,0,5342880,33
duplicates,nearly_sorted,random,100000,MCC-B,1,2478700,1203500,1122500,1900,4045808,20
duplicates,nearly_sorted,random,100000,MC-A,1,1311400,1109200,114900,0,3245728,17
duplicates,nearly_sorted,random,100000,MC-B,1,676600,459000,179500,0,1148576,17
duplicates,nearly_sorted,random,100000,MC-A-detect,1,1214900,1010600,113800,0,3245728,17
duplicates,nearly_sorted,random,100000,MC-B,2,678000,455500,189200,0,1148576,17
duplicates,nearly_sorted,random,100000,MCC-B,2,2499100,1199800,1144600,1900,4045808,20
duplicates,nearly_sorted,random,100000,MCC-A,2,2309700,1345200,813000,1800,4045808,20
duplicates,nearly_sorted,random,100000,MC-C,2,2121700,1167200,865500,0,5342880,33
duplicates,nearly_sorted,random,100000,MC-A-detect,2,1243400,1029000,110100,0,3245728,17
duplicates,nearly_sorted,random,100000,MC-A,2,1277200,1075100,109700,0,3245728,17
duplicates,shuffled,random,100000,MC-A,0,3933800,3732200,109400,0,3245728,17
duplicates,shuffled,random,100000,MC-B,0,3957200,3733000,186300,0,1148576,17
duplicates,shuffled,random,100000,MC-C,0,4476200,3522100,864600,0,5342880,33
duplicates,shuffled,random,100000,MCC-B,0,5015700,3718200,1144700,2900,4045808,20
duplicates,shuffled,random,100000,MCC-A,0,4727600,3754200,814300,2000,4045808,20
duplicates,shuffled,random,100000,MC-A-detect,0,4068400,3776100,171200,0,3245728,17
duplicates,shuffled,random,100000,MCC-A,1,5018700,4035100,814100,2600,4045808,20
duplicates,shuffled,random,100000,MC-C,1,4646600,3634600,919000,0,5342880,33
duplicates,shuffled,random,100000,MCC-B,1,5061100,3717900,1175200,2300,4045808,20
duplicates,shuffled,random,100000,MC-A-detect,1,3916300,3713600,107500,0,3245728,17
duplicates,shuffled,random,100000,MC-B,1,3912700,3694900,179100,0,1148576,17
duplicates,shuffled,random,100000,MC-A,1,3705600,3507700,107700,0,3245728,17
duplicates,shuffled,random,100000,MCC-A,2,4682000,3694900,822300,2600,4045808,20
duplicates,shuffled,random,100000,MCC-B,2,5135700,3830600,1150300,2000,4045808,20
duplicates,shuffled,random,100000,MC-A-detect,2,3814100,3612300,107100,0,3245728,17
duplicates,shuffled,random,100000,MC-A,2,3709100,3509100,107700,0,3245728,17
duplicates,shuffled,random,100000,MC-B,2,3967400,3747700,179400,0,1148576,17
duplicates,shuffled,random,100000,MC-C,2,4499600,3540600,869600,0,5342880,33
duplicates,sorted,skewed,100000,MC-B,0,642000,432700,176500,0,1148576,17
duplicates,sorted,skewed,100000,MCC-A,0,2362900,1371400,838500,2100,4045808,20
duplicates,sorted,skewed,100000,MCC-B,0,2657200,1341300,1165000,2000,4045808,20
duplicates,sorted,skewed,100000,MC-A-detect,0,1445600,1239300,116000,0,3245728,17
duplicates,sorted,skewed,100000,MC-C,0,2020000,1057000,862500,0,5342880,33
duplicates,sorted,skewed,100000,MC-A,0,1303900,1106300,111600,0,3245728,17
duplicates,sorted,skewed,100000,MC-B,1,647200,437800,176500,0,1148576,17
duplicates,sorted,skewed,100000,MC-A,1,1272200,1074700,109100,0,3245728,17
duplicates,sorted,skewed,100000,MC-C,1,2089300,1066900,936300,0,5342880,33
duplicates,sorted,skewed,100000,MCC-B,1,2614700,1314000,1147300,1900,4045808,20
duplicates,sorted,skewed,100000,MCC-A,1,2330000,1355300,822500,2200,4045808,20
duplicates,sorted,skewed,100000,MC-A-detect,1,1653500,1410400,148400,0,3245728,17
duplicates,sorted,skewed,100000,MCC-A,2,2304200,1327400,825600,2300,4045808,20
duplicates,sorted,skewed,100000,MCC-B,2,2788800,1456300,1176600,3000,4045808,20
duplicates,sorted,skewed,100000,MC-A-detect,2,1382200,1175800,120400,0,3245728,17
duplicates,sorted,skewed,100000,MC-C,2,2056600,1108100,863300,0,5342880,33
duplicates,sorted,skewed,100000,MC-B,2,658900,451400,174600,0,1148576,17
duplicates,sorted,skewed,100000,MC-A,2,1253800,1058500,108200,0,3245728,17
duplicates,nearly_sorted,skewed,100000,MCC-A,0,2387600,1348800,876100,5400,4045808,20
duplicates,nearly_sorted,skewed,100000,MC-A-detect,0,1386700,1181600,114100,0,3245728,17
duplicates,nearly_sorted,skewed,100000,MC-A,0,1276800,1074400,110900,0,3245728,17
duplicates,nearly_sorted,skewed,100000,MC-B,0,667400,451600,177600,0,1148576,17
duplicates,nearly_sorted,skewed,100000,MCC-B,0,2550400,1245100,1132500,3300,4045808,20
duplicates,nearly_sorted,skewed,100000,MC-C,0,2167000,1211500,867600,0,5342880,33
duplicates,nearly_sorted,skewed,100000,MC-A-detect,1,1425800,1199200,138400,0,3245728,17
duplicates,nearly_sorted,skewed,100000,MC-B,1,767900,556000,176600,0,1148576,17
duplicates,nearly_sorted,skewed,100000,MCC-B,1,2693900,1402300,1135500,2400,4045808,20
duplicates,nearly_sorted,skewed,100000,MC-A,1,1458400,1254200,113100,0,3245728,17
duplicates,nearly_sorted,skewed,100000,MCC-A,1,2222100,1242900,827200,1900,4045808,20
duplicates,nearly_sorted,skewed,100000,MC-C,1,2134100,1186800,859700,0,5342880,33
duplicates,nearly_sorted,skewed,100000,MC-C,2,2009300,1072000,848500,0,5342880,33
duplicates,nearly_sorted,skewed,100000,MC-A,2,1263700,1063500,111000,0,3245728,17
duplicates,nearly_sorted,skewed,100000,MCC-B,2,2605300,1312800,1136400,1900,4045808,20
duplicates,nearly_sorted,skewed,100000,MC-A-detect,2,1354300,1155500,108500,0,3245728,17
duplicates,nearly_sorted,skewed,100000,MC-B,2,661600,449400,176400,0,1148576,17
duplicates,nearly_sorted,skewed,100000,MCC-A,2,2337700,1346000,830900,2200,4045808,20
duplicates,shuffled,skewed,100000,MCC-B,0,5158100,3803700,1204400,2200,4045808,20
duplicates,shuffled,skewed,100000,MC-C,0,4744600,3786300,869000,0,5342880,33
duplicates,shuffled,skewed,100000,MCC-A,0,4781000,3796500,835400,2200,4045808,20
duplicates,shuffled,skewed,100000,MC-B,0,3881000,3668600,178300,0,1148576,17
duplicates,shuffled,skewed,100000,MC-A-detect,0,3909100,3705400,108300,0,3245728,17
duplicates,shuffled,skewed,100000,MC-A,0,3733700,3530700,111800,0,3245728,17
duplicates,shuffled,skewed,100000,MC-A,1,3664000,3467000,107300,0,3245728,17
duplicates,shuffled,skewed,100000,MC-B,1,3863900,3640200,185500,0,1148576,17
duplicates,shuffled,skewed,100000,MCC-A,1,4740000,3744300,836400,2500,4045808,20
duplicates,shuffled,skewed,100000,MC-C,1,4709200,3760100,860700,0,5342880,33
duplicates,shuffled,skewed,100000,MC-A-detect,1,3707100,3507400,107600,0,3245728,17
duplicates,shuffled,skewed,100000,MCC-B,1,5051100,3748200,1150300,2700,4045808,20
duplicates,shuffled,skewed,100000,MC-A,2,3896100,3694700,108700,0,3245728,17
duplicates,shuffled,skewed,100000,MC-C,2,4475100,3523700,862800,0,5342880,33
duplicates,shuffled,skewed,100000,MCC-B,2,5014400,3722600,1135100,2600,4045808,20
duplicates,shuffled,skewed,100000,MC-B,2,3875700,3655900,180200,0,1148576,17
duplicates,shuffled,skewed,100000,MC-A-detect,2,3858900,3663100,107700,0,3245728,17
duplicates,shuffled,skewed,100000,MCC-A,2,4737700,3717800,864900,2300,4045808,20
duplicates,sorted,different_duplicates,100000,MC-A,0,1369100,1168800,114800,0,3245728,17
duplicates,sorted,different_duplicates,100000,MCC-A,0,2178500,1222300,807700,2000,4045808,20
duplicates,sorted,different_duplicates,100000,MC-B,0,664700,453400,176400,0,1148576,17
duplicates,sorted,different_duplicates,100000,MC-C,0,2161300,1182900,871700,0,5342880,33
duplicates,sorted,different_duplicates,100000,MC-A-detect,0,1253300,1053200,113100,0,3245728,17
duplicates,sorted,different_duplicates,100000,MCC-B,0,2591900,1258600,1176000,2700,4045808,20
duplicates,sorted,different_duplicates,100000,MC-B,1,665400,452200,177500,0,1148576,17
duplicates,sorted,different_duplicates,100000,MCC-A,1,2381000,1420900,809800,2000,4045808,20
duplicates,sorted,different_duplicates,100000,MC-A,1,1587700,1384300,115900,0,3245728,17
duplicates,sorted,different_duplicates,100000,MC-A-detect,1,1230200,1034100,108200,0,3245728,17
duplicates,sorted,different_duplicates,100000,MC-C,1,2158900,1070000,997300,0,5342880,33
duplicates,sorted,different_duplicates,100000,MCC-B,1,2579000,1239000,1182800,2400,4045808,20
duplicates,sorted,different_duplicates,100000,MC-A-detect,2,1477500,1268100,117400,0,3245728,17
duplicates,sorted,different_duplicates,100000,MCC-B,2,2676400,1327600,1192400,2000,4045808,20
duplicates,sorted,different_duplicates,100000,MC-B,2,665700,454500,177300,0,1148576,17
duplicates,sorted,different_duplicates,100000,MC-C,2,2216900,1256300,873800,0,5342880,33
duplicates,sorted,different_duplicates,100000,MC-A,2,1348800,1153000,110800,0,3245728,17
duplicates,sorted,different_duplicates,100000,MCC-A,2,2272700,1304000,796100,2400,4045808,20
duplicates,nearly_sorted,different_duplicates,100000,MC-B,0,687200,469900,181300,0,1148576,17
duplicates,nearly_sorted,different_duplicates,100000,MCC-B,0,2775100,1404300,1182900,2100,4045808,20
duplicates,nearly_sorted,different_duplicates,100000,MC-A,0,1443300,1231300,116900,0,3245728,17
duplicates,nearly_sorted,different_duplicates,100000,MC-A-detect,0,1385900,1110700,165500,0,3245728,17
duplicates,nearly_sorted,different_duplicates,100000,MC-C,0,2125800,1110800,921700,0,5342880,33
duplicates,nearly_sorted,different_duplicates,100000,MCC-A,0,2343500,1360400,816300,2200,4045808,20
duplicates,nearly_sorted,different_duplicates,100000,MC-B,1,675800,464400,176300,0,1148576,17
duplicates,nearly_sorted,different_duplicates,100000,MC-A-detect,1,1375400,1152100,122200,0,3245728,17
duplicates,nearly_sorted,different_duplicates,100000,MCC-B,1,2618800,1288700,1163800,2100,4045808,20
duplicates,nearly_sorted,different_duplicates,100000,MC-C,1,2149400,1166500,891400,0,5342880,33
duplicates,nearly_sorted,different_duplicates,100000,MC-A,1,1307300,1104500,107600,0,3245728,17
duplicates,nearly_sorted,different_duplicates,100000,MCC-A,1,2262800,1256500,842600,2100,4045808,20
duplicates,nearly_sorted,different_duplicates,100000,MCC-B,2,2686600,1344200,1179800,2300,4045808,20
duplicates,nearly_sorted,different_duplicates,100000,MC-B,2,683900,467900,177300,0,1148576,17
duplicates,nearly_sorted,different_duplicates,100000,MCC-A,2,2320400,1347700,809100,2100,4045808,20
duplicates,nearly_sorted,different_duplicates,100000,MC-C,2,2112900,1160300,861800,0,5342880,33
duplicates,nearly_sorted,different_duplicates,100000,MC-A,2,1294400,1093700,107300,0,3245728,17
duplicates,nearly_sorted,different_duplicates,100000,MC-A-detect,2,1239300,1037200,108600,0,3245728,17
duplicates,shuffled,different_duplicates,100000,MCC-B,0,5154500,3797000,1189700,3500,4045808,20
duplicates,shuffled,different_duplicates,100000,MC-B,0,3992200,3769800,182200,0,1148576,17
duplicates,shuffled,different_duplicates,100000,MC-C,0,4587500,3645400,852700,0,5342880,33
duplicates,shuffled,different_duplicates,100000,MC-A-detect,0,3905700,3650000,147600,0,3245728,17
duplicates,shuffled,different_duplicates,100000,MCC-A,0,4880500,3859000,862500,2900,4045808,20
duplicates,shuffled,different_duplicates,100000,MC-A,0,3796700,3595000,108400,0,3245728,17
duplicates,shuffled,different_duplicates,100000,MC-B,1,3923300,3703700,181400,0,1148576,17
duplicates,shuffled,different_duplicates,100000,MC-A-detect,1,3699900,3496700,109200,0,3245728,17
duplicates,shuffled,different_duplicates,100000,MC-C,1,4447200,3474000,884000,0,5342880,33
duplicates,shuffled,different_duplicates,100000,MCC-B,1,5052800,3708300,1183700,2500,4045808,20
duplicates,shuffled,different_duplicates,100000,MCC-A,1,4735000,3710100,871300,2100,4045808,20
duplicates,shuffled,different_duplicates,100000,MC-A,1,3804300,3601800,108700,0,3245728,17
duplicates,shuffled,different_duplicates,100000,MCC-A,2,4736900,3717300,862600,2800,4045808,20
duplicates,shuffled,different_duplicates,100000,MC-A-detect,2,3799000,3599000,108000,0,3245728,17
duplicates,shuffled,different_duplicates,100000,MC-B,2,3940100,3722000,180900,0,1148576,17
duplicates,shuffled,different_duplicates,100000,MC-C,2,4496600,3563300,844100,0,5342880,33
duplicates,shuffled,different_duplicates,100000,MC-A,2,3689700,3478000,116100,0,3245728,17
duplicates,shuffled,different_duplicates,100000,MCC-B,2,5055200,3700100,1181500,2600,4045808,20
duplicates,sorted,expensive,100000,MC-C,0,2085600,1082100,914200,0,5342880,33
duplicates,sorted,expensive,100000,MC-A,0,1269400,1046600,127600,0,3245728,17
duplicates,sorted,expensive,100000,MC-A-detect,0,1200900,998300,111600,0,3245728,17
duplicates,sorted,expensive,100000,MC-B,0,644900,425500,185600,0,1148576,17
duplicates,sorted,expensive,100000,MCC-A,0,2162200,1208100,793600,3500,4045808,20
duplicates,sorted,expensive,100000,MCC-B,0,2592000,1273100,1157300,2900,4045808,20
duplicates,sorted,expensive,100000,MCC-A,1,2235600,1291200,791800,2400,4045808,20
duplicates,sorted,expensive,100000,MC-B,1,671300,445500,191500,0,1148576,17
duplicates,sorted,expensive,100000,MCC-B,1,2579700,1303700,1123300,2600,4045808,20
duplicates,sorted,expensive,100000,MC-C,1,2261200,1259500,910700,0,5342880,33
duplicates,sorted,expensive,100000,MC-A,1,1375200,1151200,129900,0,3245728,17
duplicates,sorted,expensive,100000,MC-A-detect,1,1292000,1084300,120900,0,3245728,17
duplicates,sorted,expensive,100000,MCC-B,2,2628400,1358900,1118300,2400,4045808,20
duplicates,sorted,expensive,100000,MC-A-detect,2,1309900,1102900,110500,0,3245728,17
duplicates,sorted,expensive,100000,MC-A,2,1208200,1014700,107000,0,3245728,17
duplicates,sorted,expensive,100000,MC-C,2,1969000,1023600,860000,0,5342880,33
duplicates,sorted,expensive,100000,MC-B,2,650500,437100,180100,0,1148576,17
duplicates,sorted,expensive,100000,MCC-A,2,2209200,1199100,852700,2400,4045808,20
duplicates,nearly_sorted,expensive,100000,MC-A,0,1292300,1084900,119300,0,3245728,17
duplicates,nearly_sorted,expensive,100000,MC-C,0,1978800,1032600,857000,0,5342880,33
duplicates,nearly_sorted,expensive,100000,MC-A-detect,0,1222900,1018700,111000,0,3245728,17
duplicates,nearly_sorted,expensive,100000,MC-B,0,679100,467500,175800,0,1148576,17
duplicates,nearly_sorted,expensive,100000,MCC-A,0,2170600,1218200,799300,2400,4045808,20
duplicates,nearly_sorted,expensive,100000,MCC-B,0,2562300,1277300,1134100,1900,4045808,20
duplicates,nearly_sorted,expensive,100000,MC-B,1,662800,451500,177900,0,1148576,17
duplicates,nearly_sorted,expensive,100000,MC-A,1,1322700,1120200,113900,0,3245728,17
duplicates,nearly_sorted,expensive,100000,MC-A-detect,1,1277100,1080700,108200,0,3245728,17
duplicates,nearly_sorted,expensive,100000,MC-C,1,2003200,1045200,870800,0,5342880,33
duplicates,nearly_sorted,expensive,100000,MCC-A,1,2455100,1493300,785800,28400,4045808,20
duplicates,nearly_sorted,expensive,100000,MCC-B,1,2630200,1374800,1105600,1900,4045808,20
duplicates,nearly_sorted,expensive,100000,MC-B,2,766300,554100,177200,0,1148576,17
duplicates,nearly_sorted,expensive,100000,MC-A,2,1346600,1147700,110300,0,3245728,17
duplicates,nearly_sorted,expensive,100000,MCC-B,2,2480300,1199600,1125000,2300,4045808,20
duplicates,nearly_sorted,expensive,100000,MCC-A,2,2323900,1328000,842600,2300,4045808,20
duplicates,nearly_sorted,expensive,100000,MC-C,2,2085800,1133300,864300,0,5342880,33
duplicates,nearly_sorted,expensive,100000,MC-A-detect,2,1228300,1021500,115900,0,3245728,17
duplicates,shuffled,expensive,100000,MCC-A,0,4912500,3974900,795400,2900,4045808,20
duplicates,shuffled,expensive,100000,MCC-B,0,5099700,3826700,1114700,3200,4045808,20
duplicates,shuffled,expensive,100000,MC-A-detect,0,3913900,3709900,107900,0,3245728,17
duplicates,shuffled,expensive,100000,MC-B,0,3946600,3721400,177600,0,1148576,17
duplicates,shuffled,expensive,100000,MC-A,0,3734900,3535300,108400,0,3245728,17
duplicates,shuffled,expensive,100000,MC-C,0,4505500,3544900,870000,0,5342880,33
duplicates,shuffled,expensive,100000,MCC-B,1,5117500,3845800,1108900,2300,4045808,20
duplicates,shuffled,expensive,100000,MC-C,1,4652200,3685700,876500,0,5342880,33
duplicates,shuffled,expensive,100000,MC-A-detect,1,3772900,3572400,108000,0,3245728,17
duplicates,shuffled,expensive,100000,MC-A,1,3811700,3610400,112300,0,3245728,17
duplicates,shuffled,expensive,100000,MCC-A,1,4744400,3787400,797900,2200,4045808,20
duplicates,shuffled,expensive,100000,MC-B,1,4032300,3805600,191200,0,1148576,17
duplicates,shuffled,expensive,100000,MCC-B,2,5206600,3883500,1143000,2300,4045808,20
duplicates,shuffled,expensive,100000,MC-A-detect,2,4064800,3853700,110400,0,3245728,17
duplicates,shuffled,expensive,100000,MCC-A,2,4845800,3871900,803100,2300,4045808,20
duplicates,shuffled,expensive,100000,MC-B,2,3959300,3744500,178200,0,1148576,17
duplicates,shuffled,expensive,100000,MC-C,2,4807500,3760300,952900,0,5342880,33
duplicates,shuffled,expensive,100000,MC-A,2,4515200,4285700,123500,0,3245728,17
duplicates,sorted,ties,100000,MC-B,0,643400,430800,179100,0,1148576,17
duplicates,sorted,ties,100000,MC-A,0,1320600,1120600,108200,0,3245728,17
duplicates,sorted,ties,100000,MC-C,0,1893000,959200,847200,0,5342880,33
duplicates,sorted,ties,100000,MC-A-detect,0,1140300,946100,107000,0,3245728,17
duplicates,sorted,ties,100000,MCC-A,0,2360600,1172500,974400,3400,4045808,20
duplicates,sorted,ties,100000,MCC-B,0,2520200,1244900,1116600,2000,4045808,20
duplicates,sorted,ties,100000,MCC-A,1,2201100,1257700,790300,2100,4045808,20
duplicates,sorted,ties,100000,MC-A-detect,1,1247300,1049200,109200,0,3245728,17
duplicates,sorted,ties,100000,MC-C,1,1987900,992400,906900,0,5342880,33
duplicates,sorted,ties,100000,MCC-B,1,2452100,1161200,1131600,2300,4045808,20
duplicates,sorted,ties,100000,MC-B,1,662900,450000,176200,0,1148576,17
duplicates,sorted,ties,100000,MC-A,1,1457600,1234600,134600,0,3245728,17
duplicates,sorted,ties,100000,MCC-A,2,2288100,1322300,812300,2100,4045808,20
duplicates,sorted,ties,100000,MCC-B,2,2511900,1252500,1103800,2000,4045808,20
duplicates,sorted,ties,100000,MC-A-detect,2,1241900,1045200,108900,0,3245728,17
duplicates,sorted,ties,100000,MC-B,2,754500,541800,176400,0,1148576,17
duplicates,sorted,ties,100000,MC-A,2,1220700,1020800,109700,0,3245728,17
duplicates,sorted,ties,100000,MC-C,2,2017200,1016000,902600,0,5342880,33
duplicates,nearly_sorted,ties,100000,MC-A-detect,0,1240900,1044400,107500,0,3245728,17
duplicates,nearly_sorted,ties,100000,MC-A,0,1258600,1059700,107900,0,3245728,17
duplicates,nearly_sorted,ties,100000,MC-B,0,671300,450600,181800,0,1148576,17
duplicates,nearly_sorted,ties,100000,MCC-A,0,2123700,1190500,784100,1900,4045808,20
duplicates,nearly_sorted,ties,100000,MC-C,0,2047500,1089500,865300,0,5342880,33
duplicates,nearly_sorted,ties,100000,MCC-B,0,2494400,1213800,1124300,1900,4045808,20
duplicates,nearly_sorted,ties,100000,MC-A-detect,1,1299300,1094500,116600,0,3245728,17
duplicates,nearly_sorted,ties,100000,MCC-A,1,2224700,1273700,793400,2100,4045808,20
duplicates,nearly_sorted,ties,100000,MCC-B,1,3532800,1651900,1684500,3700,4045808,20
duplicates,nearly_sorted,ties,100000,MC-A,1,1983800,1699700,175600,0,3245728,17
duplicates,nearly_sorted,ties,100000,MC-C,1,2701600,1422700,1172600,0,5342880,33
duplicates,nearly_sorted,ties,100000,MC-B,1,947900,602600,303400,0,1148576,17
duplicates,nearly_sorted,ties,100000,MC-A-detect,2,1517600,1229600,176300,0,3245728,17
duplicates,nearly_sorted,ties,100000,MC-C,2,2603300,1266600,1198700,0,5342880,33
duplicates,nearly_sorted,ties,100000,MC-A,2,1562500,1282600,169300,0,3245728,17
duplicates,nearly_sorted,ties,100000,MC-B,2,953000,620600,282300,0,1148576,17
duplicates,nearly_sorted,ties,100000,MCC-B,2,3387100,1555500,1606500,4600,4045808,20
duplicates,nearly_sorted,ties,100000,MCC-A,2,2685100,1567900,950500,3400,4045808,20
duplicates,shuffled,ties,100000,MC-B,0,3964300,3748100,179400,0,1148576,17
duplicates,shuffled,ties,100000,MC-A,0,3862300,3664200,108700,0,3245728,17
duplicates,shuffled,ties,100000,MC-A-detect,0,3828600,3627100,107700,0,3245728,17
duplicates,shuffled,ties,100000,MCC-B,0,5042400,3754000,1130200,2200,4045808,20
duplicates,shuffled,ties,100000,MCC-A,0,4825300,3855300,803200,3000,4045808,20
duplicates,shuffled,ties,100000,MC-C,0,4694700,3692100,913200,0,5342880,33
duplicates,shuffled,ties,100000,MCC-B,1,5127500,3837300,1130500,2600,4045808,20
duplicates,shuffled,ties,100000,MC-A-detect,1,3889400,3691200,108000,0,3245728,17
duplicates,shuffled,ties,100000,MC-B,1,4009300,3784200,184900,0,1148576,17
duplicates,shuffled,ties,100000,MC-A,1,3832000,3628300,107900,0,3245728,17
duplicates,shuffled,ties,100000,MC-C,1,4505900,3575800,841600,0,5342880,33
duplicates,shuffled,ties,100000,MCC-A,1,4778200,3789900,822600,2500,4045808,20
duplicates,shuffled,ties,100000,MC-C,2,4709500,3744200,875900,0,5342880,33
duplicates,shuffled,ties,100000,MCC-A,2,4769000,3818200,795200,2000,4045808,20
duplicates,shuffled,ties,100000,MC-A,2,3898800,3698300,107800,0,3245728,17
duplicates,shuffled,ties,100000,MC-A-detect,2,3789000,3588400,107200,0,3245728,17
duplicates,shuffled,ties,100000,MCC-B,2,5130000,3830000,1135400,2500,4045808,20
duplicates,shuffled,ties,100000,MC-B,2,3963100,3742400,184200,0,1148576,17
equal_starts,sorted,random,100000,MC-A,0,1597100,1430800,78900,0,3245728,17
equal_starts,sorted,random,100000,MCC-B,0,16077500,1393600,14393500,8600,18928672,20
equal_starts,sorted,random,100000,MCC-A,0,9637900,1529200,7841900,5200,11145856,20
equal_starts,sorted,random,100000,MC-C,0,3728100,1293200,2337800,0,5342880,33
equal_starts,sorted,random,100000,MC-A-detect,0,1315300,1131800,93400,0,3245728,17
equal_starts,sorted,random,100000,MC-B,0,649200,438500,175600,0,1148576,17
equal_starts,sorted,random,100000,MC-B,1,637700,427900,175600,0,1148576,17
equal_starts,sorted,random,100000,MC-A-detect,1,1184700,1016300,80500,0,3245728,17
equal_starts,sorted,random,100000,MC-C,1,3318200,1067600,2163700,0,5342880,33
equal_starts,sorted,random,100000,MCC-A,1,9428600,1393300,7771800,5200,11145856,20
equal_starts,sorted,random,100000,MCC-B,1,16353500,1476500,14600700,7500,18928672,20
equal_starts,sorted,random,100000,MC-A,1,1456400,1288200,78900,0,3245728,17
equal_starts,sorted,random,100000,MC-A-detect,2,1198300,1032500,79500,0,3245728,17
equal_starts,sorted,random,100000,MC-A,2,1421000,1224900,108500,0,3245728,17
equal_starts,sorted,random,100000,MC-B,2,810000,597700,177100,0,1148576,17
equal_starts,sorted,random,100000,MCC-B,2,16263500,1470600,14511900,9300,18928672,20
equal_starts,sorted,random,100000,MC-C,2,3581600,1291300,2202000,0,5342880,33
equal_starts,sorted,random,100000,MCC-A,2,9419600,1322000,7840500,6500,11145856,20
equal_starts,nearly_sorted,random,100000,MCC-B,0,18857700,3973000,14555600,38500,18928672,20
equal_starts,nearly_sorted,random,100000,MCC-A,0,11781600,3765600,7763500,4700,11145856,20
equal_starts,nearly_sorted,random,100000,MC-B,0,789400,566800,185900,0,1148576,17
equal_starts,nearly_sorted,random,100000,MC-A,0,1393800,1206600,96600,0,3245728,17
equal_starts,nearly_sorted,random,100000,MC-C,0,3370900,1072700,2209100,0,5342880,33
equal_starts,nearly_sorted,random,100000,MC-A-detect,0,1238700,1063900,85500,0,3245728,17
equal_starts,nearly_sorted,random,100000,MC-C,1,3300800,1060200,2153100,0,5342880,33
equal_starts,nearly_sorted,random,100000,MCC-B,1,18381300,3595700,14504500,10900,18928672,20
equal_starts,nearly_sorted,random,100000,MC-A,1,1488100,1317900,82800,0,3245728,17
equal_starts,nearly_sorted,random,100000,MC-B,1,675400,443800,196600,0,1148576,17
equal_starts,nearly_sorted,random,100000,MCC-A,1,11537700,3492800,7778600,6600,11145856,20
equal_starts,nearly_sorted,random,100000,MC-A-detect,1,1398500,1224200,85800,0,3245728,17
equal_starts,nearly_sorted,random,100000,MC-C,2,3355100,1069500,2182500,0,5342880,33
equal_starts,nearly_sorted,random,100000,MC-A-detect,2,1216700,1041000,86600,0,3245728,17
equal_starts,nearly_sorted,random,100000,MCC-B,2,18235700,3469600,14484000,10400,18928672,20
equal_starts,nearly_sorted,random,100000,MCC-A,2,11747900,3774000,7716400,4200,11145856,20
equal_starts,nearly_sorted,random,100000,MC-B,2,725600,495500,189200,0,1148576,17
equal_starts,nearly_sorted,random,100000,MC-A,2,1382300,1209300,83700,0,3245728,17
equal_starts,shuffled,random,100000,MC-A-detect,0,1268300,1057900,117700,0,3245728,17
equal_starts,shuffled,random,100000,MC-B,0,666900,454500,176900,0,1148576,17
equal_starts,shuffled,random,100000,MCC-B,0,20267900,4138600,15854100,10400,18928672,20
equal_starts,shuffled,random,100000,MC-A,0,1507500,1283900,118000,0,3245728,17
equal_starts,shuffled,random,100000,MC-C,0,2773300,1029100,1654500,0,5342880,33
equal_starts,shuffled,random,100000,MCC-A,0,12925000,4229400,8415700,7200,11145856,20
equal_starts,shuffled,random,100000,MC-B,1,759900,505700,213900,0,1148576,17
equal_starts,shuffled,random,100000,MCC-B,1,20524500,4317900,15920400,11100,18928672,20
equal_starts,shuffled,random,100000,MC-C,1,3300600,1490600,1717800,0,5342880,33
equal_starts,shuffled,random,100000,MC-A-detect,1,1244000,1041700,114800,0,3245728,17
equal_starts,shuffled,random,100000,MCC-A,1,13305900,4339600,8697000,9100,11145856,20
equal_starts,shuffled,random,100000,MC-A,1,1377100,1166500,114900,0,3245728,17
equal_starts,shuffled,random,100000,MC-C,2,2826900,1037900,1693400,0,5342880,33
equal_starts,shuffled,random,100000,MC-A,2,1281900,1073500,115900,0,3245728,17
equal_starts,shuffled,random,100000,MCC-B,2,21399400,4467600,16617200,39000,18928672,20
equal_starts,shuffled,random,100000,MCC-A,2,13080300,4428400,8375100,6800,11145856,20
equal_starts,shuffled,random,100000,MC-A-detect,2,1380000,1162400,116700,0,3245728,17
equal_starts,shuffled,random,100000,MC-B,2,759100,543600,179600,0,1148576,17
equal_ends,sorted,random,100000,MC-B,0,512100,477400,2600,0,1148576,17
equal_ends,sorted,random,100000,MCC-A,0,1930300,1347500,438000,1900,4045784,20
equal_ends,sorted,random,100000,MC-A,0,1400500,1306600,6000,0,3245728,17
equal_ends,sorted,random,100000,MCC-B,0,1898700,1219000,522000,3700,4045784,20
equal_ends,sorted,random,100000,MC-A-detect,0,1198600,1104100,4000,0,3245728,17
equal_ends,sorted,random,100000,MC-C,0,1159400,1063900,5000,0,3245792,18
equal_ends,sorted,random,100000,MC-C,1,1155300,1059500,4100,0,3245792,18
equal_ends,sorted,random,100000,MC-B,1,572000,532700,3300,0,1148576,17
equal_ends,sorted,random,100000,MC-A-detect,1,1110300,1015400,2200,0,3245728,17
equal_ends,sorted,random,100000,MCC-A,1,1845800,1228100,454400,2500,4045784,20
equal_ends,sorted,random,100000,MCC-B,1,1983700,1304300,522000,2100,4045784,20
equal_ends,sorted,random,100000,MC-A,1,1191400,1094300,2400,0,3245728,17
equal_ends,sorted,random,100000,MCC-A,2,1823900,1221400,436600,1900,4045784,20
equal_ends,sorted,random,100000,MCC-B,2,1957200,1285500,518300,2000,4045784,20
equal_ends,sorted,random,100000,MC-C,2,1203900,1109800,3200,0,3245792,18
equal_ends,sorted,random,100000,MC-A,2,1143700,1043400,2800,0,3245728,17
equal_ends,sorted,random,100000,MC-B,2,492200,453700,2200,0,1148576,17
equal_ends,sorted,random,100000,MC-A-detect,2,1091600,999700,2500,0,3245728,17
equal_ends,nearly_sorted,random,100000,MCC-B,0,1934100,1264800,520100,1900,4045784,20
equal_ends,nearly_sorted,random,100000,MC-B,0,3436600,3395500,2300,0,1148576,17
equal_ends,nearly_sorted,random,100000,MCC-A,0,1909100,1313000,445900,2300,4045784,20
equal_ends,nearly_sorted,random,100000,MC-A-detect,0,3542600,3428200,27900,0,3245728,17
equal_ends,nearly_sorted,random,100000,MC-C,0,3436700,3345800,3100,0,3245792,18
equal_ends,nearly_sorted,random,100000,MC-A,0,3315200,3220000,2800,0,3245728,17
equal_ends,nearly_sorted,random,100000,MC-A,1,3794200,3690700,4600,0,3245728,17
equal_ends,nearly_sorted,random,100000,MCC-A,1,2234600,1522600,502600,3500,4045784,20
equal_ends,nearly_sorted,random,100000,MC-A-detect,1,3510600,3417300,2900,0,3245728,17
equal_ends,nearly_sorted,random,100000,MCC-B,1,1975100,1309000,513700,1900,4045784,20
equal_ends,nearly_sorted,random,100000,MC-C,1,3464500,3365200,4000,0,3245792,18
equal_ends,nearly_sorted,random,100000,MC-B,1,3624000,3582400,2400,0,1148576,17
equal_ends,nearly_sorted,random,100000,MC-A-detect,2,3405800,3312000,2700,0,3245728,17
equal_ends,nearly_sorted,random,100000,MC-C,2,3386400,3295600,3300,0,3245792,18
equal_ends,nearly_sorted,random,100000,MCC-B,2,2011800,1334200,522500,1900,4045784,20
equal_ends,nearly_sorted,random,100000,MCC-A,2,1986600,1383100,447600,2100,4045784,20
equal_ends,nearly_sorted,random,100000,MC-A,2,3593900,3501700,2800,0,3245728,17
equal_ends,nearly_sorted,random,100000,MC-B,2,3428100,3386300,2200,0,1148576,17
equal_ends,shuffled,random,100000,MCC-A,0,1926300,1327900,439100,2100,4045784,20
equal_ends,shuffled,random,100000,MC-A-detect,0,4185200,4089600,3100,0,3245728,17
equal_ends,shuffled,random,100000,MC-C,0,4120400,4023700,5700,0,3245792,18
equal_ends,shuffled,random,100000,MC-A,0,4134600,4032200,4600,0,3245728,17
equal_ends,shuffled,random,100000,MC-B,0,4758900,4719300,3200,0,1148576,17
equal_ends,shuffled,random,100000,MCC-B,0,2262600,1566000,521300,28000,4045784,20
equal_ends,shuffled,random,100000,MC-A,1,4307100,4209700,3200,0,3245728,17
equal_ends,shuffled,random,100000,MC-C,1,4126500,4028400,4000,0,3245792,18
equal_ends,shuffled,random,100000,MC-B,1,4790600,4748000,2100,0,1148576,17
equal_ends,shuffled,random,100000,MC-A-detect,1,4521200,4416300,4100,0,3245728,17
equal_ends,shuffled,random,100000,MCC-A,1,1964300,1363900,444200,1900,4045784,20
equal_ends,shuffled,random,100000,MCC-B,1,2091200,1377200,555600,2500,4045784,20
equal_ends,shuffled,random,100000,MCC-B,2,2631600,1687700,747300,7400,4045784,20
equal_ends,shuffled,random,100000,MCC-A,2,2514100,1693100,621500,6000,4045784,20
equal_ends,shuffled,random,100000,MC-C,2,5791000,5638800,11900,0,3245792,18
equal_ends,shuffled,random,100000,MC-A-detect,2,5572000,5421200,9300,0,3245728,17
equal_ends,shuffled,random,100000,MC-B,2,6597900,6519000,11500,0,1148576,17
equal_ends,shuffled,random,100000,MC-A,2,5704000,5560000,4300,0,3245728,17
outside,sorted,random,100000,MC-B,0,1143600,819600,276300,0,1148576,17
outside,sorted,random,100000,MCC-B,0,3679400,2023300,1444500,3100,4045784,20
outside,sorted,random,100000,MC-C,0,3026800,1674500,1198600,0,5342880,33
outside,sorted,random,100000,MCC-A,0,2954200,1810800,934600,5300,4045784,20
outside,sorted,random,100000,MC-A-detect,0,1861600,1580100,165800,0,3245728,17
outside,sorted,random,100000,MC-A,0,1664000,1357800,177100,0,3245728,17
outside,sorted,random,100000,MCC-B,1,3310500,1606500,1459200,3200,4045784,20
outside,sorted,random,100000,MC-A-detect,1,1801200,1504700,174400,0,3245728,17
outside,sorted,random,100000,MC-B,1,889700,576000,262800,0,1148576,17
outside,sorted,random,100000,MC-C,1,2500800,1350700,1028600,0,5342880,33
outside,sorted,random,100000,MC-A,1,1667600,1355400,161700,0,3245728,17
outside,sorted,random,100000,MCC-A,1,2855600,1656000,920800,3100,4045784,20
outside,sorted,random,100000,MC-A,2,1768800,1486900,155100,0,3245728,17
outside,sorted,random,100000,MC-C,2,2440100,1334600,988900,0,5342880,33
outside,sorted,random,100000,MC-A-detect,2,1420600,1158100,146500,0,3245728,17
outside,sorted,random,100000,MCC-A,2,2610200,1461100,931000,3900,4045784,20
outside,sorted,random,100000,MC-B,2,924800,595500,284100,0,1148576,17
outside,sorted,random,100000,MCC-B,2,2703100,1531100,1005200,4300,4045784,20
outside,nearly_sorted,random,100000,MCC-B,0,2414800,1268900,988200,2400,4045784,20
outside,nearly_sorted,random,100000,MCC-A,0,2116600,1321600,636000,2600,4045784,20
outside,nearly_sorted,random,100000,MC-B,0,681600,469100,177000,0,1148576,17
outside,nearly_sorted,random,100000,MC-C,0,1983800,1120300,775500,0,5342880,33
outside,nearly_sorted,random,100000,MC-A,0,1241200,1019500,115400,0,3245728,17
outside,nearly_sorted,random,100000,MC-A-detect,0,1384200,1158700,136600,0,3245728,17
outside,nearly_sorted,random,100000,MC-A,1,1430800,1227500,111900,0,3245728,17
outside,nearly_sorted,random,100000,MCC-A,1,2043200,1246700,641300,1900,4045784,20
outside,nearly_sorted,random,100000,MC-A-detect,1,1276900,1078600,109100,0,3245728,17
outside,nearly_sorted,random,100000,MC-C,1,2023600,1054900,879400,0,5342880,33
outside,nearly_sorted,random,100000,MCC-B,1,2396900,1250400,994000,2100,4045784,20
outside,nearly_sorted,random,100000,MC-B,1,668900,454500,176600,0,1148576,17
outside,nearly_sorted,random,100000,MC-B,2,659900,447200,176900,0,1148576,17
outside,nearly_sorted,random,100000,MC-A,2,1295500,1083000,121000,0,3245728,17
outside,nearly_sorted,random,100000,MC-A-detect,2,1169500,972800,106500,0,3245728,17
outside,nearly_sorted,random,100000,MC-C,2,1823700,993500,743400,0,5342880,33
outside,nearly_sorted,random,100000,MCC-B,2,2526700,1345200,1018800,2200,4045784,20
outside,nearly_sorted,random,100000,MCC-A,2,2066100,1257900,640500,2200,4045784,20
outside,shuffled,random,100000,MC-C,0,2219500,1327000,807100,0,5342880,33
outside,shuffled,random,100000,MCC-A,0,1980400,1193800,636100,2100,4045784,20
outside,shuffled,random,100000,MC-B,0,657900,447500,176100,0,1148576,17
outside,shuffled,random,100000,MC-A,0,1288400,1084100,117000,0,3245728,17
outside,shuffled,random,100000,MC-A-detect,0,1161900,967600,107000,0,3245728,17
outside,shuffled,random,100000,MCC-B,0,2566500,1392100,984400,28800,4045784,20
outside,shuffled,random,100000,MC-B,1,823200,590000,190900,0,1148576,17
outside,shuffled,random,100000,MC-A,1,1375100,1173500,111300,0,3245728,17
outside,shuffled,random,100000,MCC-A,1,2138100,1338900,640400,5000,4045784,20
outside,shuffled,random,100000,MC-C,1,1966000,1115600,762600,0,5342880,33
outside,shuffled,random,100000,MC-A-detect,1,1211500,1008400,113200,0,3245728,17
outside,shuffled,random,100000,MCC-B,1,2333500,1210300,969900,2100,4045784,20
outside,shuffled,random,100000,MC-A,2,1332000,1131500,111100,0,3245728,17
outside,shuffled,random,100000,MC-C,2,1897100,1039200,766800,0,5342880,33
outside,shuffled,random,100000,MC-A-detect,2,1197500,986700,121600,0,3245728,17
outside,shuffled,random,100000,MC-B,2,645800,433200,177400,0,1148576,17
outside,shuffled,random,100000,MCC-B,2,2415000,1214000,1039500,3400,4045784,20
outside,shuffled,random,100000,MCC-A,2,2114800,1320900,641800,2200,4045784,20
irrelevant,sorted,random,100000,MC-A,0,80300,78800,1300,0,100096,2
irrelevant,sorted,random,100000,MC-B,0,91000,89100,1700,0,100032,2
irrelevant,sorted,random,100000,MCC-A,0,143500,141000,600,1500,100160,5
irrelevant,sorted,random,100000,MC-A-detect,0,91400,89600,1500,0,100096,2
irrelevant,sorted,random,100000,MCC-B,0,131200,128900,600,1500,100160,5
irrelevant,sorted,random,100000,MC-C,0,91200,89300,1700,0,100160,3
irrelevant,sorted,random,100000,MC-A,1,90800,89000,1600,0,100096,2
irrelevant,sorted,random,100000,MC-B,1,86100,84400,1500,0,100032,2
irrelevant,sorted,random,100000,MC-C,1,90900,89100,1700,0,100160,3
irrelevant,sorted,random,100000,MC-A-detect,1,90900,89100,1500,0,100096,2
irrelevant,sorted,random,100000,MCC-B,1,132800,130400,600,1500,100160,5
irrelevant,sorted,random,100000,MCC-A,1,131200,128900,600,1400,100160,5
irrelevant,sorted,random,100000,MC-C,2,91300,89400,1700,0,100160,3
irrelevant,sorted,random,100000,MCC-B,2,131100,128900,600,1500,100160,5
irrelevant,sorted,random,100000,MC-B,2,84500,82700,1500,0,100032,2
irrelevant,sorted,random,100000,MC-A,2,91100,89400,1500,0,100096,2
irrelevant,sorted,random,100000,MCC-A,2,131200,128900,700,1400,100160,5
irrelevant,sorted,random,100000,MC-A-detect,2,90700,89000,1500,0,100096,2
irrelevant,nearly_sorted,random,100000,MCC-B,0,125400,123500,400,1400,100160,5
irrelevant,nearly_sorted,random,100000,MCC-A,0,137000,134700,500,1400,100160,5
irrelevant,nearly_sorted,random,100000,MC-C,0,91900,89900,1800,0,100160,3
irrelevant,nearly_sorted,random,100000,MC-A,0,90700,88900,1500,0,100096,2
irrelevant,nearly_sorted,random,100000,MC-B,0,84300,82600,1500,0,100032,2
irrelevant,nearly_sorted,random,100000,MC-A-detect,0,91000,89400,1500,0,100096,2
irrelevant,nearly_sorted,random,100000,MCC-B,1,131100,128700,600,1500,100160,5
irrelevant,nearly_sorted,random,100000,MC-C,1,91000,89200,1700,0,100160,3
irrelevant,nearly_sorted,random,100000,MC-A-detect,1,105300,103400,1500,0,100096,2
irrelevant,nearly_sorted,random,100000,MCC-A,1,132100,129800,700,1300,100160,5
irrelevant,nearly_sorted,random,100000,MC-B,1,85300,83500,1500,0,100032,2
irrelevant,nearly_sorted,random,100000,MC-A,1,91300,89600,1500,0,100096,2
irrelevant,nearly_sorted,random,100000,MC-A,2,91700,90100,1500,0,100096,2
irrelevant,nearly_sorted,random,100000,MC-A-detect,2,91300,89700,1400,0,100096,2
irrelevant,nearly_sorted,random,100000,MC-B,2,95200,92800,2000,0,100032,2
irrelevant,nearly_sorted,random,100000,MCC-A,2,136300,132800,1200,1700,100160,5
irrelevant,nearly_sorted,random,100000,MC-C,2,91700,89600,1800,0,100160,3
irrelevant,nearly_sorted,random,100000,MCC-B,2,140400,138000,600,1600,100160,5
irrelevant,shuffled,random,100000,MCC-A,0,130200,128000,600,1300,100160,5
irrelevant,shuffled,random,100000,MC-A,0,97200,94700,2000,0,100096,2
irrelevant,shuffled,random,100000,MC-A-detect,0,91500,89800,1500,0,100096,2
irrelevant,shuffled,random,100000,MC-B,0,85700,83800,1600,0,100032,2
irrelevant,shuffled,random,100000,MCC-B,0,132200,129700,700,1500,100160,5
irrelevant,shuffled,random,100000,MC-C,0,95600,93700,1700,0,100160,3
irrelevant,shuffled,random,100000,MCC-A,1,132100,129400,900,1500,100160,5
irrelevant,shuffled,random,100000,MC-A-detect,1,91300,89600,1600,0,100096,2
irrelevant,shuffled,random,100000,MC-C,1,90900,89000,1700,0,100160,3
irrelevant,shuffled,random,100000,MC-B,1,85400,83700,1600,0,100032,2
irrelevant,shuffled,random,100000,MCC-B,1,139300,136900,500,1500,100160,5
irrelevant,shuffled,random,100000,MC-A,1,90400,88700,1500,0,100096,2
irrelevant,shuffled,random,100000,MC-B,2,84700,83100,1500,0,100032,2
irrelevant,shuffled,random,100000,MC-A-detect,2,90900,89200,1400,0,100096,2
irrelevant,shuffled,random,100000,MCC-B,2,139700,137500,500,1500,100160,5
irrelevant,shuffled,random,100000,MCC-A,2,132100,129700,700,1500,100160,5
irrelevant,shuffled,random,100000,MC-A,2,91300,89600,1500,0,100096,2
irrelevant,shuffled,random,100000,MC-C,2,86900,85100,1600,0,100160,3
empty,sorted,random,100000,MC-A,0,80700,79200,1400,0,100096,2
empty,sorted,random,100000,MC-C,0,94900,92100,2500,0,100160,3
empty,sorted,random,100000,MC-A-detect,0,102000,100100,1600,0,100096,2
empty,sorted,random,100000,MCC-B,0,133800,131300,600,1600,100160,5
empty,sorted,random,100000,MC-B,0,86500,84700,1600,0,100032,2
empty,sorted,random,100000,MCC-A,0,133500,130800,900,1500,100160,5
empty,sorted,random,100000,MC-C,1,92500,90400,1800,0,100160,3
empty,sorted,random,100000,MCC-B,1,132500,130100,600,1500,100160,5
empty,sorted,random,100000,MC-A-detect,1,91800,90000,1500,0,100096,2
empty,sorted,random,100000,MCC-A,1,131900,129500,500,1400,100160,5
empty,sorted,random,100000,MC-A,1,91300,89600,1500,0,100096,2
empty,sorted,random,100000,MC-B,1,85400,83700,1600,0,100032,2
empty,sorted,random,100000,MC-B,2,85400,83700,1500,0,100032,2
empty,sorted,random,100000,MCC-A,2,132400,129800,700,1500,100160,5
empty,sorted,random,100000,MC-A-detect,2,91200,89400,1500,0,100096,2
empty,sorted,random,100000,MC-C,2,93900,92000,1700,0,100160,3
empty,sorted,random,100000,MC-A,2,91300,89600,1500,0,100096,2
empty,sorted,random,100000,MCC-B,2,137300,134900,600,1500,100160,5
empty,nearly_sorted,random,100000,MC-B,0,76500,74900,1300,0,100032,2
empty,nearly_sorted,random,100000,MCC-A,0,137100,134700,600,1400,100160,5
empty,nearly_sorted,random,100000,MC-C,0,91600,89700,1700,0,100160,3
empty,nearly_sorted,random,100000,MC-A-detect,0,91700,89900,1600,0,100096,2
empty,nearly_sorted,random,100000,MC-A,0,95500,92900,2100,0,100096,2
empty,nearly_sorted,random,100000,MCC-B,0,132100,129400,700,1600,100160,5
empty,nearly_sorted,random,100000,MCC-A,1,131400,128700,800,1500,100160,5
empty,nearly_sorted,random,100000,MC-C,1,91000,88900,1900,0,100160,3
empty,nearly_sorted,random,100000,MC-A-detect,1,90700,88800,1600,0,100096,2
empty,nearly_sorted,random,100000,MCC-B,1,132000,129600,600,1500,100160,5
empty,nearly_sorted,random,100000,MC-B,1,92500,90700,1600,0,100032,2
empty,nearly_sorted,random,100000,MC-A,1,90900,89200,1400,0,100096,2
empty,nearly_sorted,random,100000,MCC-A,2,131500,129200,700,1400,100160,5
empty,nearly_sorted,random,100000,MC-C,2,90800,89000,1700,0,100160,3
empty,nearly_sorted,random,100000,MC-B,2,85000,83200,1600,0,100032,2
empty,nearly_sorted,random,100000,MC-A,2,90500,88800,1500,0,100096,2
empty,nearly_sorted,random,100000,MCC-B,2,131400,129000,500,1500,100160,5
empty,nearly_sorted,random,100000,MC-A-detect,2,91100,89300,1500,0,100096,2
empty,shuffled,random,100000,MC-B,0,77300,75600,1400,0,100032,2
empty,shuffled,random,100000,MC-A-detect,0,99600,97000,2100,0,100096,2
empty,shuffled,random,100000,MC-A,0,92400,90600,1500,0,100096,2
empty,shuffled,random,100000,MC-C,0,106500,104300,1900,0,100160,3
empty,shuffled,random,100000,MCC-B,0,131000,128400,600,1500,100160,5
empty,shuffled,random,100000,MCC-A,0,130500,127800,900,1500,100160,5
empty,shuffled,random,100000,MC-C,1,97800,95000,2600,0,100160,3
empty,shuffled,random,100000,MC-A-detect,1,99900,97000,2500,0,100096,2
empty,shuffled,random,100000,MC-A,1,92800,90900,1600,0,100096,2
empty,shuffled,random,100000,MC-B,1,86600,84700,1500,0,100032,2
empty,shuffled,random,100000,MCC-A,1,135700,132900,900,1500,100160,5
empty,shuffled,random,100000,MCC-B,1,134400,131900,800,1500,100160,5
empty,shuffled,random,100000,MC-B,2,89400,87600,1500,0,100032,2
empty,shuffled,random,100000,MC-A,2,91400,89600,1600,0,100096,2
empty,shuffled,random,100000,MC-C,2,91300,89400,1800,0,100160,3
empty,shuffled,random,100000,MCC-B,2,132100,129700,600,1500,100160,5
empty,shuffled,random,100000,MC-A-detect,2,90700,89000,1500,0,100096,2
empty,shuffled,random,100000,MCC-A,2,136100,133700,700,1500,100160,5
giant_component,sorted,random,100000,MC-C,0,4974500,1137100,3749600,0,5342880,33
giant_component,sorted,random,100000,MCC-B,0,11657200,1239300,9988500,153200,18928624,20
giant_component,sorted,random,100000,MC-A,0,1349700,1162900,97100,0,3245728,17
giant_component,sorted,random,100000,MC-B,0,670700,446900,184500,0,1148576,17
giant_component,sorted,random,100000,MC-A-detect,0,1210200,1022200,96300,0,3245728,17
giant_component,sorted,random,100000,MCC-A,0,9244400,1269900,7623600,90100,11145712,20
giant_component,sorted,random,100000,MCC-B,1,11979300,1639700,9888100,181600,18928624,20
giant_component,sorted,random,100000,MC-A-detect,1,1503300,1275000,138900,0,3245728,17
giant_component,sorted,random,100000,MC-B,1,679200,453900,187500,0,1148576,17
giant_component,sorted,random,100000,MC-C,1,4899800,1043700,3767500,0,5342880,33
giant_component,sorted,random,100000,MCC-A,1,9245800,1227600,7656500,88700,11145712,20
giant_component,sorted,random,100000,MC-A,1,1453700,1218400,143500,0,3245728,17
giant_component,sorted,random,100000,MC-C,2,4913500,1034700,3789600,0,5342880,33
giant_component,sorted,random,100000,MC-A,2,1301700,1071100,137400,0,3245728,17
giant_component,sorted,random,100000,MC-A-detect,2,1349200,1134500,120300,0,3245728,17
giant_component,sorted,random,100000,MC-B,2,640900,420500,185700,0,1148576,17
giant_component,sorted,random,100000,MCC-B,2,11727200,1306700,9986200,151500,18928624,20
giant_component,sorted,random,100000,MCC-A,2,9356300,1391300,7618000,90200,11145712,20
giant_component,nearly_sorted,random,100000,MC-B,0,3523200,3296900,186200,0,1148576,17
giant_component,nearly_sorted,random,100000,MC-A-detect,0,3661600,3359000,204000,0,3245728,17
giant_component,nearly_sorted,random,100000,MC-A,0,3510500,3246300,169400,0,3245728,17
giant_component,nearly_sorted,random,100000,MC-C,0,7153800,3253700,3807600,0,5342880,33
giant_component,nearly_sorted,random,100000,MCC-B,0,13656700,3501100,9803600,143900,18928624,20
giant_component,nearly_sorted,random,100000,MCC-A,0,11478300,3609400,7578000,87900,11145712,20
giant_component,nearly_sorted,random,100000,MC-B,1,3568500,3285000,243600,0,1148576,17
giant_component,nearly_sorted,random,100000,MC-A-detect,1,3601800,3300700,194000,0,3245728,17
giant_component,nearly_sorted,random,100000,MCC-B,1,13606000,3463900,9770400,158100,18928624,20
giant_component,nearly_sorted,random,100000,MC-C,1,7140800,3309300,3743900,0,5342880,33
giant_component,nearly_sorted,random,100000,MC-A,1,3476700,3214100,170800,0,3245728,17
giant_component,nearly_sorted,random,100000,MCC-A,1,11720100,3837000,7570500,116700,11145712,20
giant_component,nearly_sorted,random,100000,MC-A-detect,2,3681900,3449200,135800,0,3245728,17
giant_component,nearly_sorted,random,100000,MC-B,2,3601200,3358100,186300,0,1148576,17
giant_component,nearly_sorted,random,100000,MCC-B,2,14661800,3621200,10644600,183200,18928624,20
giant_component,nearly_sorted,random,100000,MC-C,2,7316100,3398800,3817400,0,5342880,33
giant_component,nearly_sorted,random,100000,MC-A,2,3618200,3349800,169900,0,3245728,17
giant_component,nearly_sorted,random,100000,MCC-A,2,11614900,3519700,7800000,89500,11145712,20
giant_component,shuffled,random,100000,MC-A-detect,0,4257100,3996200,115300,0,3245728,17
giant_component,shuffled,random,100000,MC-A,0,4313200,4076000,140400,0,3245728,17
giant_component,shuffled,random,100000,MCC-B,0,15416500,4116000,10923600,172800,18928624,20
giant_component,shuffled,random,100000,MCC-A,0,12293600,4103500,7894900,105300,11145712,20
giant_component,shuffled,random,100000,MC-B,0,5007500,4595500,372900,0,1148576,17
giant_component,shuffled,random,100000,MC-C,0,7690200,3852300,3745800,0,5342880,33
giant_component,shuffled,random,100000,MC-B,1,5103800,4629600,431300,0,1148576,17
giant_component,shuffled,random,100000,MCC-A,1,12582400,4160000,8066900,106100,11145712,20
giant_component,shuffled,random,100000,MCC-B,1,15486700,4084900,10812000,196400,18928624,20
giant_component,shuffled,random,100000,MC-C,1,7797200,3928300,3780700,0,5342880,33
giant_component,shuffled,random,100000,MC-A-detect,1,4602300,4352600,145000,0,3245728,17
giant_component,shuffled,random,100000,MC-A,1,4144700,3883700,165400,0,3245728,17
giant_component,shuffled,random,100000,MC-C,2,7921000,3962900,3866700,0,5342880,33
giant_component,shuffled,random,100000,MCC-B,2,15621200,4151000,11090100,166900,18928624,20
giant_component,shuffled,random,100000,MC-B,2,5041400,4639000,363500,0,1148576,17
giant_component,shuffled,random,100000,MCC-A,2,12367000,4168800,7900300,104000,11145712,20
giant_component,shuffled,random,100000,MC-A,2,4293500,4055900,133700,0,3245728,17
giant_component,shuffled,random,100000,MC-A-detect,2,4390800,4184300,107200,0,3245728,17
fail_begin,sorted,random,100000,MC-C,0,1163500,1072200,3400,0,3245728,17
fail_begin,sorted,random,100000,MC-A-detect,0,1174600,1083600,2600,0,3245728,17
fail_begin,sorted,random,100000,MCC-A,0,8051600,1256200,6606500,3700,11145776,20
fail_begin,sorted,random,100000,MCC-B,0,7952400,1973100,5776400,10000,18928640,20
fail_begin,sorted,random,100000,MC-B,0,601300,561600,2200,0,1148576,17
fail_begin,sorted,random,100000,MC-A,0,1121100,1031400,2500,0,3245728,17
fail_begin,sorted,random,100000,MC-A-detect,1,1074300,983800,2200,0,3245728,17
fail_begin,sorted,random,100000,MCC-A,1,8048000,1254400,6603400,5000,11145776,20
fail_begin,sorted,random,100000,MC-A,1,1170800,1079500,2600,0,3245728,17
fail_begin,sorted,random,100000,MC-C,1,1132400,1042100,3200,0,3245728,17
fail_begin,sorted,random,100000,MC-B,1,523200,485900,1800,0,1148576,17
fail_begin,sorted,random,100000,MCC-B,1,7144600,1252700,5683100,7100,18928640,20
fail_begin,sorted,random,100000,MCC-A,2,8221500,1326100,6704200,5900,11145776,20
fail_begin,sorted,random,100000,MC-B,2,524500,484700,2000,0,1148576,17
fail_begin,sorted,random,100000,MCC-B,2,7180900,1261000,5715800,6600,18928640,20
fail_begin,sorted,random,100000,MC-C,2,1213300,1123700,2700,0,3245728,17
fail_begin,sorted,random,100000,MC-A-detect,2,1231900,1139900,2700,0,3245728,17
fail_begin,sorted,random,100000,MC-A,2,1423100,1296600,30300,0,3245728,17
fail_begin,nearly_sorted,random,100000,MC-B,0,4999400,4933800,9500,0,1148576,17
fail_begin,nearly_sorted,random,100000,MC-A-detect,0,3896500,3792900,3700,0,3245728,17
fail_begin,nearly_sorted,random,100000,MC-A,0,3410900,3307000,3500,0,3245728,17
fail_begin,nearly_sorted,random,100000,MC-C,0,3351900,3251800,3000,0,3245728,17
fail_begin,nearly_sorted,random,100000,MCC-B,0,9614400,3537900,5780600,9400,18928640,20
fail_begin,nearly_sorted,random,100000,MCC-A,0,10929600,3682100,6960400,6900,11145776,20
fail_begin,nearly_sorted,random,100000,MCC-B,1,10711700,4172200,6241900,11200,18928640,20
fail_begin,nearly_sorted,random,100000,MC-A,1,4686500,4560800,6200,0,3245728,17
fail_begin,nearly_sorted,random,100000,MC-C,1,5177900,5009800,13100,0,3245728,17
fail_begin,nearly_sorted,random,100000,MC-A-detect,1,4969500,4833700,7400,0,3245728,17
fail_begin,nearly_sorted,random,100000,MC-B,1,4158800,4109300,4500,0,1148576,17
fail_begin,nearly_sorted,random,100000,MCC-A,1,10822800,3577500,6960500,7100,11145776,20
fail_begin,nearly_sorted,random,100000,MC-C,2,3416000,3320600,3900,0,3245728,17
fail_begin,nearly_sorted,random,100000,MCC-B,2,9581300,3446200,5854100,8000,18928640,20
fail_begin,nearly_sorted,random,100000,MC-B,2,3402800,3365400,2800,0,1148576,17
fail_begin,nearly_sorted,random,100000,MCC-A,2,10585000,3597800,6697300,5500,11145776,20
fail_begin,nearly_sorted,random,100000,MC-A-detect,2,3400700,3305500,3400,0,3245728,17
fail_begin,nearly_sorted,random,100000,MC-A,2,3306300,3212400,2800,0,3245728,17
fail_begin,shuffled,random,100000,MC-A,0,4159200,4066300,2600,0,3245728,17
fail_begin,shuffled,random,100000,MC-B,0,4724000,4685000,2100,0,1148576,17
fail_begin,shuffled,random,100000,MC-C,0,3994100,3895600,3500,0,3245728,17
fail_begin,shuffled,random,100000,MCC-B,0,10411000,4260100,5851700,8200,18928640,20
fail_begin,shuffled,random,100000,MCC-A,0,11368100,4368200,6727400,6400,11145776,20
fail_begin,shuffled,random,100000,MC-A-detect,0,4266200,4171900,4000,0,3245728,17
fail_begin,shuffled,random,100000,MC-C,1,4027200,3928800,4100,0,3245728,17
fail_begin,shuffled,random,100000,MCC-A,1,11393800,4254800,6861600,5300,11145776,20
fail_begin,shuffled,random,100000,MC-A,1,4167900,4070700,3500,0,3245728,17
fail_begin,shuffled,random,100000,MC-A-detect,1,4005300,3910400,3100,0,3245728,17
fail_begin,shuffled,random,100000,MCC-B,1,10274200,4269900,5724400,8300,18928640,20
fail_begin,shuffled,random,100000,MC-B,1,4661800,4621600,2600,0,1148576,17
fail_begin,shuffled,random,100000,MC-C,2,4250100,4155200,4000,0,3245728,17
fail_begin,shuffled,random,100000,MC-B,2,4659600,4620300,2800,0,1148576,17
fail_begin,shuffled,random,100000,MCC-A,2,11534000,4296100,6972500,6200,11145776,20
fail_begin,shuffled,random,100000,MCC-B,2,10480400,4504800,5705800,7500,18928640,20
fail_begin,shuffled,random,100000,MC-A-detect,2,4212800,4116600,3200,0,3245728,17
fail_begin,shuffled,random,100000,MC-A,2,4043000,3943200,3600,0,3245728,17
fail_middle,sorted,random,100000,MCC-A,0,8536300,1430100,6835100,5900,11145776,20
fail_middle,sorted,random,100000,MC-A-detect,0,1373000,1201700,77300,0,3245728,17
fail_middle,sorted,random,100000,MC-A,0,1254500,1032200,125800,0,3245728,17
fail_middle,sorted,random,100000,MCC-B,0,8600200,1264100,7005400,7500,18928640,20
fail_middle,sorted,random,100000,MC-B,0,660300,512300,111700,0,1148576,17
fail_middle,sorted,random,100000,MC-C,0,1599400,1240000,265300,0,3245792,18
fail_middle,sorted,random,100000,MC-A,1,1246600,1071900,87000,0,3245728,17
fail_middle,sorted,random,100000,MC-C,1,1412200,1064500,259300,0,3245792,18
fail_middle,sorted,random,100000,MC-A-detect,1,1277700,1058400,130400,0,3245728,17
fail_middle,sorted,random,100000,MC-B,1,605100,457600,111400,0,1148576,17
fail_middle,sorted,random,100000,MCC-B,1,8726600,1310700,7123500,9100,18928640,20
fail_middle,sorted,random,100000,MCC-A,1,8653000,1480700,6894800,5100,11145776,20
fail_middle,sorted,random,100000,MCC-A,2,8981900,1835900,6862800,8800,11145776,20
fail_middle,sorted,random,100000,MCC-B,2,8894000,1492200,7127900,7900,18928640,20
fail_middle,sorted,random,100000,MC-C,2,1608800,1259400,261900,0,3245792,18
fail_middle,sorted,random,100000,MC-A,2,1330600,1157900,79600,0,3245728,17
fail_middle,sorted,random,100000,MC-B,2,690900,536700,113700,0,1148576,17
fail_middle,sorted,random,100000,MC-A-detect,2,1190200,1021200,79300,0,3245728,17
fail_middle,nearly_sorted,random,100000,MC-A,0,3741300,3573700,79000,0,3245728,17
fail_middle,nearly_sorted,random,100000,MC-A-detect,0,3497700,3309300,92200,0,3245728,17
fail_middle,nearly_sorted,random,100000,MCC-A,0,10683300,3510600,6892800,6200,11145776,20
fail_middle,nearly_sorted,random,100000,MC-C,0,3828100,3471800,265100,0,3245792,18
fail_middle,nearly_sorted,random,100000,MCC-B,0,10826200,3487000,7060900,8900,18928640,20
fail_middle,nearly_sorted,random,100000,MC-B,0,3669400,3514300,114800,0,1148576,17
fail_middle,nearly_sorted,random,100000,MCC-B,1,11028800,3599700,7141600,8500,18928640,20
fail_middle,nearly_sorted,random,100000,MC-A-detect,1,3658700,3491300,77200,0,3245728,17
fail_middle,nearly_sorted,random,100000,MC-C,1,3613800,3260600,263500,0,3245792,18
fail_middle,nearly_sorted,random,100000,MCC-A,1,10768500,3535900,6956100,6500,11145776,20
fail_middle,nearly_sorted,random,100000,MC-B,1,3532000,3379700,114000,0,1148576,17
fail_middle,nearly_sorted,random,100000,MC-A,1,3584000,3418100,77800,0,3245728,17
fail_middle,nearly_sorted,random,100000,MC-A,2,3509000,3342200,77600,0,3245728,17
fail_middle,nearly_sorted,random,100000,MC-B,2,3543000,3388100,116500,0,1148576,17
fail_middle,nearly_sorted,random,100000,MCC-A,2,10902800,3705600,6927000,6400,11145776,20
fail_middle,nearly_sorted,random,100000,MC-A-detect,2,3795500,3598000,90500,0,3245728,17
fail_middle,nearly_sorted,random,100000,MC-C,2,3750200,3399700,261900,0,3245792,18
fail_middle,nearly_sorted,random,100000,MCC-B,2,10879100,3514700,7077200,7200,18928640,20
fail_middle,shuffled,random,100000,MC-B,0,5213200,4653500,516400,0,1148576,17
fail_middle,shuffled,random,100000,MC-A-detect,0,4285100,4103700,83200,0,3245728,17
fail_middle,shuffled,random,100000,MCC-A,0,11527200,4205500,7048900,6000,11145776,20
fail_middle,shuffled,random,100000,MC-A,0,4385900,4207800,87700,0,3245728,17
fail_middle,shuffled,random,100000,MC-C,0,4347200,3973000,277500,0,3245792,18
fail_middle,shuffled,random,100000,MCC-B,0,12290200,4174000,7773900,9100,18928640,20
fail_middle,shuffled,random,100000,MC-A-detect,1,4272400,4084200,89200,0,3245728,17
fail_middle,shuffled,random,100000,MCC-A,1,11620000,4162200,7173000,8300,11145776,20
fail_middle,shuffled,random,100000,MC-C,1,4833300,4082400,658400,0,3245792,18
fail_middle,shuffled,random,100000,MCC-B,1,12208600,4155900,7762600,9300,18928640,20
fail_middle,shuffled,random,100000,MC-A,1,4474400,4247300,131000,0,3245728,17
fail_middle,shuffled,random,100000,MC-B,1,6085400,5409300,633900,0,1148576,17
fail_middle,shuffled,random,100000,MC-A-detect,2,5206200,4917300,157900,0,3245728,17
fail_middle,shuffled,random,100000,MC-C,2,4540500,4171100,274500,0,3245792,18
fail_middle,shuffled,random,100000,MC-A,2,4094200,3916000,85700,0,3245728,17
fail_middle,shuffled,random,100000,MC-B,2,5504900,4702400,765200,0,1148576,17
fail_middle,shuffled,random,100000,MCC-B,2,12553700,4170700,8084400,9200,18928640,20
fail_middle,shuffled,random,100000,MCC-A,2,11839400,4311400,7244400,6400,11145776,20
fail_end,sorted,random,100000,MC-A-detect,0,1422100,1099900,232900,0,3245728,17
fail_end,sorted,random,100000,MC-C,0,1647200,1033400,522200,0,3245792,18
fail_end,sorted,random,100000,MC-A,0,1439700,1092100,251700,0,3245728,17
fail_end,sorted,random,100000,MCC-A,0,1484600,1323200,0,0,3945728,17
fail_end,sorted,random,100000,MCC-B,0,1499600,1341800,0,0,3945728,17
fail_end,sorted,random,100000,MC-B,0,712200,446700,231300,0,1148576,17
fail_end,sorted,random,100000,MC-A-detect,1,1556300,1241400,226400,0,3245728,17
fail_end,sorted,random,100000,MCC-B,1,1573500,1395000,0,0,3945728,17
fail_end,sorted,random,100000,MC-B,1,775800,506900,220900,0,1148576,17
fail_end,sorted,random,100000,MC-C,1,1796700,1185900,521600,0,3245792,18
fail_end,sorted,random,100000,MC-A,1,1310000,1038200,183500,0,3245728,17
fail_end,sorted,random,100000,MCC-A,1,1425000,1263600,0,0,3945728,17
fail_end,sorted,random,100000,MC-C,2,1814600,1139300,585500,0,3245792,18
fail_end,sorted,random,100000,MC-A-detect,2,1255300,1008300,156400,0,3245728,17
fail_end,sorted,random,100000,MC-B,2,715000,459400,221500,0,1148576,17
fail_end,sorted,random,100000,MCC-A,2,1382300,1219400,0,0,3945728,17
fail_end,sorted,random,100000,MC-A,2,1458800,1135900,230200,0,3245728,17
fail_end,sorted,random,100000,MCC-B,2,1393200,1226300,0,0,3945728,17
fail_end,nearly_sorted,random,100000,MCC-B,0,3713300,3539100,0,0,3945728,17
fail_end,nearly_sorted,random,100000,MC-C,0,4726200,3466200,1160500,0,3245792,18
fail_end,nearly_sorted,random,100000,MC-A,0,3511400,3255300,154500,0,3245728,17
fail_end,nearly_sorted,random,100000,MC-B,0,3643100,3362200,242800,0,1148576,17
fail_end,nearly_sorted,random,100000,MCC-A,0,3623000,3454800,0,0,3945728,17
fail_end,nearly_sorted,random,100000,MC-A-detect,0,3730300,3477600,155200,0,3245728,17
fail_end,nearly_sorted,random,100000,MCC-B,1,3641300,3471300,0,0,3945728,17
fail_end,nearly_sorted,random,100000,MC-C,1,3942800,3331400,520300,0,3245792,18
fail_end,nearly_sorted,random,100000,MC-B,1,3564200,3305600,223800,0,1148576,17
fail_end,nearly_sorted,random,100000,MC-A-detect,1,3566600,3302300,158900,0,3245728,17
fail_end,nearly_sorted,random,100000,MC-A,1,3500100,3254300,153100,0,3245728,17
fail_end,nearly_sorted,random,100000,MCC-A,1,3675200,3503900,0,0,3945728,17
fail_end,nearly_sorted,random,100000,MC-B,2,3695500,3408300,252100,0,1148576,17
fail_end,nearly_sorted,random,100000,MCC-B,2,3912500,3745900,0,0,3945728,17
fail_end,nearly_sorted,random,100000,MC-C,2,4091500,3462800,527800,0,3245792,18
fail_end,nearly_sorted,random,100000,MC-A,2,3554700,3304200,154700,0,3245728,17
fail_end,nearly_sorted,random,100000,MC-A-detect,2,3552000,3297400,159600,0,3245728,17
fail_end,nearly_sorted,random,100000,MCC-A,2,3776900,3610500,0,0,3945728,17
fail_end,shuffled,random,100000,MC-C,0,4792300,4157400,543900,0,3245792,18
fail_end,shuffled,random,100000,MC-A-detect,0,4280500,4012600,164300,0,3245728,17
fail_end,shuffled,random,100000,MC-B,0,5308300,4621600,646700,0,1148576,17
fail_end,shuffled,random,100000,MC-A,0,4316100,4023400,164100,0,3245728,17
fail_end,shuffled,random,100000,MCC-A,0,4547200,4356800,0,0,3945728,17
fail_end,shuffled,random,100000,MCC-B,0,4581100,4419000,0,0,3945728,17
fail_end,shuffled,random,100000,MC-C,1,4794900,4143800,555400,0,3245792,18
fail_end,shuffled,random,100000,MCC-B,1,4464300,4290300,0,0,3945728,17
fail_end,shuffled,random,100000,MCC-A,1,4531200,4361500,0,0,3945728,17
fail_end,shuffled,random,100000,MC-B,1,5354200,4676700,636300,0,1148576,17
fail_end,shuffled,random,100000,MC-A-detect,1,4427300,4166700,165200,0,3245728,17
fail_end,shuffled,random,100000,MC-A,1,4293400,4036200,162400,0,3245728,17
fail_end,shuffled,random,100000,MC-B,2,5317400,4590600,682600,0,1148576,17
fail_end,shuffled,random,100000,MCC-A,2,4436100,4273600,0,0,3945728,17
fail_end,shuffled,random,100000,MC-A,2,4398700,4133200,164600,0,3245728,17
fail_end,shuffled,random,100000,MC-C,2,4714100,4057700,560900,0,3245792,18
fail_end,shuffled,random,100000,MCC-B,2,4431900,4227400,0,0,3945728,17
fail_end,shuffled,random,100000,MC-A-detect,2,4427800,4161500,168300,0,3245728,17
expensive_long,sorted,expensive,100000,MC-A,0,1390900,1290800,3100,0,3245728,17
expensive_long,sorted,expensive,100000,MCC-A,0,12462600,3936200,8072800,232000,11145784,20
expensive_long,sorted,expensive,100000,MC-C,0,1204100,1103600,3100,0,3245792,18
expensive_long,sorted,expensive,100000,MC-B,0,505400,466500,1600,0,1148576,17
expensive_long,sorted,expensive,100000,MCC-B,0,12769300,3489700,8832900,237500,18928648,20
expensive_long,sorted,expensive,100000,MC-A-detect,0,1101800,1008200,2800,0,3245728,17
expensive_long,sorted,expensive,100000,MC-A-detect,1,1085400,989300,2700,0,3245728,17
expensive_long,sorted,expensive,100000,MC-B,1,462700,428400,1600,0,1148576,17
expensive_long,sorted,expensive,100000,MC-C,1,1086200,993200,2700,0,3245792,18
expensive_long,sorted,expensive,100000,MCC-A,1,10777700,3387300,6987600,210200,11145784,20
expensive_long,sorted,expensive,100000,MCC-B,1,12279100,3334800,8508300,230300,18928648,20
expensive_long,sorted,expensive,100000,MC-A,1,1147100,1055000,2400,0,3245728,17
expensive_long,sorted,expensive,100000,MCC-B,2,12340500,3346000,8561800,230000,18928648,20
expensive_long,sorted,expensive,100000,MC-A,2,1130400,1031400,2400,0,3245728,17
expensive_long,sorted,expensive,100000,MC-C,2,1333000,1207400,31400,0,3245792,18
expensive_long,sorted,expensive,100000,MCC-A,2,11056000,3549800,7097300,214300,11145784,20
expensive_long,sorted,expensive,100000,MC-B,2,540400,486200,6200,0,1148576,17
expensive_long,sorted,expensive,100000,MC-A-detect,2,1389700,1266600,7500,0,3245728,17
expensive_long,nearly_sorted,expensive,100000,MCC-A,0,11091900,3543700,7125000,221400,11145784,20
expensive_long,nearly_sorted,expensive,100000,MC-A,0,3354500,3252000,3500,0,3245728,17
expensive_long,nearly_sorted,expensive,100000,MC-C,0,3304300,3210100,3200,0,3245792,18
expensive_long,nearly_sorted,expensive,100000,MC-B,0,3450500,3406500,1900,0,1148576,17
expensive_long,nearly_sorted,expensive,100000,MCC-B,0,12615300,3530700,8637600,237900,18928648,20
expensive_long,nearly_sorted,expensive,100000,MC-A-detect,0,3440700,3341400,2600,0,3245728,17
expensive_long,nearly_sorted,expensive,100000,MC-A-detect,1,3367600,3269700,2800,0,3245728,17
expensive_long,nearly_sorted,expensive,100000,MC-C,1,3313500,3196700,4700,0,3245792,18
expensive_long,nearly_sorted,expensive,100000,MCC-B,1,12340000,3444400,8452100,236900,18928648,20
expensive_long,nearly_sorted,expensive,100000,MC-A,1,3473200,3371500,3200,0,3245728,17
expensive_long,nearly_sorted,expensive,100000,MCC-A,1,10929500,3429800,7090200,211400,11145784,20
expensive_long,nearly_sorted,expensive,100000,MC-B,1,3379400,3336300,2300,0,1148576,17
expensive_long,nearly_sorted,expensive,100000,MC-A-detect,2,3356800,3256600,2700,0,3245728,17
expensive_long,nearly_sorted,expensive,100000,MCC-A,2,10827900,3395700,7031400,209000,11145784,20
expensive_long,nearly_sorted,expensive,100000,MC-B,2,3388600,3345800,2900,0,1148576,17
expensive_long,nearly_sorted,expensive,100000,MC-C,2,3349900,3248500,3600,0,3245792,18
expensive_long,nearly_sorted,expensive,100000,MCC-B,2,12409100,3470900,8490800,233900,18928648,20
expensive_long,nearly_sorted,expensive,100000,MC-A,2,3372600,3280100,2500,0,3245728,17
expensive_long,shuffled,expensive,100000,MC-B,0,4631600,4594000,1600,0,1148576,17
expensive_long,shuffled,expensive,100000,MC-C,0,4051800,3946600,3600,0,3245792,18
expensive_long,shuffled,expensive,100000,MCC-A,0,11987500,4243700,7283200,267600,11145784,20
expensive_long,shuffled,expensive,100000,MC-A-detect,0,4212600,4107500,2900,0,3245728,17
expensive_long,shuffled,expensive,100000,MCC-B,0,14323400,4214700,9591600,289900,18928648,20
expensive_long,shuffled,expensive,100000,MC-A,0,4089500,3981000,3700,0,3245728,17
expensive_long,shuffled,expensive,100000,MC-B,1,4684700,4645900,1800,0,1148576,17
expensive_long,shuffled,expensive,100000,MC-A,1,4058500,3956900,3000,0,3245728,17
expensive_long,shuffled,expensive,100000,MCC-A,1,11950200,4153300,7323800,268100,11145784,20
expensive_long,shuffled,expensive,100000,MC-A-detect,1,4030600,3913100,2800,0,3245728,17
expensive_long,shuffled,expensive,100000,MC-C,1,4037900,3935500,3500,0,3245792,18
expensive_long,shuffled,expensive,100000,MCC-B,1,14106700,4328200,9278500,283900,18928648,20
expensive_long,shuffled,expensive,100000,MC-B,2,4617300,4574900,2100,0,1148576,17
expensive_long,shuffled,expensive,100000,MC-A,2,4006600,3895200,3200,0,3245728,17
expensive_long,shuffled,expensive,100000,MCC-B,2,13915800,4126700,9285200,288700,18928648,20
expensive_long,shuffled,expensive,100000,MCC-A,2,11748000,4160300,7117200,270800,11145784,20
expensive_long,shuffled,expensive,100000,MC-A-detect,2,4096600,3994200,3400,0,3245728,17
expensive_long,shuffled,expensive,100000,MC-C,2,4024200,3920900,4100,0,3245792,18
single,sorted,random,1000000,MC-C,0,20306000,10721000,8704800,0,42943040,39
single,sorted,random,1000000,MC-A-detect,0,13365100,10575000,1844500,0,26165824,20
single,sorted,random,1000000,MC-A,0,15466300,11730700,2775400,0,26165824,20
single,sorted,random,1000000,MC-B,0,8687700,6223400,2106100,0,9388608,20
single,sorted,random,1000000,MCC-A,0,26862600,19014500,6564100,59300,34165880,23
single,sorted,random,1000000,MCC-B,0,25563200,14478100,9742900,61000,34165880,23
single,sorted,random,1000000,MC-A,1,13609700,10809700,1873500,0,26165824,20
single,sorted,random,1000000,MC-B,1,7618500,5343000,1933200,0,9388608,20
single,sorted,random,1000000,MCC-B,1,25753500,14522700,9896200,61000,34165880,23
single,sorted,random,1000000,MC-C,1,19697500,10755300,8071300,0,42943040,39
single,sorted,random,1000000,MC-A-detect,1,13254200,10471300,1841500,0,26165824,20
single,sorted,random,1000000,MCC-A,1,23195300,15287800,6595100,61300,34165880,23
single,sorted,random,1000000,MC-C,2,20574400,11310000,8389500,0,42943040,39
single,sorted,random,1000000,MCC-A,2,26972200,18285700,7240800,88500,34165880,23
single,sorted,random,1000000,MC-A-detect,2,18353700,14736000,2460200,0,26165824,20
single,sorted,random,1000000,MC-A,2,15911800,12605300,2222100,0,26165824,20
single,sorted,random,1000000,MCC-B,2,29584800,17771200,10457200,82100,34165880,23
single,sorted,random,1000000,MC-B,2,10383600,6924500,2999500,0,9388608,20
single,nearly_sorted,random,1000000,MC-A,0,13477100,10637700,1905700,0,26165824,20
single,nearly_sorted,random,1000000,MC-A-detect,0,13220700,10378400,1850200,0,26165824,20
single,nearly_sorted,random,1000000,MCC-B,0,25427800,14301100,9809700,64000,34165880,23
single,nearly_sorted,random,1000000,MC-B,0,7845800,5467300,2019000,0,9388608,20
single,nearly_sorted,random,1000000,MCC-A,0,22389800,14640900,6438000,60200,34165880,23
single,nearly_sorted,random,1000000,MC-C,0,20676500,11081200,8714500,0,42943040,39
single,nearly_sorted,random,1000000,MCC-A,1,22879800,14911000,6654000,69800,34165880,23
single,nearly_sorted,random,1000000,MC-B,1,7759800,5383200,1999000,0,9388608,20
single,nearly_sorted,random,1000000,MC-C,1,20429800,11061600,8445000,0,42943040,39
single,nearly_sorted,random,1000000,MC-A-detect,1,18450100,14590300,2821800,0,26165824,20
single,nearly_sorted,random,1000000,MCC-B,1,30723900,19388800,9928200,190700,34165880,23
single,nearly_sorted,random,1000000,MC-A,1,14358300,11414700,2021100,0,26165824,20
single,nearly_sorted,random,1000000,MC-B,2,7854900,5469700,2016500,0,9388608,20
single,nearly_sorted,random,1000000,MC-A-detect,2,14947400,11774300,2142700,0,26165824,20
single,nearly_sorted,random,1000000,MC-C,2,21585200,11860100,8776700,0,42943040,39
single,nearly_sorted,random,1000000,MCC-B,2,26587800,15413400,9865300,64300,34165880,23
single,nearly_sorted,random,1000000,MCC-A,2,22120000,14345200,6450600,61200,34165880,23
single,nearly_sorted,random,1000000,MC-A,2,14025100,11234300,1831000,0,26165824,20
single,shuffled,random,1000000,MC-A-detect,0,13279500,10482600,1876800,0,26165824,20
single,shuffled,random,1000000,MC-A,0,14087100,11288800,1849300,0,26165824,20
single,shuffled,random,1000000,MC-C,0,19586300,10658000,8057300,0,42943040,39
single,shuffled,random,1000000,MCC-A,0,26510400,17936100,7134100,93500,34165880,23
single,shuffled,random,1000000,MCC-B,0,29635200,17734300,10598300,62100,34165880,23
single,shuffled,random,1000000,MC-B,0,7824300,5457600,2015000,0,9388608,20
single,shuffled,random,1000000,MCC-B,1,26022500,14826200,9813000,127900,34165880,23
single,shuffled,random,1000000,MC-B,1,7887000,5493600,2033300,0,9388608,20
single,shuffled,random,1000000,MC-A-detect,1,13622900,10733600,1955400,0,26165824,20
single,shuffled,random,1000000,MCC-A,1,22791500,14950600,6511600,63900,34165880,23
single,shuffled,random,1000000,MC-A,1,14030900,11199200,1885300,0,26165824,20
single,shuffled,random,1000000,MC-C,1,26625000,14351200,11244300,0,42943040,39
single,shuffled,random,1000000,MCC-A,2,28719400,17854700,9121600,68700,34165880,23
single,shuffled,random,1000000,MC-C,2,22722400,13350700,8481100,0,42943040,39
single,shuffled,random,1000000,MC-A-detect,2,13929900,11026400,1929700,0,26165824,20
single,shuffled,random,1000000,MC-B,2,7997500,5667600,1960400,0,9388608,20
single,shuffled,random,1000000,MC-A,2,14427700,11502600,1945100,0,26165824,20
single,shuffled,random,1000000,MCC-B,2,27136000,15644700,10186700,62100,34165880,23
two,sorted,random,1000000,MC-A-detect,0,13598600,10842900,1830500,0,26165824,20
two,sorted,random,1000000,MC-C,0,20696500,10827500,8999900,0,42943040,39
two,sorted,random,1000000,MCC-A,0,26342400,16655100,8283600,81800,34165904,23
two,sorted,random,1000000,MC-B,0,8736100,6317700,2032200,0,9388608,20
two,sorted,random,1000000,MC-A,0,16035000,13175900,1880500,0,26165824,20
two,sorted,random,1000000,MCC-B,0,27525600,14555000,11675800,63200,34165904,23
two,sorted,random,1000000,MC-C,1,20508700,10662400,8969700,0,42943040,39
two,sorted,random,1000000,MC-B,1,7775000,5464100,1951000,0,9388608,20
two,sorted,random,1000000,MC-A-detect,1,13228600,10445400,1833000,0,26165824,20
two,sorted,random,1000000,MCC-A,1,24297200,14796600,8192500,60100,34165904,23
two,sorted,random,1000000,MCC-B,1,27106200,14251600,11540400,63400,34165904,23
two,sorted,random,1000000,MC-A,1,13622600,10837300,1838400,0,26165824,20
two,sorted,random,1000000,MCC-B,2,27657000,14905400,11413700,61000,34165904,23
two,sorted,random,1000000,MC-C,2,22121200,10683200,10513100,0,42943040,39
two,sorted,random,1000000,MCC-A,2,28149300,18477500,8282600,65500,34165904,23
two,sorted,random,1000000,MC-A,2,13531900,10722800,1859500,0,26165824,20
two,sorted,random,1000000,MC-B,2,7567200,5273800,1934100,0,9388608,20
two,sorted,random,1000000,MC-A-detect,2,13200200,10432100,1841200,0,26165824,20
two,nearly_sorted,random,1000000,MC-C,0,20757300,10742100,9119500,0,42943040,39
two,nearly_sorted,random,1000000,MC-B,0,8130500,5715200,2076200,0,9388608,20
two,nearly_sorted,random,1000000,MCC-A,0,24499700,14929700,8145600,183100,34165904,23
two,nearly_sorted,random,1000000,MC-A-detect,0,13409400,10637800,1841400,0,26165824,20
two,nearly_sorted,random,1000000,MCC-B,0,27053000,14264100,11482700,62600,34165904,23
two,nearly_sorted,random,1000000,MC-A,0,14082000,11280900,1851500,0,26165824,20
two,nearly_sorted,random,1000000,MCC-A,1,28151400,17353400,9257600,101300,34165904,23
two,nearly_sorted,random,1000000,MC-C,1,23636900,13782400,8986300,0,42943040,39
two,nearly_sorted,random,1000000,MC-A-detect,1,13949300,11074400,1922000,0,26165824,20
two,nearly_sorted,random,1000000,MC-B,1,7718900,5363300,2000900,0,9388608,20
two,nearly_sorted,random,1000000,MC-A,1,13477700,10684000,1847200,0,26165824,20
two,nearly_sorted,random,1000000,MCC-B,1,27180900,14265200,11602100,64400,34165904,23
two,nearly_sorted,random,1000000,MC-A,2,13726200,10913300,1859000,0,26165824,20
two,nearly_sorted,random,1000000,MC-C,2,20738000,10730400,9122600,0,42943040,39
two,nearly_sorted,random,1000000,MC-B,2,8798900,5816100,2535500,0,9388608,20
two,nearly_sorted,random,1000000,MCC-A,2,24103600,14576100,8204200,63200,34165904,23
two,nearly_sorted,random,1000000,MC-A-detect,2,13317400,10510300,1863100,0,26165824,20
two,nearly_sorted,random,1000000,MCC-B,2,30428200,17491700,11531600,86100,34165904,23
two,shuffled,random,1000000,MC-A,0,44065500,41130500,1965100,0,26165824,20
two,shuffled,random,1000000,MCC-B,0,61344600,48523100,11544300,62100,34165904,23
two,shuffled,random,1000000,MC-A-detect,0,44319600,41452800,1909500,0,26165824,20
two,shuffled,random,1000000,MCC-A,0,56734600,45027100,10078000,83400,34165904,23
two,shuffled,random,1000000,MC-B,0,45259900,42597100,2297700,0,9388608,20
two,shuffled,random,1000000,MC-C,0,51468300,41221700,9361800,0,42943040,39
two,shuffled,random,1000000,MCC-B,1,65879800,53043700,11527400,60800,34165904,23
two,shuffled,random,1000000,MC-C,1,54496700,44163300,9445200,0,42943040,39
two,shuffled,random,1000000,MCC-A,1,55525000,45902600,8302900,62700,34165904,23
two,shuffled,random,1000000,MC-A,1,43758500,40886400,1925500,0,26165824,20
two,shuffled,random,1000000,MC-B,1,45060800,42554400,2154000,0,9388608,20
two,shuffled,random,1000000,MC-A-detect,1,45011100,41850100,2210600,0,26165824,20
two,shuffled,random,1000000,MC-A-detect,2,45902200,42964800,1987600,0,26165824,20
two,shuffled,random,1000000,MCC-A,2,56685900,46932500,8408900,62400,34165904,23
two,shuffled,random,1000000,MC-B,2,45189600,42719700,2114500,0,9388608,20
two,shuffled,random,1000000,MC-C,2,51373700,41104000,9391600,0,42943040,39
two,shuffled,random,1000000,MCC-B,2,62688000,49786000,11618300,61300,34165904,23
two,shuffled,random,1000000,MC-A,2,44175700,41196300,2039300,0,26165824,20
disjoint,sorted,random,1000000,MC-A-detect,0,6413800,5891100,60300,0,13582912,19
disjoint,sorted,random,1000000,MCC-A,0,8514000,7867600,0,0,16582920,19
disjoint,sorted,random,1000000,MC-B,0,3488100,3193600,61700,0,5194304,19
disjoint,sorted,random,1000000,MCC-B,0,8498500,7880200,0,0,16582920,19
disjoint,sorted,random,1000000,MC-A,0,6470100,5869200,63900,0,13582912,19
disjoint,sorted,random,1000000,MC-C,0,6256700,5736300,60100,0,13582976,20
disjoint,sorted,random,1000000,MC-A-detect,1,7513100,6945900,77200,0,13582912,19
disjoint,sorted,random,1000000,MC-C,1,7926800,7362500,84900,0,13582976,20
disjoint,sorted,random,1000000,MC-A,1,7836700,7260100,78700,0,13582912,19
disjoint,sorted,random,1000000,MC-B,1,4540400,4179300,187600,0,5194304,19
disjoint,sorted,random,1000000,MCC-A,1,10926900,10215600,0,0,16582920,19
disjoint,sorted,random,1000000,MCC-B,1,10280400,9616800,0,0,16582920,19
disjoint,sorted,random,1000000,MCC-B,2,9111000,8481500,0,0,16582920,19
disjoint,sorted,random,1000000,MC-B,2,3387000,3160600,62500,0,5194304,19
disjoint,sorted,random,1000000,MC-C,2,6155500,5635400,61800,0,13582976,20
disjoint,sorted,random,1000000,MC-A-detect,2,6118800,5587300,63300,0,13582912,19
disjoint,sorted,random,1000000,MC-A,2,6319400,5799500,62200,0,13582912,19
disjoint,sorted,random,1000000,MCC-A,2,8613500,7991600,0,0,16582920,19
disjoint,nearly_sorted,random,1000000,MC-B,0,22791600,22494000,66700,0,5194304,19
disjoint,nearly_sorted,random,1000000,MC-A-detect,0,27060500,26436000,69700,0,13582912,19
disjoint,nearly_sorted,random,1000000,MC-C,0,29256000,28593500,67700,0,13582976,20
disjoint,nearly_sorted,random,1000000,MCC-B,0,29316700,28651300,0,0,16582920,19
disjoint,nearly_sorted,random,1000000,MCC-A,0,26217400,25557800,0,0,16582920,19
disjoint,nearly_sorted,random,1000000,MC-A,0,19964500,19415600,66200,0,13582912,19
disjoint,nearly_sorted,random,1000000,MCC-B,1,21655800,21017300,0,0,16582920,19
disjoint,nearly_sorted,random,1000000,MC-A,1,19356800,18816000,64500,0,13582912,19
disjoint,nearly_sorted,random,1000000,MCC-A,1,21730300,21104200,0,0,16582920,19
disjoint,nearly_sorted,random,1000000,MC-C,1,19457700,18908900,65500,0,13582976,20
disjoint,nearly_sorted,random,1000000,MC-B,1,19666900,19422900,63200,0,5194304,19
disjoint,nearly_sorted,random,1000000,MC-A-detect,1,19270000,18727900,64600,0,13582912,19
disjoint,nearly_sorted,random,1000000,MCC-B,2,21972900,21344500,0,0,16582920,19
disjoint,nearly_sorted,random,1000000,MCC-A,2,22606600,21965100,0,0,16582920,19
disjoint,nearly_sorted,random,1000000,MC-C,2,19386000,18830800,65400,0,13582976,20
disjoint,nearly_sorted,random,1000000,MC-A-detect,2,19413700,18858100,62900,0,13582912,19
disjoint,nearly_sorted,random,1000000,MC-A,2,19778100,19225400,62400,0,13582912,19
disjoint,nearly_sorted,random,1000000,MC-B,2,19605800,19345200,70600,0,5194304,19
disjoint,shuffled,random,1000000,MC-C,0,26049600,25485100,61500,0,13582976,20
disjoint,shuffled,random,1000000,MC-B,0,31577800,31335300,62600,0,5194304,19
disjoint,shuffled,random,1000000,MC-A,0,25915200,25397500,62100,0,13582912,19
disjoint,shuffled,random,1000000,MC-A-detect,0,25953600,25434400,61800,0,13582912,19
disjoint,shuffled,random,1000000,MCC-B,0,28598500,27965800,0,0,16582920,19
disjoint,shuffled,random,1000000,MCC-A,0,28685900,28062700,0,0,16582920,19
disjoint,shuffled,random,1000000,MC-A-detect,1,27505700,26939400,69100,0,13582912,19
disjoint,shuffled,random,1000000,MCC-B,1,29203800,28564000,0,0,16582920,19
disjoint,shuffled,random,1000000,MC-B,1,31776200,31521300,65100,0,5194304,19
disjoint,shuffled,random,1000000,MCC-A,1,28855900,28232700,0,0,16582920,19
disjoint,shuffled,random,1000000,MC-C,1,26380900,25845500,67300,0,13582976,20
disjoint,shuffled,random,1000000,MC-A,1,27189400,26601900,88300,0,13582912,19
disjoint,shuffled,random,1000000,MC-C,2,34341900,33694900,82800,0,13582976,20
disjoint,shuffled,random,1000000,MCC-B,2,30688000,30050900,0,0,16582920,19
disjoint,shuffled,random,1000000,MCC-A,2,33124400,32329000,0,0,16582920,19
disjoint,shuffled,random,1000000,MC-A,2,30559600,29999200,66000,0,13582912,19
disjoint,shuffled,random,1000000,MC-B,2,33225700,32984300,62700,0,5194304,19
disjoint,shuffled,random,1000000,MC-A-detect,2,26126500,25594900,62600,0,13582912,19
chain,sorted,random,1000000,MCC-B,0,114600600,16529500,93454600,2571800,157829152,23
chain,sorted,random,1000000,MC-B,0,8060800,5313900,2398200,0,9388608,20
chain,sorted,random,1000000,MC-C,0,17078000,10773500,5372700,0,26165888,21
chain,sorted,random,1000000,MCC-A,0,101826700,14523100,82758600,2460200,105165952,23
chain,sorted,random,1000000,MC-A,0,13864000,10864100,2014800,0,26165824,20
chain,sorted,random,1000000,MC-A-detect,0,16891500,13507700,2381600,0,26165824,20
chain,sorted,random,1000000,MCC-B,1,119221600,20795100,92981900,2781900,157829152,23
chain,sorted,random,1000000,MCC-A,1,102099200,15408000,82157100,2460300,105165952,23
chain,sorted,random,1000000,MC-B,1,8049600,5324100,2379200,0,9388608,20
chain,sorted,random,1000000,MC-A,1,13704400,10780000,1981600,0,26165824,20
chain,sorted,random,1000000,MC-A-detect,1,14114300,11205600,1969300,0,26165824,20
chain,sorted,random,1000000,MC-C,1,19839600,13339100,5513600,0,26165888,21
chain,sorted,random,1000000,MC-C,2,20320000,13980800,5344500,0,26165888,21
chain,sorted,random,1000000,MCC-B,2,105924300,14426200,86797800,2653300,157829152,23
chain,sorted,random,1000000,MC-A-detect,2,13456400,10539100,1985000,0,26165824,20
chain,sorted,random,1000000,MCC-A,2,100984500,14420400,82044500,2498500,105165952,23
chain,sorted,random,1000000,MC-B,2,8461500,5595000,2520400,0,9388608,20
chain,sorted,random,1000000,MC-A,2,16736700,13311500,2475400,0,26165824,20
chain,nearly_sorted,random,1000000,MCC-A,0,129778900,42760900,82326000,2598300,105165952,23
chain,nearly_sorted,random,1000000,MC-B,0,43331900,40373200,2576400,0,9388608,20
chain,nearly_sorted,random,1000000,MC-C,0,45767700,39392400,5406700,0,26165888,21
chain,nearly_sorted,random,1000000,MC-A-detect,0,44116900,39545600,3621500,0,26165824,20
chain,nearly_sorted,random,1000000,MC-A,0,46618600,42057300,3450900,0,26165824,20
chain,nearly_sorted,random,1000000,MCC-B,0,137637000,43329400,89665200,2571300,157829152,23
chain,nearly_sorted,random,1000000,MC-A,1,43010500,39345200,2715600,0,26165824,20
chain,nearly_sorted,random,1000000,MC-C,1,45809000,39490800,5360600,0,26165888,21
chain,nearly_sorted,random,1000000,MC-A-detect,1,43598900,40254500,2406900,0,26165824,20
chain,nearly_sorted,random,1000000,MCC-B,1,135348700,43510100,87136000,2595400,157829152,23
chain,nearly_sorted,random,1000000,MC-B,1,43030200,40023200,2647500,0,9388608,20
chain,nearly_sorted,random,1000000,MCC-A,1,130064400,43194000,82377200,2448200,105165952,23
chain,nearly_sorted,random,1000000,MC-A-detect,2,43786300,40202900,2609400,0,26165824,20
chain,nearly_sorted,random,1000000,MC-B,2,42575300,39778100,2445000,0,9388608,20
chain,nearly_sorted,random,1000000,MCC-B,2,155805500,51812600,99364400,2561500,157829152,23
chain,nearly_sorted,random,1000000,MC-A,2,43721900,40060800,2693500,0,26165824,20
chain,nearly_sorted,random,1000000,MCC-A,2,131729200,44209800,83057400,2436800,105165952,23
chain,nearly_sorted,random,1000000,MC-C,2,46035200,39501400,5584100,0,26165888,21
chain,shuffled,random,1000000,MC-C,0,58407800,49961500,7494900,0,26165888,21
chain,shuffled,random,1000000,MC-B,0,84177100,59292200,24537500,0,9388608,20
chain,shuffled,random,1000000,MCC-B,0,201686100,50705200,145171500,3724200,157829152,23
chain,shuffled,random,1000000,MC-A,0,50070900,45949100,3163700,0,26165824,20
chain,shuffled,random,1000000,MC-A-detect,0,50330400,46312000,3047700,0,26165824,20
chain,shuffled,random,1000000,MCC-A,0,186548600,50208500,130361600,3833700,105165952,23
chain,shuffled,random,1000000,MCC-B,1,209386100,53854700,149716200,3698600,157829152,23
chain,shuffled,random,1000000,MC-C,1,54841900,46784900,7087800,0,26165888,21
chain,shuffled,random,1000000,MC-B,1,82065200,57547400,24152800,0,9388608,20
chain,shuffled,random,1000000,MCC-A,1,188947100,50263700,133055200,3534900,105165952,23
chain,shuffled,random,1000000,MC-A,1,49937900,45876600,3092600,0,26165824,20
chain,shuffled,random,1000000,MC-A-detect,1,53359900,49056000,3268300,0,26165824,20
chain,shuffled,random,1000000,MC-B,2,91145800,59157500,31646600,0,9388608,20
chain,shuffled,random,1000000,MC-A-detect,2,55060000,50970400,3064400,0,26165824,20
chain,shuffled,random,1000000,MC-A,2,50525900,46482200,3087600,0,26165824,20
chain,shuffled,random,1000000,MC-C,2,54522600,46466200,7100400,0,26165888,21
chain,shuffled,random,1000000,MCC-A,2,188081000,50475700,131920100,3597000,105165952,23
chain,shuffled,random,1000000,MCC-B,2,205326700,50051400,149720400,3449500,157829152,23
dense,sorted,equal,1000000,MC-A,0,12750700,10542800,1245700,0,26165824,20
dense,sorted,equal,1000000,MC-B,0,7274800,5364200,1571800,0,9388608,20
dense,sorted,equal,1000000,MCC-B,0,219491900,14336300,203294600,60400,151829176,23
dense,sorted,equal,1000000,MCC-A,0,102256900,14600900,85815800,60300,87166024,23
dense,sorted,equal,1000000,MC-C,0,31095000,10559700,19652600,0,42943040,39
dense,sorted,equal,1000000,MC-A-detect,0,12724800,10485800,1247000,0,26165824,20
dense,sorted,equal,1000000,MCC-B,1,221053000,14440600,204762500,60800,151829176,23
dense,sorted,equal,1000000,MC-A,1,12935800,10691600,1299900,0,26165824,20
dense,sorted,equal,1000000,MCC-A,1,102446500,14442800,86127600,60400,87166024,23
dense,sorted,equal,1000000,MC-B,1,7139000,5353000,1438700,0,9388608,20
dense,sorted,equal,1000000,MC-C,1,31554500,10741600,19936500,0,42943040,39
dense,sorted,equal,1000000,MC-A-detect,1,13250200,11034100,1263500,0,26165824,20
dense,sorted,equal,1000000,MCC-B,2,228212600,17154700,209193400,61400,151829176,23
dense,sorted,equal,1000000,MC-A-detect,2,12645700,10421200,1281100,0,26165824,20
dense,sorted,equal,1000000,MC-B,2,7086500,5257600,1486400,0,9388608,20
dense,sorted,equal,1000000,MCC-A,2,102296400,14744200,85698300,60100,87166024,23
dense,sorted,equal,1000000,MC-C,2,31417300,10728600,19807100,0,42943040,39
dense,sorted,equal,1000000,MC-A,2,13163200,10893800,1256700,0,26165824,20
dense,nearly_sorted,equal,1000000,MC-C,0,62906100,41464100,20504500,0,42943040,39
dense,nearly_sorted,equal,1000000,MC-A,0,46714100,44080100,1670700,0,26165824,20
dense,nearly_sorted,equal,1000000,MCC-B,0,250828400,44467400,204445400,65700,151829176,23
dense,nearly_sorted,equal,1000000,MC-B,0,42756400,40815400,1605700,0,9388608,20
dense,nearly_sorted,equal,1000000,MCC-A,0,162147700,53086400,107080200,63000,87166024,23
dense,nearly_sorted,equal,1000000,MC-A-detect,0,53477300,50637600,1738200,0,26165824,20
dense,nearly_sorted,equal,1000000,MC-A,1,44347100,41757400,1625500,0,26165824,20
dense,nearly_sorted,equal,1000000,MC-B,1,43085700,41026600,1693600,0,9388608,20
dense,nearly_sorted,equal,1000000,MCC-A,1,132497600,43726600,86904900,60700,87166024,23
dense,nearly_sorted,equal,1000000,MC-A-detect,1,43340200,40841300,1540100,0,26165824,20
dense,nearly_sorted,equal,1000000,MC-C,1,62180700,41035600,20230100,0,42943040,39
dense,nearly_sorted,equal,1000000,MCC-B,1,263135100,58130700,203174800,62900,151829176,23
dense,nearly_sorted,equal,1000000,MC-A-detect,2,41613900,39235900,1425900,0,26165824,20
dense,nearly_sorted,equal,1000000,MCC-A,2,130655000,43155400,85671000,61900,87166024,23
dense,nearly_sorted,equal,1000000,MCC-B,2,262267400,42963300,217425700,63900,151829176,23
dense,nearly_sorted,equal,1000000,MC-C,2,61022000,40095900,20041400,0,42943040,39
dense,nearly_sorted,equal,1000000,MC-B,2,42226900,40366100,1518700,0,9388608,20
dense,nearly_sorted,equal,1000000,MC-A,2,41794600,39377700,1464300,0,26165824,20
dense,shuffled,equal,1000000,MCC-A,0,214000200,49988000,162200200,62300,87166024,23
dense,shuffled,equal,1000000,MC-A-detect,0,46826800,44400000,1478400,0,26165824,20
dense,shuffled,equal,1000000,MCC-B,0,349098000,50106800,297143700,61800,151829176,23
dense,shuffled,equal,1000000,MC-B,0,64249900,53386900,10498000,0,9388608,20
dense,shuffled,equal,1000000,MC-C,0,63286800,44124800,18287200,0,42943040,39
dense,shuffled,equal,1000000,MC-A,0,46510700,44107100,1462100,0,26165824,20
dense,shuffled,equal,1000000,MC-C,1,63818000,44299200,18613900,0,42943040,39
dense,shuffled,equal,1000000,MC-A,1,47952900,45444700,1553000,0,26165824,20
dense,shuffled,equal,1000000,MCC-B,1,361676800,51513300,308323200,71200,151829176,23
dense,shuffled,equal,1000000,MCC-A,1,239486700,50660600,186662600,79000,87166024,23
dense,shuffled,equal,1000000,MC-B,1,102464300,85617500,16427900,0,9388608,20
dense,shuffled,equal,1000000,MC-A-detect,1,64666500,62215100,1490300,0,26165824,20
dense,shuffled,equal,1000000,MC-C,2,65568600,45761400,18944300,0,42943040,39
dense,shuffled,equal,1000000,MC-B,2,64722100,53745200,10620300,0,9388608,20
dense,shuffled,equal,1000000,MC-A-detect,2,47041300,44639200,1459700,0,26165824,20
dense,shuffled,equal,1000000,MCC-A,2,208919700,51037800,156081600,61600,87166024,23
dense,shuffled,equal,1000000,MCC-B,2,347604600,49863700,295852800,60700,151829176,23
dense,shuffled,equal,1000000,MC-A,2,47633100,45192500,1480900,0,26165824,20
dense,sorted,zero,1000000,MC-A,0,13152400,10838600,1379300,0,26165824,20
dense,sorted,zero,1000000,MCC-B,0,224693800,15153800,207544100,170000,151829176,23
dense,sorted,zero,1000000,MC-B,0,7493500,5593500,1555900,0,9388608,20
dense,sorted,zero,1000000,MC-C,0,31548000,10957400,19710000,0,42943040,39
dense,sorted,zero,1000000,MCC-A,0,112214300,18428900,91946800,62400,87166024,23
dense,sorted,zero,1000000,MC-A-detect,0,12694300,10452000,1313200,0,26165824,20
dense,sorted,zero,1000000,MC-A-detect,1,12690500,10435600,1310800,0,26165824,20
dense,sorted,zero,1000000,MC-C,1,31306000,10626400,19809700,0,42943040,39
dense,sorted,zero,1000000,MCC-A,1,112931800,16054600,94735600,68800,87166024,23
dense,sorted,zero,1000000,MC-B,1,10019500,7336800,2275900,0,9388608,20
dense,sorted,zero,1000000,MC-A,1,14608200,12397300,1268500,0,26165824,20
dense,sorted,zero,1000000,MCC-B,1,230515000,14759000,213914600,61400,151829176,23
dense,sorted,zero,1000000,MC-A,2,13164800,10923300,1308900,0,26165824,20
dense,sorted,zero,1000000,MC-A-detect,2,13448400,10699100,1606400,0,26165824,20
dense,sorted,zero,1000000,MCC-A,2,109833000,15625100,92381800,61800,87166024,23
dense,sorted,zero,1000000,MC-B,2,7508400,5575100,1540800,0,9388608,20
dense,sorted,zero,1000000,MCC-B,2,223830900,15235500,206726000,60000,151829176,23
dense,sorted,zero,1000000,MC-C,2,31292600,10599700,19785000,0,42943040,39
dense,nearly_sorted,zero,1000000,MC-A,0,41386800,39045000,1379300,0,26165824,20
dense,nearly_sorted,zero,1000000,MCC-B,0,254537900,44874400,207770200,60600,151829176,23
dense,nearly_sorted,zero,1000000,MC-A-detect,0,42835900,40408100,1479300,0,26165824,20
dense,nearly_sorted,zero,1000000,MC-C,0,62957100,40255400,21779100,0,42943040,39
dense,nearly_sorted,zero,1000000,MCC-A,0,149899100,51380500,96266500,162300,87166024,23
dense,nearly_sorted,zero,1000000,MC-B,0,42792300,40774100,1674000,0,9388608,20
dense,nearly_sorted,zero,1000000,MCC-B,1,253220100,43215600,208087300,61800,151829176,23
dense,nearly_sorted,zero,1000000,MCC-A,1,140897700,44417500,94638000,61900,87166024,23
dense,nearly_sorted,zero,1000000,MC-B,1,41899900,39983800,1544500,0,9388608,20
dense,nearly_sorted,zero,1000000,MC-A,1,41978100,39484000,1539300,0,26165824,20
dense,nearly_sorted,zero,1000000,MC-C,1,64857600,44173600,19810000,0,42943040,39
dense,nearly_sorted,zero,1000000,MC-A-detect,1,41813900,39413900,1437400,0,26165824,20
dense,nearly_sorted,zero,1000000,MCC-B,2,253699000,43177600,208590400,64400,151829176,23
dense,nearly_sorted,zero,1000000,MC-C,2,87237800,57071700,29162600,0,42943040,39
dense,nearly_sorted,zero,1000000,MC-A,2,44453300,42080800,1427100,0,26165824,20
dense,nearly_sorted,zero,1000000,MC-A-detect,2,41943300,39568300,1416400,0,26165824,20
dense,nearly_sorted,zero,1000000,MC-B,2,42987000,41080200,1565200,0,9388608,20
dense,nearly_sorted,zero,1000000,MCC-A,2,136106600,43608200,90682900,62000,87166024,23
dense,shuffled,zero,1000000,MC-B,0,70671400,59189700,11122900,0,9388608,20
dense,shuffled,zero,1000000,MCC-B,0,362651700,50563800,310258800,61400,151829176,23
dense,shuffled,zero,1000000,MC-C,0,72559500,53539100,18145000,0,42943040,39
dense,shuffled,zero,1000000,MCC-A,0,225045100,51342900,171880200,60900,87166024,23
dense,shuffled,zero,1000000,MC-A,0,47207800,44692100,1536300,0,26165824,20
dense,shuffled,zero,1000000,MC-A-detect,0,47542800,45129300,1447800,0,26165824,20
dense,shuffled,zero,1000000,MC-A,1,48158400,45706700,1510200,0,26165824,20
dense,shuffled,zero,1000000,MCC-A,1,219312800,50166100,167346000,60400,87166024,23
dense,shuffled,zero,1000000,MC-B,1,65370300,53448200,11563700,0,9388608,20
dense,shuffled,zero,1000000,MCC-B,1,363217800,54213600,307170700,61500,151829176,23
dense,shuffled,zero,1000000,MC-A-detect,1,47805300,45438300,1413200,0,26165824,20
dense,shuffled,zero,1000000,MC-C,1,64597600,45112100,18589900,0,42943040,39
dense,shuffled,zero,1000000,MCC-A,2,223066600,51798300,169363900,70400,87166024,23
dense,shuffled,zero,1000000,MC-A-detect,2,47215000,44835000,1419800,0,26165824,20
dense,shuffled,zero,1000000,MC-B,2,64436200,53411100,10671000,0,9388608,20
dense,shuffled,zero,1000000,MC-C,2,67720100,48660800,18177100,0,42943040,39
dense,shuffled,zero,1000000,MCC-B,2,356248900,50755100,303613800,63600,151829176,23
dense,shuffled,zero,1000000,MC-A,2,48008100,45147300,1862200,0,26165824,20
dense,sorted,random,1000000,MC-A,0,15432900,13041200,1435700,0,26165824,20
dense,sorted,random,1000000,MC-B,0,7475300,5623700,1494400,0,9388608,20
dense,sorted,random,1000000,MCC-A,0,117400200,14933500,100627900,61100,87166024,23
dense,sorted,random,1000000,MC-A-detect,0,12674200,10452400,1282900,0,26165824,20
dense,sorted,random,1000000,MC-C,0,31396200,10608300,19898700,0,42943040,39
dense,sorted,random,1000000,MCC-B,0,251365700,16972100,232434000,60500,151829176,23
dense,sorted,random,1000000,MC-B,1,8515100,6619500,1542800,0,9388608,20
dense,sorted,random,1000000,MCC-A,1,118116900,14840900,101414500,61500,87166024,23
dense,sorted,random,1000000,MC-A,1,12861700,10664400,1270100,0,26165824,20
dense,sorted,random,1000000,MCC-B,1,237920800,14668100,221409100,61900,151829176,23
dense,sorted,random,1000000,MC-C,1,31144400,10587100,19692500,0,42943040,39
dense,sorted,random,1000000,MC-A-detect,1,12659900,10453800,1255100,0,26165824,20
dense,sorted,random,1000000,MCC-A,2,111039000,14413300,94790500,62600,87166024,23
dense,sorted,random,1000000,MCC-B,2,239220700,14381500,222980100,62400,151829176,23
dense,sorted,random,1000000,MC-B,2,7091900,5284400,1457200,0,9388608,20
dense,sorted,random,1000000,MC-A,2,12943800,10680900,1312100,0,26165824,20
dense,sorted,random,1000000,MC-A-detect,2,12770400,10423400,1394400,0,26165824,20
dense,sorted,random,1000000,MC-C,2,31200500,10560000,19752000,0,42943040,39
dense,nearly_sorted,random,1000000,MC-A-detect,0,48939300,46487700,1516900,0,26165824,20
dense,nearly_sorted,random,1000000,MC-B,0,42199100,40273900,1564500,0,9388608,20
dense,nearly_sorted,random,1000000,MCC-B,0,290932500,43057900,246019900,61700,151829176,23
dense,nearly_sorted,random,1000000,MC-C,0,60341900,39411000,20060000,0,42943040,39
dense,nearly_sorted,random,1000000,MC-A,0,42639300,40232100,1442600,0,26165824,20
dense,nearly_sorted,random,1000000,MCC-A,0,145113800,43553200,99729600,63000,87166024,23
dense,nearly_sorted,random,1000000,MC-C,1,60080900,39160200,20016200,0,42943040,39
dense,nearly_sorted,random,1000000,MCC-B,1,271357000,47735500,221791800,61600,151829176,23
dense,nearly_sorted,random,1000000,MC-B,1,41814400,39904200,1538500,0,9388608,20
dense,nearly_sorted,random,1000000,MCC-A,1,139910200,43074100,95021300,61300,87166024,23
dense,nearly_sorted,random,1000000,MC-A-detect,1,42018300,39579400,1501900,0,26165824,20
dense,nearly_sorted,random,1000000,MC-A,1,42360500,39521100,1848900,0,26165824,20
dense,nearly_sorted,random,1000000,MCC-A,2,149125600,51695500,95559700,69800,87166024,23
dense,nearly_sorted,random,1000000,MC-C,2,61132100,39902100,20341300,0,42943040,39
dense,nearly_sorted,random,1000000,MC-A-detect,2,43197100,40780700,1460600,0,26165824,20
dense,nearly_sorted,random,1000000,MC-B,2,42241600,40351400,1515900,0,9388608,20
dense,nearly_sorted,random,1000000,MCC-B,2,268445300,44738100,221838200,61300,151829176,23
dense,nearly_sorted,random,1000000,MC-A,2,41582400,39213200,1403500,0,26165824,20
dense,shuffled,random,1000000,MC-C,0,67396200,48346900,18176900,0,42943040,39
dense,shuffled,random,1000000,MC-A,0,47815300,45426500,1449700,0,26165824,20
dense,shuffled,random,1000000,MCC-B,0,367621500,50078200,315715400,60600,151829176,23
dense,shuffled,random,1000000,MC-A-detect,0,47222000,44723100,1545400,0,26165824,20
dense,shuffled,random,1000000,MCC-A,0,224914000,50280000,172783100,62200,87166024,23
dense,shuffled,random,1000000,MC-B,0,65271600,53658500,11253000,0,9388608,20
dense,shuffled,random,1000000,MCC-A,1,227618700,49627300,176089200,63000,87166024,23
dense,shuffled,random,1000000,MCC-B,1,407499300,52981200,352666300,62200,151829176,23
dense,shuffled,random,1000000,MC-C,1,64239100,44602400,18744600,0,42943040,39
dense,shuffled,random,1000000,MC-A,1,47483500,45064700,1459500,0,26165824,20
dense,shuffled,random,1000000,MC-A-detect,1,47870900,45423600,1503800,0,26165824,20
dense,shuffled,random,1000000,MC-B,1,65372600,53882100,11110000,0,9388608,20
dense,shuffled,random,1000000,MC-C,2,63616200,44393200,18344600,0,42943040,39
dense,shuffled,random,1000000,MC-B,2,65675900,54112600,11193500,0,9388608,20
dense,shuffled,random,1000000,MCC-A,2,226498500,53155300,171424300,171400,87166024,23
dense,shuffled,random,1000000,MC-A-detect,2,47092300,44642100,1507200,0,26165824,20
dense,shuffled,random,1000000,MC-A,2,47048300,44554400,1565200,0,26165824,20
dense,shuffled,random,1000000,MCC-B,2,389628500,50213300,337585900,60600,151829176,23
dense,sorted,skewed,1000000,MC-A-detect,0,13150600,10904100,1270100,0,26165824,20
dense,sorted,skewed,1000000,MC-A,0,12946000,10750700,1259600,0,26165824,20
dense,sorted,skewed,1000000,MC-C,0,33667800,11840900,20907400,0,42943040,39
dense,sorted,skewed,1000000,MC-B,0,8505100,6501800,1617500,0,9388608,20
dense,sorted,skewed,1000000,MCC-A,0,105702600,15769700,88045800,63000,87166024,23
dense,sorted,skewed,1000000,MCC-B,0,219487700,14604200,203056600,61800,151829176,23
dense,sorted,skewed,1000000,MC-A-detect,1,13276600,10944800,1380600,0,26165824,20
dense,sorted,skewed,1000000,MC-B,1,7646100,5796500,1496900,0,9388608,20
dense,sorted,skewed,1000000,MC-A,1,13953800,11632400,1383900,0,26165824,20
dense,sorted,skewed,1000000,MC-C,1,31899100,11209700,19816100,0,42943040,39
dense,sorted,skewed,1000000,MCC-B,1,219226600,14910100,202447900,97000,151829176,23
dense,sorted,skewed,1000000,MCC-A,1,101830500,14559900,85435300,65900,87166024,23
dense,sorted,skewed,1000000,MC-A,2,13049200,10835000,1271900,0,26165824,20
dense,sorted,skewed,1000000,MCC-B,2,220447400,14559700,204071100,60200,151829176,23
dense,sorted,skewed,1000000,MC-C,2,34085200,13074400,20092200,0,42943040,39
dense,sorted,skewed,1000000,MC-B,2,8119900,6226100,1530200,0,9388608,20
dense,sorted,skewed,1000000,MCC-A,2,113761800,15096200,96428500,203900,87166024,23
dense,sorted,skewed,1000000,MC-A-detect,2,15309600,12851700,1387400,0,26165824,20
dense,nearly_sorted,skewed,1000000,MC-B,0,45411600,43458700,1588100,0,9388608,20
dense,nearly_sorted,skewed,1000000,MC-A,0,43328800,40524600,1705600,0,26165824,20
dense,nearly_sorted,skewed,1000000,MC-C,0,71429400,50052200,20461800,0,42943040,39
dense,nearly_sorted,skewed,1000000,MC-A-detect,0,45244500,42622300,1687700,0,26165824,20
dense,nearly_sorted,skewed,1000000,MCC-B,0,254353600,44363200,208143600,61600,151829176,23
dense,nearly_sorted,skewed,1000000,MCC-A,0,132130700,43866500,86395500,61600,87166024,23
dense,nearly_sorted,skewed,1000000,MCC-A,1,130641700,43014200,85802000,61800,87166024,23
dense,nearly_sorted,skewed,1000000,MC-C,1,59859200,39128700,19859900,0,42943040,39
dense,nearly_sorted,skewed,1000000,MC-A-detect,1,42168300,39804600,1383600,0,26165824,20
dense,nearly_sorted,skewed,1000000,MCC-B,1,252929900,43316800,207754200,62900,151829176,23
dense,nearly_sorted,skewed,1000000,MC-B,1,47222800,45288200,1559700,0,9388608,20
dense,nearly_sorted,skewed,1000000,MC-A,1,41860700,39270200,1581100,0,26165824,20
dense,nearly_sorted,skewed,1000000,MC-C,2,60628900,39852800,19898700,0,42943040,39
dense,nearly_sorted,skewed,1000000,MC-A-detect,2,41854900,39486200,1425500,0,26165824,20
dense,nearly_sorted,skewed,1000000,MCC-A,2,130738800,43124600,85779200,61000,87166024,23
dense,nearly_sorted,skewed,1000000,MC-A,2,42398800,39953400,1491800,0,26165824,20
dense,nearly_sorted,skewed,1000000,MC-B,2,42669000,40710200,1567400,0,9388608,20
dense,nearly_sorted,skewed,1000000,MCC-B,2,247369100,43268700,202264600,60800,151829176,23
dense,shuffled,skewed,1000000,MC-B,0,64287300,53172300,10755800,0,9388608,20
dense,shuffled,skewed,1000000,MC-A,0,49933600,47314900,1595700,0,26165824,20
dense,shuffled,skewed,1000000,MCC-B,0,363147400,50940600,310281100,61600,151829176,23
dense,shuffled,skewed,1000000,MC-A-detect,0,46433100,43941800,1545500,0,26165824,20
dense,shuffled,skewed,1000000,MCC-A,0,208582400,50678900,156082000,61700,87166024,23
dense,shuffled,skewed,1000000,MC-C,0,63642900,44252300,18532000,0,42943040,39
dense,shuffled,skewed,1000000,MCC-A,1,210497400,50268800,158385000,61800,87166024,23
dense,shuffled,skewed,1000000,MC-B,1,63635700,52779300,10497700,0,9388608,20
dense,shuffled,skewed,1000000,MC-C,1,66456100,43980100,21519500,0,42943040,39
dense,shuffled,skewed,1000000,MC-A-detect,1,65126800,61755900,2262400,0,26165824,20
dense,shuffled,skewed,1000000,MC-A,1,66232700,63302200,1861800,0,26165824,20
dense,shuffled,skewed,1000000,MCC-B,1,365949300,67722400,296408500,60600,151829176,23
dense,shuffled,skewed,1000000,MC-B,2,64782200,53636900,10782700,0,9388608,20
dense,shuffled,skewed,1000000,MCC-A,2,216728700,50218900,164681500,60900,87166024,23
dense,shuffled,skewed,1000000,MC-A-detect,2,46499900,44111900,1422900,0,26165824,20
dense,shuffled,skewed,1000000,MCC-B,2,357266200,50438800,304964700,64200,151829176,23
dense,shuffled,skewed,1000000,MC-A,2,46744200,44258200,1429900,0,26165824,20
dense,shuffled,skewed,1000000,MC-C,2,64126100,44993800,18261000,0,42943040,39
dense,sorted,different_duplicates,1000000,MC-A,0,12728400,10541100,1250600,0,26165824,20
dense,sorted,different_duplicates,1000000,MCC-A,0,103619900,14205900,87593800,61700,87166024,23
dense,sorted,different_duplicates,1000000,MCC-B,0,230304000,14518400,213949900,63200,151829176,23
dense,sorted,different_duplicates,1000000,MC-C,0,31093900,10609000,19622700,0,42943040,39
dense,sorted,different_duplicates,1000000,MC-B,0,7109600,5326300,1440800,0,9388608,20
dense,sorted,different_duplicates,1000000,MC-A-detect,0,13006700,10780300,1295500,0,26165824,20
dense,sorted,different_duplicates,1000000,MC-A-detect,1,12968100,10648000,1368500,0,26165824,20
dense,sorted,different_duplicates,1000000,MC-A,1,13204300,10986500,1269900,0,26165824,20
dense,sorted,different_duplicates,1000000,MCC-B,1,247654000,14624300,231118600,66400,151829176,23
dense,sorted,different_duplicates,1000000,MC-C,1,32190400,11193300,20117300,0,42943040,39
dense,sorted,different_duplicates,1000000,MC-B,1,7808500,5771000,1684700,0,9388608,20
dense,sorted,different_duplicates,1000000,MCC-A,1,110297700,15679500,92603300,183400,87166024,23
dense,sorted,different_duplicates,1000000,MCC-B,2,229582200,14680400,213063300,62100,151829176,23
dense,sorted,different_duplicates,1000000,MCC-A,2,103990200,14329900,87804000,60400,87166024,23
dense,sorted,different_duplicates,1000000,MC-A-detect,2,13292600,10665800,1652700,0,26165824,20
dense,sorted,different_duplicates,1000000,MC-C,2,39708000,14534100,24296300,0,42943040,39
dense,sorted,different_duplicates,1000000,MC-A,2,13185000,10974500,1279500,0,26165824,20
dense,sorted,different_duplicates,1000000,MC-B,2,7227100,5354600,1532100,0,9388608,20
dense,nearly_sorted,different_duplicates,1000000,MC-C,0,61388300,39920500,20559100,0,42943040,39
dense,nearly_sorted,different_duplicates,1000000,MC-B,0,43449800,41522600,1568200,0,9388608,20
dense,nearly_sorted,different_duplicates,1000000,MCC-A,0,148601900,49466400,97284300,61100,87166024,23
dense,nearly_sorted,different_duplicates,1000000,MC-A,0,41969800,39518300,1483300,0,26165824,20
dense,nearly_sorted,different_duplicates,1000000,MC-A-detect,0,41943100,39546900,1445300,0,26165824,20
dense,nearly_sorted,different_duplicates,1000000,MCC-B,0,255918000,43297200,210778600,61000,151829176,23
dense,nearly_sorted,different_duplicates,1000000,MC-B,1,42044100,40202300,1491300,0,9388608,20
dense,nearly_sorted,different_duplicates,1000000,MCC-B,1,256006000,43525800,210614800,61800,151829176,23
dense,nearly_sorted,different_duplicates,1000000,MCC-A,1,133455600,43661300,87953600,61500,87166024,23
dense,nearly_sorted,different_duplicates,1000000,MC-A,1,41477000,39117800,1406300,0,26165824,20
dense,nearly_sorted,different_duplicates,1000000,MC-C,1,62354500,39283600,22019500,0,42943040,39
dense,nearly_sorted,different_duplicates,1000000,MC-A-detect,1,46221200,43437900,1763900,0,26165824,20
dense,nearly_sorted,different_duplicates,1000000,MC-C,2,60970000,40121600,19967000,0,42943040,39
dense,nearly_sorted,different_duplicates,1000000,MC-A-detect,2,42351700,39978800,1411700,0,26165824,20
dense,nearly_sorted,different_duplicates,1000000,MCC-A,2,133454400,43365400,88261100,66500,87166024,23
dense,nearly_sorted,different_duplicates,1000000,MCC-B,2,258310800,43858300,212625400,59700,151829176,23
dense,nearly_sorted,different_duplicates,1000000,MC-A,2,41145900,38821000,1378800,0,26165824,20
dense,nearly_sorted,different_duplicates,1000000,MC-B,2,41821100,39945800,1529000,0,9388608,20
dense,shuffled,different_duplicates,1000000,MCC-A,0,227077800,54706200,170284100,68300,87166024,23
dense,shuffled,different_duplicates,1000000,MC-B,0,65867500,54145500,11363700,0,9388608,20
dense,shuffled,different_duplicates,1000000,MC-C,0,63905800,44790500,18236800,0,42943040,39
dense,shuffled,different_duplicates,1000000,MC-A,0,47013900,44620500,1453500,0,26165824,20
dense,shuffled,different_duplicates,1000000,MCC-B,0,352330600,50336400,300119500,60800,151829176,23
dense,shuffled,different_duplicates,1000000,MC-A-detect,0,46957800,44583700,1428600,0,26165824,20
dense,shuffled,different_duplicates,1000000,MC-B,1,65249100,54008200,10884500,0,9388608,20
dense,shuffled,different_duplicates,1000000,MCC-A,1,213229700,49735900,161681200,61900,87166024,23
dense,shuffled,different_duplicates,1000000,MCC-B,1,377338800,50690900,324771800,63200,151829176,23
dense,shuffled,different_duplicates,1000000,MC-A-detect,1,46587100,44048300,1510800,0,26165824,20
dense,shuffled,different_duplicates,1000000,MC-A,1,47197700,44805500,1420800,0,26165824,20
dense,shuffled,different_duplicates,1000000,MC-C,1,64015600,44787600,18360600,0,42943040,39
dense,shuffled,different_duplicates,1000000,MC-A,2,47056100,44496300,1566000,0,26165824,20
dense,shuffled,different_duplicates,1000000,MC-B,2,64479000,53446800,10672900,0,9388608,20
dense,shuffled,different_duplicates,1000000,MC-A-detect,2,46654500,44256600,1453500,0,26165824,20
dense,shuffled,different_duplicates,1000000,MCC-A,2,214324800,52898200,159599200,61100,87166024,23
dense,shuffled,different_duplicates,1000000,MC-C,2,63072500,43902700,18277000,0,42943040,39
dense,shuffled,different_duplicates,1000000,MCC-B,2,367651400,50064400,315754200,62100,151829176,23
dense,sorted,expensive,1000000,MC-C,0,31960300,10918400,20152600,0,42943040,39
dense,sorted,expensive,1000000,MC-A-detect,0,16213500,13554100,1689500,0,26165824,20
dense,sorted,expensive,1000000,MC-B,0,8261600,6311100,1583400,0,9388608,20
dense,sorted,expensive,1000000,MC-A,0,14329600,12141400,1248700,0,26165824,20
dense,sorted,expensive,1000000,MCC-B,0,219627900,14357400,203395000,65600,151829176,23
dense,sorted,expensive,1000000,MCC-A,0,104751800,16179500,86759200,59700,87166024,23
dense,sorted,expensive,1000000,MCC-A,1,101832200,14439800,85550800,60800,87166024,23
dense,sorted,expensive,1000000,MCC-B,1,223006600,15383700,205789800,60100,151829176,23
dense,sorted,expensive,1000000,MC-C,1,31923800,10990600,20057000,0,42943040,39
dense,sorted,expensive,1000000,MC-A-detect,1,12930000,10687500,1285000,0,26165824,20
dense,sorted,expensive,1000000,MC-B,1,7141000,5322900,1443600,0,9388608,20
dense,sorted,expensive,1000000,MC-A,1,12961500,10680500,1343900,0,26165824,20
dense,sorted,expensive,1000000,MCC-A,2,102442900,14521700,86083000,60300,87166024,23
dense,sorted,expensive,1000000,MCC-B,2,228176000,18536300,207782100,61900,151829176,23
dense,sorted,expensive,1000000,MC-A-detect,2,12640800,10392200,1305000,0,26165824,20
dense,sorted,expensive,1000000,MC-C,2,31293900,10691200,19724600,0,42943040,39
dense,sorted,expensive,1000000,MC-B,2,7134000,5332600,1459100,0,9388608,20
dense,sorted,expensive,1000000,MC-A,2,15071200,12506400,1600600,0,26165824,20
dense,nearly_sorted,expensive,1000000,MC-B,0,41523900,39663100,1502500,0,9388608,20
dense,nearly_sorted,expensive,1000000,MC-A,0,41790100,39428600,1416000,0,26165824,20
dense,nearly_sorted,expensive,1000000,MC-A-detect,0,42801600,40263700,1571100,0,26165824,20
dense,nearly_sorted,expensive,1000000,MC-C,0,62734100,40149100,21511800,0,42943040,39
dense,nearly_sorted,expensive,1000000,MCC-B,0,287625400,60153100,225599200,66200,151829176,23
dense,nearly_sorted,expensive,1000000,MCC-A,0,133485200,43965600,87667200,61200,87166024,23
dense,nearly_sorted,expensive,1000000,MCC-A,1,131850400,43353400,86630600,62400,87166024,23
dense,nearly_sorted,expensive,1000000,MC-B,1,42201900,40289500,1553400,0,9388608,20
dense,nearly_sorted,expensive,1000000,MC-A-detect,1,41614300,39285100,1383800,0,26165824,20
dense,nearly_sorted,expensive,1000000,MC-A,1,45521900,43070900,1517800,0,26165824,20
dense,nearly_sorted,expensive,1000000,MCC-B,1,250685400,42999500,205879100,62100,151829176,23
dense,nearly_sorted,expensive,1000000,MC-C,1,61337300,39220900,21158000,0,42943040,39
dense,nearly_sorted,expensive,1000000,MC-C,2,63796200,42929600,20005900,0,42943040,39
dense,nearly_sorted,expensive,1000000,MCC-B,2,256329100,52472100,201958500,62300,151829176,23
dense,nearly_sorted,expensive,1000000,MC-A-detect,2,41800400,39436300,1354600,0,26165824,20
dense,nearly_sorted,expensive,1000000,MCC-A,2,132183000,43801900,86463100,62400,87166024,23
dense,nearly_sorted,expensive,1000000,MC-B,2,42771600,40842300,1576200,0,9388608,20
dense,nearly_sorted,expensive,1000000,MC-A,2,43016000,40487100,1563000,0,26165824,20
dense,shuffled,expensive,1000000,MC-A-detect,0,49547200,47077100,1534900,0,26165824,20
dense,shuffled,expensive,1000000,MC-C,0,63259700,44121400,18260800,0,42943040,39
dense,shuffled,expensive,1000000,MCC-B,0,352976700,50013500,301150100,61100,151829176,23
dense,shuffled,expensive,1000000,MCC-A,0,213631400,54249000,157557400,62300,87166024,23
dense,shuffled,expensive,1000000,MC-B,0,63962300,53227200,10379400,0,9388608,20
dense,shuffled,expensive,1000000,MC-A,0,46266200,43852800,1460200,0,26165824,20
dense,shuffled,expensive,1000000,MC-C,1,64233500,44488200,18850200,0,42943040,39
dense,shuffled,expensive,1000000,MCC-A,1,213912900,50716100,161389400,61800,87166024,23
dense,shuffled,expensive,1000000,MC-B,1,63974300,53370100,10242300,0,9388608,20
dense,shuffled,expensive,1000000,MC-A-detect,1,46393900,43911800,1529600,0,26165824,20
dense,shuffled,expensive,1000000,MCC-B,1,395544900,51759700,341934000,64000,151829176,23
dense,shuffled,expensive,1000000,MC-A,1,47565400,45181400,1439700,0,26165824,20
dense,shuffled,expensive,1000000,MCC-A,2,214944400,51209400,161473600,66700,87166024,23
dense,shuffled,expensive,1000000,MCC-B,2,349931400,56247400,291873800,61100,151829176,23
dense,shuffled,expensive,1000000,MC-C,2,63659700,43869700,18885800,0,42943040,39
dense,shuffled,expensive,1000000,MC-B,2,82063900,68334500,13332700,0,9388608,20
dense,shuffled,expensive,1000000,MC-A-detect,2,60629800,58285600,1372400,0,26165824,20
dense,shuffled,expensive,1000000,MC-A,2,47600200,45140300,1526500,0,26165824,20
dense,sorted,ties,1000000,MC-A-detect,0,12793900,10529600,1318600,0,26165824,20
dense,sorted,ties,1000000,MC-B,0,7051400,5240700,1444900,0,9388608,20
dense,sorted,ties,1000000,MC-C,0,32098400,11106800,20072300,0,42943040,39
dense,sorted,ties,1000000,MCC-A,0,110441800,19402900,89196700,62800,87166024,23
dense,sorted,ties,1000000,MC-A,0,13325800,11100400,1295600,0,26165824,20
dense,sorted,ties,1000000,MCC-B,0,235627500,15207100,218591600,61700,151829176,23
dense,sorted,ties,1000000,MC-A-detect,1,12691800,10510200,1257300,0,26165824,20
dense,sorted,ties,1000000,MC-C,1,31701600,11064900,19687700,0,42943040,39
dense,sorted,ties,1000000,MC-B,1,7260000,5405000,1501200,0,9388608,20
dense,sorted,ties,1000000,MCC-A,1,103631300,14680900,87105900,61500,87166024,23
dense,sorted,ties,1000000,MC-A,1,13176400,10924800,1257900,0,26165824,20
dense,sorted,ties,1000000,MCC-B,1,238681600,19052900,217800600,62300,151829176,23
dense,sorted,ties,1000000,MC-A-detect,2,12791400,10580900,1286900,0,26165824,20
dense,sorted,ties,1000000,MC-C,2,31673800,11130900,19675200,0,42943040,39
dense,sorted,ties,1000000,MC-B,2,7260300,5381800,1527600,0,9388608,20
dense,sorted,ties,1000000,MC-A,2,13281900,11022600,1251000,0,26165824,20
dense,sorted,ties,1000000,MCC-A,2,103304400,14917900,86534500,62400,87166024,23
dense,sorted,ties,1000000,MCC-B,2,226235000,14283400,210125300,59700,151829176,23
dense,nearly_sorted,ties,1000000,MC-A-detect,0,42503500,40024800,1535100,0,26165824,20
dense,nearly_sorted,ties,1000000,MC-B,0,42939300,40921400,1634000,0,9388608,20
dense,nearly_sorted,ties,1000000,MC-C,0,65307500,44207200,20218700,0,42943040,39
dense,nearly_sorted,ties,1000000,MCC-A,0,139393600,48368400,88934500,62900,87166024,23
dense,nearly_sorted,ties,1000000,MCC-B,0,258206600,45482200,210752100,61200,151829176,23
dense,nearly_sorted,ties,1000000,MC-A,0,42732700,40110900,1519900,0,26165824,20
dense,nearly_sorted,ties,1000000,MCC-B,1,254553800,43937100,208785600,60700,151829176,23
dense,nearly_sorted,ties,1000000,MC-A,1,42095100,39671600,1482900,0,26165824,20
dense,nearly_sorted,ties,1000000,MC-B,1,41730000,39789800,1575000,0,9388608,20
dense,nearly_sorted,ties,1000000,MCC-A,1,135139900,43250700,90036900,60700,87166024,23
dense,nearly_sorted,ties,1000000,MC-A-detect,1,41825200,39469000,1416300,0,26165824,20
dense,nearly_sorted,ties,1000000,MC-C,1,60375500,39172400,20294800,0,42943040,39
dense,nearly_sorted,ties,1000000,MCC-A,2,160812100,56199900,102738000,61900,87166024,23
dense,nearly_sorted,ties,1000000,MCC-B,2,255003200,42901400,210306000,60500,151829176,23
dense,nearly_sorted,ties,1000000,MC-A,2,42387000,40057900,1388600,0,26165824,20
dense,nearly_sorted,ties,1000000,MC-A-detect,2,41997500,39587900,1447800,0,26165824,20
dense,nearly_sorted,ties,1000000,MC-B,2,42030500,40047100,1539300,0,9388608,20
dense,nearly_sorted,ties,1000000,MC-C,2,60241200,39357200,20026900,0,42943040,39
dense,shuffled,ties,1000000,MC-A,0,49636900,47148100,1561300,0,26165824,20
dense,shuffled,ties,1000000,MC-C,0,63674400,44210200,18594400,0,42943040,39
dense,shuffled,ties,1000000,MCC-B,0,359418400,50482700,307094600,60400,151829176,23
dense,shuffled,ties,1000000,MC-A-detect,0,47372300,44942700,1503200,0,26165824,20
dense,shuffled,ties,1000000,MC-B,0,64403700,53644300,10410700,0,9388608,20
dense,shuffled,ties,1000000,MCC-A,0,211863000,50225600,159834800,62300,87166024,23
dense,shuffled,ties,1000000,MCC-B,1,349156300,49967200,297374300,60700,151829176,23
dense,shuffled,ties,1000000,MCC-A,1,282634800,53729600,227074800,63100,87166024,23
dense,shuffled,ties,1000000,MC-A-detect,1,47302200,44914900,1422600,0,26165824,20
dense,shuffled,ties,1000000,MC-C,1,63842300,44687700,18251800,0,42943040,39
dense,shuffled,ties,1000000,MC-B,1,64450800,53706100,10378400,0,9388608,20
dense,shuffled,ties,1000000,MC-A,1,47025000,44600300,1476300,0,26165824,20
dense,shuffled,ties,1000000,MCC-A,2,218697500,53170600,163698100,59800,87166024,23
dense,shuffled,ties,1000000,MCC-B,2,350853900,49869100,299168400,61900,151829176,23
dense,shuffled,ties,1000000,MC-C,2,81445900,54655600,25791500,0,42943040,39
dense,shuffled,ties,1000000,MC-A,2,57570900,54949400,1572000,0,26165824,20
dense,shuffled,ties,1000000,MC-A-detect,2,47469300,45028000,1476600,0,26165824,20
dense,shuffled,ties,1000000,MC-B,2,66497600,55886600,10243900,0,9388608,20
nested,sorted,random,1000000,MCC-A,0,20345100,14483100,4562800,62300,34165880,23
nested,sorted,random,1000000,MC-C,0,12168500,11187400,64000,0,26165888,21
nested,sorted,random,1000000,MC-B,0,6080000,5649000,74900,0,9388608,20
nested,sorted,random,1000000,MC-A-detect,0,15069200,13983200,85200,0,26165824,20
nested,sorted,random,1000000,MCC-B,0,25485600,18761600,5345900,100000,34165880,23
nested,sorted,random,1000000,MC-A,0,12364000,11258900,182100,0,26165824,20
nested,sorted,random,1000000,MC-C,1,12230300,11126900,185400,0,26165888,21
nested,sorted,random,1000000,MC-A-detect,1,11425200,10436900,64300,0,26165824,20
nested,sorted,random,1000000,MCC-B,1,20964500,14306600,5301000,67200,34165880,23
nested,sorted,random,1000000,MC-A,1,11686500,10699600,62600,0,26165824,20
nested,sorted,random,1000000,MC-B,1,5730100,5355800,59300,0,9388608,20
nested,sorted,random,1000000,MCC-A,1,20221500,14446800,4477600,66600,34165880,23
nested,sorted,random,1000000,MC-B,2,5751400,5375200,60200,0,9388608,20
nested,sorted,random,1000000,MCC-B,2,21595600,15027800,5255700,62500,34165880,23
nested,sorted,random,1000000,MC-A-detect,2,11526600,10530200,63200,0,26165824,20
nested,sorted,random,1000000,MC-A,2,12962100,11912700,81800,0,26165824,20
nested,sorted,random,1000000,MCC-A,2,24546100,18522900,4581900,118800,34165880,23
nested,sorted,random,1000000,MC-C,2,13836100,12813900,69600,0,26165888,21
nested,nearly_sorted,random,1000000,MC-A-detect,0,53000800,51846200,80200,0,26165824,20
nested,nearly_sorted,random,1000000,MC-C,0,58950300,57801200,88200,0,26165888,21
nested,nearly_sorted,random,1000000,MC-B,0,43219700,42805900,68200,0,9388608,20
nested,nearly_sorted,random,1000000,MCC-B,0,21295700,14724300,5269900,67500,34165880,23
nested,nearly_sorted,random,1000000,MC-A,0,40018600,38990300,74400,0,26165824,20
nested,nearly_sorted,random,1000000,MCC-A,0,21193000,15302700,4524000,64200,34165880,23
nested,nearly_sorted,random,1000000,MCC-B,1,20840800,14320700,5231900,65800,34165880,23
nested,nearly_sorted,random,1000000,MC-A,1,40265900,39242500,74700,0,26165824,20
nested,nearly_sorted,random,1000000,MCC-A,1,21493400,15670000,4495400,68300,34165880,23
nested,nearly_sorted,random,1000000,MC-A-detect,1,41453500,40430900,73800,0,26165824,20
nested,nearly_sorted,random,1000000,MC-B,1,41754500,41345100,67400,0,9388608,20
nested,nearly_sorted,random,1000000,MC-C,1,40987600,39867400,103500,0,26165888,21
nested,nearly_sorted,random,1000000,MC-C,2,46785900,45699200,73700,0,26165888,21
nested,nearly_sorted,random,1000000,MC-B,2,44966500,44506100,84900,0,9388608,20
nested,nearly_sorted,random,1000000,MC-A-detect,2,40339600,39281800,77400,0,26165824,20
nested,nearly_sorted,random,1000000,MC-A,2,40414900,39352900,75200,0,26165824,20
nested,nearly_sorted,random,1000000,MCC-B,2,22719800,14873200,6386600,67000,34165880,23
nested,nearly_sorted,random,1000000,MCC-A,2,25828000,17988000,6332300,76400,34165880,23
nested,shuffled,random,1000000,MC-A-detect,0,53531400,52494500,70600,0,26165824,20
nested,shuffled,random,1000000,MC-B,0,58814100,58392300,71200,0,9388608,20
nested,shuffled,random,1000000,MCC-B,0,21100000,14661200,5118400,84300,34165880,23
nested,shuffled,random,1000000,MC-C,0,47491700,46458600,77000,0,26165888,21
nested,shuffled,random,1000000,MC-A,0,47585900,46595500,73700,0,26165824,20
nested,shuffled,random,1000000,MCC-A,0,21106100,15276100,4524100,63500,34165880,23
nested,shuffled,random,1000000,MC-A-detect,1,47360800,46285200,71500,0,26165824,20
nested,shuffled,random,1000000,MC-A,1,52465700,51429800,77400,0,26165824,20
nested,shuffled,random,1000000,MCC-A,1,20602700,14749000,4550400,64800,34165880,23
nested,shuffled,random,1000000,MC-C,1,47417000,46388000,75900,0,26165888,21
nested,shuffled,random,1000000,MC-B,1,58643000,58227000,70400,0,9388608,20
nested,shuffled,random,1000000,MCC-B,1,21189400,14734400,5158500,69600,34165880,23
nested,shuffled,random,1000000,MC-C,2,47084600,46046300,77100,0,26165888,21
nested,shuffled,random,1000000,MC-B,2,58527900,58108000,67600,0,9388608,20
nested,shuffled,random,1000000,MCC-A,2,21306500,15378700,4512200,199800,34165880,23
nested,shuffled,random,1000000,MC-A-detect,2,47408100,46372300,77400,0,26165824,20
nested,shuffled,random,1000000,MCC-B,2,21677100,15026300,5282400,66500,34165880,23
nested,shuffled,random,1000000,MC-A,2,49918300,48902100,68300,0,26165824,20
duplicates,sorted,equal,1000000,MC-A,0,14056100,11111900,1977700,0,26165824,20
duplicates,sorted,equal,1000000,MCC-B,0,28901100,15505700,11762000,76700,34165904,23
duplicates,sorted,equal,1000000,MC-A-detect,0,14728300,11851500,1909800,0,26165824,20
duplicates,sorted,equal,1000000,MC-B,0,8149500,5644600,2144800,0,9388608,20
duplicates,sorted,equal,1000000,MC-C,0,22347500,11723000,9706700,0,42943040,39
duplicates,sorted,equal,1000000,MCC-A,0,24807400,15378200,8092300,62800,34165904,23
duplicates,sorted,equal,1000000,MC-A-detect,1,13425600,10636700,1841200,0,26165824,20
duplicates,sorted,equal,1000000,MC-A,1,16007200,12880900,2168700,0,26165824,20
duplicates,sorted,equal,1000000,MC-C,1,25842400,13889200,11013400,0,42943040,39
duplicates,sorted,equal,1000000,MCC-B,1,27889000,15308400,11292400,61800,34165904,23
duplicates,sorted,equal,1000000,MC-B,1,7699500,5343700,1978700,0,9388608,20
duplicates,sorted,equal,1000000,MCC-A,1,23873600,14424900,8127900,63800,34165904,23
duplicates,sorted,equal,1000000,MCC-A,2,24445500,15063200,8032500,60800,34165904,23
duplicates,sorted,equal,1000000,MC-A,2,13583100,10772700,1865700,0,26165824,20
duplicates,sorted,equal,1000000,MC-A-detect,2,13329000,10539000,1836800,0,26165824,20
duplicates,sorted,equal,1000000,MC-B,2,7927000,5668700,1906100,0,9388608,20
duplicates,sorted,equal,1000000,MCC-B,2,27520300,14667700,11467300,73800,34165904,23
duplicates,sorted,equal,1000000,MC-C,2,20690900,10794700,9026300,0,42943040,39
duplicates,nearly_sorted,equal,1000000,MC-C,0,21250900,10719500,9654100,0,42943040,39
duplicates,nearly_sorted,equal,1000000,MC-A,0,14946400,11823400,2155800,0,26165824,20
duplicates,nearly_sorted,equal,1000000,MCC-B,0,30966300,18453900,11211000,68500,34165904,23
duplicates,nearly_sorted,equal,1000000,MCC-A,0,23637100,14303400,8030100,62300,34165904,23
duplicates,nearly_sorted,equal,1000000,MC-A-detect,0,13262200,10441400,1852900,0,26165824,20
duplicates,nearly_sorted,equal,1000000,MC-B,0,7557000,5295100,1903200,0,9388608,20
duplicates,nearly_sorted,equal,1000000,MCC-B,1,26864900,14253300,11311300,62300,34165904,23
duplicates,nearly_sorted,equal,1000000,MC-A,1,13520000,10713600,1865500,0,26165824,20
duplicates,nearly_sorted,equal,1000000,MC-C,1,20673600,10777700,9027200,0,42943040,39
duplicates,nearly_sorted,equal,1000000,MCC-A,1,24072300,14851700,7912900,61700,34165904,23
duplicates,nearly_sorted,equal,1000000,MC-B,1,8089000,5743000,1996800,0,9388608,20
duplicates,nearly_sorted,equal,1000000,MC-A-detect,1,13390400,10523600,1842100,0,26165824,20
duplicates,nearly_sorted,equal,1000000,MCC-A,2,27681800,18214400,8004800,113100,34165904,23
duplicates,nearly_sorted,equal,1000000,MC-A-detect,2,14442400,11654800,1854000,0,26165824,20
duplicates,nearly_sorted,equal,1000000,MC-A,2,13886500,11000200,1929500,0,26165824,20
duplicates,nearly_sorted,equal,1000000,MC-C,2,21088400,11145800,9044600,0,42943040,39
duplicates,nearly_sorted,equal,1000000,MCC-B,2,28019500,15509800,11193200,66200,34165904,23
duplicates,nearly_sorted,equal,1000000,MC-B,2,7845000,5502300,1977300,0,9388608,20
duplicates,shuffled,equal,1000000,MC-A,0,44230700,41310500,1980000,0,26165824,20
duplicates,shuffled,equal,1000000,MC-C,0,59426800,49473600,9058700,0,42943040,39
duplicates,shuffled,equal,1000000,MCC-B,0,59129800,46441500,11396900,61400,34165904,23
duplicates,shuffled,equal,1000000,MC-A-detect,0,44068300,41141400,1950300,0,26165824,20
duplicates,shuffled,equal,1000000,MC-B,0,44832900,42341700,2134100,0,9388608,20
duplicates,shuffled,equal,1000000,MCC-A,0,55343400,45873300,8171700,61400,34165904,23
duplicates,shuffled,equal,1000000,MC-C,1,51526100,41339900,9268500,0,42943040,39
duplicates,shuffled,equal,1000000,MC-A,1,44298900,41321000,1987900,0,26165824,20
duplicates,shuffled,equal,1000000,MCC-B,1,59131400,46280300,11533600,63100,34165904,23
duplicates,shuffled,equal,1000000,MC-A-detect,1,47413400,44525800,1938000,0,26165824,20
duplicates,shuffled,equal,1000000,MCC-A,1,54771400,45315900,8126600,63200,34165904,23
duplicates,shuffled,equal,1000000,MC-B,1,50392600,47761000,2151700,0,9388608,20
duplicates,shuffled,equal,1000000,MCC-A,2,59278500,49024200,8860500,63200,34165904,23
duplicates,shuffled,equal,1000000,MC-A-detect,2,45729200,42735600,2037100,0,26165824,20
duplicates,shuffled,equal,1000000,MC-C,2,51701200,41362700,9445200,0,42943040,39
duplicates,shuffled,equal,1000000,MCC-B,2,58332000,45552900,11448600,62400,34165904,23
duplicates,shuffled,equal,1000000,MC-B,2,44857400,42298100,2197000,0,9388608,20
duplicates,shuffled,equal,1000000,MC-A,2,44557100,41563400,2061100,0,26165824,20
duplicates,sorted,zero,1000000,MCC-A,0,26519200,14692300,10490800,62900,34165904,23
duplicates,sorted,zero,1000000,MCC-B,0,29637000,14693900,13653300,62600,34165904,23
duplicates,sorted,zero,1000000,MC-C,0,24164900,12822300,10399200,0,42943040,39
duplicates,sorted,zero,1000000,MC-A,0,16520600,13504200,2015600,0,26165824,20
duplicates,sorted,zero,1000000,MC-A-detect,0,13339800,10520900,1896800,0,26165824,20
duplicates,sorted,zero,1000000,MC-B,0,7635500,5294900,1961200,0,9388608,20
duplicates,sorted,zero,1000000,MC-A-detect,1,13386100,10498600,1926600,0,26165824,20
duplicates,sorted,zero,1000000,MC-C,1,20696800,10727800,9037600,0,42943040,39
duplicates,sorted,zero,1000000,MCC-A,1,26166900,14449400,10397800,61800,34165904,23
duplicates,sorted,zero,1000000,MC-B,1,7601400,5295100,1956700,0,9388608,20
duplicates,sorted,zero,1000000,MC-A,1,13788000,10993700,1841200,0,26165824,20
duplicates,sorted,zero,1000000,MCC-B,1,29825500,14831200,13682400,62300,34165904,23
duplicates,sorted,zero,1000000,MC-C,2,21395200,11026100,9444500,0,42943040,39
duplicates,sorted,zero,1000000,MC-A-detect,2,17044700,13681300,2402900,0,26165824,20
duplicates,sorted,zero,1000000,MC-A,2,16962700,13709600,2203600,0,26165824,20
duplicates,sorted,zero,1000000,MC-B,2,8251900,5976800,1915000,0,9388608,20
duplicates,sorted,zero,1000000,MCC-B,2,29310500,14296300,13694400,63000,34165904,23
duplicates,sorted,zero,1000000,MCC-A,2,26285200,14456300,10519900,64300,34165904,23
duplicates,nearly_sorted,zero,1000000,MC-B,0,8361100,5882000,2134400,0,9388608,20
duplicates,nearly_sorted,zero,1000000,MC-A-detect,0,13878000,11080300,1852000,0,26165824,20
duplicates,nearly_sorted,zero,1000000,MC-C,0,21718700,11402400,9413900,0,42943040,39
duplicates,nearly_sorted,zero,1000000,MCC-B,0,32375700,17154800,13818400,97500,34165904,23
duplicates,nearly_sorted,zero,1000000,MCC-A,0,30197700,17589100,11078800,74400,34165904,23
duplicates,nearly_sorted,zero,1000000,MC-A,0,14916200,12066800,1905500,0,26165824,20
duplicates,nearly_sorted,zero,1000000,MC-A,1,14034900,11114000,1964100,0,26165824,20
duplicates,nearly_sorted,zero,1000000,MC-B,1,7688600,5354500,1985000,0,9388608,20
duplicates,nearly_sorted,zero,1000000,MCC-A,1,26514600,14560300,10629400,66700,34165904,23
duplicates,nearly_sorted,zero,1000000,MC-A-detect,1,13860400,10933400,1978900,0,26165824,20
duplicates,nearly_sorted,zero,1000000,MCC-B,1,29562400,14574100,13685400,61100,34165904,23
duplicates,nearly_sorted,zero,1000000,MC-C,1,21191900,11273300,9038800,0,42943040,39
duplicates,nearly_sorted,zero,1000000,MC-C,2,22507000,11008800,10542000,0,42943040,39
duplicates,nearly_sorted,zero,1000000,MC-A,2,16912300,13594900,2334900,0,26165824,20
duplicates,nearly_sorted,zero,1000000,MCC-B,2,31711200,16673200,13674300,63900,34165904,23
duplicates,nearly_sorted,zero,1000000,MC-A-detect,2,13403400,10581900,1867300,0,26165824,20
duplicates,nearly_sorted,zero,1000000,MC-B,2,7752700,5389100,2019900,0,9388608,20
duplicates,nearly_sorted,zero,1000000,MCC-A,2,26223800,14396700,10476000,62700,34165904,23
duplicates,shuffled,zero,1000000,MCC-B,0,63504900,46444100,15732900,61300,34165904,23
duplicates,shuffled,zero,1000000,MCC-A,0,78936700,63428100,14000600,87900,34165904,23
duplicates,shuffled,zero,1000000,MC-A-detect,0,62435100,58843100,2392000,0,26165824,20
duplicates,shuffled,zero,1000000,MC-B,0,54296800,51739400,2191500,0,9388608,20
duplicates,shuffled,zero,1000000,MC-A,0,44547100,41630200,1937100,0,26165824,20
duplicates,shuffled,zero,1000000,MC-C,0,52323400,41626500,9742000,0,42943040,39
duplicates,shuffled,zero,1000000,MC-A,1,44671200,41755400,1948900,0,26165824,20
duplicates,shuffled,zero,1000000,MCC-A,1,58378400,46433200,10589600,62500,34165904,23
duplicates,shuffled,zero,1000000,MC-B,1,44885400,42304300,2217400,0,9388608,20
duplicates,shuffled,zero,1000000,MC-A-detect,1,44593200,41490300,2140200,0,26165824,20
duplicates,shuffled,zero,1000000,MCC-B,1,69635800,52552400,15658700,66800,34165904,23
duplicates,shuffled,zero,1000000,MC-C,1,51551500,41414400,9260800,0,42943040,39
duplicates,shuffled,zero,1000000,MC-B,2,44736900,42258400,2125400,0,9388608,20
duplicates,shuffled,zero,1000000,MC-A-detect,2,43990700,41085700,1954800,0,26165824,20
duplicates,shuffled,zero,1000000,MCC-A,2,58469800,45826500,11062200,63400,34165904,23
duplicates,shuffled,zero,1000000,MCC-B,2,62587100,47420400,13859200,61800,34165904,23
duplicates,shuffled,zero,1000000,MC-C,2,52308800,41786300,9657900,0,42943040,39
duplicates,shuffled,zero,1000000,MC-A,2,44405100,41449900,2010000,0,26165824,20
duplicates,sorted,random,1000000,MC-A-detect,0,13428900,10571900,1859000,0,26165824,20
duplicates,sorted,random,1000000,MC-A,0,13932100,11110400,1825100,0,26165824,20
duplicates,sorted,random,1000000,MCC-A,0,26124600,16511500,8222700,83500,34165904,23
duplicates,sorted,random,1000000,MC-B,0,8792300,6264800,2098100,0,9388608,20
duplicates,sorted,random,1000000,MCC-B,0,29682500,16724300,11545900,192500,34165904,23
duplicates,sorted,random,1000000,MC-C,0,20889000,10885900,9120400,0,42943040,39
duplicates,sorted,random,1000000,MCC-B,1,27824300,15086500,11409200,66300,34165904,23
duplicates,sorted,random,1000000,MC-A,1,14661100,11532900,2172400,0,26165824,20
duplicates,sorted,random,1000000,MC-B,1,8041400,5734900,1957400,0,9388608,20
duplicates,sorted,random,1000000,MC-C,1,22368900,11784400,9619300,0,42943040,39
duplicates,sorted,random,1000000,MCC-A,1,25642500,15955400,8371600,62000,34165904,23
duplicates,sorted,random,1000000,MC-A-detect,1,13923600,11140400,1848200,0,26165824,20
duplicates,sorted,random,1000000,MC-B,2,7771900,5449800,1968100,0,9388608,20
duplicates,sorted,random,1000000,MCC-B,2,31155400,18089700,11632900,90900,34165904,23
duplicates,sorted,random,1000000,MC-A-detect,2,15711000,12782800,1982400,0,26165824,20
duplicates,sorted,random,1000000,MCC-A,2,24644900,14758500,8540900,62300,34165904,23
duplicates,sorted,random,1000000,MC-A,2,13887100,10968400,1974300,0,26165824,20
duplicates,sorted,random,1000000,MC-C,2,20878500,10906900,9097300,0,42943040,39
duplicates,nearly_sorted,random,1000000,MC-B,0,8003700,5522800,2035800,0,9388608,20
duplicates,nearly_sorted,random,1000000,MCC-B,0,27372900,14650500,11408200,62400,34165904,23
duplicates,nearly_sorted,random,1000000,MC-A-detect,0,13248800,10480200,1833600,0,26165824,20
duplicates,nearly_sorted,random,1000000,MC-C,0,23735800,13325100,9503600,0,42943040,39
duplicates,nearly_sorted,random,1000000,MCC-A,0,28088200,16328400,10468700,61700,34165904,23
duplicates,nearly_sorted,random,1000000,MC-A,0,13849700,11009700,1876000,0,26165824,20
duplicates,nearly_sorted,random,1000000,MC-A,1,15642600,12419200,2225700,0,26165824,20
duplicates,nearly_sorted,random,1000000,MCC-B,1,31339600,18439900,11503200,64000,34165904,23
duplicates,nearly_sorted,random,1000000,MC-A-detect,1,13238400,10468600,1817000,0,26165824,20
duplicates,nearly_sorted,random,1000000,MCC-A,1,23916100,14436300,8172000,62600,34165904,23
duplicates,nearly_sorted,random,1000000,MC-C,1,20827500,10896900,9057300,0,42943040,39
duplicates,nearly_sorted,random,1000000,MC-B,1,7727800,5408600,1952400,0,9388608,20
duplicates,nearly_sorted,random,1000000,MC-A-detect,2,13344900,10536500,1853000,0,26165824,20
duplicates,nearly_sorted,random,1000000,MC-B,2,7538800,5278300,1910200,0,9388608,20
duplicates,nearly_sorted,random,1000000,MC-C,2,20716800,10760800,9068200,0,42943040,39
duplicates,nearly_sorted,random,1000000,MC-A,2,17691900,14546300,2163400,0,26165824,20
duplicates,nearly_sorted,random,1000000,MCC-A,2,29862700,19793100,8776500,63200,34165904,23
duplicates,nearly_sorted,random,1000000,MCC-B,2,27238900,14507000,11432500,61100,34165904,23
duplicates,shuffled,random,1000000,MC-A,0,44693700,41779500,1968000,0,26165824,20
duplicates,shuffled,random,1000000,MCC-A,0,55981400,46299800,8353900,74600,34165904,23
duplicates,shuffled,random,1000000,MC-C,0,51331100,41085700,9363100,0,42943040,39
duplicates,shuffled,random,1000000,MC-A-detect,0,44456300,41476800,2001800,0,26165824,20
duplicates,shuffled,random,1000000,MC-B,0,45312000,42707000,2205100,0,9388608,20
duplicates,shuffled,random,1000000,MCC-B,0,58904800,46063100,11532700,61800,34165904,23
duplicates,shuffled,random,1000000,MCC-B,1,58578300,45509200,11661700,61100,34165904,23
duplicates,shuffled,random,1000000,MC-A,1,54490200,51552100,1970800,0,26165824,20
duplicates,shuffled,random,1000000,MC-B,1,50286000,46777400,3105200,0,9388608,20
duplicates,shuffled,random,1000000,MC-A-detect,1,64238600,60649200,2509800,0,26165824,20
duplicates,shuffled,random,1000000,MC-C,1,72698400,59625500,11968700,0,42943040,39
duplicates,shuffled,random,1000000,MCC-A,1,76961800,63840700,11492600,69600,34165904,23
duplicates,shuffled,random,1000000,MC-B,2,62079800,58548400,3040000,0,9388608,20
duplicates,shuffled,random,1000000,MC-A,2,58369300,54879200,2372800,0,26165824,20
duplicates,shuffled,random,1000000,MC-C,2,56468500,45898100,9682600,0,42943040,39
duplicates,shuffled,random,1000000,MCC-A,2,56864800,47107100,8444800,63200,34165904,23
duplicates,shuffled,random,1000000,MC-A-detect,2,44766500,41732700,2074600,0,26165824,20
duplicates,shuffled,random,1000000,MCC-B,2,64265200,51207700,11723300,65000,34165904,23
duplicates,sorted,skewed,1000000,MC-C,0,20722400,10733100,9114800,0,42943040,39
duplicates,sorted,skewed,1000000,MC-A,0,13794700,10966500,1851500,0,26165824,20
duplicates,sorted,skewed,1000000,MCC-B,0,27801800,14886700,11612800,61300,34165904,23
duplicates,sorted,skewed,1000000,MCC-A,0,23963500,14296700,8352300,61900,34165904,23
duplicates,sorted,skewed,1000000,MC-B,0,7747200,5377700,2005100,0,9388608,20
duplicates,sorted,skewed,1000000,MC-A-detect,0,13368600,10589400,1841900,0,26165824,20
duplicates,sorted,skewed,1000000,MC-C,1,21485700,11014100,9596400,0,42943040,39
duplicates,sorted,skewed,1000000,MCC-B,1,31957200,18925500,11632900,80000,34165904,23
duplicates,sorted,skewed,1000000,MCC-A,1,27354200,17266700,8785400,63800,34165904,23
duplicates,sorted,skewed,1000000,MC-A-detect,1,13981100,10839500,2171800,0,26165824,20
duplicates,sorted,skewed,1000000,MC-A,1,15938100,12575600,2169000,0,26165824,20
duplicates,sorted,skewed,1000000,MC-B,1,7803500,5474200,1944000,0,9388608,20
duplicates,sorted,skewed,1000000,MCC-B,2,27649900,14952900,11386300,63400,34165904,23
duplicates,sorted,skewed,1000000,MCC-A,2,24951700,15200300,8391600,62600,34165904,23
duplicates,sorted,skewed,1000000,MC-A,2,17012800,13644900,2317700,0,26165824,20
duplicates,sorted,skewed,1000000,MC-A-detect,2,16696400,13389700,2122300,0,26165824,20
duplicates,sorted,skewed,1000000,MC-B,2,10806900,7484300,2915300,0,9388608,20
duplicates,sorted,skewed,1000000,MC-C,2,26166100,13652100,11481500,0,42943040,39
duplicates,nearly_sorted,skewed,1000000,MC-A-detect,0,14457200,11194300,2258800,0,26165824,20
duplicates,nearly_sorted,skewed,1000000,MCC-A,0,25163400,15564700,8287400,62000,34165904,23
duplicates,nearly_sorted,skewed,1000000,MC-A,0,16124800,12943900,2212900,0,26165824,20
duplicates,nearly_sorted,skewed,1000000,MC-C,0,24365000,13221700,10156000,0,42943040,39
duplicates,nearly_sorted,skewed,1000000,MC-B,0,7819000,5345400,2112100,0,9388608,20
duplicates,nearly_sorted,skewed,1000000,MCC-B,0,27214400,14349200,11558900,60100,34165904,23
duplicates,nearly_sorted,skewed,1000000,MC-C,1,20718200,10721300,9123500,0,42943040,39
duplicates,nearly_sorted,skewed,1000000,MCC-B,1,27566400,14471600,11753900,62400,34165904,23
duplicates,nearly_sorted,skewed,1000000,MC-B,1,7858800,5533400,1957800,0,9388608,20
duplicates,nearly_sorted,skewed,1000000,MCC-A,1,25200000,15277500,8615500,63300,34165904,23
duplicates,nearly_sorted,skewed,1000000,MC-A-detect,1,13608400,10789200,1879600,0,26165824,20
duplicates,nearly_sorted,skewed,1000000,MC-A,1,14677600,11846900,1893100,0,26165824,20
duplicates,nearly_sorted,skewed,1000000,MCC-A,2,26799800,16862100,8454300,90200,34165904,23
duplicates,nearly_sorted,skewed,1000000,MC-C,2,25280800,14261300,10079900,0,42943040,39
duplicates,nearly_sorted,skewed,1000000,MC-A,2,14663700,11652400,2074800,0,26165824,20
duplicates,nearly_sorted,skewed,1000000,MC-B,2,8341300,5818000,2165700,0,9388608,20
duplicates,nearly_sorted,skewed,1000000,MCC-B,2,31578300,16640400,13297900,68600,34165904,23
duplicates,nearly_sorted,skewed,1000000,MC-A-detect,2,14816100,11785400,2069200,0,26165824,20
duplicates,shuffled,skewed,1000000,MC-A,0,44333200,41363300,2004400,0,26165824,20
duplicates,shuffled,skewed,1000000,MCC-A,0,55716600,45846500,8547900,63000,34165904,23
duplicates,shuffled,skewed,1000000,MCC-B,0,58698700,45663900,11703300,69700,34165904,23
duplicates,shuffled,skewed,1000000,MC-B,0,45011900,42520500,2129600,0,9388608,20
duplicates,shuffled,skewed,1000000,MC-C,0,52660300,41253300,10477600,0,42943040,39
duplicates,shuffled,skewed,1000000,MC-A-detect,0,47985900,45058200,1958100,0,26165824,20
duplicates,shuffled,skewed,1000000,MCC-B,1,58796000,45857000,11585300,61200,34165904,23
duplicates,shuffled,skewed,1000000,MC-B,1,44919700,42403100,2153200,0,9388608,20
duplicates,shuffled,skewed,1000000,MC-A-detect,1,44105100,41225600,1926100,0,26165824,20
duplicates,shuffled,skewed,1000000,MCC-A,1,59935500,50103800,8482500,63000,34165904,23
duplicates,shuffled,skewed,1000000,MC-C,1,52485500,41773400,9762800,0,42943040,39
duplicates,shuffled,skewed,1000000,MC-A,1,45113300,42033300,2119000,0,26165824,20
duplicates,shuffled,skewed,1000000,MC-C,2,52510800,41920100,9672000,0,42943040,39
duplicates,shuffled,skewed,1000000,MCC-B,2,61306600,48437600,11577700,62700,34165904,23
duplicates,shuffled,skewed,1000000,MC-A,2,44573800,41669400,1964700,0,26165824,20
duplicates,shuffled,skewed,1000000,MC-B,2,46970300,44343400,2259500,0,9388608,20
duplicates,shuffled,skewed,1000000,MC-A-detect,2,44314900,41193700,2114600,0,26165824,20
duplicates,shuffled,skewed,1000000,MCC-A,2,56877200,46977500,8561700,64300,34165904,23
duplicates,sorted,different_duplicates,1000000,MC-A-detect,0,13269600,10420500,1913500,0,26165824,20
duplicates,sorted,different_duplicates,1000000,MCC-A,0,24174800,14472400,8366300,63200,34165904,23
duplicates,sorted,different_duplicates,1000000,MC-A,0,13513500,10747100,1830000,0,26165824,20
duplicates,sorted,different_duplicates,1000000,MCC-B,0,27930600,14624500,11987100,61800,34165904,23
duplicates,sorted,different_duplicates,1000000,MC-C,0,21081300,11261200,8942300,0,42943040,39
duplicates,sorted,different_duplicates,1000000,MC-B,0,7654600,5382800,1924100,0,9388608,20
duplicates,sorted,different_duplicates,1000000,MCC-B,1,27808300,14496800,11955500,62500,34165904,23
duplicates,sorted,different_duplicates,1000000,MCC-A,1,27803500,18240700,8166800,82600,34165904,23
duplicates,sorted,different_duplicates,1000000,MC-C,1,21478800,11561400,8995000,0,42943040,39
duplicates,sorted,different_duplicates,1000000,MC-A-detect,1,13161700,10372500,1871300,0,26165824,20
duplicates,sorted,different_duplicates,1000000,MC-B,1,7411700,5179800,1884800,0,9388608,20
duplicates,sorted,different_duplicates,1000000,MC-A,1,13584100,10784900,1854400,0,26165824,20
duplicates,sorted,different_duplicates,1000000,MC-B,2,7602000,5210000,2047900,0,9388608,20
duplicates,sorted,different_duplicates,1000000,MC-C,2,20578200,10661600,9038800,0,42943040,39
duplicates,sorted,different_duplicates,1000000,MC-A,2,13607000,10832200,1846000,0,26165824,20
duplicates,sorted,different_duplicates,1000000,MCC-A,2,23886800,14468200,8106800,62400,34165904,23
duplicates,sorted,different_duplicates,1000000,MC-A-detect,2,13572300,10756000,1885100,0,26165824,20
duplicates,sorted,different_duplicates,1000000,MCC-B,2,30491400,17202600,11908900,82200,34165904,23
duplicates,nearly_sorted,different_duplicates,1000000,MC-A,0,15165000,12047300,2158000,0,26165824,20
duplicates,nearly_sorted,different_duplicates,1000000,MCC-B,0,31217200,18033300,11896200,67800,34165904,23
duplicates,nearly_sorted,different_duplicates,1000000,MC-C,0,20371400,10586200,8919900,0,42943040,39
duplicates,nearly_sorted,different_duplicates,1000000,MC-B,0,7683300,5392600,1937800,0,9388608,20
duplicates,nearly_sorted,different_duplicates,1000000,MC-A-detect,0,13234900,10427100,1835300,0,26165824,20
duplicates,nearly_sorted,different_duplicates,1000000,MCC-A,0,24893900,14792700,8702500,82500,34165904,23
duplicates,nearly_sorted,different_duplicates,1000000,MC-A,1,15886100,12690400,2159600,0,26165824,20
duplicates,nearly_sorted,different_duplicates,1000000,MCC-A,1,25112900,15571100,8246600,62200,34165904,23
duplicates,nearly_sorted,different_duplicates,1000000,MCC-B,1,27416900,14194800,11917800,62500,34165904,23
duplicates,nearly_sorted,different_duplicates,1000000,MC-C,1,20690200,10654200,9161900,0,42943040,39
duplicates,nearly_sorted,different_duplicates,1000000,MC-A-detect,1,13552500,10759500,1827900,0,26165824,20
duplicates,nearly_sorted,different_duplicates,1000000,MC-B,1,8413400,6095500,1975900,0,9388608,20
duplicates,nearly_sorted,different_duplicates,1000000,MCC-A,2,23795500,14321700,8128300,62800,34165904,23
duplicates,nearly_sorted,different_duplicates,1000000,MC-A,2,14025900,11273700,1822300,0,26165824,20
duplicates,nearly_sorted,different_duplicates,1000000,MC-A-detect,2,13198800,10419300,1817300,0,26165824,20
duplicates,nearly_sorted,different_duplicates,1000000,MC-B,2,8696800,6266800,2063100,0,9388608,20
duplicates,nearly_sorted,different_duplicates,1000000,MCC-B,2,31591100,18134200,12166300,60800,34165904,23
duplicates,nearly_sorted,different_duplicates,1000000,MC-C,2,20729500,10867100,8935200,0,42943040,39
duplicates,shuffled,different_duplicates,1000000,MC-A,0,46203900,42844600,2285900,0,26165824,20
duplicates,shuffled,different_duplicates,1000000,MC-C,0,52000800,41710100,9393800,0,42943040,39
duplicates,shuffled,different_duplicates,1000000,MCC-B,0,58871600,45371200,12147800,62400,34165904,23
duplicates,shuffled,different_duplicates,1000000,MC-B,0,45372200,42836000,2171400,0,9388608,20
duplicates,shuffled,different_duplicates,1000000,MC-A-detect,0,44445400,41401400,2086900,0,26165824,20
duplicates,shuffled,different_duplicates,1000000,MCC-A,0,58940800,48018400,9406200,95300,34165904,23
duplicates,shuffled,different_duplicates,1000000,MCC-A,1,82124100,68329200,12349900,72100,34165904,23
duplicates,shuffled,different_duplicates,1000000,MC-A,1,63109400,59666600,2367200,0,26165824,20
duplicates,shuffled,different_duplicates,1000000,MC-A-detect,1,62103100,58703400,2279000,0,26165824,20
duplicates,shuffled,different_duplicates,1000000,MC-B,1,51524300,48877700,2273800,0,9388608,20
duplicates,shuffled,different_duplicates,1000000,MCC-B,1,59377600,45949200,12113200,62300,34165904,23
duplicates,shuffled,different_duplicates,1000000,MC-C,1,52258900,41498300,9831300,0,42943040,39
duplicates,shuffled,different_duplicates,1000000,MC-C,2,52721100,42259300,9572500,0,42943040,39
duplicates,shuffled,different_duplicates,1000000,MCC-B,2,59255700,45834000,12107500,63200,34165904,23
duplicates,shuffled,different_duplicates,1000000,MC-A-detect,2,46851300,43643400,2220800,0,26165824,20
duplicates,shuffled,different_duplicates,1000000,MC-A,2,44227700,41330800,1953800,0,26165824,20
duplicates,shuffled,different_duplicates,1000000,MCC-A,2,55164100,45142400,8697500,67700,34165904,23
duplicates,shuffled,different_duplicates,1000000,MC-B,2,45191700,42628300,2200700,0,9388608,20
duplicates,sorted,expensive,1000000,MCC-B,0,27027900,14378400,11279900,62500,34165904,23
duplicates,sorted,expensive,1000000,MC-A-detect,0,13322100,10463700,1850900,0,26165824,20
duplicates,sorted,expensive,1000000,MC-B,0,7540300,5268100,1917000,0,9388608,20
duplicates,sorted,expensive,1000000,MC-A,0,13669000,10822400,1899800,0,26165824,20
duplicates,sorted,expensive,1000000,MC-C,0,21148700,11052300,9106000,0,42943040,39
duplicates,sorted,expensive,1000000,MCC-A,0,24471000,15071900,8020100,80700,34165904,23
duplicates,sorted,expensive,1000000,MC-C,1,28629500,14905100,12739000,0,42943040,39
duplicates,sorted,expensive,1000000,MC-A,1,13694700,10776300,1999900,0,26165824,20
duplicates,sorted,expensive,1000000,MC-B,1,7599400,5328200,1936200,0,9388608,20
duplicates,sorted,expensive,1000000,MCC-A,1,23733000,14390900,8040500,61800,34165904,23
duplicates,sorted,expensive,1000000,MCC-B,1,27179000,14478600,11353300,63900,34165904,23
duplicates,sorted,expensive,1000000,MC-A-detect,1,13549200,10770200,1849800,0,26165824,20
duplicates,sorted,expensive,1000000,MC-C,2,20969600,10952100,9134400,0,42943040,39
duplicates,sorted,expensive,1000000,MCC-B,2,27452600,14840100,11202500,61600,34165904,23
duplicates,sorted,expensive,1000000,MCC-A,2,26279800,16921000,7972900,81200,34165904,23
duplicates,sorted,expensive,1000000,MC-A,2,15996200,13047500,1904300,0,26165824,20
duplicates,sorted,expensive,1000000,MC-A-detect,2,13178000,10399100,1829500,0,26165824,20
duplicates,sorted,expensive,1000000,MC-B,2,7601600,5243200,2007900,0,9388608,20
duplicates,nearly_sorted,expensive,1000000,MCC-B,0,26896400,14326200,11265800,60700,34165904,23
duplicates,nearly_sorted,expensive,1000000,MCC-A,0,23885900,14493000,8079800,62000,34165904,23
duplicates,nearly_sorted,expensive,1000000,MC-B,0,7641700,5294500,1990900,0,9388608,20
duplicates,nearly_sorted,expensive,1000000,MC-A-detect,0,13197700,10378200,1829100,0,26165824,20
duplicates,nearly_sorted,expensive,1000000,MC-A,0,13458900,10706400,1832800,0,26165824,20
duplicates,nearly_sorted,expensive,1000000,MC-C,0,20759600,10699200,9070700,0,42943040,39
duplicates,nearly_sorted,expensive,1000000,MC-A-detect,1,15061700,12248300,1876600,0,26165824,20
duplicates,nearly_sorted,expensive,1000000,MCC-B,1,30131000,17509700,11212600,81000,34165904,23
duplicates,nearly_sorted,expensive,1000000,MC-C,1,21442100,11671200,8851600,0,42943040,39
duplicates,nearly_sorted,expensive,1000000,MC-B,1,7681400,5417900,1916300,0,9388608,20
duplicates,nearly_sorted,expensive,1000000,MC-A,1,13467400,10701300,1832400,0,26165824,20
duplicates,nearly_sorted,expensive,1000000,MCC-A,1,23551000,14294600,7950100,61100,34165904,23
duplicates,nearly_sorted,expensive,1000000,MCC-B,2,26884000,14360700,11165400,60600,34165904,23
duplicates,nearly_sorted,expensive,1000000,MC-A-detect,2,13207400,10385900,1821800,0,26165824,20
duplicates,nearly_sorted,expensive,1000000,MC-B,2,7527200,5255100,1927200,0,9388608,20
duplicates,nearly_sorted,expensive,1000000,MCC-A,2,23602400,14260800,8046000,62200,34165904,23
duplicates,nearly_sorted,expensive,1000000,MC-C,2,21108900,11160900,9079000,0,42943040,39
duplicates,nearly_sorted,expensive,1000000,MC-A,2,16593900,13458200,2169500,0,26165824,20
duplicates,shuffled,expensive,1000000,MC-B,0,45746000,42940500,2422000,0,9388608,20
duplicates,shuffled,expensive,1000000,MC-A-detect,0,45538200,42517500,2039300,0,26165824,20
duplicates,shuffled,expensive,1000000,MC-A,0,45179600,42205800,1962200,0,26165824,20
duplicates,shuffled,expensive,1000000,MCC-B,0,59183400,46308000,11460800,62200,34165904,23
duplicates,shuffled,expensive,1000000,MCC-A,0,59109800,49581400,8161300,62900,34165904,23
duplicates,shuffled,expensive,1000000,MC-C,0,52004600,41790800,9332400,0,42943040,39
duplicates,shuffled,expensive,1000000,MC-C,1,52055700,41786400,9393600,0,42943040,39
duplicates,shuffled,expensive,1000000,MCC-B,1,58737200,45997300,11441700,62000,34165904,23
duplicates,shuffled,expensive,1000000,MCC-A,1,55126500,45690400,8112900,63200,34165904,23
duplicates,shuffled,expensive,1000000,MC-B,1,45392200,42795000,2225300,0,9388608,20
duplicates,shuffled,expensive,1000000,MC-A,1,45460700,42484200,2019500,0,26165824,20
duplicates,shuffled,expensive,1000000,MC-A-detect,1,45305100,42389100,1961300,0,26165824,20
duplicates,shuffled,expensive,1000000,MCC-A,2,59185500,49718300,8168700,60900,34165904,23
duplicates,shuffled,expensive,1000000,MC-A,2,44685400,41694800,2034800,0,26165824,20
duplicates,shuffled,expensive,1000000,MC-C,2,58504500,47933400,9657000,0,42943040,39
duplicates,shuffled,expensive,1000000,MC-A-detect,2,44742100,41713900,2080000,0,26165824,20
duplicates,shuffled,expensive,1000000,MC-B,2,45376100,42870100,2148700,0,9388608,20
duplicates,shuffled,expensive,1000000,MCC-B,2,58400800,45765600,11323300,62700,34165904,23
duplicates,sorted,ties,1000000,MC-B,0,7614300,5308600,1955000,0,9388608,20
duplicates,sorted,ties,1000000,MCC-B,0,27552400,15004500,11232700,63300,34165904,23
duplicates,sorted,ties,1000000,MCC-A,0,23860500,14354300,8189800,64100,34165904,23
duplicates,sorted,ties,1000000,MC-A-detect,0,13870300,11093100,1844500,0,26165824,20
duplicates,sorted,ties,1000000,MC-A,0,13722000,10972700,1830700,0,26165824,20
duplicates,sorted,ties,1000000,MC-C,0,24275400,12239100,11087800,0,42943040,39
duplicates,sorted,ties,1000000,MC-A,1,17735000,14020200,2742600,0,26165824,20
duplicates,sorted,ties,1000000,MCC-A,1,26102000,16455600,8216800,207100,34165904,23
duplicates,sorted,ties,1000000,MC-A-detect,1,13981900,10970800,2078100,0,26165824,20
duplicates,sorted,ties,1000000,MC-B,1,7827400,5493400,1963900,0,9388608,20
duplicates,sorted,ties,1000000,MCC-B,1,27191900,14457100,11407700,61500,34165904,23
duplicates,sorted,ties,1000000,MC-C,1,20534600,10701200,8951600,0,42943040,39
duplicates,sorted,ties,1000000,MC-A,2,13850800,10999600,1860900,0,26165824,20
duplicates,sorted,ties,1000000,MCC-B,2,26823000,14419700,11157100,61200,34165904,23
duplicates,sorted,ties,1000000,MCC-A,2,24227400,14925500,8002000,62200,34165904,23
duplicates,sorted,ties,1000000,MC-B,2,7799300,5305700,2152800,0,9388608,20
duplicates,sorted,ties,1000000,MC-C,2,24237700,12727600,10590900,0,42943040,39
duplicates,sorted,ties,1000000,MC-A-detect,2,16145500,13164700,1989200,0,26165824,20
duplicates,nearly_sorted,ties,1000000,MC-A,0,14562200,11799800,1828900,0,26165824,20
duplicates,nearly_sorted,ties,1000000,MC-B,0,7621700,5271400,1997400,0,9388608,20
duplicates,nearly_sorted,ties,1000000,MC-A-detect,0,13164300,10421500,1824100,0,26165824,20
duplicates,nearly_sorted,ties,1000000,MCC-B,0,26830800,14116000,11213000,107100,34165904,23
duplicates,nearly_sorted,ties,1000000,MCC-A,0,27053100,16194800,9561600,62200,34165904,23
duplicates,nearly_sorted,ties,1000000,MC-C,0,21499200,11340300,9284800,0,42943040,39
duplicates,nearly_sorted,ties,1000000,MCC-B,1,28197900,15531600,11328000,63300,34165904,23
duplicates,nearly_sorted,ties,1000000,MCC-A,1,29760200,16503500,11809900,69900,34165904,23
duplicates,nearly_sorted,ties,1000000,MC-B,1,10559900,6978600,3179300,0,9388608,20
duplicates,nearly_sorted,ties,1000000,MC-A,1,16801100,13572500,2189100,0,26165824,20
duplicates,nearly_sorted,ties,1000000,MC-C,1,26147600,13512100,11492000,0,42943040,39
duplicates,nearly_sorted,ties,1000000,MC-A-detect,1,18527300,14796100,2574100,0,26165824,20
duplicates,nearly_sorted,ties,1000000,MC-B,2,11250000,7823300,3000200,0,9388608,20
duplicates,nearly_sorted,ties,1000000,MC-C,2,26333500,15413900,9966500,0,42943040,39
duplicates,nearly_sorted,ties,1000000,MC-A-detect,2,13688900,10798600,1861800,0,26165824,20
duplicates,nearly_sorted,ties,1000000,MCC-A,2,23991400,14555300,8090900,60700,34165904,23
duplicates,nearly_sorted,ties,1000000,MC-A,2,13588500,10820900,1835500,0,26165824,20
duplicates,nearly_sorted,ties,1000000,MCC-B,2,26948600,14220900,11397500,62300,34165904,23
duplicates,shuffled,ties,1000000,MC-C,0,51840100,41614800,9355600,0,42943040,39
duplicates,shuffled,ties,1000000,MCC-B,0,61614200,48851300,11458800,68800,34165904,23
duplicates,shuffled,ties,1000000,MCC-A,0,54905300,45506900,8095000,62600,34165904,23
duplicates,shuffled,ties,1000000,MC-A-detect,0,43899600,41014700,1939700,0,26165824,20
duplicates,shuffled,ties,1000000,MC-B,0,47430400,44823200,2226400,0,9388608,20
duplicates,shuffled,ties,1000000,MC-A,0,62332800,58944000,2335300,0,26165824,20
duplicates,shuffled,ties,1000000,MC-A,1,51295900,48357400,1982900,0,26165824,20
duplicates,shuffled,ties,1000000,MCC-A,1,55248900,45784700,8048100,61700,34165904,23
duplicates,shuffled,ties,1000000,MC-B,1,45015800,42313300,2342300,0,9388608,20
duplicates,shuffled,ties,1000000,MC-C,1,51222400,40750100,9603100,0,42943040,39
duplicates,shuffled,ties,1000000,MCC-B,1,58775300,46115900,11354400,62900,34165904,23
duplicates,shuffled,ties,1000000,MC-A-detect,1,44520100,41512800,2066600,0,26165824,20
duplicates,shuffled,ties,1000000,MCC-B,2,58036900,45389300,11348400,61500,34165904,23
duplicates,shuffled,ties,1000000,MC-A-detect,2,46087400,43052500,2101100,0,26165824,20
duplicates,shuffled,ties,1000000,MCC-A,2,54907600,45403900,8205600,60800,34165904,23
duplicates,shuffled,ties,1000000,MC-C,2,50995700,40929600,9206900,0,42943040,39
duplicates,shuffled,ties,1000000,MC-A,2,44035100,41135600,1957200,0,26165824,20
duplicates,shuffled,ties,1000000,MC-B,2,45009700,42425200,2203200,0,9388608,20
equal_starts,sorted,random,1000000,MCC-B,0,183382800,14796700,166285600,71900,157829152,23
equal_starts,sorted,random,1000000,MC-B,0,9890600,6689000,2797000,0,9388608,20
equal_starts,sorted,random,1000000,MCC-A,0,103973100,16379000,85356300,72700,105165952,23
equal_starts,sorted,random,1000000,MC-A-detect,0,13168900,10586600,1660400,0,26165824,20
equal_starts,sorted,random,1000000,MC-A,0,13603300,10949400,1694500,0,26165824,20
equal_starts,sorted,random,1000000,MC-C,0,40994400,13027400,27083200,0,42943040,39
equal_starts,sorted,random,1000000,MCC-B,1,187470900,15396500,169986100,68900,157829152,23
equal_starts,sorted,random,1000000,MC-C,1,37974500,11297800,25784100,0,42943040,39
equal_starts,sorted,random,1000000,MCC-A,1,108258800,15928700,90216600,74300,105165952,23
equal_starts,sorted,random,1000000,MC-B,1,7707800,5454100,1905000,0,9388608,20
equal_starts,sorted,random,1000000,MC-A-detect,1,13077700,10474900,1658800,0,26165824,20
equal_starts,sorted,random,1000000,MC-A,1,14541400,11478900,2101200,0,26165824,20
equal_starts,sorted,random,1000000,MC-A,2,16447000,13390100,2024400,0,26165824,20
equal_starts,sorted,random,1000000,MC-B,2,10042000,6913900,2768600,0,9388608,20
equal_starts,sorted,random,1000000,MC-C,2,37096700,10771700,25458400,0,42943040,39
equal_starts,sorted,random,1000000,MC-A-detect,2,13295200,10647800,1704400,0,26165824,20
equal_starts,sorted,random,1000000,MCC-B,2,187343000,16717400,168510000,73400,157829152,23
equal_starts,sorted,random,1000000,MCC-A,2,103589200,14889200,86619900,72400,105165952,23
equal_starts,nearly_sorted,random,1000000,MC-A-detect,0,16272400,13132300,2182100,0,26165824,20
equal_starts,nearly_sorted,random,1000000,MC-A,0,17027800,13402400,2644800,0,26165824,20
equal_starts,nearly_sorted,random,1000000,MC-B,0,10193700,7116500,2679200,0,9388608,20
equal_starts,nearly_sorted,random,1000000,MCC-A,0,156394900,60537200,93716700,73200,105165952,23
equal_starts,nearly_sorted,random,1000000,MC-C,0,38294700,11617800,25779500,0,42943040,39
equal_starts,nearly_sorted,random,1000000,MCC-B,0,201283800,43419100,155828800,72100,157829152,23
equal_starts,nearly_sorted,random,1000000,MC-A,1,15117900,12073200,2078800,0,26165824,20
equal_starts,nearly_sorted,random,1000000,MC-C,1,41042400,13698000,26460600,0,42943040,39
equal_starts,nearly_sorted,random,1000000,MCC-B,1,199692700,43333800,154300200,73000,157829152,23
equal_starts,nearly_sorted,random,1000000,MC-B,1,7792400,5427200,2014800,0,9388608,20
equal_starts,nearly_sorted,random,1000000,MC-A-detect,1,13153600,10546400,1662300,0,26165824,20
equal_starts,nearly_sorted,random,1000000,MCC-A,1,130646800,43094500,85488600,67700,105165952,23
equal_starts,nearly_sorted,random,1000000,MCC-B,2,216521000,48624100,165573300,78300,157829152,23
equal_starts,nearly_sorted,random,1000000,MC-C,2,52160200,12733500,38415600,0,42943040,39
equal_starts,nearly_sorted,random,1000000,MC-A-detect,2,13775100,11081300,1744400,0,26165824,20
equal_starts,nearly_sorted,random,1000000,MC-B,2,8572700,6076700,2144100,0,9388608,20
equal_starts,nearly_sorted,random,1000000,MCC-A,2,131201800,43623200,85538700,70200,105165952,23
equal_starts,nearly_sorted,random,1000000,MC-A,2,13493600,10790200,1770600,0,26165824,20
equal_starts,shuffled,random,1000000,MC-A-detect,0,15706500,12540900,2193600,0,26165824,20
equal_starts,shuffled,random,1000000,MCC-A,0,198613600,53540500,143024000,68400,105165952,23
equal_starts,shuffled,random,1000000,MC-A,0,13724200,10899600,1867300,0,26165824,20
equal_starts,shuffled,random,1000000,MC-C,0,30052500,10844800,18296600,0,42943040,39
equal_starts,shuffled,random,1000000,MC-B,0,8986500,6553800,2065800,0,9388608,20
equal_starts,shuffled,random,1000000,MCC-B,0,274471900,52505600,219892100,74600,157829152,23
equal_starts,shuffled,random,1000000,MCC-B,1,273277100,50616800,220622000,67500,157829152,23
equal_starts,shuffled,random,1000000,MC-C,1,29053100,10833400,17286100,0,42943040,39
equal_starts,shuffled,random,1000000,MC-B,1,9610000,7099000,2117200,0,9388608,20
equal_starts,shuffled,random,1000000,MC-A-detect,1,15889300,12728700,2161000,0,26165824,20
equal_starts,shuffled,random,1000000,MC-A,1,13852600,11060000,1849700,0,26165824,20
equal_starts,shuffled,random,1000000,MCC-A,1,208141100,55677400,150382300,68300,105165952,23
equal_starts,shuffled,random,1000000,MCC-B,2,274187900,50539200,221574900,69000,157829152,23
equal_starts,shuffled,random,1000000,MC-C,2,31228500,11921500,18385100,0,42943040,39
equal_starts,shuffled,random,1000000,MC-A,2,16217400,13357300,1890700,0,26165824,20
equal_starts,shuffled,random,1000000,MC-B,2,7804900,5564400,1903400,0,9388608,20
equal_starts,shuffled,random,1000000,MCC-A,2,193105500,50176300,140887000,71300,105165952,23
equal_starts,shuffled,random,1000000,MC-A-detect,2,13198500,10445600,1828600,0,26165824,20
equal_ends,sorted,random,1000000,MC-A,0,11615100,10632700,61500,0,26165824,20
equal_ends,sorted,random,1000000,MCC-A,0,20341400,14334300,4721500,64000,34165880,23
equal_ends,sorted,random,1000000,MCC-B,0,20919100,14334900,5271800,71700,34165880,23
equal_ends,sorted,random,1000000,MC-B,0,5740500,5363900,57900,0,9388608,20
equal_ends,sorted,random,1000000,MC-C,0,12623800,11625900,67100,0,26165888,21
equal_ends,sorted,random,1000000,MC-A-detect,0,14897700,13850300,82700,0,26165824,20
equal_ends,sorted,random,1000000,MC-C,1,18017000,16765500,101200,0,26165888,21
equal_ends,sorted,random,1000000,MC-A,1,15323000,14207700,67800,0,26165824,20
equal_ends,sorted,random,1000000,MC-A-detect,1,13622200,12520200,64400,0,26165824,20
equal_ends,sorted,random,1000000,MCC-B,1,27403900,17075600,8841200,70900,34165880,23
equal_ends,sorted,random,1000000,MC-B,1,7670000,7224200,64400,0,9388608,20
equal_ends,sorted,random,1000000,MCC-A,1,25368700,17389100,6441000,73700,34165880,23
equal_ends,sorted,random,1000000,MC-C,2,14535100,13406200,71200,0,26165888,21
equal_ends,sorted,random,1000000,MCC-B,2,27158900,17858700,7844100,65600,34165880,23
equal_ends,sorted,random,1000000,MC-B,2,7476600,7026400,64800,0,9388608,20
equal_ends,sorted,random,1000000,MC-A-detect,2,14702500,13560600,65300,0,26165824,20
equal_ends,sorted,random,1000000,MC-A,2,14169100,12865800,119900,0,26165824,20
equal_ends,sorted,random,1000000,MCC-A,2,29752500,21800400,6316800,73900,34165880,23
equal_ends,nearly_sorted,random,1000000,MCC-B,0,23499200,16867300,5335600,65000,34165880,23
equal_ends,nearly_sorted,random,1000000,MC-B,0,39924600,39514500,66100,0,9388608,20
equal_ends,nearly_sorted,random,1000000,MCC-A,0,20222500,14473600,4454700,67600,34165880,23
equal_ends,nearly_sorted,random,1000000,MC-A,0,40029600,38930100,123500,0,26165824,20
equal_ends,nearly_sorted,random,1000000,MC-C,0,40156200,39125500,76600,0,26165888,21
equal_ends,nearly_sorted,random,1000000,MC-A-detect,0,40763300,39740500,75500,0,26165824,20
equal_ends,nearly_sorted,random,1000000,MCC-B,1,21729200,15084700,5348900,67000,34165880,23
equal_ends,nearly_sorted,random,1000000,MC-B,1,40106800,39682000,69300,0,9388608,20
equal_ends,nearly_sorted,random,1000000,MC-A-detect,1,40049900,39035500,75700,0,26165824,20
equal_ends,nearly_sorted,random,1000000,MC-C,1,40876900,39740300,123400,0,26165888,21
equal_ends,nearly_sorted,random,1000000,MCC-A,1,25063600,19135200,4560200,70700,34165880,23
equal_ends,nearly_sorted,random,1000000,MC-A,1,39667800,38643800,74300,0,26165824,20
equal_ends,nearly_sorted,random,1000000,MC-A-detect,2,42355600,41237100,89100,0,26165824,20
equal_ends,nearly_sorted,random,1000000,MC-A,2,45930800,44914900,71100,0,26165824,20
equal_ends,nearly_sorted,random,1000000,MC-B,2,40062000,39621200,66600,0,9388608,20
equal_ends,nearly_sorted,random,1000000,MCC-B,2,21822000,15050900,5455100,67800,34165880,23
equal_ends,nearly_sorted,random,1000000,MC-C,2,40272500,39221200,79400,0,26165888,21
equal_ends,nearly_sorted,random,1000000,MCC-A,2,20641400,14740500,4586800,63900,34165880,23
equal_ends,shuffled,random,1000000,MCC-A,0,20221100,14458500,4462800,65300,34165880,23
equal_ends,shuffled,random,1000000,MC-C,0,47458400,46263800,226600,0,26165888,21
equal_ends,shuffled,random,1000000,MC-A-detect,0,47879100,46714100,225000,0,26165824,20
equal_ends,shuffled,random,1000000,MC-A,0,49370300,48330900,74700,0,26165824,20
equal_ends,shuffled,random,1000000,MCC-B,0,21465500,14902900,5265700,70600,34165880,23
equal_ends,shuffled,random,1000000,MC-B,0,58250000,57829400,68600,0,9388608,20
equal_ends,shuffled,random,1000000,MC-A,1,47052700,46023300,74400,0,26165824,20
equal_ends,shuffled,random,1000000,MC-B,1,58484900,58066200,68300,0,9388608,20
equal_ends,shuffled,random,1000000,MCC-B,1,21361500,14761700,5295800,67400,34165880,23
equal_ends,shuffled,random,1000000,MC-C,1,47529700,46468400,75300,0,26165888,21
equal_ends,shuffled,random,1000000,MCC-A,1,21104700,15207000,4601000,65000,34165880,23
equal_ends,shuffled,random,1000000,MC-A-detect,1,57964900,56953200,69300,0,26165824,20
equal_ends,shuffled,random,1000000,MCC-A,2,20655800,14875900,4471900,72600,34165880,23
equal_ends,shuffled,random,1000000,MCC-B,2,21341200,14539100,5484300,66100,34165880,23
equal_ends,shuffled,random,1000000,MC-A-detect,2,48213500,47197800,72300,0,26165824,20
equal_ends,shuffled,random,1000000,MC-A,2,48020000,46977100,72800,0,26165824,20
equal_ends,shuffled,random,1000000,MC-C,2,47993600,46954400,73500,0,26165888,21
equal_ends,shuffled,random,1000000,MC-B,2,58235600,57782800,84300,0,9388608,20
outside,sorted,random,1000000,MCC-A,0,22275600,14524100,6441400,60300,34165880,23
outside,sorted,random,1000000,MC-A,0,15957400,12667400,2323000,0,26165824,20
outside,sorted,random,1000000,MCC-B,0,29204700,18090200,9727900,67000,34165880,23
outside,sorted,random,1000000,MC-A-detect,0,13140000,10364300,1844300,0,26165824,20
outside,sorted,random,1000000,MC-B,0,7502700,5238500,1924900,0,9388608,20
outside,sorted,random,1000000,MC-C,0,19729500,10823900,8020500,0,42943040,39
outside,sorted,random,1000000,MC-B,1,7627400,5349100,1941800,0,9388608,20
outside,sorted,random,1000000,MC-A-detect,1,13369000,10609800,1835600,0,26165824,20
outside,sorted,random,1000000,MC-C,1,19544700,10692400,7976800,0,42943040,39
outside,sorted,random,1000000,MCC-B,1,25470300,14416100,9746100,61500,34165880,23
outside,sorted,random,1000000,MC-A,1,14197400,11425000,1834700,0,26165824,20
outside,sorted,random,1000000,MCC-A,1,25830300,17824300,6581600,84000,34165880,23
outside,sorted,random,1000000,MCC-B,2,28281400,17252600,9739500,68800,34165880,23
outside,sorted,random,1000000,MC-C,2,19626900,10737000,8017400,0,42943040,39
outside,sorted,random,1000000,MC-B,2,7635500,5363000,1928200,0,9388608,20
outside,sorted,random,1000000,MCC-A,2,22155500,14439300,6407800,60900,34165880,23
outside,sorted,random,1000000,MC-A-detect,2,13223900,10449600,1841000,0,26165824,20
outside,sorted,random,1000000,MC-A,2,13568400,10772900,1850300,0,26165824,20
outside,nearly_sorted,random,1000000,MCC-B,0,30697000,19397000,9896700,61500,34165880,23
outside,nearly_sorted,random,1000000,MC-C,0,23988400,13438700,9563500,0,42943040,39
outside,nearly_sorted,random,1000000,MC-B,0,10190900,6953500,2850100,0,9388608,20
outside,nearly_sorted,random,1000000,MCC-A,0,28202300,17037700,9664500,60200,34165880,23
outside,nearly_sorted,random,1000000,MC-A,0,15864400,12746100,2088400,0,26165824,20
outside,nearly_sorted,random,1000000,MC-A-detect,0,14306800,11364300,1927100,0,26165824,20
outside,nearly_sorted,random,1000000,MCC-B,1,26717000,15378800,10013200,61900,34165880,23
outside,nearly_sorted,random,1000000,MC-C,1,20495500,11430900,8183000,0,42943040,39
outside,nearly_sorted,random,1000000,MC-A,1,16374300,13189500,2230600,0,26165824,20
outside,nearly_sorted,random,1000000,MCC-A,1,26042900,18041100,6707200,59300,34165880,23
outside,nearly_sorted,random,1000000,MC-A-detect,1,13259000,10472500,1834700,0,26165824,20
outside,nearly_sorted,random,1000000,MC-B,1,7538600,5258700,1929600,0,9388608,20
outside,nearly_sorted,random,1000000,MC-C,2,19809400,10873600,8067200,0,42943040,39
outside,nearly_sorted,random,1000000,MC-B,2,7652000,5379200,1918400,0,9388608,20
outside,nearly_sorted,random,1000000,MCC-A,2,22126000,14423500,6400300,58700,34165880,23
outside,nearly_sorted,random,1000000,MC-A,2,13793300,10982200,1861800,0,26165824,20
outside,nearly_sorted,random,1000000,MC-A-detect,2,13750600,10917500,1887800,0,26165824,20
outside,nearly_sorted,random,1000000,MCC-B,2,25875700,14814500,9724700,61900,34165880,23
outside,shuffled,random,1000000,MC-C,0,20842300,11365600,8564300,0,42943040,39
outside,shuffled,random,1000000,MCC-A,0,26230000,18311300,6511300,79300,34165880,23
outside,shuffled,random,1000000,MC-A-detect,0,15438500,12445200,2008800,0,26165824,20
outside,shuffled,random,1000000,MC-B,0,7683600,5409800,1926900,0,9388608,20
outside,shuffled,random,1000000,MCC-B,0,25396600,14234300,9860800,60700,34165880,23
outside,shuffled,random,1000000,MC-A,0,13543000,10730900,1859200,0,26165824,20
outside,shuffled,random,1000000,MC-A,1,13520700,10727000,1850400,0,26165824,20
outside,shuffled,random,1000000,MC-B,1,7678200,5289800,2043900,0,9388608,20
outside,shuffled,random,1000000,MC-C,1,19780200,10791700,8108300,0,42943040,39
outside,shuffled,random,1000000,MC-A-detect,1,13453500,10679000,1831500,0,26165824,20
outside,shuffled,random,1000000,MCC-A,1,22595300,14789300,6494400,60300,34165880,23
outside,shuffled,random,1000000,MCC-B,1,27632200,16465800,9775200,82800,34165880,23
outside,shuffled,random,1000000,MCC-A,2,25371100,17667100,6393400,60200,34165880,23
outside,shuffled,random,1000000,MC-C,2,19698900,10696400,8034300,0,42943040,39
outside,shuffled,random,1000000,MC-A-detect,2,13118700,10388700,1806800,0,26165824,20
outside,shuffled,random,1000000,MC-B,2,7577400,5297300,1930300,0,9388608,20
outside,shuffled,random,1000000,MCC-B,2,25613500,14387100,9914300,60700,34165880,23
outside,shuffled,random,1000000,MC-A,2,13564400,10747100,1854700,0,26165824,20
irrelevant,sorted,random,1000000,MC-C,0,847200,827100,19700,0,1000160,3
irrelevant,sorted,random,1000000,MCC-B,0,2027900,1964500,2800,59300,1000160,5
irrelevant,sorted,random,1000000,MC-A-detect,0,1006100,969100,36300,0,1000096,2
irrelevant,sorted,random,1000000,MC-A,0,897500,858400,38300,0,1000096,2
irrelevant,sorted,random,1000000,MCC-A,0,2033700,1970800,4900,56800,1000160,5
irrelevant,sorted,random,1000000,MC-B,0,845800,819200,26000,0,1000032,2
irrelevant,sorted,random,1000000,MCC-B,1,1959500,1899300,2400,56300,1000160,5
irrelevant,sorted,random,1000000,MC-C,1,881700,853900,27000,0,1000160,3
irrelevant,sorted,random,1000000,MC-B,1,828000,801600,26000,0,1000032,2
irrelevant,sorted,random,1000000,MC-A-detect,1,905500,871900,32900,0,1000096,2
irrelevant,sorted,random,1000000,MCC-A,1,1960400,1898100,4100,56700,1000160,5
irrelevant,sorted,random,1000000,MC-A,1,872400,850600,21300,0,1000096,2
irrelevant,sorted,random,1000000,MC-A,2,990200,953700,36000,0,1000096,2
irrelevant,sorted,random,1000000,MC-B,2,827900,799200,28200,0,1000032,2
irrelevant,sorted,random,1000000,MC-C,2,857700,830000,27500,0,1000160,3
irrelevant,sorted,random,1000000,MCC-A,2,1953400,1893200,4000,55200,1000160,5
irrelevant,sorted,random,1000000,MC-A-detect,2,866500,843000,23000,0,1000096,2
irrelevant,sorted,random,1000000,MCC-B,2,1951300,1891700,2700,56300,1000160,5
irrelevant,nearly_sorted,random,1000000,MC-C,0,1518800,1465500,52800,0,1000160,3
irrelevant,nearly_sorted,random,1000000,MC-A-detect,0,1586200,1529600,56000,0,1000096,2
irrelevant,nearly_sorted,random,1000000,MCC-A,0,2856900,2790000,3700,61700,1000160,5
irrelevant,nearly_sorted,random,1000000,MCC-B,0,2842400,2776000,2700,62600,1000160,5
irrelevant,nearly_sorted,random,1000000,MC-B,0,1497600,1443600,53100,0,1000032,2
irrelevant,nearly_sorted,random,1000000,MC-A,0,1551500,1500900,49900,0,1000096,2
irrelevant,nearly_sorted,random,1000000,MC-B,1,1438100,1380700,56700,0,1000032,2
irrelevant,nearly_sorted,random,1000000,MC-A,1,1565800,1501600,63000,0,1000096,2
irrelevant,nearly_sorted,random,1000000,MCC-B,1,2848400,2781400,2600,63200,1000160,5
irrelevant,nearly_sorted,random,1000000,MC-C,1,1600000,1541000,58100,0,1000160,3
irrelevant,nearly_sorted,random,1000000,MCC-A,1,2919500,2852100,5000,61000,1000160,5
irrelevant,nearly_sorted,random,1000000,MC-A-detect,1,1452700,1391000,60600,0,1000096,2
irrelevant,nearly_sorted,random,1000000,MCC-B,2,2843000,2769300,3200,68800,1000160,5
irrelevant,nearly_sorted,random,1000000,MC-C,2,1230500,1180900,49000,0,1000160,3
irrelevant,nearly_sorted,random,1000000,MCC-A,2,2487200,2420500,4000,61600,1000160,5
irrelevant,nearly_sorted,random,1000000,MC-A,2,1180900,1133400,46800,0,1000096,2
irrelevant,nearly_sorted,random,1000000,MC-A-detect,2,1156600,1111000,44800,0,1000096,2
irrelevant,nearly_sorted,random,1000000,MC-B,2,1042200,995900,45300,0,1000032,2
irrelevant,shuffled,random,1000000,MC-A-detect,0,932100,913400,18300,0,1000096,2
irrelevant,shuffled,random,1000000,MCC-A,0,2169900,2104500,4900,59100,1000160,5
irrelevant,shuffled,random,1000000,MCC-B,0,2210400,2144000,3100,61900,1000160,5
irrelevant,shuffled,random,1000000,MC-A,0,979200,954300,24100,0,1000096,2
irrelevant,shuffled,random,1000000,MC-B,0,864200,835200,28600,0,1000032,2
irrelevant,shuffled,random,1000000,MC-C,0,878200,852400,25600,0,1000160,3
irrelevant,shuffled,random,1000000,MC-A,1,866300,843000,23200,0,1000096,2
irrelevant,shuffled,random,1000000,MCC-B,1,2038600,1973800,2600,61100,1000160,5
irrelevant,shuffled,random,1000000,MC-C,1,883500,862300,20900,0,1000160,3
irrelevant,shuffled,random,1000000,MC-B,1,1127100,1081400,45100,0,1000032,2
irrelevant,shuffled,random,1000000,MC-A-detect,1,993400,962900,29700,0,1000096,2
irrelevant,shuffled,random,1000000,MCC-A,1,2010700,1948300,5100,55900,1000160,5
irrelevant,shuffled,random,1000000,MC-B,2,933900,901100,31900,0,1000032,2
irrelevant,shuffled,random,1000000,MC-A,2,909800,875800,33300,0,1000096,2
irrelevant,shuffled,random,1000000,MCC-B,2,2011200,1948300,2800,58600,1000160,5
irrelevant,shuffled,random,1000000,MC-A-detect,2,871900,852000,19400,0,1000096,2
irrelevant,shuffled,random,1000000,MC-C,2,888800,858400,30300,0,1000160,3
irrelevant,shuffled,random,1000000,MCC-A,2,2048900,1986900,4700,55500,1000160,5
empty,sorted,random,1000000,MC-A,0,862900,847400,15000,0,1000096,2
empty,sorted,random,1000000,MCC-A,0,2046200,1975500,7700,61400,1000160,5
empty,sorted,random,1000000,MC-A-detect,0,878300,857000,20600,0,1000096,2
empty,sorted,random,1000000,MC-C,0,868600,847400,21100,0,1000160,3
empty,sorted,random,1000000,MCC-B,0,2007000,1947800,2800,55400,1000160,5
empty,sorted,random,1000000,MC-B,0,844600,823800,20000,0,1000032,2
empty,sorted,random,1000000,MC-B,1,819100,796800,22000,0,1000032,2
empty,sorted,random,1000000,MCC-A,1,2005400,1941100,5400,57800,1000160,5
empty,sorted,random,1000000,MC-A,1,882200,860400,20700,0,1000096,2
empty,sorted,random,1000000,MCC-B,1,2018300,1954500,2700,59800,1000160,5
empty,sorted,random,1000000,MC-A-detect,1,868200,846700,20700,0,1000096,2
empty,sorted,random,1000000,MC-C,1,866800,844000,22400,0,1000160,3
empty,sorted,random,1000000,MCC-B,2,2035700,1975900,2900,55600,1000160,5
empty,sorted,random,1000000,MC-B,2,840000,817700,21800,0,1000032,2
empty,sorted,random,1000000,MC-C,2,861800,838500,23100,0,1000160,3
empty,sorted,random,1000000,MC-A,2,865200,843600,21400,0,1000096,2
empty,sorted,random,1000000,MC-A-detect,2,859300,837000,22000,0,1000096,2
empty,sorted,random,1000000,MCC-A,2,2023500,1959900,4900,57100,1000160,5
empty,nearly_sorted,random,1000000,MC-C,0,933700,910000,23400,0,1000160,3
empty,nearly_sorted,random,1000000,MC-B,0,846800,817800,28000,0,1000032,2
empty,nearly_sorted,random,1000000,MC-A,0,873700,846100,27100,0,1000096,2
empty,nearly_sorted,random,1000000,MC-A-detect,0,860900,835400,25300,0,1000096,2
empty,nearly_sorted,random,1000000,MCC-A,0,2159900,2096400,5100,57300,1000160,5
empty,nearly_sorted,random,1000000,MCC-B,0,1992600,1911400,23500,56600,1000160,5
empty,nearly_sorted,random,1000000,MC-B,1,826400,804500,21300,0,1000032,2
empty,nearly_sorted,random,1000000,MC-C,1,883500,850500,32800,0,1000160,3
empty,nearly_sorted,random,1000000,MC-A-detect,1,902200,870900,30900,0,1000096,2
empty,nearly_sorted,random,1000000,MC-A,1,872200,843600,28100,0,1000096,2
empty,nearly_sorted,random,1000000,MCC-A,1,1992000,1906100,5400,79200,1000160,5
empty,nearly_sorted,random,1000000,MCC-B,1,1958400,1898900,3200,55200,1000160,5
empty,nearly_sorted,random,1000000,MCC-A,2,1947000,1890400,3900,51600,1000160,5
empty,nearly_sorted,random,1000000,MC-A,2,925300,903000,21400,0,1000096,2
empty,nearly_sorted,random,1000000,MCC-B,2,2121200,2054700,3400,61800,1000160,5
empty,nearly_sorted,random,1000000,MC-A-detect,2,894600,867400,26700,0,1000096,2
empty,nearly_sorted,random,1000000,MC-C,2,863700,838900,24500,0,1000160,3
empty,nearly_sorted,random,1000000,MC-B,2,809800,784800,24800,0,1000032,2
empty,shuffled,random,1000000,MC-A,0,911900,889100,22300,0,1000096,2
empty,shuffled,random,1000000,MC-B,0,834800,804900,28700,0,1000032,2
empty,shuffled,random,1000000,MCC-B,0,1969300,1908300,2700,56900,1000160,5
empty,shuffled,random,1000000,MC-C,0,915700,882300,32600,0,1000160,3
empty,shuffled,random,1000000,MC-A-detect,0,970300,925200,44100,0,1000096,2
empty,shuffled,random,1000000,MCC-A,0,1976000,1914400,4200,55800,1000160,5
empty,shuffled,random,1000000,MCC-B,1,2045100,1984300,2500,57200,1000160,5
empty,shuffled,random,1000000,MCC-A,1,1966800,1908000,4900,52100,1000160,5
empty,shuffled,random,1000000,MC-A,1,880700,858100,21700,0,1000096,2
empty,shuffled,random,1000000,MC-A-detect,1,873900,849700,23200,0,1000096,2
empty,shuffled,random,1000000,MC-C,1,889400,855200,33300,0,1000160,3
empty,shuffled,random,1000000,MC-B,1,853800,822700,30300,0,1000032,2
empty,shuffled,random,1000000,MC-A-detect,2,868400,840800,26900,0,1000096,2
empty,shuffled,random,1000000,MCC-B,2,2035700,1971700,3100,59700,1000160,5
empty,shuffled,random,1000000,MC-A,2,918100,888800,28300,0,1000096,2
empty,shuffled,random,1000000,MC-B,2,838800,811000,26600,0,1000032,2
empty,shuffled,random,1000000,MC-C,2,870300,842000,27800,0,1000160,3
empty,shuffled,random,1000000,MCC-A,2,2025000,1961400,4300,57900,1000160,5
giant_component,sorted,random,1000000,MC-B,0,7923600,5501900,2059200,0,9388608,20
giant_component,sorted,random,1000000,MC-A-detect,0,13377200,10631500,1802400,0,26165824,20
giant_component,sorted,random,1000000,MCC-B,0,120741100,14532300,101826300,2242500,157829104,23
giant_component,sorted,random,1000000,MC-C,0,58130900,11511700,45691700,0,42943040,39
giant_component,sorted,random,1000000,MC-A,0,14455900,11507300,1991900,0,26165824,20
giant_component,sorted,random,1000000,MCC-A,0,109847800,16183800,89646300,1950700,105165808,23
giant_component,sorted,random,1000000,MCC-A,1,103999800,14225200,85774400,1973900,105165808,23
giant_component,sorted,random,1000000,MC-B,1,7880600,5402600,2118500,0,9388608,20
giant_component,sorted,random,1000000,MC-C,1,57918400,11244300,45793400,0,42943040,39
giant_component,sorted,random,1000000,MC-A-detect,1,13823400,10856300,2025300,0,26165824,20
giant_component,sorted,random,1000000,MCC-B,1,129280000,18240800,106933000,2029500,157829104,23
giant_component,sorted,random,1000000,MC-A,1,13847500,10906100,1997500,0,26165824,20
giant_component,sorted,random,1000000,MCC-B,2,119152300,14843700,100088400,2170400,157829104,23
giant_component,sorted,random,1000000,MC-C,2,63768100,14070700,48826400,0,42943040,39
giant_component,sorted,random,1000000,MC-B,2,7786700,5440700,1998300,0,9388608,20
giant_component,sorted,random,1000000,MCC-A,2,105227300,14604500,86623300,1935700,105165808,23
giant_component,sorted,random,1000000,MC-A,2,14044000,11182000,1897400,0,26165824,20
giant_component,sorted,random,1000000,MC-A-detect,2,13295900,10411000,1949900,0,26165824,20
giant_component,nearly_sorted,random,1000000,MCC-A,0,155540000,54525200,96878000,2049900,105165808,23
giant_component,nearly_sorted,random,1000000,MC-B,0,41765000,39409400,2002900,0,9388608,20
giant_component,nearly_sorted,random,1000000,MCC-B,0,147877300,42987400,100773200,2036400,157829104,23
giant_component,nearly_sorted,random,1000000,MC-A,0,42444900,39460500,2022700,0,26165824,20
giant_component,nearly_sorted,random,1000000,MC-A-detect,0,43052400,39201100,2844500,0,26165824,20
giant_component,nearly_sorted,random,1000000,MC-C,0,88748700,42462300,45416000,0,42943040,39
giant_component,nearly_sorted,random,1000000,MCC-B,1,147506100,43144900,100209900,2030700,157829104,23
giant_component,nearly_sorted,random,1000000,MC-A-detect,1,42171100,38985400,2212700,0,26165824,20
giant_component,nearly_sorted,random,1000000,MCC-A,1,134468500,43231700,87189100,1976300,105165808,23
giant_component,nearly_sorted,random,1000000,MC-B,1,42310100,39911000,2023300,0,9388608,20
giant_component,nearly_sorted,random,1000000,MC-A,1,44419000,41117000,2247800,0,26165824,20
giant_component,nearly_sorted,random,1000000,MC-C,1,117169700,55257500,60997500,0,42943040,39
giant_component,nearly_sorted,random,1000000,MC-A-detect,2,45648900,42456400,2226200,0,26165824,20
giant_component,nearly_sorted,random,1000000,MCC-B,2,154685300,48200400,101958800,2337900,157829104,23
giant_component,nearly_sorted,random,1000000,MC-A,2,41934400,38879700,2108800,0,26165824,20
giant_component,nearly_sorted,random,1000000,MCC-A,2,135715700,45601400,86123500,1948400,105165808,23
giant_component,nearly_sorted,random,1000000,MC-B,2,41951600,39570200,2023600,0,9388608,20
giant_component,nearly_sorted,random,1000000,MC-C,2,85808700,38996000,45906200,0,42943040,39
giant_component,shuffled,random,1000000,MCC-B,0,226061500,49707800,171624400,2334500,157829104,23
giant_component,shuffled,random,1000000,MC-C,0,103837300,51589200,51266000,0,42943040,39
giant_component,shuffled,random,1000000,MC-B,0,81115900,60083200,20661500,0,9388608,20
giant_component,shuffled,random,1000000,MCC-A,0,210608200,54611600,151038100,2696900,105165808,23
giant_component,shuffled,random,1000000,MC-A,0,49420100,46334300,2127200,0,26165824,20
giant_component,shuffled,random,1000000,MC-A-detect,0,48941100,45884900,2101100,0,26165824,20
giant_component,shuffled,random,1000000,MC-A,1,49173300,46090100,2133000,0,26165824,20
giant_component,shuffled,random,1000000,MC-B,1,78418100,57794900,20265100,0,9388608,20
giant_component,shuffled,random,1000000,MCC-A,1,210642300,50284100,155668700,2174400,105165808,23
giant_component,shuffled,random,1000000,MC-C,1,92525900,45778400,45864500,0,42943040,39
giant_component,shuffled,random,1000000,MCC-B,1,213754300,50048800,159432000,2184200,157829104,23
giant_component,shuffled,random,1000000,MC-A-detect,1,52003300,48883200,2177500,0,26165824,20
giant_component,shuffled,random,1000000,MC-B,2,79449100,57983700,21103700,0,9388608,20
giant_component,shuffled,random,1000000,MCC-B,2,217993300,49771400,163915500,2219300,157829104,23
giant_component,shuffled,random,1000000,MC-A-detect,2,49076000,46005600,2103800,0,26165824,20
giant_component,shuffled,random,1000000,MCC-A,2,215806000,56995700,154474600,2174000,105165808,23
giant_component,shuffled,random,1000000,MC-A,2,50355300,47169400,2194500,0,26165824,20
giant_component,shuffled,random,1000000,MC-C,2,96768900,49190900,46673200,0,42943040,39
fail_begin,sorted,random,1000000,MC-A,0,11604100,10625300,66900,0,26165824,20
fail_begin,sorted,random,1000000,MC-C,0,11781000,10813800,64000,0,26165824,20
fail_begin,sorted,random,1000000,MCC-A,0,95632700,14733400,78825800,60900,105165872,23
fail_begin,sorted,random,1000000,MC-A-detect,0,13892700,12812900,93900,0,26165824,20
fail_begin,sorted,random,1000000,MC-B,0,6891600,6445600,88900,0,9388608,20
fail_begin,sorted,random,1000000,MCC-B,0,79371800,18115500,58973000,69100,157829120,23
fail_begin,sorted,random,1000000,MC-C,1,14084100,13103400,64600,0,26165824,20
fail_begin,sorted,random,1000000,MCC-A,1,97268000,14676400,80474800,60500,105165872,23
fail_begin,sorted,random,1000000,MCC-B,1,78707600,14436600,62207500,64400,157829120,23
fail_begin,sorted,random,1000000,MC-A,1,11718600,10751800,65600,0,26165824,20
fail_begin,sorted,random,1000000,MC-A-detect,1,11489800,10488400,66000,0,26165824,20
fail_begin,sorted,random,1000000,MC-B,1,5802100,5410100,66400,0,9388608,20
fail_begin,sorted,random,1000000,MCC-B,2,79085700,15004600,62034100,67200,157829120,23
fail_begin,sorted,random,1000000,MC-A,2,12252200,11222400,67000,0,26165824,20
fail_begin,sorted,random,1000000,MC-A-detect,2,11558500,10554600,74100,0,26165824,20
fail_begin,sorted,random,1000000,MCC-A,2,96078500,14583000,79461800,71200,105165872,23
fail_begin,sorted,random,1000000,MC-B,2,5588500,5181600,63900,0,9388608,20
fail_begin,sorted,random,1000000,MC-C,2,14707500,13667400,81900,0,26165824,20
fail_begin,nearly_sorted,random,1000000,MCC-A,0,145697200,62377600,81292200,59800,105165872,23
fail_begin,nearly_sorted,random,1000000,MC-C,0,39874400,38819900,79300,0,26165824,20
fail_begin,nearly_sorted,random,1000000,MCC-B,0,111002000,43966300,65004800,60200,157829120,23
fail_begin,nearly_sorted,random,1000000,MC-A,0,40015700,38983700,78400,0,26165824,20
fail_begin,nearly_sorted,random,1000000,MC-B,0,40999000,40504800,69900,0,9388608,20
fail_begin,nearly_sorted,random,1000000,MC-A-detect,0,40190000,39144400,78900,0,26165824,20
fail_begin,nearly_sorted,random,1000000,MC-A,1,41026500,40024000,77700,0,26165824,20
fail_begin,nearly_sorted,random,1000000,MC-A-detect,1,41230000,40200600,83600,0,26165824,20
fail_begin,nearly_sorted,random,1000000,MCC-B,1,109664600,47172300,60464700,62800,157829120,23
fail_begin,nearly_sorted,random,1000000,MCC-A,1,124680500,43577600,79090200,61300,105165872,23
fail_begin,nearly_sorted,random,1000000,MC-C,1,39671400,38639100,79300,0,26165824,20
fail_begin,nearly_sorted,random,1000000,MC-B,1,40034600,39632600,68300,0,9388608,20
fail_begin,nearly_sorted,random,1000000,MC-A-detect,2,40233600,39165400,75400,0,26165824,20
fail_begin,nearly_sorted,random,1000000,MCC-B,2,108619300,48339000,58184900,63100,157829120,23
fail_begin,nearly_sorted,random,1000000,MC-C,2,52284900,51151900,77800,0,26165824,20
fail_begin,nearly_sorted,random,1000000,MCC-A,2,154511700,62776600,89465600,65600,105165872,23
fail_begin,nearly_sorted,random,1000000,MC-A,2,57438200,56291800,84400,0,26165824,20
fail_begin,nearly_sorted,random,1000000,MC-B,2,57735100,57266600,73200,0,9388608,20
fail_begin,shuffled,random,1000000,MC-A-detect,0,62223300,61062000,79000,0,26165824,20
fail_begin,shuffled,random,1000000,MC-C,0,59368000,58319800,78100,0,26165824,20
fail_begin,shuffled,random,1000000,MCC-A,0,136074400,52714000,81306600,60900,105165872,23
fail_begin,shuffled,random,1000000,MCC-B,0,118241200,57258900,58938900,67000,157829120,23
fail_begin,shuffled,random,1000000,MC-A,0,47197400,46187400,74500,0,26165824,20
fail_begin,shuffled,random,1000000,MC-B,0,58405800,57992500,70300,0,9388608,20
fail_begin,shuffled,random,1000000,MC-A-detect,1,46805700,45767600,78400,0,26165824,20
fail_begin,shuffled,random,1000000,MCC-A,1,132303000,50737700,79382200,88600,105165872,23
fail_begin,shuffled,random,1000000,MC-A,1,50604300,49598300,77300,0,26165824,20
fail_begin,shuffled,random,1000000,MC-C,1,48026400,46993100,78900,0,26165824,20
fail_begin,shuffled,random,1000000,MC-B,1,59171400,58748500,70800,0,9388608,20
fail_begin,shuffled,random,1000000,MCC-B,1,111357400,50543200,58771000,62400,157829120,23
fail_begin,shuffled,random,1000000,MC-A-detect,2,46799400,45764500,76600,0,26165824,20
fail_begin,shuffled,random,1000000,MC-B,2,68373600,67911500,70400,0,9388608,20
fail_begin,shuffled,random,1000000,MC-A,2,64492200,63436300,77000,0,26165824,20
fail_begin,shuffled,random,1000000,MCC-B,2,113851300,53005200,58760500,63300,157829120,23
fail_begin,shuffled,random,1000000,MCC-A,2,131403100,50246300,79141600,60800,105165872,23
fail_begin,shuffled,random,1000000,MC-C,2,50854200,49839700,74600,0,26165824,20
fail_middle,sorted,random,1000000,MCC-B,0,89427100,14469100,72785800,82800,157829120,23
fail_middle,sorted,random,1000000,MC-C,0,17317900,13665200,2689000,0,26165888,21
fail_middle,sorted,random,1000000,MC-B,0,7928800,6156000,1372000,0,9388608,20
fail_middle,sorted,random,1000000,MC-A-detect,0,13036500,11107500,1014800,0,26165824,20
fail_middle,sorted,random,1000000,MC-A,0,12639300,10650800,1003000,0,26165824,20
fail_middle,sorted,random,1000000,MCC-A,0,99406600,14514400,82588400,61600,105165872,23
fail_middle,sorted,random,1000000,MC-A,1,15072800,12433900,1586400,0,26165824,20
fail_middle,sorted,random,1000000,MC-C,1,17764200,12590000,4094100,0,26165888,21
fail_middle,sorted,random,1000000,MCC-A,1,102370000,17399500,82920100,61700,105165872,23
fail_middle,sorted,random,1000000,MC-A-detect,1,12698300,10688700,1076200,0,26165824,20
fail_middle,sorted,random,1000000,MCC-B,1,97404700,17254100,78071200,61200,157829120,23
fail_middle,sorted,random,1000000,MC-B,1,6827500,5241800,1215400,0,9388608,20
fail_middle,sorted,random,1000000,MCC-B,2,94916700,14745000,78146200,61500,157829120,23
fail_middle,sorted,random,1000000,MC-C,2,15673200,12022000,2700100,0,26165888,21
fail_middle,sorted,random,1000000,MC-A,2,15831700,13714800,1177200,0,26165824,20
fail_middle,sorted,random,1000000,MC-A-detect,2,15729200,13662100,1045300,0,26165824,20
fail_middle,sorted,random,1000000,MC-B,2,7277600,5612800,1319600,0,9388608,20
fail_middle,sorted,random,1000000,MCC-A,2,97041600,14560200,80452100,60500,105165872,23
fail_middle,nearly_sorted,random,1000000,MC-A-detect,0,41436300,39179800,1281400,0,26165824,20
fail_middle,nearly_sorted,random,1000000,MC-B,0,41739800,40033900,1358600,0,9388608,20
fail_middle,nearly_sorted,random,1000000,MC-C,0,42799900,39073300,2736200,0,26165888,21
fail_middle,nearly_sorted,random,1000000,MC-A,0,46652100,44053300,1675900,0,26165824,20
fail_middle,nearly_sorted,random,1000000,MCC-A,0,126464300,43897600,80553000,61300,105165872,23
fail_middle,nearly_sorted,random,1000000,MCC-B,0,118085900,43599200,72440200,63800,157829120,23
fail_middle,nearly_sorted,random,1000000,MC-C,1,42656200,38989400,2731500,0,26165888,21
fail_middle,nearly_sorted,random,1000000,MCC-A,1,130514500,47618700,80867500,60200,105165872,23
fail_middle,nearly_sorted,random,1000000,MC-B,1,40833300,39216500,1263400,0,9388608,20
fail_middle,nearly_sorted,random,1000000,MC-A-detect,1,42012800,39473200,1597500,0,26165824,20
fail_middle,nearly_sorted,random,1000000,MCC-B,1,118378100,43351700,72992900,59600,157829120,23
fail_middle,nearly_sorted,random,1000000,MC-A,1,41263000,38951400,1360900,0,26165824,20
fail_middle,nearly_sorted,random,1000000,MC-A-detect,2,50415200,48154000,1335600,0,26165824,20
fail_middle,nearly_sorted,random,1000000,MCC-A,2,143158300,48798400,92271600,63100,105165872,23
fail_middle,nearly_sorted,random,1000000,MCC-B,2,123000100,45157900,75728500,62000,157829120,23
fail_middle,nearly_sorted,random,1000000,MC-A,2,42723000,39919200,1830200,0,26165824,20
fail_middle,nearly_sorted,random,1000000,MC-C,2,50740500,47093600,2722900,0,26165888,21
fail_middle,nearly_sorted,random,1000000,MC-B,2,41465300,39788300,1292600,0,9388608,20
fail_middle,shuffled,random,1000000,MC-A-detect,0,48893400,46284400,1617000,0,26165824,20
fail_middle,shuffled,random,1000000,MC-C,0,57142200,47335500,8866900,0,26165888,21
fail_middle,shuffled,random,1000000,MCC-B,0,160788400,56319200,102429800,61800,157829120,23
fail_middle,shuffled,random,1000000,MC-A,0,48773500,46078400,1733800,0,26165824,20
fail_middle,shuffled,random,1000000,MCC-A,0,158037200,50562200,105410400,62000,105165872,23
fail_middle,shuffled,random,1000000,MC-B,0,70234100,57548500,12336000,0,9388608,20
fail_middle,shuffled,random,1000000,MC-A-detect,1,49467000,46515200,1939500,0,26165824,20
fail_middle,shuffled,random,1000000,MC-C,1,57400900,52730800,3682800,0,26165888,21
fail_middle,shuffled,random,1000000,MCC-A,1,162694100,50417400,110231600,62700,105165872,23
fail_middle,shuffled,random,1000000,MC-A,1,49356300,46017000,2032700,0,26165824,20
fail_middle,shuffled,random,1000000,MC-B,1,72166100,59348300,12473400,0,9388608,20
fail_middle,shuffled,random,1000000,MCC-B,1,154026100,50235700,101691500,61500,157829120,23
fail_middle,shuffled,random,1000000,MC-A,2,55103100,52431900,1711500,0,26165824,20
fail_middle,shuffled,random,1000000,MC-B,2,72162500,59346500,12477400,0,9388608,20
fail_middle,shuffled,random,1000000,MC-A-detect,2,48431800,45702200,1727000,0,26165824,20
fail_middle,shuffled,random,1000000,MCC-B,2,155139800,51065500,102039300,61000,157829120,23
fail_middle,shuffled,random,1000000,MCC-A,2,157731800,49991200,105688000,61400,105165872,23
fail_middle,shuffled,random,1000000,MC-C,2,54637900,50004700,3703500,0,26165888,21
fail_end,sorted,random,1000000,MC-A-detect,0,13593600,10673700,1998200,0,26165824,20
fail_end,sorted,random,1000000,MCC-A,0,15709600,14495400,0,0,33165824,20
fail_end,sorted,random,1000000,MC-B,0,8126600,5337300,2443500,0,9388608,20
fail_end,sorted,random,1000000,MC-C,0,17034400,10717100,5377500,0,26165888,21
fail_end,sorted,random,1000000,MCC-B,0,16260700,15029600,0,0,33165824,20
fail_end,sorted,random,1000000,MC-A,0,13904000,10909400,2046600,0,26165824,20
fail_end,sorted,random,1000000,MCC-A,1,15826100,14603900,0,0,33165824,20
fail_end,sorted,random,1000000,MC-B,1,8120400,5380100,2395400,0,9388608,20
fail_end,sorted,random,1000000,MC-A,1,16043400,12663500,2394000,0,26165824,20
fail_end,sorted,random,1000000,MCC-B,1,19752900,18478700,0,0,33165824,20
fail_end,sorted,random,1000000,MC-C,1,17786300,11309800,5531400,0,26165888,21
fail_end,sorted,random,1000000,MC-A-detect,1,13543000,10376500,2244500,0,26165824,20
fail_end,sorted,random,1000000,MCC-A,2,15774000,14483900,0,0,33165824,20
fail_end,sorted,random,1000000,MC-C,2,17070300,10743700,5373900,0,26165888,21
fail_end,sorted,random,1000000,MCC-B,2,16298500,15017700,0,0,33165824,20
fail_end,sorted,random,1000000,MC-B,2,8317500,5493900,2472400,0,9388608,20
fail_end,sorted,random,1000000,MC-A,2,15008700,11537100,2492900,0,26165824,20
fail_end,sorted,random,1000000,MC-A-detect,2,15918600,12410000,2545000,0,26165824,20
fail_end,nearly_sorted,random,1000000,MC-A-detect,0,52830300,48432500,3231200,0,26165824,20
fail_end,nearly_sorted,random,1000000,MC-A,0,57809000,53188600,3470600,0,26165824,20
fail_end,nearly_sorted,random,1000000,MC-C,0,63453000,54599700,7921100,0,26165888,21
fail_end,nearly_sorted,random,1000000,MCC-A,0,58046800,56717700,0,0,33165824,20
fail_end,nearly_sorted,random,1000000,MCC-B,0,61574900,60169700,0,0,33165824,20
fail_end,nearly_sorted,random,1000000,MC-B,0,63043700,58456400,4166600,0,9388608,20
fail_end,nearly_sorted,random,1000000,MCC-B,1,63305300,61917700,0,0,33165824,20
fail_end,nearly_sorted,random,1000000,MC-C,1,66270800,57077200,8017800,0,26165888,21
fail_end,nearly_sorted,random,1000000,MC-B,1,53954800,50849800,2721800,0,9388608,20
fail_end,nearly_sorted,random,1000000,MC-A,1,44718600,40773400,2987600,0,26165824,20
fail_end,nearly_sorted,random,1000000,MCC-A,1,46561900,45332300,0,0,33165824,20
fail_end,nearly_sorted,random,1000000,MC-A-detect,1,48214100,43578200,3488700,0,26165824,20
fail_end,nearly_sorted,random,1000000,MCC-B,2,46954400,45723400,0,0,33165824,20
fail_end,nearly_sorted,random,1000000,MC-A,2,43821500,39138600,3702600,0,26165824,20
fail_end,nearly_sorted,random,1000000,MCC-A,2,45387700,44158800,0,0,33165824,20
fail_end,nearly_sorted,random,1000000,MC-B,2,42502200,39674500,2456300,0,9388608,20
fail_end,nearly_sorted,random,1000000,MC-A-detect,2,43375000,39041200,3389300,0,26165824,20
fail_end,nearly_sorted,random,1000000,MC-C,2,45971600,39645400,5385400,0,26165888,21
fail_end,shuffled,random,1000000,MC-A,0,50248500,45962000,3321400,0,26165824,20
fail_end,shuffled,random,1000000,MCC-B,0,52118600,50892600,0,0,33165824,20
fail_end,shuffled,random,1000000,MC-B,0,84850900,59115900,25365000,0,9388608,20
fail_end,shuffled,random,1000000,MCC-A,0,52807900,51261100,0,0,33165824,20
fail_end,shuffled,random,1000000,MC-C,0,79022300,59844800,18132200,0,26165888,21
fail_end,shuffled,random,1000000,MC-A-detect,0,53300000,49126300,3186500,0,26165824,20
fail_end,shuffled,random,1000000,MCC-A,1,52973900,51730800,0,0,33165824,20
fail_end,shuffled,random,1000000,MC-A-detect,1,51377900,47087000,3315400,0,26165824,20
fail_end,shuffled,random,1000000,MC-B,1,84454200,59095700,24938800,0,9388608,20
fail_end,shuffled,random,1000000,MC-C,1,60941200,52688900,7294300,0,26165888,21
fail_end,shuffled,random,1000000,MCC-B,1,52231300,51007100,0,0,33165824,20
fail_end,shuffled,random,1000000,MC-A,1,50607200,46354700,3253500,0,26165824,20
fail_end,shuffled,random,1000000,MCC-A,2,54592100,53371800,0,0,33165824,20
fail_end,shuffled,random,1000000,MC-A-detect,2,53856500,49711800,3148200,0,26165824,20
fail_end,shuffled,random,1000000,MCC-B,2,52117800,50874700,0,0,33165824,20
fail_end,shuffled,random,1000000,MC-A,2,50868000,46581300,3267300,0,26165824,20
fail_end,shuffled,random,1000000,MC-B,2,82733300,58131800,24246300,0,9388608,20
fail_end,shuffled,random,1000000,MC-C,2,53732900,45702000,7088000,0,26165888,21
expensive_long,sorted,expensive,1000000,MC-A-detect,0,11426400,10435100,62100,0,26165824,20
expensive_long,sorted,expensive,1000000,MC-C,0,11835500,10839900,63300,0,26165888,21
expensive_long,sorted,expensive,1000000,MCC-B,0,136925900,42620400,89734700,2514000,157829128,23
expensive_long,sorted,expensive,1000000,MC-B,0,6698600,6233600,67000,0,9388608,20
expensive_long,sorted,expensive,1000000,MC-A,0,14014400,13013800,62100,0,26165824,20
expensive_long,sorted,expensive,1000000,MCC-A,0,130511700,42657800,83297600,2503600,105165880,23
expensive_long,sorted,expensive,1000000,MCC-B,1,136885200,45752800,86376600,2681200,157829128,23
expensive_long,sorted,expensive,1000000,MC-A,1,12289100,11277800,62300,0,26165824,20
expensive_long,sorted,expensive,1000000,MC-B,1,5849000,5464400,60400,0,9388608,20
expensive_long,sorted,expensive,1000000,MC-C,1,11674000,10665200,69600,0,26165888,21
expensive_long,sorted,expensive,1000000,MC-A-detect,1,11414100,10430100,62300,0,26165824,20
expensive_long,sorted,expensive,1000000,MCC-A,1,132062400,45836500,81747900,2426000,105165880,23
expensive_long,sorted,expensive,1000000,MC-A-detect,2,11755100,10757100,63100,0,26165824,20
expensive_long,sorted,expensive,1000000,MCC-A,2,129941400,43169100,82316200,2432500,105165880,23
expensive_long,sorted,expensive,1000000,MCC-B,2,139472200,42402400,92331600,2626100,157829128,23
expensive_long,sorted,expensive,1000000,MC-A,2,12249400,11233400,75100,0,26165824,20
expensive_long,sorted,expensive,1000000,MC-C,2,12455000,11426200,67200,0,26165888,21
expensive_long,sorted,expensive,1000000,MC-B,2,6077900,5695700,61100,0,9388608,20
expensive_long,nearly_sorted,expensive,1000000,MC-B,0,40895900,40465900,78700,0,9388608,20
expensive_long,nearly_sorted,expensive,1000000,MC-C,0,45193900,44061300,200100,0,26165888,21
expensive_long,nearly_sorted,expensive,1000000,MC-A,0,41358300,40342000,74800,0,26165824,20
expensive_long,nearly_sorted,expensive,1000000,MCC-A,0,132068200,44016100,83381300,2487900,105165880,23
expensive_long,nearly_sorted,expensive,1000000,MC-A-detect,0,41136300,40107000,74100,0,26165824,20
expensive_long,nearly_sorted,expensive,1000000,MCC-B,0,153576000,48681400,100214500,2525300,157829128,23
expensive_long,nearly_sorted,expensive,1000000,MC-A-detect,1,40721700,39678400,73700,0,26165824,20
expensive_long,nearly_sorted,expensive,1000000,MC-A,1,40957100,39919100,76100,0,26165824,20
expensive_long,nearly_sorted,expensive,1000000,MCC-A,1,140801700,44521800,91194800,2979800,105165880,23
expensive_long,nearly_sorted,expensive,1000000,MC-B,1,40776600,40337700,80600,0,9388608,20
expensive_long,nearly_sorted,expensive,1000000,MC-C,1,42104500,41074500,80500,0,26165888,21
expensive_long,nearly_sorted,expensive,1000000,MCC-B,1,141400800,44897700,91593500,2805200,157829128,23
expensive_long,nearly_sorted,expensive,1000000,MCC-A,2,154543100,51400000,97607400,3357300,105165880,23
expensive_long,nearly_sorted,expensive,1000000,MC-A-detect,2,61001800,59885500,115300,0,26165824,20
expensive_long,nearly_sorted,expensive,1000000,MC-B,2,45727800,45255500,103700,0,9388608,20
expensive_long,nearly_sorted,expensive,1000000,MC-C,2,56990200,55933800,84500,0,26165888,21
expensive_long,nearly_sorted,expensive,1000000,MCC-B,2,172160600,66534300,100894000,2562000,157829128,23
expensive_long,nearly_sorted,expensive,1000000,MC-A,2,41079200,40017000,77500,0,26165824,20
expensive_long,shuffled,expensive,1000000,MC-B,0,59126900,58590100,193200,0,9388608,20
expensive_long,shuffled,expensive,1000000,MCC-A,0,192289900,54810000,131791400,3547700,105165880,23
expensive_long,shuffled,expensive,1000000,MC-A-detect,0,47459700,46444200,68500,0,26165824,20
expensive_long,shuffled,expensive,1000000,MCC-B,0,202119500,50996700,145477700,3562200,157829128,23
expensive_long,shuffled,expensive,1000000,MC-C,0,47470500,46425900,76500,0,26165888,21
expensive_long,shuffled,expensive,1000000,MC-A,0,54003000,52948600,73800,0,26165824,20
expensive_long,shuffled,expensive,1000000,MCC-B,1,213535500,52998800,154519200,3688300,157829128,23
expensive_long,shuffled,expensive,1000000,MC-A,1,50072700,49039500,72800,0,26165824,20
expensive_long,shuffled,expensive,1000000,MC-C,1,47643700,46603500,77300,0,26165888,21
expensive_long,shuffled,expensive,1000000,MC-A-detect,1,47604300,46557700,75200,0,26165824,20
expensive_long,shuffled,expensive,1000000,MCC-A,1,217056600,52576400,158181000,3616000,105165880,23
expensive_long,shuffled,expensive,1000000,MC-B,1,85004500,84484300,78500,0,9388608,20
expensive_long,shuffled,expensive,1000000,MC-A-detect,2,64624200,63246000,115500,0,26165824,20
expensive_long,shuffled,expensive,1000000,MC-B,2,82744000,82292100,70500,0,9388608,20
expensive_long,shuffled,expensive,1000000,MCC-A,2,231020800,62099000,162486600,3713900,105165880,23
expensive_long,shuffled,expensive,1000000,MCC-B,2,280317100,69152000,204800600,3651900,157829128,23
expensive_long,shuffled,expensive,1000000,MC-A,2,64514500,63178900,83100,0,26165824,20
expensive_long,shuffled,expensive,1000000,MC-C,2,64621900,63372600,80300,0,26165888,21
date32_chain,sorted,random,1000,MC-B,0,9800,5600,3800,0,9192,10
date32_chain,sorted,random,1000,MCC-C,0,51400,7600,40600,2400,92556,14
date32_chain,sorted,random,1000,MCC-B,0,69600,7200,58900,2500,142716,13
date32_chain,sorted,random,1000,MCC-A,0,56900,7300,46400,2300,92508,13
date32_chain,sorted,random,1000,MC-A-detect,0,8000,4700,3100,0,17384,10
date32_chain,sorted,random,1000,MC-C,0,13400,5300,8000,0,17448,11
date32_chain,sorted,random,1000,MC-A,0,7900,4900,2800,0,17384,10
date32_chain,sorted,random,1000,MC-B,1,9500,5600,3700,0,9192,10
date32_chain,sorted,random,1000,MC-A,1,7600,4600,2900,0,17384,10
date32_chain,sorted,random,1000,MCC-B,1,71300,6700,61300,2400,142716,13
date32_chain,sorted,random,1000,MC-C,1,13100,5000,8000,0,17448,11
date32_chain,sorted,random,1000,MCC-A,1,57400,7300,46900,2400,92508,13
date32_chain,sorted,random,1000,MC-A-detect,1,7900,4800,2900,0,17384,10
date32_chain,sorted,random,1000,MCC-C,1,51000,6800,41000,2400,92556,14
date32_chain,sorted,random,1000,MC-B,2,9300,5400,3700,0,9192,10
date32_chain,sorted,random,1000,MC-A,2,8200,4800,3100,0,17384,10
date32_chain,sorted,random,1000,MC-A-detect,2,7600,4400,3000,0,17384,10
date32_chain,sorted,random,1000,MC-C,2,13100,4900,8100,0,17448,11
date32_chain,sorted,random,1000,MCC-C,2,50400,6800,40400,2400,92556,14
date32_chain,sorted,random,1000,MCC-A,2,56400,6900,46500,2300,92508,13
date32_chain,sorted,random,1000,MCC-B,2,70700,7100,60300,2400,142716,13
date32_chain,shuffled,random,1000,MC-B,0,44000,39700,3900,0,9192,10
date32_chain,shuffled,random,1000,MC-A-detect,0,30400,26100,4200,0,17384,10
date32_chain,shuffled,random,1000,MC-C,0,32000,23600,8100,0,17448,11
date32_chain,shuffled,random,1000,MCC-C,0,73500,28400,41600,2700,92556,14
date32_chain,shuffled,random,1000,MCC-B,0,92500,27600,61200,2700,142716,13
date32_chain,shuffled,random,1000,MCC-A,0,75500,25000,46900,2700,92508,13
date32_chain,shuffled,random,1000,MC-A,0,27500,24400,2900,0,17384,10
date32_chain,shuffled,random,1000,MC-C,1,30700,22400,8200,0,17448,11
date32_chain,shuffled,random,1000,MC-A-detect,1,24500,21200,3000,0,17384,10
date32_chain,shuffled,random,1000,MCC-A,1,85500,27100,53800,3500,92508,13
date32_chain,shuffled,random,1000,MCC-B,1,91300,25700,61900,2800,142716,13
date32_chain,shuffled,random,1000,MC-A,1,27600,24100,3100,0,17384,10
date32_chain,shuffled,random,1000,MC-B,1,45300,41500,3500,0,9192,10
date32_chain,shuffled,random,1000,MCC-C,1,71100,26600,41200,2700,92556,14
date32_chain,shuffled,random,1000,MCC-C,2,69000,25000,40700,2700,92556,14
date32_chain,shuffled,random,1000,MC-C,2,32800,24300,8400,0,17448,11
date32_chain,shuffled,random,1000,MCC-B,2,90000,24800,61500,2700,142716,13
date32_chain,shuffled,random,1000,MCC-A,2,76800,25000,48200,2700,92508,13
date32_chain,shuffled,random,1000,MC-A,2,27000,23900,2800,0,17384,10
date32_chain,shuffled,random,1000,MC-B,2,51400,46600,4600,0,9192,10
date32_chain,shuffled,random,1000,MC-A-detect,2,27400,23500,3700,0,17384,10
date32_dense,sorted,random,1000,MC-C,0,18600,5700,12800,0,33768,19
date32_dense,sorted,random,1000,MCC-B,0,161600,7800,152500,400,136740,13
date32_dense,sorted,random,1000,MC-B,0,7600,5400,2000,0,9192,10
date32_dense,sorted,random,1000,MC-A,0,6400,5200,1100,0,17384,10
date32_dense,sorted,random,1000,MC-A-detect,0,5700,4600,1000,0,17384,10
date32_dense,sorted,random,1000,MCC-C,0,1712700,7400,1703600,700,74628,14
date32_dense,sorted,random,1000,MCC-A,0,73000,8100,63800,400,74580,13
date32_dense,sorted,random,1000,MCC-A,1,69800,8000,61000,200,74580,13
date32_dense,sorted,random,1000,MC-B,1,7600,5200,2000,0,9192,10
date32_dense,sorted,random,1000,MC-C,1,17500,5300,12000,0,33768,19
date32_dense,sorted,random,1000,MCC-C,1,1708200,7700,1698900,600,74628,14
date32_dense,sorted,random,1000,MC-A-detect,1,6800,5300,1200,0,17384,10
date32_dense,sorted,random,1000,MCC-B,1,159400,7500,150500,400,136740,13
date32_dense,sorted,random,1000,MC-A,1,6800,5500,1000,0,17384,10
date32_dense,sorted,random,1000,MCC-A,2,73000,7800,64100,400,74580,13
date32_dense,sorted,random,1000,MC-C,2,18100,5500,12300,0,33768,19
date32_dense,sorted,random,1000,MCC-B,2,179400,7400,168000,400,136740,13
date32_dense,sorted,random,1000,MCC-C,2,1745100,9100,1734300,600,74628,14
date32_dense,sorted,random,1000,MC-A,2,6900,5700,1000,0,17384,10
date32_dense,sorted,random,1000,MC-B,2,7500,5300,2100,0,9192,10
date32_dense,sorted,random,1000,MC-A-detect,2,6200,4900,1000,0,17384,10
date32_dense,shuffled,random,1000,MCC-A,0,97400,29800,66600,300,74580,13
date32_dense,shuffled,random,1000,MC-A-detect,0,26900,25000,1600,0,17384,10
date32_dense,shuffled,random,1000,MC-A,0,23800,22200,1500,0,17384,10
date32_dense,shuffled,random,1000,MC-C,0,33800,20800,12900,0,33768,19
date32_dense,shuffled,random,1000,MCC-B,0,182900,28600,152900,500,136740,13
date32_dense,shuffled,random,1000,MC-B,0,43400,40500,2400,0,9192,10
date32_dense,shuffled,random,1000,MCC-C,0,1777300,29200,1746400,600,74628,14
date32_dense,shuffled,random,1000,MCC-A,1,97100,29900,66100,400,74580,13
date32_dense,shuffled,random,1000,MCC-B,1,181800,27500,152700,400,136740,13
date32_dense,shuffled,random,1000,MC-A-detect,1,27000,25400,1500,0,17384,10
date32_dense,shuffled,random,1000,MCC-C,1,1738600,28800,1708200,600,74628,14
date32_dense,shuffled,random,1000,MC-C,1,38400,25400,12800,0,33768,19
date32_dense,shuffled,random,1000,MC-A,1,24500,22700,1500,0,17384,10
date32_dense,shuffled,random,1000,MC-B,1,43700,41100,2300,0,9192,10
date32_dense,shuffled,random,1000,MC-B,2,38800,36200,2500,0,9192,10
date32_dense,shuffled,random,1000,MCC-B,2,183200,28400,153300,400,136740,13
date32_dense,shuffled,random,1000,MC-C,2,38400,25700,12400,0,33768,19
date32_dense,shuffled,random,1000,MCC-A,2,96700,29400,65900,300,74580,13
date32_dense,shuffled,random,1000,MC-A,2,25900,24400,1300,0,17384,10
date32_dense,shuffled,random,1000,MCC-C,2,1737100,27600,1707600,700,74628,14
date32_dense,shuffled,random,1000,MC-A-detect,2,27300,25700,1400,0,17384,10
date32_duplicates,sorted,random,1000,MC-A,0,6800,4900,1500,0,17384,10
date32_duplicates,sorted,random,1000,MCC-B,0,24600,7400,16400,200,21460,13
date32_duplicates,sorted,random,1000,MC-A-detect,0,7000,4900,1900,0,17384,10
date32_duplicates,sorted,random,1000,MC-C,0,12900,5400,7400,0,33768,19
date32_duplicates,sorted,random,1000,MCC-C,0,24700,7100,16900,200,21460,14
date32_duplicates,sorted,random,1000,MCC-A,0,20000,7400,11900,200,21460,13
date32_duplicates,sorted,random,1000,MC-B,0,8300,5200,2900,0,9192,10
date32_duplicates,sorted,random,1000,MC-A-detect,1,6500,4600,1700,0,17384,10
date32_duplicates,sorted,random,1000,MCC-B,1,24500,7400,16400,100,21460,13
date32_duplicates,sorted,random,1000,MC-A,1,7300,5400,1600,0,17384,10
date32_duplicates,sorted,random,1000,MC-C,1,12100,4900,7100,0,33768,19
date32_duplicates,sorted,random,1000,MCC-A,1,19700,7400,11600,200,21460,13
date32_duplicates,sorted,random,1000,MCC-C,1,24400,6800,17000,200,21460,14
date32_duplicates,sorted,random,1000,MC-B,1,8200,5100,2900,0,9192,10
date32_duplicates,sorted,random,1000,MC-C,2,11700,4800,6700,0,33768,19
date32_duplicates,sorted,random,1000,MCC-C,2,24900,7600,16700,100,21460,14
date32_duplicates,sorted,random,1000,MC-A,2,7100,5100,1800,0,17384,10
date32_duplicates,sorted,random,1000,MCC-B,2,24100,7300,16200,200,21460,13
date32_duplicates,sorted,random,1000,MCC-A,2,19500,7200,11500,200,21460,13
date32_duplicates,sorted,random,1000,MC-B,2,8400,5300,2900,0,9192,10
date32_duplicates,sorted,random,1000,MC-A-detect,2,6700,4800,1800,0,17384,10
date32_duplicates,shuffled,random,1000,MCC-A,0,34900,22100,12100,200,21460,13
date32_duplicates,shuffled,random,1000,MCC-B,0,40200,22500,17000,200,21460,13
date32_duplicates,shuffled,random,1000,MC-A-detect,0,23400,21300,1900,0,17384,10
date32_duplicates,shuffled,random,1000,MC-C,0,27000,19500,7300,0,33768,19
date32_duplicates,shuffled,random,1000,MC-B,0,40000,36700,3200,0,9192,10
date32_duplicates,shuffled,random,1000,MCC-C,0,41700,23900,17000,200,21460,14
date32_duplicates,shuffled,random,1000,MC-A,0,22800,20700,1900,0,17384,10
date32_duplicates,shuffled,random,1000,MCC-C,1,41100,23200,17300,200,21460,14
date32_duplicates,shuffled,random,1000,MCC-A,1,34800,22000,12000,200,21460,13
date32_duplicates,shuffled,random,1000,MC-B,1,37300,34400,2600,0,9192,10
date32_duplicates,shuffled,random,1000,MC-C,1,28500,20600,7700,0,33768,19
date32_duplicates,shuffled,random,1000,MC-A-detect,1,21700,19600,1900,0,17384,10
date32_duplicates,shuffled,random,1000,MCC-B,1,39700,22400,16300,300,21460,13
date32_duplicates,shuffled,random,1000,MC-A,1,21600,19800,1700,0,17384,10
date32_duplicates,shuffled,random,1000,MCC-C,2,40300,22400,17400,200,21460,14
date32_duplicates,shuffled,random,1000,MCC-A,2,35500,23100,11500,200,21460,13
date32_duplicates,shuffled,random,1000,MCC-B,2,39900,22400,16700,100,21460,13
date32_duplicates,shuffled,random,1000,MC-B,2,39300,35900,3100,0,9192,10
date32_duplicates,shuffled,random,1000,MC-A-detect,2,22900,20900,1800,0,17384,10
date32_duplicates,shuffled,random,1000,MC-C,2,27200,19600,7400,0,33768,19
date32_duplicates,shuffled,random,1000,MC-A,2,21400,19400,1800,0,17384,10
date32_chain,sorted,random,10000,MCC-B,0,1151900,55600,1072500,22000,2115036,17
date32_chain,sorted,random,10000,MCC-A,0,799900,55800,583400,22100,1022268,17
date32_chain,sorted,random,10000,MC-C,0,149400,68900,79400,0,272208,15
date32_chain,sorted,random,10000,MC-A,0,67100,36800,29600,0,272144,14
date32_chain,sorted,random,10000,MC-A-detect,0,62900,34300,27900,0,272144,14
date32_chain,sorted,random,10000,MC-B,0,73200,41000,31600,0,141072,14
date32_chain,sorted,random,10000,MC-A-detect,1,71900,43900,27300,0,272144,14
date32_chain,sorted,random,10000,MC-C,1,116500,37200,78600,0,272208,15
date32_chain,sorted,random,10000,MCC-A,1,828300,54500,750200,22300,1022268,17
date32_chain,sorted,random,10000,MC-B,1,74300,39300,34300,0,141072,14
date32_chain,sorted,random,10000,MCC-B,1,1196600,54300,1118600,22100,2115036,17
date32_chain,sorted,random,10000,MC-A,1,65700,37300,27800,0,272144,14
date32_chain,sorted,random,10000,MCC-A,2,654000,55000,575700,22000,1022268,17
date32_chain,sorted,random,10000,MC-A,2,66400,37600,28200,0,272144,14
date32_chain,sorted,random,10000,MCC-B,2,1131900,54600,1053600,21900,2115036,17
date32_chain,sorted,random,10000,MC-C,2,116300,36300,79300,0,272208,15
date32_chain,sorted,random,10000,MC-B,2,76700,41700,34500,0,141072,14
date32_chain,sorted,random,10000,MC-A-detect,2,63500,34800,28100,0,272144,14
date32_chain,shuffled,random,10000,MC-B,0,547700,493300,53300,0,141072,14
date32_chain,shuffled,random,10000,MC-C,0,395500,312800,81700,0,272208,15
date32_chain,shuffled,random,10000,MC-A-detect,0,348900,318900,28800,0,272144,14
date32_chain,shuffled,random,10000,MCC-A,0,1016400,349600,640100,25300,1022268,17
date32_chain,shuffled,random,10000,MCC-B,0,1507100,334400,1145800,25100,2115036,17
date32_chain,shuffled,random,10000,MC-A,0,342400,311900,29400,0,272144,14
date32_chain,shuffled,random,10000,MC-B,1,558100,511200,45500,0,141072,14
date32_chain,shuffled,random,10000,MCC-B,1,1430500,331400,1072400,24900,2115036,17
date32_chain,shuffled,random,10000,MC-A,1,341900,312800,27900,0,272144,14
date32_chain,shuffled,random,10000,MC-C,1,395900,313700,81100,0,272208,15
date32_chain,shuffled,random,10000,MC-A-detect,1,338000,308600,28300,0,272144,14
date32_chain,shuffled,random,10000,MCC-A,1,1002400,331400,644600,25100,1022268,17
date32_chain,shuffled,random,10000,MC-C,2,439300,316000,122200,0,272208,15
date32_chain,shuffled,random,10000,MC-A-detect,2,339500,309800,28400,0,272144,14
date32_chain,shuffled,random,10000,MC-A,2,356900,325000,30500,0,272144,14
date32_chain,shuffled,random,10000,MCC-B,2,1461300,339000,1086000,34500,2115036,17
date32_chain,shuffled,random,10000,MC-B,2,541600,496500,43900,0,141072,14
date32_chain,shuffled,random,10000,MCC-A,2,1010200,332500,651000,25300,1022268,17
date32_dense,sorted,random,10000,MC-A-detect,0,47400,35300,11600,0,272144,14
date32_dense,sorted,random,10000,MC-B,0,61800,42200,18900,0,141072,14
date32_dense,sorted,random,10000,MC-C,0,177400,37100,139800,0,403216,26
date32_dense,sorted,random,10000,MCC-A,0,807600,55700,750000,800,842340,17
date32_dense,sorted,random,10000,MCC-B,0,1845500,55300,1788100,900,1268628,17
date32_dense,sorted,random,10000,MC-A,0,48000,38400,9100,0,272144,14
date32_dense,sorted,random,10000,MC-B,1,61400,41200,19700,0,141072,14
date32_dense,sorted,random,10000,MC-C,1,179700,37400,141900,0,403216,26
date32_dense,sorted,random,10000,MCC-A,1,794800,55100,737800,800,842340,17
date32_dense,sorted,random,10000,MC-A-detect,1,45300,36300,8400,0,272144,14
date32_dense,sorted,random,10000,MCC-B,1,1832800,54900,1776100,800,1268628,17
date32_dense,sorted,random,10000,MC-A,1,49700,38600,10500,0,272144,14
date32_dense,sorted,random,10000,MC-A-detect,2,44300,35400,8400,0,272144,14
date32_dense,sorted,random,10000,MCC-B,2,1984600,55000,1781300,1000,1268628,17
date32_dense,sorted,random,10000,MC-C,2,306700,111200,195100,0,403216,26
date32_dense,sorted,random,10000,MC-B,2,58700,39700,18500,0,141072,14
date32_dense,sorted,random,10000,MCC-A,2,892000,54300,835700,800,842340,17
date32_dense,sorted,random,10000,MC-A,2,46600,37600,8500,0,272144,14
date32_dense,shuffled,random,10000,MCC-A,0,1139900,337000,800900,900,842340,17
date32_dense,shuffled,random,10000,MC-A-detect,0,319400,308300,9900,0,272144,14
date32_dense,shuffled,random,10000,MC-A,0,301600,289800,10800,0,272144,14
date32_dense,shuffled,random,10000,MCC-B,0,2177100,336100,1839200,800,1268628,17
date32_dense,shuffled,random,10000,MC-C,0,426300,293600,132200,0,403216,26
date32_dense,shuffled,random,10000,MC-B,0,492800,467300,24200,0,141072,14
date32_dense,shuffled,random,10000,MCC-A,1,1159200,327400,829800,800,842340,17
date32_dense,shuffled,random,10000,MC-C,1,430000,295600,133900,0,403216,26
date32_dense,shuffled,random,10000,MC-A-detect,1,299300,288100,10100,0,272144,14
date32_dense,shuffled,random,10000,MC-B,1,503000,468100,33700,0,141072,14
date32_dense,shuffled,random,10000,MC-A,1,300200,289600,9400,0,272144,14
date32_dense,shuffled,random,10000,MCC-B,1,2234600,335800,1896700,900,1268628,17
date32_dense,shuffled,random,10000,MCC-A,2,1150200,330000,818200,900,842340,17
date32_dense,shuffled,random,10000,MC-A,2,313600,302700,9800,0,272144,14
date32_dense,shuffled,random,10000,MCC-B,2,2207300,332800,1872400,900,1268628,17
date32_dense,shuffled,random,10000,MC-B,2,501300,476600,23500,0,141072,14
date32_dense,shuffled,random,10000,MC-A-detect,2,303000,292000,9800,0,272144,14
date32_dense,shuffled,random,10000,MC-C,2,445000,304400,140100,0,403216,26
date32_duplicates,sorted,random,10000,MC-A,0,53000,37400,15100,0,272144,14
date32_duplicates,sorted,random,10000,MCC-A,0,168500,55100,111800,500,312220,17
date32_duplicates,sorted,random,10000,MCC-B,0,213800,55700,156200,600,312220,17
date32_duplicates,sorted,random,10000,MC-A-detect,0,50900,34900,15600,0,272144,14
date32_duplicates,sorted,random,10000,MC-B,0,68600,42300,25800,0,141072,14
date32_duplicates,sorted,random,10000,MC-C,0,87900,36900,50600,0,534288,27
date32_duplicates,sorted,random,10000,MCC-A,1,170100,54900,113500,600,312220,17
date32_duplicates,sorted,random,10000,MCC-B,1,209900,52100,155900,600,312220,17
date32_duplicates,sorted,random,10000,MC-B,1,71100,43200,27400,0,141072,14
date32_duplicates,sorted,random,10000,MC-A,1,52500,37000,14900,0,272144,14
date32_duplicates,sorted,random,10000,MC-A-detect,1,51200,35200,15400,0,272144,14
date32_duplicates,sorted,random,10000,MC-C,1,89100,37500,51100,0,534288,27
date32_duplicates,sorted,random,10000,MC-B,2,67400,41800,25000,0,141072,14
date32_duplicates,sorted,random,10000,MC-A-detect,2,53700,35400,17900,0,272144,14
date32_duplicates,sorted,random,10000,MCC-B,2,216900,54100,161000,600,312220,17
date32_duplicates,sorted,random,10000,MC-C,2,88200,37300,50500,0,534288,27
date32_duplicates,sorted,random,10000,MC-A,2,55400,39400,15300,0,272144,14
date32_duplicates,sorted,random,10000,MCC-A,2,167700,54100,111800,600,312220,17
date32_duplicates,shuffled,random,10000,MC-A-detect,0,284900,268200,15600,0,272144,14
date32_duplicates,shuffled,random,10000,MC-A,0,279500,263700,14700,0,272144,14
date32_duplicates,shuffled,random,10000,MC-B,0,465400,436700,27500,0,141072,14
date32_duplicates,shuffled,random,10000,MCC-B,0,497800,297100,198600,600,312220,17
date32_duplicates,shuffled,random,10000,MCC-A,0,400600,286200,112300,700,312220,17
date32_duplicates,shuffled,random,10000,MC-C,0,319600,265900,53300,0,534288,27
date32_duplicates,shuffled,random,10000,MC-A-detect,1,275700,259600,15000,0,272144,14
date32_duplicates,shuffled,random,10000,MCC-B,1,454200,294800,157400,600,312220,17
date32_duplicates,shuffled,random,10000,MCC-A,1,415300,302100,111100,600,312220,17
date32_duplicates,shuffled,random,10000,MC-A,1,283500,266500,15800,0,272144,14
date32_duplicates,shuffled,random,10000,MC-B,1,454400,425200,28000,0,141072,14
date32_duplicates,shuffled,random,10000,MC-C,1,320100,266200,53400,0,534288,27
date32_duplicates,shuffled,random,10000,MCC-A,2,398400,284300,112000,600,312220,17
date32_duplicates,shuffled,random,10000,MC-B,2,464300,435000,28100,0,141072,14
date32_duplicates,shuffled,random,10000,MC-C,2,326500,273600,52500,0,534288,27
date32_duplicates,shuffled,random,10000,MC-A-detect,2,281100,264800,15200,0,272144,14
date32_duplicates,shuffled,random,10000,MC-A,2,276100,261000,14100,0,272144,14
date32_duplicates,shuffled,random,10000,MCC-B,2,471200,287600,181500,600,312220,17
date32_chain,sorted,random,100000,MC-B,0,1032800,619400,347800,0,1148576,17
date32_chain,sorted,random,100000,MC-C,0,1856700,949400,805400,0,2197216,18
date32_chain,sorted,random,100000,MCC-B,0,12503400,1229300,10785800,235100,17480092,20
date32_chain,sorted,random,100000,MC-A-detect,0,1301700,927700,280600,0,2197152,17
date32_chain,sorted,random,100000,MC-A,0,1347000,957500,278600,0,2197152,17
date32_chain,sorted,random,100000,MCC-A,0,10208700,1195400,8518100,238400,9697276,20
date32_chain,sorted,random,100000,MC-A,1,1381300,1006100,278700,0,2197152,17
date32_chain,sorted,random,100000,MCC-A,1,10156500,1196900,8482400,224200,9697276,20
date32_chain,sorted,random,100000,MCC-B,1,12504000,1135900,10883400,237600,17480092,20
date32_chain,sorted,random,100000,MC-B,1,971100,567000,338400,0,1148576,17
date32_chain,sorted,random,100000,MC-C,1,2256600,955900,1202400,0,2197216,18
date32_chain,sorted,random,100000,MC-A-detect,1,1311700,926300,289700,0,2197152,17
date32_chain,sorted,random,100000,MC-C,2,1855000,943700,811700,0,2197216,18
date32_chain,sorted,random,100000,MCC-A,2,10153600,1302100,8391700,223000,9697276,20
date32_chain,sorted,random,100000,MCC-B,2,12976200,1266500,11236700,235300,17480092,20
date32_chain,sorted,random,100000,MC-A-detect,2,1360500,990600,277800,0,2197152,17
date32_chain,sorted,random,100000,MC-B,2,982700,576400,343000,0,1148576,17
date32_chain,sorted,random,100000,MC-A,2,1317700,940600,279300,0,2197152,17
date32_chain,shuffled,random,100000,MC-C,0,5220000,4214900,912300,0,2197216,18
date32_chain,shuffled,random,100000,MCC-A,0,14961100,4451300,10000200,264400,9697276,20
date32_chain,shuffled,random,100000,MC-A-detect,0,4597800,4200500,296000,0,2197152,17
date32_chain,shuffled,random,100000,MC-B,0,7136900,6395900,672000,0,1148576,17
date32_chain,shuffled,random,100000,MCC-B,0,18030500,4491800,12961300,336000,17480092,20
date32_chain,shuffled,random,100000,MC-A,0,4628000,4231900,294700,0,2197152,17
date32_chain,shuffled,random,100000,MC-A-detect,1,4662400,4267200,293500,0,2197152,17
date32_chain,shuffled,random,100000,MCC-A,1,15177700,4474600,10217900,290300,9697276,20
date32_chain,shuffled,random,100000,MCC-B,1,13705200,3371400,9865400,276800,17480092,20
date32_chain,shuffled,random,100000,MC-C,1,4804600,3799800,905500,0,2197216,18
date32_chain,shuffled,random,100000,MC-A,1,4366000,4119300,167300,0,2197152,17
date32_chain,shuffled,random,100000,MC-B,1,5319200,4756800,512300,0,1148576,17
date32_chain,shuffled,random,100000,MC-C,2,3872700,3249000,537300,0,2197216,18
date32_chain,shuffled,random,100000,MC-A-detect,2,3333500,3102700,159100,0,2197152,17
date32_chain,shuffled,random,100000,MC-A,2,3420900,3186800,158700,0,2197152,17
date32_chain,shuffled,random,100000,MCC-B,2,17256500,3530900,13195600,281400,17480092,20
date32_chain,shuffled,random,100000,MC-B,2,7192300,6442700,682600,0,1148576,17
date32_chain,shuffled,random,100000,MCC-A,2,14921500,4441500,9967800,269200,9697276,20
date32_dense,sorted,random,100000,MC-A,0,1344900,1160800,90400,0,2197152,17
date32_dense,sorted,random,100000,MCC-A,0,11740300,1285100,10243800,8600,7897348,20
date32_dense,sorted,random,100000,MCC-B,0,25464200,1204800,24020100,11300,16880116,20
date32_dense,sorted,random,100000,MC-C,0,3461700,997800,2368800,0,4294304,33
date32_dense,sorted,random,100000,MC-A-detect,0,1106900,929900,82800,0,2197152,17
date32_dense,sorted,random,100000,MC-B,0,817100,565500,188400,0,1148576,17
date32_dense,sorted,random,100000,MC-C,1,3394000,941600,2359100,0,4294304,33
date32_dense,sorted,random,100000,MC-B,1,838900,580900,196500,0,1148576,17
date32_dense,sorted,random,100000,MC-A-detect,1,1093600,918500,82300,0,2197152,17
date32_dense,sorted,random,100000,MCC-A,1,11516500,1213800,10086800,8600,7897348,20
date32_dense,sorted,random,100000,MC-A,1,1152800,980600,74300,0,2197152,17
date32_dense,sorted,random,100000,MCC-B,1,25295000,1176300,23887300,10500,16880116,20
date32_dense,sorted,random,100000,MC-B,2,867500,615300,186800,0,1148576,17
date32_dense,sorted,random,100000,MC-A-detect,2,1165600,981200,90200,0,2197152,17
date32_dense,sorted,random,100000,MCC-B,2,21468700,1190000,20092800,11400,16880116,20
date32_dense,sorted,random,100000,MCC-A,2,9508400,1020600,8327400,7500,7897348,20
date32_dense,sorted,random,100000,MC-A,2,949500,818200,60100,0,2197152,17
date32_dense,sorted,random,100000,MC-C,2,2586100,755000,1762400,0,4294304,33
date32_dense,shuffled,random,100000,MC-C,0,4941300,3188100,1683100,0,4294304,33
date32_dense,shuffled,random,100000,MCC-A,0,13427700,3430500,9820500,11500,7897348,20
date32_dense,shuffled,random,100000,MC-B,0,4513800,4262400,198400,0,1148576,17
date32_dense,shuffled,random,100000,MC-A-detect,0,3122000,2976300,66500,0,2197152,17
date32_dense,shuffled,random,100000,MCC-B,0,26627300,3301100,23140300,10800,16880116,20
date32_dense,shuffled,random,100000,MC-A,0,3129400,2994900,67200,0,2197152,17
date32_dense,shuffled,random,100000,MC-B,1,4413700,4159700,203000,0,1148576,17
date32_dense,shuffled,random,100000,MC-C,1,4777500,2921400,1788800,0,4294304,33
date32_dense,shuffled,random,100000,MCC-B,1,28541100,3554600,24761700,10000,16880116,20
date32_dense,shuffled,random,100000,MC-A-detect,1,4272300,4080100,93600,0,2197152,17
date32_dense,shuffled,random,100000,MC-A,1,4189300,3979700,108900,0,2197152,17
date32_dense,shuffled,random,100000,MCC-A,1,16908600,4464800,12216400,9800,7897348,20
date32_dense,shuffled,random,100000,MC-C,2,6405000,4035900,2272500,0,4294304,33
date32_dense,shuffled,random,100000,MC-A,2,4188700,3999700,91700,0,2197152,17
date32_dense,shuffled,random,100000,MCC-B,2,32945900,4462500,28258300,10800,16880116,20
date32_dense,shuffled,random,100000,MC-B,2,6438500,6035300,335400,0,1148576,17
date32_dense,shuffled,random,100000,MC-A-detect,2,4187700,3992800,94800,0,2197152,17
date32_dense,shuffled,random,100000,MCC-A,2,17079200,4438600,12412900,9700,7897348,20
date32_duplicates,sorted,random,100000,MC-C,0,2180100,915100,1173300,0,4294304,33
date32_duplicates,sorted,random,100000,MC-A-detect,0,1172800,931000,149100,0,2197152,17
date32_duplicates,sorted,random,100000,MC-A,0,1188300,943500,150400,0,2197152,17
date32_duplicates,sorted,random,100000,MCC-A,0,2534900,1273600,1162400,4300,2597228,20
date32_duplicates,sorted,random,100000,MC-B,0,1044600,710200,272100,0,1148576,17
date32_duplicates,sorted,random,100000,MCC-B,0,2896000,1174800,1619800,3800,2597228,20
date32_duplicates,sorted,random,100000,MC-C,1,2315300,1003300,1222000,0,4294304,33
date32_duplicates,sorted,random,100000,MC-A-detect,1,1316900,1076500,151600,0,2197152,17
date32_duplicates,sorted,random,100000,MCC-B,1,3333200,1577200,1626800,40300,2597228,20
date32_duplicates,sorted,random,100000,MC-A,1,1496300,1262600,145500,0,2197152,17
date32_duplicates,sorted,random,100000,MCC-A,1,2385500,1146100,1138200,3100,2597228,20
date32_duplicates,sorted,random,100000,MC-B,1,900100,567900,265900,0,1148576,17
date32_duplicates,sorted,random,100000,MCC-A,2,2352100,1129800,1123500,3000,2597228,20
date32_duplicates,sorted,random,100000,MC-A,2,1200100,954100,151300,0,2197152,17
date32_duplicates,sorted,random,100000,MCC-B,2,2841600,1114300,1626500,3300,2597228,20
date32_duplicates,sorted,random,100000,MC-A-detect,2,1214300,958600,152300,0,2197152,17
date32_duplicates,sorted,random,100000,MC-C,2,2202200,942900,1168400,0,4294304,33
date32_duplicates,sorted,random,100000,MC-B,2,918800,587100,265200,0,1148576,17
date32_duplicates,shuffled,random,100000,MC-A,0,3905100,3653000,152100,0,2197152,17
date32_duplicates,shuffled,random,100000,MC-C,0,4920900,3640200,1165200,0,4294304,33
date32_duplicates,shuffled,random,100000,MCC-B,0,5593400,3878600,1609200,3300,2597228,20
date32_duplicates,shuffled,random,100000,MC-B,0,5456400,5115700,269500,0,1148576,17
date32_duplicates,shuffled,random,100000,MC-A-detect,0,3865800,3617000,153300,0,2197152,17
date32_duplicates,shuffled,random,100000,MCC-A,0,5115000,3864000,1147700,3400,2597228,20
date32_duplicates,shuffled,random,100000,MCC-B,1,5639700,3919200,1619700,3700,2597228,20
date32_duplicates,shuffled,random,100000,MCC-A,1,5069200,3834100,1133000,3200,2597228,20
date32_duplicates,shuffled,random,100000,MC-C,1,4942600,3636500,1188300,0,4294304,33
date32_duplicates,shuffled,random,100000,MC-A-detect,1,4083700,3827400,162700,0,2197152,17
date32_duplicates,shuffled,random,100000,MC-B,1,5394100,5066500,262400,0,1148576,17
date32_duplicates,shuffled,random,100000,MC-A,1,3863300,3616000,148600,0,2197152,17
date32_duplicates,shuffled,random,100000,MCC-A,2,4349200,3450800,819200,2800,2597228,20
date32_duplicates,shuffled,random,100000,MCC-B,2,4718300,2957700,1660800,3500,2597228,20
date32_duplicates,shuffled,random,100000,MC-C,2,5118400,3783300,1241200,0,4294304,33
date32_duplicates,shuffled,random,100000,MC-A,2,3923200,3665400,153600,0,2197152,17
date32_duplicates,shuffled,random,100000,MC-A-detect,2,3903500,3655400,152000,0,2197152,17
date32_duplicates,shuffled,random,100000,MC-B,2,4019000,3776000,190200,0,1148576,17
date32_chain,sorted,random,1000000,MC-B,0,9837500,6705600,2731200,0,9388608,20
date32_chain,sorted,random,1000000,MC-A,0,12390300,9563300,2047700,0,17777216,20
date32_chain,sorted,random,1000000,MCC-B,0,126865000,13945600,108212500,2742200,145440540,23
date32_chain,sorted,random,1000000,MCC-A,0,114980700,13437100,96608800,2797400,92777340,23
date32_chain,sorted,random,1000000,MC-A-detect,0,13510400,9701000,3003900,0,17777216,20
date32_chain,sorted,random,1000000,MC-C,0,18918300,9933500,8160800,0,17777280,21
date32_chain,sorted,random,1000000,MCC-B,1,120141100,16314000,99070200,2964100,145440540,23
date32_chain,sorted,random,1000000,MCC-A,1,119443300,13924300,100567900,2822800,92777340,23
date32_chain,sorted,random,1000000,MC-C,1,19104100,10104000,8183000,0,17777280,21
date32_chain,sorted,random,1000000,MC-B,1,10855600,6888800,3522600,0,9388608,20
date32_chain,sorted,random,1000000,MC-A,1,14192800,10373100,2998700,0,17777216,20
date32_chain,sorted,random,1000000,MC-A-detect,1,15285200,11402400,3050200,0,17777216,20
date32_chain,sorted,random,1000000,MC-A-detect,2,14139600,10385000,2952600,0,17777216,20
date32_chain,sorted,random,1000000,MCC-A,2,119416300,13430700,101080600,2705300,92777340,23
date32_chain,sorted,random,1000000,MC-C,2,18717100,9846000,8053400,0,17777280,21
date32_chain,sorted,random,1000000,MCC-B,2,128445200,13494000,110073600,2743800,145440540,23
date32_chain,sorted,random,1000000,MC-B,2,11157300,7157400,3541700,0,9388608,20
date32_chain,sorted,random,1000000,MC-A,2,14322400,10510000,2963600,0,17777216,20
date32_chain,shuffled,random,1000000,MC-A-detect,0,52320700,47912400,3557400,0,17777216,20
date32_chain,shuffled,random,1000000,MC-A,0,51699100,47377300,3514400,0,17777216,20
date32_chain,shuffled,random,1000000,MC-B,0,98792400,81703000,16658500,0,9388608,20
date32_chain,shuffled,random,1000000,MCC-B,0,260429600,51800000,202814500,3670600,145440540,23
date32_chain,shuffled,random,1000000,MCC-A,0,234326400,51261600,177292000,3642300,92777340,23
date32_chain,shuffled,random,1000000,MC-C,0,60063700,48009800,11418600,0,17777280,21
date32_chain,shuffled,random,1000000,MCC-A,1,210870100,51808600,153511800,3608000,92777340,23
date32_chain,shuffled,random,1000000,MC-A-detect,1,45146400,41952100,2447900,0,17777216,20
date32_chain,shuffled,random,1000000,MC-A,1,38698800,35979600,2074500,0,17777216,20
date32_chain,shuffled,random,1000000,MC-C,1,43432600,35911400,6887500,0,17777280,21
date32_chain,shuffled,random,1000000,MCC-B,1,195944900,38265900,152148700,3677300,145440540,23
date32_chain,shuffled,random,1000000,MC-B,1,72230500,57203800,14583700,0,9388608,20
date32_chain,shuffled,random,1000000,MC-A,2,38784600,35986600,2096300,0,17777216,20
date32_chain,shuffled,random,1000000,MCC-A,2,176475700,38814000,131796600,3710200,92777340,23
date32_chain,shuffled,random,1000000,MC-A-detect,2,46651400,42520100,3404700,0,17777216,20
date32_chain,shuffled,random,1000000,MC-B,2,71630200,57021100,14248800,0,9388608,20
date32_chain,shuffled,random,1000000,MC-C,2,51501500,43869100,6959300,0,17777280,21
date32_chain,shuffled,random,1000000,MCC-B,2,189286900,38526000,145268800,3758700,145440540,23
date32_dense,sorted,random,1000000,MC-A-detect,0,8870600,7521000,743500,0,17777216,20
date32_dense,sorted,random,1000000,MCC-A,0,106145400,10337700,94379300,61200,74777412,23
date32_dense,sorted,random,1000000,MCC-B,0,247808500,10497900,235802500,65800,139440564,23
date32_dense,sorted,random,1000000,MC-B,0,6831400,5127400,1360800,0,9388608,20
date32_dense,sorted,random,1000000,MC-C,0,28221200,7658300,19978600,0,34554432,39
date32_dense,sorted,random,1000000,MC-A,0,9385600,8009100,760900,0,17777216,20
date32_dense,sorted,random,1000000,MC-A-detect,1,9311500,7895900,788500,0,17777216,20
date32_dense,sorted,random,1000000,MC-C,1,28883600,7795000,20488400,0,34554432,39
date32_dense,sorted,random,1000000,MC-B,1,6840400,5146700,1351700,0,9388608,20
date32_dense,sorted,random,1000000,MCC-A,1,114651900,12103400,101032700,86200,74777412,23
date32_dense,sorted,random,1000000,MC-A,1,9570800,8122000,815100,0,17777216,20
date32_dense,sorted,random,1000000,MCC-B,1,289026200,13601200,273614900,71400,139440564,23
date32_dense,sorted,random,1000000,MC-B,2,9093300,6640200,2004400,0,9388608,20
date32_dense,sorted,random,1000000,MCC-A,2,119573800,12967300,105173900,63500,74777412,23
date32_dense,sorted,random,1000000,MCC-B,2,267868900,10302900,255756900,67900,139440564,23
date32_dense,sorted,random,1000000,MC-A,2,11543600,9635500,1101800,0,17777216,20
date32_dense,sorted,random,1000000,MC-C,2,37725500,9640400,27323500,0,34554432,39
date32_dense,sorted,random,1000000,MC-A-detect,2,11421900,9521600,1100300,0,17777216,20
date32_dense,shuffled,random,1000000,MCC-B,0,433836000,54166800,378057700,220300,139440564,23
date32_dense,shuffled,random,1000000,MC-B,0,56335100,52887600,3078000,0,9388608,20
date32_dense,shuffled,random,1000000,MC-A-detect,0,44371400,42188200,1380600,0,17777216,20
date32_dense,shuffled,random,1000000,MC-C,0,57387200,38284400,18509400,0,34554432,39
date32_dense,shuffled,random,1000000,MC-A,0,41519700,39327800,1370700,0,17777216,20
date32_dense,shuffled,random,1000000,MCC-A,0,263788000,48332500,213630900,67800,74777412,23
date32_dense,shuffled,random,1000000,MC-A-detect,1,48619200,46747400,1223800,0,17777216,20
date32_dense,shuffled,random,1000000,MC-A,1,47045100,44799500,1422600,0,17777216,20
date32_dense,shuffled,random,1000000,MC-B,1,81200900,75687200,5093700,0,9388608,20
date32_dense,shuffled,random,1000000,MC-C,1,70877000,45648600,24463700,0,34554432,39
date32_dense,shuffled,random,1000000,MCC-A,1,275189900,51705500,221683600,67900,74777412,23
date32_dense,shuffled,random,1000000,MCC-B,1,453312000,44698400,406793500,71300,139440564,23
date32_dense,shuffled,random,1000000,MC-A,2,48256400,46047200,1375600,0,17777216,20
date32_dense,shuffled,random,1000000,MC-B,2,79818600,75068400,4309000,0,9388608,20
date32_dense,shuffled,random,1000000,MCC-B,2,448579300,52118000,394664000,66500,139440564,23
date32_dense,shuffled,random,1000000,MCC-A,2,277741800,51231200,224733500,65200,74777412,23
date32_dense,shuffled,random,1000000,MC-A-detect,2,47571900,45443700,1308600,0,17777216,20
date32_dense,shuffled,random,1000000,MC-C,2,69775900,45165900,23861800,0,34554432,39
date32_duplicates,sorted,random,1000000,MC-B,0,8091200,5756200,1927700,0,9388608,20
date32_duplicates,sorted,random,1000000,MC-C,0,17826200,8241700,8968900,0,34554432,39
date32_duplicates,sorted,random,1000000,MC-A-detect,0,9417800,7591800,1195700,0,17777216,20
date32_duplicates,sorted,random,1000000,MC-A,0,9650500,7783400,1247000,0,17777216,20
date32_duplicates,sorted,random,1000000,MCC-B,0,25996400,10069000,14903300,66800,21777292,23
date32_duplicates,sorted,random,1000000,MCC-A,0,22705300,13357200,8465900,63100,21777292,23
date32_duplicates,sorted,random,1000000,MC-B,1,7334600,5196000,1787800,0,9388608,20
date32_duplicates,sorted,random,1000000,MCC-A,1,19005600,10082800,8050400,60100,21777292,23
date32_duplicates,sorted,random,1000000,MC-A-detect,1,9678000,7812200,1243700,0,17777216,20
date32_duplicates,sorted,random,1000000,MCC-B,1,22836700,10544900,11431900,62600,21777292,23
date32_duplicates,sorted,random,1000000,MC-C,1,19373300,8066500,10671400,0,34554432,39
date32_duplicates,sorted,random,1000000,MC-A,1,11264000,9215600,1416700,0,17777216,20
date32_duplicates,sorted,random,1000000,MCC-A,2,21323400,12273200,8108300,65600,21777292,23
date32_duplicates,sorted,random,1000000,MCC-B,2,22669100,10328100,11432200,63500,21777292,23
date32_duplicates,sorted,random,1000000,MC-C,2,16967000,7492400,8881900,0,34554432,39
date32_duplicates,sorted,random,1000000,MC-B,2,7211000,5006000,1846600,0,9388608,20
date32_duplicates,sorted,random,1000000,MC-A-detect,2,9463500,7619100,1218600,0,17777216,20
date32_duplicates,sorted,random,1000000,MC-A,2,9651400,7741400,1245400,0,17777216,20
date32_duplicates,shuffled,random,1000000,MCC-B,0,45124000,32650000,11583800,63600,21777292,23
date32_duplicates,shuffled,random,1000000,MC-C,0,39730800,29964100,9174200,0,34554432,39
date32_duplicates,shuffled,random,1000000,MC-B,0,44504500,42265700,1883000,0,9388608,20
date32_duplicates,shuffled,random,1000000,MC-A,0,31963400,29899700,1405700,0,17777216,20
date32_duplicates,shuffled,random,1000000,MC-A-detect,0,31851300,29910800,1301400,0,17777216,20
date32_duplicates,shuffled,random,1000000,MCC-A,0,42348000,33086700,8244100,223200,21777292,23
date32_duplicates,shuffled,random,1000000,MC-A,1,31974700,29603300,1708200,0,17777216,20
date32_duplicates,shuffled,random,1000000,MC-A-detect,1,32082700,30129300,1297900,0,17777216,20
date32_duplicates,shuffled,random,1000000,MC-C,1,48740100,31616100,16241700,0,34554432,39
date32_duplicates,shuffled,random,1000000,MCC-A,1,48498000,39355800,8302800,60300,21777292,23
date32_duplicates,shuffled,random,1000000,MCC-B,1,46912500,32704100,13097900,70000,21777292,23
date32_duplicates,shuffled,random,1000000,MC-B,1,47320800,45069000,1873800,0,9388608,20
date32_duplicates,shuffled,random,1000000,MC-A-detect,2,31946700,30013100,1292100,0,17777216,20
date32_duplicates,shuffled,random,1000000,MCC-A,2,42220400,33205300,8121500,62300,21777292,23
date32_duplicates,shuffled,random,1000000,MC-A,2,33515100,31390500,1461500,0,17777216,20
date32_duplicates,shuffled,random,1000000,MCC-B,2,45467800,32867700,11645800,63200,21777292,23
date32_duplicates,shuffled,random,1000000,MC-B,2,44159900,41912500,1895300,0,9388608,20
date32_duplicates,shuffled,random,1000000,MC-C,2,39660500,30088000,8983900,0,34554432,39
datetime64_chain,sorted,random,1000,MC-B,0,7200,4800,2400,0,9192,10
datetime64_chain,sorted,random,1000,MCC-C,0,42700,6900,33300,2200,104752,14
datetime64_chain,sorted,random,1000,MCC-B,0,113300,6800,103700,2300,154912,13
datetime64_chain,sorted,random,1000,MCC-A,0,51400,6600,42100,2200,104704,13
datetime64_chain,sorted,random,1000,MC-A-detect,0,7700,4500,2900,0,25576,10
datetime64_chain,sorted,random,1000,MC-C,0,13700,5300,8100,0,25640,11
datetime64_chain,sorted,random,1000,MC-A,0,8000,5100,2700,0,25576,10
datetime64_chain,sorted,random,1000,MC-B,1,8300,5000,3200,0,9192,10
datetime64_chain,sorted,random,1000,MC-A,1,5400,3600,1600,0,25576,10
datetime64_chain,sorted,random,1000,MCC-B,1,66900,6800,57400,2200,154912,13
datetime64_chain,sorted,random,1000,MC-C,1,12900,5000,7500,0,25640,11
datetime64_chain,sorted,random,1000,MCC-A,1,49500,6100,40300,2300,104704,13
datetime64_chain,sorted,random,1000,MC-A-detect,1,7500,4700,2500,0,25576,10
datetime64_chain,sorted,random,1000,MCC-C,1,52100,6500,43000,2100,104752,14
datetime64_chain,sorted,random,1000,MC-B,2,8600,5100,3300,0,9192,10
datetime64_chain,sorted,random,1000,MC-A,2,8200,5000,2900,0,25576,10
datetime64_chain,sorted,random,1000,MC-A-detect,2,7700,4700,2700,0,25576,10
datetime64_chain,sorted,random,1000,MC-C,2,12800,4800,7700,0,25640,11
datetime64_chain,sorted,random,1000,MCC-C,2,42300,7100,32700,2200,104752,14
datetime64_chain,sorted,random,1000,MCC-A,2,52200,6700,42500,2300,104704,13
datetime64_chain,sorted,random,1000,MCC-B,2,57300,6600,48000,2200,154912,13
datetime64_chain,shuffled,random,1000,MC-B,0,29900,27100,2600,0,9192,10
datetime64_chain,shuffled,random,1000,MC-A-detect,0,26700,24700,1600,0,25576,10
datetime64_chain,shuffled,random,1000,MC-C,0,29200,23500,5400,0,25640,11
datetime64_chain,shuffled,random,1000,MCC-C,0,56500,25900,27900,2200,104752,14
datetime64_chain,shuffled,random,1000,MCC-B,0,78700,28100,47400,2700,154912,13
datetime64_chain,shuffled,random,1000,MCC-A,0,64700,24700,37300,2200,104704,13
datetime64_chain,shuffled,random,1000,MC-A,0,26000,23900,1800,0,25576,10
datetime64_chain,shuffled,random,1000,MC-C,1,28800,23100,5500,0,25640,11
datetime64_chain,shuffled,random,1000,MC-A-detect,1,24800,22900,1700,0,25576,10
datetime64_chain,shuffled,random,1000,MCC-A,1,65000,24700,37700,2200,104704,13
datetime64_chain,shuffled,random,1000,MCC-B,1,72100,24300,44600,2700,154912,13
datetime64_chain,shuffled,random,1000,MC-A,1,25300,23300,1700,0,25576,10
datetime64_chain,shuffled,random,1000,MC-B,1,34200,31200,2800,0,9192,10
datetime64_chain,shuffled,random,1000,MCC-C,1,54700,23900,28200,2100,104752,14
datetime64_chain,shuffled,random,1000,MCC-C,2,55500,24700,27700,2700,104752,14
datetime64_chain,shuffled,random,1000,MC-C,2,29000,23300,5400,0,25640,11
datetime64_chain,shuffled,random,1000,MCC-B,2,78600,30500,45000,2700,154912,13
datetime64_chain,shuffled,random,1000,MCC-A,2,65100,24600,37200,3000,104704,13
datetime64_chain,shuffled,random,1000,MC-A,2,24900,22900,1700,0,25576,10
datetime64_chain,shuffled,random,1000,MC-B,2,32300,29300,2700,0,9192,10
datetime64_chain,shuffled,random,1000,MC-A-detect,2,24600,22700,1700,0,25576,10
datetime64_dense,sorted,random,1000,MC-C,0,13200,3600,9400,0,41960,19
datetime64_dense,sorted,random,1000,MCC-B,0,134200,6600,126900,100,148936,13
datetime64_dense,sorted,random,1000,MC-B,0,7500,5400,2000,0,9192,10
datetime64_dense,sorted,random,1000,MC-A,0,6500,5300,900,0,25576,10
datetime64_dense,sorted,random,1000,MC-A-detect,0,6100,4800,1000,0,25576,10
datetime64_dense,sorted,random,1000,MCC-C,0,1577000,6200,1570100,100,86824,14
datetime64_dense,sorted,random,1000,MCC-A,0,65500,6500,58400,200,86776,13
datetime64_dense,sorted,random,1000,MCC-A,1,59300,7000,51800,100,86776,13
datetime64_dense,sorted,random,1000,MC-B,1,7600,5400,2100,0,9192,10
datetime64_dense,sorted,random,1000,MC-C,1,16200,5000,10900,0,41960,19
datetime64_dense,sorted,random,1000,MCC-C,1,1570900,7100,1563200,200,86824,14
datetime64_dense,sorted,random,1000,MC-A-detect,1,6000,4600,1000,0,25576,10
datetime64_dense,sorted,random,1000,MCC-B,1,143800,17900,125200,200,148936,13
datetime64_dense,sorted,random,1000,MC-A,1,6600,5400,1000,0,25576,10
datetime64_dense,sorted,random,1000,MCC-A,2,61800,7100,54100,100,86776,13
datetime64_dense,sorted,random,1000,MC-C,2,17300,5100,11900,0,41960,19
datetime64_dense,sorted,random,1000,MCC-B,2,129600,7000,122100,200,148936,13
datetime64_dense,sorted,random,1000,MCC-C,2,1567700,6600,1560400,200,86824,14
datetime64_dense,sorted,random,1000,MC-A,2,6400,5200,900,0,25576,10
datetime64_dense,sorted,random,1000,MC-B,2,7900,5700,2100,0,9192,10
datetime64_dense,sorted,random,1000,MC-A-detect,2,5800,4600,800,0,25576,10
datetime64_dense,shuffled,random,1000,MCC-A,0,84300,25400,58500,100,86776,13
datetime64_dense,shuffled,random,1000,MC-A-detect,0,29600,27200,1500,0,25576,10
datetime64_dense,shuffled,random,1000,MC-A,0,25700,24400,900,0,25576,10
datetime64_dense,shuffled,random,1000,MC-C,0,32600,22600,9600,0,41960,19
datetime64_dense,shuffled,random,1000,MCC-B,0,151100,27300,123000,200,148936,13
datetime64_dense,shuffled,random,1000,MC-B,0,36600,34400,2000,0,9192,10
datetime64_dense,shuffled,random,1000,MCC-C,0,1610500,27100,1582800,200,86824,14
datetime64_dense,shuffled,random,1000,MCC-A,1,83800,27800,55400,100,86776,13
datetime64_dense,shuffled,random,1000,MCC-B,1,147400,25200,121600,200,148936,13
datetime64_dense,shuffled,random,1000,MC-A-detect,1,26300,25100,1000,0,25576,10
datetime64_dense,shuffled,random,1000,MCC-C,1,1671700,28200,1642700,200,86824,14
datetime64_dense,shuffled,random,1000,MC-C,1,39100,26400,12400,0,41960,19
datetime64_dense,shuffled,random,1000,MC-A,1,24800,23500,900,0,25576,10
datetime64_dense,shuffled,random,1000,MC-B,1,36100,34100,1900,0,9192,10
datetime64_dense,shuffled,random,1000,MC-B,2,32900,30500,2100,0,9192,10
datetime64_dense,shuffled,random,1000,MCC-B,2,150400,27800,121700,200,148936,13
datetime64_dense,shuffled,random,1000,MC-C,2,34700,25100,9300,0,41960,19
datetime64_dense,shuffled,random,1000,MCC-A,2,82200,27600,53900,100,86776,13
datetime64_dense,shuffled,random,1000,MC-A,2,27000,25500,1200,0,25576,10
datetime64_dense,shuffled,random,1000,MCC-C,2,1605200,27700,1576800,200,86824,14
datetime64_dense,shuffled,random,1000,MC-A-detect,2,27400,25800,1300,0,25576,10
datetime64_duplicates,sorted,random,1000,MC-A,0,4800,3400,1200,0,25576,10
datetime64_duplicates,sorted,random,1000,MCC-B,0,23200,6400,16100,200,33656,13
datetime64_duplicates,sorted,random,1000,MC-A-detect,0,6900,4900,1700,0,25576,10
datetime64_duplicates,sorted,random,1000,MC-C,0,11900,4900,6800,0,41960,19
datetime64_duplicates,sorted,random,1000,MCC-C,0,23900,6700,16400,100,33656,14
datetime64_duplicates,sorted,random,1000,MCC-A,0,18600,6900,11200,100,33656,13
datetime64_duplicates,sorted,random,1000,MC-B,0,8200,5400,2600,0,9192,10
datetime64_duplicates,sorted,random,1000,MC-A-detect,1,6300,4500,1600,0,25576,10
datetime64_duplicates,sorted,random,1000,MCC-B,1,22100,6300,15300,100,33656,13
datetime64_duplicates,sorted,random,1000,MC-A,1,7400,5500,1500,0,25576,10
datetime64_duplicates,sorted,random,1000,MC-C,1,12000,5400,6300,0,41960,19
datetime64_duplicates,sorted,random,1000,MCC-A,1,19000,6700,11600,200,33656,13
datetime64_duplicates,sorted,random,1000,MCC-C,1,23300,7100,15500,200,33656,14
datetime64_duplicates,sorted,random,1000,MC-B,1,8100,5300,2700,0,9192,10
datetime64_duplicates,sorted,random,1000,MC-C,2,11000,5200,5500,0,41960,19
datetime64_duplicates,sorted,random,1000,MCC-C,2,23000,6400,15900,200,33656,14
datetime64_duplicates,sorted,random,1000,MC-A,2,7400,5200,1700,0,25576,10
datetime64_duplicates,sorted,random,1000,MCC-B,2,22400,6000,15800,200,33656,13
datetime64_duplicates,sorted,random,1000,MCC-A,2,18900,6700,11400,200,33656,13
datetime64_duplicates,sorted,random,1000,MC-B,2,8000,5200,2500,0,9192,10
datetime64_duplicates,sorted,random,1000,MC-A-detect,2,7500,5600,1600,0,25576,10
datetime64_duplicates,shuffled,random,1000,MCC-A,0,26400,17400,8500,0,33656,13
datetime64_duplicates,shuffled,random,1000,MCC-B,0,36300,23600,12300,100,33656,13
datetime64_duplicates,shuffled,random,1000,MC-A-detect,0,24400,22800,1300,0,25576,10
datetime64_duplicates,shuffled,random,1000,MC-C,0,27100,22100,4800,0,41960,19
datetime64_duplicates,shuffled,random,1000,MC-B,0,32500,30300,2100,0,9192,10
datetime64_duplicates,shuffled,random,1000,MCC-C,0,37600,24000,13000,0,33656,14
datetime64_duplicates,shuffled,random,1000,MC-A,0,24200,22600,1200,0,25576,10
datetime64_duplicates,shuffled,random,1000,MCC-C,1,36900,23600,12900,100,33656,14
datetime64_duplicates,shuffled,random,1000,MCC-A,1,32300,23100,8600,0,33656,13
datetime64_duplicates,shuffled,random,1000,MC-B,1,31900,29300,2300,0,9192,10
datetime64_duplicates,shuffled,random,1000,MC-C,1,28700,22500,5900,0,41960,19
datetime64_duplicates,shuffled,random,1000,MC-A-detect,1,24500,22400,1600,0,25576,10
datetime64_duplicates,shuffled,random,1000,MCC-B,1,35500,22700,12400,100,33656,13
datetime64_duplicates,shuffled,random,1000,MC-A,1,24100,22400,1300,0,25576,10
datetime64_duplicates,shuffled,random,1000,MCC-C,2,37100,23700,12900,100,33656,14
datetime64_duplicates,shuffled,random,1000,MCC-A,2,32400,23200,8600,100,33656,13
datetime64_duplicates,shuffled,random,1000,MCC-B,2,35900,23100,12100,100,33656,13
datetime64_duplicates,shuffled,random,1000,MC-B,2,32100,29500,2400,0,9192,10
datetime64_duplicates,shuffled,random,1000,MC-A-detect,2,23900,22200,1300,0,25576,10
datetime64_duplicates,shuffled,random,1000,MC-C,2,26700,21900,4600,0,41960,19
datetime64_duplicates,shuffled,random,1000,MC-A,2,23400,21800,1300,0,25576,10
datetime64_chain,sorted,random,10000,MCC-B,0,970200,41300,815000,20900,2286112,17
datetime64_chain,sorted,random,10000,MCC-A,0,806000,121500,662700,21000,1193344,17
datetime64_chain,sorted,random,10000,MC-C,0,87600,34900,52400,0,403280,15
datetime64_chain,sorted,random,10000,MC-A,0,48900,33400,15200,0,403216,14
datetime64_chain,sorted,random,10000,MC-A-detect,0,46000,30500,15300,0,403216,14
datetime64_chain,sorted,random,10000,MC-B,0,61800,37700,23900,0,141072,14
datetime64_chain,sorted,random,10000,MC-A-detect,1,46900,31500,15200,0,403216,14
datetime64_chain,sorted,random,10000,MC-C,1,88500,35900,52300,0,403280,15
datetime64_chain,sorted,random,10000,MCC-A,1,558100,45200,492000,20200,1193344,17
datetime64_chain,sorted,random,10000,MC-B,1,70100,45500,24100,0,141072,14
datetime64_chain,sorted,random,10000,MCC-B,1,889700,50900,817100,20800,2286112,17
datetime64_chain,sorted,random,10000,MC-A,1,50300,34700,15300,0,403216,14
datetime64_chain,sorted,random,10000,MCC-A,2,555900,45300,489600,20600,1193344,17
datetime64_chain,sorted,random,10000,MC-A,2,51100,35700,15200,0,403216,14
datetime64_chain,sorted,random,10000,MCC-B,2,907200,44900,839300,21400,2286112,17
datetime64_chain,sorted,random,10000,MC-C,2,95100,36200,58400,0,403280,15
datetime64_chain,sorted,random,10000,MC-B,2,62100,37800,24000,0,141072,14
datetime64_chain,sorted,random,10000,MC-A-detect,2,49000,33500,15100,0,403216,14
datetime64_chain,shuffled,random,10000,MC-B,0,410200,381900,27900,0,141072,14
datetime64_chain,shuffled,random,10000,MC-C,0,334200,281100,52800,0,403280,15
datetime64_chain,shuffled,random,10000,MC-A-detect,0,304200,288300,15600,0,403216,14
datetime64_chain,shuffled,random,10000,MCC-A,0,809100,288700,493700,26000,1193344,17
datetime64_chain,shuffled,random,10000,MCC-B,0,1137700,294200,816400,26300,2286112,17
datetime64_chain,shuffled,random,10000,MC-A,0,293600,277800,15400,0,403216,14
datetime64_chain,shuffled,random,10000,MC-B,1,404600,376500,27900,0,141072,14
datetime64_chain,shuffled,random,10000,MCC-B,1,1121300,288300,805800,26100,2286112,17
datetime64_chain,shuffled,random,10000,MC-A,1,290200,274300,15600,0,403216,14
datetime64_chain,shuffled,random,10000,MC-C,1,327200,274600,52500,0,403280,15
datetime64_chain,shuffled,random,10000,MC-A-detect,1,288500,272700,15500,0,403216,14
datetime64_chain,shuffled,random,10000,MCC-A,1,869800,294000,548700,26200,1193344,17
datetime64_chain,shuffled,random,10000,MC-C,2,379600,326100,52900,0,403280,15
datetime64_chain,shuffled,random,10000,MC-A-detect,2,290100,274200,15600,0,403216,14
datetime64_chain,shuffled,random,10000,MC-A,2,293500,277600,15500,0,403216,14
datetime64_chain,shuffled,random,10000,MCC-B,2,1127600,287600,812800,26200,2286112,17
datetime64_chain,shuffled,random,10000,MC-B,2,404700,376200,28200,0,141072,14
datetime64_chain,shuffled,random,10000,MCC-A,2,813100,288400,495200,28900,1193344,17
datetime64_dense,sorted,random,10000,MC-A-detect,0,31100,25100,5900,0,403216,14
datetime64_dense,sorted,random,10000,MC-B,0,53500,39700,13500,0,141072,14
datetime64_dense,sorted,random,10000,MC-C,0,130600,32900,97300,0,534288,26
datetime64_dense,sorted,random,10000,MCC-A,0,667400,44100,622400,400,1013416,17
datetime64_dense,sorted,random,10000,MCC-B,0,1558000,44700,1512100,500,1439704,17
datetime64_dense,sorted,random,10000,MC-A,0,41000,34700,6000,0,403216,14
datetime64_dense,sorted,random,10000,MC-B,1,58100,44300,13500,0,141072,14
datetime64_dense,sorted,random,10000,MC-C,1,131300,33100,97900,0,534288,26
datetime64_dense,sorted,random,10000,MCC-A,1,654800,44300,609500,400,1013416,17
datetime64_dense,sorted,random,10000,MC-A-detect,1,36600,30200,6000,0,403216,14
datetime64_dense,sorted,random,10000,MCC-B,1,1495500,44000,1450700,300,1439704,17
datetime64_dense,sorted,random,10000,MC-A,1,39600,33400,5900,0,403216,14
datetime64_dense,sorted,random,10000,MC-A-detect,2,36300,30100,6000,0,403216,14
datetime64_dense,sorted,random,10000,MCC-B,2,1516900,44000,1472100,300,1439704,17
datetime64_dense,sorted,random,10000,MC-C,2,132300,34000,98200,0,534288,26
datetime64_dense,sorted,random,10000,MC-B,2,55700,41900,13500,0,141072,14
datetime64_dense,sorted,random,10000,MCC-A,2,671100,50900,619400,400,1013416,17
datetime64_dense,sorted,random,10000,MC-A,2,43000,36200,6300,0,403216,14
datetime64_dense,shuffled,random,10000,MCC-A,0,997600,283100,713600,300,1013416,17
datetime64_dense,shuffled,random,10000,MC-A-detect,0,288500,277400,10700,0,403216,14
datetime64_dense,shuffled,random,10000,MC-A,0,270300,259400,10600,0,403216,14
datetime64_dense,shuffled,random,10000,MCC-B,0,1777900,287000,1489900,400,1439704,17
datetime64_dense,shuffled,random,10000,MC-C,0,373800,258700,114900,0,534288,26
datetime64_dense,shuffled,random,10000,MC-B,0,365900,350500,15000,0,141072,14
datetime64_dense,shuffled,random,10000,MCC-A,1,932000,287200,643900,400,1013416,17
datetime64_dense,shuffled,random,10000,MC-C,1,358600,259600,98800,0,534288,26
datetime64_dense,shuffled,random,10000,MC-A-detect,1,264900,257900,6800,0,403216,14
datetime64_dense,shuffled,random,10000,MC-B,1,361900,346600,15000,0,141072,14
datetime64_dense,shuffled,random,10000,MC-A,1,264600,257600,6800,0,403216,14
datetime64_dense,shuffled,random,10000,MCC-B,1,1791000,285700,1504400,400,1439704,17
datetime64_dense,shuffled,random,10000,MCC-A,2,930100,286700,642400,300,1013416,17
datetime64_dense,shuffled,random,10000,MC-A,2,269700,258900,10500,0,403216,14
datetime64_dense,shuffled,random,10000,MCC-B,2,1777000,295100,1480500,500,1439704,17
datetime64_dense,shuffled,random,10000,MC-B,2,371800,355300,16100,0,141072,14
datetime64_dense,shuffled,random,10000,MC-A-detect,2,266100,258900,6800,0,403216,14
datetime64_dense,shuffled,random,10000,MC-C,2,358300,257200,100900,0,534288,26
datetime64_duplicates,sorted,random,10000,MC-A,0,38600,27600,10800,0,403216,14
datetime64_duplicates,sorted,random,10000,MCC-A,0,125200,43700,80700,200,483296,17
datetime64_duplicates,sorted,random,10000,MCC-B,0,155100,42200,112200,300,483296,17
datetime64_duplicates,sorted,random,10000,MC-A-detect,0,41000,29900,10800,0,403216,14
datetime64_duplicates,sorted,random,10000,MC-B,0,55200,37200,17700,0,141072,14
datetime64_duplicates,sorted,random,10000,MC-C,0,69100,32600,36300,0,665360,27
datetime64_duplicates,sorted,random,10000,MCC-A,1,123200,41900,80600,300,483296,17
datetime64_duplicates,sorted,random,10000,MCC-B,1,154300,41900,111700,200,483296,17
datetime64_duplicates,sorted,random,10000,MC-B,1,55100,37100,17800,0,141072,14
datetime64_duplicates,sorted,random,10000,MC-A,1,43900,32800,10800,0,403216,14
datetime64_duplicates,sorted,random,10000,MC-A-detect,1,41100,30000,10900,0,403216,14
datetime64_duplicates,sorted,random,10000,MC-C,1,68400,32600,35600,0,665360,27
datetime64_duplicates,sorted,random,10000,MC-B,2,55200,37200,17800,0,141072,14
datetime64_duplicates,sorted,random,10000,MC-A-detect,2,41300,30200,10900,0,403216,14
datetime64_duplicates,sorted,random,10000,MCC-B,2,154400,42300,111300,300,483296,17
datetime64_duplicates,sorted,random,10000,MC-C,2,68200,32500,35300,0,665360,27
datetime64_duplicates,sorted,random,10000,MC-A,2,43600,32500,10800,0,403216,14
datetime64_duplicates,sorted,random,10000,MCC-A,2,128400,46900,80800,300,483296,17
datetime64_duplicates,shuffled,random,10000,MC-A-detect,0,249200,238000,10900,0,403216,14
datetime64_duplicates,shuffled,random,10000,MC-A,0,258200,246400,11200,0,403216,14
datetime64_duplicates,shuffled,random,10000,MC-B,0,336600,318200,18000,0,141072,14
datetime64_duplicates,shuffled,random,10000,MCC-B,0,373800,260900,112000,300,483296,17
datetime64_duplicates,shuffled,random,10000,MCC-A,0,329200,247700,80800,300,483296,17
datetime64_duplicates,shuffled,random,10000,MC-C,0,275000,237500,37200,0,665360,27
datetime64_duplicates,shuffled,random,10000,MC-A-detect,1,249000,237800,10900,0,403216,14
datetime64_duplicates,shuffled,random,10000,MCC-B,1,368400,248600,118200,500,483296,17
datetime64_duplicates,shuffled,random,10000,MCC-A,1,331100,249000,81200,300,483296,17
datetime64_duplicates,shuffled,random,10000,MC-A,1,261300,249900,10900,0,403216,14
datetime64_duplicates,shuffled,random,10000,MC-B,1,331000,312900,17800,0,141072,14
datetime64_duplicates,shuffled,random,10000,MC-C,1,273900,236700,37100,0,665360,27
datetime64_duplicates,shuffled,random,10000,MCC-A,2,334500,252800,81000,300,483296,17
datetime64_duplicates,shuffled,random,10000,MC-B,2,385300,361600,22900,0,141072,14
datetime64_duplicates,shuffled,random,10000,MC-C,2,276700,239300,37100,0,665360,27
datetime64_duplicates,shuffled,random,10000,MC-A-detect,2,251900,240500,10900,0,403216,14
datetime64_duplicates,shuffled,random,10000,MC-A,2,240800,229700,10900,0,403216,14
datetime64_duplicates,shuffled,random,10000,MCC-B,2,361600,248700,112000,300,483296,17
datetime64_chain,sorted,random,100000,MC-B,0,805200,537900,221500,0,1148576,17
datetime64_chain,sorted,random,100000,MC-C,0,1713500,1094900,524000,0,3245792,18
datetime64_chain,sorted,random,100000,MCC-B,0,10343200,1297300,8614100,219600,18928672,20
datetime64_chain,sorted,random,100000,MC-A-detect,0,1393200,1143000,151100,0,3245728,17
datetime64_chain,sorted,random,100000,MC-A,0,1415700,1166600,150400,0,3245728,17
datetime64_chain,sorted,random,100000,MCC-A,0,9136800,1525800,7198600,211400,11145856,20
datetime64_chain,sorted,random,100000,MC-A,1,1422100,1114000,213100,0,3245728,17
datetime64_chain,sorted,random,100000,MCC-A,1,9151200,1344700,7392200,210800,11145856,20
datetime64_chain,sorted,random,100000,MCC-B,1,10823000,1282300,9068300,225400,18928672,20
datetime64_chain,sorted,random,100000,MC-B,1,772800,465200,258000,0,1148576,17
datetime64_chain,sorted,random,100000,MC-C,1,1751100,1111600,534700,0,3245792,18
datetime64_chain,sorted,random,100000,MC-A-detect,1,1254400,1006800,149900,0,3245728,17
datetime64_chain,sorted,random,100000,MC-C,2,1625200,999300,528400,0,3245792,18
datetime64_chain,sorted,random,100000,MCC-A,2,8821800,1410800,7010200,208400,11145856,20
datetime64_chain,sorted,random,100000,MCC-B,2,10072900,1180900,8459900,222800,18928672,20
datetime64_chain,sorted,random,100000,MC-A-detect,2,1323900,1075600,152300,0,3245728,17
datetime64_chain,sorted,random,100000,MC-B,2,736700,441400,248300,0,1148576,17
datetime64_chain,sorted,random,100000,MC-A,2,1292700,999700,198700,0,3245728,17
datetime64_chain,shuffled,random,100000,MC-C,0,4650900,4016700,540500,0,3245792,18
datetime64_chain,shuffled,random,100000,MCC-A,0,12022500,4189500,7361700,276700,11145856,20
datetime64_chain,shuffled,random,100000,MC-A-detect,0,4148100,3896100,161200,0,3245728,17
datetime64_chain,shuffled,random,100000,MC-B,0,5180600,4697700,428300,0,1148576,17
datetime64_chain,shuffled,random,100000,MCC-B,0,14221100,4104100,9623600,277900,18928672,20
datetime64_chain,shuffled,random,100000,MC-A,0,4169000,3917500,161500,0,3245728,17
datetime64_chain,shuffled,random,100000,MC-A-detect,1,4424200,4145600,189800,0,3245728,17
datetime64_chain,shuffled,random,100000,MCC-A,1,12372400,4248000,7654800,274200,11145856,20
datetime64_chain,shuffled,random,100000,MCC-B,1,14838800,4299700,10054200,276700,18928672,20
datetime64_chain,shuffled,random,100000,MC-C,1,4585500,3953100,542900,0,3245792,18
datetime64_chain,shuffled,random,100000,MC-A,1,4143200,3888100,163400,0,3245728,17
datetime64_chain,shuffled,random,100000,MC-B,1,5161600,4671400,437200,0,1148576,17
datetime64_chain,shuffled,random,100000,MC-C,2,4531600,3884100,552000,0,3245792,18
datetime64_chain,shuffled,random,100000,MC-A-detect,2,4133200,3873000,163100,0,3245728,17
datetime64_chain,shuffled,random,100000,MC-A,2,4137700,3878200,163600,0,3245728,17
datetime64_chain,shuffled,random,100000,MCC-B,2,14494700,4210100,9796300,280600,18928672,20
datetime64_chain,shuffled,random,100000,MC-B,2,5075900,4590800,434900,0,1148576,17
datetime64_chain,shuffled,random,100000,MCC-A,2,12750400,4131800,8135300,281200,11145856,20
datetime64_dense,sorted,random,100000,MC-A,0,1359900,1208700,58400,0,3245728,17
datetime64_dense,sorted,random,100000,MCC-A,0,9720200,1270700,8197900,6600,9345928,20
datetime64_dense,sorted,random,100000,MCC-B,0,22007100,1380600,20322000,10600,18328696,20
datetime64_dense,sorted,random,100000,MC-C,0,3105900,1225000,1787000,0,5342880,33
datetime64_dense,sorted,random,100000,MC-A-detect,0,1137500,988400,59300,0,3245728,17
datetime64_dense,sorted,random,100000,MC-B,0,618800,442700,130800,0,1148576,17
datetime64_dense,sorted,random,100000,MC-C,1,2877300,1043000,1735300,0,5342880,33
datetime64_dense,sorted,random,100000,MC-B,1,623900,449100,131400,0,1148576,17
datetime64_dense,sorted,random,100000,MC-A-detect,1,1261500,1078000,72800,0,3245728,17
datetime64_dense,sorted,random,100000,MCC-A,1,10134700,1409800,8447400,7100,9345928,20
datetime64_dense,sorted,random,100000,MC-A,1,1461800,1306700,59100,0,3245728,17
datetime64_dense,sorted,random,100000,MCC-B,1,23474400,1409000,21669700,13000,18328696,20
datetime64_dense,sorted,random,100000,MC-B,2,956400,710400,179800,0,1148576,17
datetime64_dense,sorted,random,100000,MC-A-detect,2,1721200,1510800,78800,0,3245728,17
datetime64_dense,sorted,random,100000,MCC-B,2,21932100,1560500,20081200,10000,18328696,20
datetime64_dense,sorted,random,100000,MCC-A,2,9859500,1412600,8202200,4500,9345928,20
datetime64_dense,sorted,random,100000,MC-A,2,1318600,1155000,68200,0,3245728,17
datetime64_dense,sorted,random,100000,MC-C,2,2867900,1067500,1714000,0,5342880,33
datetime64_dense,shuffled,random,100000,MC-C,0,5923400,4097400,1736800,0,5342880,33
datetime64_dense,shuffled,random,100000,MCC-A,0,13875300,4142000,9453900,6300,9345928,20
datetime64_dense,shuffled,random,100000,MC-B,0,4599600,4338300,209700,0,1148576,17
datetime64_dense,shuffled,random,100000,MC-A-detect,0,4013000,3842400,68400,0,3245728,17
datetime64_dense,shuffled,random,100000,MCC-B,0,26682100,4229600,22174300,10700,18328696,20
datetime64_dense,shuffled,random,100000,MC-A,0,4117900,3945800,65500,0,3245728,17
datetime64_dense,shuffled,random,100000,MC-B,1,4609800,4347600,208500,0,1148576,17
datetime64_dense,shuffled,random,100000,MC-C,1,5601300,3754600,1752800,0,5342880,33
datetime64_dense,shuffled,random,100000,MCC-B,1,26565200,4146100,22133500,11200,18328696,20
datetime64_dense,shuffled,random,100000,MC-A-detect,1,4191100,4027400,65700,0,3245728,17
datetime64_dense,shuffled,random,100000,MC-A,1,3992200,3827200,65600,0,3245728,17
datetime64_dense,shuffled,random,100000,MCC-A,1,14005400,4260700,9492000,5600,9345928,20
datetime64_dense,shuffled,random,100000,MC-C,2,5727200,3923600,1714700,0,5342880,33
datetime64_dense,shuffled,random,100000,MC-A,2,3878100,3717800,65800,0,3245728,17
datetime64_dense,shuffled,random,100000,MCC-B,2,26207100,4097100,21816300,10900,18328696,20
datetime64_dense,shuffled,random,100000,MC-B,2,4601100,4344800,206800,0,1148576,17
datetime64_dense,shuffled,random,100000,MC-A-detect,2,4058200,3855900,104400,0,3245728,17
datetime64_dense,shuffled,random,100000,MCC-A,2,13923400,4194600,9451100,6600,9345928,20
datetime64_duplicates,sorted,random,100000,MC-C,0,2161300,1095900,888800,0,5342880,33
datetime64_duplicates,sorted,random,100000,MC-A-detect,0,1201100,989700,111700,0,3245728,17
datetime64_duplicates,sorted,random,100000,MC-A,0,1205700,1003700,106800,0,3245728,17
datetime64_duplicates,sorted,random,100000,MCC-A,0,2162900,1188200,807000,1800,4045808,20
datetime64_duplicates,sorted,random,100000,MC-B,0,710700,486500,175800,0,1148576,17
datetime64_duplicates,sorted,random,100000,MCC-B,0,2600400,1295200,1137900,1900,4045808,20
datetime64_duplicates,sorted,random,100000,MC-C,1,2123900,1119100,918000,0,5342880,33
datetime64_duplicates,sorted,random,100000,MC-A-detect,1,1227500,1032400,108300,0,3245728,17
datetime64_duplicates,sorted,random,100000,MCC-B,1,2510300,1196900,1145100,2100,4045808,20
datetime64_duplicates,sorted,random,100000,MC-A,1,1425200,1230800,108500,0,3245728,17
datetime64_duplicates,sorted,random,100000,MCC-A,1,2167600,1193300,810600,1900,4045808,20
datetime64_duplicates,sorted,random,100000,MC-B,1,679100,460400,175400,0,1148576,17
datetime64_duplicates,sorted,random,100000,MCC-A,2,2341800,1378200,807100,2400,4045808,20
datetime64_duplicates,sorted,random,100000,MC-A,2,1440800,1239900,108400,0,3245728,17
datetime64_duplicates,sorted,random,100000,MCC-B,2,2518800,1226800,1117700,1900,4045808,20
datetime64_duplicates,sorted,random,100000,MC-A-detect,2,1373200,1172500,109300,0,3245728,17
datetime64_duplicates,sorted,random,100000,MC-C,2,1997100,1024000,883600,0,5342880,33
datetime64_duplicates,sorted,random,100000,MC-B,2,680200,461900,175200,0,1148576,17
datetime64_duplicates,shuffled,random,100000,MC-A,0,3755900,3557200,107500,0,3245728,17
datetime64_duplicates,shuffled,random,100000,MC-C,0,4538800,3519300,930800,0,5342880,33
datetime64_duplicates,shuffled,random,100000,MCC-B,0,4936300,3619700,1145700,2200,4045808,20
datetime64_duplicates,shuffled,random,100000,MC-B,0,3854400,3627300,178200,0,1148576,17
datetime64_duplicates,shuffled,random,100000,MC-A-detect,0,3717600,3519100,107300,0,3245728,17
datetime64_duplicates,shuffled,random,100000,MCC-A,0,4663100,3679800,814300,2700,4045808,20
datetime64_duplicates,shuffled,random,100000,MCC-B,1,5023600,3723200,1135100,1900,4045808,20
datetime64_duplicates,shuffled,random,100000,MCC-A,1,4718600,3741900,809000,3200,4045808,20
datetime64_duplicates,shuffled,random,100000,MC-C,1,4601700,3579500,921100,0,5342880,33
datetime64_duplicates,shuffled,random,100000,MC-A-detect,1,3629000,3425700,107800,0,3245728,17
datetime64_duplicates,shuffled,random,100000,MC-B,1,3825200,3599800,178600,0,1148576,17
datetime64_duplicates,shuffled,random,100000,MC-A,1,3738300,3541700,107300,0,3245728,17
datetime64_duplicates,shuffled,random,100000,MCC-A,2,4742900,3750900,817500,2900,4045808,20
datetime64_duplicates,shuffled,random,100000,MCC-B,2,4968800,3687100,1119200,1800,4045808,20
datetime64_duplicates,shuffled,random,100000,MC-C,2,4573900,3573700,910000,0,5342880,33
datetime64_duplicates,shuffled,random,100000,MC-A,2,3642200,3440600,111400,0,3245728,17
datetime64_duplicates,shuffled,random,100000,MC-A-detect,2,3614200,3411400,107600,0,3245728,17
datetime64_duplicates,shuffled,random,100000,MC-B,2,3870700,3644100,177900,0,1148576,17
datetime64_chain,sorted,random,1000000,MC-B,0,8124200,5372700,2398600,0,9388608,20
datetime64_chain,sorted,random,1000000,MC-A,0,14531600,11527000,2099200,0,26165824,20
datetime64_chain,sorted,random,1000000,MCC-B,0,123613400,19906800,98491100,2885400,157829152,23
datetime64_chain,sorted,random,1000000,MCC-A,0,109493000,17991000,86898600,2574100,105165952,23
datetime64_chain,sorted,random,1000000,MC-A-detect,0,14288400,11278700,2089900,0,26165824,20
datetime64_chain,sorted,random,1000000,MC-C,0,19541900,13231200,5364100,0,26165888,21
datetime64_chain,sorted,random,1000000,MCC-B,1,106238200,14496700,87225600,2496100,157829152,23
datetime64_chain,sorted,random,1000000,MCC-A,1,101299800,14073700,82764800,2454300,105165952,23
datetime64_chain,sorted,random,1000000,MC-C,1,18609600,12118900,5521400,0,26165888,21
datetime64_chain,sorted,random,1000000,MC-B,1,9443100,6449200,2636200,0,9388608,20
datetime64_chain,sorted,random,1000000,MC-A,1,13552300,10658900,1967300,0,26165824,20
datetime64_chain,sorted,random,1000000,MC-A-detect,1,14502400,11048200,2515400,0,26165824,20
datetime64_chain,sorted,random,1000000,MC-A-detect,2,13534700,10550000,2037200,0,26165824,20
datetime64_chain,sorted,random,1000000,MCC-A,2,100490600,14452100,81581400,2452200,105165952,23
datetime64_chain,sorted,random,1000000,MC-C,2,18836900,12557900,5337500,0,26165888,21
datetime64_chain,sorted,random,1000000,MCC-B,2,106716100,15899000,86204200,2582900,157829152,23
datetime64_chain,sorted,random,1000000,MC-B,2,7989000,5299900,2351000,0,9388608,20
datetime64_chain,sorted,random,1000000,MC-A,2,13638200,10670200,2028800,0,26165824,20
datetime64_chain,shuffled,random,1000000,MC-A-detect,0,50370000,45746300,3673400,0,26165824,20
datetime64_chain,shuffled,random,1000000,MC-A,0,55851800,51730000,3180500,0,26165824,20
datetime64_chain,shuffled,random,1000000,MC-B,0,89997000,64712500,24937300,0,9388608,20
datetime64_chain,shuffled,random,1000000,MCC-B,0,235543600,51902400,178012700,3560800,157829152,23
datetime64_chain,shuffled,random,1000000,MCC-A,0,190292700,51835000,132833700,3569400,105165952,23
datetime64_chain,shuffled,random,1000000,MC-C,0,53807600,45789500,7068100,0,26165888,21
datetime64_chain,shuffled,random,1000000,MCC-A,1,188316800,50300700,132457900,3532200,105165952,23
datetime64_chain,shuffled,random,1000000,MC-A-detect,1,50695700,46712500,3034300,0,26165824,20
datetime64_chain,shuffled,random,1000000,MC-A,1,49852900,45839300,3044700,0,26165824,20
datetime64_chain,shuffled,random,1000000,MC-C,1,54027600,45838200,7185600,0,26165888,21
datetime64_chain,shuffled,random,1000000,MCC-B,1,204700900,50168600,148867100,3603500,157829152,23
datetime64_chain,shuffled,random,1000000,MC-B,1,81874400,57623700,23892100,0,9388608,20
datetime64_chain,shuffled,random,1000000,MC-A,2,49967400,46022200,2991200,0,26165824,20
datetime64_chain,shuffled,random,1000000,MCC-A,2,198086200,50078000,142399700,3576100,105165952,23
datetime64_chain,shuffled,random,1000000,MC-A-detect,2,51236800,47093300,3175100,0,26165824,20
datetime64_chain,shuffled,random,1000000,MC-B,2,83828200,58549300,24924500,0,9388608,20
datetime64_chain,shuffled,random,1000000,MC-C,2,56067800,47736500,7371800,0,26165888,21
datetime64_chain,shuffled,random,1000000,MCC-B,2,202551400,50827200,146003100,3615000,157829152,23
datetime64_dense,sorted,random,1000000,MC-A-detect,0,13200300,10947200,1311800,0,26165824,20
datetime64_dense,sorted,random,1000000,MCC-A,0,115637400,15273300,98523200,64800,87166024,23
datetime64_dense,sorted,random,1000000,MCC-B,0,243231100,15553200,225827900,61100,151829176,23
datetime64_dense,sorted,random,1000000,MC-B,0,7309800,5511600,1437100,0,9388608,20
datetime64_dense,sorted,random,1000000,MC-C,0,32064100,11188100,20004000,0,42943040,39
datetime64_dense,sorted,random,1000000,MC-A,0,16866700,13882100,1962100,0,26165824,20
datetime64_dense,sorted,random,1000000,MC-A-detect,1,16771800,14032900,1752700,0,26165824,20
datetime64_dense,sorted,random,1000000,MC-C,1,32883800,12182900,19835700,0,42943040,39
datetime64_dense,sorted,random,1000000,MC-B,1,7284000,5405600,1508800,0,9388608,20
datetime64_dense,sorted,random,1000000,MCC-A,1,112525200,14534300,96166400,61800,87166024,23
datetime64_dense,sorted,random,1000000,MC-A,1,13597000,11119500,1453300,0,26165824,20
datetime64_dense,sorted,random,1000000,MCC-B,1,271042700,16978700,252018000,70800,151829176,23
datetime64_dense,sorted,random,1000000,MC-B,2,9837400,7091300,2331200,0,9388608,20
datetime64_dense,sorted,random,1000000,MCC-A,2,130611300,17800200,110953900,65300,87166024,23
datetime64_dense,sorted,random,1000000,MCC-B,2,245389400,16263400,227275000,64700,151829176,23
datetime64_dense,sorted,random,1000000,MC-A,2,14257400,11923800,1398200,0,26165824,20
datetime64_dense,sorted,random,1000000,MC-C,2,32856300,11855500,20091900,0,42943040,39
datetime64_dense,sorted,random,1000000,MC-A-detect,2,15282700,12652400,1474100,0,26165824,20
datetime64_dense,shuffled,random,1000000,MCC-B,0,381842200,49547800,330481300,62300,151829176,23
datetime64_dense,shuffled,random,1000000,MC-B,0,63539200,53066200,10112900,0,9388608,20
datetime64_dense,shuffled,random,1000000,MC-A-detect,0,47146300,44829600,1384700,0,26165824,20
datetime64_dense,shuffled,random,1000000,MC-C,0,63404300,44183600,18362500,0,42943040,39
datetime64_dense,shuffled,random,1000000,MC-A,0,46533300,44185900,1354900,0,26165824,20
datetime64_dense,shuffled,random,1000000,MCC-A,0,225333600,52719900,170788700,63900,87166024,23
datetime64_dense,shuffled,random,1000000,MC-A-detect,1,47213600,44713200,1475100,0,26165824,20
datetime64_dense,shuffled,random,1000000,MC-A,1,47608200,45278700,1382300,0,26165824,20
datetime64_dense,shuffled,random,1000000,MC-B,1,64775900,54022600,10388200,0,9388608,20
datetime64_dense,shuffled,random,1000000,MC-C,1,63470700,44285600,18329800,0,42943040,39
datetime64_dense,shuffled,random,1000000,MCC-A,1,237557600,50404900,185329400,62300,87166024,23
datetime64_dense,shuffled,random,1000000,MCC-B,1,362893900,50308800,310801000,62700,151829176,23
datetime64_dense,shuffled,random,1000000,MC-A,2,46162100,43813700,1393500,0,26165824,20
datetime64_dense,shuffled,random,1000000,MC-B,2,64382700,53553900,10469800,0,9388608,20
datetime64_dense,shuffled,random,1000000,MCC-B,2,365695300,51462400,312429900,63200,151829176,23
datetime64_dense,shuffled,random,1000000,MCC-A,2,248192200,58861900,187508600,64100,87166024,23
datetime64_dense,shuffled,random,1000000,MC-A-detect,2,48382700,45939300,1465000,0,26165824,20
datetime64_dense,shuffled,random,1000000,MC-C,2,64843100,45636300,18341600,0,42943040,39
datetime64_duplicates,sorted,random,1000000,MC-B,0,7648600,5258800,2033900,0,9388608,20
datetime64_duplicates,sorted,random,1000000,MC-C,0,25020700,12688700,11403900,0,42943040,39
datetime64_duplicates,sorted,random,1000000,MC-A-detect,0,16442300,13496300,1977600,0,26165824,20
datetime64_duplicates,sorted,random,1000000,MC-A,0,13384700,10612000,1841700,0,26165824,20
datetime64_duplicates,sorted,random,1000000,MCC-B,0,26925700,14192100,11436800,62600,34165904,23
datetime64_duplicates,sorted,random,1000000,MCC-A,0,23787400,14240800,8265600,67800,34165904,23
datetime64_duplicates,sorted,random,1000000,MC-B,1,7664000,5322700,1988000,0,9388608,20
datetime64_duplicates,sorted,random,1000000,MCC-A,1,23760900,14302500,8172300,62800,34165904,23
datetime64_duplicates,sorted,random,1000000,MC-A-detect,1,13210800,10436400,1851800,0,26165824,20
datetime64_duplicates,sorted,random,1000000,MCC-B,1,26847000,14191800,11364100,63800,34165904,23
datetime64_duplicates,sorted,random,1000000,MC-C,1,24975400,13553700,10492800,0,42943040,39
datetime64_duplicates,sorted,random,1000000,MC-A,1,14515100,11769900,1834200,0,26165824,20
datetime64_duplicates,sorted,random,1000000,MCC-A,2,23563200,14223200,8046200,63400,34165904,23
datetime64_duplicates,sorted,random,1000000,MCC-B,2,26830400,14188900,11358600,61700,34165904,23
datetime64_duplicates,sorted,random,1000000,MC-C,2,20350400,10657300,8840700,0,42943040,39
datetime64_duplicates,sorted,random,1000000,MC-B,2,7735100,5444700,1932500,0,9388608,20
datetime64_duplicates,sorted,random,1000000,MC-A-detect,2,13549900,10714500,1892200,0,26165824,20
datetime64_duplicates,sorted,random,1000000,MC-A,2,14066500,11113000,2024300,0,26165824,20
datetime64_duplicates,shuffled,random,1000000,MCC-B,0,60649300,47778200,11492500,61500,34165904,23
datetime64_duplicates,shuffled,random,1000000,MC-C,0,51069100,40881000,9315600,0,42943040,39
datetime64_duplicates,shuffled,random,1000000,MC-B,0,44553000,42131900,2069300,0,9388608,20
datetime64_duplicates,shuffled,random,1000000,MC-A,0,43991000,41122000,1913400,0,26165824,20
datetime64_duplicates,shuffled,random,1000000,MC-A-detect,0,43742200,40936600,1869000,0,26165824,20
datetime64_duplicates,shuffled,random,1000000,MCC-A,0,54634600,45060700,8290700,62600,34165904,23
datetime64_duplicates,shuffled,random,1000000,MC-A,1,44162500,41027400,2199100,0,26165824,20
datetime64_duplicates,shuffled,random,1000000,MC-A-detect,1,47041800,44231500,1897700,0,26165824,20
datetime64_duplicates,shuffled,random,1000000,MC-C,1,50942600,40895800,9182000,0,42943040,39
datetime64_duplicates,shuffled,random,1000000,MCC-A,1,54547600,44961600,8245100,62200,34165904,23
datetime64_duplicates,shuffled,random,1000000,MCC-B,1,57699500,44834900,11570800,61300,34165904,23
datetime64_duplicates,shuffled,random,1000000,MC-B,1,44487400,42035800,2087400,0,9388608,20
datetime64_duplicates,shuffled,random,1000000,MC-A-detect,2,43639400,40837200,1863800,0,26165824,20
datetime64_duplicates,shuffled,random,1000000,MCC-A,2,59816300,48050900,10522500,61200,34165904,23
datetime64_duplicates,shuffled,random,1000000,MC-A,2,62173300,58761300,2342500,0,26165824,20
datetime64_duplicates,shuffled,random,1000000,MCC-B,2,66149400,52846000,11946500,62600,34165904,23
datetime64_duplicates,shuffled,random,1000000,MC-B,2,46979100,43074100,3495600,0,9388608,20
datetime64_duplicates,shuffled,random,1000000,MC-C,2,52030200,41940000,9210200,0,42943040,39
