dtype,scenario,n,groups,method,sample,total_ns,validation_ns,preparation_ns,sorting_ns,compression_ns,output_init_ns,dp_and_scatter_ns,peak_bytes,allocations,max_depth
i64,disjoint,1000,1,A_packed_fenwick,0,47100,500,900,15300,19500,0,10400,40008,4,0
i64,disjoint,1000,1,A_sorted_fenwick,0,58000,500,7000,15700,24800,0,9600,40008,4,0
i64,disjoint,1000,1,B_indirect_fenwick,0,62200,600,3000,24200,23900,0,10200,24008,4,0
i64,disjoint,1000,1,C_packed_segment,0,97500,500,6600,16100,24400,0,49300,48000,4,0
i64,disjoint,1000,1,D_frontier,0,32300,500,6900,17200,0,3100,4200,32032,3,0
i64,disjoint,1000,1,D_sorted_frontier,0,21700,600,900,15800,0,300,4000,32032,3,0
i64,disjoint,1000,1,D_append_frontier,0,21500,500,900,15300,0,200,4300,32032,3,0
i64,disjoint,1000,1,D_sorted_append_frontier,0,21300,600,800,15200,0,200,4200,32032,3,0
i64,disjoint,1000,1,A_sorted_fenwick,1,48800,500,800,15200,22000,0,9900,40008,4,0
i64,disjoint,1000,1,B_indirect_fenwick,1,64200,600,3600,25600,24100,0,9800,24008,4,0
i64,disjoint,1000,1,C_packed_segment,1,104100,600,6700,23500,25200,0,47900,48000,4,0
i64,disjoint,1000,1,D_frontier,1,31800,500,6600,16900,0,3200,4200,32032,3,0
i64,disjoint,1000,1,D_sorted_frontier,1,21700,500,900,15700,0,200,4100,32032,3,0
i64,disjoint,1000,1,D_append_frontier,1,21300,500,800,15200,0,200,4200,32032,3,0
i64,disjoint,1000,1,D_sorted_append_frontier,1,21300,500,800,15200,0,200,4200,32032,3,0
i64,disjoint,1000,1,A_packed_fenwick,1,48600,500,800,15100,21900,0,9900,40008,4,0
i64,disjoint,1000,1,B_indirect_fenwick,2,61000,600,3200,23500,23600,0,9800,24008,4,0
i64,disjoint,1000,1,C_packed_segment,2,95200,600,6800,15400,24200,0,47800,48000,4,0
i64,disjoint,1000,1,D_frontier,2,31400,600,6500,16700,0,3100,4100,32032,3,0
i64,disjoint,1000,1,D_sorted_frontier,2,21500,500,900,15600,0,200,4000,32032,3,0
i64,disjoint,1000,1,D_append_frontier,2,21300,600,800,15200,0,200,4200,32032,3,0
i64,disjoint,1000,1,D_sorted_append_frontier,2,21100,600,800,15100,0,200,4100,32032,3,0
i64,disjoint,1000,1,A_packed_fenwick,2,48500,500,800,15100,21800,0,10000,40008,4,0
i64,disjoint,1000,1,A_sorted_fenwick,2,56800,500,6600,15200,24600,0,9600,40008,4,0
i64,disjoint,1000,1,C_packed_segment,3,94700,600,6600,15500,24300,0,47500,48000,4,0
i64,disjoint,1000,1,D_frontier,3,31300,500,6500,16500,0,3200,4200,32032,3,0
i64,disjoint,1000,1,D_sorted_frontier,3,21500,600,900,15500,0,200,4100,32032,3,0
i64,disjoint,1000,1,D_append_frontier,3,21200,500,800,15200,0,200,4200,32032,3,0
i64,disjoint,1000,1,D_sorted_append_frontier,3,21200,500,900,15100,0,200,4200,32032,3,0
i64,disjoint,1000,1,A_packed_fenwick,3,48500,500,800,15100,21800,0,9800,40008,4,0
i64,disjoint,1000,1,A_sorted_fenwick,3,59600,600,6500,15100,27600,0,9500,40008,4,0
i64,disjoint,1000,1,B_indirect_fenwick,3,63200,600,3400,23800,25000,0,9800,24008,4,0
i64,disjoint,1000,1,D_frontier,4,31100,500,6900,15500,0,3500,4100,32032,3,0
i64,disjoint,1000,1,D_sorted_frontier,4,21400,500,800,15400,0,200,4000,32032,3,0
i64,disjoint,1000,1,D_append_frontier,4,21400,500,800,15100,0,100,4300,32032,3,0
i64,disjoint,1000,1,D_sorted_append_frontier,4,21200,500,900,15100,0,200,4200,32032,3,0
i64,disjoint,1000,1,A_packed_fenwick,4,49700,500,800,15100,22500,0,10300,40008,4,0
i64,disjoint,1000,1,A_sorted_fenwick,4,57800,500,6600,15200,25500,0,9500,40008,4,0
i64,disjoint,1000,1,B_indirect_fenwick,4,59800,500,3300,23000,23100,0,9400,24008,4,0
i64,disjoint,1000,1,C_packed_segment,4,95400,600,6800,15700,24300,0,47700,48000,4,0
i64,disjoint,10000,1,A_packed_fenwick,0,877600,4900,40700,254200,407300,0,163200,400008,4,0
i64,disjoint,10000,1,A_sorted_fenwick,0,870200,4900,39800,263700,392400,0,160800,400008,4,0
i64,disjoint,10000,1,B_indirect_fenwick,0,895700,4900,21900,315100,383600,0,156200,240008,4,0
i64,disjoint,10000,1,C_packed_segment,0,1386700,4900,41100,261900,390200,0,674000,480000,4,0
i64,disjoint,10000,1,D_frontier,0,363700,5000,39200,257500,0,21900,39500,320032,3,0
i64,disjoint,10000,1,D_sorted_frontier,0,374900,5000,40200,260500,0,23300,45200,320032,3,0
i64,disjoint,10000,1,D_append_frontier,0,371700,5000,42700,260000,0,22000,41500,320032,3,0
i64,disjoint,10000,1,D_sorted_append_frontier,0,367400,5000,43000,255400,0,22300,41200,320032,3,0
i64,disjoint,10000,1,A_sorted_fenwick,1,862700,4900,44700,256500,392000,0,156600,400008,4,0
i64,disjoint,10000,1,B_indirect_fenwick,1,904100,4900,22000,317200,389400,0,156700,240008,4,0
i64,disjoint,10000,1,C_packed_segment,1,1403400,5000,41000,260800,392100,0,691000,480000,4,0
i64,disjoint,10000,1,D_frontier,1,371200,5100,43700,260300,0,21900,39700,320032,3,0
i64,disjoint,10000,1,D_sorted_frontier,1,367300,5000,42000,257900,0,21900,40000,320032,3,0
i64,disjoint,10000,1,D_append_frontier,1,372300,5000,41700,259400,0,23000,42500,320032,3,0
i64,disjoint,10000,1,D_sorted_append_frontier,1,411000,8700,69300,268100,0,22100,41600,320032,3,0
i64,disjoint,10000,1,A_packed_fenwick,1,865200,4900,42100,265400,391400,0,155200,400008,4,0
i64,disjoint,10000,1,B_indirect_fenwick,2,871300,5000,20200,311300,368300,0,155200,240008,4,0
i64,disjoint,10000,1,C_packed_segment,2,1372700,5000,36900,258700,380200,0,679200,480000,4,0
i64,disjoint,10000,1,D_frontier,2,361800,5000,37700,259000,0,19600,39700,320032,3,0
i64,disjoint,10000,1,D_sorted_frontier,2,361800,5000,38400,258400,0,19500,40100,320032,3,0
i64,disjoint,10000,1,D_append_frontier,2,400300,5000,36400,293100,0,23500,41700,320032,3,0
i64,disjoint,10000,1,D_sorted_append_frontier,2,368700,5000,37500,262900,0,19600,43100,320032,3,0
i64,disjoint,10000,1,A_packed_fenwick,2,847400,5000,37200,257400,386000,0,155700,400008,4,0
i64,disjoint,10000,1,A_sorted_fenwick,2,849700,4900,37000,259300,378900,0,163300,400008,4,0
i64,disjoint,10000,1,C_packed_segment,3,1388900,5000,38400,261300,391300,0,679600,480000,4,0
i64,disjoint,10000,1,D_frontier,3,367000,5000,37200,259000,0,25000,40200,320032,3,0
i64,disjoint,10000,1,D_sorted_frontier,3,368000,5000,39000,263500,0,20500,39600,320032,3,0
i64,disjoint,10000,1,D_append_frontier,3,364300,5100,39600,257400,0,20100,41600,320032,3,0
i64,disjoint,10000,1,D_sorted_append_frontier,3,362200,5000,37400,257900,0,19800,41800,320032,3,0
i64,disjoint,10000,1,A_packed_fenwick,3,857800,5000,38200,258500,385700,0,163400,400008,4,0
i64,disjoint,10000,1,A_sorted_fenwick,3,847000,5000,37400,258000,385200,0,154800,400008,4,0
i64,disjoint,10000,1,B_indirect_fenwick,3,882200,4900,21200,310200,371300,0,160900,240008,4,0
i64,disjoint,10000,1,D_frontier,4,378000,5000,38700,270300,0,21300,42200,320032,3,0
i64,disjoint,10000,1,D_sorted_frontier,4,370600,5000,39300,260800,0,22600,42200,320032,3,0
i64,disjoint,10000,1,D_append_frontier,4,362700,5000,39000,256400,0,20300,41600,320032,3,0
i64,disjoint,10000,1,D_sorted_append_frontier,4,364400,5000,39300,256800,0,20800,42100,320032,3,0
i64,disjoint,10000,1,A_packed_fenwick,4,885700,5000,47500,256300,402000,0,163900,400008,4,0
i64,disjoint,10000,1,A_sorted_fenwick,4,850000,5000,45300,257500,378400,0,156000,400008,4,0
i64,disjoint,10000,1,B_indirect_fenwick,4,889800,5000,22200,312300,368100,0,162600,240008,4,0
i64,disjoint,10000,1,C_packed_segment,4,1385900,5000,38700,260600,378600,0,689100,480000,4,0
i64,disjoint,100000,1,A_packed_fenwick,0,10877900,58300,381200,3080000,5088400,0,2170400,4000008,4,0
i64,disjoint,100000,1,A_sorted_fenwick,0,10837400,50900,381500,3008800,5260200,0,2044400,4000008,4,0
i64,disjoint,100000,1,B_indirect_fenwick,0,12498000,58300,113300,4053300,5290400,0,2846500,2400008,4,0
i64,disjoint,100000,1,C_packed_segment,0,17956500,102100,437300,3045400,5236100,0,8862800,4800000,4,0
i64,disjoint,100000,1,D_frontier,0,4153100,91300,403400,3032000,0,115700,408000,3200032,3,0
i64,disjoint,100000,1,D_sorted_frontier,0,4110700,48500,410700,3048400,0,106500,410900,3200032,3,0
i64,disjoint,100000,1,D_append_frontier,0,4094600,48500,363900,3036300,0,107700,423500,3200032,3,0
i64,disjoint,100000,1,D_sorted_append_frontier,0,4184100,100900,426500,3051300,0,100300,423800,3200032,3,0
i64,disjoint,100000,1,A_sorted_fenwick,1,11128600,48600,364300,3448000,5132400,0,2040500,4000008,4,0
i64,disjoint,100000,1,B_indirect_fenwick,1,11675300,52900,116900,3964600,5197600,0,2245800,2400008,4,0
i64,disjoint,100000,1,C_packed_segment,1,17085200,47800,363400,3002500,5168600,0,8295800,4800000,4,0
i64,disjoint,100000,1,D_frontier,1,4088200,111300,412100,2975800,0,98100,408200,3200032,3,0
i64,disjoint,100000,1,D_sorted_frontier,1,4038700,52800,349200,3013600,0,101300,432000,3200032,3,0
i64,disjoint,100000,1,D_append_frontier,1,4019800,51400,381000,2986000,0,100500,419100,3200032,3,0
i64,disjoint,100000,1,D_sorted_append_frontier,1,4006800,47600,344100,2981300,0,103700,430200,3200032,3,0
i64,disjoint,100000,1,A_packed_fenwick,1,10832700,99200,405300,3000700,5170800,0,2071700,4000008,4,0
i64,disjoint,100000,1,B_indirect_fenwick,2,11825600,57400,104200,3932300,5237300,0,2383500,2400008,4,0
i64,disjoint,100000,1,C_packed_segment,2,17194400,49800,397700,2990900,5094900,0,8448600,4800000,4,0
i64,disjoint,100000,1,D_frontier,2,4019000,59600,374300,2974800,0,109400,400800,3200032,3,0
i64,disjoint,100000,1,D_sorted_frontier,2,4150800,90900,472100,3007800,0,98100,402000,3200032,3,0
i64,disjoint,100000,1,D_append_frontier,2,4044100,47700,343200,3035900,0,100200,415200,3200032,3,0
i64,disjoint,100000,1,D_sorted_append_frontier,2,4223800,65600,449500,3044600,0,118200,441000,3200032,3,0
i64,disjoint,100000,1,A_packed_fenwick,2,11040500,77800,394600,3083200,5158500,0,2186900,4000008,4,0
i64,disjoint,100000,1,A_sorted_fenwick,2,10990100,134700,406300,3037700,5233100,0,2082000,4000008,4,0
i64,disjoint,100000,1,C_packed_segment,3,17391000,64600,369900,3047200,5105000,0,8608200,4800000,4,0
i64,disjoint,100000,1,D_frontier,3,4059600,55400,360600,3011400,0,111200,416300,3200032,3,0
i64,disjoint,100000,1,D_sorted_frontier,3,4109700,73300,446700,3003100,0,107200,402200,3200032,3,0
i64,disjoint,100000,1,D_append_frontier,3,4045200,47600,351600,3045800,0,99100,414900,3200032,3,0
i64,disjoint,100000,1,D_sorted_append_frontier,3,4070700,48900,383300,3030800,0,102200,422600,3200032,3,0
i64,disjoint,100000,1,A_packed_fenwick,3,10678000,48500,346900,3016100,5117800,0,2042100,4000008,4,0
i64,disjoint,100000,1,A_sorted_fenwick,3,11021700,112100,406700,3064300,5164700,0,2183000,4000008,4,0
i64,disjoint,100000,1,B_indirect_fenwick,3,12675400,81200,127700,3971600,5273400,0,3114900,2400008,4,0
i64,disjoint,100000,1,D_frontier,4,4132700,69200,383400,3049200,0,113600,408500,3200032,3,0
i64,disjoint,100000,1,D_sorted_frontier,4,4240800,136800,397900,3088700,0,109600,421300,3200032,3,0
i64,disjoint,100000,1,D_append_frontier,4,4125900,67800,371100,3030000,0,117200,433400,3200032,3,0
i64,disjoint,100000,1,D_sorted_append_frontier,4,4189000,77500,406000,3065500,0,115900,424900,3200032,3,0
i64,disjoint,100000,1,A_packed_fenwick,4,11175000,69400,387900,3055000,5233600,0,2303400,4000008,4,0
i64,disjoint,100000,1,A_sorted_fenwick,4,11135900,142000,382100,3065300,5175000,0,2270600,4000008,4,0
i64,disjoint,100000,1,B_indirect_fenwick,4,12536600,72400,109100,4021100,5318400,0,2890100,2400008,4,0
i64,disjoint,100000,1,C_packed_segment,4,17931100,85700,415100,3095700,5257000,0,8841900,4800000,4,0
i64,disjoint,1000000,1,A_packed_fenwick,0,218530100,982700,4146100,37915300,90916200,0,82888600,40000008,4,0
i64,disjoint,1000000,1,A_sorted_fenwick,0,197520700,1109800,4411700,38408100,98870600,0,53072500,40000008,4,0
i64,disjoint,1000000,1,B_indirect_fenwick,0,223792400,1113300,1191000,59874900,80490300,0,80107100,24000008,4,0
i64,disjoint,1000000,1,C_packed_segment,0,246530700,1114400,4255700,37036100,80596000,0,121349100,48000000,4,0
i64,disjoint,1000000,1,D_frontier,0,50932200,1152300,4376900,37106800,0,20100,7361300,32000032,3,0
i64,disjoint,1000000,1,D_sorted_frontier,0,52325800,1008200,4006000,38245000,0,26700,8086400,32000032,3,0
i64,disjoint,1000000,1,D_append_frontier,0,72755100,1007000,4741400,55675200,0,42900,10202700,32000032,3,0
i64,disjoint,1000000,1,D_sorted_append_frontier,0,52736500,1052600,4307100,38432600,0,39300,7907700,32000032,3,0
i64,disjoint,1000000,1,A_sorted_fenwick,1,166902500,1033100,4172400,37941000,83213800,0,38796500,40000008,4,0
i64,disjoint,1000000,1,B_indirect_fenwick,1,214064200,1067100,1088600,59975300,82762500,0,68101700,24000008,4,0
i64,disjoint,1000000,1,C_packed_segment,1,247222000,1002500,4290000,37902300,83131500,0,118730400,48000000,4,0
i64,disjoint,1000000,1,D_frontier,1,52250000,1124000,4443400,37993900,0,40100,7676500,32000032,3,0
i64,disjoint,1000000,1,D_sorted_frontier,1,58252300,1058500,4347700,43964300,0,24800,7900900,32000032,3,0
i64,disjoint,1000000,1,D_append_frontier,1,53492100,1077700,4471100,38393400,0,33200,8509000,32000032,3,0
i64,disjoint,1000000,1,D_sorted_append_frontier,1,52789500,1029600,4231100,38419700,0,31900,7923200,32000032,3,0
i64,disjoint,1000000,1,A_packed_fenwick,1,189961400,1079300,4819500,40516600,101168000,0,40780200,40000008,4,0
i64,disjoint,1000000,1,B_indirect_fenwick,2,219137500,1002600,1171400,60141000,83658800,0,72094000,24000008,4,0
i64,disjoint,1000000,1,C_packed_segment,2,245886800,978100,4162100,38009300,84225600,0,116399000,48000000,4,0
i64,disjoint,1000000,1,D_frontier,2,52196600,1065900,4503800,38017800,0,40800,7588400,32000032,3,0
i64,disjoint,1000000,1,D_sorted_frontier,2,51686400,1009300,4131200,37777100,0,40300,7752000,32000032,3,0
i64,disjoint,1000000,1,D_append_frontier,2,52195700,969100,4085200,38434100,0,40400,7694300,32000032,3,0
i64,disjoint,1000000,1,D_sorted_append_frontier,2,51773000,967000,4118300,38079200,0,38300,7545400,32000032,3,0
i64,disjoint,1000000,1,A_packed_fenwick,2,181153500,1010300,4119500,37758000,85604300,0,50814800,40000008,4,0
i64,disjoint,1000000,1,A_sorted_fenwick,2,182865100,1196600,4916900,47437300,87301000,0,40379800,40000008,4,0
i64,disjoint,1000000,1,C_packed_segment,3,249824300,1034700,4193000,37909000,86038800,0,118442000,48000000,4,0
i64,disjoint,1000000,1,D_frontier,3,52242000,1057700,4389200,37990400,0,36000,7805200,32000032,3,0
i64,disjoint,1000000,1,D_sorted_frontier,3,51957800,1020200,4428400,37871900,0,38700,7625100,32000032,3,0
i64,disjoint,1000000,1,D_append_frontier,3,51679100,983900,4135600,37951500,0,38000,7611300,32000032,3,0
i64,disjoint,1000000,1,D_sorted_append_frontier,3,52683400,1035900,4047400,39065500,0,35100,7550300,32000032,3,0
i64,disjoint,1000000,1,A_packed_fenwick,3,174134000,1019900,4198400,38040300,89922000,0,39356100,40000008,4,0
i64,disjoint,1000000,1,A_sorted_fenwick,3,188542600,1025500,4217600,37929800,92094800,0,51407500,40000008,4,0
i64,disjoint,1000000,1,B_indirect_fenwick,3,235944500,1221700,1484600,79001500,86383200,0,66793400,24000008,4,0
i64,disjoint,1000000,1,D_frontier,4,53049300,1017200,4806000,38315200,0,34500,7849500,32000032,3,0
i64,disjoint,1000000,1,D_sorted_frontier,4,52087800,980300,4134600,38390300,0,35800,7523900,32000032,3,0
i64,disjoint,1000000,1,D_append_frontier,4,51705100,963500,4127100,37940100,0,35700,7693100,32000032,3,0
i64,disjoint,1000000,1,D_sorted_append_frontier,4,52047700,989000,4155100,38082200,0,37900,7812400,32000032,3,0
i64,disjoint,1000000,1,A_packed_fenwick,4,239637800,932400,4131800,37767800,123157600,0,72042700,40000008,4,0
i64,disjoint,1000000,1,A_sorted_fenwick,4,169725200,1127300,4727200,37740900,84424700,0,40110500,40000008,4,0
i64,disjoint,1000000,1,B_indirect_fenwick,4,252161800,1018700,1108600,67903800,111846700,0,69255900,24000008,4,0
i64,disjoint,1000000,1,C_packed_segment,4,268500800,992300,4360600,37991400,84828900,0,137882200,48000000,4,0
i64,disjoint,3000000,1,A_packed_fenwick,0,1159194800,2639200,13559300,131993200,703049000,0,303314600,120000008,4,0
i64,disjoint,3000000,1,A_sorted_fenwick,0,1184066600,2743600,12900200,163550200,698105400,0,302248600,120000008,4,0
i64,disjoint,3000000,1,B_indirect_fenwick,0,1442077700,2750500,3363400,339071100,674271200,0,419727700,72000008,4,0
i64,disjoint,3000000,1,C_packed_segment,0,1309708200,2704900,13348000,130381200,634275800,0,522868900,144000000,4,0
i64,disjoint,3000000,1,D_frontier,0,207475800,2761600,13380800,151532200,0,40900,37050800,96000032,3,0
i64,disjoint,3000000,1,D_sorted_frontier,0,181468700,2613600,13441300,127366700,0,40200,35281200,96000032,3,0
i64,disjoint,3000000,1,D_append_frontier,0,185351700,2575600,13243600,127211000,0,37900,39330400,96000032,3,0
i64,disjoint,3000000,1,D_sorted_append_frontier,0,193380700,3284500,14668200,130337300,0,37300,42006200,96000032,3,0
i64,disjoint,3000000,1,A_sorted_fenwick,1,1151515300,2848400,15061300,162840500,680209200,0,285972000,120000008,4,0
i64,disjoint,3000000,1,B_indirect_fenwick,1,1506504100,3246200,4352800,357316600,716411200,0,422201500,72000008,4,0
i64,disjoint,3000000,1,C_packed_segment,1,1357820500,2879800,12852600,128588300,686356700,0,521047800,144000000,4,0
i64,disjoint,3000000,1,D_frontier,1,188528200,2783700,13547100,128814300,0,40700,40364100,96000032,3,0
i64,disjoint,3000000,1,D_sorted_frontier,1,200743000,3147600,13780200,138925100,0,40700,42149000,96000032,3,0
i64,disjoint,3000000,1,D_append_frontier,1,182983400,2830500,13321500,128312000,0,39900,35775400,96000032,3,0
i64,disjoint,3000000,1,D_sorted_append_frontier,1,182516800,2626100,13439800,128193900,0,39100,35555700,96000032,3,0
i64,disjoint,3000000,1,A_packed_fenwick,1,1171067200,2749300,13314500,129414600,731893000,0,289127900,120000008,4,0
i64,disjoint,3000000,1,B_indirect_fenwick,2,1477368800,2880800,3283500,357509300,683036200,0,427692600,72000008,4,0
i64,disjoint,3000000,1,C_packed_segment,2,1434191600,2698500,12865000,129501200,674533000,0,606800200,144000000,4,0
i64,disjoint,3000000,1,D_frontier,2,201216200,3541000,16224400,141995000,0,34800,36680400,96000032,3,0
i64,disjoint,3000000,1,D_sorted_frontier,2,187686800,2747600,12772400,128099000,0,43400,41068700,96000032,3,0
i64,disjoint,3000000,1,D_append_frontier,2,189160100,2775100,13306400,128777800,0,42300,41569900,96000032,3,0
i64,disjoint,3000000,1,D_sorted_append_frontier,2,184920000,2805400,13526700,129273500,0,37600,36583900,96000032,3,0
i64,disjoint,3000000,1,A_packed_fenwick,2,1184019900,2897700,12704300,128227200,735599100,0,299962600,120000008,4,0
i64,disjoint,3000000,1,A_sorted_fenwick,2,1102592000,2923400,13941100,130394900,668674200,0,282071200,120000008,4,0
i64,disjoint,3000000,1,C_packed_segment,3,1320790700,2777900,12771700,129006000,644207800,0,525630900,144000000,4,0
i64,disjoint,3000000,1,D_frontier,3,183945100,2747500,13336100,129619500,0,77400,35452500,96000032,3,0
i64,disjoint,3000000,1,D_sorted_frontier,3,187207700,2832100,12586000,133628400,0,40100,35426300,96000032,3,0
i64,disjoint,3000000,1,D_append_frontier,3,182115000,2787300,12662300,127973300,0,30200,35962700,96000032,3,0
i64,disjoint,3000000,1,D_sorted_append_frontier,3,183779100,2557400,12676700,129082400,0,27400,36682100,96000032,3,0
i64,disjoint,3000000,1,A_packed_fenwick,3,1171468300,2922500,14299900,133755700,718502500,0,297219900,120000008,4,0
i64,disjoint,3000000,1,A_sorted_fenwick,3,1165219100,3488900,13572000,140570500,705669000,0,297056900,120000008,4,0
i64,disjoint,3000000,1,B_indirect_fenwick,3,1460242000,2791900,3263400,356321900,677902000,0,417029000,72000008,4,0
i64,disjoint,3000000,1,D_frontier,4,183917400,2737700,13097000,127928900,0,40400,37419600,96000032,3,0
i64,disjoint,3000000,1,D_sorted_frontier,4,184788200,2663700,13245200,130495000,0,51300,35609900,96000032,3,0
i64,disjoint,3000000,1,D_append_frontier,4,210247500,2765400,13357900,154503800,0,36300,36857000,96000032,3,0
i64,disjoint,3000000,1,D_sorted_append_frontier,4,181700100,2786200,12640900,127838700,0,36700,35618800,96000032,3,0
i64,disjoint,3000000,1,A_packed_fenwick,4,1167527200,2521600,13161500,133525500,700374100,0,313223700,120000008,4,0
i64,disjoint,3000000,1,A_sorted_fenwick,4,1173522800,2944400,13637900,130252300,726730900,0,295436000,120000008,4,0
i64,disjoint,3000000,1,B_indirect_fenwick,4,1466644700,2878200,3423200,369909700,659664600,0,427889000,72000008,4,0
i64,disjoint,3000000,1,C_packed_segment,4,1339054200,2726400,12867900,128331400,645196800,0,543702100,144000000,4,0
i64,crossing,1000,1,A_packed_fenwick,0,63800,600,7200,15400,22600,0,10400,40008,4,0
i64,crossing,1000,1,A_sorted_fenwick,0,61000,500,7300,15400,20700,0,9500,40008,4,0
i64,crossing,1000,1,B_indirect_fenwick,0,66600,800,2700,23600,28900,0,10200,24008,4,0
i64,crossing,1000,1,C_packed_segment,0,132200,500,7800,15900,34100,0,64000,48000,4,0
i64,crossing,1000,1,D_frontier,0,50900,600,11700,19100,0,2400,4300,32032,3,0
i64,crossing,1000,1,D_sorted_frontier,0,37900,500,7600,20100,0,400,4000,32032,3,0
i64,crossing,1000,1,D_append_frontier,0,40100,500,8100,21800,0,500,4500,32032,3,0
i64,crossing,1000,1,D_sorted_append_frontier,0,42100,500,11300,18500,0,400,6300,32032,3,0
i64,crossing,1000,1,A_sorted_fenwick,1,74300,600,8400,20900,26400,0,10200,40008,4,0
i64,crossing,1000,1,B_indirect_fenwick,1,60300,500,2300,23500,23500,0,10000,24008,4,0
i64,crossing,1000,1,C_packed_segment,1,111900,800,7700,18600,27800,0,49200,48000,4,0
i64,crossing,1000,1,D_frontier,1,38700,500,7400,16600,0,2000,4300,32032,3,0
i64,crossing,1000,1,D_sorted_frontier,1,31700,600,7500,15700,0,200,4200,32032,3,0
i64,crossing,1000,1,D_append_frontier,1,31800,500,7400,15400,0,200,4400,32032,3,0
i64,crossing,1000,1,D_sorted_append_frontier,1,32100,500,7100,15200,0,200,4500,32032,3,0
i64,crossing,1000,1,A_packed_fenwick,1,63100,600,6900,15200,23000,0,10100,40008,4,0
i64,crossing,1000,1,B_indirect_fenwick,2,60000,500,2200,23300,23400,0,10000,24008,4,0
i64,crossing,1000,1,C_packed_segment,2,123200,500,7100,15500,23600,0,60800,48000,4,0
i64,crossing,1000,1,D_frontier,2,47300,600,9500,17900,0,3400,4500,32032,3,0
i64,crossing,1000,1,D_sorted_frontier,2,32100,500,7500,15800,0,400,4200,32032,3,0
i64,crossing,1000,1,D_append_frontier,2,32700,500,7900,15300,0,200,4500,32032,3,0
i64,crossing,1000,1,D_sorted_append_frontier,2,33900,600,7800,15200,0,200,4500,32032,3,0
i64,crossing,1000,1,A_packed_fenwick,2,65300,600,7800,15100,23400,0,10100,40008,4,0
i64,crossing,1000,1,A_sorted_fenwick,2,81300,500,13500,18600,27100,0,10100,40008,4,0
i64,crossing,1000,1,C_packed_segment,3,133900,900,9100,21000,29100,0,64400,48000,4,0
i64,crossing,1000,1,D_frontier,3,50400,600,10900,20200,0,2700,3900,32032,3,0
i64,crossing,1000,1,D_sorted_frontier,3,39200,600,9000,20200,0,300,4100,32032,3,0
i64,crossing,1000,1,D_append_frontier,3,35600,600,8800,17300,0,300,4400,32032,3,0
i64,crossing,1000,1,D_sorted_append_frontier,3,31600,600,7400,15300,0,200,4300,32032,3,0
i64,crossing,1000,1,A_packed_fenwick,3,69400,600,7200,21700,22400,0,9900,40008,4,0
i64,crossing,1000,1,A_sorted_fenwick,3,61000,500,7400,15300,20600,0,9600,40008,4,0
i64,crossing,1000,1,B_indirect_fenwick,3,67700,500,2300,24100,27900,0,12300,24008,4,0
i64,crossing,1000,1,D_frontier,4,36500,500,9200,16200,0,2300,4400,32032,3,0
i64,crossing,1000,1,D_sorted_frontier,4,31100,600,7000,15300,0,300,4200,32032,3,0
i64,crossing,1000,1,D_append_frontier,4,30700,500,7000,15000,0,200,4200,32032,3,0
i64,crossing,1000,1,D_sorted_append_frontier,4,31000,500,7000,15100,0,100,4300,32032,3,0
i64,crossing,1000,1,A_packed_fenwick,4,62300,500,7000,15000,22400,0,9700,40008,4,0
i64,crossing,1000,1,A_sorted_fenwick,4,60300,500,7300,15200,20100,0,9500,40008,4,0
i64,crossing,1000,1,B_indirect_fenwick,4,59400,500,2100,23400,23300,0,9500,24008,4,0
i64,crossing,1000,1,C_packed_segment,4,103600,500,7200,15500,23200,0,49000,48000,4,0
i64,crossing,10000,1,A_packed_fenwick,0,823100,5000,45400,252900,361900,0,148900,400008,4,0
i64,crossing,10000,1,A_sorted_fenwick,0,826200,4900,43500,253800,366500,0,148200,400008,4,0
i64,crossing,10000,1,B_indirect_fenwick,0,875200,6000,27500,302100,357200,0,157100,240008,4,0
i64,crossing,10000,1,C_packed_segment,0,1363100,5000,56300,256200,367700,0,663900,480000,4,0
i64,crossing,10000,1,D_frontier,0,366100,4900,44500,252900,0,22000,41100,320032,3,0
i64,crossing,10000,1,D_sorted_frontier,0,380000,4900,43300,266900,0,22900,41300,320032,3,0
i64,crossing,10000,1,D_append_frontier,0,362700,4900,40500,253300,0,20600,42800,320032,3,0
i64,crossing,10000,1,D_sorted_append_frontier,0,361400,5000,38400,253200,0,19800,43800,320032,3,0
i64,crossing,10000,1,A_sorted_fenwick,1,826400,6200,43200,261600,358800,0,147500,400008,4,0
i64,crossing,10000,1,B_indirect_fenwick,1,851700,5000,20600,306800,350600,0,154400,240008,4,0
i64,crossing,10000,1,C_packed_segment,1,1327900,4900,38400,253600,375900,0,642600,480000,4,0
i64,crossing,10000,1,D_frontier,1,360000,5000,37900,255000,0,20100,41400,320032,3,0
i64,crossing,10000,1,D_sorted_frontier,1,424100,4900,38000,318700,0,20100,41900,320032,3,0
i64,crossing,10000,1,D_append_frontier,1,436100,5000,38000,328300,0,20000,44400,320032,3,0
i64,crossing,10000,1,D_sorted_append_frontier,1,425500,4900,38100,317100,0,20300,44400,320032,3,0
i64,crossing,10000,1,A_packed_fenwick,1,881400,4900,38300,322500,360300,0,146800,400008,4,0
i64,crossing,10000,1,B_indirect_fenwick,2,858900,5000,20700,313300,351800,0,154600,240008,4,0
i64,crossing,10000,1,C_packed_segment,2,1332900,5000,38200,267700,356100,0,653300,480000,4,0
i64,crossing,10000,1,D_frontier,2,362300,4900,39800,254900,0,21000,41000,320032,3,0
i64,crossing,10000,1,D_sorted_frontier,2,359700,4900,38800,253700,0,20800,40900,320032,3,0
i64,crossing,10000,1,D_append_frontier,2,363200,5000,40800,252600,0,21900,42500,320032,3,0
i64,crossing,10000,1,D_sorted_append_frontier,2,362500,4900,41200,252700,0,20700,42500,320032,3,0
i64,crossing,10000,1,A_packed_fenwick,2,828000,5000,40700,252300,372900,0,148400,400008,4,0
i64,crossing,10000,1,A_sorted_fenwick,2,816400,4900,40700,252400,361500,0,148600,400008,4,0
i64,crossing,10000,1,C_packed_segment,3,1317500,4900,38500,249300,363000,0,649600,480000,4,0
i64,crossing,10000,1,D_frontier,3,356500,4900,38800,251100,0,20300,40800,320032,3,0
i64,crossing,10000,1,D_sorted_frontier,3,391000,4900,53700,265400,0,24800,41100,320032,3,0
i64,crossing,10000,1,D_append_frontier,3,364000,4900,42100,251800,0,22400,42200,320032,3,0
i64,crossing,10000,1,D_sorted_append_frontier,3,444900,4900,40100,334300,0,22800,42100,320032,3,0
i64,crossing,10000,1,A_packed_fenwick,3,821400,5000,38100,251800,367600,0,149200,400008,4,0
i64,crossing,10000,1,A_sorted_fenwick,3,810400,4900,37400,251400,362600,0,145800,400008,4,0
i64,crossing,10000,1,B_indirect_fenwick,3,856300,5000,26600,302100,356700,0,152400,240008,4,0
i64,crossing,10000,1,D_frontier,4,363200,4800,38000,256700,0,21300,41700,320032,3,0
i64,crossing,10000,1,D_sorted_frontier,4,356500,4900,38500,251800,0,19800,40900,320032,3,0
i64,crossing,10000,1,D_append_frontier,4,357000,4900,37900,251300,0,19900,42500,320032,3,0
i64,crossing,10000,1,D_sorted_append_frontier,4,358300,4900,39800,249800,0,20900,42400,320032,3,0
i64,crossing,10000,1,A_packed_fenwick,4,798700,4900,37800,251300,349900,0,146400,400008,4,0
i64,crossing,10000,1,A_sorted_fenwick,4,808100,4900,37400,251800,355200,0,150600,400008,4,0
i64,crossing,10000,1,B_indirect_fenwick,4,859100,7000,20700,305700,358800,0,154000,240008,4,0
i64,crossing,10000,1,C_packed_segment,4,1340500,4900,37900,258700,369800,0,656700,480000,4,0
i64,crossing,100000,1,A_packed_fenwick,0,11008600,49200,381900,3140800,5295100,0,2053200,4000008,4,0
i64,crossing,100000,1,A_sorted_fenwick,0,11023100,49300,360800,3077200,5292100,0,2141000,4000008,4,0
i64,crossing,100000,1,B_indirect_fenwick,0,12040400,53900,137600,4050500,5311300,0,2374300,2400008,4,0
i64,crossing,100000,1,C_packed_segment,0,17834700,49200,362200,3062900,5378400,0,8760200,4800000,4,0
i64,crossing,100000,1,D_frontier,0,4163500,56300,392100,3050700,0,118600,440700,3200032,3,0
i64,crossing,100000,1,D_sorted_frontier,0,4167300,53800,375600,3089600,0,126600,417100,3200032,3,0
i64,crossing,100000,1,D_append_frontier,0,4239100,75100,419300,3109300,0,117300,428300,3200032,3,0
i64,crossing,100000,1,D_sorted_append_frontier,0,4134600,63800,365700,3064900,0,113400,433300,3200032,3,0
i64,crossing,100000,1,A_sorted_fenwick,1,12980500,49200,393300,3073600,6448000,0,2897200,4000008,4,0
i64,crossing,100000,1,B_indirect_fenwick,1,16399600,91200,160500,5259900,7688400,0,3036600,2400008,4,0
i64,crossing,100000,1,C_packed_segment,1,19679900,49900,499400,4280100,5945000,0,8682200,4800000,4,0
i64,crossing,100000,1,D_frontier,1,4219000,63100,418100,3081500,0,128800,422100,3200032,3,0
i64,crossing,100000,1,D_sorted_frontier,1,4229500,49600,437000,3111500,0,119600,424600,3200032,3,0
i64,crossing,100000,1,D_append_frontier,1,4143900,51200,360500,3085200,0,123600,430400,3200032,3,0
i64,crossing,100000,1,D_sorted_append_frontier,1,4243000,49400,408200,3133600,0,127000,435600,3200032,3,0
i64,crossing,100000,1,A_packed_fenwick,1,10984600,55400,363400,3123000,5243800,0,2096000,4000008,4,0
i64,crossing,100000,1,B_indirect_fenwick,2,12116200,51700,135600,4010200,5427900,0,2373600,2400008,4,0
i64,crossing,100000,1,C_packed_segment,2,18325500,49500,384100,3082300,5427300,0,9137900,4800000,4,0
i64,crossing,100000,1,D_frontier,2,4264500,70000,426300,3142900,0,118200,422000,3200032,3,0
i64,crossing,100000,1,D_sorted_frontier,2,4228500,49400,357700,3167400,0,127400,428800,3200032,3,0
i64,crossing,100000,1,D_append_frontier,2,4189600,50100,403700,3081000,0,119300,439500,3200032,3,0
i64,crossing,100000,1,D_sorted_append_frontier,2,4200000,49700,349300,3142800,0,129800,433300,3200032,3,0
i64,crossing,100000,1,A_packed_fenwick,2,11212100,50300,427000,3174500,5353500,0,2109200,4000008,4,0
i64,crossing,100000,1,A_sorted_fenwick,2,11248300,49900,394200,3140200,5387200,0,2172400,4000008,4,0
i64,crossing,100000,1,C_packed_segment,3,18057900,59500,437400,3104800,5319200,0,8929700,4800000,4,0
i64,crossing,100000,1,D_frontier,3,4195800,56900,406900,3107700,0,116000,421800,3200032,3,0
i64,crossing,100000,1,D_sorted_frontier,3,4586500,49400,360900,3504500,0,140600,422400,3200032,3,0
i64,crossing,100000,1,D_append_frontier,3,4194300,62700,402200,3094500,0,116000,433300,3200032,3,0
i64,crossing,100000,1,D_sorted_append_frontier,3,4160800,49700,358100,3099300,0,119700,438900,3200032,3,0
i64,crossing,100000,1,A_packed_fenwick,3,11536500,49800,428700,3179900,5640400,0,2139000,4000008,4,0
i64,crossing,100000,1,A_sorted_fenwick,3,11329000,58300,373400,3208800,5484600,0,2110400,4000008,4,0
i64,crossing,100000,1,B_indirect_fenwick,3,12162900,51700,124100,4064100,5385300,0,2398600,2400008,4,0
i64,crossing,100000,1,D_frontier,4,4188300,49700,395900,3110300,0,119100,420400,3200032,3,0
i64,crossing,100000,1,D_sorted_frontier,4,4134600,49700,352400,3102300,0,118000,419600,3200032,3,0
i64,crossing,100000,1,D_append_frontier,4,4171300,50100,399300,3088500,0,114300,433100,3200032,3,0
i64,crossing,100000,1,D_sorted_append_frontier,4,4251600,49700,347300,3191100,0,129300,433300,3200032,3,0
i64,crossing,100000,1,A_packed_fenwick,4,13584700,51600,394600,3273200,6627100,0,3097700,4000008,4,0
i64,crossing,100000,1,A_sorted_fenwick,4,12584200,93400,469900,4274500,5532100,0,2102800,4000008,4,0
i64,crossing,100000,1,B_indirect_fenwick,4,12744500,57400,169700,4468500,5524200,0,2390500,2400008,4,0
i64,crossing,100000,1,C_packed_segment,4,18388500,54000,393400,3176700,5423800,0,9135700,4800000,4,0
i64,crossing,1000000,1,A_packed_fenwick,0,169540700,886900,4170100,37963200,83897000,0,41032700,40000008,4,0
i64,crossing,1000000,1,A_sorted_fenwick,0,176943700,1156700,4245000,37770500,85040300,0,47041000,40000008,4,0
i64,crossing,1000000,1,B_indirect_fenwick,0,267528400,1171100,1188900,61484200,93426100,0,109106300,24000008,4,0
i64,crossing,1000000,1,C_packed_segment,0,266153200,1058300,4676600,39157700,84602200,0,134406600,48000000,4,0
i64,crossing,1000000,1,D_frontier,0,54756400,1147200,4705400,39705600,0,34000,8118300,32000032,3,0
i64,crossing,1000000,1,D_sorted_frontier,0,56140200,1025200,4341000,41945700,0,30500,7833400,32000032,3,0
i64,crossing,1000000,1,D_append_frontier,0,54948900,1097700,4480400,39436400,0,44400,8741900,32000032,3,0
i64,crossing,1000000,1,D_sorted_append_frontier,0,52556500,1024100,4202200,38641300,0,31300,7687800,32000032,3,0
i64,crossing,1000000,1,A_sorted_fenwick,1,168060400,962200,4216200,38006800,84085100,0,39188900,40000008,4,0
i64,crossing,1000000,1,B_indirect_fenwick,1,216187800,1006000,1137100,60317200,83266300,0,69415600,24000008,4,0
i64,crossing,1000000,1,C_packed_segment,1,285107000,975200,4293400,47075800,111721500,0,118806000,48000000,4,0
i64,crossing,1000000,1,D_frontier,1,52259500,1105500,4354800,37768200,0,38600,7972800,32000032,3,0
i64,crossing,1000000,1,D_sorted_frontier,1,52482900,1021100,4444600,38253900,0,40000,7560100,32000032,3,0
i64,crossing,1000000,1,D_append_frontier,1,51568600,967600,4101400,37813900,0,39700,7687400,32000032,3,0
i64,crossing,1000000,1,D_sorted_append_frontier,1,51470100,1001400,4142100,37678300,0,40700,7645900,32000032,3,0
i64,crossing,1000000,1,A_packed_fenwick,1,165460700,977400,4143300,37648100,83479300,0,37639500,40000008,4,0
i64,crossing,1000000,1,B_indirect_fenwick,2,211261800,1010300,1115600,60161600,83013400,0,64925800,24000008,4,0
i64,crossing,1000000,1,C_packed_segment,2,284210100,996900,4221500,37610500,83278600,0,155815800,48000000,4,0
i64,crossing,1000000,1,D_frontier,2,63338800,1072400,4498500,45131700,0,27500,11636100,32000032,3,0
i64,crossing,1000000,1,D_sorted_frontier,2,56246400,1115200,4699700,40988800,0,26800,8404400,32000032,3,0
i64,crossing,1000000,1,D_append_frontier,2,60196100,1122400,4483400,41862400,0,23200,11624300,32000032,3,0
i64,crossing,1000000,1,D_sorted_append_frontier,2,55799900,1288100,4948000,39873400,0,37300,8636600,32000032,3,0
i64,crossing,1000000,1,A_packed_fenwick,2,175137100,1161100,5078300,39449400,87732000,0,40061500,40000008,4,0
i64,crossing,1000000,1,A_sorted_fenwick,2,170800200,1073400,4440100,38329200,86870100,0,38494900,40000008,4,0
i64,crossing,1000000,1,C_packed_segment,3,244818600,1021100,4323700,38653100,83475400,0,115242300,48000000,4,0
i64,crossing,1000000,1,D_frontier,3,66846200,1069100,5246400,49424000,0,33300,9962700,32000032,3,0
i64,crossing,1000000,1,D_sorted_frontier,3,63378500,1096900,4887200,48555300,0,31200,7831100,32000032,3,0
i64,crossing,1000000,1,D_append_frontier,3,52068400,1044600,4227500,37974000,0,39300,7788200,32000032,3,0
i64,crossing,1000000,1,D_sorted_append_frontier,3,52024600,988300,4350500,37817000,0,45700,7856700,32000032,3,0
i64,crossing,1000000,1,A_packed_fenwick,3,174679700,986900,4137700,38961400,88967600,0,39903800,40000008,4,0
i64,crossing,1000000,1,A_sorted_fenwick,3,166376200,1044900,4203300,37841900,83099600,0,38590000,40000008,4,0
i64,crossing,1000000,1,B_indirect_fenwick,3,215155900,1104100,1122100,60253900,82708700,0,68919100,24000008,4,0
i64,crossing,1000000,1,D_frontier,4,52423900,1149500,4363300,38028300,0,40000,7850000,32000032,3,0
i64,crossing,1000000,1,D_sorted_frontier,4,53132200,1057800,4322400,38975800,0,35900,7774300,32000032,3,0
i64,crossing,1000000,1,D_append_frontier,4,51782800,1022000,4113700,37941500,0,40700,7695700,32000032,3,0
i64,crossing,1000000,1,D_sorted_append_frontier,4,56684500,999500,4186800,39713000,0,42700,10518300,32000032,3,0
i64,crossing,1000000,1,A_packed_fenwick,4,199382000,973500,4721900,55617800,91597000,0,44758900,40000008,4,0
i64,crossing,1000000,1,A_sorted_fenwick,4,173744400,1113700,4526400,42421300,83850700,0,40241800,40000008,4,0
i64,crossing,1000000,1,B_indirect_fenwick,4,218304300,1061300,1207600,64589500,83364700,0,67003800,24000008,4,0
i64,crossing,1000000,1,C_packed_segment,4,243361200,1093800,4552400,37675200,83381200,0,114504900,48000000,4,0
i64,crossing,3000000,1,A_packed_fenwick,0,1109294600,2534100,12684100,134015900,655363800,0,300149700,120000008,4,0
i64,crossing,3000000,1,A_sorted_fenwick,0,1179769700,2823200,13008100,135091000,720391100,0,303501900,120000008,4,0
i64,crossing,3000000,1,B_indirect_fenwick,0,1460868100,3506800,3961400,363359800,668045800,0,417453100,72000008,4,0
i64,crossing,3000000,1,C_packed_segment,0,1414791300,3017000,14952200,135927500,699371600,0,555115800,144000000,4,0
i64,crossing,3000000,1,D_frontier,0,187689100,2992800,13457900,129235700,0,29000,39187300,96000032,3,0
i64,crossing,3000000,1,D_sorted_frontier,0,189097200,2872500,14543200,130781300,0,36600,38145100,96000032,3,0
i64,crossing,3000000,1,D_append_frontier,0,191400800,3124700,14127000,133477900,0,34600,37917900,96000032,3,0
i64,crossing,3000000,1,D_sorted_append_frontier,0,217646700,2954400,14442900,157304500,0,38900,40122700,96000032,3,0
i64,crossing,3000000,1,A_sorted_fenwick,1,1183890600,2638200,12909200,128680900,749122800,0,285988500,120000008,4,0
i64,crossing,3000000,1,B_indirect_fenwick,1,1443959600,2885800,3726800,345867100,671194100,0,417458000,72000008,4,0
i64,crossing,3000000,1,C_packed_segment,1,1406626300,2712600,12803700,127473900,714808500,0,542588900,144000000,4,0
i64,crossing,3000000,1,D_frontier,1,182275800,2767800,13573800,127966900,0,43600,35256500,96000032,3,0
i64,crossing,3000000,1,D_sorted_frontier,1,181534100,2730400,12769400,127964900,0,41400,35335700,96000032,3,0
i64,crossing,3000000,1,D_append_frontier,1,183047300,2565300,12765300,129352000,0,37600,35656400,96000032,3,0
i64,crossing,3000000,1,D_sorted_append_frontier,1,184565900,2616400,12552100,129502100,0,37700,37106600,96000032,3,0
i64,crossing,3000000,1,A_packed_fenwick,1,1208750500,2807700,13376500,155023900,733500300,0,299470000,120000008,4,0
i64,crossing,3000000,1,B_indirect_fenwick,2,1411359800,2769300,3211300,340903600,642828800,0,418725300,72000008,4,0
i64,crossing,3000000,1,C_packed_segment,2,1391169100,2931900,13771400,129952000,714799200,0,523567700,144000000,4,0
i64,crossing,3000000,1,D_frontier,2,192798400,2808800,13344900,138477600,0,39500,35446300,96000032,3,0
i64,crossing,3000000,1,D_sorted_frontier,2,184027700,2590700,13148400,127713500,0,37700,37890400,96000032,3,0
i64,crossing,3000000,1,D_append_frontier,2,183570000,2729100,13375600,129017500,0,35300,35658800,96000032,3,0
i64,crossing,3000000,1,D_sorted_append_frontier,2,191336600,2546800,12574600,131344900,0,30100,42172800,96000032,3,0
i64,crossing,3000000,1,A_packed_fenwick,2,1120850700,2981000,13343700,130423100,680241300,0,289268100,120000008,4,0
i64,crossing,3000000,1,A_sorted_fenwick,2,1126962000,2747100,12779200,131520500,662596700,0,311966100,120000008,4,0
i64,crossing,3000000,1,C_packed_segment,3,1322093900,3720000,14559500,131967700,630652800,0,534739200,144000000,4,0
i64,crossing,3000000,1,D_frontier,3,181994100,3038900,13657300,127283200,0,43400,35324400,96000032,3,0
i64,crossing,3000000,1,D_sorted_frontier,3,181434200,2525300,12683800,128060500,0,40400,35467400,96000032,3,0
i64,crossing,3000000,1,D_append_frontier,3,184604900,2799800,13174200,130375000,0,42500,35525700,96000032,3,0
i64,crossing,3000000,1,D_sorted_append_frontier,3,187986700,2890700,12609900,133396800,0,40000,36313600,96000032,3,0
i64,crossing,3000000,1,A_packed_fenwick,3,1113961300,2628800,12773700,137306500,654433100,0,302312500,120000008,4,0
i64,crossing,3000000,1,A_sorted_fenwick,3,1157622500,2825800,12863500,127146700,718090700,0,291792800,120000008,4,0
i64,crossing,3000000,1,B_indirect_fenwick,3,1479407100,3075500,3348900,349249400,702399900,0,418039400,72000008,4,0
i64,crossing,3000000,1,D_frontier,4,197301000,2989200,14311200,131273600,0,41700,45643000,96000032,3,0
i64,crossing,3000000,1,D_sorted_frontier,4,187282600,3033600,14741800,130950400,0,42200,35833000,96000032,3,0
i64,crossing,3000000,1,D_append_frontier,4,182189200,2738600,13150100,127715500,0,39000,35859100,96000032,3,0
i64,crossing,3000000,1,D_sorted_append_frontier,4,190820100,2746800,12713300,128145800,0,40300,44429900,96000032,3,0
i64,crossing,3000000,1,A_packed_fenwick,4,1174390600,2639600,14353200,134434900,722246000,0,296167400,120000008,4,0
i64,crossing,3000000,1,A_sorted_fenwick,4,1173319600,2760600,12936000,128772200,692237700,0,331239700,120000008,4,0
i64,crossing,3000000,1,B_indirect_fenwick,4,1546299900,3817800,4816000,421455200,701317800,0,412014700,72000008,4,0
i64,crossing,3000000,1,C_packed_segment,4,1409015700,2795800,12934100,127296900,730025600,0,529703600,144000000,4,0
i64,chain,1000,1,A_packed_fenwick,0,66900,600,8200,15400,24000,0,10300,40008,4,999
i64,chain,1000,1,A_sorted_fenwick,0,60700,600,7600,15500,20500,0,9300,40008,4,999
i64,chain,1000,1,B_indirect_fenwick,0,79000,500,2200,33500,30200,0,12100,24008,4,999
i64,chain,1000,1,C_packed_segment,0,142500,800,10200,21300,34000,0,63100,48000,4,999
i64,chain,1000,1,D_frontier,0,71300,600,8200,21500,0,3000,25700,40192,11,999
i64,chain,1000,1,D_sorted_frontier,0,71200,500,8600,21500,0,400,31800,40192,11,999
i64,chain,1000,1,D_append_frontier,0,41100,600,7200,15500,0,200,9200,40192,11,999
i64,chain,1000,1,D_sorted_append_frontier,0,41800,500,8200,15300,0,200,8900,40192,11,999
i64,chain,1000,1,A_sorted_fenwick,1,64000,500,7500,15300,22900,0,10200,40008,4,999
i64,chain,1000,1,B_indirect_fenwick,1,61500,500,2500,23700,24400,0,10000,24008,4,999
i64,chain,1000,1,C_packed_segment,1,112500,500,7100,15800,24200,0,56500,48000,4,999
i64,chain,1000,1,D_frontier,1,61900,600,7800,16800,0,2100,25600,40192,11,999
i64,chain,1000,1,D_sorted_frontier,1,64000,500,7600,15600,0,300,29200,40192,11,999
i64,chain,1000,1,D_append_frontier,1,63100,500,9100,21900,0,1000,20600,40192,11,999
i64,chain,1000,1,D_sorted_append_frontier,1,39500,500,7500,15400,0,300,7400,40192,11,999
i64,chain,1000,1,A_packed_fenwick,1,86500,500,10100,17800,33900,0,14100,40008,4,999
i64,chain,1000,1,B_indirect_fenwick,2,81400,800,400,30300,34400,0,15200,24008,4,999
i64,chain,1000,1,C_packed_segment,2,144000,700,12100,19500,31200,0,70200,48000,4,999
i64,chain,1000,1,D_frontier,2,59000,600,8400,18100,0,200,24200,40192,11,999
i64,chain,1000,1,D_sorted_frontier,2,59000,500,7400,15700,0,100,27400,40192,11,999
i64,chain,1000,1,D_append_frontier,2,38100,500,7400,15100,0,100,7700,40192,11,999
i64,chain,1000,1,D_sorted_append_frontier,2,41800,600,7400,15200,0,100,7200,40192,11,999
i64,chain,1000,1,A_packed_fenwick,2,86600,600,12400,21000,33800,0,10500,40008,4,999
i64,chain,1000,1,A_sorted_fenwick,2,58000,500,7400,15300,18800,0,9300,40008,4,999
i64,chain,1000,1,C_packed_segment,3,102600,500,7400,15500,18500,0,52500,48000,4,999
i64,chain,1000,1,D_frontier,3,56300,500,7200,16200,0,200,24700,40192,11,999
i64,chain,1000,1,D_sorted_frontier,3,58100,500,7500,15500,0,100,26800,40192,11,999
i64,chain,1000,1,D_append_frontier,3,38600,500,7400,15300,0,100,7200,40192,11,999
i64,chain,1000,1,D_sorted_append_frontier,3,37400,600,7000,15200,0,200,7100,40192,11,999
i64,chain,1000,1,A_packed_fenwick,3,61500,600,7100,15100,22400,0,9800,40008,4,999
i64,chain,1000,1,A_sorted_fenwick,3,56700,500,7300,15300,18400,0,9200,40008,4,999
i64,chain,1000,1,B_indirect_fenwick,3,67600,600,300,24300,32000,0,10100,24008,4,999
i64,chain,1000,1,D_frontier,4,58400,500,7500,15400,0,200,27000,40192,11,999
i64,chain,1000,1,D_sorted_frontier,4,56900,600,6900,15200,0,200,27000,40192,11,999
i64,chain,1000,1,D_append_frontier,4,39400,500,7600,15200,0,100,7000,40192,11,999
i64,chain,1000,1,D_sorted_append_frontier,4,38100,500,8100,15000,0,200,7000,40192,11,999
i64,chain,1000,1,A_packed_fenwick,4,61200,600,7200,15100,22700,0,9200,40008,4,999
i64,chain,1000,1,A_sorted_fenwick,4,56300,500,7000,15200,18200,0,9200,40008,4,999
i64,chain,1000,1,B_indirect_fenwick,4,56600,600,200,22700,23400,0,9300,24008,4,999
i64,chain,1000,1,C_packed_segment,4,105800,500,7500,15500,21300,0,52500,48000,4,999
i64,chain,10000,1,A_packed_fenwick,0,719500,5000,7800,260200,307200,0,138500,400008,4,9999
i64,chain,10000,1,A_sorted_fenwick,0,710700,5000,7600,252500,310700,0,134300,400008,4,9999
i64,chain,10000,1,B_indirect_fenwick,0,859600,4900,1500,305600,368800,0,161100,240008,4,9999
i64,chain,10000,1,C_packed_segment,0,1322900,4900,46800,253700,367400,0,649300,480000,4,9999
i64,chain,10000,1,D_frontier,0,589100,5900,7700,253500,0,1100,320200,451072,15,9999
i64,chain,10000,1,D_sorted_frontier,0,575100,4900,7600,252300,0,1100,308600,451072,15,9999
i64,chain,10000,1,D_append_frontier,0,291700,4900,7600,251500,0,1000,25900,451072,15,9999
i64,chain,10000,1,D_sorted_append_frontier,0,291800,5000,7700,251900,0,1000,25700,451072,15,9999
i64,chain,10000,1,A_sorted_fenwick,1,714400,5000,7700,251300,309400,0,140400,400008,4,9999
i64,chain,10000,1,B_indirect_fenwick,1,843400,7400,1500,301800,353500,0,160600,240008,4,9999
i64,chain,10000,1,C_packed_segment,1,1322600,5000,44100,253400,358100,0,661200,480000,4,9999
i64,chain,10000,1,D_frontier,1,587700,4900,7800,254600,0,1200,318500,451072,15,9999
i64,chain,10000,1,D_sorted_frontier,1,578300,4900,7700,253500,0,1100,310100,451072,15,9999
i64,chain,10000,1,D_append_frontier,1,397600,5500,10300,337900,0,1500,41600,451072,15,9999
i64,chain,10000,1,D_sorted_append_frontier,1,412600,5400,10200,353000,0,1700,41600,451072,15,9999
i64,chain,10000,1,A_packed_fenwick,1,962800,5300,10000,330800,440800,0,175000,400008,4,9999
i64,chain,10000,1,B_indirect_fenwick,2,1197100,7100,1900,436200,512600,0,217300,240008,4,9999
i64,chain,10000,1,C_packed_segment,2,1826400,7400,49500,344200,528400,0,895800,480000,4,9999
i64,chain,10000,1,D_frontier,2,688400,5900,10100,340200,0,1900,329600,451072,15,9999
i64,chain,10000,1,D_sorted_frontier,2,667300,5800,10100,338100,0,1600,310800,451072,15,9999
i64,chain,10000,1,D_append_frontier,2,402600,7200,11300,341900,0,1500,39900,451072,15,9999
i64,chain,10000,1,D_sorted_append_frontier,2,412000,5700,10000,352900,0,1500,41200,451072,15,9999
i64,chain,10000,1,A_packed_fenwick,2,994800,5600,9800,338300,447100,0,193200,400008,4,9999
i64,chain,10000,1,A_sorted_fenwick,2,1068700,6900,11700,384100,481600,0,183600,400008,4,9999
i64,chain,10000,1,C_packed_segment,3,1632200,9000,11000,371500,478900,0,761200,480000,4,9999
i64,chain,10000,1,D_frontier,3,577200,4900,7800,256400,0,1200,306300,451072,15,9999
i64,chain,10000,1,D_sorted_frontier,3,574300,4900,7800,254700,0,1100,305400,451072,15,9999
i64,chain,10000,1,D_append_frontier,3,292900,5000,7700,252300,0,1100,26300,451072,15,9999
i64,chain,10000,1,D_sorted_append_frontier,3,292800,5000,7700,252500,0,1000,26000,451072,15,9999
i64,chain,10000,1,A_packed_fenwick,3,792400,5000,7800,257100,346000,0,175600,400008,4,9999
i64,chain,10000,1,A_sorted_fenwick,3,1012500,6000,10900,373500,436600,0,184700,400008,4,9999
i64,chain,10000,1,B_indirect_fenwick,3,1228700,7400,1800,455500,524700,0,216900,240008,4,9999
i64,chain,10000,1,D_frontier,4,793900,5300,52900,358600,0,18200,358100,451072,15,9999
i64,chain,10000,1,D_sorted_frontier,4,677200,5500,10200,346500,0,1500,312500,451072,15,9999
i64,chain,10000,1,D_append_frontier,4,404900,5400,9900,346800,0,1500,40800,451072,15,9999
i64,chain,10000,1,D_sorted_append_frontier,4,399300,5100,10000,338200,0,1500,43600,451072,15,9999
i64,chain,10000,1,A_packed_fenwick,4,1002100,5300,10300,339300,444400,0,201600,400008,4,9999
i64,chain,10000,1,A_sorted_fenwick,4,973700,5700,10200,335300,446000,0,176000,400008,4,9999
i64,chain,10000,1,B_indirect_fenwick,4,1190700,7400,2000,431200,500400,0,226200,240008,4,9999
i64,chain,10000,1,C_packed_segment,4,1835000,8700,53600,346100,487500,0,937500,480000,4,9999
i64,chain,100000,1,A_packed_fenwick,0,11301600,52500,390900,3162400,5314100,0,2238700,4000008,4,99999
i64,chain,100000,1,A_sorted_fenwick,0,11498600,49500,401500,3161900,5523700,0,2216200,4000008,4,99999
i64,chain,100000,1,B_indirect_fenwick,0,12116000,49400,132300,4142800,5302800,0,2352100,2400008,4,99999
i64,chain,100000,1,C_packed_segment,0,18298900,49800,395400,3120600,5420800,0,9151900,4800000,4,99999
i64,chain,100000,1,D_frontier,0,7880800,49000,401300,3099200,0,117600,4078500,4248576,18,99999
i64,chain,100000,1,D_sorted_frontier,0,7830300,52800,365400,3093200,0,126300,4055100,4248576,18,99999
i64,chain,100000,1,D_append_frontier,0,4130700,50700,400700,3140000,0,10100,401800,4248576,18,99999
i64,chain,100000,1,D_sorted_append_frontier,0,4277200,49000,355100,3095400,0,127100,504500,4248576,18,99999
i64,chain,100000,1,A_sorted_fenwick,1,11239600,49100,405800,3118100,5270800,0,2254700,4000008,4,99999
i64,chain,100000,1,B_indirect_fenwick,1,12069000,49200,148600,4098700,5384900,0,2253200,2400008,4,99999
i64,chain,100000,1,C_packed_segment,1,17862900,48900,358400,3085300,5309900,0,8882000,4800000,4,99999
i64,chain,100000,1,D_frontier,1,7819500,58000,389700,3063100,0,113700,4063800,4248576,18,99999
i64,chain,100000,1,D_sorted_frontier,1,7839400,49000,349800,3077000,0,126700,4098200,4248576,18,99999
i64,chain,100000,1,D_append_frontier,1,4094800,49200,386800,3062500,0,10000,454200,4248576,18,99999
i64,chain,100000,1,D_sorted_append_frontier,1,4215000,49000,347700,3053000,0,129800,503800,4248576,18,99999
i64,chain,100000,1,A_packed_fenwick,1,11020100,49000,391000,3084200,5160900,0,2197500,4000008,4,99999
i64,chain,100000,1,B_indirect_fenwick,2,11917200,49300,148400,4008400,5328800,0,2255100,2400008,4,99999
i64,chain,100000,1,C_packed_segment,2,17769400,49100,374100,3092300,5335700,0,8741200,4800000,4,99999
i64,chain,100000,1,D_frontier,2,7869800,55300,414200,3060300,0,116500,4062700,4248576,18,99999
i64,chain,100000,1,D_sorted_frontier,2,7895200,48900,395100,3074200,0,133000,4110400,4248576,18,99999
i64,chain,100000,1,D_append_frontier,2,4265500,49900,346300,3301900,0,19900,402100,4248576,18,99999
i64,chain,100000,1,D_sorted_append_frontier,2,4332700,56800,412900,3099200,0,120700,511100,4248576,18,99999
i64,chain,100000,1,A_packed_fenwick,2,12317500,49400,351800,3699300,5608900,0,2423100,4000008,4,99999
i64,chain,100000,1,A_sorted_fenwick,2,11379400,86500,391300,3163600,5337600,0,2233000,4000008,4,99999
i64,chain,100000,1,C_packed_segment,3,17848800,50300,365300,3124700,5350300,0,8793700,4800000,4,99999
i64,chain,100000,1,D_frontier,3,7971700,52100,374200,3143800,0,125300,4148300,4248576,18,99999
i64,chain,100000,1,D_sorted_frontier,3,7939900,51200,359300,3181800,0,132500,4074000,4248576,18,99999
i64,chain,100000,1,D_append_frontier,3,4208500,49900,390600,3194400,0,12600,437300,4248576,18,99999
i64,chain,100000,1,D_sorted_append_frontier,3,4315900,49000,354600,3145400,0,124900,505000,4248576,18,99999
i64,chain,100000,1,A_packed_fenwick,3,11175800,49700,399500,3082200,5234100,0,2251000,4000008,4,99999
i64,chain,100000,1,A_sorted_fenwick,3,11276100,49800,403200,3091500,5356400,0,2234900,4000008,4,99999
i64,chain,100000,1,B_indirect_fenwick,3,11815000,49600,129500,4055300,5181200,0,2269600,2400008,4,99999
i64,chain,100000,1,D_frontier,4,7871000,48800,382500,3125200,0,116800,4071200,4248576,18,99999
i64,chain,100000,1,D_sorted_frontier,4,7840600,48800,347500,3107300,0,121500,4078200,4248576,18,99999
i64,chain,100000,1,D_append_frontier,4,4092400,52100,390900,3119300,0,10100,395300,4248576,18,99999
i64,chain,100000,1,D_sorted_append_frontier,4,4230800,49000,355000,3072200,0,111600,499600,4248576,18,99999
i64,chain,100000,1,A_packed_fenwick,4,11288700,49300,476600,3313500,5111200,0,2199800,4000008,4,99999
i64,chain,100000,1,A_sorted_fenwick,4,11155100,51200,391200,3067400,5295700,0,2208600,4000008,4,99999
i64,chain,100000,1,B_indirect_fenwick,4,11891800,54500,129000,4012900,5251900,0,2308000,2400008,4,99999
i64,chain,100000,1,C_packed_segment,4,17679700,49700,404300,3102000,5297400,0,8662900,4800000,4,99999
date32,chain,100000,1,A_packed_fenwick,0,9755400,49000,298700,2669900,4547500,0,2122600,3200008,4,99999
date32,chain,100000,1,A_sorted_fenwick,0,9889800,49100,267900,2675400,4654500,0,2183400,3200008,4,99999
date32,chain,100000,1,B_indirect_fenwick,0,11063800,49700,154500,3842400,4431500,0,2467300,2400008,4,99999
date32,chain,100000,1,C_packed_segment,0,16768700,49100,287400,2700500,4485200,0,9101100,4000000,4,99999
date32,chain,100000,1,D_frontier,0,7136000,49400,295500,2660100,0,117300,3949500,2924288,18,99999
date32,chain,100000,1,D_sorted_frontier,0,7126200,53000,279100,2701900,0,127000,3895300,2924288,18,99999
date32,chain,100000,1,D_append_frontier,0,3552800,49300,301700,2698700,0,120300,318100,2924288,18,99999
date32,chain,100000,1,D_sorted_append_frontier,0,3495300,49300,279500,2657700,0,133600,314800,2924288,18,99999
date32,chain,100000,1,A_sorted_fenwick,1,9766800,49100,300900,2675500,4526800,0,2145200,3200008,4,99999
date32,chain,100000,1,B_indirect_fenwick,1,11027000,49100,132600,3834400,4401800,0,2491000,2400008,4,99999
date32,chain,100000,1,C_packed_segment,1,16824900,49100,277600,2686100,4525700,0,9142700,4000000,4,99999
date32,chain,100000,1,D_frontier,1,7167100,49000,268000,2696900,0,129000,3954500,2924288,18,99999
date32,chain,100000,1,D_sorted_frontier,1,7173800,49900,303000,2669900,0,118200,3966400,2924288,18,99999
date32,chain,100000,1,D_append_frontier,1,3550400,51900,270000,2708700,0,138400,320300,2924288,18,99999
date32,chain,100000,1,D_sorted_append_frontier,1,3552400,63400,294600,2681100,0,117300,329900,2924288,18,99999
date32,chain,100000,1,A_packed_fenwick,1,9714300,49200,265600,2661500,4520500,0,2158600,3200008,4,99999
date32,chain,100000,1,B_indirect_fenwick,2,11042300,49100,126700,3876300,4434200,0,2451300,2400008,4,99999
date32,chain,100000,1,C_packed_segment,2,16859200,49100,280200,2682500,4577400,0,9123200,4000000,4,99999
date32,chain,100000,1,D_frontier,2,7152000,49000,295000,2663100,0,115600,3963400,2924288,18,99999
date32,chain,100000,1,D_sorted_frontier,2,7081600,49100,278200,2670600,0,128200,3892300,2924288,18,99999
date32,chain,100000,1,D_append_frontier,2,3545400,49300,298000,2689200,0,116900,329100,2924288,18,99999
date32,chain,100000,1,D_sorted_append_frontier,2,3492500,49000,262000,2669200,0,129800,324500,2924288,18,99999
date32,chain,100000,1,A_packed_fenwick,2,9767400,48800,296300,2697700,4532800,0,2124300,3200008,4,99999
date32,chain,100000,1,A_sorted_fenwick,2,9700100,49100,266600,2682300,4439800,0,2201800,3200008,4,99999
date32,chain,100000,1,C_packed_segment,3,17546400,49900,282700,2720100,4339400,0,10011500,4000000,4,99999
date32,chain,100000,1,D_frontier,3,7178900,56900,274100,2680100,0,134900,3965100,2924288,18,99999
date32,chain,100000,1,D_sorted_frontier,3,7114200,49100,287600,2708700,0,121000,3887800,2924288,18,99999
date32,chain,100000,1,D_append_frontier,3,3487200,49100,268000,2665600,0,130400,319100,2924288,18,99999
date32,chain,100000,1,D_sorted_append_frontier,3,3550200,49100,310500,2692600,0,116000,316600,2924288,18,99999
date32,chain,100000,1,A_packed_fenwick,3,9783600,49100,270200,2701300,4540000,0,2163400,3200008,4,99999
date32,chain,100000,1,A_sorted_fenwick,3,9610700,49100,295500,2685500,4370100,0,2153400,3200008,4,99999
date32,chain,100000,1,B_indirect_fenwick,3,11103900,49100,131500,3875500,4475600,0,2455800,2400008,4,99999
date32,chain,100000,1,D_frontier,4,7227800,49000,307700,2694300,0,120300,3987300,2924288,18,99999
date32,chain,100000,1,D_sorted_frontier,4,7125700,49400,285500,2705400,0,130200,3891200,2924288,18,99999
date32,chain,100000,1,D_append_frontier,4,3581200,49500,313800,2713000,0,120800,320700,2924288,18,99999
date32,chain,100000,1,D_sorted_append_frontier,4,3643200,52100,272100,2800800,0,131900,325700,2924288,18,99999
date32,chain,100000,1,A_packed_fenwick,4,10009100,49200,307400,2725300,4617100,0,2237400,3200008,4,99999
date32,chain,100000,1,A_sorted_fenwick,4,10314700,49300,290400,2780500,4832500,0,2292700,3200008,4,99999
date32,chain,100000,1,B_indirect_fenwick,4,11866700,50300,174200,4203100,4773000,0,2553300,2400008,4,99999
date32,chain,100000,1,C_packed_segment,4,16889400,49100,283900,2686500,4539800,0,9181200,4000000,4,99999
i64,chain,100000,10,A_packed_fenwick,0,11897900,83200,590800,3921600,4877600,194800,1886400,1200008,41,9999
i64,chain,100000,10,A_sorted_fenwick,0,11478700,79200,596700,3839600,4732400,51800,1839500,1200008,41,9999
i64,chain,100000,10,B_indirect_fenwick,0,9541100,76800,175900,3547500,3988800,196800,1547700,1040008,41,9999
i64,chain,100000,10,C_packed_segment,0,14437500,56100,501700,2642900,3592400,150800,7089900,1280000,41,9999
i64,chain,100000,10,D_frontier,0,6973800,54500,501700,2627100,0,61000,3419000,1251072,151,9999
i64,chain,100000,10,D_sorted_frontier,0,6968300,51600,522800,2602700,0,40800,3413700,1251072,151,9999
i64,chain,100000,10,D_append_frontier,0,4233800,53500,520700,2618400,0,42900,662400,1251072,151,9999
i64,chain,100000,10,D_sorted_append_frontier,0,4156500,53400,514000,2622800,0,41100,622600,1251072,151,9999
i64,chain,100000,10,A_sorted_fenwick,1,8455300,54000,495900,2628600,3562200,39500,1366300,1200008,41,9999
i64,chain,100000,10,B_indirect_fenwick,1,8309100,50400,151600,3108800,3450800,166200,1375300,1040008,41,9999
i64,chain,100000,10,C_packed_segment,1,13687900,51800,471200,2610100,3351100,174900,6662000,1280000,41,9999
i64,chain,100000,10,D_frontier,1,6974500,54400,510700,2597200,0,58900,3410700,1251072,151,9999
i64,chain,100000,10,D_sorted_frontier,1,7057700,51800,502500,2709700,0,45000,3439400,1251072,151,9999
i64,chain,100000,10,D_append_frontier,1,4064800,53100,495900,2581700,0,38300,603800,1251072,151,9999
i64,chain,100000,10,D_sorted_append_frontier,1,4161900,52300,512000,2605600,0,40400,609500,1251072,151,9999
i64,chain,100000,10,A_packed_fenwick,1,8218600,50700,484700,2606800,3359100,42000,1366200,1200008,41,9999
i64,chain,100000,10,B_indirect_fenwick,2,8189400,50200,151100,3054800,3395700,165100,1366900,1040008,41,9999
i64,chain,100000,10,C_packed_segment,2,15130800,72500,532900,2852200,3773500,168000,7264400,1280000,41,9999
i64,chain,100000,10,D_frontier,2,7212800,87000,543400,2697300,0,72400,3471900,1251072,151,9999
i64,chain,100000,10,D_sorted_frontier,2,8490400,66300,653700,3246500,0,167800,3807200,1251072,151,9999
i64,chain,100000,10,D_append_frontier,2,5337100,80700,603500,3360400,0,96100,784900,1251072,151,9999
i64,chain,100000,10,D_sorted_append_frontier,2,4395000,68700,525800,2681000,0,121500,649100,1251072,151,9999
i64,chain,100000,10,A_packed_fenwick,2,8234800,57800,507300,2654300,3310600,42800,1375600,1200008,41,9999
i64,chain,100000,10,A_sorted_fenwick,2,8241200,52000,497700,2632900,3326600,41300,1375400,1200008,41,9999
i64,chain,100000,10,C_packed_segment,3,14028100,57900,541900,2673600,3428300,201300,6696000,1280000,41,9999
i64,chain,100000,10,D_frontier,3,7923000,73900,680200,2962600,0,114100,3678000,1251072,151,9999
i64,chain,100000,10,D_sorted_frontier,3,7371300,87600,650500,2732400,0,54800,3504400,1251072,151,9999
i64,chain,100000,10,D_append_frontier,3,4216800,55200,528100,2660900,0,40600,619500,1251072,151,9999
i64,chain,100000,10,D_sorted_append_frontier,3,4222800,51700,524800,2615000,0,39400,620800,1251072,151,9999
i64,chain,100000,10,A_packed_fenwick,3,8199700,54000,486300,2621200,3348600,40700,1368100,1200008,41,9999
i64,chain,100000,10,A_sorted_fenwick,3,8232400,52700,506100,2603600,3338300,40500,1396200,1200008,41,9999
i64,chain,100000,10,B_indirect_fenwick,3,8408900,52600,155900,3076800,3446400,284000,1387200,1040008,41,9999
i64,chain,100000,10,D_frontier,4,7060200,50900,498600,2670600,0,40000,3462900,1251072,151,9999
i64,chain,100000,10,D_sorted_frontier,4,7122200,56300,550200,2599700,0,45800,3530000,1251072,151,9999
i64,chain,100000,10,D_append_frontier,4,4518100,53200,719400,2590300,0,41500,713700,1251072,151,9999
i64,chain,100000,10,D_sorted_append_frontier,4,4156200,53200,514400,2606400,0,41800,624000,1251072,151,9999
i64,chain,100000,10,A_packed_fenwick,4,8298700,57000,521900,2624000,3342100,42300,1375600,1200008,41,9999
i64,chain,100000,10,A_sorted_fenwick,4,8238800,52100,498900,2634900,3358600,40800,1364900,1200008,41,9999
i64,chain,100000,10,B_indirect_fenwick,4,8461700,52700,153900,3171800,3411900,257600,1407700,1040008,41,9999
i64,chain,100000,10,C_packed_segment,4,13830000,51200,496800,2629800,3380500,46200,6756500,1280000,41,9999
i64,chain,100000,100,A_packed_fenwick,0,5500300,54300,100600,2164400,2051800,148500,944900,840008,401,999
i64,chain,100000,100,A_sorted_fenwick,0,5442000,53500,91600,2136200,2042600,139500,937900,840008,401,999
i64,chain,100000,100,B_indirect_fenwick,0,5676700,56400,19900,2435200,2064400,131000,942400,824008,401,999
i64,chain,100000,100,C_packed_segment,0,8698500,55100,96900,2185900,2044400,18700,4253500,848000,401,999
i64,chain,100000,100,D_frontier,0,4838600,53400,93100,2125200,0,146100,2378900,840192,1101,999
i64,chain,100000,100,D_sorted_frontier,0,4899600,53800,93600,2150400,0,149500,2407900,840192,1101,999
i64,chain,100000,100,D_append_frontier,0,2865800,53100,91800,2096900,0,146700,435800,840192,1101,999
i64,chain,100000,100,D_sorted_append_frontier,0,2860400,52900,91600,2105900,0,142000,425400,840192,1101,999
i64,chain,100000,100,A_sorted_fenwick,1,5426400,54500,93700,2129400,2044100,137800,933500,840008,401,999
i64,chain,100000,100,B_indirect_fenwick,1,5643600,55400,18800,2405000,2066500,145000,924200,824008,401,999
i64,chain,100000,100,C_packed_segment,1,8682700,54000,95600,2135900,2049300,17300,4288500,848000,401,999
i64,chain,100000,100,D_frontier,1,4851400,54400,94100,2119300,0,148500,2394200,840192,1101,999
i64,chain,100000,100,D_sorted_frontier,1,4809100,53400,93000,2108200,0,151500,2361100,840192,1101,999
i64,chain,100000,100,D_append_frontier,1,2838800,53100,91300,2108000,0,145800,397500,840192,1101,999
i64,chain,100000,100,D_sorted_append_frontier,1,2868400,52300,92300,2118200,0,144400,418700,840192,1101,999
i64,chain,100000,100,A_packed_fenwick,1,5459900,53500,97900,2127300,2055600,134200,953600,840008,401,999
i64,chain,100000,100,B_indirect_fenwick,2,5768700,57000,20800,2482000,2083000,142300,952600,824008,401,999
i64,chain,100000,100,C_packed_segment,2,9015200,69600,106500,2179100,2098100,87000,4431300,848000,401,999
i64,chain,100000,100,D_frontier,2,4874800,55900,93900,2140200,0,164600,2378300,840192,1101,999
i64,chain,100000,100,D_sorted_frontier,2,4826000,52800,91500,2117900,0,154500,2365900,840192,1101,999
i64,chain,100000,100,D_append_frontier,2,2846600,53600,92500,2154300,0,148500,356100,840192,1101,999
i64,chain,100000,100,D_sorted_append_frontier,2,2793400,53800,92100,2111600,0,144000,349400,840192,1101,999
i64,chain,100000,100,A_packed_fenwick,2,5422200,52800,92600,2129100,2038000,132700,938900,840008,401,999
i64,chain,100000,100,A_sorted_fenwick,2,5488200,53900,92900,2134500,2101600,132900,935900,840008,401,999
i64,chain,100000,100,C_packed_segment,3,8859300,55100,94700,2161700,2057900,141800,4303800,848000,401,999
i64,chain,100000,100,D_frontier,3,5072900,58700,100400,2227100,0,180500,2456200,840192,1101,999
i64,chain,100000,100,D_sorted_frontier,3,4854500,57100,91400,2131700,0,159400,2368900,840192,1101,999
i64,chain,100000,100,D_append_frontier,3,2795200,52600,88000,2115600,0,155400,342300,840192,1101,999
i64,chain,100000,100,D_sorted_append_frontier,3,2781600,53500,89600,2111600,0,145900,342900,840192,1101,999
i64,chain,100000,100,A_packed_fenwick,3,5448000,53300,89900,2126600,2053300,155200,937000,840008,401,999
i64,chain,100000,100,A_sorted_fenwick,3,5429700,54000,89400,2144500,2039600,136300,931200,840008,401,999
i64,chain,100000,100,B_indirect_fenwick,3,5613900,55500,19200,2416700,2040900,129500,924500,824008,401,999
i64,chain,100000,100,D_frontier,4,4783100,53000,92600,2161000,0,33100,2403100,840192,1101,999
i64,chain,100000,100,D_sorted_frontier,4,4859500,53300,89800,2142100,0,153400,2378300,840192,1101,999
i64,chain,100000,100,D_append_frontier,4,2785100,53300,88700,2113500,0,147500,343500,840192,1101,999
i64,chain,100000,100,D_sorted_append_frontier,4,2788400,53000,88800,2105600,0,158300,342400,840192,1101,999
i64,chain,100000,100,A_packed_fenwick,4,5461000,53800,89600,2136900,2041800,141100,962500,840008,401,999
i64,chain,100000,100,A_sorted_fenwick,4,5437300,53600,90700,2148200,2048700,130000,932700,840008,401,999
i64,chain,100000,100,B_indirect_fenwick,4,5636600,55400,19300,2424900,2043100,127800,935500,824008,401,999
i64,chain,100000,100,C_packed_segment,4,8983100,85300,98700,2201900,2071500,37300,4441900,848000,401,999
i64,chain,100000,1000,A_packed_fenwick,0,6024700,145100,181400,2011800,2257500,96500,996100,804008,4001,99
i64,chain,100000,1000,A_sorted_fenwick,0,5981700,153700,179100,2012000,2206000,95300,1000500,804008,4001,99
i64,chain,100000,1000,B_indirect_fenwick,0,6487000,154900,97300,2581800,2195800,96500,1032200,802408,4001,99
i64,chain,100000,1000,C_packed_segment,0,7904900,159200,191000,1997800,2199800,104200,2821400,804800,4001,99
i64,chain,100000,1000,D_frontier,0,5144300,153800,179200,1985500,0,316600,2159100,804224,8001,99
i64,chain,100000,1000,D_sorted_frontier,0,5071400,156800,177300,1980900,0,191100,2225300,804224,8001,99
i64,chain,100000,1000,D_append_frontier,0,3808500,162400,175100,1980100,0,179700,971500,804224,8001,99
i64,chain,100000,1000,D_sorted_append_frontier,0,3809000,150300,175700,1972800,0,178700,983500,804224,8001,99
i64,chain,100000,1000,A_sorted_fenwick,1,6164300,169300,179100,2023700,2218700,226700,1009400,804008,4001,99
i64,chain,100000,1000,B_indirect_fenwick,1,6477300,155800,97400,2552800,2201700,97300,1035300,802408,4001,99
i64,chain,100000,1000,C_packed_segment,1,7824200,162300,189200,2035000,2263700,103200,2726100,804800,4001,99
i64,chain,100000,1000,D_frontier,1,5199800,161700,187200,2097700,0,196900,2205500,804224,8001,99
i64,chain,100000,1000,D_sorted_frontier,1,5369900,127600,200500,2213900,0,193300,2281500,804224,8001,99
i64,chain,100000,1000,D_append_frontier,1,4008600,109200,190200,2118500,0,198000,1052200,804224,8001,99
i64,chain,100000,1000,D_sorted_append_frontier,1,4080000,126600,192500,2159400,0,190700,1065600,804224,8001,99
i64,chain,100000,1000,A_packed_fenwick,1,6179500,124800,197100,2160200,2241300,83000,1018400,804008,4001,99
i64,chain,100000,1000,B_indirect_fenwick,2,6561700,143100,106600,2690600,2180000,79600,1031000,802408,4001,99
i64,chain,100000,1000,C_packed_segment,2,7838700,141700,205500,2155500,2218800,84500,2674400,804800,4001,99
i64,chain,100000,1000,D_frontier,2,5220500,112800,193800,2123300,0,190300,2255300,804224,8001,99
i64,chain,100000,1000,D_sorted_frontier,2,5300900,112300,197600,2177700,0,195200,2273000,804224,8001,99
i64,chain,100000,1000,D_append_frontier,2,3326900,97800,159900,1797700,0,146100,825200,804224,8001,99
i64,chain,100000,1000,D_sorted_append_frontier,2,3021900,90000,130200,1661900,0,126700,723400,804224,8001,99
i64,chain,100000,1000,A_packed_fenwick,2,4642400,92000,125300,1661300,1674500,60500,746300,804008,4001,99
i64,chain,100000,1000,A_sorted_fenwick,2,4635600,91700,125500,1659200,1659200,56500,752300,804008,4001,99
i64,chain,100000,1000,C_packed_segment,3,5977200,94100,136400,1659900,1672800,60100,2062900,804800,4001,99
i64,chain,100000,1000,D_frontier,3,4290200,90200,128200,1662800,0,126900,1993700,804224,8001,99
i64,chain,100000,1000,D_sorted_frontier,3,4361400,89500,136800,1638800,0,124700,2084000,804224,8001,99
i64,chain,100000,1000,D_append_frontier,3,2996200,88800,125800,1637900,0,125700,734600,804224,8001,99
i64,chain,100000,1000,D_sorted_append_frontier,3,2975200,89300,127000,1640000,0,123100,711600,804224,8001,99
i64,chain,100000,1000,A_packed_fenwick,3,4697900,92300,128900,1649300,1659000,61100,755300,804008,4001,99
i64,chain,100000,1000,A_sorted_fenwick,3,4617600,92900,129800,1656800,1647000,58800,747200,804008,4001,99
i64,chain,100000,1000,B_indirect_fenwick,3,4882600,100100,75400,1938400,1671500,60400,753100,802408,4001,99
i64,chain,100000,1000,D_frontier,4,4284500,90700,127900,1660400,0,158000,1965600,804224,8001,99
i64,chain,100000,1000,D_sorted_frontier,4,4401900,90400,128700,1654400,0,125900,2118300,804224,8001,99
i64,chain,100000,1000,D_append_frontier,4,3002600,89800,138200,1639900,0,124800,726700,804224,8001,99
i64,chain,100000,1000,D_sorted_append_frontier,4,2997000,90300,127700,1653100,0,126200,717500,804224,8001,99
i64,chain,100000,1000,A_packed_fenwick,4,4629200,91800,155400,1650900,1639100,56800,749100,804008,4001,99
i64,chain,100000,1000,A_sorted_fenwick,4,4555000,89600,124600,1650900,1602600,57400,746300,804008,4001,99
i64,chain,100000,1000,B_indirect_fenwick,4,4727900,98300,77100,1903400,1571700,57600,741400,802408,4001,99
i64,chain,100000,1000,C_packed_segment,4,5705700,94500,136200,1643900,1610600,59700,1875700,804800,4001,99
i64,chain,1000000,1,A_packed_fenwick,0,171974200,992700,4407500,38293000,86729200,0,39869200,40000008,4,999999
i64,chain,1000000,1,A_sorted_fenwick,0,168066000,1175800,4629500,38174600,84136100,0,38327200,40000008,4,999999
i64,chain,1000000,1,B_indirect_fenwick,0,211114100,1041600,1131400,59783800,82588900,0,65522600,24000008,4,999999
i64,chain,1000000,1,C_packed_segment,0,264088100,1158500,4452800,39569600,105816000,0,111527900,48000000,4,999999
i64,chain,1000000,1,D_frontier,0,94819300,1149200,4163600,37533800,0,32000,50704400,40388608,21,999999
i64,chain,1000000,1,D_sorted_frontier,0,98270300,1036600,4243100,37614000,0,39300,54083100,40388608,21,999999
i64,chain,1000000,1,D_append_frontier,0,55028300,1031900,4094100,37773400,0,39000,10836400,40388608,21,999999
i64,chain,1000000,1,D_sorted_append_frontier,0,55108000,990600,4136300,37701500,0,38100,10953200,40388608,21,999999
i64,chain,1000000,1,A_sorted_fenwick,1,166361100,1017600,4186000,38183400,83731900,0,37656300,40000008,4,999999
i64,chain,1000000,1,B_indirect_fenwick,1,216706400,1042100,1125600,59322600,85582300,0,68764500,24000008,4,999999
i64,chain,1000000,1,C_packed_segment,1,269772700,1015500,4295400,41011000,99261500,0,122607800,48000000,4,999999
i64,chain,1000000,1,D_frontier,1,95491000,1119200,4254100,37948500,0,40200,50889800,40388608,21,999999
i64,chain,1000000,1,D_sorted_frontier,1,95901800,984900,4259900,37939900,0,37800,51434600,40388608,21,999999
i64,chain,1000000,1,D_append_frontier,1,55984100,1134500,4278300,38230200,0,36700,11070100,40388608,21,999999
i64,chain,1000000,1,D_sorted_append_frontier,1,55563700,999400,4208000,37909900,0,40600,11136600,40388608,21,999999
i64,chain,1000000,1,A_packed_fenwick,1,195057200,986400,4115400,38729700,94182700,0,55415200,40000008,4,999999
i64,chain,1000000,1,B_indirect_fenwick,2,212612500,1172400,1187600,60548000,84523000,0,64109900,24000008,4,999999
i64,chain,1000000,1,C_packed_segment,2,283087600,983600,4252000,38446700,119492500,0,118341400,48000000,4,999999
i64,chain,1000000,1,D_frontier,2,95080500,1103900,4109300,37739200,0,39800,50836300,40388608,21,999999
i64,chain,1000000,1,D_sorted_frontier,2,95030900,1039600,4096800,38037300,0,32800,50606100,40388608,21,999999
i64,chain,1000000,1,D_append_frontier,2,55239400,1026600,4331500,37662300,0,38800,10882100,40388608,21,999999
i64,chain,1000000,1,D_sorted_append_frontier,2,55439700,1031500,4199500,37793400,0,41700,11139900,40388608,21,999999
i64,chain,1000000,1,A_packed_fenwick,2,170435600,979100,4145800,37790100,84000800,0,41915000,40000008,4,999999
i64,chain,1000000,1,A_sorted_fenwick,2,168550400,1000100,4261400,37821800,83540900,0,40232200,40000008,4,999999
i64,chain,1000000,1,C_packed_segment,3,275995700,1157200,4362800,40209200,85526800,0,143173800,48000000,4,999999
i64,chain,1000000,1,D_frontier,3,95211800,1152900,4202400,37806300,0,37400,50783500,40388608,21,999999
i64,chain,1000000,1,D_sorted_frontier,3,95513300,1005200,4262500,38021300,0,38000,50940700,40388608,21,999999
i64,chain,1000000,1,D_append_frontier,3,56926300,1246100,4437100,38867400,0,31500,11113700,40388608,21,999999
i64,chain,1000000,1,D_sorted_append_frontier,3,58718900,998700,4326300,40821300,0,38100,11285400,40388608,21,999999
i64,chain,1000000,1,A_packed_fenwick,3,171497800,1003400,4155100,38009700,85277600,0,41459200,40000008,4,999999
i64,chain,1000000,1,A_sorted_fenwick,3,165909700,1015600,4225900,38286500,83101300,0,37642500,40000008,4,999999
i64,chain,1000000,1,B_indirect_fenwick,3,234995200,1037400,1147600,67617200,83571700,0,80520600,24000008,4,999999
i64,chain,1000000,1,D_frontier,4,96802500,989700,4354700,38027800,0,41100,52112400,40388608,21,999999
i64,chain,1000000,1,D_sorted_frontier,4,96728300,979400,4103500,39334400,0,21000,51039800,40388608,21,999999
i64,chain,1000000,1,D_append_frontier,4,55452200,1019600,4125400,37960300,0,36100,11058300,40388608,21,999999
i64,chain,1000000,1,D_sorted_append_frontier,4,56480800,1028000,4332400,38433300,0,30800,11379200,40388608,21,999999
i64,chain,1000000,1,A_packed_fenwick,4,165911000,980900,4227300,37990100,83123400,0,37920900,40000008,4,999999
i64,chain,1000000,1,A_sorted_fenwick,4,167264300,1105800,4251500,37729900,83611500,0,38929900,40000008,4,999999
i64,chain,1000000,1,B_indirect_fenwick,4,240135800,1104700,1140100,59961100,82693000,0,93992700,24000008,4,999999
i64,chain,1000000,1,C_packed_segment,4,301570900,1182400,5245400,53187100,125415600,0,114970500,48000000,4,999999
i64,chain,3000000,1,A_packed_fenwick,0,1218124000,2845300,14461300,143496100,741005800,0,310942200,120000008,4,2999999
i64,chain,3000000,1,A_sorted_fenwick,0,1176191100,2769300,13987700,130123300,743290200,0,281488000,120000008,4,2999999
i64,chain,3000000,1,B_indirect_fenwick,0,1431979000,2881000,3282500,339216200,679434900,0,404319700,72000008,4,2999999
i64,chain,3000000,1,C_packed_segment,0,1454855100,2741600,12869900,163970500,735325300,0,535346100,144000000,4,2999999
i64,chain,3000000,1,D_frontier,0,329557800,3529500,13534600,129228200,0,42700,179701600,129554432,23,2999999
i64,chain,3000000,1,D_sorted_frontier,0,328027500,2736600,12731200,127650900,0,40800,181292800,129554432,23,2999999
i64,chain,3000000,1,D_append_frontier,0,220893500,3147500,14339200,150713700,0,41300,49113600,129554432,23,2999999
i64,chain,3000000,1,D_sorted_append_frontier,0,198397800,2819600,12692300,129825100,0,42100,49344100,129554432,23,2999999
i64,chain,3000000,1,A_sorted_fenwick,1,1202272800,2723700,12710800,127510800,751438700,0,303296300,120000008,4,2999999
i64,chain,3000000,1,B_indirect_fenwick,1,1410315700,2789300,3497800,340272100,645435100,0,415028600,72000008,4,2999999
i64,chain,3000000,1,C_packed_segment,1,1521264000,3474800,15376600,166154700,804420900,0,527420600,144000000,4,2999999
i64,chain,3000000,1,D_frontier,1,332423100,3196900,12779200,127894200,0,37500,184818800,129554432,23,2999999
i64,chain,3000000,1,D_sorted_frontier,1,352544500,2900700,13605300,151064200,0,43500,181350600,129554432,23,2999999
i64,chain,3000000,1,D_append_frontier,1,198739300,2824900,12702100,130950400,0,39300,48690700,129554432,23,2999999
i64,chain,3000000,1,D_sorted_append_frontier,1,195412500,2768100,12712800,127732900,0,42900,48606200,129554432,23,2999999
i64,chain,3000000,1,A_packed_fenwick,1,1210099100,2819900,12695200,132628800,776433900,0,281010600,120000008,4,2999999
i64,chain,3000000,1,B_indirect_fenwick,2,1447649200,2770400,3332600,371513300,639287900,0,428064000,72000008,4,2999999
i64,chain,3000000,1,C_packed_segment,2,1376273600,2729300,13674000,129547400,708722000,0,514939200,144000000,4,2999999
i64,chain,3000000,1,D_frontier,2,336641400,2949400,13303000,127964000,0,39400,187645300,129554432,23,2999999
i64,chain,3000000,1,D_sorted_frontier,2,339515400,3033900,14241700,130359500,0,32800,188120500,129554432,23,2999999
i64,chain,3000000,1,D_append_frontier,2,199191500,2756800,13369800,129710800,0,40600,49797200,129554432,23,2999999
i64,chain,3000000,1,D_sorted_append_frontier,2,199222600,2772500,12717800,128493000,0,40400,51610100,129554432,23,2999999
i64,chain,3000000,1,A_packed_fenwick,2,1267303600,2840500,12793100,128265300,818375800,0,299854500,120000008,4,2999999
i64,chain,3000000,1,A_sorted_fenwick,2,1182439900,3025200,12757800,127689200,731667400,0,302676500,120000008,4,2999999
i64,chain,3000000,1,C_packed_segment,3,1432184300,3000100,13892700,132101100,750990500,0,527637200,144000000,4,2999999
i64,chain,3000000,1,D_frontier,3,335130900,3181800,13323000,129332800,0,39800,185212000,129554432,23,2999999
i64,chain,3000000,1,D_sorted_frontier,3,333064400,2994000,14143100,131031500,0,41400,181369300,129554432,23,2999999
i64,chain,3000000,1,D_append_frontier,3,199483000,2759200,12759500,127593100,0,43500,52805300,129554432,23,2999999
i64,chain,3000000,1,D_sorted_append_frontier,3,197163500,2820200,12702100,127939000,0,41500,50034600,129554432,23,2999999
i64,chain,3000000,1,A_packed_fenwick,3,1221145400,2742800,12785300,127936600,770834800,0,302075000,120000008,4,2999999
i64,chain,3000000,1,A_sorted_fenwick,3,1214788200,2921000,13770400,132082700,761907400,0,299360300,120000008,4,2999999
i64,chain,3000000,1,B_indirect_fenwick,3,1526434600,3584900,4309100,390278400,721764900,0,403994400,72000008,4,2999999
i64,chain,3000000,1,D_frontier,4,338356700,3226700,12672300,127080600,0,38300,191755400,129554432,23,2999999
i64,chain,3000000,1,D_sorted_frontier,4,328502500,3053700,12823900,127739100,0,44400,181328900,129554432,23,2999999
i64,chain,3000000,1,D_append_frontier,4,201039100,2871100,12709100,127399300,0,41200,54430300,129554432,23,2999999
i64,chain,3000000,1,D_sorted_append_frontier,4,196846100,2768400,12745800,128921600,0,40500,48865700,129554432,23,2999999
i64,chain,3000000,1,A_packed_fenwick,4,1236117600,2809300,12753500,141511800,785747900,0,288815500,120000008,4,2999999
i64,chain,3000000,1,A_sorted_fenwick,4,1163972300,2946100,13123700,130505400,722343700,0,290515900,120000008,4,2999999
i64,chain,3000000,1,B_indirect_fenwick,4,1468228000,2835700,3262600,366483000,681658500,0,411160300,72000008,4,2999999
i64,chain,3000000,1,C_packed_segment,4,1467199300,2722500,13100900,127538800,777659900,0,541693700,144000000,4,2999999
i64,balanced,1000,1,A_packed_fenwick,0,47700,500,900,15800,18800,0,11300,40000,4,9
i64,balanced,1000,1,A_sorted_fenwick,0,54700,600,800,16500,25300,0,10600,40000,4,9
i64,balanced,1000,1,B_indirect_fenwick,0,62000,500,200,31000,18500,0,11300,24000,4,9
i64,balanced,1000,1,C_packed_segment,0,163200,600,1100,19600,17700,0,44200,40016,4,9
i64,balanced,1000,1,D_frontier,0,48200,500,14900,20300,0,200,11800,32128,5,9
i64,balanced,1000,1,D_sorted_frontier,0,38600,800,1200,22500,0,300,12500,32128,5,9
i64,balanced,1000,1,D_append_frontier,0,37800,600,1600,22700,0,400,11900,32128,5,9
i64,balanced,1000,1,D_sorted_append_frontier,0,29700,500,900,16000,0,100,11700,32128,5,9
i64,balanced,1000,1,A_sorted_fenwick,1,47900,500,900,15600,19700,0,10600,40000,4,9
i64,balanced,1000,1,B_indirect_fenwick,1,60100,500,300,29500,18900,0,10500,24000,4,9
i64,balanced,1000,1,C_packed_segment,1,85500,500,1000,17600,17700,0,48100,40016,4,9
i64,balanced,1000,1,D_frontier,1,32700,500,800,19100,0,100,11600,32128,5,9
i64,balanced,1000,1,D_sorted_frontier,1,29300,500,900,16200,0,100,11200,32128,5,9
i64,balanced,1000,1,D_append_frontier,1,29000,500,800,15500,0,100,11600,32128,5,9
i64,balanced,1000,1,D_sorted_append_frontier,1,28700,500,800,15500,0,100,11400,32128,5,9
i64,balanced,1000,1,A_packed_fenwick,1,46500,500,900,15400,18200,0,11000,40000,4,9
i64,balanced,1000,1,B_indirect_fenwick,2,61500,1500,200,28200,20000,0,11400,24000,4,9
i64,balanced,1000,1,C_packed_segment,2,86500,500,800,17100,18100,0,49500,40016,4,9
i64,balanced,1000,1,D_frontier,2,33400,600,1100,19800,0,100,11300,32128,5,9
i64,balanced,1000,1,D_sorted_frontier,2,29100,500,800,15900,0,100,11400,32128,5,9
i64,balanced,1000,1,D_append_frontier,2,29100,500,900,15600,0,200,11600,32128,5,9
i64,balanced,1000,1,D_sorted_append_frontier,2,28900,500,900,15500,0,100,11600,32128,5,9
i64,balanced,1000,1,A_packed_fenwick,2,46000,600,900,15400,18200,0,10700,40000,4,9
i64,balanced,1000,1,A_sorted_fenwick,2,44100,500,900,15800,17600,0,8900,40000,4,9
i64,balanced,1000,1,C_packed_segment,3,78800,500,800,15600,17900,0,43300,40016,4,9
i64,balanced,1000,1,D_frontier,3,31700,500,900,18500,0,200,11400,32128,5,9
i64,balanced,1000,1,D_sorted_frontier,3,29000,500,900,15900,0,100,11300,32128,5,9
i64,balanced,1000,1,D_append_frontier,3,29200,600,900,15600,0,100,11700,32128,5,9
i64,balanced,1000,1,D_sorted_append_frontier,3,28900,500,800,15400,0,100,11600,32128,5,9
i64,balanced,1000,1,A_packed_fenwick,3,45400,600,900,15400,18200,0,10100,40000,4,9
i64,balanced,1000,1,A_sorted_fenwick,3,44000,500,800,15600,17800,0,8800,40000,4,9
i64,balanced,1000,1,B_indirect_fenwick,3,58100,600,200,27900,18000,0,11000,24000,4,9
i64,balanced,1000,1,D_frontier,4,29900,500,800,16700,0,200,11300,32128,5,9
i64,balanced,1000,1,D_sorted_frontier,4,28800,500,800,15600,0,100,11400,32128,5,9
i64,balanced,1000,1,D_append_frontier,4,28900,600,900,15500,0,100,11600,32128,5,9
i64,balanced,1000,1,D_sorted_append_frontier,4,28700,500,800,15300,0,100,11600,32128,5,9
i64,balanced,1000,1,A_packed_fenwick,4,43800,600,900,15400,17600,0,9100,40000,4,9
i64,balanced,1000,1,A_sorted_fenwick,4,61200,500,900,24800,25700,0,8800,40000,4,9
i64,balanced,1000,1,B_indirect_fenwick,4,66000,600,200,31300,23400,0,10300,24000,4,9
i64,balanced,1000,1,C_packed_segment,4,98300,800,900,21300,22900,0,51900,40016,4,9
i64,balanced,10000,1,A_packed_fenwick,0,729800,5000,7800,299300,281600,0,135600,400000,4,13
i64,balanced,10000,1,A_sorted_fenwick,0,715400,4900,7800,299700,268000,0,134400,400000,4,13
i64,balanced,10000,1,B_indirect_fenwick,0,801700,5000,1500,373200,279800,0,141900,240000,4,13
i64,balanced,10000,1,C_packed_segment,0,1169400,7400,7800,304800,272000,0,576900,400016,4,13
i64,balanced,10000,1,D_frontier,0,427700,4900,7700,300800,0,1100,112600,320128,5,13
i64,balanced,10000,1,D_sorted_frontier,0,426200,4900,7700,299400,0,1000,112700,320128,5,13
i64,balanced,10000,1,D_append_frontier,0,438700,5000,7700,309400,0,1100,115100,320128,5,13
i64,balanced,10000,1,D_sorted_append_frontier,0,427700,5000,7700,298700,0,1100,114900,320128,5,13
i64,balanced,10000,1,A_sorted_fenwick,1,715300,4900,7700,299300,268400,0,134500,400000,4,13
i64,balanced,10000,1,B_indirect_fenwick,1,808100,14700,1500,371100,279000,0,141300,240000,4,13
i64,balanced,10000,1,C_packed_segment,1,1168500,4900,7800,306000,272200,0,577000,400016,4,13
i64,balanced,10000,1,D_frontier,1,427400,5000,7700,300700,0,1100,112500,320128,5,13
i64,balanced,10000,1,D_sorted_frontier,1,431800,5000,7700,305100,0,1200,112500,320128,5,13
i64,balanced,10000,1,D_append_frontier,1,439100,5000,7700,308400,0,1800,115500,320128,5,13
i64,balanced,10000,1,D_sorted_append_frontier,1,427800,4900,7700,298400,0,1100,115200,320128,5,13
i64,balanced,10000,1,A_packed_fenwick,1,759100,6200,8300,305800,270700,0,135900,400000,4,13
i64,balanced,10000,1,B_indirect_fenwick,2,874600,5000,23000,386500,307100,0,152300,240000,4,13
i64,balanced,10000,1,C_packed_segment,2,1200500,5000,16900,302300,291400,0,584300,400016,4,13
i64,balanced,10000,1,D_frontier,2,431500,4900,7700,304300,0,1200,112700,320128,5,13
i64,balanced,10000,1,D_sorted_frontier,2,425000,5000,7700,298500,0,1000,112400,320128,5,13
i64,balanced,10000,1,D_append_frontier,2,433400,5000,7700,302600,0,1200,116500,320128,5,13
i64,balanced,10000,1,D_sorted_append_frontier,2,434600,4900,7700,305500,0,1100,114800,320128,5,13
i64,balanced,10000,1,A_packed_fenwick,2,724500,5000,7700,303100,273400,0,134700,400000,4,13
i64,balanced,10000,1,A_sorted_fenwick,2,725800,5000,7600,300300,279100,0,133200,400000,4,13
i64,balanced,10000,1,C_packed_segment,3,1182000,4900,7700,300000,276100,0,592600,400016,4,13
i64,balanced,10000,1,D_frontier,3,429500,5000,7800,302000,0,1100,113200,320128,5,13
i64,balanced,10000,1,D_sorted_frontier,3,428300,4900,7700,301000,0,1000,113200,320128,5,13
i64,balanced,10000,1,D_append_frontier,3,438800,5000,7800,307600,0,1800,115700,320128,5,13
i64,balanced,10000,1,D_sorted_append_frontier,3,437800,4900,7800,300600,0,1000,122700,320128,5,13
i64,balanced,10000,1,A_packed_fenwick,3,723800,5000,7800,301100,274100,0,135200,400000,4,13
i64,balanced,10000,1,A_sorted_fenwick,3,737800,4900,7700,304400,285300,0,134700,400000,4,13
i64,balanced,10000,1,B_indirect_fenwick,3,866500,5000,1500,387600,329900,0,141800,240000,4,13
i64,balanced,10000,1,D_frontier,4,428800,4900,7700,301500,0,1200,113000,320128,5,13
i64,balanced,10000,1,D_sorted_frontier,4,426000,5000,7700,299200,0,1100,112700,320128,5,13
i64,balanced,10000,1,D_append_frontier,4,427000,5000,7700,298800,0,1000,114100,320128,5,13
i64,balanced,10000,1,D_sorted_append_frontier,4,433800,5000,7700,305700,0,1200,113800,320128,5,13
i64,balanced,10000,1,A_packed_fenwick,4,752200,5000,7800,301800,302000,0,134900,400000,4,13
i64,balanced,10000,1,A_sorted_fenwick,4,743200,4900,7700,306600,288900,0,134600,400000,4,13
i64,balanced,10000,1,B_indirect_fenwick,4,886000,5000,23100,380800,316400,0,160100,240000,4,13
i64,balanced,10000,1,C_packed_segment,4,1203400,4900,17400,301800,297200,0,581300,400016,4,13
i64,balanced,100000,1,A_packed_fenwick,0,10411500,49300,350100,3552800,4337500,0,2028500,4000000,4,16
i64,balanced,100000,1,A_sorted_fenwick,0,10351900,49400,396300,3612100,4259400,0,1942600,4000000,4,16
i64,balanced,100000,1,B_indirect_fenwick,0,11560300,49500,13300,4920800,4342400,0,2233500,2400000,4,16
i64,balanced,100000,1,C_packed_segment,0,15967400,48900,348300,3544400,4448800,0,7476800,4000016,4,16
i64,balanced,100000,1,D_frontier,0,5421100,52300,388100,3515700,0,12000,1368600,3200256,6,16
i64,balanced,100000,1,D_sorted_frontier,0,5411600,49100,352000,3509200,0,9900,1401500,3200256,6,16
i64,balanced,100000,1,D_append_frontier,0,5506400,49100,395800,3576000,0,10400,1381700,3200256,6,16
i64,balanced,100000,1,D_sorted_append_frontier,0,5440700,49100,364100,3525800,0,10000,1390100,3200256,6,16
i64,balanced,100000,1,A_sorted_fenwick,1,10498300,49100,398300,3535700,4476500,0,1942200,4000000,4,16
i64,balanced,100000,1,B_indirect_fenwick,1,11523300,49300,13500,4866800,4348700,0,2244400,2400000,4,16
i64,balanced,100000,1,C_packed_segment,1,15923100,49100,354000,3528700,4431700,0,7459200,4000016,4,16
i64,balanced,100000,1,D_frontier,1,5453100,53600,396300,3548800,0,13900,1351600,3200256,6,16
i64,balanced,100000,1,D_sorted_frontier,1,5433300,49100,357200,3521700,0,9500,1404900,3200256,6,16
i64,balanced,100000,1,D_append_frontier,1,5436700,49100,387700,3524700,0,9800,1377100,3200256,6,16
i64,balanced,100000,1,D_sorted_append_frontier,1,5398100,49400,353800,3525500,0,9600,1364000,3200256,6,16
i64,balanced,100000,1,A_packed_fenwick,1,10447100,49000,388000,3563600,4338900,0,2019800,4000000,4,16
i64,balanced,100000,1,B_indirect_fenwick,2,11688700,49100,13700,4879400,4494900,0,2250600,2400000,4,16
i64,balanced,100000,1,C_packed_segment,2,15978700,49100,356600,3531000,4449400,0,7490500,4000016,4,16
i64,balanced,100000,1,D_frontier,2,5476300,51200,389300,3533800,0,12400,1400800,3200256,6,16
i64,balanced,100000,1,D_sorted_frontier,2,5435600,49400,350400,3546800,0,10100,1386800,3200256,6,16
i64,balanced,100000,1,D_append_frontier,2,5452300,49100,397000,3525600,0,9400,1386300,3200256,6,16
i64,balanced,100000,1,D_sorted_append_frontier,2,5455800,49400,354500,3545400,0,9700,1401700,3200256,6,16
i64,balanced,100000,1,A_packed_fenwick,2,10481300,49200,383800,3587200,4360300,0,2013400,4000000,4,16
i64,balanced,100000,1,A_sorted_fenwick,2,10336900,49100,355600,3556700,4337200,0,1938200,4000000,4,16
i64,balanced,100000,1,C_packed_segment,3,15810400,49800,391100,3555000,4285700,0,7441500,4000016,4,16
i64,balanced,100000,1,D_frontier,3,5418600,49200,360300,3525100,0,12800,1367400,3200256,6,16
i64,balanced,100000,1,D_sorted_frontier,3,5470800,49900,399000,3535300,0,11100,1387500,3200256,6,16
i64,balanced,100000,1,D_append_frontier,3,5411200,49200,363100,3524300,0,10200,1362600,3200256,6,16
i64,balanced,100000,1,D_sorted_append_frontier,3,5451500,49100,402400,3515700,0,9300,1384200,3200256,6,16
i64,balanced,100000,1,A_packed_fenwick,3,10430800,49100,354800,3526200,4384800,0,2018800,4000000,4,16
i64,balanced,100000,1,A_sorted_fenwick,3,10308700,49300,400500,3545100,4258300,0,1962600,4000000,4,16
i64,balanced,100000,1,B_indirect_fenwick,3,11527500,49200,13400,4873100,4328900,0,2262200,2400000,4,16
i64,balanced,100000,1,D_frontier,4,5480700,49200,364600,3570600,0,13600,1384300,3200256,6,16
i64,balanced,100000,1,D_sorted_frontier,4,5495900,50700,386600,3596200,0,10800,1363700,3200256,6,16
i64,balanced,100000,1,D_append_frontier,4,5403100,49100,357000,3510400,0,9700,1381100,3200256,6,16
i64,balanced,100000,1,D_sorted_append_frontier,4,5568400,49100,505200,3555800,0,10400,1362700,3200256,6,16
i64,balanced,100000,1,A_packed_fenwick,4,10486200,49000,362600,3517700,4339500,0,2117000,4000000,4,16
i64,balanced,100000,1,A_sorted_fenwick,4,10330000,56700,434400,3521900,4286000,0,1941400,4000000,4,16
i64,balanced,100000,1,B_indirect_fenwick,4,11612600,52000,13400,4883100,4417400,0,2246000,2400000,4,16
i64,balanced,100000,1,C_packed_segment,4,15843800,49200,351700,3523100,4377300,0,7436600,4000016,4,16
i64,balanced,1000000,1,A_packed_fenwick,0,161671900,866400,4149100,43016700,76152000,0,36201800,40000000,4,19
i64,balanced,1000000,1,A_sorted_fenwick,0,169489000,1012000,4145900,43248600,82817900,0,36992300,40000000,4,19
i64,balanced,1000000,1,B_indirect_fenwick,0,262855000,1009100,1078000,83042300,75520300,0,101462100,24000000,4,19
i64,balanced,1000000,1,C_packed_segment,0,245922900,897300,4251500,42237000,76614200,0,120049000,40000016,4,19
i64,balanced,1000000,1,D_frontier,0,71813500,1110800,5052100,48611800,0,31200,16042900,32000256,6,19
i64,balanced,1000000,1,D_sorted_frontier,0,64755700,984300,4235500,42552400,0,39700,15991500,32000256,6,19
i64,balanced,1000000,1,D_append_frontier,0,65737400,1006900,4267600,42846400,0,29800,16604600,32000256,6,19
i64,balanced,1000000,1,D_sorted_append_frontier,0,64914500,1027400,4088000,42653700,0,38500,16153800,32000256,6,19
i64,balanced,1000000,1,A_sorted_fenwick,1,160526300,1052000,4474000,42465500,75888500,0,35363600,40000000,4,19
i64,balanced,1000000,1,B_indirect_fenwick,1,260275200,982100,1123200,83425500,74965500,0,99057800,24000000,4,19
i64,balanced,1000000,1,C_packed_segment,1,233299500,936400,4318600,45206100,75473500,0,105468400,40000016,4,19
i64,balanced,1000000,1,D_frontier,1,72787000,1080900,5156500,47432200,0,27100,18013300,32000256,6,19
i64,balanced,1000000,1,D_sorted_frontier,1,70681800,1174400,5115200,46816100,0,33700,16580500,32000256,6,19
i64,balanced,1000000,1,D_append_frontier,1,65350000,987000,4173200,42851100,0,40500,16327800,32000256,6,19
i64,balanced,1000000,1,D_sorted_append_frontier,1,66061700,1163200,4219200,43376400,0,37400,16325000,32000256,6,19
i64,balanced,1000000,1,A_packed_fenwick,1,161161600,1071800,4351400,42671900,75919400,0,35817800,40000000,4,19
i64,balanced,1000000,1,B_indirect_fenwick,2,261491000,1027900,1117400,83875100,74837700,0,99918500,24000000,4,19
i64,balanced,1000000,1,C_packed_segment,2,234049300,864300,4389700,42343200,80522200,0,104285800,40000016,4,19
i64,balanced,1000000,1,D_frontier,2,65989700,1011400,4305600,42292000,0,32900,17244000,32000256,6,19
i64,balanced,1000000,1,D_sorted_frontier,2,65406200,1032300,4568500,42744100,0,38700,16033400,32000256,6,19
i64,balanced,1000000,1,D_append_frontier,2,65681100,1079700,4344100,43143700,0,38800,16098500,32000256,6,19
i64,balanced,1000000,1,D_sorted_append_frontier,2,64520000,1001400,4194400,42351000,0,40900,15981000,32000256,6,19
i64,balanced,1000000,1,A_packed_fenwick,2,175648500,944600,4064600,42425300,75856800,0,50989100,40000000,4,19
i64,balanced,1000000,1,A_sorted_fenwick,2,158711800,1076700,4127000,42617800,75144200,0,34461900,40000000,4,19
i64,balanced,1000000,1,C_packed_segment,3,228022900,1039000,4136500,42378600,75637300,0,103231900,40000016,4,19
i64,balanced,1000000,1,D_frontier,3,67682000,1167000,4140900,45365700,0,37100,15984300,32000256,6,19
i64,balanced,1000000,1,D_sorted_frontier,3,64444400,953900,4113100,42443200,0,23200,15961100,32000256,6,19
i64,balanced,1000000,1,D_append_frontier,3,64457400,992700,4099100,42363900,0,39700,16002600,32000256,6,19
i64,balanced,1000000,1,D_sorted_append_frontier,3,67925600,949400,4159500,45822500,0,27300,16004500,32000256,6,19
i64,balanced,1000000,1,A_packed_fenwick,3,165033900,1017200,4111200,49081900,75324300,0,34215600,40000000,4,19
i64,balanced,1000000,1,A_sorted_fenwick,3,178124600,1064900,4094500,43014000,81632700,0,46925100,40000000,4,19
i64,balanced,1000000,1,B_indirect_fenwick,3,275462100,1388300,1222400,92693400,76024300,0,103392000,24000000,4,19
i64,balanced,1000000,1,D_frontier,4,67777300,903600,4400000,43944700,0,46200,17510200,32000256,6,19
i64,balanced,1000000,1,D_sorted_frontier,4,66196400,1051900,4316200,43178700,0,23400,16587400,32000256,6,19
i64,balanced,1000000,1,D_append_frontier,4,65895000,1005400,4199600,43470100,0,41800,16181500,32000256,6,19
i64,balanced,1000000,1,D_sorted_append_frontier,4,66371100,1008900,4238700,43019900,0,38200,17089300,32000256,6,19
i64,balanced,1000000,1,A_packed_fenwick,4,209037300,1098800,4360300,43386100,84049000,0,74735000,40000000,4,19
i64,balanced,1000000,1,A_sorted_fenwick,4,212269900,1036700,4370600,44528200,77708400,0,82897700,40000000,4,19
i64,balanced,1000000,1,B_indirect_fenwick,4,369414500,1255500,1598200,145256200,112548800,0,107942200,24000000,4,19
i64,balanced,1000000,1,C_packed_segment,4,235240300,1101600,4374500,43561100,77030600,0,107488000,40000016,4,19
i64,balanced,3000000,1,A_packed_fenwick,0,868649600,3099100,13408600,159679400,415671100,0,273127100,120000000,4,21
i64,balanced,3000000,1,A_sorted_fenwick,0,773751200,2706400,12792400,141025600,339951700,0,273640300,120000000,4,21
i64,balanced,3000000,1,B_indirect_fenwick,0,1285029500,2779100,3185000,482381800,318153900,0,476353500,72000000,4,21
i64,balanced,3000000,1,C_packed_segment,0,976953200,2645700,12951600,142658300,334763300,0,479385600,120000016,4,21
i64,balanced,3000000,1,D_frontier,0,216131500,2743200,12774500,141475300,0,40300,55995000,96000256,6,21
i64,balanced,3000000,1,D_sorted_frontier,0,229124700,3226900,15526600,151342500,0,27700,56323600,96000256,6,21
i64,balanced,3000000,1,D_append_frontier,0,215277300,2547000,12970300,141951900,0,37000,55062100,96000256,6,21
i64,balanced,3000000,1,D_sorted_append_frontier,0,224516600,2768700,13309900,149613700,0,30700,55978700,96000256,6,21
i64,balanced,3000000,1,A_sorted_fenwick,1,806743500,3040000,13524200,143452000,351974400,0,290886900,120000000,4,21
i64,balanced,3000000,1,B_indirect_fenwick,1,1290108300,2817400,3186800,498656000,328869500,0,454569200,72000000,4,21
i64,balanced,3000000,1,C_packed_segment,1,1075800000,2849600,13322900,143709900,414203500,0,496981100,120000016,4,21
i64,balanced,3000000,1,D_frontier,1,226515100,2760100,12737300,146149400,0,39100,62143200,96000256,6,21
i64,balanced,3000000,1,D_sorted_frontier,1,215242000,2646800,12925200,142544400,0,39400,54409300,96000256,6,21
i64,balanced,3000000,1,D_append_frontier,1,216391300,2974600,13640700,142264300,0,44300,54718200,96000256,6,21
i64,balanced,3000000,1,D_sorted_append_frontier,1,214560100,2951900,12716100,141758500,0,39500,54418800,96000256,6,21
i64,balanced,3000000,1,A_packed_fenwick,1,876895500,2851500,12988100,141587200,400552000,0,314845600,120000000,4,21
i64,balanced,3000000,1,B_indirect_fenwick,2,1280450600,2808500,3295200,490303100,333645400,0,448435400,72000000,4,21
i64,balanced,3000000,1,C_packed_segment,2,987994600,2528700,12803000,150147700,337311600,0,480663600,120000016,4,21
i64,balanced,3000000,1,D_frontier,2,248277700,2875500,12771300,171962400,0,29500,57951800,96000256,6,21
i64,balanced,3000000,1,D_sorted_frontier,2,215195100,2548700,12771200,142153200,0,33200,54986200,96000256,6,21
i64,balanced,3000000,1,D_append_frontier,2,215231800,2751100,13343500,141657900,0,41800,54510000,96000256,6,21
i64,balanced,3000000,1,D_sorted_append_frontier,2,216649100,2556600,12667500,142407700,0,38700,55876500,96000256,6,21
i64,balanced,3000000,1,A_packed_fenwick,2,757660000,3161300,14327800,147811100,305544600,0,283131900,120000000,4,21
i64,balanced,3000000,1,A_sorted_fenwick,2,794086300,2789800,13468400,142667100,361421600,0,270100500,120000000,4,21
i64,balanced,3000000,1,C_packed_segment,3,1080579100,2783700,13162000,145685400,399286800,0,515069700,120000016,4,21
i64,balanced,3000000,1,D_frontier,3,222613500,2754800,13008300,148305500,0,26600,55829200,96000256,6,21
i64,balanced,3000000,1,D_sorted_frontier,3,221383900,2736500,13488200,144944600,0,46200,57373800,96000256,6,21
i64,balanced,3000000,1,D_append_frontier,3,253714700,2777300,13888700,178173300,0,31200,56133900,96000256,6,21
i64,balanced,3000000,1,D_sorted_append_frontier,3,216594000,2992900,13250900,142834900,0,38800,54780300,96000256,6,21
i64,balanced,3000000,1,A_packed_fenwick,3,794616700,2756500,12738600,141973600,327357400,0,306108900,120000000,4,21
i64,balanced,3000000,1,A_sorted_fenwick,3,843807300,2837900,13544300,146726300,372787500,0,303880600,120000000,4,21
i64,balanced,3000000,1,B_indirect_fenwick,3,1258391500,3064800,3622100,495103400,301806100,0,452776300,72000000,4,21
i64,balanced,3000000,1,D_frontier,4,214545900,2576500,12840100,142438500,0,35600,54003700,96000256,6,21
i64,balanced,3000000,1,D_sorted_frontier,4,216358900,2624600,12882300,143339400,0,22200,54837700,96000256,6,21
i64,balanced,3000000,1,D_append_frontier,4,217896200,2651100,12643300,142488100,0,33900,57096600,96000256,6,21
i64,balanced,3000000,1,D_sorted_append_frontier,4,243246700,3773500,15094800,165208100,0,37200,56373700,96000256,6,21
i64,balanced,3000000,1,A_packed_fenwick,4,796395600,2886300,13332400,143428500,343828100,0,289263300,120000000,4,21
i64,balanced,3000000,1,A_sorted_fenwick,4,824268600,2890000,13077900,141921300,389640700,0,273147300,120000000,4,21
i64,balanced,3000000,1,B_indirect_fenwick,4,1276901300,2703600,3150600,506603600,303445600,0,459031200,72000000,4,21
i64,balanced,3000000,1,C_packed_segment,4,1097855400,2542900,13302600,141867500,419840300,0,515703600,120000016,4,21
i64,identical,1000,1,A_packed_fenwick,0,21600,600,14500,1400,2500,0,1600,40000,4,0
i64,identical,1000,1,A_sorted_fenwick,0,7200,600,1100,1500,2000,0,1500,40000,4,0
i64,identical,1000,1,B_indirect_fenwick,0,6600,700,300,1700,2200,0,1400,24000,4,0
i64,identical,1000,1,C_packed_segment,0,7200,1200,1200,1200,1900,0,1300,40000,4,0
i64,identical,1000,1,D_frontier,0,5400,500,1300,1200,0,300,1600,32032,3,0
i64,identical,1000,1,D_sorted_frontier,0,5500,500,1000,1600,0,200,1600,32032,3,0
i64,identical,1000,1,D_append_frontier,0,5600,600,1100,1600,0,200,1700,32032,3,0
i64,identical,1000,1,D_sorted_append_frontier,0,6100,800,1100,2000,0,200,1600,32032,3,0
i64,identical,1000,1,A_sorted_fenwick,1,8100,600,1200,1700,2700,0,1600,40000,4,0
i64,identical,1000,1,B_indirect_fenwick,1,8800,1000,200,2700,2300,0,2000,24000,4,0
i64,identical,1000,1,C_packed_segment,1,8400,900,1200,1700,2400,0,1700,40000,4,0
i64,identical,1000,1,D_frontier,1,5600,600,1100,1800,0,200,1700,32032,3,0
i64,identical,1000,1,D_sorted_frontier,1,5800,600,1100,1800,0,200,1600,32032,3,0
i64,identical,1000,1,D_append_frontier,1,5800,600,1100,1800,0,100,1600,32032,3,0
i64,identical,1000,1,D_sorted_append_frontier,1,5600,700,1200,1700,0,200,1600,32032,3,0
i64,identical,1000,1,A_packed_fenwick,1,8000,700,1100,1600,2500,0,1500,40000,4,0
i64,identical,1000,1,B_indirect_fenwick,2,8500,800,200,2600,2300,0,2100,24000,4,0
i64,identical,1000,1,C_packed_segment,2,7500,700,1100,1600,2300,0,1400,40000,4,0
i64,identical,1000,1,D_frontier,2,5900,600,1100,1800,0,200,1600,32032,3,0
i64,identical,1000,1,D_sorted_frontier,2,6000,700,1100,1900,0,200,1700,32032,3,0
i64,identical,1000,1,D_append_frontier,2,5600,600,1100,1500,0,200,1700,32032,3,0
i64,identical,1000,1,D_sorted_append_frontier,2,5900,700,1100,1800,0,200,1600,32032,3,0
i64,identical,1000,1,A_packed_fenwick,2,7600,600,1200,1800,2100,0,1500,40000,4,0
i64,identical,1000,1,A_sorted_fenwick,2,7800,600,1100,1900,2200,0,1500,40000,4,0
i64,identical,1000,1,C_packed_segment,3,7900,800,1100,1700,2400,0,1500,40000,4,0
i64,identical,1000,1,D_frontier,3,5900,700,1200,1900,0,200,1600,32032,3,0
i64,identical,1000,1,D_sorted_frontier,3,5700,600,1200,1900,0,200,1600,32032,3,0
i64,identical,1000,1,D_append_frontier,3,6000,800,1100,1800,0,200,1600,32032,3,0
i64,identical,1000,1,D_sorted_append_frontier,3,5800,700,1100,1800,0,200,1500,32032,3,0
i64,identical,1000,1,A_packed_fenwick,3,7500,700,1100,1600,2200,0,1600,40000,4,0
i64,identical,1000,1,A_sorted_fenwick,3,7500,600,1100,1800,2200,0,1400,40000,4,0
i64,identical,1000,1,B_indirect_fenwick,3,8400,900,200,2900,2300,0,1800,24000,4,0
i64,identical,1000,1,D_frontier,4,5700,600,1200,1700,0,200,1600,32032,3,0
i64,identical,1000,1,D_sorted_frontier,4,5800,600,1100,1900,0,200,1500,32032,3,0
i64,identical,1000,1,D_append_frontier,4,5600,800,1100,1600,0,200,1600,32032,3,0
i64,identical,1000,1,D_sorted_append_frontier,4,5700,700,1100,1800,0,200,1600,32032,3,0
i64,identical,1000,1,A_packed_fenwick,4,8200,700,1200,1800,2400,0,1600,40000,4,0
i64,identical,1000,1,A_sorted_fenwick,4,8100,700,1200,1900,2300,0,1600,40000,4,0
i64,identical,1000,1,B_indirect_fenwick,4,8900,800,500,2900,2400,0,1900,24000,4,0
i64,identical,1000,1,C_packed_segment,4,8100,700,1200,1800,2400,0,1600,40000,4,0
i64,identical,10000,1,A_packed_fenwick,0,138100,7100,11600,12400,22500,0,14000,400000,4,0
i64,identical,10000,1,A_sorted_fenwick,0,178300,6000,72400,16300,67500,0,14800,400000,4,0
i64,identical,10000,1,B_indirect_fenwick,0,59600,8900,2400,17100,16100,0,14400,240000,4,0
i64,identical,10000,1,C_packed_segment,0,46500,4900,7600,9600,14400,0,9500,400000,4,0
i64,identical,10000,1,D_frontier,0,34300,4900,7600,9600,0,1100,10600,320032,3,0
i64,identical,10000,1,D_sorted_frontier,0,34100,4900,7600,9800,0,900,10500,320032,3,0
i64,identical,10000,1,D_append_frontier,0,34000,4900,7600,9700,0,1000,10500,320032,3,0
i64,identical,10000,1,D_sorted_append_frontier,0,37200,4900,7600,9800,0,900,12900,320032,3,0
i64,identical,10000,1,A_sorted_fenwick,1,73700,5300,10000,18200,22300,0,17300,400000,4,0
i64,identical,10000,1,B_indirect_fenwick,1,74000,9400,1900,21900,22500,0,17600,240000,4,0
i64,identical,10000,1,C_packed_segment,1,72700,9400,10900,13900,24900,0,12900,400000,4,0
i64,identical,10000,1,D_frontier,1,44200,6300,9900,11300,0,1600,14600,320032,3,0
i64,identical,10000,1,D_sorted_frontier,1,34300,4900,7600,9800,0,1100,10500,320032,3,0
i64,identical,10000,1,D_append_frontier,1,39800,4800,7600,10200,0,1400,15100,320032,3,0
i64,identical,10000,1,D_sorted_append_frontier,1,48500,5600,10200,17700,0,1400,13300,320032,3,0
i64,identical,10000,1,A_packed_fenwick,1,45500,4900,7600,9600,13000,0,9900,400000,4,0
i64,identical,10000,1,B_indirect_fenwick,2,45800,4900,1400,14700,12900,0,11500,240000,4,0
i64,identical,10000,1,C_packed_segment,2,53600,7300,7600,9500,13000,0,15600,400000,4,0
i64,identical,10000,1,D_frontier,2,44400,5100,9300,12400,0,1200,15800,320032,3,0
i64,identical,10000,1,D_sorted_frontier,2,45400,5100,9400,16600,0,1300,12500,320032,3,0
i64,identical,10000,1,D_append_frontier,2,42500,5200,10200,9800,0,3400,13500,320032,3,0
i64,identical,10000,1,D_sorted_append_frontier,2,47000,4800,11300,14500,0,1300,14600,320032,3,0
i64,identical,10000,1,A_packed_fenwick,2,60800,4900,10300,9900,19800,0,15300,400000,4,0
i64,identical,10000,1,A_sorted_fenwick,2,67900,7500,12600,16800,18400,0,12000,400000,4,0
i64,identical,10000,1,C_packed_segment,3,45900,5500,7700,9700,13000,0,9400,400000,4,0
i64,identical,10000,1,D_frontier,3,34400,4900,7600,9600,0,1000,10500,320032,3,0
i64,identical,10000,1,D_sorted_frontier,3,82700,4900,7700,9900,0,1000,10500,320032,3,0
i64,identical,10000,1,D_append_frontier,3,115300,4900,63200,9700,0,26200,10600,320032,3,0
i64,identical,10000,1,D_sorted_append_frontier,3,34500,4900,7700,9900,0,1100,10500,320032,3,0
i64,identical,10000,1,A_packed_fenwick,3,81800,4900,7600,10300,48000,0,10100,400000,4,0
i64,identical,10000,1,A_sorted_fenwick,3,58500,5000,7800,9900,20500,0,14100,400000,4,0
i64,identical,10000,1,B_indirect_fenwick,3,51900,9000,2400,15000,13500,0,11500,240000,4,0
i64,identical,10000,1,D_frontier,4,34600,4900,7600,9700,0,1100,10700,320032,3,0
i64,identical,10000,1,D_sorted_frontier,4,34300,4900,7600,9900,0,1000,10600,320032,3,0
i64,identical,10000,1,D_append_frontier,4,34000,4900,7600,9700,0,1000,10500,320032,3,0
i64,identical,10000,1,D_sorted_append_frontier,4,34400,5000,7600,9800,0,900,10500,320032,3,0
i64,identical,10000,1,A_packed_fenwick,4,54000,4900,7700,17800,13100,0,10000,400000,4,0
i64,identical,10000,1,A_sorted_fenwick,4,45800,5000,7600,9900,13000,0,10000,400000,4,0
i64,identical,10000,1,B_indirect_fenwick,4,45800,4900,1400,14700,12900,0,11300,240000,4,0
i64,identical,10000,1,C_packed_segment,4,45300,5000,7700,9700,13000,0,9400,400000,4,0
i64,identical,100000,1,A_packed_fenwick,0,841100,49000,384900,96500,128000,0,99100,4000000,4,0
i64,identical,100000,1,A_sorted_fenwick,0,809600,49100,346400,98800,127600,0,98800,4000000,4,0
i64,identical,100000,1,B_indirect_fenwick,0,543400,49100,13200,149600,215100,0,115700,2400000,4,0
i64,identical,100000,1,C_packed_segment,0,915900,49200,351900,96500,239500,0,99000,4000000,4,0
i64,identical,100000,1,D_frontier,0,701200,49100,343600,96600,0,10000,107200,3200032,3,0
i64,identical,100000,1,D_sorted_frontier,0,752100,49000,397300,98500,0,9300,107500,3200032,3,0
i64,identical,100000,1,D_append_frontier,0,700400,49000,347800,98900,0,9400,106700,3200032,3,0
i64,identical,100000,1,D_sorted_append_frontier,0,736600,49000,385300,103400,0,9400,107500,3200032,3,0
i64,identical,100000,1,A_sorted_fenwick,1,905200,49000,344900,195800,128000,0,99000,4000000,4,0
i64,identical,100000,1,B_indirect_fenwick,1,565100,49100,13200,149500,237200,0,115500,2400000,4,0
i64,identical,100000,1,C_packed_segment,1,929000,49200,369300,96400,238400,0,93500,4000000,4,0
i64,identical,100000,1,D_frontier,1,720200,49100,355100,97700,0,10100,109300,3200032,3,0
i64,identical,100000,1,D_sorted_frontier,1,740500,48900,393600,98200,0,9400,106700,3200032,3,0
i64,identical,100000,1,D_append_frontier,1,691000,48800,342500,95700,0,9200,106400,3200032,3,0
i64,identical,100000,1,D_sorted_append_frontier,1,825300,48800,412000,155000,0,10400,107800,3200032,3,0
i64,identical,100000,1,A_packed_fenwick,1,859100,49000,390200,96600,128100,0,99100,4000000,4,0
i64,identical,100000,1,B_indirect_fenwick,2,540800,49300,13300,150000,215000,0,112800,2400000,4,0
i64,identical,100000,1,C_packed_segment,2,955000,49200,378700,96300,248200,0,93500,4000000,4,0
i64,identical,100000,1,D_frontier,2,729700,49100,377200,97500,0,10000,106800,3200032,3,0
i64,identical,100000,1,D_sorted_frontier,2,747700,49200,399800,98500,0,9300,106700,3200032,3,0
i64,identical,100000,1,D_append_frontier,2,707000,49100,355200,96500,0,9300,107000,3200032,3,0
i64,identical,100000,1,D_sorted_append_frontier,2,749300,49000,393900,103300,0,9800,107300,3200032,3,0
i64,identical,100000,1,A_packed_fenwick,2,828700,49000,350600,96400,133100,0,99200,4000000,4,0
i64,identical,100000,1,A_sorted_fenwick,2,955500,49200,436400,98600,127500,0,131100,4000000,4,0
i64,identical,100000,1,C_packed_segment,3,867900,73500,366500,97100,129100,0,93600,4000000,4,0
i64,identical,100000,1,D_frontier,3,742000,51300,392500,96300,0,10000,107200,3200032,3,0
i64,identical,100000,1,D_sorted_frontier,3,704300,49000,349000,98700,0,9200,107700,3200032,3,0
i64,identical,100000,1,D_append_frontier,3,756600,49000,411900,96200,0,9400,107100,3200032,3,0
i64,identical,100000,1,D_sorted_append_frontier,3,725200,49000,362900,98400,0,9300,106800,3200032,3,0
i64,identical,100000,1,A_packed_fenwick,3,864200,49300,408200,96500,128000,0,99100,4000000,4,0
i64,identical,100000,1,A_sorted_fenwick,3,869600,53900,368600,108800,128500,0,113700,4000000,4,0
i64,identical,100000,1,B_indirect_fenwick,3,537100,49200,13400,149500,211800,0,112800,2400000,4,0
i64,identical,100000,1,D_frontier,4,705700,49100,354400,103000,0,10100,107900,3200032,3,0
i64,identical,100000,1,D_sorted_frontier,4,706700,49100,352700,98900,0,9300,107000,3200032,3,0
i64,identical,100000,1,D_append_frontier,4,927700,49000,430500,169500,0,11700,156600,3200032,3,0
i64,identical,100000,1,D_sorted_append_frontier,4,1015700,80700,474900,170000,0,18300,150900,3200032,3,0
i64,identical,100000,1,A_packed_fenwick,4,1381900,64500,523500,163400,373700,0,153400,4000000,4,0
i64,identical,100000,1,A_sorted_fenwick,4,1225200,66700,466500,173500,246000,0,151400,4000000,4,0
i64,identical,100000,1,B_indirect_fenwick,4,841600,79600,22400,221800,339400,0,177600,2400000,4,0
i64,identical,100000,1,C_packed_segment,4,1459400,83300,493000,187900,415100,0,166900,4000000,4,0
date32,identical,100000,1,A_packed_fenwick,0,724500,49000,285600,96500,144600,0,87600,2800000,4,0
date32,identical,100000,1,A_sorted_fenwick,0,767600,49000,281800,122500,154000,0,87700,2800000,4,0
date32,identical,100000,1,B_indirect_fenwick,0,598100,49100,12900,169500,255700,0,110300,2000000,4,0
date32,identical,100000,1,C_packed_segment,0,706600,49000,269500,101700,143800,0,87700,2800000,4,0
date32,identical,100000,1,D_frontier,0,583700,49000,263600,96100,0,9500,112200,2400016,3,0
date32,identical,100000,1,D_sorted_frontier,0,615000,49000,284400,98200,0,9400,105600,2400016,3,0
date32,identical,100000,1,D_append_frontier,0,625700,49000,309400,96300,0,9500,105400,2400016,3,0
date32,identical,100000,1,D_sorted_append_frontier,0,624600,49000,285300,98200,0,9400,105900,2400016,3,0
date32,identical,100000,1,A_sorted_fenwick,1,775300,49000,284300,122500,145200,0,105000,2800000,4,0
date32,identical,100000,1,B_indirect_fenwick,1,464100,48900,12800,147700,143900,0,109900,2000000,4,0
date32,identical,100000,1,C_packed_segment,1,729600,49000,282600,96300,143500,0,87600,2800000,4,0
date32,identical,100000,1,D_frontier,1,589500,48900,273000,96900,0,9500,106100,2400016,3,0
date32,identical,100000,1,D_sorted_frontier,1,863600,49400,376700,184200,0,12700,151400,2400016,3,0
date32,identical,100000,1,D_append_frontier,1,696900,89200,317900,103600,0,9900,110800,2400016,3,0
date32,identical,100000,1,D_sorted_append_frontier,1,588400,49000,267200,98200,0,9500,105300,2400016,3,0
date32,identical,100000,1,A_packed_fenwick,1,709500,49000,263700,100100,145600,0,87500,2800000,4,0
date32,identical,100000,1,B_indirect_fenwick,2,470300,49100,12800,147900,144500,0,115500,2000000,4,0
date32,identical,100000,1,C_packed_segment,2,718800,49000,278900,96300,143700,0,87600,2800000,4,0
date32,identical,100000,1,D_frontier,2,618900,49000,260800,98900,0,9700,146000,2400016,3,0
date32,identical,100000,1,D_sorted_frontier,2,599300,49300,259500,98700,0,9500,106100,2400016,3,0
date32,identical,100000,1,D_append_frontier,2,602300,49400,284200,96900,0,9500,106200,2400016,3,0
date32,identical,100000,1,D_sorted_append_frontier,2,605500,49300,279800,98800,0,9400,106200,2400016,3,0
date32,identical,100000,1,A_packed_fenwick,2,736200,49300,279300,96900,145800,0,88200,2800000,4,0
date32,identical,100000,1,A_sorted_fenwick,2,841800,49300,345400,145100,145500,0,87900,2800000,4,0
date32,identical,100000,1,C_packed_segment,3,769700,49100,284900,138400,145400,0,88200,2800000,4,0
date32,identical,100000,1,D_frontier,3,625000,49300,294600,100000,0,11300,107500,2400016,3,0
date32,identical,100000,1,D_sorted_frontier,3,650800,49400,287600,98700,0,9500,135700,2400016,3,0
date32,identical,100000,1,D_append_frontier,3,615200,49200,292200,96400,0,10300,105900,2400016,3,0
date32,identical,100000,1,D_sorted_append_frontier,3,627500,49000,280900,106000,0,9600,121500,2400016,3,0
date32,identical,100000,1,A_packed_fenwick,3,722200,49000,275300,96200,145400,0,87500,2800000,4,0
date32,identical,100000,1,A_sorted_fenwick,3,766700,49100,299200,122400,143700,0,87500,2800000,4,0
date32,identical,100000,1,B_indirect_fenwick,3,473300,49000,12900,152800,147700,0,110400,2000000,4,0
date32,identical,100000,1,D_frontier,4,652000,49000,261700,146800,0,9600,129800,2400016,3,0
date32,identical,100000,1,D_sorted_frontier,4,680900,49000,259000,171300,0,9500,129600,2400016,3,0
date32,identical,100000,1,D_append_frontier,4,598400,49000,277900,100400,0,9600,105400,2400016,3,0
date32,identical,100000,1,D_sorted_append_frontier,4,576600,49000,260600,98200,0,9400,105300,2400016,3,0
date32,identical,100000,1,A_packed_fenwick,4,800000,49000,263300,97000,240300,0,88100,2800000,4,0
date32,identical,100000,1,A_sorted_fenwick,4,900200,49300,299900,122600,279500,0,87600,2800000,4,0
date32,identical,100000,1,B_indirect_fenwick,4,559800,49100,12800,147800,239300,0,110300,2000000,4,0
date32,identical,100000,1,C_packed_segment,4,692900,49100,261600,96200,143600,0,87400,2800000,4,0
i64,identical,100000,10,A_packed_fenwick,0,503100,49700,84700,97600,147600,16700,101400,1200000,41,0
i64,identical,100000,10,A_sorted_fenwick,0,770900,55300,147500,126200,248300,64700,124200,1200000,41,0
i64,identical,100000,10,B_indirect_fenwick,0,750100,52500,34100,151500,251300,141400,115200,1040000,41,0
i64,identical,100000,10,C_packed_segment,0,597000,49900,78100,98100,254400,16900,95300,1200000,41,0
i64,identical,100000,10,D_frontier,0,362600,49900,77800,97900,0,25900,106900,1120032,31,0
i64,identical,100000,10,D_sorted_frontier,0,366800,50000,77600,102600,0,26100,106800,1120032,31,0
i64,identical,100000,10,D_append_frontier,0,471600,49600,133900,98200,0,78400,107300,1120032,31,0
i64,identical,100000,10,D_sorted_append_frontier,0,572500,50800,141600,101900,0,166200,107600,1120032,31,0
i64,identical,100000,10,A_sorted_fenwick,1,583300,49500,77400,100500,233100,17300,101200,1200000,41,0
i64,identical,100000,10,B_indirect_fenwick,1,744600,50000,34300,151500,251400,137600,115500,1040000,41,0
i64,identical,100000,10,C_packed_segment,1,619000,53800,80800,104100,256000,17700,102000,1200000,41,0
i64,identical,100000,10,D_frontier,1,483400,50500,141700,100600,0,79100,106900,1120032,31,0
i64,identical,100000,10,D_sorted_frontier,1,583800,49800,141200,106500,0,173600,107100,1120032,31,0
i64,identical,100000,10,D_append_frontier,1,373700,51200,78400,106300,0,27200,107400,1120032,31,0
i64,identical,100000,10,D_sorted_append_frontier,1,361900,49300,76900,99500,0,25500,106200,1120032,31,0
i64,identical,100000,10,A_packed_fenwick,1,505500,50000,77900,97300,152100,17800,105700,1200000,41,0
i64,identical,100000,10,B_indirect_fenwick,2,477700,49800,14400,150400,127200,16800,114600,1040000,41,0
i64,identical,100000,10,C_packed_segment,2,701800,49800,134900,105100,168700,144300,94600,1200000,41,0
i64,identical,100000,10,D_frontier,2,361000,49300,77000,97700,0,26600,106400,1120032,31,0
i64,identical,100000,10,D_sorted_frontier,2,571500,49600,135800,100700,0,175400,106700,1120032,31,0
i64,identical,100000,10,D_append_frontier,2,360100,49500,77100,97600,0,25900,106300,1120032,31,0
i64,identical,100000,10,D_sorted_append_frontier,2,390900,49900,81800,99400,0,49900,106100,1120032,31,0
i64,identical,100000,10,A_packed_fenwick,2,729800,49300,134200,97100,167400,176900,100800,1200000,41,0
i64,identical,100000,10,A_sorted_fenwick,2,477100,49600,77000,99600,129100,16800,100800,1200000,41,0
i64,identical,100000,10,C_packed_segment,3,483400,49400,77200,105400,135400,16400,94500,1200000,41,0
i64,identical,100000,10,D_frontier,3,360300,49600,76700,97200,0,26100,106900,1120032,31,0
i64,identical,100000,10,D_sorted_frontier,3,497800,49700,152800,103100,0,80300,106900,1120032,31,0
i64,identical,100000,10,D_append_frontier,3,566100,49800,137200,97100,0,171700,106200,1120032,31,0
i64,identical,100000,10,D_sorted_append_frontier,3,362800,49400,77000,99500,0,26100,106400,1120032,31,0
i64,identical,100000,10,A_packed_fenwick,3,551300,49700,77000,105400,146900,16800,151300,1200000,41,0
i64,identical,100000,10,A_sorted_fenwick,3,707700,50900,136700,101500,169600,142900,102100,1200000,41,0
i64,identical,100000,10,B_indirect_fenwick,3,487100,53200,15200,152100,128300,17000,117600,1040000,41,0
i64,identical,100000,10,D_frontier,4,577700,49900,148100,98100,0,170300,106800,1120032,31,0
i64,identical,100000,10,D_sorted_frontier,4,364400,49900,77500,100200,0,26000,107100,1120032,31,0
i64,identical,100000,10,D_append_frontier,4,362000,49900,77300,98100,0,25800,106700,1120032,31,0
i64,identical,100000,10,D_sorted_append_frontier,4,364200,49900,77800,100200,0,25500,106900,1120032,31,0
i64,identical,100000,10,A_packed_fenwick,4,562900,49400,77500,97900,156700,16800,159700,1200000,41,0
i64,identical,100000,10,A_sorted_fenwick,4,552300,49700,77500,100500,129700,16900,173500,1200000,41,0
i64,identical,100000,10,B_indirect_fenwick,4,646900,50000,33600,151500,165000,128100,115100,1040000,41,0
i64,identical,100000,10,C_packed_segment,4,514900,49900,77900,98100,168400,16700,99500,1200000,41,0
i64,identical,100000,100,A_packed_fenwick,0,673900,53500,93300,103100,139300,139500,110200,840000,401,0
i64,identical,100000,100,A_sorted_fenwick,0,769800,56500,101200,118200,166100,166600,122600,840000,401,0
i64,identical,100000,100,B_indirect_fenwick,0,724300,54900,18900,155000,137600,138900,192300,824000,401,0
i64,identical,100000,100,C_packed_segment,0,555000,56100,100800,102500,143700,18900,98000,840000,401,0
i64,identical,100000,100,D_frontier,0,544700,53400,93000,102100,0,152000,111200,832032,301,0
i64,identical,100000,100,D_sorted_frontier,0,560700,53600,93300,109100,0,156900,113800,832032,301,0
i64,identical,100000,100,D_append_frontier,0,549600,53600,92000,102100,0,154600,113300,832032,301,0
i64,identical,100000,100,D_sorted_append_frontier,0,560000,53200,92900,105300,0,156500,112400,832032,301,0
i64,identical,100000,100,A_sorted_fenwick,1,677900,53500,93300,109900,139500,139700,108400,840000,401,0
i64,identical,100000,100,B_indirect_fenwick,1,721300,53900,18900,155700,138400,140200,186700,824000,401,0
i64,identical,100000,100,C_packed_segment,1,546800,54900,96400,103600,140600,17900,97700,840000,401,0
i64,identical,100000,100,D_frontier,1,552100,53500,92600,102600,0,156100,113100,832032,301,0
i64,identical,100000,100,D_sorted_frontier,1,554500,52700,92800,105600,0,155800,112300,832032,301,0
i64,identical,100000,100,D_append_frontier,1,557000,59100,94900,103700,0,151000,114100,832032,301,0
i64,identical,100000,100,D_sorted_append_frontier,1,546200,52700,95200,106100,0,146400,112100,832032,301,0
i64,identical,100000,100,A_packed_fenwick,1,676600,53500,94100,103300,142600,138200,110200,840000,401,0
i64,identical,100000,100,B_indirect_fenwick,2,722000,54600,19000,162500,135100,136100,185600,824000,401,0
i64,identical,100000,100,C_packed_segment,2,616600,64700,106300,113900,165700,21200,107000,840000,401,0
i64,identical,100000,100,D_frontier,2,550500,52400,93100,103200,0,154800,111700,832032,301,0
i64,identical,100000,100,D_sorted_frontier,2,557900,53500,92600,105500,0,156400,113300,832032,301,0
i64,identical,100000,100,D_append_frontier,2,590100,54800,94700,135500,0,157900,113100,832032,301,0
i64,identical,100000,100,D_sorted_append_frontier,2,553000,53200,91700,105500,0,155900,111000,832032,301,0
i64,identical,100000,100,A_packed_fenwick,2,684600,54600,93800,103200,141300,148300,108800,840000,401,0
i64,identical,100000,100,A_sorted_fenwick,2,675800,53800,93700,105200,140600,139800,108500,840000,401,0
i64,identical,100000,100,C_packed_segment,3,686000,55700,95200,108500,144400,147900,99200,840000,401,0
i64,identical,100000,100,D_frontier,3,549200,53000,93100,103000,0,153300,111700,832032,301,0
i64,identical,100000,100,D_sorted_frontier,3,548700,53700,94000,105400,0,150100,112100,832032,301,0
i64,identical,100000,100,D_append_frontier,3,579200,53400,95100,117200,0,159000,116300,832032,301,0
i64,identical,100000,100,D_sorted_append_frontier,3,551000,54300,92800,105800,0,151000,112800,832032,301,0
i64,identical,100000,100,A_packed_fenwick,3,674100,53900,93600,103100,139600,139200,108700,840000,401,0
i64,identical,100000,100,A_sorted_fenwick,3,684400,61500,92900,107100,141100,139100,108600,840000,401,0
i64,identical,100000,100,B_indirect_fenwick,3,737200,56100,19100,157900,172400,141500,165400,824000,401,0
i64,identical,100000,100,D_frontier,4,427500,53200,93800,102300,0,30200,112500,832032,301,0
i64,identical,100000,100,D_sorted_frontier,4,559500,53000,98700,105400,0,154800,112800,832032,301,0
i64,identical,100000,100,D_append_frontier,4,550500,53000,92800,102500,0,154300,112700,832032,301,0
i64,identical,100000,100,D_sorted_append_frontier,4,555200,53800,93800,106200,0,156500,112400,832032,301,0
i64,identical,100000,100,A_packed_fenwick,4,679300,53200,97600,102100,140500,141500,107900,840000,401,0
i64,identical,100000,100,A_sorted_fenwick,4,723500,53200,93100,105500,174500,153100,108400,840000,401,0
i64,identical,100000,100,B_indirect_fenwick,4,691600,55100,18600,155400,134800,129300,171300,824000,401,0
i64,identical,100000,100,C_packed_segment,4,547900,54400,95100,102300,141600,23100,96700,840000,401,0
i64,identical,100000,1000,A_packed_fenwick,0,1202600,90000,146200,145400,284100,62100,193300,804000,4001,0
i64,identical,100000,1000,A_sorted_fenwick,0,1143200,87700,126200,143900,265400,59700,186500,804000,4001,0
i64,identical,100000,1000,B_indirect_fenwick,0,1136800,96400,69100,193900,263500,59600,191300,802400,4001,0
i64,identical,100000,1000,C_packed_segment,0,1173900,95900,135000,144100,284800,58600,170700,804000,4001,0
i64,identical,100000,1000,D_frontier,0,936300,88500,125700,138500,0,118600,189500,803232,3001,0
i64,identical,100000,1000,D_sorted_frontier,0,971900,87300,123500,145100,0,118300,192500,803232,3001,0
i64,identical,100000,1000,D_append_frontier,0,934200,86000,123900,138700,0,118100,188100,803232,3001,0
i64,identical,100000,1000,D_sorted_append_frontier,0,937000,87700,123900,143800,0,119300,185300,803232,3001,0
i64,identical,100000,1000,A_sorted_fenwick,1,1143200,86200,124600,143800,268300,59900,183600,804000,4001,0
i64,identical,100000,1000,B_indirect_fenwick,1,1155000,98000,67400,198700,265600,60900,192100,802400,4001,0
i64,identical,100000,1000,C_packed_segment,1,1160500,94300,135200,143900,277100,59100,167900,804000,4001,0
i64,identical,100000,1000,D_frontier,1,942700,86500,125100,146100,0,119500,189400,803232,3001,0
i64,identical,100000,1000,D_sorted_frontier,1,962400,88400,127600,148300,0,122000,194900,803232,3001,0
i64,identical,100000,1000,D_append_frontier,1,946400,87100,124700,139800,0,118900,196300,803232,3001,0
i64,identical,100000,1000,D_sorted_append_frontier,1,947600,88400,126100,143400,0,120700,189700,803232,3001,0
i64,identical,100000,1000,A_packed_fenwick,1,1146000,87100,130200,139100,266800,59300,187800,804000,4001,0
i64,identical,100000,1000,B_indirect_fenwick,2,1131100,97000,68600,192900,263500,59000,182200,802400,4001,0
i64,identical,100000,1000,C_packed_segment,2,1162100,93500,136600,145900,275400,62900,169700,804000,4001,0
i64,identical,100000,1000,D_frontier,2,927500,87900,124100,137800,0,117400,187400,803232,3001,0
i64,identical,100000,1000,D_sorted_frontier,2,961200,85700,122500,142900,0,124900,187900,803232,3001,0
i64,identical,100000,1000,D_append_frontier,2,926000,87100,123400,138800,0,119100,186500,803232,3001,0
i64,identical,100000,1000,D_sorted_append_frontier,2,937900,86600,125100,142400,0,117600,184800,803232,3001,0
i64,identical,100000,1000,A_packed_fenwick,2,1129200,86800,123900,139900,268200,58700,181500,804000,4001,0
i64,identical,100000,1000,A_sorted_fenwick,2,1140500,86800,124300,149200,265800,58000,182800,804000,4001,0
i64,identical,100000,1000,C_packed_segment,3,1177000,95200,139400,144500,290100,58600,173400,804000,4001,0
i64,identical,100000,1000,D_frontier,3,927100,85800,123700,137900,0,118800,187300,803232,3001,0
i64,identical,100000,1000,D_sorted_frontier,3,936300,85000,123700,144800,0,122200,187400,803232,3001,0
i64,identical,100000,1000,D_append_frontier,3,925000,86300,123100,137300,0,117500,185600,803232,3001,0
i64,identical,100000,1000,D_sorted_append_frontier,3,931900,86300,122000,143700,0,123200,185900,803232,3001,0
i64,identical,100000,1000,A_packed_fenwick,3,1139400,88700,123800,140200,266200,58800,183600,804000,4001,0
i64,identical,100000,1000,A_sorted_fenwick,3,1138800,85700,124600,143400,271100,58300,182100,804000,4001,0
i64,identical,100000,1000,B_indirect_fenwick,3,1119200,94900,67800,189900,258700,58700,177900,802400,4001,0
i64,identical,100000,1000,D_frontier,4,931800,87500,125200,137700,0,121300,185400,803232,3001,0
i64,identical,100000,1000,D_sorted_frontier,4,943200,86500,123900,144300,0,116000,186500,803232,3001,0
i64,identical,100000,1000,D_append_frontier,4,933500,85600,122300,139900,0,117300,193000,803232,3001,0
i64,identical,100000,1000,D_sorted_append_frontier,4,934500,88100,123800,143000,0,118500,185900,803232,3001,0
i64,identical,100000,1000,A_packed_fenwick,4,1146800,86400,124800,141900,272700,58800,187900,804000,4001,0
i64,identical,100000,1000,A_sorted_fenwick,4,1140500,86100,125800,144000,269600,59300,183100,804000,4001,0
i64,identical,100000,1000,B_indirect_fenwick,4,1119700,95800,68500,190900,258300,59600,180000,802400,4001,0
i64,identical,100000,1000,C_packed_segment,4,1163600,95100,133900,144100,275900,58200,171400,804000,4001,0
i64,identical,1000000,1,A_packed_fenwick,0,16009000,877700,4242600,2227400,4116800,0,3546300,40000000,4,0
i64,identical,1000000,1,A_sorted_fenwick,0,16098100,1038000,4271200,2104100,4181900,0,3548900,40000000,4,0
i64,identical,1000000,1,B_indirect_fenwick,0,10728600,1071500,1267100,1725400,4025000,0,2265100,24000000,4,0
i64,identical,1000000,1,C_packed_segment,0,16244300,954800,4022100,2319800,4341600,0,3605900,40000000,4,0
i64,identical,1000000,1,D_frontier,0,12159100,980900,4418700,1900800,0,68800,3815100,32000032,3,0
i64,identical,1000000,1,D_sorted_frontier,0,12321900,966100,4309100,2100900,0,30300,3954800,32000032,3,0
i64,identical,1000000,1,D_append_frontier,0,11843800,1030400,4046800,1941900,0,29800,3846800,32000032,3,0
i64,identical,1000000,1,D_sorted_append_frontier,0,12571900,1008200,4057000,2080600,0,45200,4421900,32000032,3,0
i64,identical,1000000,1,A_sorted_fenwick,1,16704100,1036500,4359000,2113300,4306200,0,3926400,40000000,4,0
i64,identical,1000000,1,B_indirect_fenwick,1,11479300,981300,1343600,2072300,4017100,0,2667600,24000000,4,0
i64,identical,1000000,1,C_packed_segment,1,15381100,958000,4045100,1951400,4092800,0,3392000,40000000,4,0
i64,identical,1000000,1,D_frontier,1,11834600,984600,4040100,1996000,0,34800,3827500,32000032,3,0
i64,identical,1000000,1,D_sorted_frontier,1,11894900,964400,4079700,1906600,0,29500,3946600,32000032,3,0
i64,identical,1000000,1,D_append_frontier,1,11970000,1003100,4140300,1905200,0,37800,3909900,32000032,3,0
i64,identical,1000000,1,D_sorted_append_frontier,1,11869200,973000,4086200,1953300,0,31500,3882100,32000032,3,0
i64,identical,1000000,1,A_packed_fenwick,1,15665200,969200,4117100,1899200,4022100,0,3682300,40000000,4,0
i64,identical,1000000,1,B_indirect_fenwick,2,10535000,988300,1088800,1690800,4109300,0,2294500,24000000,4,0
i64,identical,1000000,1,C_packed_segment,2,15278400,963500,4078300,1900700,3999400,0,3383700,40000000,4,0
i64,identical,1000000,1,D_frontier,2,11815000,961300,4030800,1957100,0,24700,3845700,32000032,3,0
i64,identical,1000000,1,D_sorted_frontier,2,11830000,975200,4044500,1915000,0,28100,3911000,32000032,3,0
i64,identical,1000000,1,D_append_frontier,2,11736100,1016000,4047800,1894400,0,29400,3821700,32000032,3,0
i64,identical,1000000,1,D_sorted_append_frontier,2,11775100,1005300,4100200,1895200,0,31700,3796000,32000032,3,0
i64,identical,1000000,1,A_packed_fenwick,2,15259100,992600,4080200,1892500,3971500,0,3400400,40000000,4,0
i64,identical,1000000,1,A_sorted_fenwick,2,16202900,905400,4200400,1905700,4023000,0,4072700,40000000,4,0
i64,identical,1000000,1,C_packed_segment,3,17348100,1120000,5118000,2150100,4163300,0,3819900,40000000,4,0
i64,identical,1000000,1,D_frontier,3,11904300,946600,4105800,1912600,0,27200,3973000,32000032,3,0
i64,identical,1000000,1,D_sorted_frontier,3,11848600,1062300,4081800,1909300,0,36100,3822700,32000032,3,0
i64,identical,1000000,1,D_append_frontier,3,11796200,960000,4027100,1914900,0,30700,3905400,32000032,3,0
i64,identical,1000000,1,D_sorted_append_frontier,3,12859400,980600,4110400,1899400,0,34300,4703000,32000032,3,0
i64,identical,1000000,1,A_packed_fenwick,3,18649900,1142700,5042000,2184500,5148900,0,3940300,40000000,4,0
i64,identical,1000000,1,A_sorted_fenwick,3,15396300,969400,4077100,1914400,4051100,0,3435800,40000000,4,0
i64,identical,1000000,1,B_indirect_fenwick,3,10393300,974900,1055000,1643500,4061000,0,2288100,24000000,4,0
i64,identical,1000000,1,D_frontier,4,11745100,958500,4079100,1900900,0,34600,3834600,32000032,3,0
i64,identical,1000000,1,D_sorted_frontier,4,11935100,1055800,4119400,1960600,0,36900,3810800,32000032,3,0
i64,identical,1000000,1,D_append_frontier,4,11813500,939700,4122200,1897300,0,33000,3868700,32000032,3,0
i64,identical,1000000,1,D_sorted_append_frontier,4,11784500,976900,4063700,1913700,0,29000,3852200,32000032,3,0
i64,identical,1000000,1,A_packed_fenwick,4,15334200,971300,4037100,1992200,3991300,0,3380400,40000000,4,0
i64,identical,1000000,1,A_sorted_fenwick,4,15365900,951400,4111900,1907000,3994600,0,3427500,40000000,4,0
i64,identical,1000000,1,B_indirect_fenwick,4,10358100,859300,1095200,1688400,4048600,0,2314800,24000000,4,0
i64,identical,1000000,1,C_packed_segment,4,15459200,970500,4069100,1978500,4001900,0,3502800,40000000,4,0
i64,identical,3000000,1,A_packed_fenwick,0,46615200,2511300,12895600,5554600,12816300,0,10172900,120000000,4,0
i64,identical,3000000,1,A_sorted_fenwick,0,47569700,2873100,12623500,5608700,13221200,0,10609100,120000000,4,0
i64,identical,3000000,1,B_indirect_fenwick,0,32365100,2816300,3213400,5316700,12882200,0,7166600,72000000,4,0
i64,identical,3000000,1,C_packed_segment,0,46539900,2819300,12676500,5603800,12671000,0,10146400,120000000,4,0
i64,identical,3000000,1,D_frontier,0,35581500,2818800,12682100,5555100,0,44100,11841500,96000032,3,0
i64,identical,3000000,1,D_sorted_frontier,0,35828500,2795100,12865500,5613700,0,41500,11883100,96000032,3,0
i64,identical,3000000,1,D_append_frontier,0,39817300,2803500,13389000,6451200,0,43500,13882900,96000032,3,0
i64,identical,3000000,1,D_sorted_append_frontier,0,36775400,3233300,13132400,5652100,0,41100,12064000,96000032,3,0
i64,identical,3000000,1,A_sorted_fenwick,1,47412700,3043000,13149800,5620000,12819300,0,10159400,120000000,4,0
i64,identical,3000000,1,B_indirect_fenwick,1,32866200,2830600,3266300,5194200,13016500,0,7549500,72000000,4,0
i64,identical,3000000,1,C_packed_segment,1,50593700,3118000,14671300,6128400,13860700,0,10166500,120000000,4,0
i64,identical,3000000,1,D_frontier,1,36226800,2866200,12921000,5622900,0,42600,12036900,96000032,3,0
i64,identical,3000000,1,D_sorted_frontier,1,41299500,3281900,13955400,6361200,0,26800,14478900,96000032,3,0
i64,identical,3000000,1,D_append_frontier,1,37844500,3065200,13189500,5907300,0,53300,12799400,96000032,3,0
i64,identical,3000000,1,D_sorted_append_frontier,1,36943100,2937300,13153300,5748300,0,42400,12338000,96000032,3,0
i64,identical,3000000,1,A_packed_fenwick,1,48706400,3023900,13905700,5790700,12898600,0,10435100,120000000,4,0
i64,identical,3000000,1,B_indirect_fenwick,2,32236100,2905300,3227200,5142700,12987000,0,6986600,72000000,4,0
i64,identical,3000000,1,C_packed_segment,2,47129200,2780900,12774400,5531700,12913800,0,10428000,120000000,4,0
i64,identical,3000000,1,D_frontier,2,35878300,2791900,12777100,5593300,0,40600,12051900,96000032,3,0
i64,identical,3000000,1,D_sorted_frontier,2,35748700,2816500,12635200,5616300,0,45600,11967400,96000032,3,0
i64,identical,3000000,1,D_append_frontier,2,35944700,2850300,12912800,5532600,0,42200,11965600,96000032,3,0
i64,identical,3000000,1,D_sorted_append_frontier,2,36009800,2831100,12666800,5811900,0,42800,11946800,96000032,3,0
i64,identical,3000000,1,A_packed_fenwick,2,48179900,2801600,12946000,5576100,12798600,0,11123500,120000000,4,0
i64,identical,3000000,1,A_sorted_fenwick,2,51300700,3297100,14745800,6418700,13629400,0,10414500,120000000,4,0
i64,identical,3000000,1,C_packed_segment,3,49923900,2885300,14000100,5850300,13946400,0,10538400,120000000,4,0
i64,identical,3000000,1,D_frontier,3,37572300,2948100,13345800,5792500,0,41500,12732000,96000032,3,0
i64,identical,3000000,1,D_sorted_frontier,3,38205200,2958900,13085100,5790000,0,43600,12610500,96000032,3,0
i64,identical,3000000,1,D_append_frontier,3,36058700,2792800,12657500,5784500,0,42900,12144700,96000032,3,0
i64,identical,3000000,1,D_sorted_append_frontier,3,38129000,2936600,12809000,6216500,0,45600,13251100,96000032,3,0
i64,identical,3000000,1,A_packed_fenwick,3,53720500,3088000,14531300,6288700,15350900,0,11368100,120000000,4,0
i64,identical,3000000,1,A_sorted_fenwick,3,49493600,3147200,14480400,5758800,13094400,0,10349300,120000000,4,0
i64,identical,3000000,1,B_indirect_fenwick,3,32541100,2879000,3227100,5188300,13070900,0,7126900,72000000,4,0
i64,identical,3000000,1,D_frontier,4,35795300,2843600,12711300,5565800,0,40200,11960900,96000032,3,0
i64,identical,3000000,1,D_sorted_frontier,4,35879800,2850500,12693800,5557500,0,43900,12101400,96000032,3,0
i64,identical,3000000,1,D_append_frontier,4,35868300,2812700,12759100,5604000,0,35000,11939100,96000032,3,0
i64,identical,3000000,1,D_sorted_append_frontier,4,36326600,2821600,12728800,5566200,0,43400,12462700,96000032,3,0
i64,identical,3000000,1,A_packed_fenwick,4,47514300,3008900,13042100,5544600,12957200,0,10334800,120000000,4,0
i64,identical,3000000,1,A_sorted_fenwick,4,48160300,2861800,12821200,5615000,13634500,0,10528500,120000000,4,0
i64,identical,3000000,1,B_indirect_fenwick,4,33824900,2893000,3661900,5281300,13978300,0,7053300,72000000,4,0
i64,identical,3000000,1,C_packed_segment,4,47593700,2889200,12720100,5560800,13483300,0,10232000,120000000,4,0
i64,duplicate_chain,1000,1,A_packed_fenwick,0,49300,600,1200,23900,19900,0,3200,40000,4,124
i64,duplicate_chain,1000,1,A_sorted_fenwick,0,47300,600,1200,22900,19100,0,3100,40000,4,124
i64,duplicate_chain,1000,1,B_indirect_fenwick,0,62900,800,300,43600,14900,0,2700,24000,4,124
i64,duplicate_chain,1000,1,C_packed_segment,0,43800,500,900,21300,14700,0,5700,40000,4,124
i64,duplicate_chain,1000,1,D_frontier,0,25300,500,800,20000,0,200,3300,33024,8,124
i64,duplicate_chain,1000,1,D_sorted_frontier,0,23400,500,800,18600,0,100,2900,33024,8,124
i64,duplicate_chain,1000,1,D_append_frontier,0,22300,600,900,18500,0,100,1900,33024,8,124
i64,duplicate_chain,1000,1,D_sorted_append_frontier,0,22100,500,800,18300,0,100,1900,33024,8,124
i64,duplicate_chain,1000,1,A_sorted_fenwick,1,37300,600,900,18200,14600,0,2700,40000,4,124
i64,duplicate_chain,1000,1,B_indirect_fenwick,1,51900,500,200,33800,14600,0,2600,24000,4,124
i64,duplicate_chain,1000,1,C_packed_segment,1,42000,600,900,20100,14500,0,5500,40000,4,124
i64,duplicate_chain,1000,1,D_frontier,1,24000,500,800,19200,0,200,3000,33024,8,124
i64,duplicate_chain,1000,1,D_sorted_frontier,1,23200,500,900,18500,0,200,2800,33024,8,124
i64,duplicate_chain,1000,1,D_append_frontier,1,22100,500,900,18400,0,100,1900,33024,8,124
i64,duplicate_chain,1000,1,D_sorted_append_frontier,1,21900,500,900,18300,0,200,1800,33024,8,124
i64,duplicate_chain,1000,1,A_packed_fenwick,1,37000,500,900,18200,14500,0,2600,40000,4,124
i64,duplicate_chain,1000,1,B_indirect_fenwick,2,49900,700,200,31700,14500,0,2400,24000,4,124
i64,duplicate_chain,1000,1,C_packed_segment,2,41000,500,900,19800,14400,0,4900,40000,4,124
i64,duplicate_chain,1000,1,D_frontier,2,23600,500,900,18900,0,100,2800,33024,8,124
i64,duplicate_chain,1000,1,D_sorted_frontier,2,23100,500,800,18400,0,100,2700,33024,8,124
i64,duplicate_chain,1000,1,D_append_frontier,2,22200,500,900,18400,0,100,1900,33024,8,124
i64,duplicate_chain,1000,1,D_sorted_append_frontier,2,22100,500,900,18300,0,100,1900,33024,8,124
i64,duplicate_chain,1000,1,A_packed_fenwick,2,37000,500,900,18100,14400,0,2600,40000,4,124
i64,duplicate_chain,1000,1,A_sorted_fenwick,2,36800,500,800,18100,14300,0,2500,40000,4,124
i64,duplicate_chain,1000,1,C_packed_segment,3,38800,500,800,18100,14400,0,4500,40000,4,124
i64,duplicate_chain,1000,1,D_frontier,3,91600,500,800,18300,0,200,2800,33024,8,124
i64,duplicate_chain,1000,1,D_sorted_frontier,3,32800,500,10200,18400,0,300,3000,33024,8,124
i64,duplicate_chain,1000,1,D_append_frontier,3,21700,600,900,18000,0,100,1800,33024,8,124
i64,duplicate_chain,1000,1,D_sorted_append_frontier,3,21700,600,800,18000,0,100,1900,33024,8,124
i64,duplicate_chain,1000,1,A_packed_fenwick,3,36700,500,900,18000,14500,0,2400,40000,4,124
i64,duplicate_chain,1000,1,A_sorted_fenwick,3,36500,500,900,18000,14400,0,2300,40000,4,124
i64,duplicate_chain,1000,1,B_indirect_fenwick,3,48400,600,200,30700,14400,0,2400,24000,4,124
i64,duplicate_chain,1000,1,D_frontier,4,23900,500,900,19300,0,200,2700,33024,8,124
i64,duplicate_chain,1000,1,D_sorted_frontier,4,22900,600,900,18400,0,200,2700,33024,8,124
i64,duplicate_chain,1000,1,D_append_frontier,4,21700,600,900,18100,0,100,1800,33024,8,124
i64,duplicate_chain,1000,1,D_sorted_append_frontier,4,21700,500,800,18100,0,100,1800,33024,8,124
i64,duplicate_chain,1000,1,A_packed_fenwick,4,36600,500,800,18000,14400,0,2400,40000,4,124
i64,duplicate_chain,1000,1,A_sorted_fenwick,4,36400,500,800,18000,14300,0,2400,40000,4,124
i64,duplicate_chain,1000,1,B_indirect_fenwick,4,47000,500,200,29300,14300,0,2200,24000,4,124
i64,duplicate_chain,1000,1,C_packed_segment,4,40000,500,900,19100,14400,0,4800,40000,4,124
i64,duplicate_chain,10000,1,A_packed_fenwick,0,883400,5900,10500,474900,353500,0,37500,400000,4,1249
i64,duplicate_chain,10000,1,A_sorted_fenwick,0,863700,8000,11600,463900,344200,0,34600,400000,4,1249
i64,duplicate_chain,10000,1,B_indirect_fenwick,0,1098200,8500,2000,627400,338100,0,46800,240000,4,1249
i64,duplicate_chain,10000,1,C_packed_segment,0,1055700,9200,56900,475100,394000,0,119500,400000,4,1249
i64,duplicate_chain,10000,1,D_frontier,0,578200,6200,11000,510400,0,2100,47800,336384,12,1249
i64,duplicate_chain,10000,1,D_sorted_frontier,0,555900,6200,11100,490900,0,1900,44900,336384,12,1249
i64,duplicate_chain,10000,1,D_append_frontier,0,573800,5100,10000,530700,0,2400,24600,336384,12,1249
i64,duplicate_chain,10000,1,D_sorted_append_frontier,0,550800,8000,11300,507000,0,2100,21600,336384,12,1249
i64,duplicate_chain,10000,1,A_sorted_fenwick,1,842800,5600,10300,470200,320900,0,34600,400000,4,1249
i64,duplicate_chain,10000,1,B_indirect_fenwick,1,740200,8400,2700,466600,230600,0,31000,240000,4,1249
i64,duplicate_chain,10000,1,C_packed_segment,1,704700,5000,7900,365400,248600,0,77300,400000,4,1249
i64,duplicate_chain,10000,1,D_frontier,1,414100,4900,7800,363700,0,1100,35800,336384,12,1249
i64,duplicate_chain,10000,1,D_sorted_frontier,1,412500,4900,7700,362500,0,1000,35700,336384,12,1249
i64,duplicate_chain,10000,1,D_append_frontier,1,396600,5000,7700,367400,0,1200,14900,336384,12,1249
i64,duplicate_chain,10000,1,D_sorted_append_frontier,1,390700,5000,7800,361300,0,1000,15300,336384,12,1249
i64,duplicate_chain,10000,1,A_packed_fenwick,1,652400,4900,7800,369000,244600,0,25200,400000,4,1249
i64,duplicate_chain,10000,1,B_indirect_fenwick,2,716900,5000,1600,427600,251100,0,31100,240000,4,1249
i64,duplicate_chain,10000,1,C_packed_segment,2,694600,4900,7800,364000,235400,0,81900,400000,4,1249
i64,duplicate_chain,10000,1,D_frontier,2,420500,5000,7700,369700,0,1900,35200,336384,12,1249
i64,duplicate_chain,10000,1,D_sorted_frontier,2,410900,5000,7800,361600,0,1100,35000,336384,12,1249
i64,duplicate_chain,10000,1,D_append_frontier,2,414800,5000,7800,384800,0,1100,15500,336384,12,1249
i64,duplicate_chain,10000,1,D_sorted_append_frontier,2,391300,5000,7700,362100,0,1000,14900,336384,12,1249
i64,duplicate_chain,10000,1,A_packed_fenwick,2,650100,5000,7800,361800,249700,0,25100,400000,4,1249
i64,duplicate_chain,10000,1,A_sorted_fenwick,2,646800,4900,7800,363300,244400,0,25800,400000,4,1249
i64,duplicate_chain,10000,1,C_packed_segment,3,696100,6100,8400,368800,236700,0,75600,400000,4,1249
i64,duplicate_chain,10000,1,D_frontier,3,477000,5000,46200,368700,0,21400,35100,336384,12,1249
i64,duplicate_chain,10000,1,D_sorted_frontier,3,411700,5000,7800,362300,0,1100,35100,336384,12,1249
i64,duplicate_chain,10000,1,D_append_frontier,3,396700,5000,7800,365900,0,1200,16400,336384,12,1249
i64,duplicate_chain,10000,1,D_sorted_append_frontier,3,470200,5000,7700,440700,0,1200,15000,336384,12,1249
i64,duplicate_chain,10000,1,A_packed_fenwick,3,654300,5000,7800,362400,249500,0,29000,400000,4,1249
i64,duplicate_chain,10000,1,A_sorted_fenwick,3,637600,4900,7800,363500,236400,0,24500,400000,4,1249
i64,duplicate_chain,10000,1,B_indirect_fenwick,3,701600,5000,1500,437100,227000,0,30500,240000,4,1249
i64,duplicate_chain,10000,1,D_frontier,4,409700,4900,7600,360800,0,1000,34700,336384,12,1249
i64,duplicate_chain,10000,1,D_sorted_frontier,4,435700,4900,7700,385100,0,2000,34900,336384,12,1249
i64,duplicate_chain,10000,1,D_append_frontier,4,388400,4900,7800,359200,0,1000,14800,336384,12,1249
i64,duplicate_chain,10000,1,D_sorted_append_frontier,4,397000,5000,7700,368100,0,1100,14600,336384,12,1249
i64,duplicate_chain,10000,1,A_packed_fenwick,4,641600,4900,7800,360100,243300,0,24900,400000,4,1249
i64,duplicate_chain,10000,1,A_sorted_fenwick,4,634600,4900,7700,360300,236900,0,24200,400000,4,1249
i64,duplicate_chain,10000,1,B_indirect_fenwick,4,714300,5000,1600,425100,251300,0,30800,240000,4,1249
i64,duplicate_chain,10000,1,C_packed_segment,4,697100,4900,7700,362400,240700,0,80900,400000,4,1249
i64,duplicate_chain,100000,1,A_packed_fenwick,0,8610300,49500,388800,4195100,3559000,0,323900,4000000,4,12499
i64,duplicate_chain,100000,1,A_sorted_fenwick,0,8358600,54400,375200,4168200,3334300,0,324200,4000000,4,12499
i64,duplicate_chain,100000,1,B_indirect_fenwick,0,9523700,49700,14200,5493500,3533200,0,432500,2400000,4,12499
i64,duplicate_chain,100000,1,C_packed_segment,0,9266000,49400,362100,4208700,3507700,0,1052700,4000000,4,12499
i64,duplicate_chain,100000,1,D_frontier,0,5206900,49700,355100,4237100,0,15100,449100,3331072,15,12499
i64,duplicate_chain,100000,1,D_sorted_frontier,0,5149100,50700,418100,4140300,0,9900,444000,3331072,15,12499
i64,duplicate_chain,100000,1,D_append_frontier,0,4813100,49300,349400,4142800,0,10100,165700,3331072,15,12499
i64,duplicate_chain,100000,1,D_sorted_append_frontier,0,4899700,48900,399800,4179300,0,11200,165400,3331072,15,12499
i64,duplicate_chain,100000,1,A_sorted_fenwick,1,8337000,48800,349000,4200800,3321500,0,316900,4000000,4,12499
i64,duplicate_chain,100000,1,B_indirect_fenwick,1,9389500,50700,13900,5427300,3462700,0,434000,2400000,4,12499
i64,duplicate_chain,100000,1,C_packed_segment,1,9145900,49200,350500,4132600,3453400,0,1075300,4000000,4,12499
i64,duplicate_chain,100000,1,D_frontier,1,5140600,49200,355900,4160600,0,17600,454800,3331072,15,12499
i64,duplicate_chain,100000,1,D_sorted_frontier,1,5130400,50900,394900,4138800,0,10500,441800,3331072,15,12499
i64,duplicate_chain,100000,1,D_append_frontier,1,4856700,49200,357700,4171100,0,12800,166800,3331072,15,12499
i64,duplicate_chain,100000,1,D_sorted_append_frontier,1,4877000,49800,389100,4135100,0,13000,198000,3331072,15,12499
i64,duplicate_chain,100000,1,A_packed_fenwick,1,8430200,52500,383000,4126100,3439200,0,321300,4000000,4,12499
i64,duplicate_chain,100000,1,B_indirect_fenwick,2,9543500,50100,14700,5417600,3621700,0,438600,2400000,4,12499
i64,duplicate_chain,100000,1,C_packed_segment,2,9178000,49200,353900,4199000,3492100,0,996800,4000000,4,12499
i64,duplicate_chain,100000,1,D_frontier,2,5161700,49500,377800,4158700,0,14000,452700,3331072,15,12499
i64,duplicate_chain,100000,1,D_sorted_frontier,2,5355100,51900,444300,4166700,0,123900,479200,3331072,15,12499
i64,duplicate_chain,100000,1,D_append_frontier,2,4845500,49200,356800,4163600,0,10800,171400,3331072,15,12499
i64,duplicate_chain,100000,1,D_sorted_append_frontier,2,4909600,49100,390100,4201300,0,10900,171200,3331072,15,12499
i64,duplicate_chain,100000,1,A_packed_fenwick,2,8627900,49200,420600,4157500,3572700,0,324500,4000000,4,12499
i64,duplicate_chain,100000,1,A_sorted_fenwick,2,8376400,51900,410600,4122500,3384200,0,318700,4000000,4,12499
i64,duplicate_chain,100000,1,C_packed_segment,3,9163300,54100,353700,4197500,3436800,0,1024000,4000000,4,12499
i64,duplicate_chain,100000,1,D_frontier,3,5116200,49400,391800,4115100,0,10400,462200,3331072,15,12499
i64,duplicate_chain,100000,1,D_sorted_frontier,3,5128700,48800,362300,4128400,0,10500,483500,3331072,15,12499
i64,duplicate_chain,100000,1,D_append_frontier,3,4933100,49500,362400,4236800,0,16200,168500,3331072,15,12499
i64,duplicate_chain,100000,1,D_sorted_append_frontier,3,4905100,51500,390600,4167200,0,12600,186200,3331072,15,12499
i64,duplicate_chain,100000,1,A_packed_fenwick,3,8743800,49200,354300,4125600,3738200,0,357900,4000000,4,12499
i64,duplicate_chain,100000,1,A_sorted_fenwick,3,8313300,67100,390600,4155300,3291800,0,319000,4000000,4,12499
i64,duplicate_chain,100000,1,B_indirect_fenwick,3,9404200,48800,13300,5418600,3490700,0,432000,2400000,4,12499
i64,duplicate_chain,100000,1,D_frontier,4,5216600,49100,392100,4190100,0,20800,456800,3331072,15,12499
i64,duplicate_chain,100000,1,D_sorted_frontier,4,5154900,52700,399300,4158400,0,10000,448100,3331072,15,12499
i64,duplicate_chain,100000,1,D_append_frontier,4,4804600,48800,348500,4136100,0,10700,165800,3331072,15,12499
i64,duplicate_chain,100000,1,D_sorted_append_frontier,4,4846200,49500,389900,4131200,0,9700,178100,3331072,15,12499
i64,duplicate_chain,100000,1,A_packed_fenwick,4,8690900,57000,352900,4227800,3630000,0,323800,4000000,4,12499
i64,duplicate_chain,100000,1,A_sorted_fenwick,4,8702100,51000,400500,4183200,3619200,0,350100,4000000,4,12499
i64,duplicate_chain,100000,1,B_indirect_fenwick,4,9538600,52200,17600,5461800,3557100,0,449100,2400000,4,12499
i64,duplicate_chain,100000,1,C_packed_segment,4,9301100,49100,367800,4179400,3585200,0,1014800,4000000,4,12499
i64,duplicate_chain,1000000,1,A_packed_fenwick,0,129507600,947400,4085400,56776300,58361400,0,8369600,40000000,4,124999
i64,duplicate_chain,1000000,1,A_sorted_fenwick,0,119543000,991700,4080100,48412400,56878200,0,8198800,40000000,4,124999
i64,duplicate_chain,1000000,1,B_indirect_fenwick,0,186566300,949600,1041400,96286700,60890400,0,27009800,24000000,4,124999
i64,duplicate_chain,1000000,1,C_packed_segment,0,131019700,969700,4376400,49059900,57457000,0,18076100,40000000,4,124999
i64,duplicate_chain,1000000,1,D_frontier,0,65445200,1009200,4280000,49562500,0,23600,9540000,33048576,18,124999
i64,duplicate_chain,1000000,1,D_sorted_frontier,0,65133300,1063800,4320600,48960700,0,40300,9722000,33048576,18,124999
i64,duplicate_chain,1000000,1,D_append_frontier,0,62742400,1016100,4130700,49767600,0,36800,6760600,33048576,18,124999
i64,duplicate_chain,1000000,1,D_sorted_append_frontier,0,62651000,997500,4337900,49321100,0,33600,6849000,33048576,18,124999
i64,duplicate_chain,1000000,1,A_sorted_fenwick,1,122606500,1069600,4397300,48756000,57376200,0,9991600,40000000,4,124999
i64,duplicate_chain,1000000,1,B_indirect_fenwick,1,225766700,1177200,1154100,137992700,61918200,0,23152300,24000000,4,124999
i64,duplicate_chain,1000000,1,C_packed_segment,1,129046100,913600,4185600,49116700,57002300,0,16685100,40000000,4,124999
i64,duplicate_chain,1000000,1,D_frontier,1,63957600,1148200,4309300,48672300,0,35700,8774300,33048576,18,124999
i64,duplicate_chain,1000000,1,D_sorted_frontier,1,64050700,1001300,4154900,48925800,0,37900,8928900,33048576,18,124999
i64,duplicate_chain,1000000,1,D_append_frontier,1,61667600,988200,4195500,49318600,0,31100,6012800,33048576,18,124999
i64,duplicate_chain,1000000,1,D_sorted_append_frontier,1,61027100,936800,4088800,48723400,0,37100,6218900,33048576,18,124999
i64,duplicate_chain,1000000,1,A_packed_fenwick,1,122736700,1007900,4119000,50260000,56948400,0,9454000,40000000,4,124999
i64,duplicate_chain,1000000,1,B_indirect_fenwick,2,175933600,1002400,1057300,94767400,56636600,0,22099200,24000000,4,124999
i64,duplicate_chain,1000000,1,C_packed_segment,2,143252700,902400,4090100,49172100,66244400,0,21693900,40000000,4,124999
i64,duplicate_chain,1000000,1,D_frontier,2,73464200,1071400,4322200,57846100,0,32700,9167600,33048576,18,124999
i64,duplicate_chain,1000000,1,D_sorted_frontier,2,72082700,1065800,4235900,55087800,0,20900,10452300,33048576,18,124999
i64,duplicate_chain,1000000,1,D_append_frontier,2,66527000,1241200,4768700,52478000,0,21900,6801500,33048576,18,124999
i64,duplicate_chain,1000000,1,D_sorted_append_frontier,2,65685200,1400600,4651800,50763200,0,26900,7776700,33048576,18,124999
i64,duplicate_chain,1000000,1,A_packed_fenwick,2,127753000,1201900,5066400,50526500,60293300,0,9680000,40000000,4,124999
i64,duplicate_chain,1000000,1,A_sorted_fenwick,2,123686200,1086500,4338200,51373200,57522000,0,8410700,40000000,4,124999
i64,duplicate_chain,1000000,1,C_packed_segment,3,126921000,1044900,4151400,48541300,56815000,0,15313100,40000000,4,124999
i64,duplicate_chain,1000000,1,D_frontier,3,63664700,1041700,4109100,48689000,0,38800,8791200,33048576,18,124999
i64,duplicate_chain,1000000,1,D_sorted_frontier,3,63888900,1204300,4245800,48662600,0,36500,8729100,33048576,18,124999
i64,duplicate_chain,1000000,1,D_append_frontier,3,61540400,1064000,4241700,49023600,0,28200,6130600,33048576,18,124999
i64,duplicate_chain,1000000,1,D_sorted_append_frontier,3,60903900,992200,4185600,48562100,0,36900,6125500,33048576,18,124999
i64,duplicate_chain,1000000,1,A_packed_fenwick,3,162958800,976400,4164300,55190700,87411100,0,14044900,40000000,4,124999
i64,duplicate_chain,1000000,1,A_sorted_fenwick,3,124890200,1118800,5108000,52126300,57188200,0,8314300,40000000,4,124999
i64,duplicate_chain,1000000,1,B_indirect_fenwick,3,176035200,1031100,1132900,94068600,56579700,0,22851000,24000000,4,124999
i64,duplicate_chain,1000000,1,D_frontier,4,64431400,940700,4298600,48833100,0,38300,9177700,33048576,18,124999
i64,duplicate_chain,1000000,1,D_sorted_frontier,4,63469400,970800,4125200,48595800,0,38000,8745200,33048576,18,124999
i64,duplicate_chain,1000000,1,D_append_frontier,4,61046300,977900,4151300,48670900,0,36900,6198100,33048576,18,124999
i64,duplicate_chain,1000000,1,D_sorted_append_frontier,4,60987700,982400,4215600,48503700,0,38200,6254900,33048576,18,124999
i64,duplicate_chain,1000000,1,A_packed_fenwick,4,119437600,1028800,4075000,48275100,56539000,0,8551000,40000000,4,124999
i64,duplicate_chain,1000000,1,A_sorted_fenwick,4,120051700,980200,4051500,48290300,56549800,0,9004500,40000000,4,124999
i64,duplicate_chain,1000000,1,B_indirect_fenwick,4,200085200,1025800,1129400,103752200,70031200,0,23776000,24000000,4,124999
i64,duplicate_chain,1000000,1,C_packed_segment,4,128069600,931000,4098700,48453700,56652100,0,16809300,40000000,4,124999
i64,duplicate_chain,3000000,1,A_packed_fenwick,0,519440500,2716300,15454800,197144400,241074900,0,60123900,120000000,4,374999
i64,duplicate_chain,3000000,1,A_sorted_fenwick,0,517486200,2999200,12910500,165658000,260140300,0,72410300,120000000,4,374999
i64,duplicate_chain,3000000,1,B_indirect_fenwick,0,952273900,3545000,4025100,585108500,254700900,0,103578800,72000000,4,374999
i64,duplicate_chain,3000000,1,C_packed_segment,0,579027600,3295300,15209800,192912100,290318400,0,74357900,120000000,4,374999
i64,duplicate_chain,3000000,1,D_frontier,0,235172700,2791800,12656300,174825200,0,37500,42070100,100194304,20,374999
i64,duplicate_chain,3000000,1,D_sorted_frontier,0,224955400,2506000,12799500,164115300,0,31600,42582700,100194304,20,374999
i64,duplicate_chain,3000000,1,D_append_frontier,0,210748000,2723300,13175700,160913700,0,28000,31043600,100194304,20,374999
i64,duplicate_chain,3000000,1,D_sorted_append_frontier,0,211271800,2739000,13623100,161000300,0,38700,31104200,100194304,20,374999
i64,duplicate_chain,3000000,1,A_sorted_fenwick,1,577836600,2747300,12602300,162532600,330828000,0,65386400,120000000,4,374999
i64,duplicate_chain,3000000,1,B_indirect_fenwick,1,867573700,2893400,3462500,545019100,219976900,0,95025500,72000000,4,374999
i64,duplicate_chain,3000000,1,C_packed_segment,1,523810700,2848300,12667300,186254600,243396100,0,75722400,120000000,4,374999
i64,duplicate_chain,3000000,1,D_frontier,1,224214500,2922900,12611600,159793100,0,40400,46022400,100194304,20,374999
i64,duplicate_chain,3000000,1,D_sorted_frontier,1,220668200,2715600,12686200,160293700,0,28000,41765100,100194304,20,374999
i64,duplicate_chain,3000000,1,D_append_frontier,1,256093900,3034800,12853800,205888000,0,33200,31470800,100194304,20,374999
i64,duplicate_chain,3000000,1,D_sorted_append_frontier,1,213357400,2550000,12985500,162785400,0,33200,32232300,100194304,20,374999
i64,duplicate_chain,3000000,1,A_packed_fenwick,1,469501700,2947500,15770500,166475200,222474800,0,58872300,120000000,4,374999
i64,duplicate_chain,3000000,1,B_indirect_fenwick,2,862767900,2993200,3153200,534656700,219289700,0,101472200,72000000,4,374999
i64,duplicate_chain,3000000,1,C_packed_segment,2,515710400,3257700,12888200,161213000,260522600,0,74928400,120000000,4,374999
i64,duplicate_chain,3000000,1,D_frontier,2,221311600,2935500,12670500,161110900,0,42200,41786500,100194304,20,374999
i64,duplicate_chain,3000000,1,D_sorted_frontier,2,228162600,2767600,12754300,164165300,0,27000,45232500,100194304,20,374999
i64,duplicate_chain,3000000,1,D_append_frontier,2,211334900,2682400,13220900,161466100,0,38800,31110200,100194304,20,374999
i64,duplicate_chain,3000000,1,D_sorted_append_frontier,2,221103600,2523800,12834000,171044900,0,39100,31876900,100194304,20,374999
i64,duplicate_chain,3000000,1,A_packed_fenwick,2,466784700,2728600,12805700,160976600,229203700,0,58178200,120000000,4,374999
i64,duplicate_chain,3000000,1,A_sorted_fenwick,2,621711100,3229600,12733200,161058400,377848700,0,63798300,120000000,4,374999
i64,duplicate_chain,3000000,1,C_packed_segment,3,508149600,3186200,14676700,161733900,244916600,0,80751700,120000000,4,374999
i64,duplicate_chain,3000000,1,D_frontier,3,232775100,3159800,12737800,167513800,0,38500,46521600,100194304,20,374999
i64,duplicate_chain,3000000,1,D_sorted_frontier,3,228853900,2860900,14184300,166969000,0,40500,42029700,100194304,20,374999
i64,duplicate_chain,3000000,1,D_append_frontier,3,214961100,2719100,12903700,165628000,0,40100,30796900,100194304,20,374999
i64,duplicate_chain,3000000,1,D_sorted_append_frontier,3,209376600,2694500,12814200,159984700,0,35200,30977100,100194304,20,374999
i64,duplicate_chain,3000000,1,A_packed_fenwick,3,617987100,2884300,12721800,161018400,376011400,0,61862900,120000000,4,374999
i64,duplicate_chain,3000000,1,A_sorted_fenwick,3,670164600,2754800,13164800,164700000,415592500,0,70581300,120000000,4,374999
i64,duplicate_chain,3000000,1,B_indirect_fenwick,3,898207500,3472100,4055000,574536700,218980900,0,95972800,72000000,4,374999
i64,duplicate_chain,3000000,1,D_frontier,4,267032200,2934200,12630600,192121600,0,36200,55893400,100194304,20,374999
i64,duplicate_chain,3000000,1,D_sorted_frontier,4,221097900,2602400,12938300,160492700,0,38800,42149200,100194304,20,374999
i64,duplicate_chain,3000000,1,D_append_frontier,4,209249300,2762000,13251400,159588000,0,39700,30798800,100194304,20,374999
i64,duplicate_chain,3000000,1,D_sorted_append_frontier,4,208583100,2825000,12570700,159664300,0,38300,30687300,100194304,20,374999
i64,duplicate_chain,3000000,1,A_packed_fenwick,4,497023300,2505600,14872500,175600600,227148600,0,73829000,120000000,4,374999
i64,duplicate_chain,3000000,1,A_sorted_fenwick,4,475992500,3191500,14556700,166190800,231423000,0,57703900,120000000,4,374999
i64,duplicate_chain,3000000,1,B_indirect_fenwick,4,874677700,2848700,3222400,555289100,217145200,0,94928900,72000000,4,374999
i64,duplicate_chain,3000000,1,C_packed_segment,4,508932200,2767900,13839200,161352900,249273300,0,78751200,120000000,4,374999
i64,equal_starts,1000,1,A_packed_fenwick,0,47900,500,900,16200,19200,0,10600,40008,4,999
i64,equal_starts,1000,1,A_sorted_fenwick,0,45700,500,800,16200,18200,0,9500,40008,4,999
i64,equal_starts,1000,1,B_indirect_fenwick,0,59900,600,300,25500,22700,0,10600,24008,4,999
i64,equal_starts,1000,1,C_packed_segment,0,86200,500,1000,16500,17900,0,49600,48000,4,999
i64,equal_starts,1000,1,D_frontier,0,43400,500,1000,17700,0,200,23700,40192,11,999
i64,equal_starts,1000,1,D_sorted_frontier,0,41700,500,800,16500,0,100,23400,40192,11,999
i64,equal_starts,1000,1,D_append_frontier,0,21700,600,900,16000,0,200,3900,40192,11,999
i64,equal_starts,1000,1,D_sorted_append_frontier,0,21200,500,800,15800,0,100,3500,40192,11,999
i64,equal_starts,1000,1,A_sorted_fenwick,1,60400,500,800,18500,26400,0,13000,40008,4,999
i64,equal_starts,1000,1,B_indirect_fenwick,1,60000,1000,300,28800,19100,0,10300,24008,4,999
i64,equal_starts,1000,1,C_packed_segment,1,86700,500,1300,17100,18000,0,49000,48000,4,999
i64,equal_starts,1000,1,D_frontier,1,43700,600,900,17600,0,200,24000,40192,11,999
i64,equal_starts,1000,1,D_sorted_frontier,1,45500,500,800,19200,0,200,24200,40192,11,999
i64,equal_starts,1000,1,D_append_frontier,1,44700,600,1200,36400,0,400,5300,40192,11,999
i64,equal_starts,1000,1,D_sorted_append_frontier,1,27600,600,1200,20100,0,200,5100,40192,11,999
i64,equal_starts,1000,1,A_packed_fenwick,1,58900,600,1200,19500,25200,0,11900,40008,4,999
i64,equal_starts,1000,1,B_indirect_fenwick,2,62300,800,300,32200,18300,0,10300,24008,4,999
i64,equal_starts,1000,1,C_packed_segment,2,85300,500,1000,16400,17900,0,49000,48000,4,999
i64,equal_starts,1000,1,D_frontier,2,42700,500,900,17100,0,100,23700,40192,11,999
i64,equal_starts,1000,1,D_sorted_frontier,2,41600,500,800,16200,0,100,23300,40192,11,999
i64,equal_starts,1000,1,D_append_frontier,2,21400,600,900,16000,0,200,3600,40192,11,999
i64,equal_starts,1000,1,D_sorted_append_frontier,2,21200,500,900,15800,0,100,3500,40192,11,999
i64,equal_starts,1000,1,A_packed_fenwick,2,48900,500,900,15800,21200,0,10200,40008,4,999
i64,equal_starts,1000,1,A_sorted_fenwick,2,45400,500,800,16000,18100,0,9500,40008,4,999
i64,equal_starts,1000,1,C_packed_segment,3,84300,500,800,16100,18000,0,48200,48000,4,999
i64,equal_starts,1000,1,D_frontier,3,47100,500,800,20500,0,200,24500,40192,11,999
i64,equal_starts,1000,1,D_sorted_frontier,3,46300,500,1100,19600,0,200,24300,40192,11,999
i64,equal_starts,1000,1,D_append_frontier,3,23500,600,1300,17500,0,200,3600,40192,11,999
i64,equal_starts,1000,1,D_sorted_append_frontier,3,21500,500,800,15900,0,200,3600,40192,11,999
i64,equal_starts,1000,1,A_packed_fenwick,3,52800,500,900,15900,25300,0,9900,40008,4,999
i64,equal_starts,1000,1,A_sorted_fenwick,3,45400,500,800,16000,18200,0,9500,40008,4,999
i64,equal_starts,1000,1,B_indirect_fenwick,3,54400,500,200,25000,18000,0,10300,24008,4,999
i64,equal_starts,1000,1,D_frontier,4,45300,500,900,19600,0,100,23700,40192,11,999
i64,equal_starts,1000,1,D_sorted_frontier,4,41200,500,900,15900,0,100,23300,40192,11,999
i64,equal_starts,1000,1,D_append_frontier,4,21400,600,900,15900,0,100,3600,40192,11,999
i64,equal_starts,1000,1,D_sorted_append_frontier,4,21500,500,900,15900,0,100,3800,40192,11,999
i64,equal_starts,1000,1,A_packed_fenwick,4,45400,600,800,15900,18300,0,9500,40008,4,999
i64,equal_starts,1000,1,A_sorted_fenwick,4,45200,500,900,16000,18000,0,9400,40008,4,999
i64,equal_starts,1000,1,B_indirect_fenwick,4,52000,500,200,23800,17800,0,9600,24008,4,999
i64,equal_starts,1000,1,C_packed_segment,4,84000,600,900,16200,18200,0,47800,48000,4,999
i64,equal_starts,10000,1,A_packed_fenwick,0,724400,5000,7700,268900,304900,0,137300,400008,4,9999
i64,equal_starts,10000,1,A_sorted_fenwick,0,726700,5000,7700,274400,302600,0,136700,400008,4,9999
i64,equal_starts,10000,1,B_indirect_fenwick,0,797300,14700,1500,323500,316400,0,140800,240008,4,9999
i64,equal_starts,10000,1,C_packed_segment,0,1245700,5000,7700,272000,317000,0,643500,480000,4,9999
i64,equal_starts,10000,1,D_frontier,0,600300,4900,7800,277400,0,1700,307800,451072,15,9999
i64,equal_starts,10000,1,D_sorted_frontier,0,595900,4900,7700,269700,0,1100,312000,451072,15,9999
i64,equal_starts,10000,1,D_append_frontier,0,322700,4900,7600,278100,0,1200,30200,451072,15,9999
i64,equal_starts,10000,1,D_sorted_append_frontier,0,312900,4900,7600,268400,0,1100,30200,451072,15,9999
i64,equal_starts,10000,1,A_sorted_fenwick,1,743200,4900,7700,275600,302600,0,151400,400008,4,9999
i64,equal_starts,10000,1,B_indirect_fenwick,1,792300,5000,1600,330700,313900,0,140600,240008,4,9999
i64,equal_starts,10000,1,C_packed_segment,1,1264600,5000,7800,277600,321300,0,651900,480000,4,9999
i64,equal_starts,10000,1,D_frontier,1,602400,4900,8000,271000,0,1300,316500,451072,15,9999
i64,equal_starts,10000,1,D_sorted_frontier,1,641300,5000,7700,279500,0,1200,308800,451072,15,9999
i64,equal_starts,10000,1,D_append_frontier,1,442100,5000,46200,300400,0,22100,67900,451072,15,9999
i64,equal_starts,10000,1,D_sorted_append_frontier,1,322800,5000,7800,271200,0,1100,37300,451072,15,9999
i64,equal_starts,10000,1,A_packed_fenwick,1,741800,5000,7800,271400,319200,0,137900,400008,4,9999
i64,equal_starts,10000,1,B_indirect_fenwick,2,792900,5000,1500,339000,305500,0,141100,240008,4,9999
i64,equal_starts,10000,1,C_packed_segment,2,1255000,5000,7800,271100,323400,0,647000,480000,4,9999
i64,equal_starts,10000,1,D_frontier,2,598000,4900,7700,271300,0,1100,312400,451072,15,9999
i64,equal_starts,10000,1,D_sorted_frontier,2,594800,6200,8400,269800,0,1000,308700,451072,15,9999
i64,equal_starts,10000,1,D_append_frontier,2,323900,5000,7700,269800,0,1000,39600,451072,15,9999
i64,equal_starts,10000,1,D_sorted_append_frontier,2,317800,5000,8000,270900,0,1200,32300,451072,15,9999
i64,equal_starts,10000,1,A_packed_fenwick,2,741800,5000,7800,279500,311200,0,137600,400008,4,9999
i64,equal_starts,10000,1,A_sorted_fenwick,2,742400,5000,7700,272500,319400,0,137200,400008,4,9999
i64,equal_starts,10000,1,C_packed_segment,3,1239000,5000,7900,269700,317000,0,638800,480000,4,9999
i64,equal_starts,10000,1,D_frontier,3,595700,5000,8000,272500,0,1100,308600,451072,15,9999
i64,equal_starts,10000,1,D_sorted_frontier,3,594800,5000,7700,271800,0,1100,308800,451072,15,9999
i64,equal_starts,10000,1,D_append_frontier,3,320200,5000,7800,275500,0,1100,30400,451072,15,9999
i64,equal_starts,10000,1,D_sorted_append_frontier,3,314400,5000,7800,269400,0,1000,30800,451072,15,9999
i64,equal_starts,10000,1,A_packed_fenwick,3,793900,5000,43300,270400,336500,0,138000,400008,4,9999
i64,equal_starts,10000,1,A_sorted_fenwick,3,742100,5000,7700,270800,315800,0,142200,400008,4,9999
i64,equal_starts,10000,1,B_indirect_fenwick,3,805500,4900,1500,332800,323700,0,141900,240008,4,9999
i64,equal_starts,10000,1,D_frontier,4,621600,5000,7700,273000,0,1000,334400,451072,15,9999
i64,equal_starts,10000,1,D_sorted_frontier,4,617300,5000,7800,287800,0,1500,314700,451072,15,9999
i64,equal_starts,10000,1,D_append_frontier,4,315700,5000,7700,271100,0,1000,30400,451072,15,9999
i64,equal_starts,10000,1,D_sorted_append_frontier,4,346500,5000,7700,295800,0,2200,35100,451072,15,9999
i64,equal_starts,10000,1,A_packed_fenwick,4,742000,5700,10400,277700,309600,0,137700,400008,4,9999
i64,equal_starts,10000,1,A_sorted_fenwick,4,797300,5000,7800,303400,342800,0,137400,400008,4,9999
i64,equal_starts,10000,1,B_indirect_fenwick,4,786000,5000,1500,333200,304900,0,140800,240008,4,9999
i64,equal_starts,10000,1,C_packed_segment,4,1246500,4900,7700,270900,310600,0,651700,480000,4,9999
i64,equal_starts,100000,1,A_packed_fenwick,0,13105600,70200,444400,5011900,5362100,0,2103100,4000008,4,99999
i64,equal_starts,100000,1,A_sorted_fenwick,0,11029500,62000,386300,3344500,4973200,0,2146400,4000008,4,99999
i64,equal_starts,100000,1,B_indirect_fenwick,0,12158500,78800,17700,4628700,5072300,0,2360000,2400008,4,99999
i64,equal_starts,100000,1,C_packed_segment,0,17605600,49600,352500,3280600,5154700,0,8590000,4800000,4,99999
i64,equal_starts,100000,1,D_frontier,0,7936700,49100,444700,3273600,0,11200,4020900,4248576,18,99999
i64,equal_starts,100000,1,D_sorted_frontier,0,7772000,49200,354300,3240600,0,10500,3983300,4248576,18,99999
i64,equal_starts,100000,1,D_append_frontier,0,4281500,49900,424700,3239800,0,10200,429900,4248576,18,99999
i64,equal_starts,100000,1,D_sorted_append_frontier,0,4239800,48900,373100,3240300,0,10700,432800,4248576,18,99999
i64,equal_starts,100000,1,A_sorted_fenwick,1,10919300,49100,390700,3247000,5036400,0,2078900,4000008,4,99999
i64,equal_starts,100000,1,B_indirect_fenwick,1,12018200,53800,13600,4571000,5034300,0,2344900,2400008,4,99999
i64,equal_starts,100000,1,C_packed_segment,1,17657100,49300,351500,3298800,5044300,0,8728800,4800000,4,99999
i64,equal_starts,100000,1,D_frontier,1,7863200,51900,441700,3262700,0,10900,3964600,4248576,18,99999
i64,equal_starts,100000,1,D_sorted_frontier,1,7770500,52900,360600,3246400,0,10400,3964500,4248576,18,99999
i64,equal_starts,100000,1,D_append_frontier,1,4539500,49500,416900,3389800,0,13300,526200,4248576,18,99999
i64,equal_starts,100000,1,D_sorted_append_frontier,1,5223500,55400,410600,3887000,0,105700,600400,4248576,18,99999
i64,equal_starts,100000,1,A_packed_fenwick,1,11672300,148900,406400,3371000,5431400,0,2216300,4000008,4,99999
i64,equal_starts,100000,1,B_indirect_fenwick,2,14520100,49200,16600,4863600,6581000,0,3008000,2400008,4,99999
i64,equal_starts,100000,1,C_packed_segment,2,18282800,49100,370700,3295800,5264200,0,9112200,4800000,4,99999
i64,equal_starts,100000,1,D_frontier,2,8200300,50000,408700,3296400,0,119500,4193700,4248576,18,99999
i64,equal_starts,100000,1,D_sorted_frontier,2,7907700,49500,440900,3260900,0,10600,4003900,4248576,18,99999
i64,equal_starts,100000,1,D_append_frontier,2,4304500,50100,409400,3257500,0,9800,452600,4248576,18,99999
i64,equal_starts,100000,1,D_sorted_append_frontier,2,4313900,49500,376500,3299800,0,11900,430800,4248576,18,99999
i64,equal_starts,100000,1,A_packed_fenwick,2,11045200,50700,436300,3339000,4986500,0,2141800,4000008,4,99999
i64,equal_starts,100000,1,A_sorted_fenwick,2,11001900,49300,379400,3294600,5060000,0,2112700,4000008,4,99999
i64,equal_starts,100000,1,C_packed_segment,3,17707900,49700,440400,3301300,4994100,0,8762400,4800000,4,99999
i64,equal_starts,100000,1,D_frontier,3,7870600,78100,365200,3253800,0,12700,4021800,4248576,18,99999
i64,equal_starts,100000,1,D_sorted_frontier,3,7937000,51900,412400,3279700,0,10200,4040300,4248576,18,99999
i64,equal_starts,100000,1,D_append_frontier,3,4309400,49700,376200,3276700,0,10700,451800,4248576,18,99999
i64,equal_starts,100000,1,D_sorted_append_frontier,3,4354700,50500,447200,3278000,0,10300,435100,4248576,18,99999
i64,equal_starts,100000,1,A_packed_fenwick,3,10918000,49600,379100,3272800,4970000,0,2145400,4000008,4,99999
i64,equal_starts,100000,1,A_sorted_fenwick,3,11015200,49600,440300,3270000,5044500,0,2115700,4000008,4,99999
i64,equal_starts,100000,1,B_indirect_fenwick,3,12255300,49400,13600,4688400,5134100,0,2369100,2400008,4,99999
i64,equal_starts,100000,1,D_frontier,4,8064700,49700,422600,3307300,0,10700,4138700,4248576,18,99999
i64,equal_starts,100000,1,D_sorted_frontier,4,7883400,49700,354400,3293500,0,12900,4030900,4248576,18,99999
i64,equal_starts,100000,1,D_append_frontier,4,4381200,50700,410700,3350100,0,9900,426000,4248576,18,99999
i64,equal_starts,100000,1,D_sorted_append_frontier,4,4616300,49300,348400,3589500,0,19400,453900,4248576,18,99999
i64,equal_starts,100000,1,A_packed_fenwick,4,11275600,55400,438400,3374500,5136400,0,2173500,4000008,4,99999
i64,equal_starts,100000,1,A_sorted_fenwick,4,11197100,49400,372900,3317000,5142200,0,2213500,4000008,4,99999
i64,equal_starts,100000,1,B_indirect_fenwick,4,12283400,49500,13300,4691600,5039400,0,2326300,2400008,4,99999
i64,equal_starts,100000,1,C_packed_segment,4,18558900,48800,356100,3261400,5836500,0,8865100,4800000,4,99999
i64,equal_starts,1000000,1,A_packed_fenwick,0,167368400,1059300,4227200,39917400,83133000,0,37443000,40000008,4,999999
i64,equal_starts,1000000,1,A_sorted_fenwick,0,169815600,1055900,4254000,39514400,83423800,0,39981700,40000008,4,999999
i64,equal_starts,1000000,1,B_indirect_fenwick,0,289132300,1040000,1192000,91918000,83384000,0,110519200,24000008,4,999999
i64,equal_starts,1000000,1,C_packed_segment,0,251419100,958600,4605500,42193200,86036600,0,116059000,48000000,4,999999
i64,equal_starts,1000000,1,D_frontier,0,98098800,1192600,4096400,39666500,0,38400,51612500,40388608,21,999999
i64,equal_starts,1000000,1,D_sorted_frontier,0,122680300,1035200,4911600,55149600,0,39700,60046200,40388608,21,999999
i64,equal_starts,1000000,1,D_append_frontier,0,61010800,1084700,5194600,41851500,0,38400,11584200,40388608,21,999999
i64,equal_starts,1000000,1,D_sorted_append_frontier,0,57499200,1026800,4208400,39980500,0,30700,11016100,40388608,21,999999
i64,equal_starts,1000000,1,A_sorted_fenwick,1,168956800,1048000,4137600,39527800,83852600,0,38815900,40000008,4,999999
i64,equal_starts,1000000,1,B_indirect_fenwick,1,277897700,1177500,1146800,81356000,82635600,0,110534600,24000008,4,999999
i64,equal_starts,1000000,1,C_packed_segment,1,246763200,959000,4240000,39545500,83440700,0,116863900,48000000,4,999999
i64,equal_starts,1000000,1,D_frontier,1,97687400,1037700,4055900,40337400,0,49100,50983200,40388608,21,999999
i64,equal_starts,1000000,1,D_sorted_frontier,1,98651700,1026400,4249900,40673900,0,26000,51459400,40388608,21,999999
i64,equal_starts,1000000,1,D_append_frontier,1,56901800,1016000,4147400,39490900,0,39000,10967800,40388608,21,999999
i64,equal_starts,1000000,1,D_sorted_append_frontier,1,57204100,1037000,4129600,39761500,0,29800,10955100,40388608,21,999999
i64,equal_starts,1000000,1,A_packed_fenwick,1,182199100,971000,4086800,39714000,83709400,0,52137400,40000008,4,999999
i64,equal_starts,1000000,1,B_indirect_fenwick,2,299788100,1083900,1135100,83135400,89119400,0,123996500,24000008,4,999999
i64,equal_starts,1000000,1,C_packed_segment,2,262658500,1245400,4994100,43750400,89951000,0,121083900,48000000,4,999999
i64,equal_starts,1000000,1,D_frontier,2,98167700,1140300,4252500,39899500,0,39500,51597700,40388608,21,999999
i64,equal_starts,1000000,1,D_sorted_frontier,2,97148700,979800,4216300,39660100,0,39300,51026400,40388608,21,999999
i64,equal_starts,1000000,1,D_append_frontier,2,56988300,1013400,4122300,39766700,0,44900,10795200,40388608,21,999999
i64,equal_starts,1000000,1,D_sorted_append_frontier,2,57594200,1001700,4137900,40163500,0,40400,11013300,40388608,21,999999
i64,equal_starts,1000000,1,A_packed_fenwick,2,168460700,1017200,4143000,39629300,83452400,0,38609500,40000008,4,999999
i64,equal_starts,1000000,1,A_sorted_fenwick,2,172236600,1076800,4220600,39645600,83686500,0,41895700,40000008,4,999999
i64,equal_starts,1000000,1,C_packed_segment,3,286422300,1284200,5036300,56212300,105941200,0,116395800,48000000,4,999999
i64,equal_starts,1000000,1,D_frontier,3,97786500,1096900,4086400,40340600,0,25800,51011500,40388608,21,999999
i64,equal_starts,1000000,1,D_sorted_frontier,3,96862300,1069100,4136200,39505300,0,37000,50890100,40388608,21,999999
i64,equal_starts,1000000,1,D_append_frontier,3,56921300,1006600,4054100,39577400,0,35600,10996500,40388608,21,999999
i64,equal_starts,1000000,1,D_sorted_append_frontier,3,57396700,994200,4157600,39614300,0,40700,11338000,40388608,21,999999
i64,equal_starts,1000000,1,A_packed_fenwick,3,169832600,985200,4110500,39653800,83645900,0,39839400,40000008,4,999999
i64,equal_starts,1000000,1,A_sorted_fenwick,3,168924400,1138800,4253800,39585800,83473700,0,39008600,40000008,4,999999
i64,equal_starts,1000000,1,B_indirect_fenwick,3,325254100,1061000,1109500,104215700,107542900,0,110177000,24000008,4,999999
i64,equal_starts,1000000,1,D_frontier,4,99389300,1011100,4359100,40076300,0,69700,52623500,40388608,21,999999
i64,equal_starts,1000000,1,D_sorted_frontier,4,99501400,1014600,4235100,41716200,0,38800,51265300,40388608,21,999999
i64,equal_starts,1000000,1,D_append_frontier,4,61220800,1017600,4568400,42104400,0,27100,12241700,40388608,21,999999
i64,equal_starts,1000000,1,D_sorted_append_frontier,4,62197200,1019000,4299000,41535600,0,28100,13951800,40388608,21,999999
i64,equal_starts,1000000,1,A_packed_fenwick,4,178719600,1281800,4486000,44869200,84485000,0,42017400,40000008,4,999999
i64,equal_starts,1000000,1,A_sorted_fenwick,4,171444700,1094700,4176100,39630600,83522100,0,41454500,40000008,4,999999
i64,equal_starts,1000000,1,B_indirect_fenwick,4,303456300,1059000,1147800,99935600,93476400,0,106966400,24000008,4,999999
i64,equal_starts,1000000,1,C_packed_segment,4,249399800,904400,4230900,39640600,84018900,0,118967700,48000000,4,999999
i64,equal_starts,3000000,1,A_packed_fenwick,0,1268972600,2615400,12798100,134035600,801309300,0,313618000,120000008,4,2999999
i64,equal_starts,3000000,1,A_sorted_fenwick,0,1196971300,2827600,12764200,154202800,722836600,0,300077100,120000008,4,2999999
i64,equal_starts,3000000,1,B_indirect_fenwick,0,1663396800,3610000,3533900,512558900,681900200,0,458944700,72000008,4,2999999
i64,equal_starts,3000000,1,C_packed_segment,0,1478758900,2828900,12806100,133082000,783150200,0,542460200,144000000,4,2999999
i64,equal_starts,3000000,1,D_frontier,0,339995800,3016800,13191000,134689900,0,38800,185486700,129554432,23,2999999
i64,equal_starts,3000000,1,D_sorted_frontier,0,341587200,2863100,13312800,140518600,0,41500,181149800,129554432,23,2999999
i64,equal_starts,3000000,1,D_append_frontier,0,209216200,2975800,14289900,137289900,0,39600,50779100,129554432,23,2999999
i64,equal_starts,3000000,1,D_sorted_append_frontier,0,212064300,3010700,13629300,140607600,0,25100,51220200,129554432,23,2999999
i64,equal_starts,3000000,1,A_sorted_fenwick,1,1328596200,2862100,13169100,136453500,882295000,0,289311500,120000008,4,2999999
i64,equal_starts,3000000,1,B_indirect_fenwick,1,1663521500,2749800,3453000,507654000,672593200,0,474129600,72000008,4,2999999
i64,equal_starts,3000000,1,C_packed_segment,1,1497169100,2772500,13831300,140214300,783584800,0,552342900,144000000,4,2999999
i64,equal_starts,3000000,1,D_frontier,1,372805400,2827900,12714000,160271600,0,27000,193386300,129554432,23,2999999
i64,equal_starts,3000000,1,D_sorted_frontier,1,340630000,2980200,13656700,137256900,0,37700,183073500,129554432,23,2999999
i64,equal_starts,3000000,1,D_append_frontier,1,203516300,2832300,13026300,135065300,0,31900,48966000,129554432,23,2999999
i64,equal_starts,3000000,1,D_sorted_append_frontier,1,229035700,2682600,12798700,144533300,0,32700,65383600,129554432,23,2999999
i64,equal_starts,3000000,1,A_packed_fenwick,1,1149219100,2695900,12968600,133494900,697572500,0,297988000,120000008,4,2999999
i64,equal_starts,3000000,1,B_indirect_fenwick,2,1683044700,2727300,3333600,526232000,687580200,0,460287100,72000008,4,2999999
i64,equal_starts,3000000,1,C_packed_segment,2,1642950700,3291900,14515000,167113600,878709000,0,573543700,144000000,4,2999999
i64,equal_starts,3000000,1,D_frontier,2,409228100,3081200,15455900,191509200,0,31600,195345200,129554432,23,2999999
i64,equal_starts,3000000,1,D_sorted_frontier,2,425660000,2974500,15579800,191565200,0,33200,211969200,129554432,23,2999999
i64,equal_starts,3000000,1,D_append_frontier,2,284921700,2592800,15520500,190715100,0,33500,72414900,129554432,23,2999999
i64,equal_starts,3000000,1,D_sorted_append_frontier,2,225035100,2724500,13436800,150389200,0,22800,54788600,129554432,23,2999999
i64,equal_starts,3000000,1,A_packed_fenwick,2,1099918800,2719700,14026600,174096500,625027300,0,279086600,120000008,4,2999999
i64,equal_starts,3000000,1,A_sorted_fenwick,2,1074659100,3180100,15404000,137643000,618835400,0,295204700,120000008,4,2999999
i64,equal_starts,3000000,1,C_packed_segment,3,1307402900,3767900,14222800,136096700,632432200,0,516493000,144000000,4,2999999
i64,equal_starts,3000000,1,D_frontier,3,337128500,3078500,12743700,135806200,0,40300,181923500,129554432,23,2999999
i64,equal_starts,3000000,1,D_sorted_frontier,3,344392400,2815300,12801800,134673300,0,38100,190555000,129554432,23,2999999
i64,equal_starts,3000000,1,D_append_frontier,3,212742500,2734500,12778200,137225100,0,23200,56400100,129554432,23,2999999
i64,equal_starts,3000000,1,D_sorted_append_frontier,3,208478700,3155400,13364200,135819800,0,40200,52549500,129554432,23,2999999
i64,equal_starts,3000000,1,A_packed_fenwick,3,1134629200,2761200,12777300,134331100,708537700,0,272160700,120000008,4,2999999
i64,equal_starts,3000000,1,A_sorted_fenwick,3,1085377600,2656000,12801100,133725300,637000000,0,294589500,120000008,4,2999999
i64,equal_starts,3000000,1,B_indirect_fenwick,3,1638694100,2764800,3510700,528391400,628166900,0,472977500,72000008,4,2999999
i64,equal_starts,3000000,1,D_frontier,4,342122400,2962200,13342000,136719300,0,38800,185242300,129554432,23,2999999
i64,equal_starts,3000000,1,D_sorted_frontier,4,344837500,2982600,13122700,137206100,0,43900,187939600,129554432,23,2999999
i64,equal_starts,3000000,1,D_append_frontier,4,209650100,2843200,13235900,136545400,0,55400,53415800,129554432,23,2999999
i64,equal_starts,3000000,1,D_sorted_append_frontier,4,205282100,2733700,13172800,134926100,0,40200,50802600,129554432,23,2999999
i64,equal_starts,3000000,1,A_packed_fenwick,4,1076451800,2701100,13113900,134672200,643660700,0,277775100,120000008,4,2999999
i64,equal_starts,3000000,1,A_sorted_fenwick,4,1087644700,2726400,12840700,133804800,660166400,0,273853400,120000008,4,2999999
i64,equal_starts,3000000,1,B_indirect_fenwick,4,1626829800,3599100,3498900,506743200,609460100,0,500532800,72000008,4,2999999
i64,equal_starts,3000000,1,C_packed_segment,4,1320749600,2686700,13035200,133867900,661766300,0,504961000,144000000,4,2999999
i64,equal_ends,1000,1,A_packed_fenwick,0,29100,600,1300,20900,2100,0,3700,40000,4,999
i64,equal_ends,1000,1,A_sorted_fenwick,0,22400,500,900,15400,1500,0,3600,40000,4,999
i64,equal_ends,1000,1,B_indirect_fenwick,0,30000,600,300,23900,1400,0,3700,24000,4,999
i64,equal_ends,1000,1,C_packed_segment,0,22800,600,900,15600,1500,0,4100,40000,4,999
i64,equal_ends,1000,1,D_frontier,0,41000,500,900,15400,0,100,23600,40192,11,999
i64,equal_ends,1000,1,D_sorted_frontier,0,40300,500,800,15400,0,200,23000,40192,11,999
i64,equal_ends,1000,1,D_append_frontier,0,20700,600,900,15400,0,100,3400,40192,11,999
i64,equal_ends,1000,1,D_sorted_append_frontier,0,20500,500,900,15400,0,100,3200,40192,11,999
i64,equal_ends,1000,1,A_sorted_fenwick,1,22100,500,900,15400,1400,0,3700,40000,4,999
i64,equal_ends,1000,1,B_indirect_fenwick,1,29100,800,200,22800,1400,0,3700,24000,4,999
i64,equal_ends,1000,1,C_packed_segment,1,22700,500,800,15400,1400,0,4100,40000,4,999
i64,equal_ends,1000,1,D_frontier,1,40300,500,900,15400,0,100,23100,40192,11,999
i64,equal_ends,1000,1,D_sorted_frontier,1,40200,600,900,15300,0,200,23100,40192,11,999
i64,equal_ends,1000,1,D_append_frontier,1,20400,500,800,15300,0,200,3400,40192,11,999
i64,equal_ends,1000,1,D_sorted_append_frontier,1,20400,500,800,15200,0,100,3200,40192,11,999
i64,equal_ends,1000,1,A_packed_fenwick,1,22000,500,900,15300,1400,0,3600,40000,4,999
i64,equal_ends,1000,1,B_indirect_fenwick,2,28300,600,200,22400,1400,0,3600,24000,4,999
i64,equal_ends,1000,1,C_packed_segment,2,22700,600,900,15500,1500,0,4100,40000,4,999
i64,equal_ends,1000,1,D_frontier,2,40300,500,800,15300,0,200,23200,40192,11,999
i64,equal_ends,1000,1,D_sorted_frontier,2,40200,500,900,15400,0,100,23000,40192,11,999
i64,equal_ends,1000,1,D_append_frontier,2,20300,500,800,15300,0,100,3300,40192,11,999
i64,equal_ends,1000,1,D_sorted_append_frontier,2,20300,500,900,15300,0,100,3200,40192,11,999
i64,equal_ends,1000,1,A_packed_fenwick,2,22100,500,900,15400,1400,0,3600,40000,4,999
i64,equal_ends,1000,1,A_sorted_fenwick,2,21900,500,800,15300,1400,0,3600,40000,4,999
i64,equal_ends,1000,1,C_packed_segment,3,22400,500,900,15300,1400,0,4000,40000,4,999
i64,equal_ends,1000,1,D_frontier,3,40600,600,900,15200,0,100,23500,40192,11,999
i64,equal_ends,1000,1,D_sorted_frontier,3,40000,600,800,15200,0,100,22900,40192,11,999
i64,equal_ends,1000,1,D_append_frontier,3,20300,500,900,15300,0,200,3200,40192,11,999
i64,equal_ends,1000,1,D_sorted_append_frontier,3,20300,500,800,15300,0,100,3200,40192,11,999
i64,equal_ends,1000,1,A_packed_fenwick,3,22000,500,900,15300,1400,0,3600,40000,4,999
i64,equal_ends,1000,1,A_sorted_fenwick,3,22000,600,800,15200,1400,0,3600,40000,4,999
i64,equal_ends,1000,1,B_indirect_fenwick,3,28200,500,200,22200,1300,0,3600,24000,4,999
i64,equal_ends,1000,1,D_frontier,4,40200,500,900,15400,0,200,23000,40192,11,999
i64,equal_ends,1000,1,D_sorted_frontier,4,40100,600,800,15300,0,100,22900,40192,11,999
i64,equal_ends,1000,1,D_append_frontier,4,20600,600,800,15300,0,200,3400,40192,11,999
i64,equal_ends,1000,1,D_sorted_append_frontier,4,20300,600,800,15300,0,100,3200,40192,11,999
i64,equal_ends,1000,1,A_packed_fenwick,4,22000,500,800,15300,1500,0,3600,40000,4,999
i64,equal_ends,1000,1,A_sorted_fenwick,4,22000,600,900,15300,1400,0,3600,40000,4,999
i64,equal_ends,1000,1,B_indirect_fenwick,4,28200,600,200,22200,1400,0,3700,24000,4,999
i64,equal_ends,1000,1,C_packed_segment,4,22500,500,800,15200,1400,0,4100,40000,4,999
i64,equal_ends,10000,1,A_packed_fenwick,0,319600,4900,7700,256300,13300,0,36800,400000,4,9999
i64,equal_ends,10000,1,A_sorted_fenwick,0,314600,4900,7600,251700,13100,0,36700,400000,4,9999
i64,equal_ends,10000,1,B_indirect_fenwick,0,355700,4900,1500,297900,12900,0,38100,240000,4,9999
i64,equal_ends,10000,1,C_packed_segment,0,376900,4900,7600,252000,13100,0,39700,400000,4,9999
i64,equal_ends,10000,1,D_frontier,0,660100,4900,41300,252000,0,20400,341000,451072,15,9999
i64,equal_ends,10000,1,D_sorted_frontier,0,576300,4900,7600,257200,0,1100,304900,451072,15,9999
i64,equal_ends,10000,1,D_append_frontier,0,293100,4900,7700,251100,0,1000,28000,451072,15,9999
i64,equal_ends,10000,1,D_sorted_append_frontier,0,313000,4900,7600,270700,0,1500,27800,451072,15,9999
i64,equal_ends,10000,1,A_sorted_fenwick,1,322900,5000,7700,252000,13300,0,43700,400000,4,9999
i64,equal_ends,10000,1,B_indirect_fenwick,1,410700,9200,2300,346100,14300,0,38100,240000,4,9999
i64,equal_ends,10000,1,C_packed_segment,1,327900,5000,7700,261500,13500,0,39800,400000,4,9999
i64,equal_ends,10000,1,D_frontier,1,571400,4900,7700,251600,0,1200,305400,451072,15,9999
i64,equal_ends,10000,1,D_sorted_frontier,1,578200,4900,7600,251400,0,1000,312700,451072,15,9999
i64,equal_ends,10000,1,D_append_frontier,1,294500,4900,7600,252600,0,1000,27800,451072,15,9999
i64,equal_ends,10000,1,D_sorted_append_frontier,1,294600,5000,7700,252800,0,1000,27600,451072,15,9999
i64,equal_ends,10000,1,A_packed_fenwick,1,320800,5000,7800,257200,13300,0,36900,400000,4,9999
i64,equal_ends,10000,1,B_indirect_fenwick,2,360200,5000,1500,301800,13200,0,38200,240000,4,9999
i64,equal_ends,10000,1,C_packed_segment,2,320000,4900,7700,253800,13200,0,40000,400000,4,9999
i64,equal_ends,10000,1,D_frontier,2,573700,5000,7600,252900,0,1100,306600,451072,15,9999
i64,equal_ends,10000,1,D_sorted_frontier,2,589300,5000,7600,259000,0,1900,315200,451072,15,9999
i64,equal_ends,10000,1,D_append_frontier,2,298000,5000,7800,252100,0,1100,31400,451072,15,9999
i64,equal_ends,10000,1,D_sorted_append_frontier,2,333000,5000,7700,252800,0,1100,27500,451072,15,9999
i64,equal_ends,10000,1,A_packed_fenwick,2,382700,4900,41200,253000,45500,0,37300,400000,4,9999
i64,equal_ends,10000,1,A_sorted_fenwick,2,321600,4900,7700,258400,13300,0,36800,400000,4,9999
i64,equal_ends,10000,1,C_packed_segment,3,318200,4900,7800,251600,13200,0,40000,400000,4,9999
i64,equal_ends,10000,1,D_frontier,3,660300,4900,7700,303600,0,2100,341400,451072,15,9999
i64,equal_ends,10000,1,D_sorted_frontier,3,573500,4900,7700,253000,0,1100,306300,451072,15,9999
i64,equal_ends,10000,1,D_append_frontier,3,299900,5000,7700,253400,0,1300,32000,451072,15,9999
i64,equal_ends,10000,1,D_sorted_append_frontier,3,293800,5000,7700,252200,0,1100,27500,451072,15,9999
i64,equal_ends,10000,1,A_packed_fenwick,3,316600,5100,7800,252900,13500,0,37100,400000,4,9999
i64,equal_ends,10000,1,A_sorted_fenwick,3,320300,4900,7600,256600,13300,0,37300,400000,4,9999
i64,equal_ends,10000,1,B_indirect_fenwick,3,359800,5000,1500,301700,13000,0,38100,240000,4,9999
i64,equal_ends,10000,1,D_frontier,4,574000,4900,7600,253300,0,1000,306600,451072,15,9999
i64,equal_ends,10000,1,D_sorted_frontier,4,601100,5000,7700,252900,0,1000,334100,451072,15,9999
i64,equal_ends,10000,1,D_append_frontier,4,298500,4900,7700,256500,0,1000,27700,451072,15,9999
i64,equal_ends,10000,1,D_sorted_append_frontier,4,294200,4900,7700,252500,0,1000,27600,451072,15,9999
i64,equal_ends,10000,1,A_packed_fenwick,4,316000,5100,7700,252500,13300,0,37000,400000,4,9999
i64,equal_ends,10000,1,A_sorted_fenwick,4,315300,5000,7700,252000,13200,0,36900,400000,4,9999
i64,equal_ends,10000,1,B_indirect_fenwick,4,359700,5000,1400,301600,13200,0,38000,240000,4,9999
i64,equal_ends,10000,1,C_packed_segment,4,319600,4900,7700,253000,13200,0,40100,400000,4,9999
i64,equal_ends,100000,1,A_packed_fenwick,0,4256900,49400,399600,3100000,134500,0,477400,4000000,4,99999
i64,equal_ends,100000,1,A_sorted_fenwick,0,4220300,49100,354300,3109900,128800,0,485200,4000000,4,99999
i64,equal_ends,100000,1,B_indirect_fenwick,0,4847400,49600,13500,4003200,208700,0,571800,2400000,4,99999
i64,equal_ends,100000,1,C_packed_segment,0,4484100,49400,350500,3205500,221700,0,563400,4000000,4,99999
i64,equal_ends,100000,1,D_frontier,0,7691800,49400,357600,3157200,0,12600,3977400,4248576,18,99999
i64,equal_ends,100000,1,D_sorted_frontier,0,7638500,50100,388400,3087200,0,9900,3977300,4248576,18,99999
i64,equal_ends,100000,1,D_append_frontier,0,4157800,49400,345600,3119800,0,10900,496400,4248576,18,99999
i64,equal_ends,100000,1,D_sorted_append_frontier,0,4041600,49700,389200,3062700,0,9600,405300,4248576,18,99999
i64,equal_ends,100000,1,A_sorted_fenwick,1,4181900,49100,346500,3073900,144000,0,477300,4000000,4,99999
i64,equal_ends,100000,1,B_indirect_fenwick,1,4870700,49200,13400,3996800,210700,0,599600,2400000,4,99999
i64,equal_ends,100000,1,C_packed_segment,1,4370200,49300,367900,3087400,223500,0,557000,4000000,4,99999
i64,equal_ends,100000,1,D_frontier,1,7660700,49400,354400,3088000,0,10500,4018800,4248576,18,99999
i64,equal_ends,100000,1,D_sorted_frontier,1,7700400,51800,402000,3117500,0,9700,3986700,4248576,18,99999
i64,equal_ends,100000,1,D_append_frontier,1,4049300,49200,349400,3081200,0,9700,426400,4248576,18,99999
i64,equal_ends,100000,1,D_sorted_append_frontier,1,4176900,54400,392900,3090700,0,10300,500300,4248576,18,99999
i64,equal_ends,100000,1,A_packed_fenwick,1,4213900,49100,345800,3105700,133700,0,487500,4000000,4,99999
i64,equal_ends,100000,1,B_indirect_fenwick,2,4924400,49100,13500,4075500,212500,0,573100,2400000,4,99999
i64,equal_ends,100000,1,C_packed_segment,2,4334800,49200,353800,3081200,219200,0,549600,4000000,4,99999
i64,equal_ends,100000,1,D_frontier,2,7701600,49400,396000,3119300,0,14900,3978900,4248576,18,99999
i64,equal_ends,100000,1,D_sorted_frontier,2,7643400,50800,406300,3088100,0,10300,3961500,4248576,18,99999
i64,equal_ends,100000,1,D_append_frontier,2,4137100,49000,349800,3112800,0,10500,477400,4248576,18,99999
i64,equal_ends,100000,1,D_sorted_append_frontier,2,4086300,49900,406900,3069300,0,11000,422000,4248576,18,99999
i64,equal_ends,100000,1,A_packed_fenwick,2,4519200,49300,350600,3403400,137700,0,481400,4000000,4,99999
i64,equal_ends,100000,1,A_sorted_fenwick,2,4218200,49000,401500,3050600,128500,0,492000,4000000,4,99999
i64,equal_ends,100000,1,C_packed_segment,3,4242200,62100,354700,3071800,129200,0,531500,4000000,4,99999
i64,equal_ends,100000,1,D_frontier,3,7635400,49000,382400,3084400,0,11000,3974100,4248576,18,99999
i64,equal_ends,100000,1,D_sorted_frontier,3,7615300,49400,354000,3079700,0,10200,3977000,4248576,18,99999
i64,equal_ends,100000,1,D_append_frontier,3,4070900,49400,407500,3072300,0,9800,399000,4248576,18,99999
i64,equal_ends,100000,1,D_sorted_append_frontier,3,4307700,49000,348400,3169400,0,26300,551400,4248576,18,99999
i64,equal_ends,100000,1,A_packed_fenwick,3,4372400,66400,398400,3187200,137900,0,491700,4000000,4,99999
i64,equal_ends,100000,1,A_sorted_fenwick,3,4203800,49400,362600,3074900,140300,0,477500,4000000,4,99999
i64,equal_ends,100000,1,B_indirect_fenwick,3,4848900,49100,13500,4006400,212300,0,566800,2400000,4,99999
i64,equal_ends,100000,1,D_frontier,4,7729800,54100,351300,3121600,0,11100,4055700,4248576,18,99999
i64,equal_ends,100000,1,D_sorted_frontier,4,7641800,49100,400300,3079900,0,9900,3969000,4248576,18,99999
i64,equal_ends,100000,1,D_append_frontier,4,4293800,49300,350400,3329500,0,13800,409000,4248576,18,99999
i64,equal_ends,100000,1,D_sorted_append_frontier,4,4582200,51900,405200,3353800,0,12300,601900,4248576,18,99999
i64,equal_ends,100000,1,A_packed_fenwick,4,6155500,62900,447300,4342800,318900,0,832200,4000000,4,99999
i64,equal_ends,100000,1,A_sorted_fenwick,4,5426300,91100,501700,3866400,323600,0,545200,4000000,4,99999
i64,equal_ends,100000,1,B_indirect_fenwick,4,5359600,53600,13400,4336000,328800,0,569100,2400000,4,99999
i64,equal_ends,100000,1,C_packed_segment,4,5794500,49400,367900,3951100,467600,0,846400,4000000,4,99999
i64,equal_ends,1000000,1,A_packed_fenwick,0,56846600,917200,4113700,38076800,4441000,0,8264500,40000000,4,999999
i64,equal_ends,1000000,1,A_sorted_fenwick,0,56529600,986400,4100400,37924600,4461400,0,8095200,40000000,4,999999
i64,equal_ends,1000000,1,B_indirect_fenwick,0,90346500,981300,1157400,59828400,4047800,0,23961500,24000000,4,999999
i64,equal_ends,1000000,1,C_packed_segment,0,58809300,964500,4067300,39625100,4516900,0,8673000,40000000,4,999999
i64,equal_ends,1000000,1,D_frontier,0,96878800,1046600,4097000,37940600,0,37400,52525900,40388608,21,999999
i64,equal_ends,1000000,1,D_sorted_frontier,0,96117300,1029300,4147200,37669800,0,43000,51989500,40388608,21,999999
i64,equal_ends,1000000,1,D_append_frontier,0,58324300,1038700,4390200,38242700,0,37400,13357900,40388608,21,999999
i64,equal_ends,1000000,1,D_sorted_append_frontier,0,58333700,1012700,4424600,38268200,0,30700,13339400,40388608,21,999999
i64,equal_ends,1000000,1,A_sorted_fenwick,1,58396100,1009100,4157700,38404200,5148100,0,8663100,40000000,4,999999
i64,equal_ends,1000000,1,B_indirect_fenwick,1,91850500,1016500,1036900,61940800,4140200,0,23357800,24000000,4,999999
i64,equal_ends,1000000,1,C_packed_segment,1,57860400,924200,4149100,37863400,4468800,0,9487100,40000000,4,999999
i64,equal_ends,1000000,1,D_frontier,1,96841100,978300,4387400,38216600,0,40100,51967900,40388608,21,999999
i64,equal_ends,1000000,1,D_sorted_frontier,1,97617500,1000900,4268300,37701400,0,36000,53362500,40388608,21,999999
i64,equal_ends,1000000,1,D_append_frontier,1,56746000,985600,4134000,37700800,0,38700,12570900,40388608,21,999999
i64,equal_ends,1000000,1,D_sorted_append_frontier,1,56936100,1069400,4135100,37865300,0,39300,12587400,40388608,21,999999
i64,equal_ends,1000000,1,A_packed_fenwick,1,56561900,1008600,4265800,37640600,4452000,0,8234900,40000000,4,999999
i64,equal_ends,1000000,1,B_indirect_fenwick,2,100593900,1000000,1072700,62717500,5050800,0,30338200,24000000,4,999999
i64,equal_ends,1000000,1,C_packed_segment,2,74208200,1129700,4887200,52621100,4696600,0,9919200,40000000,4,999999
i64,equal_ends,1000000,1,D_frontier,2,97494400,1016700,4245500,38615800,0,26700,52330800,40388608,21,999999
i64,equal_ends,1000000,1,D_sorted_frontier,2,110129500,1096300,4448200,48590100,0,23000,54726300,40388608,21,999999
i64,equal_ends,1000000,1,D_append_frontier,2,57732200,1034100,4428900,38215600,0,31100,12788800,40388608,21,999999
i64,equal_ends,1000000,1,D_sorted_append_frontier,2,58029300,1057200,4127500,38393500,0,39200,13144900,40388608,21,999999
i64,equal_ends,1000000,1,A_packed_fenwick,2,56619500,1049600,4125600,37809700,4636300,0,8017300,40000000,4,999999
i64,equal_ends,1000000,1,A_sorted_fenwick,2,56574300,1021800,4128100,37655600,4429700,0,8325200,40000000,4,999999
i64,equal_ends,1000000,1,C_packed_segment,3,57388600,989300,4080000,37838300,4413200,0,9091900,40000000,4,999999
i64,equal_ends,1000000,1,D_frontier,3,103519300,1117000,4809500,43219400,0,34900,53086500,40388608,21,999999
i64,equal_ends,1000000,1,D_sorted_frontier,3,102232100,1174900,4246000,41643500,0,48500,53871900,40388608,21,999999
i64,equal_ends,1000000,1,D_append_frontier,3,57139400,942500,4121900,37972700,0,39000,12791100,40388608,21,999999
i64,equal_ends,1000000,1,D_sorted_append_frontier,3,57334900,977700,4139100,37995400,0,39200,12907300,40388608,21,999999
i64,equal_ends,1000000,1,A_packed_fenwick,3,62988400,973900,4156800,38679800,5358800,0,12780500,40000000,4,999999
i64,equal_ends,1000000,1,A_sorted_fenwick,3,79753200,1060600,4800100,55751800,5471100,0,11622700,40000000,4,999999
i64,equal_ends,1000000,1,B_indirect_fenwick,3,107259300,1134700,1160200,78127200,4122100,0,22315900,24000000,4,999999
i64,equal_ends,1000000,1,D_frontier,4,95783600,944800,4108600,37965600,0,38400,51491700,40388608,21,999999
i64,equal_ends,1000000,1,D_sorted_frontier,4,96511600,1011900,4209900,37821200,0,36600,52174000,40388608,21,999999
i64,equal_ends,1000000,1,D_append_frontier,4,56845700,990500,4141500,38104500,0,39700,12304800,40388608,21,999999
i64,equal_ends,1000000,1,D_sorted_append_frontier,4,61368500,1014900,4112500,40326900,0,28100,14474600,40388608,21,999999
i64,equal_ends,1000000,1,A_packed_fenwick,4,63474500,1023900,4737500,39295900,4486600,0,12927700,40000000,4,999999
i64,equal_ends,1000000,1,A_sorted_fenwick,4,59488900,1226500,4577200,39871000,4468400,0,8348700,40000000,4,999999
i64,equal_ends,1000000,1,B_indirect_fenwick,4,90950000,1107900,1092000,59849600,4297700,0,24225100,24000000,4,999999
i64,equal_ends,1000000,1,C_packed_segment,4,61202000,919100,4270300,41286000,4642500,0,9121000,40000000,4,999999
i64,equal_ends,3000000,1,A_packed_fenwick,0,286043800,2627900,12798300,128267400,13527400,0,126148000,120000000,4,2999999
i64,equal_ends,3000000,1,A_sorted_fenwick,0,251552800,3007800,13359700,131337600,13737300,0,87431800,120000000,4,2999999
i64,equal_ends,3000000,1,B_indirect_fenwick,0,490212100,2853900,3194100,336416500,12979800,0,133851500,72000000,4,2999999
i64,equal_ends,3000000,1,C_packed_segment,0,285235500,2772600,12813600,131473800,14835900,0,120596600,120000000,4,2999999
i64,equal_ends,3000000,1,D_frontier,0,335700300,3034300,13367700,133923100,0,35700,181745400,129554432,23,2999999
i64,equal_ends,3000000,1,D_sorted_frontier,0,331431600,2742000,12869800,129913600,0,40800,182340100,129554432,23,2999999
i64,equal_ends,3000000,1,D_append_frontier,0,204006100,2727100,12998900,130206200,0,36800,54477200,129554432,23,2999999
i64,equal_ends,3000000,1,D_sorted_append_frontier,0,206347800,2734100,13129600,136297200,0,39800,50658100,129554432,23,2999999
i64,equal_ends,3000000,1,A_sorted_fenwick,1,255538000,2804600,14254200,132726200,14096700,0,88883500,120000000,4,2999999
i64,equal_ends,3000000,1,B_indirect_fenwick,1,494234300,2750900,3244900,335994300,12901700,0,138390500,72000000,4,2999999
i64,equal_ends,3000000,1,C_packed_segment,1,271418000,3022300,13042000,135869600,13817900,0,102996900,120000000,4,2999999
i64,equal_ends,3000000,1,D_frontier,1,339178600,2870100,12929100,135577100,0,25700,184326300,129554432,23,2999999
i64,equal_ends,3000000,1,D_sorted_frontier,1,329461500,2889300,12772700,128320800,0,38600,181942500,129554432,23,2999999
i64,equal_ends,3000000,1,D_append_frontier,1,202601700,2737000,12834600,132819700,0,39600,50669000,129554432,23,2999999
i64,equal_ends,3000000,1,D_sorted_append_frontier,1,204089700,2742100,12924700,132838900,0,31900,51967400,129554432,23,2999999
i64,equal_ends,3000000,1,A_packed_fenwick,1,257527200,2606500,12830600,134809900,14075000,0,90430600,120000000,4,2999999
i64,equal_ends,3000000,1,B_indirect_fenwick,2,520880300,2688900,3241100,353728900,13197200,0,147084500,72000000,4,2999999
i64,equal_ends,3000000,1,C_packed_segment,2,263092900,2771400,12820100,128421700,14180800,0,101205100,120000000,4,2999999
i64,equal_ends,3000000,1,D_frontier,2,329438500,2795500,12830200,128179700,0,39500,182118300,129554432,23,2999999
i64,equal_ends,3000000,1,D_sorted_frontier,2,332616300,2723900,12784000,128215600,0,39900,185282700,129554432,23,2999999
i64,equal_ends,3000000,1,D_append_frontier,2,236325000,2812600,12850700,157036100,0,23900,60105500,129554432,23,2999999
i64,equal_ends,3000000,1,D_sorted_append_frontier,2,198048300,2794200,12817700,128657900,0,40400,50160000,129554432,23,2999999
i64,equal_ends,3000000,1,A_packed_fenwick,2,259658300,2791500,12734000,136221100,14206200,0,90915200,120000000,4,2999999
i64,equal_ends,3000000,1,A_sorted_fenwick,2,261826500,2727200,13696700,129572100,13571000,0,99568500,120000000,4,2999999
i64,equal_ends,3000000,1,C_packed_segment,3,272884600,2915400,12573900,130566200,14007100,0,110100000,120000000,4,2999999
i64,equal_ends,3000000,1,D_frontier,3,333677700,2753300,13523400,128932900,0,41100,184912800,129554432,23,2999999
i64,equal_ends,3000000,1,D_sorted_frontier,3,342275200,3278300,14687100,131772200,0,40900,188936400,129554432,23,2999999
i64,equal_ends,3000000,1,D_append_frontier,3,216385200,2667100,13848200,144855600,0,37800,51454900,129554432,23,2999999
i64,equal_ends,3000000,1,D_sorted_append_frontier,3,208528700,2518300,13631200,138458900,0,39200,50257500,129554432,23,2999999
i64,equal_ends,3000000,1,A_packed_fenwick,3,254061200,2824200,12895000,130190400,13540200,0,91939700,120000000,4,2999999
i64,equal_ends,3000000,1,A_sorted_fenwick,3,273107900,3243200,12996200,137266600,13758800,0,102720700,120000000,4,2999999
i64,equal_ends,3000000,1,B_indirect_fenwick,3,578129900,3667700,4120100,402937500,13388900,0,153056200,72000000,4,2999999
i64,equal_ends,3000000,1,D_frontier,4,350465900,3526000,13899700,139699000,0,24500,189751600,129554432,23,2999999
i64,equal_ends,3000000,1,D_sorted_frontier,4,340378800,3185400,15876500,136759800,0,33700,180953500,129554432,23,2999999
i64,equal_ends,3000000,1,D_append_frontier,4,202548200,2928200,12877600,131797800,0,22100,51003700,129554432,23,2999999
i64,equal_ends,3000000,1,D_sorted_append_frontier,4,207199100,2771900,13432000,132531500,0,25800,54653200,129554432,23,2999999
i64,equal_ends,3000000,1,A_packed_fenwick,4,269980300,3002600,13309400,138697600,14013300,0,98204600,120000000,4,2999999
i64,equal_ends,3000000,1,A_sorted_fenwick,4,354252700,2794200,13656200,150156000,16511000,0,167484700,120000000,4,2999999
i64,equal_ends,3000000,1,B_indirect_fenwick,4,499080700,3414000,4184900,343391700,13008900,0,134149200,72000000,4,2999999
i64,equal_ends,3000000,1,C_packed_segment,4,280952900,2889700,12755100,136740200,15366900,0,110560700,120000000,4,2999999
i64,empty,1000,1,A_packed_fenwick,0,37200,500,800,20100,13300,0,2000,40000,4,0
i64,empty,1000,1,A_sorted_fenwick,0,36800,500,800,20100,13000,0,1700,40000,4,0
i64,empty,1000,1,B_indirect_fenwick,0,52100,600,200,35900,13000,0,2200,24000,4,0
i64,empty,1000,1,C_packed_segment,0,41600,600,900,22900,13300,0,3700,40000,4,0
i64,empty,1000,1,D_frontier,0,24500,500,800,21200,0,100,1300,32032,3,0
i64,empty,1000,1,D_sorted_frontier,0,23200,500,900,20200,0,100,1100,32032,3,0
i64,empty,1000,1,D_append_frontier,0,22900,500,900,19800,0,100,1200,32032,3,0
i64,empty,1000,1,D_sorted_append_frontier,0,22700,600,800,19600,0,100,1100,32032,3,0
i64,empty,1000,1,A_sorted_fenwick,1,36000,500,900,19500,13000,0,1800,40000,4,0
i64,empty,1000,1,B_indirect_fenwick,1,49600,500,200,33700,12800,0,2000,24000,4,0
i64,empty,1000,1,C_packed_segment,1,39800,600,900,21700,12900,0,3400,40000,4,0
i64,empty,1000,1,D_frontier,1,23200,600,800,20200,0,100,1200,32032,3,0
i64,empty,1000,1,D_sorted_frontier,1,22600,500,800,19400,0,200,1300,32032,3,0
i64,empty,1000,1,D_append_frontier,1,22300,500,900,19300,0,100,1200,32032,3,0
i64,empty,1000,1,D_sorted_append_frontier,1,22100,600,800,19100,0,100,1100,32032,3,0
i64,empty,1000,1,A_packed_fenwick,1,45100,500,900,24200,16600,0,1900,40000,4,0
i64,empty,1000,1,B_indirect_fenwick,2,49100,500,400,32700,13000,0,2100,24000,4,0
i64,empty,1000,1,C_packed_segment,2,39800,500,1200,21300,12900,0,3400,40000,4,0
i64,empty,1000,1,D_frontier,2,23400,500,1000,20000,0,200,1400,32032,3,0
i64,empty,1000,1,D_sorted_frontier,2,30400,600,800,19300,0,100,9200,32032,3,0
i64,empty,1000,1,D_append_frontier,2,22300,500,800,19200,0,100,1200,32032,3,0
i64,empty,1000,1,D_sorted_append_frontier,2,97900,500,800,19200,0,100,1100,32032,3,0
i64,empty,1000,1,A_packed_fenwick,2,55000,500,19600,19400,13200,0,1800,40000,4,0
i64,empty,1000,1,A_sorted_fenwick,2,35500,600,900,19300,12900,0,1600,40000,4,0
i64,empty,1000,1,C_packed_segment,3,37300,500,800,19200,12900,0,3400,40000,4,0
i64,empty,1000,1,D_frontier,3,22400,500,900,19300,0,200,1200,32032,3,0
i64,empty,1000,1,D_sorted_frontier,3,22200,500,900,19100,0,100,1300,32032,3,0
i64,empty,1000,1,D_append_frontier,3,21900,500,800,18900,0,100,1200,32032,3,0
i64,empty,1000,1,D_sorted_append_frontier,3,21900,500,800,18900,0,100,1200,32032,3,0
i64,empty,1000,1,A_packed_fenwick,3,34800,500,800,18800,12700,0,1600,40000,4,0
i64,empty,1000,1,A_sorted_fenwick,3,34900,500,900,19000,12600,0,1600,40000,4,0
i64,empty,1000,1,B_indirect_fenwick,3,46700,500,200,30800,12900,0,2100,24000,4,0
i64,empty,1000,1,D_frontier,4,23300,500,800,20300,0,100,1200,32032,3,0
i64,empty,1000,1,D_sorted_frontier,4,22400,500,900,19200,0,200,1300,32032,3,0
i64,empty,1000,1,D_append_frontier,4,22000,500,900,19000,0,100,1200,32032,3,0
i64,empty,1000,1,D_sorted_append_frontier,4,21900,500,800,18900,0,100,1200,32032,3,0
i64,empty,1000,1,A_packed_fenwick,4,35000,500,800,18900,12800,0,1700,40000,4,0
i64,empty,1000,1,A_sorted_fenwick,4,35000,500,900,19000,12700,0,1600,40000,4,0
i64,empty,1000,1,B_indirect_fenwick,4,45100,500,200,29500,12700,0,2000,24000,4,0
i64,empty,1000,1,C_packed_segment,4,37900,500,900,20200,12700,0,3200,40000,4,0
i64,empty,10000,1,A_packed_fenwick,0,540400,4900,7700,405600,106100,0,15500,400000,4,0
i64,empty,10000,1,A_sorted_fenwick,0,539800,5000,7700,405300,106200,0,15400,400000,4,0
i64,empty,10000,1,B_indirect_fenwick,0,622700,5000,1500,459000,131500,0,25200,240000,4,0
i64,empty,10000,1,C_packed_segment,0,550100,5000,8000,414400,107000,0,15200,400000,4,0
i64,empty,10000,1,D_frontier,0,457100,5000,7800,425000,0,1800,16400,320032,3,0
i64,empty,10000,1,D_sorted_frontier,0,436200,4900,7800,406000,0,1100,15900,320032,3,0
i64,empty,10000,1,D_append_frontier,0,435400,4900,7600,405500,0,1000,15900,320032,3,0
i64,empty,10000,1,D_sorted_append_frontier,0,448200,4900,7600,418000,0,1200,15800,320032,3,0
i64,empty,10000,1,A_sorted_fenwick,1,548800,4900,7700,405700,113800,0,15800,400000,4,0
i64,empty,10000,1,B_indirect_fenwick,1,577700,5000,1800,440000,105900,0,24300,240000,4,0
i64,empty,10000,1,C_packed_segment,1,542500,4900,7800,406700,106200,0,16400,400000,4,0
i64,empty,10000,1,D_frontier,1,444000,5000,7800,413300,0,1300,16000,320032,3,0
i64,empty,10000,1,D_sorted_frontier,1,435300,5000,7700,405300,0,1000,15900,320032,3,0
i64,empty,10000,1,D_append_frontier,1,445100,4900,7600,414900,0,1000,16100,320032,3,0
i64,empty,10000,1,D_sorted_append_frontier,1,437700,4900,7700,407800,0,1000,15900,320032,3,0
i64,empty,10000,1,A_packed_fenwick,1,600100,5000,7700,416600,150600,0,19200,400000,4,0
i64,empty,10000,1,B_indirect_fenwick,2,592800,8600,2300,449900,106700,0,24500,240000,4,0
i64,empty,10000,1,C_packed_segment,2,545600,5000,7800,408900,106900,0,16500,400000,4,0
i64,empty,10000,1,D_frontier,2,439200,5000,7800,408700,0,1200,16100,320032,3,0
i64,empty,10000,1,D_sorted_frontier,2,447100,5000,7700,416400,0,1200,16200,320032,3,0
i64,empty,10000,1,D_append_frontier,2,437900,5000,7700,407800,0,1100,16000,320032,3,0
i64,empty,10000,1,D_sorted_append_frontier,2,438200,5000,7700,408100,0,1000,16000,320032,3,0
i64,empty,10000,1,A_packed_fenwick,2,542600,5000,7800,407600,106600,0,15200,400000,4,0
i64,empty,10000,1,A_sorted_fenwick,2,547300,5000,7700,411000,106800,0,16400,400000,4,0
i64,empty,10000,1,C_packed_segment,3,543700,5000,7800,406700,106600,0,17000,400000,4,0
i64,empty,10000,1,D_frontier,3,437000,5000,7700,406900,0,1100,15900,320032,3,0
i64,empty,10000,1,D_sorted_frontier,3,438000,4900,7700,407800,0,1000,16100,320032,3,0
i64,empty,10000,1,D_append_frontier,3,443100,5000,7700,412700,0,1100,16100,320032,3,0
i64,empty,10000,1,D_sorted_append_frontier,3,437700,5000,7700,407500,0,1000,16000,320032,3,0
i64,empty,10000,1,A_packed_fenwick,3,543500,5000,7800,407300,106600,0,16400,400000,4,0
i64,empty,10000,1,A_sorted_fenwick,3,542600,5000,7700,406400,106700,0,16300,400000,4,0
i64,empty,10000,1,B_indirect_fenwick,3,595400,4900,1500,456000,107600,0,24700,240000,4,0
i64,empty,10000,1,D_frontier,4,442400,5000,7800,408400,0,1200,19400,320032,3,0
i64,empty,10000,1,D_sorted_frontier,4,438500,4900,7700,408400,0,1000,16000,320032,3,0
i64,empty,10000,1,D_append_frontier,4,476400,5000,7800,407600,0,1100,16000,320032,3,0
i64,empty,10000,1,D_sorted_append_frontier,4,531800,5000,41900,446800,0,21500,16100,320032,3,0
i64,empty,10000,1,A_packed_fenwick,4,579900,5000,7900,418100,128500,0,19600,400000,4,0
i64,empty,10000,1,A_sorted_fenwick,4,593500,5100,10400,453200,108300,0,15900,400000,4,0
i64,empty,10000,1,B_indirect_fenwick,4,596400,5000,1600,443400,106400,0,39500,240000,4,0
i64,empty,10000,1,C_packed_segment,4,549500,5000,7800,413300,107000,0,15900,400000,4,0
i64,empty,100000,1,A_packed_fenwick,0,6285400,49100,353000,4603200,1043200,0,144700,4000000,4,0
i64,empty,100000,1,A_sorted_fenwick,0,6471800,49000,403600,4661600,1122700,0,144500,4000000,4,0
i64,empty,100000,1,B_indirect_fenwick,0,7223100,49100,13500,5725500,1129400,0,304500,2400000,4,0
i64,empty,100000,1,C_packed_segment,0,6797600,49500,430600,4876200,1175600,0,157600,4000000,4,0
i64,empty,100000,1,D_frontier,0,5543200,56300,407900,4795300,0,16000,176500,3200032,3,0
i64,empty,100000,1,D_sorted_frontier,0,5404500,51800,369000,4695700,0,12100,175400,3200032,3,0
i64,empty,100000,1,D_append_frontier,0,5397600,49900,390900,4677000,0,10300,171600,3200032,3,0
i64,empty,100000,1,D_sorted_append_frontier,0,5369800,57900,359300,4675200,0,10500,171700,3200032,3,0
i64,empty,100000,1,A_sorted_fenwick,1,6489500,49400,427100,4710000,1063400,0,146300,4000000,4,0
i64,empty,100000,1,B_indirect_fenwick,1,7324400,49400,13600,5618900,1352800,0,288700,2400000,4,0
i64,empty,100000,1,C_packed_segment,1,6499800,58300,423500,4647100,1139800,0,144100,4000000,4,0
i64,empty,100000,1,D_frontier,1,5342300,49400,363800,4653900,0,10400,171800,3200032,3,0
i64,empty,100000,1,D_sorted_frontier,1,5423600,49400,390500,4708200,0,11000,172600,3200032,3,0
i64,empty,100000,1,D_append_frontier,1,5365500,50000,357500,4677400,0,11300,172000,3200032,3,0
i64,empty,100000,1,D_sorted_append_frontier,1,5388500,49700,394100,4672600,0,10800,171700,3200032,3,0
i64,empty,100000,1,A_packed_fenwick,1,6361000,49400,357600,4665500,1041900,0,150400,4000000,4,0
i64,empty,100000,1,B_indirect_fenwick,2,7119800,49400,13600,5620100,1148100,0,287700,2400000,4,0
i64,empty,100000,1,C_packed_segment,2,6817500,49600,370500,4789600,1336500,0,162000,4000000,4,0
i64,empty,100000,1,D_frontier,2,5505100,55000,399100,4655700,0,117100,180000,3200032,3,0
i64,empty,100000,1,D_sorted_frontier,2,5394400,49400,391000,4669700,0,12100,172400,3200032,3,0
i64,empty,100000,1,D_append_frontier,2,5557300,51500,463000,4759100,0,11500,179000,3200032,3,0
i64,empty,100000,1,D_sorted_append_frontier,2,5452400,50300,382400,4707300,0,10300,184300,3200032,3,0
i64,empty,100000,1,A_packed_fenwick,2,6799500,49700,392200,4662800,1143700,0,157700,4000000,4,0
i64,empty,100000,1,A_sorted_fenwick,2,7071400,53400,395100,4731200,1639400,0,150200,4000000,4,0
i64,empty,100000,1,C_packed_segment,3,6894300,52600,442000,4989700,1127300,0,182700,4000000,4,0
i64,empty,100000,1,D_frontier,3,5420000,53600,385000,4688200,0,18400,171900,3200032,3,0
i64,empty,100000,1,D_sorted_frontier,3,5377300,49900,402800,4640700,0,9600,171600,3200032,3,0
i64,empty,100000,1,D_append_frontier,3,5387300,49400,349600,4686500,0,10400,195000,3200032,3,0
i64,empty,100000,1,D_sorted_append_frontier,3,5496000,49400,419200,4745500,0,10400,174700,3200032,3,0
i64,empty,100000,1,A_packed_fenwick,3,6365000,50800,350700,4672600,1049000,0,146900,4000000,4,0
i64,empty,100000,1,A_sorted_fenwick,3,6680500,49600,402000,4863700,1126000,0,147400,4000000,4,0
i64,empty,100000,1,B_indirect_fenwick,3,8167000,51300,13600,6308500,1432300,0,360200,2400000,4,0
i64,empty,100000,1,D_frontier,4,5430100,49400,387800,4681000,0,19300,171700,3200032,3,0
i64,empty,100000,1,D_sorted_frontier,4,5447000,49500,415500,4706800,0,12000,173600,3200032,3,0
i64,empty,100000,1,D_append_frontier,4,5426200,49300,373600,4674700,0,10900,190600,3200032,3,0
i64,empty,100000,1,D_sorted_append_frontier,4,5396500,50100,394500,4680700,0,10900,171800,3200032,3,0
i64,empty,100000,1,A_packed_fenwick,4,6512600,49300,404100,4662200,1151600,0,146700,4000000,4,0
i64,empty,100000,1,A_sorted_fenwick,4,6468700,49300,393300,4696700,1094800,0,147000,4000000,4,0
i64,empty,100000,1,B_indirect_fenwick,4,7234600,49800,13800,5748600,1132400,0,289000,2400000,4,0
i64,empty,100000,1,C_packed_segment,4,6467700,49800,363900,4672700,1137200,0,145200,4000000,4,0
i64,empty,1000000,1,A_packed_fenwick,0,79060100,1022600,4836400,54943400,13875500,0,3456000,40000000,4,0
i64,empty,1000000,1,A_sorted_fenwick,0,80214100,943700,5046000,55602100,13456600,0,3819000,40000000,4,0
i64,empty,1000000,1,B_indirect_fenwick,0,115148100,1110700,1100800,85343700,13126600,0,14095900,24000000,4,0
i64,empty,1000000,1,C_packed_segment,0,77045800,864400,4115200,53927400,13620500,0,3559500,40000000,4,0
i64,empty,1000000,1,D_frontier,0,66698200,937300,4094400,55585400,0,44800,5072400,32000032,3,0
i64,empty,1000000,1,D_sorted_frontier,0,72041100,1092100,4439100,58942600,0,36800,6385600,32000032,3,0
i64,empty,1000000,1,D_append_frontier,0,91406500,1138700,5245500,76846800,0,42500,6885300,32000032,3,0
i64,empty,1000000,1,D_sorted_append_frontier,0,90313600,1286400,5182700,76350300,0,40100,6264100,32000032,3,0
i64,empty,1000000,1,A_sorted_fenwick,1,109840500,1197000,5427700,76652700,20238900,0,5159600,40000000,4,0
i64,empty,1000000,1,B_indirect_fenwick,1,170023600,1248000,1374800,137199100,14535100,0,15298500,24000000,4,0
i64,empty,1000000,1,C_packed_segment,1,76899300,1012200,4187100,53874000,13458100,0,3440400,40000000,4,0
i64,empty,1000000,1,D_frontier,1,64725200,959400,4078700,53948400,0,38600,4767800,32000032,3,0
i64,empty,1000000,1,D_sorted_frontier,1,64997600,1001500,4070800,54076000,0,37300,4867200,32000032,3,0
i64,empty,1000000,1,D_append_frontier,1,64575900,950200,4136300,53576200,0,39000,4928400,32000032,3,0
i64,empty,1000000,1,D_sorted_append_frontier,1,64388500,926200,4093200,53737300,0,32800,4668800,32000032,3,0
i64,empty,1000000,1,A_packed_fenwick,1,76710000,987700,4086200,53691500,13419300,0,3563700,40000000,4,0
i64,empty,1000000,1,B_indirect_fenwick,2,113034600,976000,1063000,83504000,13083300,0,14031200,24000000,4,0
i64,empty,1000000,1,C_packed_segment,2,76534200,929800,4056300,53613700,13595500,0,3387100,40000000,4,0
i64,empty,1000000,1,D_frontier,2,64407000,920700,4074400,53738600,0,38400,4673400,32000032,3,0
i64,empty,1000000,1,D_sorted_frontier,2,66943300,981600,4057800,56325000,0,34100,4573500,32000032,3,0
i64,empty,1000000,1,D_append_frontier,2,73038500,976400,4131700,62223600,0,29200,4714400,32000032,3,0
i64,empty,1000000,1,D_sorted_append_frontier,2,65485400,921700,4118300,54729500,0,37700,4686400,32000032,3,0
i64,empty,1000000,1,A_packed_fenwick,2,78961500,1085300,4143400,55486000,13736600,0,3550400,40000000,4,0
i64,empty,1000000,1,A_sorted_fenwick,2,79314000,1010500,4360200,55508300,13984800,0,3491400,40000000,4,0
i64,empty,1000000,1,C_packed_segment,3,77599300,1065300,4542800,54183900,13448800,0,3414400,40000000,4,0
i64,empty,1000000,1,D_frontier,3,64933600,946100,4171900,53997800,0,34100,4847000,32000032,3,0
i64,empty,1000000,1,D_sorted_frontier,3,69956600,925300,4084300,58201900,0,23300,5734000,32000032,3,0
i64,empty,1000000,1,D_append_frontier,3,65788700,1047200,4336200,54470600,0,24700,4950600,32000032,3,0
i64,empty,1000000,1,D_sorted_append_frontier,3,65791100,953900,4203800,54426600,0,36800,5189700,32000032,3,0
i64,empty,1000000,1,A_packed_fenwick,3,77674400,1015600,4298700,54376400,13404300,0,3625600,40000000,4,0
i64,empty,1000000,1,A_sorted_fenwick,3,77079300,984400,4077600,53951800,13579700,0,3539700,40000000,4,0
i64,empty,1000000,1,B_indirect_fenwick,3,112649300,975600,1051500,83192700,12946200,0,14012200,24000000,4,0
i64,empty,1000000,1,D_frontier,4,66755000,909000,4061000,55591200,0,28700,5068300,32000032,3,0
i64,empty,1000000,1,D_sorted_frontier,4,83393100,1031200,4798100,71205800,0,41100,5355300,32000032,3,0
i64,empty,1000000,1,D_append_frontier,4,66495500,1037500,4481000,55235300,0,33500,4734700,32000032,3,0
i64,empty,1000000,1,D_sorted_append_frontier,4,65133700,1018700,4157300,53931900,0,41700,5004500,32000032,3,0
i64,empty,1000000,1,A_packed_fenwick,4,77947500,958100,4131300,54027800,13515200,0,4339900,40000000,4,0
i64,empty,1000000,1,A_sorted_fenwick,4,78481400,1008000,4264700,55029100,13692500,0,3542200,40000000,4,0
i64,empty,1000000,1,B_indirect_fenwick,4,122646300,1128600,1419900,92817100,13076700,0,13757500,24000000,4,0
i64,empty,1000000,1,C_packed_segment,4,76651300,909400,4091500,53815000,13320000,0,3574800,40000000,4,0
i64,empty,3000000,1,A_packed_fenwick,0,255549800,2445200,12699100,175816900,41831000,0,20123800,120000000,4,0
i64,empty,3000000,1,A_sorted_fenwick,0,296113500,2721400,13012800,196395300,55583800,0,25245400,120000000,4,0
i64,empty,3000000,1,B_indirect_fenwick,0,656097700,3847600,4103300,550201800,41107400,0,55876000,72000000,4,0
i64,empty,3000000,1,C_packed_segment,0,260067800,2695700,12938800,180150200,41912000,0,19694200,120000000,4,0
i64,empty,3000000,1,D_frontier,0,223719400,2883900,14420900,180090900,0,40400,23612100,96000032,3,0
i64,empty,3000000,1,D_sorted_frontier,0,250962300,2734400,12815700,202490800,0,23600,30228800,96000032,3,0
i64,empty,3000000,1,D_append_frontier,0,219603300,3003600,13356200,176836500,0,38800,23693200,96000032,3,0
i64,empty,3000000,1,D_sorted_append_frontier,0,219176200,2779400,12655100,177038500,0,39800,24037500,96000032,3,0
i64,empty,3000000,1,A_sorted_fenwick,1,288176500,3008200,14724200,202999600,43899800,0,20775000,120000000,4,0
i64,empty,3000000,1,B_indirect_fenwick,1,612549200,2899600,3424900,508876900,40750200,0,55668100,72000000,4,0
i64,empty,3000000,1,C_packed_segment,1,277307700,2716900,12800800,197199700,41841800,0,20083900,120000000,4,0
i64,empty,3000000,1,D_frontier,1,223566300,2726700,14370900,179822600,0,21900,23927100,96000032,3,0
i64,empty,3000000,1,D_sorted_frontier,1,218008600,2797700,12819200,175767800,0,38500,23946400,96000032,3,0
i64,empty,3000000,1,D_append_frontier,1,218201200,2764200,12804200,175949200,0,40300,23978300,96000032,3,0
i64,empty,3000000,1,D_sorted_append_frontier,1,225043500,2711600,12807700,178543400,0,38100,27656800,96000032,3,0
i64,empty,3000000,1,A_packed_fenwick,1,256815300,2758300,12714200,176446300,41655900,0,20576000,120000000,4,0
i64,empty,3000000,1,B_indirect_fenwick,2,619810800,3332600,3889600,515198800,40943600,0,55501300,72000000,4,0
i64,empty,3000000,1,C_packed_segment,2,260586900,2796300,12600600,180928800,41821800,0,19798700,120000000,4,0
i64,empty,3000000,1,D_frontier,2,220744200,2719100,13422300,177870200,0,36200,24038700,96000032,3,0
i64,empty,3000000,1,D_sorted_frontier,2,218265600,2461400,12607000,176034100,0,33100,24427300,96000032,3,0
i64,empty,3000000,1,D_append_frontier,2,220283600,3027700,12783000,178008500,0,29300,23666700,96000032,3,0
i64,empty,3000000,1,D_sorted_append_frontier,2,247813300,2754600,13697000,205204900,0,39900,23451800,96000032,3,0
i64,empty,3000000,1,A_packed_fenwick,2,266494200,2704500,13533100,179638200,43154500,0,24736700,120000000,4,0
i64,empty,3000000,1,A_sorted_fenwick,2,274486900,2842000,14442000,189754700,43027800,0,21422500,120000000,4,0
i64,empty,3000000,1,C_packed_segment,3,264655900,3123500,14388600,182510900,41731800,0,20231200,120000000,4,0
i64,empty,3000000,1,D_frontier,3,231834700,2813400,14903200,186112800,0,37300,25125100,96000032,3,0
i64,empty,3000000,1,D_sorted_frontier,3,231493600,2645400,13337500,188481200,0,28000,24228300,96000032,3,0
i64,empty,3000000,1,D_append_frontier,3,220105100,2687100,12752100,178229600,0,44500,23627800,96000032,3,0
i64,empty,3000000,1,D_sorted_append_frontier,3,219654100,2751100,12777800,177528300,0,45600,23850500,96000032,3,0
i64,empty,3000000,1,A_packed_fenwick,3,287531500,3030500,15697600,204201400,42177700,0,19634400,120000000,4,0
i64,empty,3000000,1,A_sorted_fenwick,3,259401900,2714700,12851100,177462000,43345500,0,20289700,120000000,4,0
i64,empty,3000000,1,B_indirect_fenwick,3,668341700,2651300,3649700,552090600,42017700,0,66911300,72000000,4,0
i64,empty,3000000,1,D_frontier,4,228391000,2760200,13095300,181604600,0,42200,28110600,96000032,3,0
i64,empty,3000000,1,D_sorted_frontier,4,224513700,2721500,12753000,182831200,0,29300,23504500,96000032,3,0
i64,empty,3000000,1,D_append_frontier,4,219642000,2424300,12684200,177454000,0,39200,24344800,96000032,3,0
i64,empty,3000000,1,D_sorted_append_frontier,4,231632900,2813000,12893500,183335900,0,31600,28949600,96000032,3,0
i64,empty,3000000,1,A_packed_fenwick,4,261763000,3180600,14947600,179744200,41487300,0,19751200,120000000,4,0
i64,empty,3000000,1,A_sorted_fenwick,4,256133500,2781100,13401500,176301600,41476400,0,19523600,120000000,4,0
i64,empty,3000000,1,B_indirect_fenwick,4,727127600,2832400,3162000,614789700,43619400,0,61682100,72000000,4,0
i64,empty,3000000,1,C_packed_segment,4,290351000,3241700,14179400,195947700,47176000,0,26620200,120000000,4,0
i64,mixed,1000,1,A_packed_fenwick,0,45100,500,1100,21600,15500,0,5800,40000,4,4
i64,mixed,1000,1,A_sorted_fenwick,0,41100,500,800,19200,15100,0,4800,40000,4,4
i64,mixed,1000,1,B_indirect_fenwick,0,60100,500,200,36900,15300,0,6900,24000,4,4
i64,mixed,1000,1,C_packed_segment,0,114600,500,900,22600,15200,0,11600,40000,4,4
i64,mixed,1000,1,D_frontier,0,36700,500,9600,22100,0,200,3700,32064,4,4
i64,mixed,1000,1,D_sorted_frontier,0,24300,600,900,19200,0,100,3300,32064,4,4
i64,mixed,1000,1,D_append_frontier,0,23600,500,900,18300,0,100,3400,32064,4,4
i64,mixed,1000,1,D_sorted_append_frontier,0,23300,600,900,18100,0,100,3200,32064,4,4
i64,mixed,1000,1,A_sorted_fenwick,1,40500,500,800,18000,15300,0,5500,40000,4,4
i64,mixed,1000,1,B_indirect_fenwick,1,58400,1500,200,34800,15100,0,6500,24000,4,4
i64,mixed,1000,1,C_packed_segment,1,49300,800,900,21200,15000,0,11000,40000,4,4
i64,mixed,1000,1,D_frontier,1,25600,500,900,20400,0,100,3300,32064,4,4
i64,mixed,1000,1,D_sorted_frontier,1,23500,500,800,18300,0,100,3100,32064,4,4
i64,mixed,1000,1,D_append_frontier,1,23100,500,800,18000,0,100,3300,32064,4,4
i64,mixed,1000,1,D_sorted_append_frontier,1,23000,600,900,17900,0,100,3300,32064,4,4
i64,mixed,1000,1,A_packed_fenwick,1,40100,500,800,17800,15000,0,5400,40000,4,4
i64,mixed,1000,1,B_indirect_fenwick,2,56700,1500,200,33400,15100,0,6300,24000,4,4
i64,mixed,1000,1,C_packed_segment,2,47800,500,800,20200,15000,0,10700,40000,4,4
i64,mixed,1000,1,D_frontier,2,25100,500,800,19800,0,200,3300,32064,4,4
i64,mixed,1000,1,D_sorted_frontier,2,23200,500,800,18000,0,100,3300,32064,4,4
i64,mixed,1000,1,D_append_frontier,2,23000,500,800,17800,0,100,3400,32064,4,4
i64,mixed,1000,1,D_sorted_append_frontier,2,22900,600,800,17800,0,100,3200,32064,4,4
i64,mixed,1000,1,A_packed_fenwick,2,40000,500,900,17700,15000,0,5400,40000,4,4
i64,mixed,1000,1,A_sorted_fenwick,2,39200,500,900,18100,15000,0,4400,40000,4,4
i64,mixed,1000,1,C_packed_segment,3,44300,600,900,18000,14800,0,9600,40000,4,4
i64,mixed,1000,1,D_frontier,3,23900,600,900,18800,0,100,3200,32064,4,4
i64,mixed,1000,1,D_sorted_frontier,3,22800,500,800,17800,0,200,3200,32064,4,4
i64,mixed,1000,1,D_append_frontier,3,22900,500,900,17800,0,100,3300,32064,4,4
i64,mixed,1000,1,D_sorted_append_frontier,3,29200,600,900,23900,0,200,3400,32064,4,4
i64,mixed,1000,1,A_packed_fenwick,3,39300,500,900,17800,14900,0,4800,40000,4,4
i64,mixed,1000,1,A_sorted_fenwick,3,42500,500,900,17800,14800,0,8100,40000,4,4
i64,mixed,1000,1,B_indirect_fenwick,3,55300,600,200,33000,14800,0,6300,24000,4,4
i64,mixed,1000,1,D_frontier,4,25200,500,900,20100,0,200,3300,32064,4,4
i64,mixed,1000,1,D_sorted_frontier,4,23300,500,800,18100,0,100,3300,32064,4,4
i64,mixed,1000,1,D_append_frontier,4,22800,500,800,17700,0,100,3300,32064,4,4
i64,mixed,1000,1,D_sorted_append_frontier,4,22800,600,900,17700,0,100,3300,32064,4,4
i64,mixed,1000,1,A_packed_fenwick,4,38800,600,900,17700,14900,0,4400,40000,4,4
i64,mixed,1000,1,A_sorted_fenwick,4,38300,500,900,17900,14800,0,3800,40000,4,4
i64,mixed,1000,1,B_indirect_fenwick,4,54500,500,400,32500,14800,0,6000,24000,4,4
i64,mixed,1000,1,C_packed_segment,4,46700,500,800,19600,14800,0,10300,40000,4,4
i64,mixed,10000,1,A_packed_fenwick,0,668900,4900,7700,509000,127200,0,19500,400000,4,4
i64,mixed,10000,1,A_sorted_fenwick,0,680000,6300,8800,518400,126900,0,19100,400000,4,4
i64,mixed,10000,1,B_indirect_fenwick,0,606200,5000,1600,451600,126300,0,21300,240000,4,4
i64,mixed,10000,1,C_packed_segment,0,675300,4900,7800,511300,126700,0,23900,400000,4,4
i64,mixed,10000,1,D_frontier,0,550300,5000,7700,520700,0,1200,15300,320064,4,4
i64,mixed,10000,1,D_sorted_frontier,0,538700,5000,7700,509000,0,1100,15700,320064,4,4
i64,mixed,10000,1,D_append_frontier,0,537800,4900,7700,508800,0,1000,14900,320064,4,4
i64,mixed,10000,1,D_sorted_append_frontier,0,543200,5000,7700,514100,0,1100,15000,320064,4,4
i64,mixed,10000,1,A_sorted_fenwick,1,668300,5000,7700,509400,126700,0,19100,400000,4,4
i64,mixed,10000,1,B_indirect_fenwick,1,608800,5000,1500,453400,127100,0,21400,240000,4,4
i64,mixed,10000,1,C_packed_segment,1,698500,5000,7700,529500,131400,0,24100,400000,4,4
i64,mixed,10000,1,D_frontier,1,542700,5000,7800,512700,0,1200,15400,320064,4,4
i64,mixed,10000,1,D_sorted_frontier,1,546100,5000,7700,516400,0,1100,15500,320064,4,4
i64,mixed,10000,1,D_append_frontier,1,573400,5000,7700,535500,0,2700,21300,320064,4,4
i64,mixed,10000,1,D_sorted_append_frontier,1,665700,5400,9600,625900,0,2300,21100,320064,4,4
i64,mixed,10000,1,A_packed_fenwick,1,858000,5500,11400,636200,177700,0,26400,400000,4,4
i64,mixed,10000,1,B_indirect_fenwick,2,825500,8300,2000,606400,177100,0,30700,240000,4,4
i64,mixed,10000,1,C_packed_segment,2,842200,8000,10600,615000,173900,0,33500,400000,4,4
i64,mixed,10000,1,D_frontier,2,684100,5700,10400,643200,0,1800,22200,320064,4,4
i64,mixed,10000,1,D_sorted_frontier,2,671500,6300,11300,619300,0,1900,31700,320064,4,4
i64,mixed,10000,1,D_append_frontier,2,690900,5600,10500,647600,0,2400,23700,320064,4,4
i64,mixed,10000,1,D_sorted_append_frontier,2,688700,6000,11200,645500,0,1900,23100,320064,4,4
i64,mixed,10000,1,A_packed_fenwick,2,951600,6200,56800,640300,218200,0,29000,400000,4,4
i64,mixed,10000,1,A_sorted_fenwick,2,866900,6900,10900,644900,175400,0,27700,400000,4,4
i64,mixed,10000,1,C_packed_segment,3,886400,9300,10900,656700,174800,0,33600,400000,4,4
i64,mixed,10000,1,D_frontier,3,678600,5900,11200,635100,0,1900,23500,320064,4,4
i64,mixed,10000,1,D_sorted_frontier,3,644800,5300,10300,601300,0,2500,24100,320064,4,4
i64,mixed,10000,1,D_append_frontier,3,671500,6900,10300,628000,0,1800,23300,320064,4,4
i64,mixed,10000,1,D_sorted_append_frontier,3,676900,5400,10500,634500,0,2200,23000,320064,4,4
i64,mixed,10000,1,A_packed_fenwick,3,873100,5500,10900,652200,175100,0,28300,400000,4,4
i64,mixed,10000,1,A_sorted_fenwick,3,799700,5900,11500,598600,155000,0,27800,400000,4,4
i64,mixed,10000,1,B_indirect_fenwick,3,737600,9400,1900,546200,145700,0,33500,240000,4,4
i64,mixed,10000,1,D_frontier,4,575800,5300,10500,541000,0,1600,16500,320064,4,4
i64,mixed,10000,1,D_sorted_frontier,4,575600,5600,10500,540300,0,1900,16500,320064,4,4
i64,mixed,10000,1,D_append_frontier,4,672900,5400,10700,629700,0,2300,23600,320064,4,4
i64,mixed,10000,1,D_sorted_append_frontier,4,708300,5900,11300,663700,0,2400,23800,320064,4,4
i64,mixed,10000,1,A_packed_fenwick,4,856200,5700,11200,638800,172500,0,27100,400000,4,4
i64,mixed,10000,1,A_sorted_fenwick,4,842000,6900,10800,608500,188700,0,26200,400000,4,4
i64,mixed,10000,1,B_indirect_fenwick,4,754000,6800,2300,596100,122800,0,25100,240000,4,4
i64,mixed,10000,1,C_packed_segment,4,709000,7700,10700,522900,125500,0,41200,400000,4,4
i64,mixed,100000,1,A_packed_fenwick,0,7589400,52200,394900,5708400,1188300,0,157200,4000000,4,4
i64,mixed,100000,1,A_sorted_fenwick,0,7620300,49400,361300,5733300,1222300,0,156800,4000000,4,4
i64,mixed,100000,1,B_indirect_fenwick,0,7303800,49500,13600,5731500,1251100,0,257300,2400000,4,4
i64,mixed,100000,1,C_packed_segment,0,7861100,54400,358600,5900600,1283600,0,172100,4000000,4,4
i64,mixed,100000,1,D_frontier,0,6485200,50800,380900,5754300,0,13700,175700,3200064,4,4
i64,mixed,100000,1,D_sorted_frontier,0,6494300,49700,407500,5754000,0,10500,175500,3200064,4,4
i64,mixed,100000,1,D_append_frontier,0,6381700,49400,351000,5703600,0,9800,175300,3200064,4,4
i64,mixed,100000,1,D_sorted_append_frontier,0,6566600,53100,437700,5714800,0,10500,239000,3200064,4,4
i64,mixed,100000,1,A_sorted_fenwick,1,7749000,49700,358500,5861900,1203400,0,161300,4000000,4,4
i64,mixed,100000,1,B_indirect_fenwick,1,7954900,54300,13800,6199300,1417900,0,268600,2400000,4,4
i64,mixed,100000,1,C_packed_segment,1,7874100,57600,396100,5879000,1279500,0,162000,4000000,4,4
i64,mixed,100000,1,D_frontier,1,6789800,50500,386100,6003800,0,38800,183000,3200064,4,4
i64,mixed,100000,1,D_sorted_frontier,1,6477700,64600,407300,5730800,0,10900,174200,3200064,4,4
i64,mixed,100000,1,D_append_frontier,1,6390800,49100,372500,5653400,0,10200,174200,3200064,4,4
i64,mixed,100000,1,D_sorted_append_frontier,1,6436600,49100,389400,5725500,0,10300,176300,3200064,4,4
i64,mixed,100000,1,A_packed_fenwick,1,7535300,49400,350400,5685100,1189400,0,157900,4000000,4,4
i64,mixed,100000,1,B_indirect_fenwick,2,7169200,49500,13900,5598900,1253900,0,252100,2400000,4,4
i64,mixed,100000,1,C_packed_segment,2,7617900,49400,358300,5689800,1276300,0,160700,4000000,4,4
i64,mixed,100000,1,D_frontier,2,6661200,49400,380900,5910500,0,27300,179100,3200064,4,4
i64,mixed,100000,1,D_sorted_frontier,2,6458600,68700,391300,5721600,0,10000,176600,3200064,4,4
i64,mixed,100000,1,D_append_frontier,2,6464100,49700,358800,5770600,0,10600,176300,3200064,4,4
i64,mixed,100000,1,D_sorted_append_frontier,2,6447900,49700,394000,5723900,0,10700,177700,3200064,4,4
i64,mixed,100000,1,A_packed_fenwick,2,7581200,49400,353400,5751300,1171400,0,157200,4000000,4,4
i64,mixed,100000,1,A_sorted_fenwick,2,7774100,49700,411100,5850400,1202900,0,159000,4000000,4,4
i64,mixed,100000,1,C_packed_segment,3,7643700,50100,357400,5749800,1220800,0,167600,4000000,4,4
i64,mixed,100000,1,D_frontier,3,6470200,49800,397100,5741600,0,10900,175900,3200064,4,4
i64,mixed,100000,1,D_sorted_frontier,3,6448800,49300,352600,5726400,0,9700,183800,3200064,4,4
i64,mixed,100000,1,D_append_frontier,3,6580700,49700,395100,5857600,0,12000,175900,3200064,4,4
i64,mixed,100000,1,D_sorted_append_frontier,3,6438000,50800,355100,5740600,0,11000,178300,3200064,4,4
i64,mixed,100000,1,A_packed_fenwick,3,7852800,49400,392600,5781100,1312800,0,207400,4000000,4,4
i64,mixed,100000,1,A_sorted_fenwick,3,7585800,51400,358600,5739800,1185200,0,154900,4000000,4,4
i64,mixed,100000,1,B_indirect_fenwick,3,7315600,49600,13700,5709300,1267200,0,275000,2400000,4,4
i64,mixed,100000,1,D_frontier,4,6437700,49600,352600,5760800,0,11500,177300,3200064,4,4
i64,mixed,100000,1,D_sorted_frontier,4,6461900,49700,356300,5765000,0,10900,175700,3200064,4,4
i64,mixed,100000,1,D_append_frontier,4,6546600,58000,483700,5725100,0,10500,176200,3200064,4,4
i64,mixed,100000,1,D_sorted_append_frontier,4,6474000,49700,365600,5765700,0,10700,180800,3200064,4,4
i64,mixed,100000,1,A_packed_fenwick,4,9317400,49600,384400,6477800,1996800,0,289200,4000000,4,4
i64,mixed,100000,1,A_sorted_fenwick,4,8889500,72700,489900,6627200,1437100,0,166400,4000000,4,4
i64,mixed,100000,1,B_indirect_fenwick,4,8830100,71800,17800,6656300,1751300,0,331800,2400000,4,4
i64,mixed,100000,1,C_packed_segment,4,10112800,99400,465900,7431200,1767100,0,225200,4000000,4,4
i64,mixed,1000000,1,A_packed_fenwick,0,89529700,916000,4144100,65654100,14503200,0,3345500,40000000,4,4
i64,mixed,1000000,1,A_sorted_fenwick,0,88667400,975500,4331200,64570900,14527600,0,3308700,40000000,4,4
i64,mixed,1000000,1,B_indirect_fenwick,0,114959600,988500,1071500,84405300,14560800,0,13562100,24000000,4,4
i64,mixed,1000000,1,C_packed_segment,0,92275900,932900,4047200,67875200,14942200,0,3522700,40000000,4,4
i64,mixed,1000000,1,D_frontier,0,76839800,1004600,4343400,64491300,0,32400,5948600,32000064,4,4
i64,mixed,1000000,1,D_sorted_frontier,0,76926100,1091900,4493400,64753700,0,34400,5583300,32000064,4,4
i64,mixed,1000000,1,D_append_frontier,0,75939200,1235000,4433200,63545300,0,37700,5670600,32000064,4,4
i64,mixed,1000000,1,D_sorted_append_frontier,0,75737900,989400,4176400,63778900,0,35100,5788300,32000064,4,4
i64,mixed,1000000,1,A_sorted_fenwick,1,87374000,1032400,4098100,63355400,14648000,0,3314200,40000000,4,4
i64,mixed,1000000,1,B_indirect_fenwick,1,113985200,945700,1058600,83454400,14475700,0,13650400,24000000,4,4
i64,mixed,1000000,1,C_packed_segment,1,87455600,924800,4109300,63418300,14804600,0,3238000,40000000,4,4
i64,mixed,1000000,1,D_frontier,1,79158900,975400,4173400,64455200,0,32500,8312100,32000064,4,4
i64,mixed,1000000,1,D_sorted_frontier,1,78650700,1142100,4893800,64108800,0,35100,7487600,32000064,4,4
i64,mixed,1000000,1,D_append_frontier,1,82840800,1125300,4834300,70064400,0,34500,5809400,32000064,4,4
i64,mixed,1000000,1,D_sorted_append_frontier,1,79305400,1020300,4136500,66490800,0,27300,6662400,32000064,4,4
i64,mixed,1000000,1,A_packed_fenwick,1,92586000,1066500,4302200,67909500,14758900,0,3561600,40000000,4,4
i64,mixed,1000000,1,B_indirect_fenwick,2,164013300,1021600,1068700,119518500,20328000,0,21634400,24000000,4,4
i64,mixed,1000000,1,C_packed_segment,2,121145100,1257700,5238300,86781000,20949700,0,5685000,40000000,4,4
i64,mixed,1000000,1,D_frontier,2,105371900,1172100,5314400,85264400,0,32600,12348500,32000064,4,4
i64,mixed,1000000,1,D_sorted_frontier,2,103630200,1112700,5290100,87224900,0,30900,8790300,32000064,4,4
i64,mixed,1000000,1,D_append_frontier,2,100177700,1274000,5243200,83593800,0,35600,8891700,32000064,4,4
i64,mixed,1000000,1,D_sorted_append_frontier,2,103873300,1217400,5305200,87090000,0,45700,9091300,32000064,4,4
i64,mixed,1000000,1,A_packed_fenwick,2,122143400,1203600,5436400,86839300,21990700,0,5533400,40000000,4,4
i64,mixed,1000000,1,A_sorted_fenwick,2,115682600,1158100,5096300,86355400,18330300,0,3754400,40000000,4,4
i64,mixed,1000000,1,C_packed_segment,3,103285500,1077100,4350000,78017900,15426200,0,3379200,40000000,4,4
i64,mixed,1000000,1,D_frontier,3,81768600,1067800,4102700,68973700,0,21400,6627500,32000064,4,4
i64,mixed,1000000,1,D_sorted_frontier,3,76794200,1021800,4291700,64400700,0,38900,6009200,32000064,4,4
i64,mixed,1000000,1,D_append_frontier,3,78160400,1099600,4388400,65740500,0,33500,5886300,32000064,4,4
i64,mixed,1000000,1,D_sorted_append_frontier,3,76677500,1162500,4663300,64110100,0,38900,5708200,32000064,4,4
i64,mixed,1000000,1,A_packed_fenwick,3,88005100,1047400,4142300,63764600,14807500,0,3290000,40000000,4,4
i64,mixed,1000000,1,A_sorted_fenwick,3,88463600,1057000,4135700,64109500,14848500,0,3343300,40000000,4,4
i64,mixed,1000000,1,B_indirect_fenwick,3,129673100,1029100,1064400,91240700,16746900,0,19119500,24000000,4,4
i64,mixed,1000000,1,D_frontier,4,87481000,1013200,4804600,75047000,0,31200,5626100,32000064,4,4
i64,mixed,1000000,1,D_sorted_frontier,4,75452100,1033300,4140700,63519100,0,38000,5744900,32000064,4,4
i64,mixed,1000000,1,D_append_frontier,4,76948500,1016000,4104000,64336500,0,33400,6467900,32000064,4,4
i64,mixed,1000000,1,D_sorted_append_frontier,4,75876200,1091400,4237800,63877400,0,30300,5662700,32000064,4,4
i64,mixed,1000000,1,A_packed_fenwick,4,88203400,1056600,4175100,64017400,14679500,0,3283200,40000000,4,4
i64,mixed,1000000,1,A_sorted_fenwick,4,88050200,969900,4132000,63961600,14668600,0,3355100,40000000,4,4
i64,mixed,1000000,1,B_indirect_fenwick,4,116819500,994200,1045700,85233400,14527900,0,14639700,24000000,4,4
i64,mixed,1000000,1,C_packed_segment,4,91460200,992100,4281300,67220300,14664700,0,3320000,40000000,4,4
i64,mixed,3000000,1,A_packed_fenwick,0,295367800,3375300,13731100,207778600,46559300,0,21072500,120000000,4,4
i64,mixed,3000000,1,A_sorted_fenwick,0,318744200,3125500,13791300,212623700,56723300,0,29272700,120000000,4,4
i64,mixed,3000000,1,B_indirect_fenwick,0,1013139200,3593000,4069700,842937100,67142300,0,94454400,72000000,4,4
i64,mixed,3000000,1,C_packed_segment,0,297206000,3308800,13944400,207356400,49975700,0,19967100,120000000,4,4
i64,mixed,3000000,1,D_frontier,0,262980900,3037500,13493900,215051300,0,34000,28687700,96000064,4,4
i64,mixed,3000000,1,D_sorted_frontier,0,251176300,3047000,13689200,203834200,0,39100,27844500,96000064,4,4
i64,mixed,3000000,1,D_append_frontier,0,250729700,2820300,12894400,204441200,0,38500,27845100,96000064,4,4
i64,mixed,3000000,1,D_sorted_append_frontier,0,253515400,2800700,12899600,205212100,0,39600,29696500,96000064,4,4
i64,mixed,3000000,1,A_sorted_fenwick,1,294828000,2673400,12604700,208546600,48718100,0,19577100,120000000,4,4
i64,mixed,3000000,1,B_indirect_fenwick,1,843835900,3304300,3298100,735702200,44516300,0,56060100,72000000,4,4
i64,mixed,3000000,1,C_packed_segment,1,313406900,2817600,12712200,205802300,59497400,0,29419800,120000000,4,4
i64,mixed,3000000,1,D_frontier,1,335714800,3268200,15556900,276752600,0,45200,36937400,96000064,4,4
i64,mixed,3000000,1,D_sorted_frontier,1,268846500,2988600,19131800,216221100,0,38000,27794300,96000064,4,4
i64,mixed,3000000,1,D_append_frontier,1,248549300,2539400,12797200,202679900,0,33100,27834200,96000064,4,4
i64,mixed,3000000,1,D_sorted_append_frontier,1,249094000,2784700,12743400,202540300,0,30100,28348600,96000064,4,4
i64,mixed,3000000,1,A_packed_fenwick,1,286345100,2949200,12935100,202345200,45478900,0,19924600,120000000,4,4
i64,mixed,3000000,1,B_indirect_fenwick,2,651380900,2805400,3195300,532058300,46758200,0,65639400,72000000,4,4
i64,mixed,3000000,1,C_packed_segment,2,317325800,2847000,13569400,231964400,46685600,0,19573900,120000000,4,4
i64,mixed,3000000,1,D_frontier,2,251993900,2962500,12679800,205849500,0,36000,27852000,96000064,4,4
i64,mixed,3000000,1,D_sorted_frontier,2,251731000,2790200,12658400,205647600,0,39300,27951800,96000064,4,4
i64,mixed,3000000,1,D_append_frontier,2,251992900,2743200,12775900,202727300,0,39400,30803000,96000064,4,4
i64,mixed,3000000,1,D_sorted_append_frontier,2,249429800,2829500,13177200,202825100,0,39400,27835700,96000064,4,4
i64,mixed,3000000,1,A_packed_fenwick,2,288499900,2586100,13425400,204473200,45947100,0,19399100,120000000,4,4
i64,mixed,3000000,1,A_sorted_fenwick,2,285988700,3057000,12795300,202788700,45171300,0,19551300,120000000,4,4
i64,mixed,3000000,1,C_packed_segment,3,293074100,2859800,12770300,205919400,47327200,0,20521000,120000000,4,4
i64,mixed,3000000,1,D_frontier,3,271071800,2968900,13038200,224564500,0,28500,27812200,96000064,4,4
i64,mixed,3000000,1,D_sorted_frontier,3,248384800,2574700,12765700,202546600,0,38600,27735900,96000064,4,4
i64,mixed,3000000,1,D_append_frontier,3,248883900,3158500,13048000,202206900,0,39500,27775400,96000064,4,4
i64,mixed,3000000,1,D_sorted_append_frontier,3,250092600,2604400,12771400,203785900,0,37900,28222300,96000064,4,4
i64,mixed,3000000,1,A_packed_fenwick,3,362914000,2917000,13555600,244836400,65173900,0,33610200,120000000,4,4
i64,mixed,3000000,1,A_sorted_fenwick,3,289708300,2896800,13326000,204796100,46364400,0,19648200,120000000,4,4
i64,mixed,3000000,1,B_indirect_fenwick,3,715920600,2891000,3231900,555608600,67331500,0,85918300,72000000,4,4
i64,mixed,3000000,1,D_frontier,4,254212600,3012100,13519600,207335700,0,46300,27607700,96000064,4,4
i64,mixed,3000000,1,D_sorted_frontier,4,256332400,2918200,13815000,207970300,0,39000,28926200,96000064,4,4
i64,mixed,3000000,1,D_append_frontier,4,269831900,2532200,12712100,216496000,0,34400,35000400,96000064,4,4
i64,mixed,3000000,1,D_sorted_append_frontier,4,251363300,3054200,13514500,202933700,0,21200,29174000,96000064,4,4
i64,mixed,3000000,1,A_packed_fenwick,4,285987300,2547100,12778900,202350800,45783300,0,19904000,120000000,4,4
i64,mixed,3000000,1,A_sorted_fenwick,4,286630800,2888600,12682800,203424400,45638400,0,19362900,120000000,4,4
i64,mixed,3000000,1,B_indirect_fenwick,4,654152800,2912300,3147800,545815800,44892200,0,56452700,72000000,4,4
i64,mixed,3000000,1,C_packed_segment,4,285974300,2817200,12684700,202980500,45495800,0,19347800,120000000,4,4
i64,sparse,1000,1,A_packed_fenwick,0,75500,600,4300,20400,29700,0,19400,40000,4,2
i64,sparse,1000,1,A_sorted_fenwick,0,64700,800,1400,20200,26400,0,14900,40000,4,2
i64,sparse,1000,1,B_indirect_fenwick,0,84400,900,300,32900,26700,0,22700,24000,4,2
i64,sparse,1000,1,C_packed_segment,0,111200,800,1500,21700,26000,0,60500,46016,4,2
i64,sparse,1000,1,D_frontier,0,34000,700,1700,22900,0,200,7700,32032,3,2
i64,sparse,1000,1,D_sorted_frontier,0,31700,700,1800,20800,0,200,7700,32032,3,2
i64,sparse,1000,1,D_append_frontier,0,31200,600,1700,20200,0,500,7700,32032,3,2
i64,sparse,1000,1,D_sorted_append_frontier,0,31000,500,1800,20300,0,200,7700,32032,3,2
i64,sparse,1000,1,A_sorted_fenwick,1,67800,700,1700,19700,26200,0,18800,40000,4,2
i64,sparse,1000,1,B_indirect_fenwick,1,82500,900,300,31200,26200,0,23400,24000,4,2
i64,sparse,1000,1,C_packed_segment,1,137300,900,1900,21200,25900,0,86500,46016,4,2
i64,sparse,1000,1,D_frontier,1,36200,1400,1500,22900,0,1300,8300,32032,3,2
i64,sparse,1000,1,D_sorted_frontier,1,31200,700,1400,20300,0,600,7500,32032,3,2
i64,sparse,1000,1,D_append_frontier,1,31000,700,1700,20100,0,200,7700,32032,3,2
i64,sparse,1000,1,D_sorted_append_frontier,1,30700,600,1700,19700,0,200,7800,32032,3,2
i64,sparse,1000,1,A_packed_fenwick,1,181500,700,1200,19800,27800,0,22400,40000,4,2
i64,sparse,1000,1,B_indirect_fenwick,2,96800,1600,1100,34600,30800,0,28000,24000,4,2
i64,sparse,1000,1,C_packed_segment,2,158300,900,23600,26800,27700,0,76900,46016,4,2
i64,sparse,1000,1,D_frontier,2,35700,1300,1900,22300,0,900,8300,32032,3,2
i64,sparse,1000,1,D_sorted_frontier,2,30400,700,1300,20200,0,300,7400,32032,3,2
i64,sparse,1000,1,D_append_frontier,2,31300,600,1100,20000,0,800,7800,32032,3,2
i64,sparse,1000,1,D_sorted_append_frontier,2,30900,900,1300,19900,0,200,7700,32032,3,2
i64,sparse,1000,1,A_packed_fenwick,2,68200,600,1700,19900,26300,0,18700,40000,4,2
i64,sparse,1000,1,A_sorted_fenwick,2,64400,700,1500,20200,26900,0,14600,40000,4,2
i64,sparse,1000,1,C_packed_segment,3,109200,800,1200,21100,26400,0,59000,46016,4,2
i64,sparse,1000,1,D_frontier,3,33300,600,1200,23000,0,200,7700,32032,3,2
i64,sparse,1000,1,D_sorted_frontier,3,32100,500,1200,22000,0,200,7600,32032,3,2
i64,sparse,1000,1,D_append_frontier,3,31800,600,1200,21500,0,100,7800,32032,3,2
i64,sparse,1000,1,D_sorted_append_frontier,3,31900,700,1200,21700,0,200,7800,32032,3,2
i64,sparse,1000,1,A_packed_fenwick,3,70600,700,1200,21800,28900,0,17500,40000,4,2
i64,sparse,1000,1,A_sorted_fenwick,3,65100,600,1200,21700,26600,0,14600,40000,4,2
i64,sparse,1000,1,B_indirect_fenwick,3,80400,900,300,32500,26500,0,19800,24000,4,2
i64,sparse,1000,1,D_frontier,4,32700,700,1200,22700,0,200,7500,32032,3,2
i64,sparse,1000,1,D_sorted_frontier,4,31500,600,1200,21500,0,100,7600,32032,3,2
i64,sparse,1000,1,D_append_frontier,4,31600,600,1100,21500,0,200,7700,32032,3,2
i64,sparse,1000,1,D_sorted_append_frontier,4,31300,500,1100,21300,0,200,7700,32032,3,2
i64,sparse,1000,1,A_packed_fenwick,4,65800,700,1200,21200,26600,0,15600,40000,4,2
i64,sparse,1000,1,A_sorted_fenwick,4,66200,600,1200,23100,26600,0,14000,40000,4,2
i64,sparse,1000,1,B_indirect_fenwick,4,78200,900,300,32300,26300,0,18000,24000,4,2
i64,sparse,1000,1,C_packed_segment,4,99200,900,1200,22800,26200,0,47600,46016,4,2
i64,sparse,10000,1,A_packed_fenwick,0,820000,5000,7700,265600,332700,0,208100,400000,4,4
i64,sparse,10000,1,A_sorted_fenwick,0,788800,4900,7600,264000,306800,0,204900,400000,4,4
i64,sparse,10000,1,B_indirect_fenwick,0,846300,7300,1500,313100,307800,0,216000,240000,4,4
i64,sparse,10000,1,C_packed_segment,0,1198800,7300,7700,263500,317400,0,602200,461712,4,4
i64,sparse,10000,1,D_frontier,0,384100,4900,7800,275700,0,1100,93400,320064,4,4
i64,sparse,10000,1,D_sorted_frontier,0,380700,5000,8100,266100,0,1300,99700,320064,4,4
i64,sparse,10000,1,D_append_frontier,0,371400,5000,7700,265300,0,1100,92000,320064,4,4
i64,sparse,10000,1,D_sorted_append_frontier,0,370000,5000,7700,264600,0,1000,91400,320064,4,4
i64,sparse,10000,1,A_sorted_fenwick,1,795100,5000,7700,264400,311300,0,206200,400000,4,4
i64,sparse,10000,1,B_indirect_fenwick,1,864600,5000,1500,314600,332200,0,210600,240000,4,4
i64,sparse,10000,1,C_packed_segment,1,1176500,4900,7900,265200,312600,0,585400,461712,4,4
i64,sparse,10000,1,D_frontier,1,378600,5000,7700,272900,0,1100,91400,320064,4,4
i64,sparse,10000,1,D_sorted_frontier,1,370200,5000,7700,264400,0,1000,91600,320064,4,4
i64,sparse,10000,1,D_append_frontier,1,370600,4900,7700,264300,0,1000,92100,320064,4,4
i64,sparse,10000,1,D_sorted_append_frontier,1,370700,5000,7700,264800,0,1000,92000,320064,4,4
i64,sparse,10000,1,A_packed_fenwick,1,798300,4900,7600,265400,312900,0,206600,400000,4,4
i64,sparse,10000,1,B_indirect_fenwick,2,843200,7400,1500,313900,308200,0,211600,240000,4,4
i64,sparse,10000,1,C_packed_segment,2,1172400,7300,7700,264900,308000,0,583700,461712,4,4
i64,sparse,10000,1,D_frontier,2,385900,4900,7700,279600,0,1500,91500,320064,4,4
i64,sparse,10000,1,D_sorted_frontier,2,399300,4900,7800,266200,0,28500,91200,320064,4,4
i64,sparse,10000,1,D_append_frontier,2,371900,5000,7700,265400,0,1000,92300,320064,4,4
i64,sparse,10000,1,D_sorted_append_frontier,2,370900,4900,7700,264800,0,1000,92000,320064,4,4
i64,sparse,10000,1,A_packed_fenwick,2,797000,5000,7700,269900,308400,0,205500,400000,4,4
i64,sparse,10000,1,A_sorted_fenwick,2,802600,4900,7700,270100,315500,0,203700,400000,4,4
i64,sparse,10000,1,C_packed_segment,3,1209300,4900,7800,267400,334000,0,594500,461712,4,4
i64,sparse,10000,1,D_frontier,3,378800,5000,7800,272900,0,1100,91600,320064,4,4
i64,sparse,10000,1,D_sorted_frontier,3,371500,4900,7600,266000,0,1000,91300,320064,4,4
i64,sparse,10000,1,D_append_frontier,3,376900,5000,7600,265400,0,1000,97500,320064,4,4
i64,sparse,10000,1,D_sorted_append_frontier,3,387300,4900,7700,272100,0,9800,91900,320064,4,4
i64,sparse,10000,1,A_packed_fenwick,3,822500,5000,7800,264200,341100,0,203800,400000,4,4
i64,sparse,10000,1,A_sorted_fenwick,3,790400,5000,7700,264300,308700,0,204400,400000,4,4
i64,sparse,10000,1,B_indirect_fenwick,3,860700,5000,1500,319300,322700,0,211700,240000,4,4
i64,sparse,10000,1,D_frontier,4,379200,5000,7700,273000,0,1100,91900,320064,4,4
i64,sparse,10000,1,D_sorted_frontier,4,375800,4900,7800,266500,0,1100,95000,320064,4,4
i64,sparse,10000,1,D_append_frontier,4,381700,6600,7800,273000,0,1100,92900,320064,4,4
i64,sparse,10000,1,D_sorted_append_frontier,4,377100,5000,7800,265900,0,1000,96900,320064,4,4
i64,sparse,10000,1,A_packed_fenwick,4,795100,5000,7700,265600,309700,0,206500,400000,4,4
i64,sparse,10000,1,A_sorted_fenwick,4,812100,5000,7800,266400,327500,0,204900,400000,4,4
i64,sparse,10000,1,B_indirect_fenwick,4,852200,4900,1500,320700,311600,0,212800,240000,4,4
i64,sparse,10000,1,C_packed_segment,4,1176500,4900,7800,268400,309300,0,585600,461712,4,4
i64,sparse,100000,1,A_packed_fenwick,0,12213000,49000,419800,3612000,5184200,0,2836300,4000000,4,5
i64,sparse,100000,1,A_sorted_fenwick,0,15767000,60600,414400,4504500,7964900,0,2675300,4000000,4,5
i64,sparse,100000,1,B_indirect_fenwick,0,12270800,88200,18500,4168900,5066700,0,2927500,2400000,4,5
i64,sparse,100000,1,C_packed_segment,0,17661300,49400,365200,3195600,5041800,0,8786300,4615456,4,5
i64,sparse,100000,1,D_frontier,0,4720200,63000,407100,3187100,0,10800,950800,3200064,4,5
i64,sparse,100000,1,D_sorted_frontier,0,4695700,49400,424200,3180100,0,9800,948400,3200064,4,5
i64,sparse,100000,1,D_append_frontier,0,5352200,53300,372300,3881200,0,13800,931500,3200064,4,5
i64,sparse,100000,1,D_sorted_append_frontier,0,4676600,51000,396100,3190500,0,9700,944500,3200064,4,5
i64,sparse,100000,1,A_sorted_fenwick,1,11475100,49400,352000,3200100,5128500,0,2645900,4000000,4,5
i64,sparse,100000,1,B_indirect_fenwick,1,12353700,53100,14000,4223800,5113600,0,2948100,2400000,4,5
i64,sparse,100000,1,C_packed_segment,1,17312800,49500,370700,3209200,5090400,0,8409800,4615456,4,5
i64,sparse,100000,1,D_frontier,1,4690500,50400,361600,3227500,0,11000,936700,3200064,4,5
i64,sparse,100000,1,D_sorted_frontier,1,4717600,49400,403400,3213600,0,10100,956600,3200064,4,5
i64,sparse,100000,1,D_append_frontier,1,4704900,49300,348900,3247400,0,11500,946500,3200064,4,5
i64,sparse,100000,1,D_sorted_append_frontier,1,4710700,49400,396900,3199900,0,10700,952600,3200064,4,5
i64,sparse,100000,1,A_packed_fenwick,1,11517400,49700,352800,3206200,5053900,0,2755200,4000000,4,5
i64,sparse,100000,1,B_indirect_fenwick,2,12420200,50700,16200,4237300,5053700,0,3060700,2400000,4,5
i64,sparse,100000,1,C_packed_segment,2,18539300,49800,380700,3275600,5059900,0,9525200,4615456,4,5
i64,sparse,100000,1,D_frontier,2,4788000,55700,407100,3262200,0,23600,927300,3200064,4,5
i64,sparse,100000,1,D_sorted_frontier,2,4780200,49400,406600,3279600,0,10400,939200,3200064,4,5
i64,sparse,100000,1,D_append_frontier,2,4691900,49700,360400,3244800,0,9600,927000,3200064,4,5
i64,sparse,100000,1,D_sorted_append_frontier,2,4783800,54400,473600,3235700,0,10200,921300,3200064,4,5
i64,sparse,100000,1,A_packed_fenwick,2,11531300,49700,362100,3293400,5091300,0,2616800,4000000,4,5
i64,sparse,100000,1,A_sorted_fenwick,2,11728400,54500,410900,3236000,5256900,0,2610300,4000000,4,5
i64,sparse,100000,1,C_packed_segment,3,17945100,49500,361100,3232300,5840300,0,8239800,4615456,4,5
i64,sparse,100000,1,D_frontier,3,4697900,73200,386900,3187700,0,13000,944500,3200064,4,5
i64,sparse,100000,1,D_sorted_frontier,3,4682600,49400,365400,3224600,0,10300,936200,3200064,4,5
i64,sparse,100000,1,D_append_frontier,3,4715900,54700,390400,3218100,0,10100,958300,3200064,4,5
i64,sparse,100000,1,D_sorted_append_frontier,3,4658700,49600,352000,3197400,0,9800,951500,3200064,4,5
i64,sparse,100000,1,A_packed_fenwick,3,11402700,49700,391000,3279500,4964600,0,2629600,4000000,4,5
i64,sparse,100000,1,A_sorted_fenwick,3,11207600,49400,353200,3176800,4941000,0,2586600,4000000,4,5
i64,sparse,100000,1,B_indirect_fenwick,3,12140900,49100,14000,4194100,4950000,0,2932700,2400000,4,5
i64,sparse,100000,1,D_frontier,4,4604200,49100,353200,3178800,0,10700,930400,3200064,4,5
i64,sparse,100000,1,D_sorted_frontier,4,4654300,49100,354000,3186600,0,9800,944800,3200064,4,5
i64,sparse,100000,1,D_append_frontier,4,4706300,49300,389400,3232000,0,10200,924800,3200064,4,5
i64,sparse,100000,1,D_sorted_append_frontier,4,4697000,49100,427500,3175500,0,10500,945200,3200064,4,5
i64,sparse,100000,1,A_packed_fenwick,4,11504200,54300,349600,3184200,5113800,0,2707300,4000000,4,5
i64,sparse,100000,1,A_sorted_fenwick,4,11426400,52100,433000,3338500,4904100,0,2608800,4000000,4,5
i64,sparse,100000,1,B_indirect_fenwick,4,12318800,50100,18500,4250400,5064100,0,2934800,2400000,4,5
i64,sparse,100000,1,C_packed_segment,4,17112100,49400,359600,3242900,5040800,0,8218100,4615456,4,5
i64,sparse,1000000,1,A_packed_fenwick,0,177940000,955200,4157200,38848100,82802600,0,49651200,40000000,4,5
i64,sparse,1000000,1,A_sorted_fenwick,0,170061600,1085000,4171900,39936400,82990700,0,40371600,40000000,4,5
i64,sparse,1000000,1,B_indirect_fenwick,0,244278800,1028600,1132300,66115200,82716000,0,92302700,24000000,4,5
i64,sparse,1000000,1,C_packed_segment,0,235565300,995300,4209100,38663000,83099500,0,106532500,46159040,4,5
i64,sparse,1000000,1,D_frontier,0,56801400,1017300,4375900,38645700,0,39300,11755000,32000064,4,5
i64,sparse,1000000,1,D_sorted_frontier,0,57364100,1008200,4181100,39492200,0,28400,11697100,32000064,4,5
i64,sparse,1000000,1,D_append_frontier,0,60465100,1020400,4138800,42578500,0,27600,11741700,32000064,4,5
i64,sparse,1000000,1,D_sorted_append_frontier,0,57290400,1072100,4269400,39172900,0,38600,11765900,32000064,4,5
i64,sparse,1000000,1,A_sorted_fenwick,1,207806100,1075600,5079800,43322900,115043900,0,41770000,40000000,4,5
i64,sparse,1000000,1,B_indirect_fenwick,1,244920900,1065600,1137100,65616700,83045900,0,93087600,24000000,4,5
i64,sparse,1000000,1,C_packed_segment,1,248700500,998700,4251600,38665700,83463000,0,119244000,46159040,4,5
i64,sparse,1000000,1,D_frontier,1,57976500,1127600,4637800,39319200,0,31400,11881600,32000064,4,5
i64,sparse,1000000,1,D_sorted_frontier,1,57944400,1053700,4348900,39156100,0,38800,12367200,32000064,4,5
i64,sparse,1000000,1,D_append_frontier,1,58138600,1072300,4306400,39735900,0,34100,11857500,32000064,4,5
i64,sparse,1000000,1,D_sorted_append_frontier,1,57384300,1103400,4353200,39333600,0,37400,11601400,32000064,4,5
i64,sparse,1000000,1,A_packed_fenwick,1,188462400,1146400,4170300,39007800,89520600,0,52861000,40000000,4,5
i64,sparse,1000000,1,B_indirect_fenwick,2,252218200,1330800,1377600,74093800,82966100,0,91448200,24000000,4,5
i64,sparse,1000000,1,C_packed_segment,2,236648400,1043000,4455900,39053400,83163300,0,106924000,46159040,4,5
i64,sparse,1000000,1,D_frontier,2,56805300,1016100,4523600,38517800,0,39600,11754800,32000064,4,5
i64,sparse,1000000,1,D_sorted_frontier,2,56814800,1027500,4146000,38824600,0,34200,11832600,32000064,4,5
i64,sparse,1000000,1,D_append_frontier,2,56428700,1013600,4095100,38761900,0,39900,11587900,32000064,4,5
i64,sparse,1000000,1,D_sorted_append_frontier,2,56581600,1039200,4102500,38679200,0,41700,11768600,32000064,4,5
i64,sparse,1000000,1,A_packed_fenwick,2,175695700,1009800,4220100,38718100,87886200,0,42288700,40000000,4,5
i64,sparse,1000000,1,A_sorted_fenwick,2,200884300,1134400,4205800,43667500,108836600,0,41534000,40000000,4,5
i64,sparse,1000000,1,C_packed_segment,3,239630100,1047100,4126900,38664900,84469700,0,109280300,46159040,4,5
i64,sparse,1000000,1,D_frontier,3,57171600,1108300,4450300,38740600,0,40100,11876800,32000064,4,5
i64,sparse,1000000,1,D_sorted_frontier,3,56663500,991400,4082800,38835700,0,32200,11775500,32000064,4,5
i64,sparse,1000000,1,D_append_frontier,3,56435800,1023600,4071800,38805800,0,33100,11565100,32000064,4,5
i64,sparse,1000000,1,D_sorted_append_frontier,3,56497000,1024000,4061600,38798600,0,40600,11621000,32000064,4,5
i64,sparse,1000000,1,A_packed_fenwick,3,183074000,995400,4154700,38777500,82637200,0,54751400,40000000,4,5
i64,sparse,1000000,1,A_sorted_fenwick,3,191537000,1117900,4824100,39185100,86590600,0,58250000,40000000,4,5
i64,sparse,1000000,1,B_indirect_fenwick,3,249290900,1039400,1167500,71675500,83277300,0,91106000,24000000,4,5
i64,sparse,1000000,1,D_frontier,4,56753700,991500,4117200,38792300,0,33300,11777200,32000064,4,5
i64,sparse,1000000,1,D_sorted_frontier,4,58212500,1290300,4750200,39172500,0,37900,12003400,32000064,4,5
i64,sparse,1000000,1,D_append_frontier,4,56392200,1036100,4150200,38661400,0,47900,11544500,32000064,4,5
i64,sparse,1000000,1,D_sorted_append_frontier,4,56336500,984900,4124400,38620100,0,39700,11628300,32000064,4,5
i64,sparse,1000000,1,A_packed_fenwick,4,168756700,998300,4184000,38696500,83239400,0,40149900,40000000,4,5
i64,sparse,1000000,1,A_sorted_fenwick,4,172161000,1306000,4235000,38612300,82840500,0,43653300,40000000,4,5
i64,sparse,1000000,1,B_indirect_fenwick,4,280176800,1089800,1133900,67401000,94682100,0,114883300,24000000,4,5
i64,sparse,1000000,1,C_packed_segment,4,240053300,1006000,4154600,38816300,83462500,0,110620500,46159040,4,5
i64,sparse,3000000,1,A_packed_fenwick,0,1026611000,2778400,12983000,131469500,568820300,0,306252300,120000000,4,5
i64,sparse,3000000,1,A_sorted_fenwick,0,1041311500,2764300,12676400,131103400,583146200,0,307182200,120000000,4,5
i64,sparse,3000000,1,B_indirect_fenwick,0,1517402900,3076800,3665400,380566600,666165100,0,461282800,72000000,4,5
i64,sparse,3000000,1,C_packed_segment,0,1255911800,2710100,12893400,130501900,597233000,0,506706100,138467600,4,5
i64,sparse,3000000,1,D_frontier,0,196064700,2804700,13960500,133259700,0,39800,43341200,96000064,4,5
i64,sparse,3000000,1,D_sorted_frontier,0,199692000,2721800,13155300,135777900,0,26200,45221800,96000064,4,5
i64,sparse,3000000,1,D_append_frontier,0,197641700,2838500,14280900,133330900,0,36700,44455300,96000064,4,5
i64,sparse,3000000,1,D_sorted_append_frontier,0,198095500,2624700,13208600,134497500,0,39300,44808500,96000064,4,5
i64,sparse,3000000,1,A_sorted_fenwick,1,1099998200,3301200,14286700,146163200,645308000,0,286206900,120000000,4,5
i64,sparse,3000000,1,B_indirect_fenwick,1,1489924500,3499600,4023900,417047900,570271600,0,492366800,72000000,4,5
i64,sparse,3000000,1,C_packed_segment,1,1271370600,3020700,13512000,155451400,607482600,0,486041800,138467600,4,5
i64,sparse,3000000,1,D_frontier,1,193052000,2759600,13356300,131637800,0,27400,42554200,96000064,4,5
i64,sparse,3000000,1,D_sorted_frontier,1,221566100,2735100,14493900,156582700,0,39800,44643800,96000064,4,5
i64,sparse,3000000,1,D_append_frontier,1,196753400,2970400,12671000,132580200,0,37000,45606900,96000064,4,5
i64,sparse,3000000,1,D_sorted_append_frontier,1,195474300,2840200,13538800,132543000,0,25300,43850200,96000064,4,5
i64,sparse,3000000,1,A_packed_fenwick,1,1164366200,2762700,13207100,137297200,724059600,0,282617300,120000000,4,5
i64,sparse,3000000,1,B_indirect_fenwick,2,1439842400,2778000,3293700,405410800,550855400,0,474825800,72000000,4,5
i64,sparse,3000000,1,C_packed_segment,2,1205076200,2774000,13181800,138570700,541235000,0,503437200,138467600,4,5
i64,sparse,3000000,1,D_frontier,2,191983000,2779400,13520000,130395900,0,38300,42590600,96000064,4,5
i64,sparse,3000000,1,D_sorted_frontier,2,191286600,2753900,12814000,130145100,0,37100,42847700,96000064,4,5
i64,sparse,3000000,1,D_append_frontier,2,197621000,2637200,12689400,130699200,0,39900,48835600,96000064,4,5
i64,sparse,3000000,1,D_sorted_append_frontier,2,202617900,2554100,12696300,139880000,0,25900,44749600,96000064,4,5
i64,sparse,3000000,1,A_packed_fenwick,2,986370800,2969100,13693100,132657700,532925700,0,299702500,120000000,4,5
i64,sparse,3000000,1,A_sorted_fenwick,2,993026800,2784900,12810800,130563600,547482900,0,295004300,120000000,4,5
i64,sparse,3000000,1,C_packed_segment,3,1242376100,2850100,12777700,140306900,565179000,0,515412700,138467600,4,5
i64,sparse,3000000,1,D_frontier,3,193045200,2757700,13643000,131204800,0,35000,42623000,96000064,4,5
i64,sparse,3000000,1,D_sorted_frontier,3,191559900,2547600,12720500,130785800,0,38300,42802500,96000064,4,5
i64,sparse,3000000,1,D_append_frontier,3,195862900,2560100,12730800,132821900,0,38700,44672000,96000064,4,5
i64,sparse,3000000,1,D_sorted_append_frontier,3,192857400,2924700,12847000,130357200,0,38200,44010800,96000064,4,5
i64,sparse,3000000,1,A_packed_fenwick,3,1033786800,2771800,13451200,134816200,586854000,0,291415100,120000000,4,5
i64,sparse,3000000,1,A_sorted_fenwick,3,1013108000,2859900,13719100,134462500,570450400,0,287202900,120000000,4,5
i64,sparse,3000000,1,B_indirect_fenwick,3,1421445700,2828000,3238100,380929000,559506700,0,472288100,72000000,4,5
i64,sparse,3000000,1,D_frontier,4,195070000,3073100,12889800,133318700,0,39300,43081600,96000064,4,5
i64,sparse,3000000,1,D_sorted_frontier,4,197110500,2851900,12686500,136061400,0,37900,42758800,96000064,4,5
i64,sparse,3000000,1,D_append_frontier,4,193123000,2538400,12740500,130760000,0,23400,44374400,96000064,4,5
i64,sparse,3000000,1,D_sorted_append_frontier,4,232895800,2555100,12813000,170456500,0,29400,44369100,96000064,4,5
i64,sparse,3000000,1,A_packed_fenwick,4,1060815200,2821600,13308900,133864900,618865700,0,287510300,120000000,4,5
i64,sparse,3000000,1,A_sorted_fenwick,4,1025259800,2772900,12837700,130516800,585674000,0,289025200,120000000,4,5
i64,sparse,3000000,1,B_indirect_fenwick,4,1489540800,2767200,3200300,419483500,586775200,0,474686200,72000000,4,5
i64,sparse,3000000,1,C_packed_segment,4,1254103300,2882000,12578000,130061500,564104500,0,536064700,138467600,4,5
i64,dense,1000,1,A_packed_fenwick,0,79300,600,1200,22300,29900,0,24400,40000,4,34
i64,dense,1000,1,A_sorted_fenwick,0,77100,600,1400,25000,29300,0,19900,40000,4,34
i64,dense,1000,1,B_indirect_fenwick,0,102600,800,300,38000,38000,0,24700,24000,4,34
i64,dense,1000,1,C_packed_segment,0,124900,1100,1500,26500,28600,0,66500,46528,4,34
i64,dense,1000,1,D_frontier,0,45900,600,1400,27300,0,300,15600,32512,7,34
i64,dense,1000,1,D_sorted_frontier,0,42300,600,1500,24400,0,200,14900,32512,7,34
i64,dense,1000,1,D_append_frontier,0,41900,900,1200,24000,0,300,15000,32512,7,34
i64,dense,1000,1,D_sorted_append_frontier,0,142300,600,1200,23300,0,300,14800,32512,7,34
i64,dense,1000,1,A_sorted_fenwick,1,99300,900,12800,23100,33700,0,27700,40000,4,34
i64,dense,1000,1,B_indirect_fenwick,1,92800,1000,400,37400,29200,0,24300,24000,4,34
i64,dense,1000,1,C_packed_segment,1,134000,1000,1500,26300,28700,0,75400,46528,4,34
i64,dense,1000,1,D_frontier,1,45700,600,1400,26800,0,300,15900,32512,7,34
i64,dense,1000,1,D_sorted_frontier,1,41800,600,1300,24000,0,300,14900,32512,7,34
i64,dense,1000,1,D_append_frontier,1,41500,600,1200,23500,0,200,15200,32512,7,34
i64,dense,1000,1,D_sorted_append_frontier,1,41400,600,1300,23500,0,300,15100,32512,7,34
i64,dense,1000,1,A_packed_fenwick,1,79600,700,1300,23500,29700,0,23600,40000,4,34
i64,dense,1000,1,B_indirect_fenwick,2,92900,1100,300,37200,29400,0,24200,24000,4,34
i64,dense,1000,1,C_packed_segment,2,121600,1000,1300,24500,29100,0,64800,46528,4,34
i64,dense,1000,1,D_frontier,2,45400,700,1300,27300,0,300,15300,32512,7,34
i64,dense,1000,1,D_sorted_frontier,2,43600,700,1200,26000,0,200,14900,32512,7,34
i64,dense,1000,1,D_append_frontier,2,39000,600,1200,21300,0,200,15100,32512,7,34
i64,dense,1000,1,D_sorted_append_frontier,2,39100,700,1200,21900,0,300,14600,32512,7,34
i64,dense,1000,1,A_packed_fenwick,2,66100,600,1300,17000,23700,0,22500,40000,4,34
i64,dense,1000,1,A_sorted_fenwick,2,72800,600,1200,22300,28400,0,19600,40000,4,34
i64,dense,1000,1,C_packed_segment,3,119200,900,1300,24700,28900,0,62600,46528,4,34
i64,dense,1000,1,D_frontier,3,43200,600,1200,24700,0,300,15700,32512,7,34
i64,dense,1000,1,D_sorted_frontier,3,39400,600,1200,22100,0,300,14600,32512,7,34
i64,dense,1000,1,D_append_frontier,3,42000,600,1200,24400,0,200,14900,32512,7,34
i64,dense,1000,1,D_sorted_append_frontier,3,39400,500,1200,22200,0,200,14600,32512,7,34
i64,dense,1000,1,A_packed_fenwick,3,80500,700,1200,25200,29400,0,23100,40000,4,34
i64,dense,1000,1,A_sorted_fenwick,3,89600,700,1300,23300,28600,0,34500,40000,4,34
i64,dense,1000,1,B_indirect_fenwick,3,94700,900,400,40000,27700,0,25000,24000,4,34
i64,dense,1000,1,D_frontier,4,43500,700,1300,25000,0,400,15400,32512,7,34
i64,dense,1000,1,D_sorted_frontier,4,43500,700,1300,25900,0,200,15000,32512,7,34
i64,dense,1000,1,D_append_frontier,4,41600,700,1200,24200,0,200,14900,32512,7,34
i64,dense,1000,1,D_sorted_append_frontier,4,38900,800,1300,21300,0,300,14800,32512,7,34
i64,dense,1000,1,A_packed_fenwick,4,77800,700,1400,24800,27800,0,22300,40000,4,34
i64,dense,1000,1,A_sorted_fenwick,4,73700,700,1300,22900,28500,0,19500,40000,4,34
i64,dense,1000,1,B_indirect_fenwick,4,91000,900,300,36600,29100,0,23400,24000,4,34
i64,dense,1000,1,C_packed_segment,4,124800,900,1500,27700,27500,0,66200,46528,4,34
i64,dense,10000,1,A_packed_fenwick,0,1178500,7000,11500,442700,423000,0,293000,400000,4,108
i64,dense,10000,1,A_sorted_fenwick,0,1191600,5500,10800,425000,435800,0,312900,400000,4,108
i64,dense,10000,1,B_indirect_fenwick,0,1302600,9100,2400,551600,423900,0,314300,240000,4,108
i64,dense,10000,1,C_packed_segment,0,1712900,10000,10700,429700,430600,0,830400,400000,4,108
i64,dense,10000,1,D_frontier,0,620900,5500,11000,417900,0,1900,183500,321024,8,108
i64,dense,10000,1,D_sorted_frontier,0,631600,5600,9200,429100,0,2200,184000,321024,8,108
i64,dense,10000,1,D_append_frontier,0,643500,5600,11000,438500,0,1800,185500,321024,8,108
i64,dense,10000,1,D_sorted_append_frontier,0,614700,5900,10900,413300,0,1700,182100,321024,8,108
i64,dense,10000,1,A_sorted_fenwick,1,1169600,5700,10600,425400,428900,0,297600,400000,4,108
i64,dense,10000,1,B_indirect_fenwick,1,1317800,10000,2300,553700,420500,0,330000,240000,4,108
i64,dense,10000,1,C_packed_segment,1,1695800,9000,11500,418400,427100,0,828500,400000,4,108
i64,dense,10000,1,D_frontier,1,653000,6000,11400,448200,0,2500,183500,321024,8,108
i64,dense,10000,1,D_sorted_frontier,1,598100,5300,10700,385400,0,2200,193000,321024,8,108
i64,dense,10000,1,D_append_frontier,1,615000,5700,10800,414100,0,1900,181400,321024,8,108
i64,dense,10000,1,D_sorted_append_frontier,1,608700,5500,10700,409400,0,2300,179400,321024,8,108
i64,dense,10000,1,A_packed_fenwick,1,1026500,5300,10700,372000,361400,0,275800,400000,4,108
i64,dense,10000,1,B_indirect_fenwick,2,1350100,9500,2100,572200,388400,0,290600,240000,4,108
i64,dense,10000,1,C_packed_segment,2,1578800,7900,56900,367100,430800,0,714300,400000,4,108
i64,dense,10000,1,D_frontier,2,523800,5300,11000,323300,0,1500,181500,321024,8,108
i64,dense,10000,1,D_sorted_frontier,2,638000,5900,11400,427700,0,2000,189900,321024,8,108
i64,dense,10000,1,D_append_frontier,2,644600,5900,11600,427800,0,1800,195900,321024,8,108
i64,dense,10000,1,D_sorted_append_frontier,2,659700,5700,11600,463700,0,1800,175800,321024,8,108
i64,dense,10000,1,A_packed_fenwick,2,1118200,9300,10600,431100,390800,0,275000,400000,4,108
i64,dense,10000,1,A_sorted_fenwick,2,1193600,7200,11600,424900,452600,0,296200,400000,4,108
i64,dense,10000,1,C_packed_segment,3,1504400,10200,11900,451900,377100,0,652300,400000,4,108
i64,dense,10000,1,D_frontier,3,529100,5100,7900,334400,0,1500,179100,321024,8,108
i64,dense,10000,1,D_sorted_frontier,3,552700,5500,7800,352700,0,1500,183900,321024,8,108
i64,dense,10000,1,D_append_frontier,3,516600,5100,8000,325000,0,1200,176800,321024,8,108
i64,dense,10000,1,D_sorted_append_frontier,3,514600,5000,7900,321200,0,1100,178800,321024,8,108
i64,dense,10000,1,A_packed_fenwick,3,1039800,5800,10600,387800,356600,0,277900,400000,4,108
i64,dense,10000,1,A_sorted_fenwick,3,1176300,6500,10400,373100,487000,0,298100,400000,4,108
i64,dense,10000,1,B_indirect_fenwick,3,1306400,10100,2400,546900,407600,0,337500,240000,4,108
i64,dense,10000,1,D_frontier,4,536900,6000,10900,338900,0,1700,178500,321024,8,108
i64,dense,10000,1,D_sorted_frontier,4,511200,5700,8400,319000,0,1200,176100,321024,8,108
i64,dense,10000,1,D_append_frontier,4,510600,5700,8400,317900,0,1200,177000,321024,8,108
i64,dense,10000,1,D_sorted_append_frontier,4,517500,5000,7700,324700,0,1100,178100,321024,8,108
i64,dense,10000,1,A_packed_fenwick,4,1003700,5000,10300,331400,392800,0,262800,400000,4,108
i64,dense,10000,1,A_sorted_fenwick,4,921400,6900,10900,318700,332000,0,252000,400000,4,108
i64,dense,10000,1,B_indirect_fenwick,4,1050000,5100,1600,411200,327400,0,250600,240000,4,108
i64,dense,10000,1,C_packed_segment,4,1400300,6200,51400,316800,395900,0,629100,400000,4,108
i64,dense,100000,1,A_packed_fenwick,0,10232300,50000,408800,4411400,2910900,0,2361000,4000000,4,405
i64,dense,100000,1,A_sorted_fenwick,0,10328600,76400,371500,4408700,3039000,0,2334000,4000000,4,405
i64,dense,100000,1,B_indirect_fenwick,0,13944100,54800,13800,7948900,3143900,0,2781200,2400000,4,405
i64,dense,100000,1,C_packed_segment,0,15283400,49800,405500,4810100,3748800,0,6149300,4000000,4,405
i64,dense,100000,1,D_frontier,0,7104300,58000,426200,4486600,0,11100,2017700,3204096,10,405
i64,dense,100000,1,D_sorted_frontier,0,6989600,49100,432400,4437000,0,10900,1971300,3204096,10,405
i64,dense,100000,1,D_append_frontier,0,6981800,49400,368000,4434000,0,10300,2016500,3204096,10,405
i64,dense,100000,1,D_sorted_append_frontier,0,6985300,51100,410300,4439600,0,10400,1982300,3204096,10,405
i64,dense,100000,1,A_sorted_fenwick,1,10587600,49400,360600,4442600,3278400,0,2353000,4000000,4,405
i64,dense,100000,1,B_indirect_fenwick,1,11656700,51400,16600,5711300,3081200,0,2795200,2400000,4,405
i64,dense,100000,1,C_packed_segment,1,13828200,49800,391600,4472800,3119500,0,5702700,4000000,4,405
i64,dense,100000,1,D_frontier,1,7028100,50100,377800,4480100,0,12000,2005100,3204096,10,405
i64,dense,100000,1,D_sorted_frontier,1,7009500,50000,426700,4429200,0,9900,1997100,3204096,10,405
i64,dense,100000,1,D_append_frontier,1,7022300,49700,362300,4480300,0,10800,2019200,3204096,10,405
i64,dense,100000,1,D_sorted_append_frontier,1,7050500,49700,418100,4415100,0,10100,2050000,3204096,10,405
i64,dense,100000,1,A_packed_fenwick,1,10555700,55000,465100,4518800,3041000,0,2371800,4000000,4,405
i64,dense,100000,1,B_indirect_fenwick,2,11460500,52400,14500,5563700,3105500,0,2723500,2400000,4,405
i64,dense,100000,1,C_packed_segment,2,13804500,53400,363200,4458300,3126700,0,5712600,4000000,4,405
i64,dense,100000,1,D_frontier,2,7145000,49500,376600,4463900,0,137800,2005600,3204096,10,405
i64,dense,100000,1,D_sorted_frontier,2,7038800,56200,418900,4457100,0,10600,2000700,3204096,10,405
i64,dense,100000,1,D_append_frontier,2,6993700,49700,366600,4443300,0,10900,2024700,3204096,10,405
i64,dense,100000,1,D_sorted_append_frontier,2,7102600,49800,433800,4414800,0,12300,2095700,3204096,10,405
i64,dense,100000,1,A_packed_fenwick,2,10584800,51200,381700,4442600,3131100,0,2475300,4000000,4,405
i64,dense,100000,1,A_sorted_fenwick,2,10418000,50200,420500,4469400,2994200,0,2387800,4000000,4,405
i64,dense,100000,1,C_packed_segment,3,13526900,49700,363100,4411700,2960400,0,5651300,4000000,4,405
i64,dense,100000,1,D_frontier,3,6978000,49700,397800,4422300,0,12000,1995200,3204096,10,405
i64,dense,100000,1,D_sorted_frontier,3,7112700,51300,481700,4469300,0,10700,2008200,3204096,10,405
i64,dense,100000,1,D_append_frontier,3,7025200,49700,428100,4423000,0,11200,2011600,3204096,10,405
i64,dense,100000,1,D_sorted_append_frontier,3,7010900,50000,413700,4432200,0,11000,2014400,3204096,10,405
i64,dense,100000,1,A_packed_fenwick,3,10318600,49600,444800,4447200,2921200,0,2353000,4000000,4,405
i64,dense,100000,1,A_sorted_fenwick,3,10335900,49600,452500,4479100,2895500,0,2368700,4000000,4,405
i64,dense,100000,1,B_indirect_fenwick,3,11646700,49800,13700,5656600,3155800,0,2769600,2400000,4,405
i64,dense,100000,1,D_frontier,4,7062300,49800,396400,4430300,0,13000,2053600,3204096,10,405
i64,dense,100000,1,D_sorted_frontier,4,7153500,79000,481400,4495600,0,11100,1996700,3204096,10,405
i64,dense,100000,1,D_append_frontier,4,6986500,49600,383400,4426500,0,10500,2015700,3204096,10,405
i64,dense,100000,1,D_sorted_append_frontier,4,7177400,49700,547700,4453400,0,10700,2023800,3204096,10,405
i64,dense,100000,1,A_packed_fenwick,4,10552100,50000,374800,4425900,3114900,0,2480700,4000000,4,405
i64,dense,100000,1,A_sorted_fenwick,4,10363500,50100,416900,4443700,3013000,0,2349800,4000000,4,405
i64,dense,100000,1,B_indirect_fenwick,4,11592300,49700,13800,5666800,3136900,0,2724500,2400000,4,405
i64,dense,100000,1,C_packed_segment,4,13850500,49400,381500,4430100,3192500,0,5688200,4000000,4,405
date32,dense,100000,1,A_packed_fenwick,0,13259600,99600,379000,5339600,4161900,0,3168600,2800000,4,405
date32,dense,100000,1,A_sorted_fenwick,0,10717500,104500,383900,4807500,2909400,0,2439700,2800000,4,405
date32,dense,100000,1,B_indirect_fenwick,0,11356200,50200,13600,5544300,2992000,0,2755100,2000000,4,405
date32,dense,100000,1,C_packed_segment,0,14200300,50000,276100,4006000,3403700,0,6391200,2800000,4,405
date32,dense,100000,1,D_frontier,0,6525500,51600,322100,4000900,0,14300,2042300,2402048,10,405
date32,dense,100000,1,D_sorted_frontier,0,6574900,50000,347800,4069800,0,11000,2021200,2402048,10,405
date32,dense,100000,1,D_append_frontier,0,6384800,49900,272100,3972600,0,11600,2017800,2402048,10,405
date32,dense,100000,1,D_sorted_append_frontier,0,6454200,49900,334700,3958900,0,10700,2019000,2402048,10,405
date32,dense,100000,1,A_sorted_fenwick,1,9543300,49400,310100,3958600,2853900,0,2306100,2800000,4,405
date32,dense,100000,1,B_indirect_fenwick,1,11270900,49700,13200,5521200,2934000,0,2752200,2000000,4,405
date32,dense,100000,1,C_packed_segment,1,13327200,50100,283400,4019400,2982000,0,5913100,2800000,4,405
date32,dense,100000,1,D_frontier,1,6562900,57000,369100,4018300,0,15100,2025700,2402048,10,405
date32,dense,100000,1,D_sorted_frontier,1,7093500,51000,284400,4530100,0,103300,2036100,2402048,10,405
date32,dense,100000,1,D_append_frontier,1,7023300,78000,327300,4406900,0,92800,2020300,2402048,10,405
date32,dense,100000,1,D_sorted_append_frontier,1,6758300,60900,333700,4255400,0,14500,2030000,2402048,10,405
date32,dense,100000,1,A_packed_fenwick,1,11094600,49900,275200,3995700,3590400,0,3086600,2800000,4,405
date32,dense,100000,1,B_indirect_fenwick,2,13984500,79200,24000,8023200,3111000,0,2745600,2000000,4,405
date32,dense,100000,1,C_packed_segment,2,13246200,49800,324200,4007400,2919900,0,5869200,2800000,4,405
date32,dense,100000,1,D_frontier,2,6420300,54900,275800,4012400,0,10500,2008700,2402048,10,405
date32,dense,100000,1,D_sorted_frontier,2,6411700,74300,290700,3952700,0,9700,2008100,2402048,10,405
date32,dense,100000,1,D_append_frontier,2,6384400,49600,290200,3941900,0,10000,2027800,2402048,10,405
date32,dense,100000,1,D_sorted_append_frontier,2,6361100,49300,283000,3963300,0,10500,1987300,2402048,10,405
date32,dense,100000,1,A_packed_fenwick,2,9455600,49300,268800,3928300,2813100,0,2326900,2800000,4,405
date32,dense,100000,1,A_sorted_fenwick,2,9502600,49300,290500,3969400,2824100,0,2307900,2800000,4,405
date32,dense,100000,1,C_packed_segment,3,13143900,49500,284000,4036800,2916100,0,5772200,2800000,4,405
date32,dense,100000,1,D_frontier,3,6431500,49600,323800,3943000,0,10700,2026100,2402048,10,405
date32,dense,100000,1,D_sorted_frontier,3,6570500,49600,299400,3993900,0,139300,2022400,2402048,10,405
date32,dense,100000,1,D_append_frontier,3,6362600,49600,275900,3948900,0,10100,2002900,2402048,10,405
date32,dense,100000,1,D_sorted_append_frontier,3,6499000,49600,308300,4044200,0,10900,2007600,2402048,10,405
date32,dense,100000,1,A_packed_fenwick,3,9647500,49800,296300,3963300,2929300,0,2344300,2800000,4,405
date32,dense,100000,1,A_sorted_fenwick,3,9519200,49600,277600,3967900,2793300,0,2358800,2800000,4,405
date32,dense,100000,1,B_indirect_fenwick,3,11148200,54800,13300,5428200,2922200,0,2728400,2000000,4,405
date32,dense,100000,1,D_frontier,4,6579400,49700,289900,4030500,0,144100,2001600,2402048,10,405
date32,dense,100000,1,D_sorted_frontier,4,6318300,49000,280500,3940000,0,9900,1978200,2402048,10,405
date32,dense,100000,1,D_append_frontier,4,6425100,62300,284900,3997900,0,13600,1988200,2402048,10,405
date32,dense,100000,1,D_sorted_append_frontier,4,6358000,49700,292700,3933800,0,9700,2013300,2402048,10,405
date32,dense,100000,1,A_packed_fenwick,4,9517100,49300,281100,3931700,2885300,0,2303100,2800000,4,405
date32,dense,100000,1,A_sorted_fenwick,4,9461000,49400,266000,3961200,2759200,0,2359500,2800000,4,405
date32,dense,100000,1,B_indirect_fenwick,4,11022300,49300,13200,5375200,2926900,0,2656800,2000000,4,405
date32,dense,100000,1,C_packed_segment,4,13074700,49400,287600,3940300,2901000,0,5826500,2800000,4,405
i64,dense,100000,10,A_packed_fenwick,0,9244800,74200,140500,3286800,3236300,81200,2420100,1200000,41,113
i64,dense,100000,10,A_sorted_fenwick,0,9026700,51100,145800,3193900,3063200,147000,2420400,1200000,41,113
i64,dense,100000,10,B_indirect_fenwick,0,9714600,50100,14800,4009000,3045900,17700,2570600,1040000,41,113
i64,dense,100000,10,C_packed_segment,0,12998700,50800,136700,3185600,3082500,143900,6393300,1200000,41,113
i64,dense,100000,10,D_frontier,0,5290200,50000,143900,3187900,0,143700,1759700,1121024,81,113
i64,dense,100000,10,D_sorted_frontier,0,5097700,49800,77700,3180700,0,26700,1758100,1121024,81,113
i64,dense,100000,10,D_append_frontier,0,5137900,49700,79700,3181600,0,27900,1793900,1121024,81,113
i64,dense,100000,10,D_sorted_append_frontier,0,5325900,49600,141600,3205400,0,144600,1779300,1121024,81,113
i64,dense,100000,10,A_sorted_fenwick,1,8874300,49900,77500,3213800,3054000,17100,2456800,1200000,41,113
i64,dense,100000,10,B_indirect_fenwick,1,9788000,52900,34900,3930900,3062100,133200,2567800,1040000,41,113
i64,dense,100000,10,C_packed_segment,1,13083700,56300,151500,3236900,3202500,24200,6364900,1200000,41,113
i64,dense,100000,10,D_frontier,1,5334400,52200,136800,3212500,0,156400,1772000,1121024,81,113
i64,dense,100000,10,D_sorted_frontier,1,5107300,49900,77700,3190700,0,28100,1756200,1121024,81,113
i64,dense,100000,10,D_append_frontier,1,5130800,49900,78100,3208100,0,28400,1761600,1121024,81,113
i64,dense,100000,10,D_sorted_append_frontier,1,5395300,49800,141000,3270600,0,154700,1774600,1121024,81,113
i64,dense,100000,10,A_packed_fenwick,1,9310600,51600,157700,3234000,3240600,22600,2553500,1200000,41,113
i64,dense,100000,10,B_indirect_fenwick,2,9849100,119500,35400,3908000,3053900,142700,2583300,1040000,41,113
i64,dense,100000,10,C_packed_segment,2,12839200,53800,139300,3190600,3138600,52200,6258600,1200000,41,113
i64,dense,100000,10,D_frontier,2,5379700,50400,141200,3230800,0,166300,1784600,1121024,81,113
i64,dense,100000,10,D_sorted_frontier,2,5120600,50000,78000,3197000,0,26900,1764800,1121024,81,113
i64,dense,100000,10,D_append_frontier,2,5319600,49700,135400,3198400,0,162500,1768100,1121024,81,113
i64,dense,100000,10,D_sorted_append_frontier,2,5179900,51700,82700,3234800,0,29700,1775900,1121024,81,113
i64,dense,100000,10,A_packed_fenwick,2,9980600,57100,147000,3518900,3597000,55100,2599600,1200000,41,113
i64,dense,100000,10,A_sorted_fenwick,2,9318100,57100,150300,3256100,3229800,136500,2480400,1200000,41,113
i64,dense,100000,10,C_packed_segment,3,13066600,54200,136200,3226000,3098300,130500,6415200,1200000,41,113
i64,dense,100000,10,D_frontier,3,5384200,52000,141200,3321800,0,76300,1787500,1121024,81,113
i64,dense,100000,10,D_sorted_frontier,3,5319900,49900,135900,3216200,0,150200,1762800,1121024,81,113
i64,dense,100000,10,D_append_frontier,3,5342100,55100,81700,3383100,0,37900,1777200,1121024,81,113
i64,dense,100000,10,D_sorted_append_frontier,3,5173000,54000,78100,3206500,0,26900,1803400,1121024,81,113
i64,dense,100000,10,A_packed_fenwick,3,9031300,49600,137100,3205700,3060800,142800,2428400,1200000,41,113
i64,dense,100000,10,A_sorted_fenwick,3,8968800,50100,137400,3232700,3071300,51200,2421000,1200000,41,113
i64,dense,100000,10,B_indirect_fenwick,3,10268800,59500,35200,4154900,3217100,146000,2649900,1040000,41,113
i64,dense,100000,10,D_frontier,4,5147700,51100,79300,3183400,0,39200,1789500,1121024,81,113
i64,dense,100000,10,D_sorted_frontier,4,5356700,50300,136000,3231300,0,162600,1771200,1121024,81,113
i64,dense,100000,10,D_append_frontier,4,5168400,50100,78100,3219000,0,27300,1789600,1121024,81,113
i64,dense,100000,10,D_sorted_append_frontier,4,5491500,51900,148500,3429400,0,71000,1784900,1121024,81,113
i64,dense,100000,10,A_packed_fenwick,4,9109900,50300,136600,3240200,3105500,144800,2426900,1200000,41,113
i64,dense,100000,10,A_sorted_fenwick,4,8887200,49900,135200,3218100,3020100,20400,2408600,1200000,41,113
i64,dense,100000,10,B_indirect_fenwick,4,9816300,57500,35800,3935700,3134900,123800,2522800,1040000,41,113
i64,dense,100000,10,C_packed_segment,4,12707500,51800,133100,3178000,3050800,116500,6170000,1200000,41,113
i64,dense,100000,100,A_packed_fenwick,0,6581700,53300,90800,2197000,2123700,139600,1938100,840000,401,39
i64,dense,100000,100,A_sorted_fenwick,0,6616100,53000,118100,2204000,2129000,139200,1930600,840000,401,39
i64,dense,100000,100,B_indirect_fenwick,0,6828800,55400,19700,2535700,2121700,139000,1924800,824000,401,39
i64,dense,100000,100,C_packed_segment,0,9823700,59800,92600,2198200,2136800,126400,5162900,846976,401,39
i64,dense,100000,100,D_frontier,0,3927000,53300,89600,2181000,0,130200,1439500,832512,678,39
i64,dense,100000,100,D_sorted_frontier,0,3937400,53000,90800,2178600,0,140500,1441800,832512,678,39
i64,dense,100000,100,D_append_frontier,0,3975000,52700,88600,2212900,0,154700,1430800,832512,678,39
i64,dense,100000,100,D_sorted_append_frontier,0,3978200,52700,89800,2209700,0,159500,1428900,832512,678,39
i64,dense,100000,100,A_sorted_fenwick,1,6557400,53200,90300,2191500,2113000,137400,1931800,840000,401,39
i64,dense,100000,100,B_indirect_fenwick,1,6892000,55800,19900,2577700,2135500,141800,1926200,824000,401,39
i64,dense,100000,100,C_packed_segment,1,9825500,54500,93100,2195900,2132600,150100,5155700,846976,401,39
i64,dense,100000,100,D_frontier,1,3947500,53500,89000,2181900,0,156000,1433900,832512,678,39
i64,dense,100000,100,D_sorted_frontier,1,3975000,53100,90700,2192300,0,157900,1435300,832512,678,39
i64,dense,100000,100,D_append_frontier,1,3924200,53200,89300,2177500,0,135600,1433700,832512,678,39
i64,dense,100000,100,D_sorted_append_frontier,1,3941500,52600,88900,2178800,0,128400,1456800,832512,678,39
i64,dense,100000,100,A_packed_fenwick,1,7440000,63300,104900,2467800,2523600,145600,2086600,840000,401,39
i64,dense,100000,100,B_indirect_fenwick,2,8840700,106900,28900,3346900,2839600,192300,2275300,824000,401,39
i64,dense,100000,100,C_packed_segment,2,9918000,68700,97100,2253900,2209900,134300,5104200,846976,401,39
i64,dense,100000,100,D_frontier,2,3975800,54600,90700,2218000,0,138600,1439000,832512,678,39
i64,dense,100000,100,D_sorted_frontier,2,3976000,53800,91100,2204200,0,149400,1443300,832512,678,39
i64,dense,100000,100,D_append_frontier,2,3966500,52500,90800,2201400,0,152300,1434700,832512,678,39
i64,dense,100000,100,D_sorted_append_frontier,2,4007300,53800,91700,2213600,0,163000,1447600,832512,678,39
i64,dense,100000,100,A_packed_fenwick,2,8526600,84600,114400,2849100,2892500,183000,2345900,840000,401,39
i64,dense,100000,100,A_sorted_fenwick,2,9080700,84600,135300,3184900,3030100,169700,2423100,840000,401,39
i64,dense,100000,100,C_packed_segment,3,13421700,103500,136400,3179900,3045400,173000,6726700,846976,401,39
i64,dense,100000,100,D_frontier,3,5092400,83300,134700,3139200,0,191700,1496800,832512,678,39
i64,dense,100000,100,D_sorted_frontier,3,4988000,77800,131300,3067600,0,172200,1494300,832512,678,39
i64,dense,100000,100,D_append_frontier,3,4462000,66000,108900,2620300,0,154600,1472200,832512,678,39
i64,dense,100000,100,D_sorted_append_frontier,3,4062200,55400,100100,2249200,0,144300,1480700,832512,678,39
i64,dense,100000,100,A_packed_fenwick,3,6721000,55500,93700,2245700,2198000,141200,1947800,840000,401,39
i64,dense,100000,100,A_sorted_fenwick,3,6763800,61200,93600,2243900,2189200,148200,1986000,840000,401,39
i64,dense,100000,100,B_indirect_fenwick,3,6979300,58200,20800,2594500,2191500,146400,1933000,824000,401,39
i64,dense,100000,100,D_frontier,4,4011100,54000,90100,2227200,0,153900,1449000,832512,678,39
i64,dense,100000,100,D_sorted_frontier,4,4072100,53900,102300,2261600,0,159500,1456800,832512,678,39
i64,dense,100000,100,D_append_frontier,4,4014800,54400,92100,2214300,0,164000,1456200,832512,678,39
i64,dense,100000,100,D_sorted_append_frontier,4,3992000,53800,90000,2202100,0,161900,1449700,832512,678,39
i64,dense,100000,100,A_packed_fenwick,4,6760200,54700,91600,2213700,2255700,125000,1972900,840000,401,39
i64,dense,100000,100,A_sorted_fenwick,4,6616200,53200,95100,2212000,2155000,120100,1938600,840000,401,39
i64,dense,100000,100,B_indirect_fenwick,4,6800400,55200,20000,2527200,2125600,123000,1914000,824000,401,39
i64,dense,100000,100,C_packed_segment,4,9594300,52600,93000,2200700,2131800,140100,4929500,846976,401,39
i64,dense,100000,1000,A_packed_fenwick,0,5447000,89400,125200,1640200,1593400,57800,1639400,804008,4001,14
i64,dense,100000,1000,A_sorted_fenwick,0,5582100,89900,126500,1657200,1598000,179900,1640400,804008,4001,14
i64,dense,100000,1000,B_indirect_fenwick,0,5820000,98100,84800,1949500,1596400,153000,1641700,802408,4001,14
i64,dense,100000,1000,C_packed_segment,0,7462800,93800,135200,1676200,1619900,152500,3458000,804800,4001,14
i64,dense,100000,1000,D_frontier,0,3658000,92800,122700,1658500,0,222600,1280800,803328,4991,14
i64,dense,100000,1000,D_sorted_frontier,0,3537900,86500,124400,1650300,0,119300,1275100,803328,4991,14
i64,dense,100000,1000,D_append_frontier,0,3515500,88600,125300,1638900,0,119900,1259700,803328,4991,14
i64,dense,100000,1000,D_sorted_append_frontier,0,3529700,86500,126100,1656800,0,116600,1253100,803328,4991,14
i64,dense,100000,1000,A_sorted_fenwick,1,5499200,90300,151600,1649800,1598400,57300,1658300,804008,4001,14
i64,dense,100000,1000,B_indirect_fenwick,1,5782200,96500,84900,1950700,1598300,167200,1603000,802408,4001,14
i64,dense,100000,1000,C_packed_segment,1,7324000,90800,134300,1664300,1598700,57000,3450400,804800,4001,14
i64,dense,100000,1000,D_frontier,1,3676900,88200,150300,1636400,0,238700,1285600,803328,4991,14
i64,dense,100000,1000,D_sorted_frontier,1,3545400,86100,124500,1651200,0,122300,1277600,803328,4991,14
i64,dense,100000,1000,D_append_frontier,1,3508000,87300,124900,1637400,0,125200,1258300,803328,4991,14
i64,dense,100000,1000,D_sorted_append_frontier,1,3507200,88200,123100,1646500,0,120700,1251000,803328,4991,14
i64,dense,100000,1000,A_packed_fenwick,1,5431500,91000,126400,1636200,1612500,59500,1625300,804008,4001,14
i64,dense,100000,1000,B_indirect_fenwick,2,5667600,98100,83900,1946300,1597300,60400,1601200,802408,4001,14
i64,dense,100000,1000,C_packed_segment,2,7518200,91800,136700,1724300,1607500,176800,3455600,804800,4001,14
i64,dense,100000,1000,D_frontier,2,3657200,86800,125000,1643700,0,232900,1289100,803328,4991,14
i64,dense,100000,1000,D_sorted_frontier,2,3542300,88100,124800,1641400,0,121900,1284900,803328,4991,14
i64,dense,100000,1000,D_append_frontier,2,3524100,88300,124300,1642000,0,120600,1266700,803328,4991,14
i64,dense,100000,1000,D_sorted_append_frontier,2,3525900,88900,124100,1636800,0,121900,1252700,803328,4991,14
i64,dense,100000,1000,A_packed_fenwick,2,5413000,89300,126200,1643800,1592900,60300,1624100,804008,4001,14
i64,dense,100000,1000,A_sorted_fenwick,2,5653100,106400,130900,1684000,1641600,89400,1706300,804008,4001,14
i64,dense,100000,1000,C_packed_segment,3,7359100,91300,137800,1654000,1619700,58900,3465200,804800,4001,14
i64,dense,100000,1000,D_frontier,3,3653100,86600,122000,1638600,0,240100,1280900,803328,4991,14
i64,dense,100000,1000,D_sorted_frontier,3,3553400,86400,124900,1656100,0,122100,1277400,803328,4991,14
i64,dense,100000,1000,D_append_frontier,3,3810900,95200,145300,1787500,0,139500,1337900,803328,4991,14
i64,dense,100000,1000,D_sorted_append_frontier,3,3854100,95100,148200,1849500,0,143900,1313500,803328,4991,14
i64,dense,100000,1000,A_packed_fenwick,3,5448600,89900,127300,1647700,1598300,59600,1639700,804008,4001,14
i64,dense,100000,1000,A_sorted_fenwick,3,5479200,94500,126200,1651400,1630800,60200,1638500,804008,4001,14
i64,dense,100000,1000,B_indirect_fenwick,3,5676800,97500,86500,1952700,1592400,55200,1608900,802408,4001,14
i64,dense,100000,1000,D_frontier,4,3651700,85200,123400,1655300,0,220700,1286500,803328,4991,14
i64,dense,100000,1000,D_sorted_frontier,4,3530400,84900,120900,1642000,0,117400,1275900,803328,4991,14
i64,dense,100000,1000,D_append_frontier,4,3538700,86200,125300,1647700,0,120600,1274200,803328,4991,14
i64,dense,100000,1000,D_sorted_append_frontier,4,3502700,87100,125600,1641400,0,121400,1250500,803328,4991,14
i64,dense,100000,1000,A_packed_fenwick,4,5435500,90700,124500,1641300,1601500,60000,1634600,804008,4001,14
i64,dense,100000,1000,A_sorted_fenwick,4,5439000,91200,137700,1646900,1601100,57800,1620600,804008,4001,14
i64,dense,100000,1000,B_indirect_fenwick,4,5678200,97200,84200,1946100,1601700,61100,1604000,802408,4001,14
i64,dense,100000,1000,C_packed_segment,4,7302400,92700,135000,1660900,1615300,56300,3435000,804800,4001,14
i64,dense,1000000,1,A_packed_fenwick,0,120186800,1082400,4251300,59886200,29239800,0,24758900,40000000,4,1219
i64,dense,1000000,1,A_sorted_fenwick,0,109046100,984100,4132100,56578000,28088100,0,18229200,40000000,4,1219
i64,dense,1000000,1,B_indirect_fenwick,0,170411600,955700,1081700,88753600,27755600,0,51501700,24000000,4,1219
i64,dense,1000000,1,C_packed_segment,0,138501600,902400,4039300,56242800,30446400,0,45792800,40000000,4,1219
i64,dense,1000000,1,D_frontier,0,85274400,1088800,4922000,64477700,0,33300,13794400,32016384,12,1219
i64,dense,1000000,1,D_sorted_frontier,0,76474600,1188800,4224400,56179300,0,37700,13880300,32016384,12,1219
i64,dense,1000000,1,D_append_frontier,0,75977500,1055600,4170200,56056800,0,37800,13728000,32016384,12,1219
i64,dense,1000000,1,D_sorted_append_frontier,0,78446300,991000,4071900,57854700,0,32300,14521300,32016384,12,1219
i64,dense,1000000,1,A_sorted_fenwick,1,110173400,1174600,4359100,56990000,28107800,0,18575200,40000000,4,1219
i64,dense,1000000,1,B_indirect_fenwick,1,192498200,1037100,1053700,106362600,29080700,0,54590300,24000000,4,1219
i64,dense,1000000,1,C_packed_segment,1,141775300,970200,4350100,58227400,37513200,0,39760800,40000000,4,1219
i64,dense,1000000,1,D_frontier,1,78008300,1031300,4388000,57259600,0,27100,14311900,32016384,12,1219
i64,dense,1000000,1,D_sorted_frontier,1,78264100,1071400,4233200,57836000,0,32400,14116900,32016384,12,1219
i64,dense,1000000,1,D_append_frontier,1,80970500,1233500,4613200,59884100,0,39200,14204600,32016384,12,1219
i64,dense,1000000,1,D_sorted_append_frontier,1,77026700,1048800,4253200,56872400,0,32800,13875100,32016384,12,1219
i64,dense,1000000,1,A_packed_fenwick,1,110038600,1135400,4186200,56447600,28362000,0,18965200,40000000,4,1219
i64,dense,1000000,1,B_indirect_fenwick,2,172173600,952100,1069000,89143400,27762200,0,52869600,24000000,4,1219
i64,dense,1000000,1,C_packed_segment,2,126463900,924800,4146600,56357600,28001400,0,36056400,40000000,4,1219
i64,dense,1000000,1,D_frontier,2,84559000,1019700,4254300,62812600,0,23100,15360000,32016384,12,1219
i64,dense,1000000,1,D_sorted_frontier,2,78397500,1205600,4506200,57773600,0,38200,13915400,32016384,12,1219
i64,dense,1000000,1,D_append_frontier,2,76487500,1019500,4145400,56492500,0,40700,13821100,32016384,12,1219
i64,dense,1000000,1,D_sorted_append_frontier,2,78556700,1180200,4245900,58203700,0,39300,13923600,32016384,12,1219
i64,dense,1000000,1,A_packed_fenwick,2,111689000,1021100,4120200,56970900,28468000,0,20027400,40000000,4,1219
i64,dense,1000000,1,A_sorted_fenwick,2,133537600,1101000,5230000,73496000,33030600,0,19712700,40000000,4,1219
i64,dense,1000000,1,C_packed_segment,3,127917700,1195400,4590900,56541200,28450700,0,36189200,40000000,4,1219
i64,dense,1000000,1,D_frontier,3,77074800,1017600,4386000,56482000,0,39200,14177400,32016384,12,1219
i64,dense,1000000,1,D_sorted_frontier,3,94771400,1176000,4783600,70652600,0,40200,17023400,32016384,12,1219
i64,dense,1000000,1,D_append_frontier,3,88444700,1065500,5135200,67433300,0,24200,13831900,32016384,12,1219
i64,dense,1000000,1,D_sorted_append_frontier,3,78137300,1001900,4385000,58013400,0,39500,13745600,32016384,12,1219
i64,dense,1000000,1,A_packed_fenwick,3,114441600,1010100,4488600,59270900,28039200,0,20649400,40000000,4,1219
i64,dense,1000000,1,A_sorted_fenwick,3,111028600,1007700,4119400,56082500,28062600,0,20802200,40000000,4,1219
i64,dense,1000000,1,B_indirect_fenwick,3,185303300,999600,1059900,88526200,27637500,0,66700000,24000000,4,1219
i64,dense,1000000,1,D_frontier,4,81671300,984600,4422900,61137700,0,41300,14104000,32016384,12,1219
i64,dense,1000000,1,D_sorted_frontier,4,77502200,1018800,4173300,57271200,0,32500,14041800,32016384,12,1219
i64,dense,1000000,1,D_append_frontier,4,76988000,1136700,4642000,56466800,0,33900,13748700,32016384,12,1219
i64,dense,1000000,1,D_sorted_append_frontier,4,76469700,1017000,4172500,56234700,0,34400,14034300,32016384,12,1219
i64,dense,1000000,1,A_packed_fenwick,4,109530200,1038800,4228900,56359200,28126700,0,18825900,40000000,4,1219
i64,dense,1000000,1,A_sorted_fenwick,4,109229200,1052600,4097800,56578800,28062100,0,18480600,40000000,4,1219
i64,dense,1000000,1,B_indirect_fenwick,4,171598700,994500,1080100,90009400,27872600,0,51263100,24000000,4,1219
i64,dense,1000000,1,C_packed_segment,4,125034900,929700,4035900,56030400,28032900,0,35064800,40000000,4,1219
i64,dense,3000000,1,A_packed_fenwick,0,355973700,2762900,12800500,195000200,84279100,0,58485900,120000000,4,1348
i64,dense,3000000,1,A_sorted_fenwick,0,372798000,3277500,14391700,209488500,84628800,0,58380700,120000000,4,1348
i64,dense,3000000,1,B_indirect_fenwick,0,731300500,2942100,3168800,518112700,83951600,0,122089200,72000000,4,1348
i64,dense,3000000,1,C_packed_segment,0,390948400,2930300,13172000,191804500,84960100,0,95369700,120000000,4,1348
i64,dense,3000000,1,D_frontier,0,262701700,2894200,14513500,200787600,0,35600,41675600,96016384,12,1348
i64,dense,3000000,1,D_sorted_frontier,0,254788200,3097700,13441500,193123200,0,38300,42404600,96016384,12,1348
i64,dense,3000000,1,D_append_frontier,0,249611500,2826100,12774700,193865000,0,37600,37427700,96016384,12,1348
i64,dense,3000000,1,D_sorted_append_frontier,0,272231400,2597800,13139200,215079500,0,30100,38743000,96016384,12,1348
i64,dense,3000000,1,A_sorted_fenwick,1,362536400,3238100,14001000,200779100,84398500,0,57446800,120000000,4,1348
i64,dense,3000000,1,B_indirect_fenwick,1,730106800,2840700,3144200,530799700,85041100,0,107345900,72000000,4,1348
i64,dense,3000000,1,C_packed_segment,1,404764700,3142000,13145000,203869900,86274100,0,95250400,120000000,4,1348
i64,dense,3000000,1,D_frontier,1,254732100,3118400,14367800,196931700,0,32700,37557600,96016384,12,1348
i64,dense,3000000,1,D_sorted_frontier,1,248472200,2551300,12862200,192820000,0,39200,37550400,96016384,12,1348
i64,dense,3000000,1,D_append_frontier,1,249920000,2885700,13467600,192726100,0,38900,38133100,96016384,12,1348
i64,dense,3000000,1,D_sorted_append_frontier,1,270325800,2905900,12797600,211209900,0,38900,40669800,96016384,12,1348
i64,dense,3000000,1,A_packed_fenwick,1,354639300,2531000,12801300,193478500,85165400,0,57967800,120000000,4,1348
i64,dense,3000000,1,B_indirect_fenwick,2,749532200,2795100,3164900,531346100,91499800,0,119773400,72000000,4,1348
i64,dense,3000000,1,C_packed_segment,2,390073500,2844400,14389100,197709300,87521300,0,84682500,120000000,4,1348
i64,dense,3000000,1,D_frontier,2,263299200,2931200,12984600,206957300,0,32500,37610800,96016384,12,1348
i64,dense,3000000,1,D_sorted_frontier,2,268603400,2739100,13621200,212238300,0,37400,37275100,96016384,12,1348
i64,dense,3000000,1,D_append_frontier,2,251593600,2738000,12780300,194556200,0,34300,38762800,96016384,12,1348
i64,dense,3000000,1,D_sorted_append_frontier,2,264846800,2790400,13586100,194460800,0,28000,50737700,96016384,12,1348
i64,dense,3000000,1,A_packed_fenwick,2,407946100,3284500,15674300,235613000,89118000,0,61591900,120000000,4,1348
i64,dense,3000000,1,A_sorted_fenwick,2,360869800,2845900,12723100,197354900,86853900,0,58416100,120000000,4,1348
i64,dense,3000000,1,C_packed_segment,3,384306500,2796200,12725600,194783700,88288200,0,83006500,120000000,4,1348
i64,dense,3000000,1,D_frontier,3,271346800,2812300,13063600,213875600,0,35400,38860300,96016384,12,1348
i64,dense,3000000,1,D_sorted_frontier,3,248914200,2541400,12795200,193295800,0,36200,37582000,96016384,12,1348
i64,dense,3000000,1,D_append_frontier,3,248686900,2783200,13299800,192646100,0,39500,37249000,96016384,12,1348
i64,dense,3000000,1,D_sorted_append_frontier,3,250954900,2578700,12727900,192853900,0,39500,39621600,96016384,12,1348
i64,dense,3000000,1,A_packed_fenwick,3,375598000,2737600,13290300,214606800,84513700,0,57795200,120000000,4,1348
i64,dense,3000000,1,A_sorted_fenwick,3,364487500,2798900,12845100,200819300,86027200,0,59319700,120000000,4,1348
i64,dense,3000000,1,B_indirect_fenwick,3,746605100,2721300,3393900,546855100,84076400,0,108624200,72000000,4,1348
i64,dense,3000000,1,D_frontier,4,249334100,2813700,12766300,194100900,0,38900,36930800,96016384,12,1348
i64,dense,3000000,1,D_sorted_frontier,4,248520000,2737100,12962500,192962900,0,48600,37147600,96016384,12,1348
i64,dense,3000000,1,D_append_frontier,4,272086300,2666200,13224200,215606300,0,41200,37789000,96016384,12,1348
i64,dense,3000000,1,D_sorted_append_frontier,4,248067200,2503900,12648700,193109100,0,27400,37110000,96016384,12,1348
i64,dense,3000000,1,A_packed_fenwick,4,443305600,2758600,13224500,207351200,127044400,0,89746600,120000000,4,1348
i64,dense,3000000,1,A_sorted_fenwick,4,386626100,3175400,15634000,222332600,85252600,0,57555300,120000000,4,1348
i64,dense,3000000,1,B_indirect_fenwick,4,728044700,2772700,3430700,516161800,90648300,0,114081100,72000000,4,1348
i64,dense,3000000,1,C_packed_segment,4,379181600,2773200,12675900,193098400,84816900,0,83097000,120000000,4,1348
i64,broad,1000,1,A_packed_fenwick,0,46600,500,800,15300,18900,0,10600,40008,4,100
i64,broad,1000,1,A_sorted_fenwick,0,51200,500,800,20000,18900,0,10300,40008,4,100
i64,broad,1000,1,B_indirect_fenwick,0,73300,800,300,31800,26800,0,13200,24008,4,100
i64,broad,1000,1,C_packed_segment,0,87600,1000,1600,16800,18700,0,48600,48000,4,100
i64,broad,1000,1,D_frontier,0,29800,500,900,16800,0,100,10800,33024,8,100
i64,broad,1000,1,D_sorted_frontier,0,28000,500,900,15700,0,100,10500,33024,8,100
i64,broad,1000,1,D_append_frontier,0,28200,500,800,15200,0,100,11000,33024,8,100
i64,broad,1000,1,D_sorted_append_frontier,0,34900,700,1200,20000,0,400,11800,33024,8,100
i64,broad,1000,1,A_sorted_fenwick,1,47400,600,1300,15300,19500,0,10300,40008,4,100
i64,broad,1000,1,B_indirect_fenwick,1,54400,500,200,24700,18400,0,10300,24008,4,100
i64,broad,1000,1,C_packed_segment,1,83500,500,900,15500,18300,0,47900,48000,4,100
i64,broad,1000,1,D_frontier,1,28800,600,900,16500,0,200,10400,33024,8,100
i64,broad,1000,1,D_sorted_frontier,1,27500,500,800,15300,0,100,10200,33024,8,100
i64,broad,1000,1,D_append_frontier,1,26600,500,900,15100,0,100,9700,33024,8,100
i64,broad,1000,1,D_sorted_append_frontier,1,26200,500,800,15000,0,200,9400,33024,8,100
i64,broad,1000,1,A_packed_fenwick,1,45600,600,900,14900,18800,0,10200,40008,4,100
i64,broad,1000,1,B_indirect_fenwick,2,53200,600,200,23800,18200,0,10300,24008,4,100
i64,broad,1000,1,C_packed_segment,2,83500,600,900,15500,18100,0,48000,48000,4,100
i64,broad,1000,1,D_frontier,2,28400,500,900,16400,0,200,10100,33024,8,100
i64,broad,1000,1,D_sorted_frontier,2,27200,500,800,15300,0,200,10100,33024,8,100
i64,broad,1000,1,D_append_frontier,2,26500,500,800,15000,0,100,9700,33024,8,100
i64,broad,1000,1,D_sorted_append_frontier,2,37000,500,800,25100,0,100,9900,33024,8,100
i64,broad,1000,1,A_packed_fenwick,2,45800,500,900,15000,18800,0,10200,40008,4,100
i64,broad,1000,1,A_sorted_fenwick,2,44600,500,900,15200,18200,0,9600,40008,4,100
i64,broad,1000,1,C_packed_segment,3,81700,500,800,15100,18000,0,46700,48000,4,100
i64,broad,1000,1,D_frontier,3,34100,500,900,16100,0,100,16100,33024,8,100
i64,broad,1000,1,D_sorted_frontier,3,29300,600,1300,16700,0,100,10100,33024,8,100
i64,broad,1000,1,D_append_frontier,3,26300,500,800,15000,0,100,9400,33024,8,100
i64,broad,1000,1,D_sorted_append_frontier,3,34500,500,900,20500,0,200,11900,33024,8,100
i64,broad,1000,1,A_packed_fenwick,3,52000,500,900,14900,24000,0,11200,40008,4,100
i64,broad,1000,1,A_sorted_fenwick,3,52600,500,1000,15600,24100,0,10700,40008,4,100
i64,broad,1000,1,B_indirect_fenwick,3,63900,700,200,29800,22400,0,10400,24008,4,100
i64,broad,1000,1,D_frontier,4,36500,500,900,21700,0,200,12800,33024,8,100
i64,broad,1000,1,D_sorted_frontier,4,35500,600,1100,20000,0,200,13100,33024,8,100
i64,broad,1000,1,D_append_frontier,4,27300,500,1000,15700,0,200,9400,33024,8,100
i64,broad,1000,1,D_sorted_append_frontier,4,34900,500,900,21100,0,200,11800,33024,8,100
i64,broad,1000,1,A_packed_fenwick,4,54200,500,1100,20500,22100,0,9500,40008,4,100
i64,broad,1000,1,A_sorted_fenwick,4,53000,500,900,20800,21100,0,9400,40008,4,100
i64,broad,1000,1,B_indirect_fenwick,4,52000,600,200,23300,18000,0,9700,24008,4,100
i64,broad,1000,1,C_packed_segment,4,81900,600,900,15500,18000,0,46600,48000,4,100
i64,broad,10000,1,A_packed_fenwick,0,984400,5600,10500,344500,443800,0,179200,400008,4,1000
i64,broad,10000,1,A_sorted_fenwick,0,993100,5600,10200,343100,455400,0,178000,400008,4,1000
i64,broad,10000,1,B_indirect_fenwick,0,1083400,7300,2000,442200,446000,0,184800,240008,4,1000
i64,broad,10000,1,C_packed_segment,0,1661300,7500,10400,344500,462400,0,835400,480000,4,1000
i64,broad,10000,1,D_frontier,0,567000,5700,10300,342700,0,1800,205900,328192,11,1000
i64,broad,10000,1,D_sorted_frontier,0,572600,5300,10400,357400,0,1600,197000,328192,11,1000
i64,broad,10000,1,D_append_frontier,0,555100,6000,10000,356200,0,1700,180200,328192,11,1000
i64,broad,10000,1,D_sorted_append_frontier,0,540100,5500,10300,341300,0,1600,180400,328192,11,1000
i64,broad,10000,1,A_sorted_fenwick,1,998400,5600,10100,346300,454800,0,180200,400008,4,1000
i64,broad,10000,1,B_indirect_fenwick,1,1077400,7500,1900,440500,444500,0,182200,240008,4,1000
i64,broad,10000,1,C_packed_segment,1,1665700,7400,10500,345700,451400,0,849600,480000,4,1000
i64,broad,10000,1,D_frontier,1,562000,5400,10100,343600,0,1800,200300,328192,11,1000
i64,broad,10000,1,D_sorted_frontier,1,582800,5600,9800,364300,0,2100,200000,328192,11,1000
i64,broad,10000,1,D_append_frontier,1,542200,5500,10200,342500,0,1500,181700,328192,11,1000
i64,broad,10000,1,D_sorted_append_frontier,1,543100,5700,10300,343000,0,1800,181400,328192,11,1000
i64,broad,10000,1,A_packed_fenwick,1,986300,5300,10000,341100,450300,0,178800,400008,4,1000
i64,broad,10000,1,B_indirect_fenwick,2,1072400,7300,2200,439000,440000,0,183100,240008,4,1000
i64,broad,10000,1,C_packed_segment,2,1657800,7500,10400,340800,456100,0,842100,480000,4,1000
i64,broad,10000,1,D_frontier,2,562700,5500,10300,343900,0,1700,200700,328192,11,1000
i64,broad,10000,1,D_sorted_frontier,2,574100,5200,10500,357900,0,1600,197800,328192,11,1000
i64,broad,10000,1,D_append_frontier,2,543900,5300,9800,344800,0,1600,181600,328192,11,1000
i64,broad,10000,1,D_sorted_append_frontier,2,542000,5500,10300,336300,0,1600,187600,328192,11,1000
i64,broad,10000,1,A_packed_fenwick,2,1001600,5300,10100,342900,465000,0,177400,400008,4,1000
i64,broad,10000,1,A_sorted_fenwick,2,979700,5500,10600,343400,441300,0,177900,400008,4,1000
i64,broad,10000,1,C_packed_segment,3,1706800,7000,10000,399500,449100,0,839800,480000,4,1000
i64,broad,10000,1,D_frontier,3,563700,5800,10300,344900,0,1800,200200,328192,11,1000
i64,broad,10000,1,D_sorted_frontier,3,581500,5300,10200,362100,0,2100,200900,328192,11,1000
i64,broad,10000,1,D_append_frontier,3,537200,5500,10500,340000,0,1700,178500,328192,11,1000
i64,broad,10000,1,D_sorted_append_frontier,3,586300,7200,11000,389900,0,1600,175600,328192,11,1000
i64,broad,10000,1,A_packed_fenwick,3,1004400,7000,11100,336400,453300,0,195100,400008,4,1000
i64,broad,10000,1,A_sorted_fenwick,3,1124000,6900,11100,367800,461400,0,189000,400008,4,1000
i64,broad,10000,1,B_indirect_fenwick,3,1251100,9400,30400,482100,516600,0,210800,240008,4,1000
i64,broad,10000,1,D_frontier,4,624700,5500,36700,385500,0,1900,193900,328192,11,1000
i64,broad,10000,1,D_sorted_frontier,4,593900,5900,11900,365000,0,1800,208200,328192,11,1000
i64,broad,10000,1,D_append_frontier,4,561300,6000,11500,365300,0,1900,175600,328192,11,1000
i64,broad,10000,1,D_sorted_append_frontier,4,578200,6300,10500,381400,0,1800,177200,328192,11,1000
i64,broad,10000,1,A_packed_fenwick,4,1115600,7300,11200,384600,518600,0,192600,400008,4,1000
i64,broad,10000,1,A_sorted_fenwick,4,1049500,6100,11500,366000,473200,0,191400,400008,4,1000
i64,broad,10000,1,B_indirect_fenwick,4,1157600,9200,2300,481600,463300,0,200100,240008,4,1000
i64,broad,10000,1,C_packed_segment,4,1798600,8300,10800,364700,471000,0,942200,480000,4,1000
i64,broad,100000,1,A_packed_fenwick,0,10701300,49400,401900,3104600,4947100,0,2099100,4000008,4,10000
i64,broad,100000,1,A_sorted_fenwick,0,10677900,54800,349900,3099100,4955300,0,2051300,4000008,4,10000
i64,broad,100000,1,B_indirect_fenwick,0,11834700,49600,123300,4091600,5319100,0,2250500,2400008,4,10000
i64,broad,100000,1,C_packed_segment,0,17525200,71000,363100,3091200,5053500,0,8756500,4800000,4,10000
i64,broad,100000,1,D_frontier,0,5716500,49400,365400,3081900,0,14900,2110200,3331072,15,10000
i64,broad,100000,1,D_sorted_frontier,0,5796500,49400,405200,3106700,0,10100,2128000,3331072,15,10000
i64,broad,100000,1,D_append_frontier,0,5490600,49100,360000,3073400,0,9900,1904100,3331072,15,10000
i64,broad,100000,1,D_sorted_append_frontier,0,5508400,49000,386900,3100800,0,9800,1875400,3331072,15,10000
i64,broad,100000,1,A_sorted_fenwick,1,10545300,49000,360800,3084100,4871700,0,2081300,4000008,4,10000
i64,broad,100000,1,B_indirect_fenwick,1,11296400,49200,13600,4000300,4981100,0,2251100,2400008,4,10000
i64,broad,100000,1,C_packed_segment,1,17516800,49100,358200,3111200,5064900,0,8733200,4800000,4,10000
i64,broad,100000,1,D_frontier,1,5775300,54200,372100,3098900,0,16800,2127400,3331072,15,10000
i64,broad,100000,1,D_sorted_frontier,1,5778000,49600,397100,3095500,0,10100,2131400,3331072,15,10000
i64,broad,100000,1,D_append_frontier,1,5521300,49300,349600,3081500,0,10100,1935000,3331072,15,10000
i64,broad,100000,1,D_sorted_append_frontier,1,5484500,49500,389900,3081600,0,10400,1861500,3331072,15,10000
i64,broad,100000,1,A_packed_fenwick,1,10531900,49000,350500,3108100,4894100,0,2033300,4000008,4,10000
i64,broad,100000,1,B_indirect_fenwick,2,11552100,49800,13400,4031000,5227200,0,2229900,2400008,4,10000
i64,broad,100000,1,C_packed_segment,2,17856900,49100,373100,3088400,4961200,0,9171600,4800000,4,10000
i64,broad,100000,1,D_frontier,2,5769700,60600,393500,3066500,0,33200,2112800,3331072,15,10000
i64,broad,100000,1,D_sorted_frontier,2,5803000,49100,403300,3117200,0,10100,2137200,3331072,15,10000
i64,broad,100000,1,D_append_frontier,2,5546600,49100,345500,3161800,0,9800,1882900,3331072,15,10000
i64,broad,100000,1,D_sorted_append_frontier,2,5498100,49300,400100,3069900,0,9600,1874000,3331072,15,10000
i64,broad,100000,1,A_packed_fenwick,2,10529700,49100,354600,3109600,4868500,0,2033800,4000008,4,10000
i64,broad,100000,1,A_sorted_fenwick,2,10626800,49500,388200,3067600,4956400,0,2073700,4000008,4,10000
i64,broad,100000,1,C_packed_segment,3,17332900,54200,355000,3086400,4837800,0,8792400,4800000,4,10000
i64,broad,100000,1,D_frontier,3,5712500,49100,355300,3065800,0,11600,2137300,3331072,15,10000
i64,broad,100000,1,D_sorted_frontier,3,5802600,49300,399000,3072000,0,9700,2182100,3331072,15,10000
i64,broad,100000,1,D_append_frontier,3,5517400,49400,349400,3124600,0,10300,1883700,3331072,15,10000
i64,broad,100000,1,D_sorted_append_frontier,3,5534500,49400,400100,3077200,0,9600,1912800,3331072,15,10000
i64,broad,100000,1,A_packed_fenwick,3,10859100,49200,348300,3074400,5209600,0,2079700,4000008,4,10000
i64,broad,100000,1,A_sorted_fenwick,3,10593000,50800,394300,3100900,4935600,0,2022400,4000008,4,10000
i64,broad,100000,1,B_indirect_fenwick,3,15605300,49200,13200,4770100,7955200,0,2815600,2400008,4,10000
i64,broad,100000,1,D_frontier,4,6636800,54200,461700,3656500,0,94800,2257900,3331072,15,10000
i64,broad,100000,1,D_sorted_frontier,4,6707300,101700,406000,3304100,0,12900,2743400,3331072,15,10000
i64,broad,100000,1,D_append_frontier,4,6183700,58500,490200,3377800,0,90600,2029900,3331072,15,10000
i64,broad,100000,1,D_sorted_append_frontier,4,5691200,57700,413500,3118200,0,10900,1992200,3331072,15,10000
i64,broad,100000,1,A_packed_fenwick,4,11004100,49000,418700,3167500,5137800,0,2133700,4000008,4,10000
i64,broad,100000,1,A_sorted_fenwick,4,10675800,49400,377200,3138400,4959900,0,2049100,4000008,4,10000
i64,broad,100000,1,B_indirect_fenwick,4,11600300,49700,13400,4206300,5061200,0,2269100,2400008,4,10000
i64,broad,100000,1,C_packed_segment,4,18313900,49300,371700,3490600,5065400,0,9111500,4800000,4,10000
i64,broad,1000000,1,A_packed_fenwick,0,169028700,976600,4297900,37718100,84523700,0,39916500,40000008,4,100000
i64,broad,1000000,1,A_sorted_fenwick,0,169468500,1044700,4277300,38238100,84764200,0,39423500,40000008,4,100000
i64,broad,1000000,1,B_indirect_fenwick,0,213961600,1047700,1141700,61025900,83868700,0,65830800,24000008,4,100000
i64,broad,1000000,1,C_packed_segment,0,275482700,1043400,4608700,41055600,107224200,0,119249000,48000000,4,100000
i64,broad,1000000,1,D_frontier,0,74709600,1090300,4835300,38866100,0,38800,28867100,33048576,18,100000
i64,broad,1000000,1,D_sorted_frontier,0,74721400,1228500,4626400,38122400,0,36000,29705000,33048576,18,100000
i64,broad,1000000,1,D_append_frontier,0,71199500,1029700,4148400,38079200,0,33600,26874100,33048576,18,100000
i64,broad,1000000,1,D_sorted_append_frontier,0,72149500,1240700,4566900,38648500,0,50700,26629100,33048576,18,100000
i64,broad,1000000,1,A_sorted_fenwick,1,166092500,1056000,4192400,38050400,83285900,0,37886900,40000008,4,100000
i64,broad,1000000,1,B_indirect_fenwick,1,219015600,994100,1134900,62609500,83119500,0,70098000,24000008,4,100000
i64,broad,1000000,1,C_packed_segment,1,255052700,1014500,4169700,38115400,90510200,0,119075300,48000000,4,100000
i64,broad,1000000,1,D_frontier,1,72873700,1090400,4388500,37735200,0,40100,28601500,33048576,18,100000
i64,broad,1000000,1,D_sorted_frontier,1,72772800,1065200,4089800,37749600,0,40100,28810200,33048576,18,100000
i64,broad,1000000,1,D_append_frontier,1,77170900,1059000,4206400,42419800,0,21900,28435300,33048576,18,100000
i64,broad,1000000,1,D_sorted_append_frontier,1,83879300,1116000,4338500,44380100,0,25500,32615500,33048576,18,100000
i64,broad,1000000,1,A_packed_fenwick,1,169565300,1214300,4536100,39200100,83850000,0,39159600,40000008,4,100000
i64,broad,1000000,1,B_indirect_fenwick,2,288076600,1060600,1155700,60006900,114847700,0,109919100,24000008,4,100000
i64,broad,1000000,1,C_packed_segment,2,255250000,1019000,4255400,42792900,90324300,0,114709800,48000000,4,100000
i64,broad,1000000,1,D_frontier,2,76239400,1130200,4397100,37850900,0,28200,31645500,33048576,18,100000
i64,broad,1000000,1,D_sorted_frontier,2,76800800,1167400,5049300,40115600,0,29300,29409700,33048576,18,100000
i64,broad,1000000,1,D_append_frontier,2,72865600,1159200,4292600,38698800,0,33300,27133000,33048576,18,100000
i64,broad,1000000,1,D_sorted_append_frontier,2,71585000,1064100,4221400,38493300,0,41800,26742000,33048576,18,100000
i64,broad,1000000,1,A_packed_fenwick,2,171421900,1197100,5137300,40600600,83979100,0,38798900,40000008,4,100000
i64,broad,1000000,1,A_sorted_fenwick,2,168121200,1051200,4287400,37614100,84309000,0,39269100,40000008,4,100000
i64,broad,1000000,1,C_packed_segment,3,255797100,1005700,4237800,37681600,89731900,0,121037900,48000000,4,100000
i64,broad,1000000,1,D_frontier,3,73512000,1080300,4469600,38133500,0,38800,28778500,33048576,18,100000
i64,broad,1000000,1,D_sorted_frontier,3,73114200,1012400,4259900,37965300,0,39100,28834000,33048576,18,100000
i64,broad,1000000,1,D_append_frontier,3,70870400,1023500,4164000,38116900,0,33700,26513300,33048576,18,100000
i64,broad,1000000,1,D_sorted_append_frontier,3,75542100,1149300,4351900,42281200,0,22600,26598400,33048576,18,100000
i64,broad,1000000,1,A_packed_fenwick,3,170257500,1071600,4192900,38052500,84035400,0,41297300,40000008,4,100000
i64,broad,1000000,1,A_sorted_fenwick,3,167409300,1089700,4303400,38021200,83791000,0,38609400,40000008,4,100000
i64,broad,1000000,1,B_indirect_fenwick,3,229496000,1132600,1155900,59396100,85130000,0,81448000,24000008,4,100000
i64,broad,1000000,1,D_frontier,4,93910800,1067700,4819600,55851000,0,39900,31098300,33048576,18,100000
i64,broad,1000000,1,D_sorted_frontier,4,74089200,1081100,4463500,38472500,0,29300,28677100,33048576,18,100000
i64,broad,1000000,1,D_append_frontier,4,71784200,976100,4154700,39038800,0,39500,26575400,33048576,18,100000
i64,broad,1000000,1,D_sorted_append_frontier,4,73242000,1105800,4209800,39194800,0,31500,27675200,33048576,18,100000
i64,broad,1000000,1,A_packed_fenwick,4,177207700,1063600,4159200,37923500,85005000,0,47163600,40000008,4,100000
i64,broad,1000000,1,A_sorted_fenwick,4,172749900,1174900,5324600,40639100,84911500,0,39015500,40000008,4,100000
i64,broad,1000000,1,B_indirect_fenwick,4,218758700,1343200,1278800,60581900,83708000,0,70766200,24000008,4,100000
i64,broad,1000000,1,C_packed_segment,4,272404800,1033900,4181400,38084700,89964300,0,136858400,48000000,4,100000
i64,broad,3000000,1,A_packed_fenwick,0,1098186000,2801800,13900600,132730700,651943500,0,292253700,120000008,4,300000
i64,broad,3000000,1,A_sorted_fenwick,0,1110935500,2752300,13082500,128018000,667488200,0,294933300,120000008,4,300000
i64,broad,3000000,1,B_indirect_fenwick,0,1422339200,2917200,3833000,354774200,637084000,0,420528400,72000008,4,300000
i64,broad,3000000,1,C_packed_segment,0,1351441700,3333900,15312400,147859700,644106100,0,533878500,144000000,4,300000
i64,broad,3000000,1,D_frontier,0,250828400,2828100,13654800,127893400,0,40900,103581000,100194304,20,300000
i64,broad,3000000,1,D_sorted_frontier,0,249780600,2605600,13026200,127973400,0,39800,103339000,100194304,20,300000
i64,broad,3000000,1,D_append_frontier,0,260058700,2838000,13250500,144102900,0,23600,97027700,100194304,20,300000
i64,broad,3000000,1,D_sorted_append_frontier,0,247185800,3236600,14675700,130729400,0,26100,95728800,100194304,20,300000
i64,broad,3000000,1,A_sorted_fenwick,1,1303297900,2819100,12783700,127890400,839269800,0,315806700,120000008,4,300000
i64,broad,3000000,1,B_indirect_fenwick,1,1572033900,2939400,3324200,370374900,739351900,0,453082000,72000008,4,300000
i64,broad,3000000,1,C_packed_segment,1,1761182700,3006700,14444700,152023100,1050688300,0,534862200,144000000,4,300000
i64,broad,3000000,1,D_frontier,1,250829700,2892600,13738500,127694000,0,39700,103700200,100194304,20,300000
i64,broad,3000000,1,D_sorted_frontier,1,262775400,2835500,13375700,138494300,0,39100,105134300,100194304,20,300000
i64,broad,3000000,1,D_append_frontier,1,242114500,2901700,13329600,128348300,0,41100,94728700,100194304,20,300000
i64,broad,3000000,1,D_sorted_append_frontier,1,269499600,2830300,12806700,152750800,0,41300,98064000,100194304,20,300000
i64,broad,3000000,1,A_packed_fenwick,1,1107531000,2750500,12825000,128094500,658855900,0,300428300,120000008,4,300000
i64,broad,3000000,1,B_indirect_fenwick,2,1404821300,2913000,3487100,343068400,638347800,0,414160600,72000008,4,300000
i64,broad,3000000,1,C_packed_segment,2,1376555000,2812200,12942400,127984500,679473500,0,544006800,144000000,4,300000
i64,broad,3000000,1,D_frontier,2,258399600,3079100,15509900,133272700,0,23400,103755600,100194304,20,300000
i64,broad,3000000,1,D_sorted_frontier,2,256046300,2804400,12720500,129578200,0,44800,108077300,100194304,20,300000
i64,broad,3000000,1,D_append_frontier,2,242839400,2587200,13073800,129471700,0,46100,94856500,100194304,20,300000
i64,broad,3000000,1,D_sorted_append_frontier,2,267569000,2971600,13713600,133060600,0,36500,113854900,100194304,20,300000
i64,broad,3000000,1,A_packed_fenwick,2,1073514700,2547500,12867500,127910400,626936300,0,298563600,120000008,4,300000
i64,broad,3000000,1,A_sorted_fenwick,2,1158714800,3035300,13750700,129103200,718687700,0,289419900,120000008,4,300000
i64,broad,3000000,1,C_packed_segment,3,1396736300,2903600,14348600,130291300,710108600,0,532274300,144000000,4,300000
i64,broad,3000000,1,D_frontier,3,257643400,2814800,14640900,128548400,0,37900,108753300,100194304,20,300000
i64,broad,3000000,1,D_sorted_frontier,3,256076500,2605100,12639000,134234500,0,39800,103749800,100194304,20,300000
i64,broad,3000000,1,D_append_frontier,3,252529500,2777900,14264700,134452500,0,44200,98138000,100194304,20,300000
i64,broad,3000000,1,D_sorted_append_frontier,3,249905100,2629300,13220500,133102700,0,38400,98037200,100194304,20,300000
i64,broad,3000000,1,A_packed_fenwick,3,1100167300,2981700,13745300,130456600,650409700,0,298028700,120000008,4,300000
i64,broad,3000000,1,A_sorted_fenwick,3,1095766600,2750800,13450300,154563600,637647300,0,282058400,120000008,4,300000
i64,broad,3000000,1,B_indirect_fenwick,3,1438229100,3473500,4053500,360566300,653840700,0,413400500,72000008,4,300000
i64,broad,3000000,1,D_frontier,4,249109000,2730600,13077500,127219800,0,39900,103200700,100194304,20,300000
i64,broad,3000000,1,D_sorted_frontier,4,249512500,3143000,13355400,127210700,0,40700,102977500,100194304,20,300000
i64,broad,3000000,1,D_append_frontier,4,247663700,2555400,14132200,133085600,0,40800,94966000,100194304,20,300000
i64,broad,3000000,1,D_sorted_append_frontier,4,243081200,2547500,12653300,128518900,0,27200,96559200,100194304,20,300000
i64,broad,3000000,1,A_packed_fenwick,4,1163326200,2556500,12844100,127294500,704670300,0,311196200,120000008,4,300000
i64,broad,3000000,1,A_sorted_fenwick,4,1149351500,2962600,14301600,138836300,672763000,0,315879500,120000008,4,300000
i64,broad,3000000,1,B_indirect_fenwick,4,1438287700,2822700,3408400,377441300,635759200,0,416018400,72000008,4,300000
i64,broad,3000000,1,C_packed_segment,4,1273483400,2814500,12920600,127906000,599835500,0,523773700,144000000,4,300000
i64,overlap_little_containment,1000,1,A_packed_fenwick,0,48900,500,900,15500,19100,0,12500,40000,4,1
i64,overlap_little_containment,1000,1,A_sorted_fenwick,0,169900,500,900,15800,18600,0,10900,40000,4,1
i64,overlap_little_containment,1000,1,B_indirect_fenwick,0,71500,600,300,32900,19600,0,15200,24000,4,1
i64,overlap_little_containment,1000,1,C_packed_segment,0,126900,800,10500,22500,19800,0,72600,46400,4,1
i64,overlap_little_containment,1000,1,D_frontier,0,26500,600,1200,18800,0,200,5200,32032,3,1
i64,overlap_little_containment,1000,1,D_sorted_frontier,0,29100,500,800,22100,0,200,4900,32032,3,1
i64,overlap_little_containment,1000,1,D_append_frontier,0,28800,500,1100,21400,0,200,5300,32032,3,1
i64,overlap_little_containment,1000,1,D_sorted_append_frontier,0,26400,500,800,19200,0,200,5200,32032,3,1
i64,overlap_little_containment,1000,1,A_sorted_fenwick,1,60100,600,1100,19800,25200,0,12900,40000,4,1
i64,overlap_little_containment,1000,1,B_indirect_fenwick,1,55000,500,200,23700,18200,0,12100,24000,4,1
i64,overlap_little_containment,1000,1,C_packed_segment,1,84000,500,900,16000,18200,0,48000,46400,4,1
i64,overlap_little_containment,1000,1,D_frontier,1,27500,600,900,20200,0,200,5200,32032,3,1
i64,overlap_little_containment,1000,1,D_sorted_frontier,1,27200,500,1100,19800,0,200,5100,32032,3,1
i64,overlap_little_containment,1000,1,D_append_frontier,1,27400,600,1100,19900,0,300,5300,32032,3,1
i64,overlap_little_containment,1000,1,D_sorted_append_frontier,1,27300,600,1200,19900,0,300,5000,32032,3,1
i64,overlap_little_containment,1000,1,A_packed_fenwick,1,62400,500,1200,19600,25900,0,14500,40000,4,1
i64,overlap_little_containment,1000,1,B_indirect_fenwick,2,71500,800,200,29600,25800,0,14400,24000,4,1
i64,overlap_little_containment,1000,1,C_packed_segment,2,96700,1000,1100,22100,24400,0,47400,46400,4,1
i64,overlap_little_containment,1000,1,D_frontier,2,24500,500,900,17300,0,100,5100,32032,3,1
i64,overlap_little_containment,1000,1,D_sorted_frontier,2,23200,500,900,15700,0,500,5100,32032,3,1
i64,overlap_little_containment,1000,1,D_append_frontier,2,29700,500,1100,20800,0,300,5700,32032,3,1
i64,overlap_little_containment,1000,1,D_sorted_append_frontier,2,29900,600,1600,21500,0,400,5200,32032,3,1
i64,overlap_little_containment,1000,1,A_packed_fenwick,2,56000,600,1000,15000,26000,0,12700,40000,4,1
i64,overlap_little_containment,1000,1,A_sorted_fenwick,2,59900,500,900,15500,28200,0,14100,40000,4,1
i64,overlap_little_containment,1000,1,C_packed_segment,3,106300,900,1300,18200,24400,0,60800,46400,4,1
i64,overlap_little_containment,1000,1,D_frontier,3,29300,600,1300,21400,0,300,5300,32032,3,1
i64,overlap_little_containment,1000,1,D_sorted_frontier,3,27100,600,1200,17300,0,200,5000,32032,3,1
i64,overlap_little_containment,1000,1,D_append_frontier,3,27900,600,1200,18200,0,200,7200,32032,3,1
i64,overlap_little_containment,1000,1,D_sorted_append_frontier,3,25900,600,1100,18500,0,200,5000,32032,3,1
i64,overlap_little_containment,1000,1,A_packed_fenwick,3,61700,600,3200,18800,26500,0,12200,40000,4,1
i64,overlap_little_containment,1000,1,A_sorted_fenwick,3,46700,600,1100,15700,18400,0,10600,40000,4,1
i64,overlap_little_containment,1000,1,B_indirect_fenwick,3,55300,600,200,24200,18000,0,11900,24000,4,1
i64,overlap_little_containment,1000,1,D_frontier,4,22500,500,900,15600,0,200,5100,32032,3,1
i64,overlap_little_containment,1000,1,D_sorted_frontier,4,21900,600,900,15100,0,200,4900,32032,3,1
i64,overlap_little_containment,1000,1,D_append_frontier,4,22000,500,900,15100,0,100,5100,32032,3,1
i64,overlap_little_containment,1000,1,D_sorted_append_frontier,4,22200,500,800,14900,0,100,5400,32032,3,1
i64,overlap_little_containment,1000,1,A_packed_fenwick,4,63500,600,1300,21000,26500,0,12900,40000,4,1
i64,overlap_little_containment,1000,1,A_sorted_fenwick,4,50000,600,1500,18200,18500,0,10500,40000,4,1
i64,overlap_little_containment,1000,1,B_indirect_fenwick,4,53700,500,200,23600,18000,0,10800,24000,4,1
i64,overlap_little_containment,1000,1,C_packed_segment,4,85700,600,900,15700,18000,0,50000,46400,4,1
i64,overlap_little_containment,10000,1,A_packed_fenwick,0,746400,5000,7700,262600,317600,0,152800,400000,4,1
i64,overlap_little_containment,10000,1,A_sorted_fenwick,0,749000,5000,7800,261600,322500,0,151600,400000,4,1
i64,overlap_little_containment,10000,1,B_indirect_fenwick,0,782400,4900,1400,302800,319300,0,153300,240000,4,1
i64,overlap_little_containment,10000,1,C_packed_segment,0,1171700,5000,7800,259600,314000,0,584700,464000,4,1
i64,overlap_little_containment,10000,1,D_frontier,0,320600,4900,7800,256600,0,1100,49700,320032,3,1
i64,overlap_little_containment,10000,1,D_sorted_frontier,0,319600,4900,7700,255600,0,1100,49800,320032,3,1
i64,overlap_little_containment,10000,1,D_append_frontier,0,320700,5000,7700,255500,0,1000,51000,320032,3,1
i64,overlap_little_containment,10000,1,D_sorted_append_frontier,0,329500,5000,7700,262800,0,1600,51700,320032,3,1
i64,overlap_little_containment,10000,1,A_sorted_fenwick,1,747800,5000,7800,260800,321100,0,152600,400000,4,1
i64,overlap_little_containment,10000,1,B_indirect_fenwick,1,784200,5000,1500,303500,320800,0,153100,240000,4,1
i64,overlap_little_containment,10000,1,C_packed_segment,1,1178800,5000,7900,263200,308900,0,593200,464000,4,1
i64,overlap_little_containment,10000,1,D_frontier,1,321400,5000,7900,257300,0,1100,49700,320032,3,1
i64,overlap_little_containment,10000,1,D_sorted_frontier,1,319800,5000,7700,255400,0,1000,50100,320032,3,1
i64,overlap_little_containment,10000,1,D_append_frontier,1,319200,5000,7800,254100,0,1000,50800,320032,3,1
i64,overlap_little_containment,10000,1,D_sorted_append_frontier,1,324800,5000,7800,259700,0,1100,50800,320032,3,1
i64,overlap_little_containment,10000,1,A_packed_fenwick,1,850600,5000,47600,260600,363000,0,173800,400000,4,1
i64,overlap_little_containment,10000,1,B_indirect_fenwick,2,778700,5100,1500,303700,315100,0,152800,240000,4,1
i64,overlap_little_containment,10000,1,C_packed_segment,2,1213300,5000,7900,261500,310700,0,627100,464000,4,1
i64,overlap_little_containment,10000,1,D_frontier,2,327400,5000,8200,257900,0,1200,54400,320032,3,1
i64,overlap_little_containment,10000,1,D_sorted_frontier,2,320600,5300,7700,256300,0,1000,49800,320032,3,1
i64,overlap_little_containment,10000,1,D_append_frontier,2,327700,4900,7700,254100,0,1000,59400,320032,3,1
i64,overlap_little_containment,10000,1,D_sorted_append_frontier,2,319600,5000,7800,254600,0,1000,50800,320032,3,1
i64,overlap_little_containment,10000,1,A_packed_fenwick,2,733000,5000,7800,263000,304600,0,151700,400000,4,1
i64,overlap_little_containment,10000,1,A_sorted_fenwick,2,748700,4900,7700,256800,328000,0,150500,400000,4,1
i64,overlap_little_containment,10000,1,C_packed_segment,3,1188000,5000,7700,259000,329100,0,586600,464000,4,1
i64,overlap_little_containment,10000,1,D_frontier,3,319200,5000,7700,255100,0,1100,49900,320032,3,1
i64,overlap_little_containment,10000,1,D_sorted_frontier,3,318600,5000,7700,254600,0,1100,49700,320032,3,1
i64,overlap_little_containment,10000,1,D_append_frontier,3,317900,4900,7700,252500,0,1000,51200,320032,3,1
i64,overlap_little_containment,10000,1,D_sorted_append_frontier,3,324700,5000,7800,259200,0,1100,51200,320032,3,1
i64,overlap_little_containment,10000,1,A_packed_fenwick,3,732500,5000,7800,260200,306500,0,152200,400000,4,1
i64,overlap_little_containment,10000,1,A_sorted_fenwick,3,735300,5000,7800,255200,315700,0,151100,400000,4,1
i64,overlap_little_containment,10000,1,B_indirect_fenwick,3,787100,5000,1500,313800,313700,0,152600,240000,4,1
i64,overlap_little_containment,10000,1,D_frontier,4,327200,5000,7800,262900,0,1000,50000,320032,3,1
i64,overlap_little_containment,10000,1,D_sorted_frontier,4,319500,4900,7800,255600,0,1000,49800,320032,3,1
i64,overlap_little_containment,10000,1,D_append_frontier,4,323900,5000,7800,259000,0,900,50800,320032,3,1
i64,overlap_little_containment,10000,1,D_sorted_append_frontier,4,319500,5000,7800,254400,0,1000,50900,320032,3,1
i64,overlap_little_containment,10000,1,A_packed_fenwick,4,739900,5000,7800,259100,315400,0,152000,400000,4,1
i64,overlap_little_containment,10000,1,A_sorted_fenwick,4,748200,5000,7700,266300,316600,0,151800,400000,4,1
i64,overlap_little_containment,10000,1,B_indirect_fenwick,4,792500,8600,1500,306900,315500,0,159400,240000,4,1
i64,overlap_little_containment,10000,1,C_packed_segment,4,1176300,5000,7800,260900,317200,0,584900,464000,4,1
i64,overlap_little_containment,100000,1,A_packed_fenwick,0,10695400,49700,359600,3123800,4933800,0,2128700,4000000,4,1
i64,overlap_little_containment,100000,1,A_sorted_fenwick,0,10932800,50200,394400,3094900,4847500,0,2435000,4000000,4,1
i64,overlap_little_containment,100000,1,B_indirect_fenwick,0,11506900,49600,16000,4151800,4973800,0,2314500,2400000,4,1
i64,overlap_little_containment,100000,1,C_packed_segment,0,17368100,49500,393800,3083900,4987200,0,8640600,4640000,4,1
i64,overlap_little_containment,100000,1,D_frontier,0,4106400,51300,394400,3044000,0,10100,519000,3200032,3,1
i64,overlap_little_containment,100000,1,D_sorted_frontier,0,4098200,49000,366900,3063100,0,10300,511800,3200032,3,1
i64,overlap_little_containment,100000,1,D_append_frontier,0,4212300,49400,440900,3092800,0,10500,519600,3200032,3,1
i64,overlap_little_containment,100000,1,D_sorted_append_frontier,0,4189700,54400,397000,3107300,0,9800,524300,3200032,3,1
i64,overlap_little_containment,100000,1,A_sorted_fenwick,1,10579400,49800,397900,3097800,4830000,0,2110200,4000000,4,1
i64,overlap_little_containment,100000,1,B_indirect_fenwick,1,11383500,49400,13700,4071700,4934500,0,2313300,2400000,4,1
i64,overlap_little_containment,100000,1,C_packed_segment,1,17334200,49400,363500,3096400,4958900,0,8664300,4640000,4,1
i64,overlap_little_containment,100000,1,D_frontier,1,4131600,52500,399200,3079700,0,10100,501100,3200032,3,1
i64,overlap_little_containment,100000,1,D_sorted_frontier,1,4059400,48800,346300,3055600,0,9700,504100,3200032,3,1
i64,overlap_little_containment,100000,1,D_append_frontier,1,4144800,49100,393000,3080300,0,11000,524000,3200032,3,1
i64,overlap_little_containment,100000,1,D_sorted_append_frontier,1,4111800,49200,348200,3054200,0,9900,552700,3200032,3,1
i64,overlap_little_containment,100000,1,A_packed_fenwick,1,10923100,49200,402500,3081300,5109200,0,2182400,4000000,4,1
i64,overlap_little_containment,100000,1,B_indirect_fenwick,2,11361800,49100,13800,4072500,4917700,0,2307800,2400000,4,1
i64,overlap_little_containment,100000,1,C_packed_segment,2,17393600,49100,357800,3072100,4934500,0,8775600,4640000,4,1
i64,overlap_little_containment,100000,1,D_frontier,2,4151400,52900,396500,3092300,0,10600,510500,3200032,3,1
i64,overlap_little_containment,100000,1,D_sorted_frontier,2,4102100,49200,352300,3093400,0,10200,505200,3200032,3,1
i64,overlap_little_containment,100000,1,D_append_frontier,2,4149500,49000,390000,3094500,0,9900,513600,3200032,3,1
i64,overlap_little_containment,100000,1,D_sorted_append_frontier,2,4115000,49100,356900,3084800,0,9800,521800,3200032,3,1
i64,overlap_little_containment,100000,1,A_packed_fenwick,2,14516500,49400,390900,3655700,7594700,0,2701200,4000000,4,1
i64,overlap_little_containment,100000,1,A_sorted_fenwick,2,10642600,68800,386300,3105900,4870800,0,2102600,4000000,4,1
i64,overlap_little_containment,100000,1,C_packed_segment,3,17485200,49500,392200,3098600,4803000,0,8946100,4640000,4,1
i64,overlap_little_containment,100000,1,D_frontier,3,4156300,51400,369600,3106800,0,24600,506500,3200032,3,1
i64,overlap_little_containment,100000,1,D_sorted_frontier,3,4202600,49400,389600,3149900,0,11400,513500,3200032,3,1
i64,overlap_little_containment,100000,1,D_append_frontier,3,4097600,49400,354100,3079100,0,9900,513500,3200032,3,1
i64,overlap_little_containment,100000,1,D_sorted_append_frontier,3,4126000,49100,387700,3074100,0,9600,521600,3200032,3,1
i64,overlap_little_containment,100000,1,A_packed_fenwick,3,10537600,49400,352700,3098200,4826400,0,2107100,4000000,4,1
i64,overlap_little_containment,100000,1,A_sorted_fenwick,3,10618500,49500,395700,3119800,4851300,0,2104200,4000000,4,1
i64,overlap_little_containment,100000,1,B_indirect_fenwick,3,11237000,49400,13700,4030400,4836400,0,2306300,2400000,4,1
i64,overlap_little_containment,100000,1,D_frontier,4,4154100,49800,350500,3130300,0,12700,512600,3200032,3,1
i64,overlap_little_containment,100000,1,D_sorted_frontier,4,4171300,49500,394500,3117600,0,10800,509100,3200032,3,1
i64,overlap_little_containment,100000,1,D_append_frontier,4,4114400,49000,356600,3064600,0,10600,528100,3200032,3,1
i64,overlap_little_containment,100000,1,D_sorted_append_frontier,4,4216700,49400,398900,3085500,0,9700,584000,3200032,3,1
i64,overlap_little_containment,100000,1,A_packed_fenwick,4,10693000,49300,349500,3093800,4930800,0,2171700,4000000,4,1
i64,overlap_little_containment,100000,1,A_sorted_fenwick,4,10589900,49200,390400,3063500,4902600,0,2095100,4000000,4,1
i64,overlap_little_containment,100000,1,B_indirect_fenwick,4,11364800,55600,17300,4038200,4941200,0,2311800,2400000,4,1
i64,overlap_little_containment,100000,1,C_packed_segment,4,18773200,53300,348000,3084500,4957100,0,10001900,4640000,4,1
i64,overlap_little_containment,1000000,1,A_packed_fenwick,0,178553400,1017300,4202000,37645000,92989400,0,41112900,40000000,4,1
i64,overlap_little_containment,1000000,1,A_sorted_fenwick,0,168316800,1168100,4519000,38235900,83798600,0,39056700,40000000,4,1
i64,overlap_little_containment,1000000,1,B_indirect_fenwick,0,216070600,1144800,1143600,59469800,82977700,0,70367900,24000000,4,1
i64,overlap_little_containment,1000000,1,C_packed_segment,0,269618200,1022000,4182000,37649100,114731800,0,109932600,46400000,4,1
i64,overlap_little_containment,1000000,1,D_frontier,0,52284000,1009800,4392800,37636800,0,39100,8227600,32000032,3,1
i64,overlap_little_containment,1000000,1,D_sorted_frontier,0,52326600,999100,4170200,37695500,0,41000,8474600,32000032,3,1
i64,overlap_little_containment,1000000,1,D_append_frontier,0,52561100,976500,4194900,38101600,0,38900,8276500,32000032,3,1
i64,overlap_little_containment,1000000,1,D_sorted_append_frontier,0,52631100,1043300,4226000,38016100,0,33900,8332000,32000032,3,1
i64,overlap_little_containment,1000000,1,A_sorted_fenwick,1,226790400,1031200,4208000,43833900,135467000,0,40711500,40000000,4,1
i64,overlap_little_containment,1000000,1,B_indirect_fenwick,1,210456300,1091600,1125200,60153000,82304700,0,64806900,24000000,4,1
i64,overlap_little_containment,1000000,1,C_packed_segment,1,262030500,1043500,4146800,37904400,82785200,0,134048800,46400000,4,1
i64,overlap_little_containment,1000000,1,D_frontier,1,52315900,1037000,4385000,37562700,0,36000,8275600,32000032,3,1
i64,overlap_little_containment,1000000,1,D_sorted_frontier,1,53281600,1058200,4364900,38511900,0,39800,8322400,32000032,3,1
i64,overlap_little_containment,1000000,1,D_append_frontier,1,52845500,1045100,4217700,38287900,0,41300,8292900,32000032,3,1
i64,overlap_little_containment,1000000,1,D_sorted_append_frontier,1,52334400,1018200,4080900,37857000,0,39400,8373200,32000032,3,1
i64,overlap_little_containment,1000000,1,A_packed_fenwick,1,168181300,1028700,4186300,37903500,82358800,0,41179600,40000000,4,1
i64,overlap_little_containment,1000000,1,B_indirect_fenwick,2,232638700,1039400,1125800,59391100,82123700,0,87870600,24000000,4,1
i64,overlap_little_containment,1000000,1,C_packed_segment,2,238167600,1189800,4170200,37987000,82174500,0,110190100,46400000,4,1
i64,overlap_little_containment,1000000,1,D_frontier,2,71430800,1154500,5538400,53088200,0,41000,10486300,32000032,3,1
i64,overlap_little_containment,1000000,1,D_sorted_frontier,2,57109400,1152100,4840500,41831000,0,36300,8278900,32000032,3,1
i64,overlap_little_containment,1000000,1,D_append_frontier,2,52559100,1026100,4240000,37958600,0,34100,8335300,32000032,3,1
i64,overlap_little_containment,1000000,1,D_sorted_append_frontier,2,52221400,999300,4087100,37750700,0,38000,8381500,32000032,3,1
i64,overlap_little_containment,1000000,1,A_packed_fenwick,2,164858100,1008300,4200000,37651800,82171100,0,38231400,40000000,4,1
i64,overlap_little_containment,1000000,1,A_sorted_fenwick,2,168722000,996700,4239200,37650000,84216600,0,39970400,40000000,4,1
i64,overlap_little_containment,1000000,1,C_packed_segment,3,238842200,1147600,4651700,37960000,82878500,0,110158100,46400000,4,1
i64,overlap_little_containment,1000000,1,D_frontier,3,52285600,990400,4456000,37572400,0,38400,8276200,32000032,3,1
i64,overlap_little_containment,1000000,1,D_sorted_frontier,3,51936200,980900,4082700,37603300,0,41000,8277700,32000032,3,1
i64,overlap_little_containment,1000000,1,D_append_frontier,3,52642500,986600,4206400,38090300,0,42800,8337900,32000032,3,1
i64,overlap_little_containment,1000000,1,D_sorted_append_frontier,3,55407500,1020900,4101700,40981000,0,39600,8308700,32000032,3,1
i64,overlap_little_containment,1000000,1,A_packed_fenwick,3,164597600,1011300,4190000,37834400,82243900,0,37694900,40000000,4,1
i64,overlap_little_containment,1000000,1,A_sorted_fenwick,3,164677300,996400,4148900,37538400,82403500,0,38046900,40000000,4,1
i64,overlap_little_containment,1000000,1,B_indirect_fenwick,3,212046400,1122700,1144600,59485900,81984900,0,67294300,24000000,4,1
i64,overlap_little_containment,1000000,1,D_frontier,4,51981100,1040900,4127400,37566600,0,40100,8245800,32000032,3,1
i64,overlap_little_containment,1000000,1,D_sorted_frontier,4,51939600,993900,4102000,37645800,0,38600,8215600,32000032,3,1
i64,overlap_little_containment,1000000,1,D_append_frontier,4,53007600,1004800,4086400,37676900,0,38300,9184000,32000032,3,1
i64,overlap_little_containment,1000000,1,D_sorted_append_frontier,4,52797400,1018900,4098800,38354100,0,41700,8314600,32000032,3,1
i64,overlap_little_containment,1000000,1,A_packed_fenwick,4,192688700,1140800,4610500,37730900,90246300,0,57381300,40000000,4,1
i64,overlap_little_containment,1000000,1,A_sorted_fenwick,4,184175000,1085300,4413500,42524400,96020400,0,38605400,40000000,4,1
i64,overlap_little_containment,1000000,1,B_indirect_fenwick,4,210688200,1004500,1160900,59316500,82167300,0,66053900,24000000,4,1
i64,overlap_little_containment,1000000,1,C_packed_segment,4,239446100,1024000,4162500,37845900,82232400,0,112085900,46400000,4,1
i64,overlap_little_containment,3000000,1,A_packed_fenwick,0,1092720800,2604200,13120400,129157800,654479000,0,289009600,120000000,4,1
i64,overlap_little_containment,3000000,1,A_sorted_fenwick,0,1028336500,2702900,12737000,127805100,602902600,0,277735000,120000000,4,1
i64,overlap_little_containment,3000000,1,B_indirect_fenwick,0,1398277200,2888000,3441100,353400500,621486600,0,414350900,72000000,4,1
i64,overlap_little_containment,3000000,1,C_packed_segment,0,2129234400,2721800,12761700,168709400,1237083100,0,700496300,139200000,4,1
i64,overlap_little_containment,3000000,1,D_frontier,0,284427100,4217000,19109900,183013300,0,27300,74506000,96000032,3,1
i64,overlap_little_containment,3000000,1,D_sorted_frontier,0,293308100,4605200,19184500,200110400,0,32900,66019900,96000032,3,1
i64,overlap_little_containment,3000000,1,D_append_frontier,0,196014400,3148700,13888600,137982200,0,25400,38216000,96000032,3,1
i64,overlap_little_containment,3000000,1,D_sorted_append_frontier,0,196241700,2445300,12660000,133330400,0,41700,44302300,96000032,3,1
i64,overlap_little_containment,3000000,1,A_sorted_fenwick,1,1181188300,2609800,12580600,132191200,720979700,0,308444500,120000000,4,1
i64,overlap_little_containment,3000000,1,B_indirect_fenwick,1,1361087800,2700900,3283500,335360500,602656400,0,414316200,72000000,4,1
i64,overlap_little_containment,3000000,1,C_packed_segment,1,1379142300,2729300,13582500,132310500,706031800,0,518508300,139200000,4,1
i64,overlap_little_containment,3000000,1,D_frontier,1,185481900,2682000,13297300,129860900,0,41800,36932200,96000032,3,1
i64,overlap_little_containment,3000000,1,D_sorted_frontier,1,185074400,2454900,12635400,129320800,0,38400,37883400,96000032,3,1
i64,overlap_little_containment,3000000,1,D_append_frontier,1,184161400,2728300,13082800,128449100,0,41100,37115300,96000032,3,1
i64,overlap_little_containment,3000000,1,D_sorted_append_frontier,1,183710000,2654400,12702700,127377200,0,42000,38236300,96000032,3,1
i64,overlap_little_containment,3000000,1,A_packed_fenwick,1,1147497600,2977200,14934900,130795500,714404300,0,280000100,120000000,4,1
i64,overlap_little_containment,3000000,1,B_indirect_fenwick,2,1443928600,2725500,3220600,375926100,626829300,0,432477000,72000000,4,1
i64,overlap_little_containment,3000000,1,C_packed_segment,2,1228553200,2698000,12682800,129589200,580362300,0,497304500,139200000,4,1
i64,overlap_little_containment,3000000,1,D_frontier,2,183318700,2760700,13249500,127606900,0,42200,36934500,96000032,3,1
i64,overlap_little_containment,3000000,1,D_sorted_frontier,2,185418300,2655300,13264400,128101600,0,43100,38319500,96000032,3,1
i64,overlap_little_containment,3000000,1,D_append_frontier,2,191651500,2763900,12848700,136258000,0,41000,37017800,96000032,3,1
i64,overlap_little_containment,3000000,1,D_sorted_append_frontier,2,191700000,2666200,13362300,134709700,0,31200,38225000,96000032,3,1
i64,overlap_little_containment,3000000,1,A_packed_fenwick,2,1025354800,2717900,13343500,127898300,602787900,0,274220000,120000000,4,1
i64,overlap_little_containment,3000000,1,A_sorted_fenwick,2,982633800,2699600,12871600,127452600,562723400,0,272448800,120000000,4,1
i64,overlap_little_containment,3000000,1,C_packed_segment,3,1369469700,2702400,14486700,157753100,615416900,0,573218200,139200000,4,1
i64,overlap_little_containment,3000000,1,D_frontier,3,185048000,2690200,13379000,127903700,0,32100,38255500,96000032,3,1
i64,overlap_little_containment,3000000,1,D_sorted_frontier,3,185480500,2661100,14498300,128872400,0,38500,36733900,96000032,3,1
i64,overlap_little_containment,3000000,1,D_append_frontier,3,183983700,2442900,12599800,127689800,0,37500,38516200,96000032,3,1
i64,overlap_little_containment,3000000,1,D_sorted_append_frontier,3,186857300,2738900,13214600,131002200,0,42200,37202500,96000032,3,1
i64,overlap_little_containment,3000000,1,A_packed_fenwick,3,1013495500,2472500,12595000,132779200,584484000,0,276782600,120000000,4,1
i64,overlap_little_containment,3000000,1,A_sorted_fenwick,3,1004869100,2647700,12771600,127420600,569422500,0,288160700,120000000,4,1
i64,overlap_little_containment,3000000,1,B_indirect_fenwick,3,1392122000,2934400,3485500,355516900,618384600,0,408592100,72000000,4,1
i64,overlap_little_containment,3000000,1,D_frontier,4,187733600,3060400,15879300,129239400,0,41100,36842500,96000032,3,1
i64,overlap_little_containment,3000000,1,D_sorted_frontier,4,183262200,2510600,12555300,127864900,0,48900,37531200,96000032,3,1
i64,overlap_little_containment,3000000,1,D_append_frontier,4,187417900,2974100,13234300,131333600,0,35100,37068800,96000032,3,1
i64,overlap_little_containment,3000000,1,D_sorted_append_frontier,4,182528100,2448000,12593700,127635300,0,40200,37132700,96000032,3,1
i64,overlap_little_containment,3000000,1,A_packed_fenwick,4,1044140900,2649900,13198000,128842800,615453800,0,279342100,120000000,4,1
i64,overlap_little_containment,3000000,1,A_sorted_fenwick,4,995586100,2944000,12771500,128259500,564462100,0,282789200,120000000,4,1
i64,overlap_little_containment,3000000,1,B_indirect_fenwick,4,1368370400,2801400,3986400,367017100,571519100,0,420372400,72000000,4,1
i64,overlap_little_containment,3000000,1,C_packed_segment,4,1258989600,2680000,12713700,128264900,566600800,0,542749300,139200000,4,1
i64,depth_4,1000,1,A_packed_fenwick,0,194000,700,1300,23300,29100,0,15200,40008,4,4
i64,depth_4,1000,1,A_sorted_fenwick,0,91200,600,25800,22100,27800,0,14200,40008,4,4
i64,depth_4,1000,1,B_indirect_fenwick,0,76800,700,300,33800,25000,0,16700,24008,4,4
i64,depth_4,1000,1,C_packed_segment,0,129100,800,1800,21800,27900,0,76100,48000,4,4
i64,depth_4,1000,1,D_frontier,0,40200,600,1200,25900,0,300,11700,32064,4,4
i64,depth_4,1000,1,D_sorted_frontier,0,34600,500,1200,22900,0,200,9400,32064,4,4
i64,depth_4,1000,1,D_append_frontier,0,35000,600,1200,23000,0,200,9600,32064,4,4
i64,depth_4,1000,1,D_sorted_append_frontier,0,34600,500,1100,22600,0,200,9600,32064,4,4
i64,depth_4,1000,1,A_sorted_fenwick,1,67100,500,1200,23000,25100,0,16700,40008,4,4
i64,depth_4,1000,1,B_indirect_fenwick,1,78000,700,300,32200,25000,0,19500,24008,4,4
i64,depth_4,1000,1,C_packed_segment,1,121100,1000,1400,23600,28200,0,66000,48000,4,4
i64,depth_4,1000,1,D_frontier,1,38000,600,1200,25600,0,300,9800,32064,4,4
i64,depth_4,1000,1,D_sorted_frontier,1,32600,700,1200,20500,0,200,9500,32064,4,4
i64,depth_4,1000,1,D_append_frontier,1,37000,1000,1100,24500,0,200,9800,32064,4,4
i64,depth_4,1000,1,D_sorted_append_frontier,1,34700,600,1200,22400,0,200,9600,32064,4,4
i64,depth_4,1000,1,A_packed_fenwick,1,65700,700,1200,20100,26900,0,16100,40008,4,4
i64,depth_4,1000,1,B_indirect_fenwick,2,83400,900,300,36200,27800,0,18000,24008,4,4
i64,depth_4,1000,1,C_packed_segment,2,119900,800,1400,26900,26100,0,63400,48000,4,4
i64,depth_4,1000,1,D_frontier,2,51000,600,15200,23500,0,700,10100,32064,4,4
i64,depth_4,1000,1,D_sorted_frontier,2,33300,500,1200,20900,0,300,9700,32064,4,4
i64,depth_4,1000,1,D_append_frontier,2,34400,600,1500,20400,0,500,10400,32064,4,4
i64,depth_4,1000,1,D_sorted_append_frontier,2,35000,900,1600,20700,0,500,10200,32064,4,4
i64,depth_4,1000,1,A_packed_fenwick,2,61200,600,1300,20500,24700,0,13500,40008,4,4
i64,depth_4,1000,1,A_sorted_fenwick,2,58200,500,1000,15400,23200,0,17600,40008,4,4
i64,depth_4,1000,1,C_packed_segment,3,110800,600,1000,15500,26300,0,66600,48000,4,4
i64,depth_4,1000,1,D_frontier,3,43200,600,1400,25100,0,400,14800,32064,4,4
i64,depth_4,1000,1,D_sorted_frontier,3,42700,800,1300,25100,0,400,14300,32064,4,4
i64,depth_4,1000,1,D_append_frontier,3,31900,600,1200,19800,0,300,9800,32064,4,4
i64,depth_4,1000,1,D_sorted_append_frontier,3,32800,600,1000,20600,0,200,9700,32064,4,4
i64,depth_4,1000,1,A_packed_fenwick,3,66900,600,1300,20000,26400,0,17600,40008,4,4
i64,depth_4,1000,1,A_sorted_fenwick,3,61900,600,1300,20700,25700,0,12900,40008,4,4
i64,depth_4,1000,1,B_indirect_fenwick,3,65900,800,300,32200,18500,0,13800,24008,4,4
i64,depth_4,1000,1,D_frontier,4,34300,500,1200,21400,0,300,10100,32064,4,4
i64,depth_4,1000,1,D_sorted_frontier,4,33200,700,1300,20900,0,300,9500,32064,4,4
i64,depth_4,1000,1,D_append_frontier,4,27200,500,900,15000,0,200,10100,32064,4,4
i64,depth_4,1000,1,D_sorted_append_frontier,4,34600,600,1300,21700,0,300,10100,32064,4,4
i64,depth_4,1000,1,A_packed_fenwick,4,53500,600,1400,16000,22000,0,12900,40008,4,4
i64,depth_4,1000,1,A_sorted_fenwick,4,61000,600,1300,20600,25300,0,12500,40008,4,4
i64,depth_4,1000,1,B_indirect_fenwick,4,67200,1800,400,24100,25200,0,15200,24008,4,4
i64,depth_4,1000,1,C_packed_segment,4,98100,1000,1600,22500,18800,0,53500,48000,4,4
i64,depth_4,10000,1,A_packed_fenwick,0,889900,5100,8000,295300,410700,0,169800,400008,4,4
i64,depth_4,10000,1,A_sorted_fenwick,0,844800,5000,7900,298300,351500,0,181100,400008,4,4
i64,depth_4,10000,1,B_indirect_fenwick,0,897300,5000,1700,346900,363900,0,178800,240008,4,4
i64,depth_4,10000,1,C_packed_segment,0,1415600,4900,7900,288900,359700,0,752600,480000,4,4
i64,depth_4,10000,1,D_frontier,0,413300,5600,10900,294300,0,1700,99700,320064,4,4
i64,depth_4,10000,1,D_sorted_frontier,0,409200,5200,9400,295300,0,1500,96900,320064,4,4
i64,depth_4,10000,1,D_append_frontier,0,437100,5700,9100,321000,0,2000,98400,320064,4,4
i64,depth_4,10000,1,D_sorted_append_frontier,0,454600,5300,11100,334000,0,2000,101000,320064,4,4
i64,depth_4,10000,1,A_sorted_fenwick,1,984300,5300,10600,343400,427600,0,196000,400008,4,4
i64,depth_4,10000,1,B_indirect_fenwick,1,1067500,5100,1800,430000,424400,0,204900,240008,4,4
i64,depth_4,10000,1,C_packed_segment,1,1565600,8900,11300,338900,389300,0,815700,480000,4,4
i64,depth_4,10000,1,D_frontier,1,445500,5100,10700,328000,0,2100,98400,320064,4,4
i64,depth_4,10000,1,D_sorted_frontier,1,478300,5400,10400,349100,0,10800,99600,320064,4,4
i64,depth_4,10000,1,D_append_frontier,1,390800,10500,7900,271600,0,1300,98400,320064,4,4
i64,depth_4,10000,1,D_sorted_append_frontier,1,375600,5000,7700,264800,0,1200,96300,320064,4,4
i64,depth_4,10000,1,A_packed_fenwick,1,798300,4900,7800,266500,348800,0,169100,400008,4,4
i64,depth_4,10000,1,B_indirect_fenwick,2,800300,5000,1600,319500,316300,0,157200,240008,4,4
i64,depth_4,10000,1,C_packed_segment,2,1301500,4900,7900,288200,332900,0,666600,480000,4,4
i64,depth_4,10000,1,D_frontier,2,369100,5000,7800,256100,0,1200,98500,320064,4,4
i64,depth_4,10000,1,D_sorted_frontier,2,367500,5000,7700,255200,0,1000,98000,320064,4,4
i64,depth_4,10000,1,D_append_frontier,2,368100,5000,7700,260100,0,1100,94000,320064,4,4
i64,depth_4,10000,1,D_sorted_append_frontier,2,359800,5000,7700,252000,0,1000,93800,320064,4,4
i64,depth_4,10000,1,A_packed_fenwick,2,912000,5000,7800,253600,436400,0,207600,400008,4,4
i64,depth_4,10000,1,A_sorted_fenwick,2,993700,5900,10600,347500,431300,0,197200,400008,4,4
i64,depth_4,10000,1,C_packed_segment,3,1770700,10600,11200,403000,452400,0,891800,480000,4,4
i64,depth_4,10000,1,D_frontier,3,469800,6100,11600,349900,0,2400,98300,320064,4,4
i64,depth_4,10000,1,D_sorted_frontier,3,484200,5700,10400,366100,0,2600,98000,320064,4,4
i64,depth_4,10000,1,D_append_frontier,3,438900,5800,10600,324000,0,2100,95600,320064,4,4
i64,depth_4,10000,1,D_sorted_append_frontier,3,361100,5000,7800,252600,0,1100,93900,320064,4,4
i64,depth_4,10000,1,A_packed_fenwick,3,727300,4900,7800,252600,313200,0,148100,400008,4,4
i64,depth_4,10000,1,A_sorted_fenwick,3,843600,4900,7700,312300,358500,0,159200,400008,4,4
i64,depth_4,10000,1,B_indirect_fenwick,3,795700,5100,1600,307400,330900,0,150400,240008,4,4
i64,depth_4,10000,1,D_frontier,4,379700,5000,7800,261900,0,1000,103100,320064,4,4
i64,depth_4,10000,1,D_sorted_frontier,4,362800,4900,7800,255700,0,1000,92900,320064,4,4
i64,depth_4,10000,1,D_append_frontier,4,362900,4900,7700,252800,0,900,96100,320064,4,4
i64,depth_4,10000,1,D_sorted_append_frontier,4,373100,5000,7700,262500,0,900,96600,320064,4,4
i64,depth_4,10000,1,A_packed_fenwick,4,754200,5000,7800,254700,337500,0,148700,400008,4,4
i64,depth_4,10000,1,A_sorted_fenwick,4,770500,5300,7700,262200,347300,0,147200,400008,4,4
i64,depth_4,10000,1,B_indirect_fenwick,4,809300,7100,2100,317200,331400,0,150800,240008,4,4
i64,depth_4,10000,1,C_packed_segment,4,1290400,8000,7900,259600,355700,0,658600,480000,4,4
i64,depth_4,100000,1,A_packed_fenwick,0,11133400,55500,376600,3098300,5212100,0,2272600,4000008,4,4
i64,depth_4,100000,1,A_sorted_fenwick,0,10933400,53800,410700,3166200,5027000,0,2182900,4000008,4,4
i64,depth_4,100000,1,B_indirect_fenwick,0,11645100,49500,13600,4061300,5145000,0,2374800,2400008,4,4
i64,depth_4,100000,1,C_packed_segment,0,17815500,51900,432500,3102100,5112000,0,8890800,4800000,4,4
i64,depth_4,100000,1,D_frontier,0,4625100,49900,366700,3106800,0,10500,983700,3200064,4,4
i64,depth_4,100000,1,D_sorted_frontier,0,4811900,56400,483600,3150500,0,11700,1011100,3200064,4,4
i64,depth_4,100000,1,D_append_frontier,0,4703700,49700,369800,3149600,0,12100,1013700,3200064,4,4
i64,depth_4,100000,1,D_sorted_append_frontier,0,4777400,50600,411700,3235800,0,11200,974600,3200064,4,4
i64,depth_4,100000,1,A_sorted_fenwick,1,10913000,49700,414900,3173000,4943500,0,2227000,4000008,4,4
i64,depth_4,100000,1,B_indirect_fenwick,1,11633300,50300,14200,4033200,5129500,0,2404900,2400008,4,4
i64,depth_4,100000,1,C_packed_segment,1,17744000,49800,360900,3169100,5106700,0,8845200,4800000,4,4
i64,depth_4,100000,1,D_frontier,1,4612500,50700,367300,3101000,0,11300,986000,3200064,4,4
i64,depth_4,100000,1,D_sorted_frontier,1,4623800,49400,396500,3101700,0,10400,976300,3200064,4,4
i64,depth_4,100000,1,D_append_frontier,1,4569700,49400,347800,3092300,0,9800,976300,3200064,4,4
i64,depth_4,100000,1,D_sorted_append_frontier,1,4586600,49700,385700,3100000,0,9600,958400,3200064,4,4
i64,depth_4,100000,1,A_packed_fenwick,1,10698600,49300,353700,3103200,4909500,0,2176200,4000008,4,4
i64,depth_4,100000,1,B_indirect_fenwick,2,11638800,49600,13700,4032100,5148600,0,2393600,2400008,4,4
i64,depth_4,100000,1,C_packed_segment,2,17772000,51100,353600,3099600,5077600,0,8985000,4800000,4,4
i64,depth_4,100000,1,D_frontier,2,4587200,51200,370500,3087100,0,9900,972500,3200064,4,4
i64,depth_4,100000,1,D_sorted_frontier,2,4717800,49300,395500,3150100,0,11200,1022700,3200064,4,4
i64,depth_4,100000,1,D_append_frontier,2,4623200,49400,361900,3108300,0,11500,987200,3200064,4,4
i64,depth_4,100000,1,D_sorted_append_frontier,2,4661100,49500,440800,3092300,0,10200,971500,3200064,4,4
i64,depth_4,100000,1,A_packed_fenwick,2,10804300,49300,356200,3101000,4995800,0,2203900,4000008,4,4
i64,depth_4,100000,1,A_sorted_fenwick,2,10787000,49500,391500,3097800,4956100,0,2205500,4000008,4,4
i64,depth_4,100000,1,C_packed_segment,3,17590800,50700,347100,3103800,5046300,0,8831400,4800000,4,4
i64,depth_4,100000,1,D_frontier,3,4574400,49700,390100,3080900,0,12900,953700,3200064,4,4
i64,depth_4,100000,1,D_sorted_frontier,3,4564500,48800,348200,3089600,0,9400,977300,3200064,4,4
i64,depth_4,100000,1,D_append_frontier,3,4585700,49100,397200,3070200,0,9900,971400,3200064,4,4
i64,depth_4,100000,1,D_sorted_append_frontier,3,4536600,49100,347900,3069600,0,10400,965000,3200064,4,4
i64,depth_4,100000,1,A_packed_fenwick,3,10738400,49100,391100,3081600,4962100,0,2158800,4000008,4,4
i64,depth_4,100000,1,A_sorted_fenwick,3,10663400,49000,352500,3084700,4922800,0,2156500,4000008,4,4
i64,depth_4,100000,1,B_indirect_fenwick,3,11519900,49700,13500,4022200,5091800,0,2342000,2400008,4,4
i64,depth_4,100000,1,D_frontier,4,4549300,49100,354800,3089800,0,11200,959700,3200064,4,4
i64,depth_4,100000,1,D_sorted_frontier,4,4584900,49100,354300,3101100,0,10200,976500,3200064,4,4
i64,depth_4,100000,1,D_append_frontier,4,4607500,49400,399100,3079500,0,9800,982300,3200064,4,4
i64,depth_4,100000,1,D_sorted_append_frontier,4,4575200,49100,354800,3078400,0,9900,989000,3200064,4,4
i64,depth_4,100000,1,A_packed_fenwick,4,10943700,49300,397500,3132900,5010900,0,2263800,4000008,4,4
i64,depth_4,100000,1,A_sorted_fenwick,4,10707400,49000,350600,3060900,4978200,0,2171900,4000008,4,4
i64,depth_4,100000,1,B_indirect_fenwick,4,11519700,52100,13600,3996300,5067000,0,2389900,2400008,4,4
i64,depth_4,100000,1,C_packed_segment,4,17645100,49100,364800,3070900,5050800,0,8920500,4800000,4,4
date32,depth_4,100000,1,A_packed_fenwick,0,9971000,49800,299900,2971100,4375700,0,2207600,3200008,4,4
date32,depth_4,100000,1,A_sorted_fenwick,0,9866000,50100,270400,2660100,4533500,0,2274800,3200008,4,4
date32,depth_4,100000,1,B_indirect_fenwick,0,11075000,50000,129200,3833200,4437500,0,2624000,2400008,4,4
date32,depth_4,100000,1,C_packed_segment,0,16816800,50100,269000,2674700,4437000,0,9220000,4000000,4,4
date32,depth_4,100000,1,D_frontier,0,4185300,50100,285000,2728000,0,123100,930200,2400032,4,4
date32,depth_4,100000,1,D_sorted_frontier,0,5421700,90600,362800,3862300,0,27200,1000900,2400032,4,4
date32,depth_4,100000,1,D_append_frontier,0,5492500,87500,354700,3926600,0,32000,991900,2400032,4,4
date32,depth_4,100000,1,D_sorted_append_frontier,0,5593600,114100,462900,3856800,0,39200,1010300,2400032,4,4
date32,depth_4,100000,1,A_sorted_fenwick,1,11712600,95300,401400,3722600,5141600,0,2280500,3200008,4,4
date32,depth_4,100000,1,B_indirect_fenwick,1,11385900,55300,134700,4034800,4577500,0,2582500,2400008,4,4
date32,depth_4,100000,1,C_packed_segment,1,17012700,58200,290900,2714600,4480300,0,9288100,4000000,4,4
date32,depth_4,100000,1,D_frontier,1,4053300,50100,280400,2691700,0,10500,957100,2400032,4,4
date32,depth_4,100000,1,D_sorted_frontier,1,3976900,49600,267400,2658100,0,9700,928200,2400032,4,4
date32,depth_4,100000,1,D_append_frontier,1,4069800,60700,304100,2685200,0,9800,946600,2400032,4,4
date32,depth_4,100000,1,D_sorted_append_frontier,1,4007300,49800,279800,2658500,0,9400,949400,2400032,4,4
date32,depth_4,100000,1,A_packed_fenwick,1,9723100,49800,281800,2720300,4350600,0,2254500,3200008,4,4
date32,depth_4,100000,1,B_indirect_fenwick,2,10996800,50500,136300,3851200,4406900,0,2550900,2400008,4,4
date32,depth_4,100000,1,C_packed_segment,2,16715000,49900,268100,2681500,4353000,0,9191600,4000000,4,4
date32,depth_4,100000,1,D_frontier,2,4038800,49700,293900,2683600,0,10000,929600,2400032,4,4
date32,depth_4,100000,1,D_sorted_frontier,2,4026600,58700,305100,2662700,0,9600,927600,2400032,4,4
date32,depth_4,100000,1,D_append_frontier,2,4032000,49700,266700,2693600,0,10300,954300,2400032,4,4
date32,depth_4,100000,1,D_sorted_append_frontier,2,4079900,49800,263200,2656600,0,9600,1023300,2400032,4,4
date32,depth_4,100000,1,A_packed_fenwick,2,9622000,50200,308500,2682300,4312200,0,2203400,3200008,4,4
date32,depth_4,100000,1,A_sorted_fenwick,2,9812400,54300,278000,2688900,4450700,0,2260100,3200008,4,4
date32,depth_4,100000,1,C_packed_segment,3,16874600,50000,286400,2678000,4418400,0,9263700,4000000,4,4
date32,depth_4,100000,1,D_frontier,3,4027300,49800,285500,2661600,0,9900,961000,2400032,4,4
date32,depth_4,100000,1,D_sorted_frontier,3,4044200,61300,268900,2667300,0,10000,967700,2400032,4,4
date32,depth_4,100000,1,D_append_frontier,3,4047400,49700,308800,2677800,0,9600,945200,2400032,4,4
date32,depth_4,100000,1,D_sorted_append_frontier,3,4029000,50000,281900,2680200,0,10000,944900,2400032,4,4
date32,depth_4,100000,1,A_packed_fenwick,3,9727200,50000,278900,2672800,4440900,0,2211000,3200008,4,4
date32,depth_4,100000,1,A_sorted_fenwick,3,9772800,50100,297900,2673600,4431100,0,2252600,3200008,4,4
date32,depth_4,100000,1,B_indirect_fenwick,3,11015400,50000,118500,3904500,4380700,0,2560700,2400008,4,4
date32,depth_4,100000,1,D_frontier,4,4143600,50100,300100,2681700,0,117500,926600,2400032,4,4
date32,depth_4,100000,1,D_sorted_frontier,4,4029000,54600,261300,2703300,0,10300,934500,2400032,4,4
date32,depth_4,100000,1,D_append_frontier,4,4025300,50200,263700,2679200,0,9700,958700,2400032,4,4
date32,depth_4,100000,1,D_sorted_append_frontier,4,4065800,49900,301800,2675200,0,9600,962900,2400032,4,4
date32,depth_4,100000,1,A_packed_fenwick,4,9619600,49900,265400,2657700,4388500,0,2201800,3200008,4,4
date32,depth_4,100000,1,A_sorted_fenwick,4,9809100,50100,302600,2688700,4436300,0,2263100,3200008,4,4
date32,depth_4,100000,1,B_indirect_fenwick,4,10998000,50300,123800,3899600,4371700,0,2551800,2400008,4,4
date32,depth_4,100000,1,C_packed_segment,4,16902200,49900,282500,2704100,4440500,0,9228700,4000000,4,4
i64,depth_4,100000,10,A_packed_fenwick,0,7777800,49500,135500,2607400,3129800,130300,1719600,1200008,41,3
i64,depth_4,100000,10,A_sorted_fenwick,0,7650600,49500,135100,2603900,3106500,19500,1702200,1200008,41,3
i64,depth_4,100000,10,B_indirect_fenwick,0,8154700,54700,36100,3053800,3139400,129800,1734600,1040008,41,3
i64,depth_4,100000,10,C_packed_segment,0,12453800,52900,139800,2619700,3094700,138800,6399900,1280000,41,3
i64,depth_4,100000,10,D_frontier,0,3498200,49800,77100,2606600,0,26800,732900,1120032,31,3
i64,depth_4,100000,10,D_sorted_frontier,0,3659400,49400,135500,2581100,0,154100,734700,1120032,31,3
i64,depth_4,100000,10,D_append_frontier,0,3469700,50300,79400,2590300,0,27300,718500,1120032,31,3
i64,depth_4,100000,10,D_sorted_append_frontier,0,3484500,49900,77600,2605600,0,27700,718700,1120032,31,3
i64,depth_4,100000,10,A_sorted_fenwick,1,7789700,49800,141500,2616900,3116200,122100,1737600,1200008,41,3
i64,depth_4,100000,10,B_indirect_fenwick,1,7963900,54600,14600,3041500,3088400,17000,1742600,1040008,41,3
i64,depth_4,100000,10,C_packed_segment,1,12286200,54200,143600,2606000,3167400,116200,6193200,1280000,41,3
i64,depth_4,100000,10,D_frontier,1,3688800,49500,136500,2615000,0,150600,732700,1120032,31,3
i64,depth_4,100000,10,D_sorted_frontier,1,3561100,50100,81900,2662000,0,29900,730800,1120032,31,3
i64,depth_4,100000,10,D_append_frontier,1,3453300,49500,76900,2572600,0,27100,722700,1120032,31,3
i64,depth_4,100000,10,D_sorted_append_frontier,1,3657900,49400,135300,2589800,0,152300,726500,1120032,31,3
i64,depth_4,100000,10,A_packed_fenwick,1,7705500,111600,77700,2606500,3152700,17500,1734200,1200008,41,3
i64,depth_4,100000,10,B_indirect_fenwick,2,8128800,50100,35200,3056600,3136700,122500,1722800,1040008,41,3
i64,depth_4,100000,10,C_packed_segment,2,12389200,50800,176000,2642800,3119600,20500,6333800,1280000,41,3
i64,depth_4,100000,10,D_frontier,2,3658500,50000,134800,2571600,0,165400,732400,1120032,31,3
i64,depth_4,100000,10,D_sorted_frontier,2,3462100,49400,76900,2569200,0,26800,735400,1120032,31,3
i64,depth_4,100000,10,D_append_frontier,2,3947900,54100,92300,3009300,0,37900,744600,1120032,31,3
i64,depth_4,100000,10,D_sorted_append_frontier,2,3973900,54300,152500,2853200,0,184000,722800,1120032,31,3
i64,depth_4,100000,10,A_packed_fenwick,2,7860800,49800,139800,2602600,3236500,21200,1768400,1200008,41,3
i64,depth_4,100000,10,A_sorted_fenwick,2,10654500,81800,184500,3543600,4512800,170100,2153200,1200008,41,3
i64,depth_4,100000,10,C_packed_segment,3,12293700,63300,148000,2596500,3151500,81400,6247200,1280000,41,3
i64,depth_4,100000,10,D_frontier,3,3679000,49400,135300,2604100,0,152600,732300,1120032,31,3
i64,depth_4,100000,10,D_sorted_frontier,3,3476000,49400,77200,2579200,0,27200,738500,1120032,31,3
i64,depth_4,100000,10,D_append_frontier,3,3663500,49300,134400,2587900,0,163300,723000,1120032,31,3
i64,depth_4,100000,10,D_sorted_append_frontier,3,3455900,49600,77100,2580800,0,27400,717100,1120032,31,3
i64,depth_4,100000,10,A_packed_fenwick,3,7741200,50000,136900,2628000,3132200,51900,1736500,1200008,41,3
i64,depth_4,100000,10,A_sorted_fenwick,3,7818400,49800,135300,2609400,3173900,129500,1714000,1200008,41,3
i64,depth_4,100000,10,B_indirect_fenwick,3,8141800,49900,35300,3079000,3114500,132300,1725700,1040008,41,3
i64,depth_4,100000,10,D_frontier,4,3622600,49900,116200,2645100,0,62000,743900,1120032,31,3
i64,depth_4,100000,10,D_sorted_frontier,4,3686800,50900,136900,2597600,0,162700,733300,1120032,31,3
i64,depth_4,100000,10,D_append_frontier,4,3537900,50200,81100,2639000,0,29700,731600,1120032,31,3
i64,depth_4,100000,10,D_sorted_append_frontier,4,3539200,50000,77800,2615900,0,29100,760700,1120032,31,3
i64,depth_4,100000,10,A_packed_fenwick,4,8010700,51900,95800,2772300,3271000,19200,1792600,1200008,41,3
i64,depth_4,100000,10,A_sorted_fenwick,4,8188900,51300,168200,2764400,3335700,57800,1803900,1200008,41,3
i64,depth_4,100000,10,B_indirect_fenwick,4,9827300,93900,48900,3590500,3699300,170700,2209000,1040008,41,3
i64,depth_4,100000,10,C_packed_segment,4,12316000,49800,178900,2616400,3114200,24400,6282900,1280000,41,3
i64,depth_4,100000,100,A_packed_fenwick,0,5532700,53800,93600,2135300,2051600,140900,1022500,840008,401,2
i64,depth_4,100000,100,A_sorted_fenwick,0,5532900,53700,94200,2134300,2052500,137100,1024200,840008,401,2
i64,depth_4,100000,100,B_indirect_fenwick,0,5726000,56000,20300,2422100,2072800,128600,998500,824008,401,2
i64,depth_4,100000,100,C_packed_segment,0,8692200,54100,95500,2154300,2044900,17300,4282000,848000,401,2
i64,depth_4,100000,100,D_frontier,0,2981300,53800,93300,2143000,0,151500,503700,832032,301,2
i64,depth_4,100000,100,D_sorted_frontier,0,2971600,53600,92800,2152300,0,147000,490000,832032,301,2
i64,depth_4,100000,100,D_append_frontier,0,2969800,52500,92900,2137700,0,147100,501300,832032,301,2
i64,depth_4,100000,100,D_sorted_append_frontier,0,2915700,53300,91500,2095100,0,144700,497300,832032,301,2
i64,depth_4,100000,100,A_sorted_fenwick,1,5503900,53700,94400,2117700,2045200,143500,1014400,840008,401,2
i64,depth_4,100000,100,B_indirect_fenwick,1,5696100,56900,19800,2421100,2035900,137000,996300,824008,401,2
i64,depth_4,100000,100,C_packed_segment,1,8692200,53500,94200,2121500,2041300,17800,4320200,848000,401,2
i64,depth_4,100000,100,D_frontier,1,2965200,52800,92800,2117300,0,150100,513600,832032,301,2
i64,depth_4,100000,100,D_sorted_frontier,1,2916300,52800,92300,2107300,0,142500,486900,832032,301,2
i64,depth_4,100000,100,D_append_frontier,1,2928900,53400,92600,2109500,0,142600,494800,832032,301,2
i64,depth_4,100000,100,D_sorted_append_frontier,1,2920400,57500,92000,2093800,0,149100,492500,832032,301,2
i64,depth_4,100000,100,A_packed_fenwick,1,5538200,53600,94700,2143600,2052600,136800,1020000,840008,401,2
i64,depth_4,100000,100,B_indirect_fenwick,2,5669700,55400,19900,2406100,2032500,133400,993200,824008,401,2
i64,depth_4,100000,100,C_packed_segment,2,8685000,53800,94500,2143600,2041200,17900,4284500,848000,401,2
i64,depth_4,100000,100,D_frontier,2,2970700,54000,93400,2143100,0,157300,487400,832032,301,2
i64,depth_4,100000,100,D_sorted_frontier,2,2934700,52800,91900,2098600,0,154300,501300,832032,301,2
i64,depth_4,100000,100,D_append_frontier,2,2923500,52700,97400,2097600,0,144800,494800,832032,301,2
i64,depth_4,100000,100,D_sorted_append_frontier,2,2945200,52900,91400,2122500,0,143000,497300,832032,301,2
i64,depth_4,100000,100,A_packed_fenwick,2,5513700,52700,92800,2140700,2040400,130200,1022300,840008,401,2
i64,depth_4,100000,100,A_sorted_fenwick,2,5508900,54000,94100,2134000,2033500,133800,1025400,840008,401,2
i64,depth_4,100000,100,C_packed_segment,3,8898300,54300,95400,2143700,2048900,144200,4368700,848000,401,2
i64,depth_4,100000,100,D_frontier,3,2929800,53200,92200,2113900,0,147800,487900,832032,301,2
i64,depth_4,100000,100,D_sorted_frontier,3,2957600,53300,94000,2122900,0,153100,489800,832032,301,2
i64,depth_4,100000,100,D_append_frontier,3,2928300,52700,92000,2101200,0,152100,493400,832032,301,2
i64,depth_4,100000,100,D_sorted_append_frontier,3,2932700,53300,92900,2110500,0,142800,497000,832032,301,2
i64,depth_4,100000,100,A_packed_fenwick,3,5554200,53400,101100,2133300,2048200,131900,1050200,840008,401,2
i64,depth_4,100000,100,A_sorted_fenwick,3,5507100,53100,93800,2134700,2042100,133800,1013600,840008,401,2
i64,depth_4,100000,100,B_indirect_fenwick,3,5715400,54400,19800,2418400,2065700,129600,998800,824008,401,2
i64,depth_4,100000,100,D_frontier,4,2850700,53800,94300,2134800,0,32200,499600,832032,301,2
i64,depth_4,100000,100,D_sorted_frontier,4,2951900,53700,93500,2124900,0,152700,491100,832032,301,2
i64,depth_4,100000,100,D_append_frontier,4,2975700,53500,94100,2139100,0,155200,498100,832032,301,2
i64,depth_4,100000,100,D_sorted_append_frontier,4,2957000,53100,92300,2122500,0,155300,497900,832032,301,2
i64,depth_4,100000,100,A_packed_fenwick,4,5523200,53600,120400,2123700,2036000,131000,1021900,840008,401,2
i64,depth_4,100000,100,A_sorted_fenwick,4,5531400,54300,97300,2128200,2050800,138500,1023900,840008,401,2
i64,depth_4,100000,100,B_indirect_fenwick,4,5698400,54900,19500,2419000,2040200,131700,1005200,824008,401,2
i64,depth_4,100000,100,C_packed_segment,4,8755600,53300,123700,2134700,2041600,18000,4340000,848000,401,2
i64,depth_4,100000,1000,A_packed_fenwick,0,4493600,94800,128100,1639100,1561100,59300,737500,804008,4001,2
i64,depth_4,100000,1000,A_sorted_fenwick,0,4517300,89700,127000,1645500,1578200,58800,738600,804008,4001,2
i64,depth_4,100000,1000,B_indirect_fenwick,0,4798300,95600,85000,1929700,1601300,59100,749200,802408,4001,2
i64,depth_4,100000,1000,C_packed_segment,0,5826000,91100,136000,1645700,1586900,183900,1889400,804800,4001,2
i64,depth_4,100000,1000,D_frontier,0,2702100,85900,120600,1627400,0,123700,472000,803232,3001,2
i64,depth_4,100000,1000,D_sorted_frontier,0,2693800,86900,126000,1610300,0,120600,472500,803232,3001,2
i64,depth_4,100000,1000,D_append_frontier,0,2749700,87200,124900,1654100,0,120000,486600,803232,3001,2
i64,depth_4,100000,1000,D_sorted_append_frontier,0,2723600,86900,125500,1618900,0,121400,490200,803232,3001,2
i64,depth_4,100000,1000,A_sorted_fenwick,1,4534500,91200,125400,1653400,1579300,58700,741000,804008,4001,2
i64,depth_4,100000,1000,B_indirect_fenwick,1,4780600,95800,82500,1930500,1570800,65100,754800,802408,4001,2
i64,depth_4,100000,1000,C_packed_segment,1,6593900,124100,159600,1795800,1849800,70100,2257600,804800,4001,2
i64,depth_4,100000,1000,D_frontier,1,3325700,140200,181200,1983700,0,169100,509800,803232,3001,2
i64,depth_4,100000,1000,D_sorted_frontier,1,3477500,129100,187700,2095800,0,181800,549900,803232,3001,2
i64,depth_4,100000,1000,D_append_frontier,1,2978700,100600,147700,1774600,0,144400,505300,803232,3001,2
i64,depth_4,100000,1000,D_sorted_append_frontier,1,2762900,88600,124500,1657500,0,119300,494100,803232,3001,2
i64,depth_4,100000,1000,A_packed_fenwick,1,4480200,90000,125100,1637300,1558000,60000,737200,804008,4001,2
i64,depth_4,100000,1000,B_indirect_fenwick,2,4939700,100400,86900,2000100,1628300,58700,780600,802408,4001,2
i64,depth_4,100000,1000,C_packed_segment,2,5721800,92600,134700,1652300,1576700,62600,1913400,804800,4001,2
i64,depth_4,100000,1000,D_frontier,2,2690600,86600,122700,1609100,0,118400,467700,803232,3001,2
i64,depth_4,100000,1000,D_sorted_frontier,2,2709900,85700,126200,1621300,0,119900,477800,803232,3001,2
i64,depth_4,100000,1000,D_append_frontier,2,2752700,90400,128900,1632700,0,122900,491900,803232,3001,2
i64,depth_4,100000,1000,D_sorted_append_frontier,2,2724000,88100,123600,1617900,0,121400,496900,803232,3001,2
i64,depth_4,100000,1000,A_packed_fenwick,2,4540100,88800,123200,1670000,1568800,56800,746300,804008,4001,2
i64,depth_4,100000,1000,A_sorted_fenwick,2,4507300,90000,125000,1649000,1560200,59000,744200,804008,4001,2
i64,depth_4,100000,1000,C_packed_segment,3,5705600,92900,137900,1651000,1582600,60700,1888400,804800,4001,2
i64,depth_4,100000,1000,D_frontier,3,2733900,87300,123400,1645500,0,117200,476700,803232,3001,2
i64,depth_4,100000,1000,D_sorted_frontier,3,2696700,85400,123600,1613200,0,119500,469700,803232,3001,2
i64,depth_4,100000,1000,D_append_frontier,3,2711200,86800,124600,1610400,0,120300,487400,803232,3001,2
i64,depth_4,100000,1000,D_sorted_append_frontier,3,2717400,85400,127500,1613800,0,118700,491100,803232,3001,2
i64,depth_4,100000,1000,A_packed_fenwick,3,4525000,89800,127000,1642100,1583500,59900,743600,804008,4001,2
i64,depth_4,100000,1000,A_sorted_fenwick,3,4609000,92000,128500,1656700,1601200,61200,787300,804008,4001,2
i64,depth_4,100000,1000,B_indirect_fenwick,3,4798400,98600,85700,1949300,1574200,59100,748800,802408,4001,2
i64,depth_4,100000,1000,D_frontier,4,3257900,103700,166100,1952100,0,161000,545700,803232,3001,2
i64,depth_4,100000,1000,D_sorted_frontier,4,3575900,112600,193300,2157200,0,188000,593300,803232,3001,2
i64,depth_4,100000,1000,D_append_frontier,4,3292700,104700,172300,1975600,0,166900,552700,803232,3001,2
i64,depth_4,100000,1000,D_sorted_append_frontier,4,2718400,86600,124500,1623000,0,121100,488300,803232,3001,2
i64,depth_4,100000,1000,A_packed_fenwick,4,4489300,89700,127600,1633100,1559200,56200,737400,804008,4001,2
i64,depth_4,100000,1000,A_sorted_fenwick,4,4650100,92200,131900,1676600,1649900,59800,756900,804008,4001,2
i64,depth_4,100000,1000,B_indirect_fenwick,4,4777200,99000,86100,1928400,1582300,57100,742200,802408,4001,2
i64,depth_4,100000,1000,C_packed_segment,4,5675100,93700,135000,1650600,1570600,54000,1879900,804800,4001,2
i64,depth_4,1000000,1,A_packed_fenwick,0,172072700,923200,4124000,37634300,83718500,0,43947000,40000008,4,4
i64,depth_4,1000000,1,A_sorted_fenwick,0,170224300,1121400,4953000,39508700,83546200,0,39568100,40000008,4,4
i64,depth_4,1000000,1,B_indirect_fenwick,0,230814200,1048600,1144400,59126700,94451100,0,73904700,24000008,4,4
i64,depth_4,1000000,1,C_packed_segment,0,241788500,1165700,4295000,37919200,83322700,0,112919900,48000000,4,4
i64,depth_4,1000000,1,D_frontier,0,56324600,1007700,4473400,37809900,0,23500,12057700,32000064,4,4
i64,depth_4,1000000,1,D_sorted_frontier,0,55890600,1024100,4180900,37601400,0,40500,12084500,32000064,4,4
i64,depth_4,1000000,1,D_append_frontier,0,56146500,998100,4189700,37775700,0,41800,12200900,32000064,4,4
i64,depth_4,1000000,1,D_sorted_append_frontier,0,56260300,1008600,4149300,37968300,0,39000,12149000,32000064,4,4
i64,depth_4,1000000,1,A_sorted_fenwick,1,168151100,1034000,4123000,38007600,83812900,0,39555000,40000008,4,4
i64,depth_4,1000000,1,B_indirect_fenwick,1,228010300,1016700,1195300,59106900,93598100,0,71775400,24000008,4,4
i64,depth_4,1000000,1,C_packed_segment,1,292607600,1155000,5301400,40853100,127408900,0,115663700,48000000,4,4
i64,depth_4,1000000,1,D_frontier,1,56748700,1004300,4542500,37860400,0,40000,12325900,32000064,4,4
i64,depth_4,1000000,1,D_sorted_frontier,1,56375000,1112800,4232800,37860400,0,40500,12161100,32000064,4,4
i64,depth_4,1000000,1,D_append_frontier,1,56141200,993400,4143300,37857200,0,41600,12140900,32000064,4,4
i64,depth_4,1000000,1,D_sorted_append_frontier,1,56252400,1036800,4189500,37822900,0,30900,12217000,32000064,4,4
i64,depth_4,1000000,1,A_packed_fenwick,1,177279700,981700,4100900,38728100,91069000,0,40727400,40000008,4,4
i64,depth_4,1000000,1,B_indirect_fenwick,2,211295500,1132200,1156400,59647100,82802500,0,65498200,24000008,4,4
i64,depth_4,1000000,1,C_packed_segment,2,256803200,1022600,4151300,37695000,89728500,0,121997200,48000000,4,4
i64,depth_4,1000000,1,D_frontier,2,56076300,993200,4415800,37580400,0,39500,12090000,32000064,4,4
i64,depth_4,1000000,1,D_sorted_frontier,2,55966000,993600,4128200,37706500,0,38200,12151300,32000064,4,4
i64,depth_4,1000000,1,D_append_frontier,2,56116400,987500,4090300,37644200,0,39300,12290800,32000064,4,4
i64,depth_4,1000000,1,D_sorted_append_frontier,2,56577600,1034400,4172600,37562500,0,41800,12640700,32000064,4,4
i64,depth_4,1000000,1,A_packed_fenwick,2,167678900,967700,4154800,38138600,83055600,0,39759400,40000008,4,4
i64,depth_4,1000000,1,A_sorted_fenwick,2,169968000,1146200,4127900,37588100,85495500,0,40010000,40000008,4,4
i64,depth_4,1000000,1,C_packed_segment,3,242829500,1203600,4291400,37605700,83464300,0,114119500,48000000,4,4
i64,depth_4,1000000,1,D_frontier,3,68874100,1114200,4425200,48996600,0,40800,13184900,32000064,4,4
i64,depth_4,1000000,1,D_sorted_frontier,3,70398300,1025600,4907300,51370100,0,22300,12098300,32000064,4,4
i64,depth_4,1000000,1,D_append_frontier,3,58622300,1123700,4257500,39428100,0,34500,12792000,32000064,4,4
i64,depth_4,1000000,1,D_sorted_append_frontier,3,56963300,1113300,4212200,38363400,0,40600,12257600,32000064,4,4
i64,depth_4,1000000,1,A_packed_fenwick,3,168681400,1126600,4221300,38166900,83995700,0,39588700,40000008,4,4
i64,depth_4,1000000,1,A_sorted_fenwick,3,170551000,992100,4332400,37519400,83680200,0,42416100,40000008,4,4
i64,depth_4,1000000,1,B_indirect_fenwick,3,218501600,1001900,1122400,59293000,86588400,0,69462100,24000008,4,4
i64,depth_4,1000000,1,D_frontier,4,56024200,1020800,4317200,37580100,0,40900,12104500,32000064,4,4
i64,depth_4,1000000,1,D_sorted_frontier,4,61817700,978800,4152700,43704900,0,38500,11994000,32000064,4,4
i64,depth_4,1000000,1,D_append_frontier,4,56676100,1136400,4140600,38214800,0,38400,12175700,32000064,4,4
i64,depth_4,1000000,1,D_sorted_append_frontier,4,58343700,991700,4149200,39875600,0,38300,12305100,32000064,4,4
i64,depth_4,1000000,1,A_packed_fenwick,4,169024900,1037900,4315200,37826200,83641000,0,40552300,40000008,4,4
i64,depth_4,1000000,1,A_sorted_fenwick,4,167546100,1153900,4193200,37728300,83239600,0,39464700,40000008,4,4
i64,depth_4,1000000,1,B_indirect_fenwick,4,210915800,1224300,1109700,59542600,82661200,0,65331900,24000008,4,4
i64,depth_4,1000000,1,C_packed_segment,4,248005300,1009700,4132400,37964700,88963800,0,113769300,48000000,4,4
i64,depth_4,3000000,1,A_packed_fenwick,0,1114222200,2601400,12869500,154170800,639709000,0,299610400,120000008,4,4
i64,depth_4,3000000,1,A_sorted_fenwick,0,1287693100,3109300,14707700,141105800,828961700,0,295222200,120000008,4,4
i64,depth_4,3000000,1,B_indirect_fenwick,0,1437995400,2731000,3417600,345711300,667949400,0,415234000,72000008,4,4
i64,depth_4,3000000,1,C_packed_segment,0,1302002500,2720300,12807500,130737300,623974300,0,525566800,144000000,4,4
i64,depth_4,3000000,1,D_frontier,0,190459600,2752300,13406100,127876100,0,39100,43701600,96000064,4,4
i64,depth_4,3000000,1,D_sorted_frontier,0,191093000,2750700,13472200,128393000,0,39800,43748100,96000064,4,4
i64,depth_4,3000000,1,D_append_frontier,0,198061000,2698900,12809900,134228300,0,41900,45452700,96000064,4,4
i64,depth_4,3000000,1,D_sorted_append_frontier,0,191819500,2745400,12878100,128655000,0,38000,44480200,96000064,4,4
i64,depth_4,3000000,1,A_sorted_fenwick,1,1073291400,2949100,13148800,131316500,637376100,0,283906700,120000008,4,4
i64,depth_4,3000000,1,B_indirect_fenwick,1,1440678200,2717400,3377700,347950500,643414800,0,440202700,72000008,4,4
i64,depth_4,3000000,1,C_packed_segment,1,1332275600,3501400,15511000,131513700,652411200,0,523246300,144000000,4,4
i64,depth_4,3000000,1,D_frontier,1,196083400,2761800,13532500,128165300,0,35400,48286400,96000064,4,4
i64,depth_4,3000000,1,D_sorted_frontier,1,202382300,2877900,13126400,139116500,0,33900,44539000,96000064,4,4
i64,depth_4,3000000,1,D_append_frontier,1,190892200,2510200,12677600,127915300,0,41400,44984200,96000064,4,4
i64,depth_4,3000000,1,D_sorted_append_frontier,1,209974700,2949700,13468300,143407600,0,43700,47403300,96000064,4,4
i64,depth_4,3000000,1,A_packed_fenwick,1,1088053800,2799200,12682700,128032200,658310300,0,281594400,120000008,4,4
i64,depth_4,3000000,1,B_indirect_fenwick,2,1457959300,2736400,3289700,341999500,669574700,0,436782700,72000008,4,4
i64,depth_4,3000000,1,C_packed_segment,2,1394720900,3588900,16455800,179622800,636754600,0,551894900,144000000,4,4
i64,depth_4,3000000,1,D_frontier,2,198598800,2708500,13867600,135012300,0,41000,44227000,96000064,4,4
i64,depth_4,3000000,1,D_sorted_frontier,2,189375800,2536400,12718600,127717900,0,42400,43675800,96000064,4,4
i64,depth_4,3000000,1,D_append_frontier,2,204151100,2741200,13232300,141310200,0,37100,44163400,96000064,4,4
i64,depth_4,3000000,1,D_sorted_append_frontier,2,193794400,2561600,12575700,130928200,0,42100,44954900,96000064,4,4
i64,depth_4,3000000,1,A_packed_fenwick,2,1364921000,2746500,13335200,128436600,895069500,0,319615000,120000008,4,4
i64,depth_4,3000000,1,A_sorted_fenwick,2,1111072700,3271200,16470200,133441100,673873700,0,278783500,120000008,4,4
i64,depth_4,3000000,1,C_packed_segment,3,1409812800,3610300,13328400,127722900,711664200,0,546865200,144000000,4,4
i64,depth_4,3000000,1,D_frontier,3,197131800,2866300,13649600,130257500,0,33100,46191100,96000064,4,4
i64,depth_4,3000000,1,D_sorted_frontier,3,192618900,2673500,13099700,129862100,0,39600,44233300,96000064,4,4
i64,depth_4,3000000,1,D_append_frontier,3,196215300,2539200,12547900,132918700,0,23700,45471700,96000064,4,4
i64,depth_4,3000000,1,D_sorted_append_frontier,3,215337300,3012100,13885800,137460900,0,36600,57836100,96000064,4,4
i64,depth_4,3000000,1,A_packed_fenwick,3,1660436800,3087800,15245800,138778400,1185013100,0,313666300,120000008,4,4
i64,depth_4,3000000,1,A_sorted_fenwick,3,1139599200,2872700,13930800,135848500,701240000,0,281121500,120000008,4,4
i64,depth_4,3000000,1,B_indirect_fenwick,3,1431882900,2712600,3452500,363962000,635662300,0,423215400,72000008,4,4
i64,depth_4,3000000,1,D_frontier,4,193584500,2984900,13658800,130459200,0,27300,43792100,96000064,4,4
i64,depth_4,3000000,1,D_sorted_frontier,4,195835000,2950100,13105100,129769500,0,49400,47037700,96000064,4,4
i64,depth_4,3000000,1,D_append_frontier,4,190243000,2621900,12911100,127883900,0,42200,44125800,96000064,4,4
i64,depth_4,3000000,1,D_sorted_append_frontier,4,217862000,2717500,13259300,154042100,0,38000,45119800,96000064,4,4
i64,depth_4,3000000,1,A_packed_fenwick,4,1109027600,2765500,12704100,131281000,658031500,0,299602000,120000008,4,4
i64,depth_4,3000000,1,A_sorted_fenwick,4,1170495600,2798200,13419100,129139800,736252200,0,284142800,120000008,4,4
i64,depth_4,3000000,1,B_indirect_fenwick,4,1428014500,2786900,3317800,345932300,640443900,0,432663800,72000008,4,4
i64,depth_4,3000000,1,C_packed_segment,4,1487754400,2728000,13065500,131122800,775598000,0,558736500,144000000,4,4
i64,depth_64,1000,1,A_packed_fenwick,0,45900,500,900,15100,18700,0,10300,40008,4,64
i64,depth_64,1000,1,A_sorted_fenwick,0,45000,600,900,15500,18200,0,9500,40008,4,64
i64,depth_64,1000,1,B_indirect_fenwick,0,53600,500,200,24100,18000,0,10500,24008,4,64
i64,depth_64,1000,1,C_packed_segment,0,84300,500,900,15600,17900,0,48800,48000,4,64
i64,depth_64,1000,1,D_frontier,0,37200,600,900,16900,0,200,18400,33024,8,64
i64,depth_64,1000,1,D_sorted_frontier,0,35900,500,800,15400,0,100,18400,33024,8,64
i64,depth_64,1000,1,D_append_frontier,0,34800,500,900,15200,0,100,17800,33024,8,64
i64,depth_64,1000,1,D_sorted_append_frontier,0,34600,500,800,15100,0,200,17700,33024,8,64
i64,depth_64,1000,1,A_sorted_fenwick,1,52400,500,900,15000,23900,0,11500,40008,4,64
i64,depth_64,1000,1,B_indirect_fenwick,1,63800,700,300,27300,20900,0,14300,24008,4,64
i64,depth_64,1000,1,C_packed_segment,1,110900,900,1400,18200,26600,0,63200,48000,4,64
i64,depth_64,1000,1,D_frontier,1,43700,600,1300,20300,0,300,20800,33024,8,64
i64,depth_64,1000,1,D_sorted_frontier,1,41800,600,1200,20900,0,300,18300,33024,8,64
i64,depth_64,1000,1,D_append_frontier,1,40200,500,900,19600,0,300,18500,33024,8,64
i64,depth_64,1000,1,D_sorted_append_frontier,1,207800,500,1100,15200,0,100,17700,33024,8,64
i64,depth_64,1000,1,A_packed_fenwick,1,55900,500,10800,15200,18700,0,10200,40008,4,64
i64,depth_64,1000,1,B_indirect_fenwick,2,53800,500,200,23600,18100,0,11100,24008,4,64
i64,depth_64,1000,1,C_packed_segment,2,88300,500,900,15600,18000,0,52800,48000,4,64
i64,depth_64,1000,1,D_frontier,2,36800,600,900,16400,0,100,18400,33024,8,64
i64,depth_64,1000,1,D_sorted_frontier,2,35800,600,900,15500,0,200,18400,33024,8,64
i64,depth_64,1000,1,D_append_frontier,2,41000,600,1200,20300,0,300,18000,33024,8,64
i64,depth_64,1000,1,D_sorted_append_frontier,2,37400,600,1400,17100,0,200,17700,33024,8,64
i64,depth_64,1000,1,A_packed_fenwick,2,51600,600,900,15100,22600,0,12100,40008,4,64
i64,depth_64,1000,1,A_sorted_fenwick,2,57800,500,800,19500,25700,0,10600,40008,4,64
i64,depth_64,1000,1,C_packed_segment,3,111800,500,900,21500,26000,0,62100,48000,4,64
i64,depth_64,1000,1,D_frontier,3,42400,600,1100,21800,0,300,18200,33024,8,64
i64,depth_64,1000,1,D_sorted_frontier,3,43500,3000,1200,18100,0,200,20600,33024,8,64
i64,depth_64,1000,1,D_append_frontier,3,35800,500,1000,15900,0,200,17700,33024,8,64
i64,depth_64,1000,1,D_sorted_append_frontier,3,34500,500,900,15100,0,100,17600,33024,8,64
i64,depth_64,1000,1,A_packed_fenwick,3,44900,500,900,15000,18500,0,9800,40008,4,64
i64,depth_64,1000,1,A_sorted_fenwick,3,44500,600,900,15300,18000,0,9500,40008,4,64
i64,depth_64,1000,1,B_indirect_fenwick,3,52700,500,200,23600,18000,0,10200,24008,4,64
i64,depth_64,1000,1,D_frontier,4,35400,500,800,15400,0,100,18100,33024,8,64
i64,depth_64,1000,1,D_sorted_frontier,4,62400,500,900,15200,0,200,39700,33024,8,64
i64,depth_64,1000,1,D_append_frontier,4,58000,1400,3500,29400,0,1900,20600,33024,8,64
i64,depth_64,1000,1,D_sorted_append_frontier,4,44900,500,1200,23400,0,700,18600,33024,8,64
i64,depth_64,1000,1,A_packed_fenwick,4,70300,700,1300,22100,30500,0,14900,40008,4,64
i64,depth_64,1000,1,A_sorted_fenwick,4,64000,600,1300,22200,26900,0,12600,40008,4,64
i64,depth_64,1000,1,B_indirect_fenwick,4,79200,800,500,35200,26000,0,16100,24008,4,64
i64,depth_64,1000,1,C_packed_segment,4,118100,900,1400,22800,26300,0,66100,48000,4,64
i64,depth_64,10000,1,A_packed_fenwick,0,728300,5000,7900,257500,313500,0,143300,400008,4,64
i64,depth_64,10000,1,A_sorted_fenwick,0,797000,4900,7800,256900,302100,0,140200,400008,4,64
i64,depth_64,10000,1,B_indirect_fenwick,0,847900,5000,26000,316400,356200,0,143800,240008,4,64
i64,depth_64,10000,1,C_packed_segment,0,1283800,5000,31200,260700,336200,0,650200,480000,4,64
i64,depth_64,10000,1,D_frontier,0,463300,5100,7800,263800,0,1200,184200,321024,8,64
i64,depth_64,10000,1,D_sorted_frontier,0,458500,5000,8300,260100,0,1200,183300,321024,8,64
i64,depth_64,10000,1,D_append_frontier,0,462100,5000,7800,262600,0,1100,185100,321024,8,64
i64,depth_64,10000,1,D_sorted_append_frontier,0,455400,5000,7800,256600,0,1000,184400,321024,8,64
i64,depth_64,10000,1,A_sorted_fenwick,1,733800,5100,7900,256900,321400,0,141900,400008,4,64
i64,depth_64,10000,1,B_indirect_fenwick,1,766900,5100,1600,305500,311400,0,142800,240008,4,64
i64,depth_64,10000,1,C_packed_segment,1,1209000,5000,8000,263500,303100,0,628900,480000,4,64
i64,depth_64,10000,1,D_frontier,1,454900,5000,7900,257500,0,1200,182900,321024,8,64
i64,depth_64,10000,1,D_sorted_frontier,1,455200,5000,7800,258200,0,1100,182600,321024,8,64
i64,depth_64,10000,1,D_append_frontier,1,456200,5000,7800,257600,0,1000,184300,321024,8,64
i64,depth_64,10000,1,D_sorted_append_frontier,1,466100,5000,7800,257600,0,1100,194100,321024,8,64
i64,depth_64,10000,1,A_packed_fenwick,1,720200,5000,8000,257000,303200,0,146400,400008,4,64
i64,depth_64,10000,1,B_indirect_fenwick,2,781600,5000,1500,305300,324000,0,145100,240008,4,64
i64,depth_64,10000,1,C_packed_segment,2,1264400,5000,8100,299800,312300,0,638500,480000,4,64
i64,depth_64,10000,1,D_frontier,2,459000,5000,7800,261600,0,1200,182800,321024,8,64
i64,depth_64,10000,1,D_sorted_frontier,2,458000,5000,7800,256800,0,1100,186700,321024,8,64
i64,depth_64,10000,1,D_append_frontier,2,459000,5000,7800,261000,0,1100,183400,321024,8,64
i64,depth_64,10000,1,D_sorted_append_frontier,2,455000,5000,7800,256700,0,1100,183900,321024,8,64
i64,depth_64,10000,1,A_packed_fenwick,2,719100,5000,7900,261900,302000,0,141700,400008,4,64
i64,depth_64,10000,1,A_sorted_fenwick,2,767500,5000,7800,257500,308600,0,140900,400008,4,64
i64,depth_64,10000,1,C_packed_segment,3,1305200,5100,46600,257600,352600,0,642700,480000,4,64
i64,depth_64,10000,1,D_frontier,3,455600,5000,7800,258900,0,1100,182300,321024,8,64
i64,depth_64,10000,1,D_sorted_frontier,3,460000,5000,12800,257900,0,1200,182700,321024,8,64
i64,depth_64,10000,1,D_append_frontier,3,455800,5000,7800,257200,0,1100,184200,321024,8,64
i64,depth_64,10000,1,D_sorted_append_frontier,3,454400,5000,7800,255800,0,1000,184200,321024,8,64
i64,depth_64,10000,1,A_packed_fenwick,3,733700,5000,7800,256500,318100,0,145700,400008,4,64
i64,depth_64,10000,1,A_sorted_fenwick,3,713500,5100,7800,257300,302700,0,140100,400008,4,64
i64,depth_64,10000,1,B_indirect_fenwick,3,757200,5000,1500,305400,302300,0,142500,240008,4,64
i64,depth_64,10000,1,D_frontier,4,461100,5000,7800,258800,0,1100,187900,321024,8,64
i64,depth_64,10000,1,D_sorted_frontier,4,454600,5000,7800,257600,0,1100,182600,321024,8,64
i64,depth_64,10000,1,D_append_frontier,4,454500,5000,7900,256100,0,1100,184000,321024,8,64
i64,depth_64,10000,1,D_sorted_append_frontier,4,493500,5000,7800,286300,0,1600,191900,321024,8,64
i64,depth_64,10000,1,A_packed_fenwick,4,721400,5000,7900,257100,309600,0,141300,400008,4,64
i64,depth_64,10000,1,A_sorted_fenwick,4,713400,5000,7800,257800,302200,0,139900,400008,4,64
i64,depth_64,10000,1,B_indirect_fenwick,4,764000,6700,1500,304700,302100,0,147800,240008,4,64
i64,depth_64,10000,1,C_packed_segment,4,1346400,5000,8300,259100,312100,0,761000,480000,4,64
i64,depth_64,100000,1,A_packed_fenwick,0,10857600,49600,396400,3105800,5055100,0,2152300,4000008,4,64
i64,depth_64,100000,1,A_sorted_fenwick,0,10910200,49400,356200,3251900,5030200,0,2122600,4000008,4,64
i64,depth_64,100000,1,B_indirect_fenwick,0,11502700,55500,13500,4038800,5102400,0,2291600,2400008,4,64
i64,depth_64,100000,1,C_packed_segment,0,23296200,49800,376500,3340100,8504000,0,10679900,4800000,4,64
i64,depth_64,100000,1,D_frontier,0,7698700,114400,495200,4850700,0,118500,1953500,3201024,8,64
i64,depth_64,100000,1,D_sorted_frontier,0,7680100,116700,514500,4907900,0,38500,1954000,3201024,8,64
i64,depth_64,100000,1,D_append_frontier,0,7811500,91400,496400,5039100,0,37300,2003200,3201024,8,64
i64,depth_64,100000,1,D_sorted_append_frontier,0,7748200,97300,478300,4983200,0,34600,2010100,3201024,8,64
i64,depth_64,100000,1,A_sorted_fenwick,1,18059200,85500,478200,4945100,9103400,0,3265500,4000008,4,64
i64,depth_64,100000,1,B_indirect_fenwick,1,19896800,128700,20100,6954800,9277100,0,3513600,2400008,4,64
i64,depth_64,100000,1,C_packed_segment,1,27961100,101000,475400,4883100,9027600,0,13122100,4800000,4,64
i64,depth_64,100000,1,D_frontier,1,7727200,110300,477100,4952400,0,63200,1966500,3201024,8,64
i64,depth_64,100000,1,D_sorted_frontier,1,7573600,92400,500300,4855100,0,28900,1968100,3201024,8,64
i64,depth_64,100000,1,D_append_frontier,1,7720500,86900,487700,4974100,0,40900,1978800,3201024,8,64
i64,depth_64,100000,1,D_sorted_append_frontier,1,7752900,96400,494600,5023300,0,25200,1982700,3201024,8,64
i64,depth_64,100000,1,A_packed_fenwick,1,18427300,82400,603900,5067600,9169200,0,3329300,4000008,4,64
i64,depth_64,100000,1,B_indirect_fenwick,2,20410000,171700,21500,6829100,9389900,0,3994700,2400008,4,64
i64,depth_64,100000,1,C_packed_segment,2,28540700,105600,483500,5011400,9461200,0,13125400,4800000,4,64
i64,depth_64,100000,1,D_frontier,2,7125800,137800,547400,4273500,0,54000,1878800,3201024,8,64
i64,depth_64,100000,1,D_sorted_frontier,2,9146400,233700,986500,5545500,0,59500,2146400,3201024,8,64
i64,depth_64,100000,1,D_append_frontier,2,8026900,168500,605800,5053800,0,88500,1943300,3201024,8,64
i64,depth_64,100000,1,D_sorted_append_frontier,2,7721000,196900,757500,4739700,0,14200,1901100,3201024,8,64
i64,depth_64,100000,1,A_packed_fenwick,2,11014500,86100,554000,3193200,4980600,0,2100200,4000008,4,64
i64,depth_64,100000,1,A_sorted_fenwick,2,10805800,49700,395700,3216400,4917500,0,2135000,4000008,4,64
i64,depth_64,100000,1,C_packed_segment,3,18241400,49800,365300,3170000,5058100,0,9370600,4800000,4,64
i64,depth_64,100000,1,D_frontier,3,5539100,51300,398900,3150700,0,13400,1829000,3201024,8,64
i64,depth_64,100000,1,D_sorted_frontier,3,5482500,49100,368000,3117900,0,9800,1840700,3201024,8,64
i64,depth_64,100000,1,D_append_frontier,3,5493200,49400,393000,3122700,0,9800,1831900,3201024,8,64
i64,depth_64,100000,1,D_sorted_append_frontier,3,5479700,49400,346800,3145700,0,10100,1830300,3201024,8,64
i64,depth_64,100000,1,A_packed_fenwick,3,10978400,49300,391900,3187100,5070800,0,2192500,4000008,4,64
i64,depth_64,100000,1,A_sorted_fenwick,3,11126500,49500,400300,3140300,5293300,0,2150800,4000008,4,64
i64,depth_64,100000,1,B_indirect_fenwick,3,12012400,49500,13400,4020500,5618100,0,2310100,2400008,4,64
i64,depth_64,100000,1,D_frontier,4,5454100,52000,364400,3102900,0,13300,1818100,3201024,8,64
i64,depth_64,100000,1,D_sorted_frontier,4,5437900,49600,393200,3082900,0,9400,1811700,3201024,8,64
i64,depth_64,100000,1,D_append_frontier,4,5496900,51600,360300,3138900,0,9900,1840800,3201024,8,64
i64,depth_64,100000,1,D_sorted_append_frontier,4,5532100,49700,395400,3121400,0,10000,1860200,3201024,8,64
i64,depth_64,100000,1,A_packed_fenwick,4,10879300,49300,361000,3127900,5081000,0,2154300,4000008,4,64
i64,depth_64,100000,1,A_sorted_fenwick,4,10737000,49400,401100,3097800,4950800,0,2110800,4000008,4,64
i64,depth_64,100000,1,B_indirect_fenwick,4,11438900,49800,13600,4038500,5049400,0,2286800,2400008,4,64
i64,depth_64,100000,1,C_packed_segment,4,17875500,49400,418200,3129400,5030900,0,9025900,4800000,4,64
i64,depth_64,1000000,1,A_packed_fenwick,0,168417400,889000,4145200,37710800,84722900,0,39322700,40000008,4,64
i64,depth_64,1000000,1,A_sorted_fenwick,0,171473800,1175100,4667100,37938500,86736700,0,39359200,40000008,4,64
i64,depth_64,1000000,1,B_indirect_fenwick,0,220368200,1103800,1130700,59382400,83082200,0,74615700,24000008,4,64
i64,depth_64,1000000,1,C_packed_segment,0,246671100,1018100,4243800,37837800,85698800,0,115752200,48000000,4,64
i64,depth_64,1000000,1,D_frontier,0,64458000,1128300,4330200,37696900,0,40600,20301900,32001024,8,64
i64,depth_64,1000000,1,D_sorted_frontier,0,66289500,1082500,4091500,38223700,0,37700,21668800,32001024,8,64
i64,depth_64,1000000,1,D_append_frontier,0,64123100,1079100,4091900,37543000,0,38900,20424000,32001024,8,64
i64,depth_64,1000000,1,D_sorted_append_frontier,0,64267100,1038500,4082100,37676400,0,38800,20483800,32001024,8,64
i64,depth_64,1000000,1,A_sorted_fenwick,1,167546000,1026300,4097600,37788200,83603200,0,39412100,40000008,4,64
i64,depth_64,1000000,1,B_indirect_fenwick,1,214291500,1333400,1139500,65665800,83636800,0,61464100,24000008,4,64
i64,depth_64,1000000,1,C_packed_segment,1,281892300,1093300,4115400,37548500,118196900,0,118747100,48000000,4,64
i64,depth_64,1000000,1,D_frontier,1,64605000,1073500,4568500,37648900,0,32300,20329600,32001024,8,64
i64,depth_64,1000000,1,D_sorted_frontier,1,70843700,1003000,4092600,44226700,0,23800,20499600,32001024,8,64
i64,depth_64,1000000,1,D_append_frontier,1,66465400,1232700,4578200,38723900,0,37200,20941100,32001024,8,64
i64,depth_64,1000000,1,D_sorted_append_frontier,1,66238100,1101300,4431200,38602800,0,37500,21069800,32001024,8,64
i64,depth_64,1000000,1,A_packed_fenwick,1,167037500,1208500,4579200,37953200,83433700,0,38215800,40000008,4,64
i64,depth_64,1000000,1,B_indirect_fenwick,2,212065200,1141900,1137800,59869800,83702000,0,65169000,24000008,4,64
i64,depth_64,1000000,1,C_packed_segment,2,250525100,1020100,4232900,37589100,83287800,0,122217500,48000000,4,64
i64,depth_64,1000000,1,D_frontier,2,64383900,1038900,4477700,37590400,0,38800,20279300,32001024,8,64
i64,depth_64,1000000,1,D_sorted_frontier,2,64118100,1077900,4130700,37609400,0,39300,20323300,32001024,8,64
i64,depth_64,1000000,1,D_append_frontier,2,89789400,1148400,5142700,58126600,0,44400,24192300,32001024,8,64
i64,depth_64,1000000,1,D_sorted_append_frontier,2,90772400,1195000,5236300,59173900,0,47600,23973100,32001024,8,64
i64,depth_64,1000000,1,A_packed_fenwick,2,293261300,1121000,5285500,59922000,156226100,0,69089100,40000008,4,64
i64,depth_64,1000000,1,A_sorted_fenwick,2,172705800,1078100,4285300,39286600,87331700,0,39123500,40000008,4,64
i64,depth_64,1000000,1,C_packed_segment,3,250809700,1047300,4247900,37635300,89712600,0,116043900,48000000,4,64
i64,depth_64,1000000,1,D_frontier,3,64390400,1064800,4504600,37546200,0,39800,20290600,32001024,8,64
i64,depth_64,1000000,1,D_sorted_frontier,3,64115600,1002500,4101900,37631900,0,37600,20394200,32001024,8,64
i64,depth_64,1000000,1,D_append_frontier,3,79575800,1016900,4104700,48989900,0,37500,24273000,32001024,8,64
i64,depth_64,1000000,1,D_sorted_append_frontier,3,90086200,1223000,5238100,58733200,0,44000,23719000,32001024,8,64
i64,depth_64,1000000,1,A_packed_fenwick,3,301119600,1159300,5159600,58889800,157668700,0,76043200,40000008,4,64
i64,depth_64,1000000,1,A_sorted_fenwick,3,176495500,1263000,6483800,44071200,84714400,0,38274700,40000008,4,64
i64,depth_64,1000000,1,B_indirect_fenwick,3,235570200,1124100,1141100,73023300,94902600,0,64327900,24000008,4,64
i64,depth_64,1000000,1,D_frontier,4,65570000,1173000,4568200,38238200,0,39100,20573500,32001024,8,64
i64,depth_64,1000000,1,D_sorted_frontier,4,64175200,1022400,4168200,37759100,0,40400,20235200,32001024,8,64
i64,depth_64,1000000,1,D_append_frontier,4,64567100,995100,4193300,37967200,0,37300,20355500,32001024,8,64
i64,depth_64,1000000,1,D_sorted_append_frontier,4,67988700,1059400,4158700,41280500,0,35200,20485400,32001024,8,64
i64,depth_64,1000000,1,A_packed_fenwick,4,167696600,1055300,4265800,37621800,84610000,0,38498600,40000008,4,64
i64,depth_64,1000000,1,A_sorted_fenwick,4,166545800,1015200,4364900,37727600,83497800,0,38286000,40000008,4,64
i64,depth_64,1000000,1,B_indirect_fenwick,4,212778200,1025200,1125200,60460900,82790200,0,66315900,24000008,4,64
i64,depth_64,1000000,1,C_packed_segment,4,247500400,1099800,4917400,38192000,86468900,0,114635800,48000000,4,64
i64,depth_64,3000000,1,A_packed_fenwick,0,1132713200,2707300,13141500,127533700,694666300,0,289948100,120000008,4,64
i64,depth_64,3000000,1,A_sorted_fenwick,0,1091152000,3058300,14627000,132178200,660303700,0,276388900,120000008,4,64
i64,depth_64,3000000,1,B_indirect_fenwick,0,1438174200,2808000,3303500,363378100,633444500,0,431859100,72000008,4,64
i64,depth_64,3000000,1,C_packed_segment,0,1324026900,3344100,15186600,134534300,638846200,0,525568100,144000000,4,64
i64,depth_64,3000000,1,D_frontier,0,213765900,2753000,13720200,128433900,0,41100,66144100,96001024,8,64
i64,depth_64,3000000,1,D_sorted_frontier,0,212558400,2693500,13089200,127730100,0,40500,66327000,96001024,8,64
i64,depth_64,3000000,1,D_append_frontier,0,235655200,2609600,12619500,141425100,0,29400,75899200,96001024,8,64
i64,depth_64,3000000,1,D_sorted_append_frontier,0,217663900,3448900,15689500,128497700,0,38000,67303200,96001024,8,64
i64,depth_64,3000000,1,A_sorted_fenwick,1,1137499800,3095300,13271900,128203500,712320200,0,276030100,120000008,4,64
i64,depth_64,3000000,1,B_indirect_fenwick,1,1450655900,3325100,3655500,339258300,694564900,0,406942100,72000008,4,64
i64,depth_64,3000000,1,C_packed_segment,1,1329208200,2702500,13010600,155424100,619741600,0,532059200,144000000,4,64
i64,depth_64,3000000,1,D_frontier,1,220807700,2785400,13370100,134413900,0,44700,67461500,96001024,8,64
i64,depth_64,3000000,1,D_sorted_frontier,1,214217300,2720100,13161300,128301500,0,34900,67305200,96001024,8,64
i64,depth_64,3000000,1,D_append_frontier,1,218668400,3015600,14243400,131584600,0,40200,67140300,96001024,8,64
i64,depth_64,3000000,1,D_sorted_append_frontier,1,219345500,2833400,12738800,133864500,0,24700,67174400,96001024,8,64
i64,depth_64,3000000,1,A_packed_fenwick,1,1081588300,2596400,12775600,127580000,643648900,0,290365800,120000008,4,64
i64,depth_64,3000000,1,B_indirect_fenwick,2,1486860500,2728600,3339900,342553100,727558400,0,407794200,72000008,4,64
i64,depth_64,3000000,1,C_packed_segment,2,1362843500,2725700,13802500,132189800,653150200,0,554466200,144000000,4,64
i64,depth_64,3000000,1,D_frontier,2,214810500,2826400,13637600,129375400,0,43200,66195100,96001024,8,64
i64,depth_64,3000000,1,D_sorted_frontier,2,213532800,2601300,13350500,128135500,0,34800,66315300,96001024,8,64
i64,depth_64,3000000,1,D_append_frontier,2,214471900,3040400,14124600,127347000,0,39700,67227100,96001024,8,64
i64,depth_64,3000000,1,D_sorted_append_frontier,2,213725200,2730600,12713000,128534500,0,43000,67043100,96001024,8,64
i64,depth_64,3000000,1,A_packed_fenwick,2,1113775300,2704300,13258800,129604000,648662100,0,314725400,120000008,4,64
i64,depth_64,3000000,1,A_sorted_fenwick,2,1106177800,3449100,14700200,130124200,637444500,0,315871900,120000008,4,64
i64,depth_64,3000000,1,C_packed_segment,3,1332341600,2776100,13971500,128504700,655515100,0,525260800,144000000,4,64
i64,depth_64,3000000,1,D_frontier,3,217267100,2732700,13777700,131644600,0,39600,66226200,96001024,8,64
i64,depth_64,3000000,1,D_sorted_frontier,3,212178000,2593600,12806500,127986300,0,40000,66092900,96001024,8,64
i64,depth_64,3000000,1,D_append_frontier,3,224572800,3076800,14261800,137141400,0,37800,67396700,96001024,8,64
i64,depth_64,3000000,1,D_sorted_append_frontier,3,213171400,2561200,12740900,127518700,0,38200,67654400,96001024,8,64
i64,depth_64,3000000,1,A_packed_fenwick,3,1112687500,2809800,13211400,127427500,675708500,0,288790800,120000008,4,64
i64,depth_64,3000000,1,A_sorted_fenwick,3,1088579500,2735500,14388900,128131000,663454400,0,275329900,120000008,4,64
i64,depth_64,3000000,1,B_indirect_fenwick,3,1415290700,2754400,3350100,349440700,642818300,0,414044200,72000008,4,64
i64,depth_64,3000000,1,D_frontier,4,218069300,2929200,13317800,127950000,0,40300,71165600,96001024,8,64
i64,depth_64,3000000,1,D_sorted_frontier,4,212582500,2838100,12652200,128216000,0,40400,66033200,96001024,8,64
i64,depth_64,3000000,1,D_append_frontier,4,214474200,2747000,12777100,129204000,0,43100,67020700,96001024,8,64
i64,depth_64,3000000,1,D_sorted_append_frontier,4,216525200,2722100,12853200,128597200,0,39200,69599800,96001024,8,64
i64,depth_64,3000000,1,A_packed_fenwick,4,1112293100,2746200,12799900,154095300,626214400,0,311001200,120000008,4,64
i64,depth_64,3000000,1,A_sorted_fenwick,4,1076679300,3231300,14735500,129365900,633462100,0,291317000,120000008,4,64
i64,depth_64,3000000,1,B_indirect_fenwick,4,1431091300,2766300,3377200,336370300,652469100,0,433242100,72000008,4,64
i64,depth_64,3000000,1,C_packed_segment,4,1313035800,2707300,13119500,127956400,649016600,0,513999700,144000000,4,64
i64,sorted,1000,1,A_packed_fenwick,0,41900,600,900,1300,20100,0,18600,40000,4,34
i64,sorted,1000,1,A_sorted_fenwick,0,39200,500,800,2100,19600,0,15700,40000,4,34
i64,sorted,1000,1,B_indirect_fenwick,0,43800,600,200,2600,21100,0,19100,24000,4,34
i64,sorted,1000,1,C_packed_segment,0,68200,700,900,1300,18500,0,46200,46528,4,34
i64,sorted,1000,1,D_frontier,0,17500,500,900,1500,0,200,14100,32512,7,34
i64,sorted,1000,1,D_sorted_frontier,0,17400,500,900,1700,0,100,13800,32512,7,34
i64,sorted,1000,1,D_append_frontier,0,17000,500,800,1300,0,100,14000,32512,7,34
i64,sorted,1000,1,D_sorted_append_frontier,0,16600,500,800,1200,0,200,13600,32512,7,34
i64,sorted,1000,1,A_sorted_fenwick,1,40100,500,800,1900,18900,0,17400,40000,4,34
i64,sorted,1000,1,B_indirect_fenwick,1,40800,500,200,2300,18600,0,18800,24000,4,34
i64,sorted,1000,1,C_packed_segment,1,67100,600,900,1300,18300,0,45600,46528,4,34
i64,sorted,1000,1,D_frontier,1,17400,500,900,1400,0,100,14100,32512,7,34
i64,sorted,1000,1,D_sorted_frontier,1,17200,500,800,1600,0,100,13700,32512,7,34
i64,sorted,1000,1,D_append_frontier,1,17000,500,900,1200,0,100,13900,32512,7,34
i64,sorted,1000,1,D_sorted_append_frontier,1,16500,500,900,1200,0,100,13400,32512,7,34
i64,sorted,1000,1,A_packed_fenwick,1,136700,500,900,1200,18900,0,17900,40000,4,34
i64,sorted,1000,1,B_indirect_fenwick,2,49700,500,300,2300,27300,0,19000,24000,4,34
i64,sorted,1000,1,C_packed_segment,2,101600,500,9000,1300,27000,0,63200,46528,4,34
i64,sorted,1000,1,D_frontier,2,20400,500,1300,1500,0,300,16200,32512,7,34
i64,sorted,1000,1,D_sorted_frontier,2,18200,600,1100,1800,0,200,13900,32512,7,34
i64,sorted,1000,1,D_append_frontier,2,19700,500,1100,1400,0,200,16200,32512,7,34
i64,sorted,1000,1,D_sorted_append_frontier,2,17000,600,1100,1100,0,100,13500,32512,7,34
i64,sorted,1000,1,A_packed_fenwick,2,53100,600,3500,1600,24700,0,22300,40000,4,34
i64,sorted,1000,1,A_sorted_fenwick,2,41100,500,900,1600,22600,0,14900,40000,4,34
i64,sorted,1000,1,C_packed_segment,3,79000,700,1100,1400,26700,0,48600,46528,4,34
i64,sorted,1000,1,D_frontier,3,20000,600,1100,1500,0,100,16100,32512,7,34
i64,sorted,1000,1,D_sorted_frontier,3,20000,600,1100,1700,0,100,16000,32512,7,34
i64,sorted,1000,1,D_append_frontier,3,17200,700,900,1300,0,100,13900,32512,7,34
i64,sorted,1000,1,D_sorted_append_frontier,3,16500,500,800,1100,0,100,13500,32512,7,34
i64,sorted,1000,1,A_packed_fenwick,3,38400,500,900,1200,19100,0,16300,40000,4,34
i64,sorted,1000,1,A_sorted_fenwick,3,34600,500,800,1600,18400,0,12700,40000,4,34
i64,sorted,1000,1,B_indirect_fenwick,3,46700,500,200,2400,18200,0,24800,24000,4,34
i64,sorted,1000,1,D_frontier,4,17000,600,900,1200,0,200,14000,32512,7,34
i64,sorted,1000,1,D_sorted_frontier,4,17100,600,900,1400,0,200,13800,32512,7,34
i64,sorted,1000,1,D_append_frontier,4,16800,500,900,1200,0,100,13700,32512,7,34
i64,sorted,1000,1,D_sorted_append_frontier,4,16600,500,800,1100,0,200,13700,32512,7,34
i64,sorted,1000,1,A_packed_fenwick,4,35400,500,800,1100,18600,0,13900,40000,4,34
i64,sorted,1000,1,A_sorted_fenwick,4,33300,500,800,1600,18300,0,11700,40000,4,34
i64,sorted,1000,1,B_indirect_fenwick,4,38100,600,200,2400,18200,0,16600,24000,4,34
i64,sorted,1000,1,C_packed_segment,4,66700,500,900,1300,18200,0,45300,46528,4,34
i64,sorted,10000,1,A_packed_fenwick,0,610900,4900,7800,29700,320700,0,247100,400000,4,108
i64,sorted,10000,1,A_sorted_fenwick,0,566100,4900,7700,29500,284800,0,238600,400000,4,108
i64,sorted,10000,1,B_indirect_fenwick,0,574500,4900,1500,38800,284700,0,244000,240000,4,108
i64,sorted,10000,1,C_packed_segment,0,978800,5000,7800,30000,291800,0,642800,400000,4,108
i64,sorted,10000,1,D_frontier,0,241400,6000,12100,33900,0,1600,187100,321024,8,108
i64,sorted,10000,1,D_sorted_frontier,0,220500,5000,7700,31900,0,1000,174300,321024,8,108
i64,sorted,10000,1,D_append_frontier,0,218200,5000,7700,29800,0,1000,174300,321024,8,108
i64,sorted,10000,1,D_sorted_append_frontier,0,218800,4900,7700,31900,0,1000,172800,321024,8,108
i64,sorted,10000,1,A_sorted_fenwick,1,585600,5000,7700,30000,299700,0,242400,400000,4,108
i64,sorted,10000,1,B_indirect_fenwick,1,576800,4900,1500,38500,285100,0,246300,240000,4,108
i64,sorted,10000,1,C_packed_segment,1,952000,4900,7700,30000,290100,0,618600,400000,4,108
i64,sorted,10000,1,D_frontier,1,215600,4900,7600,29600,0,1000,171900,321024,8,108
i64,sorted,10000,1,D_sorted_frontier,1,221300,5000,7700,31500,0,1000,175800,321024,8,108
i64,sorted,10000,1,D_append_frontier,1,215400,4900,7700,29200,0,1000,172200,321024,8,108
i64,sorted,10000,1,D_sorted_append_frontier,1,217600,5000,7700,31200,0,1000,172400,321024,8,108
i64,sorted,10000,1,A_packed_fenwick,1,573500,4900,7500,28900,295000,0,236600,400000,4,108
i64,sorted,10000,1,B_indirect_fenwick,2,588000,5000,1400,38300,298700,0,244200,240000,4,108
i64,sorted,10000,1,C_packed_segment,2,967400,7400,7600,29900,290900,0,630800,400000,4,108
i64,sorted,10000,1,D_frontier,2,216300,4900,7800,29600,0,1200,172300,321024,8,108
i64,sorted,10000,1,D_sorted_frontier,2,219000,4900,7700,31900,0,1000,173100,321024,8,108
i64,sorted,10000,1,D_append_frontier,2,215400,4900,7700,29300,0,1000,172300,321024,8,108
i64,sorted,10000,1,D_sorted_append_frontier,2,289700,4900,57100,31900,0,22400,172700,321024,8,108
i64,sorted,10000,1,A_packed_fenwick,2,620400,4900,7700,29300,328800,0,248900,400000,4,108
i64,sorted,10000,1,A_sorted_fenwick,2,588900,5000,7800,30300,303000,0,242300,400000,4,108
i64,sorted,10000,1,C_packed_segment,3,976900,4900,7700,29800,293100,0,640600,400000,4,108
i64,sorted,10000,1,D_frontier,3,221800,5000,7800,30000,0,1100,177400,321024,8,108
i64,sorted,10000,1,D_sorted_frontier,3,219200,5000,7800,32000,0,1000,173100,321024,8,108
i64,sorted,10000,1,D_append_frontier,3,218200,4900,7700,29400,0,1000,174800,321024,8,108
i64,sorted,10000,1,D_sorted_append_frontier,3,219100,4900,7800,31500,0,1000,173600,321024,8,108
i64,sorted,10000,1,A_packed_fenwick,3,574000,5000,7700,31100,292800,0,237000,400000,4,108
i64,sorted,10000,1,A_sorted_fenwick,3,574100,4900,7700,32600,291100,0,237200,400000,4,108
i64,sorted,10000,1,B_indirect_fenwick,3,584300,5000,1500,38700,294200,0,244400,240000,4,108
i64,sorted,10000,1,D_frontier,4,215300,4900,7600,29700,0,1000,171400,321024,8,108
i64,sorted,10000,1,D_sorted_frontier,4,222500,4900,7700,31300,0,1000,177200,321024,8,108
i64,sorted,10000,1,D_append_frontier,4,217400,4900,7700,30100,0,1000,173400,321024,8,108
i64,sorted,10000,1,D_sorted_append_frontier,4,217500,4900,7700,31200,0,900,172500,321024,8,108
i64,sorted,10000,1,A_packed_fenwick,4,568100,4900,7600,29400,286600,0,239100,400000,4,108
i64,sorted,10000,1,A_sorted_fenwick,4,565900,4900,7600,31900,288300,0,232700,400000,4,108
i64,sorted,10000,1,B_indirect_fenwick,4,614100,4900,1400,38600,319300,0,249200,240000,4,108
i64,sorted,10000,1,C_packed_segment,4,962500,7300,7700,30000,293000,0,624000,400000,4,108
i64,sorted,100000,1,A_packed_fenwick,0,5475000,49200,379400,167900,2818700,0,1971200,4000000,4,405
i64,sorted,100000,1,A_sorted_fenwick,0,7026700,48700,349000,167400,3981500,0,2333400,4000000,4,405
i64,sorted,100000,1,B_indirect_fenwick,0,6719900,104800,60700,271400,4176200,0,2104800,2400000,4,405
i64,sorted,100000,1,C_packed_segment,0,9326200,51100,414600,185800,3068200,0,5500700,4000000,4,405
i64,sorted,100000,1,D_frontier,0,2694100,54500,405100,168700,0,10100,1963900,3204096,10,405
i64,sorted,100000,1,D_sorted_frontier,0,2673200,49100,398000,159500,0,9600,1961400,3204096,10,405
i64,sorted,100000,1,D_append_frontier,0,2737600,49000,401000,175300,0,10600,2017300,3204096,10,405
i64,sorted,100000,1,D_sorted_append_frontier,0,2642700,48900,353100,174500,0,10000,1958700,3204096,10,405
i64,sorted,100000,1,A_sorted_fenwick,1,5550700,49100,395300,159700,2901900,0,1956300,4000000,4,405
i64,sorted,100000,1,B_indirect_fenwick,1,5233200,49300,13700,179200,2994200,0,1996200,2400000,4,405
i64,sorted,100000,1,C_packed_segment,1,9010000,49300,402300,169200,3032800,0,5253000,4000000,4,405
i64,sorted,100000,1,D_frontier,1,2684900,50400,409600,169200,0,10100,1960500,3204096,10,405
i64,sorted,100000,1,D_sorted_frontier,1,2626300,49400,347400,160700,0,9600,1969400,3204096,10,405
i64,sorted,100000,1,D_append_frontier,1,2690100,49100,396100,167600,0,9400,1976900,3204096,10,405
i64,sorted,100000,1,D_sorted_append_frontier,1,2632100,49000,352600,174900,0,9800,1957700,3204096,10,405
i64,sorted,100000,1,A_packed_fenwick,1,5449400,49000,384100,167600,2803900,0,1955700,4000000,4,405
i64,sorted,100000,1,B_indirect_fenwick,2,5300200,52500,13800,187100,3024400,0,2021400,2400000,4,405
i64,sorted,100000,1,C_packed_segment,2,8979600,50200,396100,170200,2972400,0,5250900,4000000,4,405
i64,sorted,100000,1,D_frontier,2,2757600,87500,416400,178800,0,10600,1965300,3204096,10,405
i64,sorted,100000,1,D_sorted_frontier,2,2638700,49200,360800,160600,0,9700,1964600,3204096,10,405
i64,sorted,100000,1,D_append_frontier,2,2715700,49100,452400,168000,0,9600,1949700,3204096,10,405
i64,sorted,100000,1,D_sorted_append_frontier,2,2618700,49000,344400,168800,0,10200,1951300,3204096,10,405
i64,sorted,100000,1,A_packed_fenwick,2,5526700,49100,400800,167800,2857400,0,1957200,4000000,4,405
i64,sorted,100000,1,A_sorted_fenwick,2,5782000,49100,382900,161200,3084500,0,2006700,4000000,4,405
i64,sorted,100000,1,C_packed_segment,3,8719300,49800,396200,167600,2774100,0,5244900,4000000,4,405
i64,sorted,100000,1,D_frontier,3,2649600,49000,350300,175500,0,11800,1960600,3204096,10,405
i64,sorted,100000,1,D_sorted_frontier,3,2676300,56500,387900,160900,0,9900,1977600,3204096,10,405
i64,sorted,100000,1,D_append_frontier,3,2590100,48400,350800,165900,0,9400,1926600,3204096,10,405
i64,sorted,100000,1,D_sorted_append_frontier,3,2645700,48500,385900,175800,0,10200,1932700,3204096,10,405
i64,sorted,100000,1,A_packed_fenwick,3,5531900,48400,352200,165600,2933800,0,1939900,4000000,4,405
i64,sorted,100000,1,A_sorted_fenwick,3,5544800,48700,398300,166000,2911400,0,1933200,4000000,4,405
i64,sorted,100000,1,B_indirect_fenwick,3,5151900,48800,13300,178400,2937400,0,1973300,2400000,4,405
i64,sorted,100000,1,D_frontier,4,2614900,48800,355000,168100,0,10700,1939000,3204096,10,405
i64,sorted,100000,1,D_sorted_frontier,4,2646000,48700,385600,158500,0,9500,1961000,3204096,10,405
i64,sorted,100000,1,D_append_frontier,4,2666300,48700,352600,172100,0,9500,1987100,3204096,10,405
i64,sorted,100000,1,D_sorted_append_frontier,4,2643500,49300,386800,158900,0,10200,1949700,3204096,10,405
i64,sorted,100000,1,A_packed_fenwick,4,5589400,48700,345200,167000,2960600,0,1972400,4000000,4,405
i64,sorted,100000,1,A_sorted_fenwick,4,5424100,49500,386600,159600,2806400,0,1938100,4000000,4,405
i64,sorted,100000,1,B_indirect_fenwick,4,5158500,53000,13600,178900,2948800,0,1963400,2400000,4,405
i64,sorted,100000,1,C_packed_segment,4,8797000,49200,359800,169200,2933300,0,5179700,4000000,4,405
i64,sorted,1000000,1,A_packed_fenwick,0,49206700,847700,4110700,3621600,26970100,0,12714400,40000000,4,1219
i64,sorted,1000000,1,A_sorted_fenwick,0,50179700,980300,4085400,3731100,27742500,0,12692500,40000000,4,1219
i64,sorted,1000000,1,B_indirect_fenwick,0,44566500,976900,1072300,1710800,26736700,0,13712100,24000000,4,1219
i64,sorted,1000000,1,C_packed_segment,0,68217200,954100,4263700,3664300,27979400,0,30393200,40000000,4,1219
i64,sorted,1000000,1,D_frontier,0,21178500,978800,4147100,3631500,0,39200,11434900,32016384,12,1219
i64,sorted,1000000,1,D_sorted_frontier,0,22617300,967600,5406300,3777500,0,38900,11455200,32016384,12,1219
i64,sorted,1000000,1,D_append_frontier,0,22350200,996200,4919400,3660700,0,37600,11719200,32016384,12,1219
i64,sorted,1000000,1,D_sorted_append_frontier,0,21681600,1456500,4127900,3723900,0,33500,11395000,32016384,12,1219
i64,sorted,1000000,1,A_sorted_fenwick,1,49202800,973800,4099600,3703100,26693700,0,12785400,40000000,4,1219
i64,sorted,1000000,1,B_indirect_fenwick,1,54219800,1152500,1415300,2605400,35102100,0,13539900,24000000,4,1219
i64,sorted,1000000,1,C_packed_segment,1,67672100,961300,4057500,3636100,27633000,0,30422600,40000000,4,1219
i64,sorted,1000000,1,D_frontier,1,21288200,992700,4169500,3640300,0,28500,11511400,32016384,12,1219
i64,sorted,1000000,1,D_sorted_frontier,1,21100700,855600,4196000,3647900,0,32400,11432700,32016384,12,1219
i64,sorted,1000000,1,D_append_frontier,1,21143000,950400,4128100,3632700,0,32200,11463900,32016384,12,1219
i64,sorted,1000000,1,D_sorted_append_frontier,1,21178500,863500,4121000,3660700,0,31100,11549100,32016384,12,1219
i64,sorted,1000000,1,A_packed_fenwick,1,49285400,983200,4166700,3641700,26688800,0,12851800,40000000,4,1219
i64,sorted,1000000,1,B_indirect_fenwick,2,44465600,984900,1063500,1736700,26770500,0,13551100,24000000,4,1219
i64,sorted,1000000,1,C_packed_segment,2,66832700,968100,4087000,3660200,26704000,0,30481300,40000000,4,1219
i64,sorted,1000000,1,D_frontier,2,21471100,969800,4194900,3836700,0,35800,11495100,32016384,12,1219
i64,sorted,1000000,1,D_sorted_frontier,2,21940900,1139400,4727000,3670400,0,37700,11415600,32016384,12,1219
i64,sorted,1000000,1,D_append_frontier,2,21315800,954400,4251300,3663500,0,37400,11482300,32016384,12,1219
i64,sorted,1000000,1,D_sorted_append_frontier,2,21312100,986800,4221600,3643900,0,36600,11487200,32016384,12,1219
i64,sorted,1000000,1,A_packed_fenwick,2,49095900,1001500,4165400,3609000,26602300,0,12770000,40000000,4,1219
i64,sorted,1000000,1,A_sorted_fenwick,2,49049800,977800,4104400,3692500,26575900,0,12765400,40000000,4,1219
i64,sorted,1000000,1,C_packed_segment,3,66578100,774000,4115800,3726100,26511500,0,30506200,40000000,4,1219
i64,sorted,1000000,1,D_frontier,3,21027400,995000,4085000,3614700,0,29600,11366700,32016384,12,1219
i64,sorted,1000000,1,D_sorted_frontier,3,21273000,1003800,4171900,3633900,0,36000,11491200,32016384,12,1219
i64,sorted,1000000,1,D_append_frontier,3,20994700,945500,4112400,3590600,0,41200,11378100,32016384,12,1219
i64,sorted,1000000,1,D_sorted_append_frontier,3,21166900,998500,4143300,3610300,0,27900,11468400,32016384,12,1219
i64,sorted,1000000,1,A_packed_fenwick,3,48652000,930500,4075200,3604400,26427200,0,12665800,40000000,4,1219
i64,sorted,1000000,1,A_sorted_fenwick,3,48879300,804200,4267700,3797600,26399200,0,12665300,40000000,4,1219
i64,sorted,1000000,1,B_indirect_fenwick,3,44101300,974600,1120600,1704300,26451600,0,13479500,24000000,4,1219
i64,sorted,1000000,1,D_frontier,4,21173800,949600,4179500,3644000,0,35100,11403300,32016384,12,1219
i64,sorted,1000000,1,D_sorted_frontier,4,21252900,982400,4137700,3621700,0,36500,11535300,32016384,12,1219
i64,sorted,1000000,1,D_append_frontier,4,21159200,857700,4159000,3747300,0,39100,11409600,32016384,12,1219
i64,sorted,1000000,1,D_sorted_append_frontier,4,21071800,1006000,4092200,3696200,0,32300,11314700,32016384,12,1219
i64,sorted,1000000,1,A_packed_fenwick,4,50483800,1086100,4093500,3625500,27337800,0,13391600,40000000,4,1219
i64,sorted,1000000,1,A_sorted_fenwick,4,50812100,968900,4319700,3681700,26573500,0,14259000,40000000,4,1219
i64,sorted,1000000,1,B_indirect_fenwick,4,50983600,979700,1130300,2571000,32620300,0,13319700,24000000,4,1219
i64,sorted,1000000,1,C_packed_segment,4,66464400,934300,4101500,3634200,26736400,0,30121600,40000000,4,1219
i64,sorted,3000000,1,A_packed_fenwick,0,133750200,3084300,13658200,7501800,86623600,0,20203700,120000000,4,1348
i64,sorted,3000000,1,A_sorted_fenwick,0,125629000,2802100,12778700,7302700,80255000,0,19845300,120000000,4,1348
i64,sorted,3000000,1,B_indirect_fenwick,0,113484400,2883800,3166700,5236500,80179900,0,20904800,72000000,4,1348
i64,sorted,3000000,1,C_packed_segment,0,144593700,2813100,12948000,7032100,79915800,0,39257300,120000000,4,1348
i64,sorted,3000000,1,D_frontier,0,41574500,2811300,12740900,7076800,0,42900,16259900,96016384,12,1348
i64,sorted,3000000,1,D_sorted_frontier,0,41643900,2813700,12668600,7401200,0,42200,16076100,96016384,12,1348
i64,sorted,3000000,1,D_append_frontier,0,41421900,2822700,12651700,6969500,0,41400,16292900,96016384,12,1348
i64,sorted,3000000,1,D_sorted_append_frontier,0,45212700,2826100,14489500,8535500,0,39800,16636000,96016384,12,1348
i64,sorted,3000000,1,A_sorted_fenwick,1,141237000,2659800,14606300,9189800,91794200,0,20252400,120000000,4,1348
i64,sorted,3000000,1,B_indirect_fenwick,1,113205300,2861500,3226700,5279400,80011800,0,20867200,72000000,4,1348
i64,sorted,3000000,1,C_packed_segment,1,145156700,2804700,12971000,7057800,80664000,0,38988800,120000000,4,1348
i64,sorted,3000000,1,D_frontier,1,41298300,2851000,12718800,7024200,0,39900,16019500,96016384,12,1348
i64,sorted,3000000,1,D_sorted_frontier,1,41521500,2809200,12685600,7323800,0,34900,16012000,96016384,12,1348
i64,sorted,3000000,1,D_append_frontier,1,41334800,2656200,12705800,6981700,0,36900,16268600,96016384,12,1348
i64,sorted,3000000,1,D_sorted_append_frontier,1,45127200,2813500,12632000,7324000,0,35800,19382100,96016384,12,1348
i64,sorted,3000000,1,A_packed_fenwick,1,145227500,3200600,14548700,7397300,94408600,0,22572800,120000000,4,1348
i64,sorted,3000000,1,B_indirect_fenwick,2,142484800,3277400,4270800,7967300,105250500,0,20782000,72000000,4,1348
i64,sorted,3000000,1,C_packed_segment,2,148908300,2803400,12736100,7075000,84059000,0,39511800,120000000,4,1348
i64,sorted,3000000,1,D_frontier,2,44016200,3173200,13108000,8490700,0,41900,16578200,96016384,12,1348
i64,sorted,3000000,1,D_sorted_frontier,2,41803100,2791300,12735200,7302800,0,41300,16210300,96016384,12,1348
i64,sorted,3000000,1,D_append_frontier,2,41629400,2818400,12654900,7013000,0,38700,16406500,96016384,12,1348
i64,sorted,3000000,1,D_sorted_append_frontier,2,41989500,2850800,12675600,7398000,0,42500,16375800,96016384,12,1348
i64,sorted,3000000,1,A_packed_fenwick,2,125947800,2866300,12723600,7015600,80395400,0,20279200,120000000,4,1348
i64,sorted,3000000,1,A_sorted_fenwick,2,126185500,2822300,12684300,7291200,80667700,0,20047800,120000000,4,1348
i64,sorted,3000000,1,C_packed_segment,3,144454200,2831100,12744200,6972200,80031900,0,39221500,120000000,4,1348
i64,sorted,3000000,1,D_frontier,3,41604400,2891900,12766100,7022100,0,59500,16206800,96016384,12,1348
i64,sorted,3000000,1,D_sorted_frontier,3,42054400,2847300,12740000,7372100,0,48800,16398400,96016384,12,1348
i64,sorted,3000000,1,D_append_frontier,3,41466500,2868000,12735300,6935300,0,39000,16191300,96016384,12,1348
i64,sorted,3000000,1,D_sorted_append_frontier,3,41790400,2784900,12756800,7294100,0,40500,16211100,96016384,12,1348
i64,sorted,3000000,1,A_packed_fenwick,3,125475900,2818100,12731300,6947700,80144000,0,20211600,120000000,4,1348
i64,sorted,3000000,1,A_sorted_fenwick,3,131095100,2861800,14843500,7749500,81511200,0,21285400,120000000,4,1348
i64,sorted,3000000,1,B_indirect_fenwick,3,112905400,2813200,3224800,5292600,80051800,0,20595800,72000000,4,1348
i64,sorted,3000000,1,D_frontier,4,41506900,2797700,12769100,6992900,0,38300,16224500,96016384,12,1348
i64,sorted,3000000,1,D_sorted_frontier,4,41900900,2803200,12664600,7349100,0,39500,16332000,96016384,12,1348
i64,sorted,3000000,1,D_append_frontier,4,42035300,3060600,12966700,7037000,0,40400,16239300,96016384,12,1348
i64,sorted,3000000,1,D_sorted_append_frontier,4,43337600,2853100,13626800,7434700,0,52700,16699000,96016384,12,1348
i64,sorted,3000000,1,A_packed_fenwick,4,126041600,2807300,12897000,6979700,80594100,0,20100000,120000000,4,1348
i64,sorted,3000000,1,A_sorted_fenwick,4,125620700,2801000,12866200,7317600,79903500,0,20009000,120000000,4,1348
i64,sorted,3000000,1,B_indirect_fenwick,4,116702100,2819400,3241900,5240500,83594400,0,20858600,72000000,4,1348
i64,sorted,3000000,1,C_packed_segment,4,152361200,2778700,13152400,8084800,85884400,0,39700900,120000000,4,1348
i64,reverse,1000,1,A_packed_fenwick,0,61900,600,1000,18200,21700,0,20000,40000,4,34
i64,reverse,1000,1,A_sorted_fenwick,0,57500,500,900,18400,20500,0,16600,40000,4,34
i64,reverse,1000,1,B_indirect_fenwick,0,68800,500,200,28200,20000,0,19500,24000,4,34
i64,reverse,1000,1,C_packed_segment,0,95900,600,1000,19200,19600,0,54900,46528,4,34
i64,reverse,1000,1,D_frontier,0,46300,500,1800,27300,0,600,15000,32512,7,34
i64,reverse,1000,1,D_sorted_frontier,0,35300,500,1200,18700,0,100,14200,32512,7,34
i64,reverse,1000,1,D_append_frontier,0,34000,500,900,17900,0,200,14300,32512,7,34
i64,reverse,1000,1,D_sorted_append_frontier,0,33400,500,900,17700,0,200,13900,32512,7,34
i64,reverse,1000,1,A_sorted_fenwick,1,60400,500,1000,17500,21400,0,19500,40000,4,34
i64,reverse,1000,1,B_indirect_fenwick,1,68400,500,300,27700,20400,0,19100,24000,4,34
i64,reverse,1000,1,C_packed_segment,1,88700,500,1000,18800,19400,0,48300,46528,4,34
i64,reverse,1000,1,D_frontier,1,35100,500,800,19200,0,100,14000,32512,7,34
i64,reverse,1000,1,D_sorted_frontier,1,33900,600,900,18100,0,100,14000,32512,7,34
i64,reverse,1000,1,D_append_frontier,1,33600,600,900,17600,0,100,14000,32512,7,34
i64,reverse,1000,1,D_sorted_append_frontier,1,42700,500,900,26900,0,200,13900,32512,7,34
i64,reverse,1000,1,A_packed_fenwick,1,57900,500,900,17300,19800,0,18900,40000,4,34
i64,reverse,1000,1,B_indirect_fenwick,2,66900,800,200,26800,19400,0,19300,24000,4,34
i64,reverse,1000,1,C_packed_segment,2,86300,500,900,18700,19100,0,46600,46528,4,34
i64,reverse,1000,1,D_frontier,2,35200,500,900,19100,0,100,14200,32512,7,34
i64,reverse,1000,1,D_sorted_frontier,2,33600,600,900,17800,0,100,13900,32512,7,34
i64,reverse,1000,1,D_append_frontier,2,33500,600,900,17600,0,100,14000,32512,7,34
i64,reverse,1000,1,D_sorted_append_frontier,2,33200,500,900,17600,0,200,13700,32512,7,34
i64,reverse,1000,1,A_packed_fenwick,2,57200,500,800,17400,19600,0,18500,40000,4,34
i64,reverse,1000,1,A_sorted_fenwick,2,53000,600,900,17800,19300,0,14100,40000,4,34
i64,reverse,1000,1,C_packed_segment,3,93700,600,900,18000,19000,0,54800,46528,4,34
i64,reverse,1000,1,D_frontier,3,35400,500,1000,19200,0,200,14300,32512,7,34
i64,reverse,1000,1,D_sorted_frontier,3,39800,500,800,23900,0,200,13900,32512,7,34
i64,reverse,1000,1,D_append_frontier,3,36500,500,900,17600,0,200,17000,32512,7,34
i64,reverse,1000,1,D_sorted_append_frontier,3,34000,500,1100,18000,0,200,13800,32512,7,34
i64,reverse,1000,1,A_packed_fenwick,3,68300,600,900,23500,21300,0,21500,40000,4,34
i64,reverse,1000,1,A_sorted_fenwick,3,61500,600,1300,19900,25000,0,14200,40000,4,34
i64,reverse,1000,1,B_indirect_fenwick,3,79200,800,300,33200,20800,0,23800,24000,4,34
i64,reverse,1000,1,D_frontier,4,38900,500,1000,19400,0,100,17100,32512,7,34
i64,reverse,1000,1,D_sorted_frontier,4,38200,500,1100,19100,0,100,16900,32512,7,34
i64,reverse,1000,1,D_append_frontier,4,35700,600,1300,19300,0,100,13900,32512,7,34
i64,reverse,1000,1,D_sorted_append_frontier,4,33300,500,900,17500,0,200,13900,32512,7,34
i64,reverse,1000,1,A_packed_fenwick,4,54100,600,900,17300,19500,0,15400,40000,4,34
i64,reverse,1000,1,A_sorted_fenwick,4,51600,500,800,17600,19200,0,13000,40000,4,34
i64,reverse,1000,1,B_indirect_fenwick,4,67900,500,200,26900,19000,0,20800,24000,4,34
i64,reverse,1000,1,C_packed_segment,4,107000,500,900,21400,23700,0,59700,46528,4,34
i64,reverse,10000,1,A_packed_fenwick,0,890200,5000,7800,303000,322400,0,250600,400000,4,108
i64,reverse,10000,1,A_sorted_fenwick,0,901200,5000,8100,310900,340800,0,235800,400000,4,108
i64,reverse,10000,1,B_indirect_fenwick,0,944700,5000,1500,399600,300200,0,237600,240000,4,108
i64,reverse,10000,1,C_packed_segment,0,1246200,5000,7900,304100,292600,0,636000,400000,4,108
i64,reverse,10000,1,D_frontier,0,492300,4900,7900,302700,0,1100,175100,321024,8,108
i64,reverse,10000,1,D_sorted_frontier,0,490900,5000,7800,302400,0,1000,174300,321024,8,108
i64,reverse,10000,1,D_append_frontier,0,489700,4900,7700,301100,0,1000,174400,321024,8,108
i64,reverse,10000,1,D_sorted_append_frontier,0,493300,4900,7800,300900,0,1100,178100,321024,8,108
i64,reverse,10000,1,A_sorted_fenwick,1,854800,5000,7800,300700,295100,0,245100,400000,4,108
i64,reverse,10000,1,B_indirect_fenwick,1,1205100,5000,1900,507500,407300,0,282400,240000,4,108
i64,reverse,10000,1,C_packed_segment,1,1623500,7400,10500,398700,413400,0,792600,400000,4,108
i64,reverse,10000,1,D_frontier,1,620700,5900,10000,411200,0,1900,191000,321024,8,108
i64,reverse,10000,1,D_sorted_frontier,1,596400,5600,10400,395600,0,1600,182700,321024,8,108
i64,reverse,10000,1,D_append_frontier,1,596600,5900,10400,397900,0,1500,180400,321024,8,108
i64,reverse,10000,1,D_sorted_append_frontier,1,616100,5100,10100,411800,0,2100,186100,321024,8,108
i64,reverse,10000,1,A_packed_fenwick,1,1100900,5800,10000,396300,414300,0,273500,400000,4,108
i64,reverse,10000,1,B_indirect_fenwick,2,1231500,7700,2100,521200,411200,0,288100,240000,4,108
i64,reverse,10000,1,C_packed_segment,2,1660300,8700,11300,406600,413900,0,818400,400000,4,108
i64,reverse,10000,1,D_frontier,2,634700,5800,11200,417700,0,2500,196500,321024,8,108
i64,reverse,10000,1,D_sorted_frontier,2,621000,5700,11200,415800,0,2000,185200,321024,8,108
i64,reverse,10000,1,D_append_frontier,2,685300,5300,73700,391300,0,29400,184000,321024,8,108
i64,reverse,10000,1,D_sorted_append_frontier,2,579000,5400,10400,378400,0,2300,181000,321024,8,108
i64,reverse,10000,1,A_packed_fenwick,2,1176000,5900,11100,411800,439100,0,306300,400000,4,108
i64,reverse,10000,1,A_sorted_fenwick,2,1032100,6000,10600,418800,346600,0,249200,400000,4,108
i64,reverse,10000,1,C_packed_segment,3,1380500,6500,8000,303300,355100,0,706300,400000,4,108
i64,reverse,10000,1,D_frontier,3,520700,5000,8200,325900,0,1600,178700,321024,8,108
i64,reverse,10000,1,D_sorted_frontier,3,552500,6000,11100,357900,0,1900,174800,321024,8,108
i64,reverse,10000,1,D_append_frontier,3,496600,5000,7800,298600,0,1100,183500,321024,8,108
i64,reverse,10000,1,D_sorted_append_frontier,3,496900,4900,7800,306600,0,1100,176100,321024,8,108
i64,reverse,10000,1,A_packed_fenwick,3,851000,5000,7900,299100,298700,0,239600,400000,4,108
i64,reverse,10000,1,A_sorted_fenwick,3,931100,5000,7800,300500,360800,0,255500,400000,4,108
i64,reverse,10000,1,B_indirect_fenwick,3,1151600,7500,2200,440200,416400,0,283800,240000,4,108
i64,reverse,10000,1,D_frontier,4,638500,5700,11100,432200,0,1900,186600,321024,8,108
i64,reverse,10000,1,D_sorted_frontier,4,621100,5800,10200,428000,0,1500,175000,321024,8,108
i64,reverse,10000,1,D_append_frontier,4,622000,7000,10800,425500,0,1900,175800,321024,8,108
i64,reverse,10000,1,D_sorted_append_frontier,4,617100,6900,10800,422600,0,1400,174900,321024,8,108
i64,reverse,10000,1,A_packed_fenwick,4,1144800,7100,10800,435700,406200,0,283900,400000,4,108
i64,reverse,10000,1,A_sorted_fenwick,4,1191200,7000,10800,425100,462100,0,285300,400000,4,108
i64,reverse,10000,1,B_indirect_fenwick,4,1245800,9800,2000,537300,406700,0,289100,240000,4,108
i64,reverse,10000,1,C_packed_segment,4,1671000,9900,10800,435200,417300,0,796900,400000,4,108
i64,reverse,100000,1,A_packed_fenwick,0,9133100,49600,362500,3728600,2915900,0,1977800,4000000,4,405
i64,reverse,100000,1,A_sorted_fenwick,0,9207800,54500,400800,3645300,3041800,0,1970000,4000000,4,405
i64,reverse,100000,1,B_indirect_fenwick,0,9684800,49800,13700,4313100,3337300,0,1969900,2400000,4,405
i64,reverse,100000,1,C_packed_segment,0,12801200,54700,369600,3692300,3093800,0,5480300,4000000,4,405
i64,reverse,100000,1,D_frontier,0,6198500,49800,429900,3626700,0,10600,1990800,3204096,10,405
i64,reverse,100000,1,D_sorted_frontier,0,6081800,54100,356600,3606700,0,10700,1950300,3204096,10,405
i64,reverse,100000,1,D_append_frontier,0,6112300,49300,396900,3597500,0,9800,1970900,3204096,10,405
i64,reverse,100000,1,D_sorted_append_frontier,0,6117200,49400,352700,3626000,0,10200,1976500,3204096,10,405
i64,reverse,100000,1,A_sorted_fenwick,1,9054200,57200,402200,3652800,2853100,0,1995700,4000000,4,405
i64,reverse,100000,1,B_indirect_fenwick,1,9421800,49600,13900,4326700,3038900,0,1992000,2400000,4,405
i64,reverse,100000,1,C_packed_segment,1,12620600,52300,367800,3696600,3055300,0,5346100,4000000,4,405
i64,reverse,100000,1,D_frontier,1,6145800,50000,405200,3616100,0,10500,1972100,3204096,10,405
i64,reverse,100000,1,D_sorted_frontier,1,6114300,49500,361000,3630700,0,10200,1965600,3204096,10,405
i64,reverse,100000,1,D_append_frontier,1,6134100,49400,391100,3614600,0,10300,1981800,3204096,10,405
i64,reverse,100000,1,D_sorted_append_frontier,1,6160300,49700,350800,3652900,0,10900,1993500,3204096,10,405
i64,reverse,100000,1,A_packed_fenwick,1,9028800,49500,391500,3597000,2921900,0,1978600,4000000,4,405
i64,reverse,100000,1,B_indirect_fenwick,2,9394300,49500,14000,4271800,3042000,0,2016200,2400000,4,405
i64,reverse,100000,1,C_packed_segment,2,12548200,51300,364000,3636400,3086800,0,5309100,4000000,4,405
i64,reverse,100000,1,D_frontier,2,6188900,50500,397300,3659500,0,10700,1980900,3204096,10,405
i64,reverse,100000,1,D_sorted_frontier,2,6120800,49700,364300,3635000,0,10600,1960600,3204096,10,405
i64,reverse,100000,1,D_append_frontier,2,6166100,49400,393900,3635400,0,9700,1986100,3204096,10,405
i64,reverse,100000,1,D_sorted_append_frontier,2,6237100,49700,353900,3620600,0,127400,1985900,3204096,10,405
i64,reverse,100000,1,A_packed_fenwick,2,9159600,51100,400200,3629600,3026500,0,1962900,4000000,4,405
i64,reverse,100000,1,A_sorted_fenwick,2,9027300,49300,353600,3634800,2930300,0,1961400,4000000,4,405
i64,reverse,100000,1,C_packed_segment,3,12391400,49600,439700,3622600,2834800,0,5348000,4000000,4,405
i64,reverse,100000,1,D_frontier,3,6108700,49400,384400,3598000,0,12400,1965200,3204096,10,405
i64,reverse,100000,1,D_sorted_frontier,3,6121700,49400,394700,3595000,0,9900,1982600,3204096,10,405
i64,reverse,100000,1,D_append_frontier,3,6128600,54600,350700,3619300,0,12900,2001800,3204096,10,405
i64,reverse,100000,1,D_sorted_append_frontier,3,6086200,51100,370700,3587400,0,10000,1965800,3204096,10,405
i64,reverse,100000,1,A_packed_fenwick,3,9050500,49400,391800,3592300,2892200,0,2036300,4000000,4,405
i64,reverse,100000,1,A_sorted_fenwick,3,8907500,49300,353200,3590500,2824400,0,1993400,4000000,4,405
i64,reverse,100000,1,B_indirect_fenwick,3,9405200,49500,14200,4251800,3068300,0,2020600,2400000,4,405
i64,reverse,100000,1,D_frontier,4,6151900,49500,365700,3656300,0,11300,1975300,3204096,10,405
i64,reverse,100000,1,D_sorted_frontier,4,6144700,49700,365500,3604100,0,12100,2014200,3204096,10,405
i64,reverse,100000,1,D_append_frontier,4,6122200,50000,389200,3613700,0,10500,1969700,3204096,10,405
i64,reverse,100000,1,D_sorted_append_frontier,4,6056000,49400,355500,3572900,0,9900,1974300,3204096,10,405
i64,reverse,100000,1,A_packed_fenwick,4,9241600,49600,412000,3673500,3047700,0,1969300,4000000,4,405
i64,reverse,100000,1,A_sorted_fenwick,4,8934400,49800,353900,3596500,2818300,0,2016200,4000000,4,405
i64,reverse,100000,1,B_indirect_fenwick,4,9318600,49700,14500,4242500,3020500,0,1990800,2400000,4,405
i64,reverse,100000,1,C_packed_segment,4,12475600,48800,357000,3632600,3102000,0,5249900,4000000,4,405
i64,reverse,1000000,1,A_packed_fenwick,0,93777100,945000,4538100,46915100,27501200,0,12943200,40000000,4,1219
i64,reverse,1000000,1,A_sorted_fenwick,0,97068000,1003500,4240000,50686400,27411500,0,12771600,40000000,4,1219
i64,reverse,1000000,1,B_indirect_fenwick,0,89884200,940800,1059400,47112500,26616400,0,13787500,24000000,4,1219
i64,reverse,1000000,1,C_packed_segment,0,109631100,973000,4127500,45097800,27420400,0,31074400,40000000,4,1219
i64,reverse,1000000,1,D_frontier,0,64494000,1030300,4186000,45655300,0,40000,12618000,32016384,12,1219
i64,reverse,1000000,1,D_sorted_frontier,0,66163200,1039700,4163000,46997100,0,34800,12975500,32016384,12,1219
i64,reverse,1000000,1,D_append_frontier,0,66192200,936300,4096100,47662300,0,39600,12490100,32016384,12,1219
i64,reverse,1000000,1,D_sorted_append_frontier,0,65131900,1007600,4258200,45435500,0,30700,13296600,32016384,12,1219
i64,reverse,1000000,1,A_sorted_fenwick,1,103941000,1039000,5220700,51942000,30903300,0,13878900,40000000,4,1219
i64,reverse,1000000,1,B_indirect_fenwick,1,94544000,954200,1117600,47738400,30480500,0,13878500,24000000,4,1219
i64,reverse,1000000,1,C_packed_segment,1,110028500,1109400,4156200,46102100,27272000,0,30444300,40000000,4,1219
i64,reverse,1000000,1,D_frontier,1,64281600,1092600,4176300,45338100,0,32600,12630900,32016384,12,1219
i64,reverse,1000000,1,D_sorted_frontier,1,63912700,947600,4218400,45257100,0,38400,12494200,32016384,12,1219
i64,reverse,1000000,1,D_append_frontier,1,64497400,960500,4110500,45956000,0,36800,12502400,32016384,12,1219
i64,reverse,1000000,1,D_sorted_append_frontier,1,63864000,952600,4120300,45423300,0,39400,12377000,32016384,12,1219
i64,reverse,1000000,1,A_packed_fenwick,1,90942800,954500,4198600,44998800,27122600,0,12681000,40000000,4,1219
i64,reverse,1000000,1,B_indirect_fenwick,2,90009300,959800,1068400,47237000,26707600,0,13672200,24000000,4,1219
i64,reverse,1000000,1,C_packed_segment,2,108744300,925300,4067200,45635400,26850200,0,30328000,40000000,4,1219
i64,reverse,1000000,1,D_frontier,2,63972600,998000,4090600,45450200,0,38900,12436600,32016384,12,1219
i64,reverse,1000000,1,D_sorted_frontier,2,65532900,944100,4185500,46067700,0,43400,13344100,32016384,12,1219
i64,reverse,1000000,1,D_append_frontier,2,64193800,965500,4140700,45584700,0,39200,12516900,32016384,12,1219
i64,reverse,1000000,1,D_sorted_append_frontier,2,65795700,995900,5447500,45866600,0,37800,12490200,32016384,12,1219
i64,reverse,1000000,1,A_packed_fenwick,2,93792300,932400,4138300,48251000,26848600,0,12698700,40000000,4,1219
i64,reverse,1000000,1,A_sorted_fenwick,2,90818200,957000,4140100,44897300,27172000,0,12671100,40000000,4,1219
i64,reverse,1000000,1,C_packed_segment,3,109236500,994600,4393100,45316600,27329800,0,30263100,40000000,4,1219
i64,reverse,1000000,1,D_frontier,3,63736700,978400,4209900,44915500,0,40900,12648800,32016384,12,1219
i64,reverse,1000000,1,D_sorted_frontier,3,63924800,941600,4135000,45421200,0,36000,12457600,32016384,12,1219
i64,reverse,1000000,1,D_append_frontier,3,63707200,1011800,4099000,45024300,0,39400,12565600,32016384,12,1219
i64,reverse,1000000,1,D_sorted_append_frontier,3,63516600,939600,4085500,45083000,0,38100,12425700,32016384,12,1219
i64,reverse,1000000,1,A_packed_fenwick,3,91007000,945100,4181500,45123100,27048700,0,12769400,40000000,4,1219
i64,reverse,1000000,1,A_sorted_fenwick,3,90551500,914400,4147900,45001500,26933400,0,12615900,40000000,4,1219
i64,reverse,1000000,1,B_indirect_fenwick,3,89513000,1027300,1063100,46937900,26437400,0,13607900,24000000,4,1219
i64,reverse,1000000,1,D_frontier,4,67346700,928100,4112300,48770100,0,37900,12536400,32016384,12,1219
i64,reverse,1000000,1,D_sorted_frontier,4,68840800,989200,4158900,50256300,0,33500,12432500,32016384,12,1219
i64,reverse,1000000,1,D_append_frontier,4,63531800,1004900,4103100,45025100,0,32300,12409600,32016384,12,1219
i64,reverse,1000000,1,D_sorted_append_frontier,4,63846900,949000,4152000,45219700,0,39400,12473200,32016384,12,1219
i64,reverse,1000000,1,A_packed_fenwick,4,97003000,1072500,4974400,49520700,27364300,0,13104700,40000000,4,1219
i64,reverse,1000000,1,A_sorted_fenwick,4,91949000,1032300,4283400,45395200,27161200,0,13084200,40000000,4,1219
i64,reverse,1000000,1,B_indirect_fenwick,4,90523300,1020300,1228500,47338400,26699400,0,13864700,24000000,4,1219
i64,reverse,1000000,1,C_packed_segment,4,109840600,968300,4223300,45917400,27347100,0,30442400,40000000,4,1219
i64,reverse,3000000,1,A_packed_fenwick,0,291238800,2912200,13573500,163278000,88006200,0,20682000,120000000,4,1348
i64,reverse,3000000,1,A_sorted_fenwick,0,277308100,2986500,13449000,156080500,82028400,0,20082000,120000000,4,1348
i64,reverse,3000000,1,B_indirect_fenwick,0,300339500,2809300,3357200,177825400,94552300,0,20833600,72000000,4,1348
i64,reverse,3000000,1,C_packed_segment,0,309273900,2747200,12769900,161105600,88220000,0,41734300,120000000,4,1348
i64,reverse,3000000,1,D_frontier,0,206465200,2995100,13285000,166643500,0,27700,20760100,96016384,12,1348
i64,reverse,3000000,1,D_sorted_frontier,0,206902800,3079600,14149100,165434700,0,40400,21268400,96016384,12,1348
i64,reverse,3000000,1,D_append_frontier,0,250403600,3806700,17197000,199247000,0,41300,26641800,96016384,12,1348
i64,reverse,3000000,1,D_sorted_append_frontier,0,196127100,2706200,12696400,158309900,0,36500,19670700,96016384,12,1348
i64,reverse,3000000,1,A_sorted_fenwick,1,287222700,2751300,13480500,155368300,91862100,0,21036800,120000000,4,1348
i64,reverse,3000000,1,B_indirect_fenwick,1,277141300,3071000,3376100,158914900,89785600,0,21009800,72000000,4,1348
i64,reverse,3000000,1,C_packed_segment,1,354635300,2976900,14750500,204574600,88762100,0,40834400,120000000,4,1348
i64,reverse,3000000,1,D_frontier,1,193087300,2981200,12758500,154811700,0,41100,19802800,96016384,12,1348
i64,reverse,3000000,1,D_sorted_frontier,1,195251000,2636100,13138400,156643500,0,40200,20154500,96016384,12,1348
i64,reverse,3000000,1,D_append_frontier,1,199358100,2736600,13788500,160139100,0,23000,19930300,96016384,12,1348
i64,reverse,3000000,1,D_sorted_append_frontier,1,205572900,2649800,13552700,167090200,0,39900,19528100,96016384,12,1348
i64,reverse,3000000,1,A_packed_fenwick,1,278887800,2789800,13317500,158078200,81153300,0,20197800,120000000,4,1348
i64,reverse,3000000,1,B_indirect_fenwick,2,264443600,2954000,3181700,154695100,81393600,0,20769900,72000000,4,1348
i64,reverse,3000000,1,C_packed_segment,2,295952800,2853300,12739500,154539300,80889100,0,42173000,120000000,4,1348
i64,reverse,3000000,1,D_frontier,2,211198000,3100700,14422000,171303600,0,41700,19674400,96016384,12,1348
i64,reverse,3000000,1,D_sorted_frontier,2,193027300,2602700,12747300,153864500,0,40000,20105800,96016384,12,1348
i64,reverse,3000000,1,D_append_frontier,2,192178500,2753600,13970300,153146600,0,33400,19578600,96016384,12,1348
i64,reverse,3000000,1,D_sorted_append_frontier,2,191586600,2557600,12624500,154112600,0,41000,19558200,96016384,12,1348
i64,reverse,3000000,1,A_packed_fenwick,2,279402300,2763900,13200800,153126500,85549200,0,21497800,120000000,4,1348
i64,reverse,3000000,1,A_sorted_fenwick,2,279153900,3184200,13950700,155775700,83439900,0,20133800,120000000,4,1348
i64,reverse,3000000,1,C_packed_segment,3,292109600,2745900,13232800,153172100,80432000,0,39849900,120000000,4,1348
i64,reverse,3000000,1,D_frontier,3,195126700,2801100,12768800,156666300,0,35800,20146200,96016384,12,1348
i64,reverse,3000000,1,D_sorted_frontier,3,194598000,2851000,12739300,156517800,0,42200,19757400,96016384,12,1348
i64,reverse,3000000,1,D_append_frontier,3,193242900,2502900,13221900,155290300,0,36300,19520800,96016384,12,1348
i64,reverse,3000000,1,D_sorted_append_frontier,3,195108600,2502100,12694600,157451300,0,41900,19672800,96016384,12,1348
i64,reverse,3000000,1,A_packed_fenwick,3,274257500,2718200,14346900,153413400,81045700,0,19966100,120000000,4,1348
i64,reverse,3000000,1,A_sorted_fenwick,3,275429900,2833100,12727700,154355300,83031400,0,19835400,120000000,4,1348
i64,reverse,3000000,1,B_indirect_fenwick,3,270184500,2893900,3191200,158474600,80883000,0,23470700,72000000,4,1348
i64,reverse,3000000,1,D_frontier,4,200976300,3173400,13767500,161704900,0,35900,19604000,96016384,12,1348
i64,reverse,3000000,1,D_sorted_frontier,4,192871500,2741300,13116400,154771800,0,37800,19537400,96016384,12,1348
i64,reverse,3000000,1,D_append_frontier,4,190507500,2537000,12880100,152774400,0,41700,19536500,96016384,12,1348
i64,reverse,3000000,1,D_sorted_append_frontier,4,216894700,2525200,12671800,179304900,0,36100,19669400,96016384,12,1348
i64,reverse,3000000,1,A_packed_fenwick,4,279768100,2523100,12718900,158835800,81129900,0,21700000,120000000,4,1348
i64,reverse,3000000,1,A_sorted_fenwick,4,304049600,2815500,12758200,157222000,108207300,0,20373300,120000000,4,1348
i64,reverse,3000000,1,B_indirect_fenwick,4,263244800,2870500,3222300,150065400,85189000,0,20767300,72000000,4,1348
i64,reverse,3000000,1,C_packed_segment,4,312952400,3238300,13928200,172734400,80997700,0,39357900,120000000,4,1348
i64,nearly,1000,1,A_packed_fenwick,0,59600,500,1000,16900,21400,0,19100,40000,4,34
i64,nearly,1000,1,A_sorted_fenwick,0,50500,600,900,13200,20300,0,15100,40000,4,34
i64,nearly,1000,1,B_indirect_fenwick,0,63600,600,300,24100,19300,0,19000,24000,4,34
i64,nearly,1000,1,C_packed_segment,0,84400,500,1000,13800,19200,0,49500,46528,4,34
i64,nearly,1000,1,D_frontier,0,30200,600,900,14300,0,200,14000,32512,7,34
i64,nearly,1000,1,D_sorted_frontier,0,29000,500,800,13300,0,200,13800,32512,7,34
i64,nearly,1000,1,D_append_frontier,0,30000,500,900,13000,0,200,15000,32512,7,34
i64,nearly,1000,1,D_sorted_append_frontier,0,37200,600,1100,18800,0,400,15200,32512,7,34
i64,nearly,1000,1,A_sorted_fenwick,1,57800,600,1600,14900,21100,0,18800,40000,4,34
i64,nearly,1000,1,B_indirect_fenwick,1,71700,500,300,27400,23400,0,19600,24000,4,34
i64,nearly,1000,1,C_packed_segment,1,84400,600,1000,13600,19300,0,49400,46528,4,34
i64,nearly,1000,1,D_frontier,1,30200,500,900,14000,0,100,14200,32512,7,34
i64,nearly,1000,1,D_sorted_frontier,1,29100,600,900,13400,0,200,13900,32512,7,34
i64,nearly,1000,1,D_append_frontier,1,28900,600,900,13000,0,200,14100,32512,7,34
i64,nearly,1000,1,D_sorted_append_frontier,1,28500,500,900,12900,0,200,13800,32512,7,34
i64,nearly,1000,1,A_packed_fenwick,1,53100,500,900,12900,19800,0,18400,40000,4,34
i64,nearly,1000,1,B_indirect_fenwick,2,62700,800,200,23100,19300,0,19000,24000,4,34
i64,nearly,1000,1,C_packed_segment,2,82500,800,900,13500,19000,0,47900,46528,4,34
i64,nearly,1000,1,D_frontier,2,29600,500,900,13900,0,100,13800,32512,7,34
i64,nearly,1000,1,D_sorted_frontier,2,29300,500,900,13300,0,100,14100,32512,7,34
i64,nearly,1000,1,D_append_frontier,2,28900,500,900,12900,0,200,14100,32512,7,34
i64,nearly,1000,1,D_sorted_append_frontier,2,28500,500,800,12900,0,100,13700,32512,7,34
i64,nearly,1000,1,A_packed_fenwick,2,52400,500,900,12900,19500,0,18200,40000,4,34
i64,nearly,1000,1,A_sorted_fenwick,2,47600,500,800,13200,19200,0,13400,40000,4,34
i64,nearly,1000,1,C_packed_segment,3,80300,500,900,13300,18700,0,46500,46528,4,34
i64,nearly,1000,1,D_frontier,3,29800,600,900,13900,0,100,14100,32512,7,34
i64,nearly,1000,1,D_sorted_frontier,3,29000,500,900,13300,0,100,13800,32512,7,34
i64,nearly,1000,1,D_append_frontier,3,28700,500,800,12900,0,200,14000,32512,7,34
i64,nearly,1000,1,D_sorted_append_frontier,3,37500,500,800,21900,0,100,13600,32512,7,34
i64,nearly,1000,1,A_packed_fenwick,3,50700,500,800,12900,19600,0,16400,40000,4,34
i64,nearly,1000,1,A_sorted_fenwick,3,46800,600,900,13100,19100,0,12900,40000,4,34
i64,nearly,1000,1,B_indirect_fenwick,3,61500,600,200,23100,18600,0,18700,24000,4,34
i64,nearly,1000,1,D_frontier,4,29400,600,900,13500,0,200,14000,32512,7,34
i64,nearly,1000,1,D_sorted_frontier,4,28800,500,900,13100,0,100,13900,32512,7,34
i64,nearly,1000,1,D_append_frontier,4,28600,600,900,12900,0,200,13900,32512,7,34
i64,nearly,1000,1,D_sorted_append_frontier,4,39600,600,900,24200,0,200,13600,32512,7,34
i64,nearly,1000,1,A_packed_fenwick,4,48700,500,800,12900,19100,0,14900,40000,4,34
i64,nearly,1000,1,A_sorted_fenwick,4,50300,500,900,13100,18900,0,16500,40000,4,34
i64,nearly,1000,1,B_indirect_fenwick,4,61100,900,400,24100,18600,0,16700,24000,4,34
i64,nearly,1000,1,C_packed_segment,4,95800,600,900,19400,20400,0,54100,46528,4,34
i64,nearly,10000,1,A_packed_fenwick,0,844100,5000,7800,242000,335300,0,252900,400000,4,108
i64,nearly,10000,1,A_sorted_fenwick,0,814200,4900,7900,245900,315300,0,239600,400000,4,108
i64,nearly,10000,1,B_indirect_fenwick,0,906600,4900,1500,350800,299900,0,249000,240000,4,108
i64,nearly,10000,1,C_packed_segment,0,1219400,4900,8000,243200,309300,0,653300,400000,4,108
i64,nearly,10000,1,D_frontier,0,435300,4900,7800,245100,0,1200,175600,321024,8,108
i64,nearly,10000,1,D_sorted_frontier,0,433200,4900,7700,243600,0,1000,175300,321024,8,108
i64,nearly,10000,1,D_append_frontier,0,431800,5000,7800,243100,0,1000,174500,321024,8,108
i64,nearly,10000,1,D_sorted_append_frontier,0,434300,5000,7700,242700,0,1000,177400,321024,8,108
i64,nearly,10000,1,A_sorted_fenwick,1,816600,5000,7800,264300,305100,0,233800,400000,4,108
i64,nearly,10000,1,B_indirect_fenwick,1,958400,5000,1500,397700,311000,0,242500,240000,4,108
i64,nearly,10000,1,C_packed_segment,1,1196100,5000,7800,251600,301600,0,629400,400000,4,108
i64,nearly,10000,1,D_frontier,1,435000,5000,7800,243600,0,1100,176300,321024,8,108
i64,nearly,10000,1,D_sorted_frontier,1,457900,5400,10400,256900,0,1600,183000,321024,8,108
i64,nearly,10000,1,D_append_frontier,1,432000,5000,7700,244300,0,1000,173600,321024,8,108
i64,nearly,10000,1,D_sorted_append_frontier,1,429200,5000,7800,241200,0,1000,173800,321024,8,108
i64,nearly,10000,1,A_packed_fenwick,1,787300,4900,7700,248400,292200,0,233500,400000,4,108
i64,nearly,10000,1,B_indirect_fenwick,2,900300,5000,1600,355000,295200,0,243000,240000,4,108
i64,nearly,10000,1,C_packed_segment,2,1191200,5000,7900,243700,306000,0,628300,400000,4,108
i64,nearly,10000,1,D_frontier,2,497900,4900,7900,248000,0,1200,175000,321024,8,108
i64,nearly,10000,1,D_sorted_frontier,2,551700,5000,55700,291400,0,25200,173400,321024,8,108
i64,nearly,10000,1,D_append_frontier,2,433400,5000,8000,242800,0,1200,176000,321024,8,108
i64,nearly,10000,1,D_sorted_append_frontier,2,430400,5000,7800,241700,0,1000,174400,321024,8,108
i64,nearly,10000,1,A_packed_fenwick,2,827000,4900,7800,242300,328000,0,243300,400000,4,108
i64,nearly,10000,1,A_sorted_fenwick,2,792100,4900,7700,242900,296700,0,238600,400000,4,108
i64,nearly,10000,1,C_packed_segment,3,1212000,5000,8200,245400,303000,0,649700,400000,4,108
i64,nearly,10000,1,D_frontier,3,433000,5000,7900,244300,0,1100,174200,321024,8,108
i64,nearly,10000,1,D_sorted_frontier,3,431000,5000,7800,242400,0,1000,174600,321024,8,108
i64,nearly,10000,1,D_append_frontier,3,429900,5000,7700,241300,0,1000,174500,321024,8,108
i64,nearly,10000,1,D_sorted_append_frontier,3,441200,5000,7800,249800,0,1300,176800,321024,8,108
i64,nearly,10000,1,A_packed_fenwick,3,791500,5000,7800,241500,299600,0,236800,400000,4,108
i64,nearly,10000,1,A_sorted_fenwick,3,797400,6000,9100,244900,298300,0,238400,400000,4,108
i64,nearly,10000,1,B_indirect_fenwick,3,925300,5000,1500,370600,306700,0,240800,240000,4,108
i64,nearly,10000,1,D_frontier,4,435900,4900,7800,245600,0,1000,175900,321024,8,108
i64,nearly,10000,1,D_sorted_frontier,4,439800,4900,7800,250600,0,1000,174900,321024,8,108
i64,nearly,10000,1,D_append_frontier,4,430900,5000,7800,241200,0,1000,175500,321024,8,108
i64,nearly,10000,1,D_sorted_append_frontier,4,430500,5000,7700,242200,0,1000,174300,321024,8,108
i64,nearly,10000,1,A_packed_fenwick,4,782300,5000,7800,241200,293600,0,234200,400000,4,108
i64,nearly,10000,1,A_sorted_fenwick,4,803900,5000,7700,247100,301300,0,242100,400000,4,108
i64,nearly,10000,1,B_indirect_fenwick,4,917600,4900,1500,363800,304800,0,241800,240000,4,108
i64,nearly,10000,1,C_packed_segment,4,1223600,5000,7900,251600,319600,0,638900,400000,4,108
i64,nearly,100000,1,A_packed_fenwick,0,8411200,49100,356500,3048600,2888200,0,1970900,4000000,4,405
i64,nearly,100000,1,A_sorted_fenwick,0,8467500,49400,406300,3042800,2914400,0,1962200,4000000,4,405
i64,nearly,100000,1,B_indirect_fenwick,0,8849900,49400,13600,3812900,2992000,0,1981100,2400000,4,405
i64,nearly,100000,1,C_packed_segment,0,12080100,49300,360600,3085000,3162300,0,5319400,4000000,4,405
i64,nearly,100000,1,D_frontier,0,5533800,52300,393300,3040200,0,9800,1950000,3204096,10,405
i64,nearly,100000,1,D_sorted_frontier,0,5589300,49100,395300,3054200,0,10900,1982000,3204096,10,405
i64,nearly,100000,1,D_append_frontier,0,5575600,49500,403800,3057800,0,10300,1965300,3204096,10,405
i64,nearly,100000,1,D_sorted_append_frontier,0,6245900,52000,365600,3647000,0,19300,2032800,3204096,10,405
i64,nearly,100000,1,A_sorted_fenwick,1,10708500,60800,444000,3958900,3829300,0,2298000,4000000,4,405
i64,nearly,100000,1,B_indirect_fenwick,1,9884400,101000,125200,3977300,3210200,0,2468500,2400000,4,405
i64,nearly,100000,1,C_packed_segment,1,12654400,80900,468100,3454400,3264900,0,5263600,4000000,4,405
i64,nearly,100000,1,D_frontier,1,5644200,57500,449800,3058900,0,11200,1974700,3204096,10,405
i64,nearly,100000,1,D_sorted_frontier,1,5570500,49600,383600,3072000,0,10500,1958100,3204096,10,405
i64,nearly,100000,1,D_append_frontier,1,5730300,49400,419500,3081600,0,13300,2050000,3204096,10,405
i64,nearly,100000,1,D_sorted_append_frontier,1,6721700,59500,500700,4022700,0,46400,1980500,3204096,10,405
i64,nearly,100000,1,A_packed_fenwick,1,8633000,69900,438800,3081200,2984400,0,1960400,4000000,4,405
i64,nearly,100000,1,B_indirect_fenwick,2,9043300,49700,14000,3841300,3088100,0,2048900,2400000,4,405
i64,nearly,100000,1,C_packed_segment,2,11996300,49900,397900,3076500,3014000,0,5347600,4000000,4,405
i64,nearly,100000,1,D_frontier,2,5815800,50800,434800,3101700,0,143900,1996200,3204096,10,405
i64,nearly,100000,1,D_sorted_frontier,2,5580200,49400,358300,3086400,0,11300,1980000,3204096,10,405
i64,nearly,100000,1,D_append_frontier,2,5726700,49700,459400,3134700,0,11700,1981100,3204096,10,405
i64,nearly,100000,1,D_sorted_append_frontier,2,5620200,49700,377500,3101100,0,11200,1982200,3204096,10,405
i64,nearly,100000,1,A_packed_fenwick,2,8691200,49800,442100,3050200,3036000,0,2024300,4000000,4,405
i64,nearly,100000,1,A_sorted_fenwick,2,8444200,49900,433000,3047200,2831000,0,1981500,4000000,4,405
i64,nearly,100000,1,C_packed_segment,3,11875100,49900,436400,3056500,2874900,0,5352600,4000000,4,405
i64,nearly,100000,1,D_frontier,3,5556500,49600,370200,3050300,0,14600,1973500,3204096,10,405
i64,nearly,100000,1,D_sorted_frontier,3,5718100,49700,498000,3088800,0,11600,1980300,3204096,10,405
i64,nearly,100000,1,D_append_frontier,3,5559200,49700,367500,3055000,0,10200,1974100,3204096,10,405
i64,nearly,100000,1,D_sorted_append_frontier,3,5588000,49500,409300,3049800,0,9900,1980500,3204096,10,405
i64,nearly,100000,1,A_packed_fenwick,3,8529300,49700,353300,3120400,2853300,0,2052800,4000000,4,405
i64,nearly,100000,1,A_sorted_fenwick,3,8522600,50600,391900,3052500,2861700,0,2068800,4000000,4,405
i64,nearly,100000,1,B_indirect_fenwick,3,9079100,50100,15400,3847900,3171200,0,1993600,2400000,4,405
i64,nearly,100000,1,D_frontier,4,5799700,52600,389000,3224700,0,15800,2006900,3204096,10,405
i64,nearly,100000,1,D_sorted_frontier,4,5574400,51100,366700,3072300,0,10500,1974300,3204096,10,405
i64,nearly,100000,1,D_append_frontier,4,5593600,49700,395400,3075100,0,10500,1974900,3204096,10,405
i64,nearly,100000,1,D_sorted_append_frontier,4,5646900,50300,381800,3104900,0,13100,1991700,3204096,10,405
i64,nearly,100000,1,A_packed_fenwick,4,8552400,50600,399900,3039800,3003000,0,1968700,4000000,4,405
i64,nearly,100000,1,A_sorted_fenwick,4,8461200,49200,354100,3066400,2937200,0,1953200,4000000,4,405
i64,nearly,100000,1,B_indirect_fenwick,4,9204800,52600,13700,3844500,3004600,0,2287900,2400000,4,405
i64,nearly,100000,1,C_packed_segment,4,14836500,52100,405300,3225600,3712600,0,7307300,4000000,4,405
i64,nearly,1000000,1,A_packed_fenwick,0,91522000,865600,4322900,43746700,28495500,0,12806200,40000000,4,1219
i64,nearly,1000000,1,A_sorted_fenwick,0,88139300,1095300,4846600,40766900,27654400,0,12810200,40000000,4,1219
i64,nearly,1000000,1,B_indirect_fenwick,0,85461500,1048300,1073500,42372700,26900500,0,13700500,24000000,4,1219
i64,nearly,1000000,1,C_packed_segment,0,107098700,1020300,4674700,40172400,27322800,0,32741200,40000000,4,1219
i64,nearly,1000000,1,D_frontier,0,59365600,1171600,4653500,40633400,0,36300,11894100,32016384,12,1219
i64,nearly,1000000,1,D_sorted_frontier,0,60562000,1071500,4497800,42228000,0,32500,11771600,32016384,12,1219
i64,nearly,1000000,1,D_append_frontier,0,57687400,983700,4181700,39849700,0,39500,11663200,32016384,12,1219
i64,nearly,1000000,1,D_sorted_append_frontier,0,57194500,866400,4163200,39581200,0,37600,11595700,32016384,12,1219
i64,nearly,1000000,1,A_sorted_fenwick,1,86324100,975600,4134400,39760600,27511300,0,12991600,40000000,4,1219
i64,nearly,1000000,1,B_indirect_fenwick,1,86089800,873900,1103900,42369700,27657000,0,13717700,24000000,4,1219
i64,nearly,1000000,1,C_packed_segment,1,107231200,947400,4239100,43197400,27131500,0,30758300,40000000,4,1219
i64,nearly,1000000,1,D_frontier,1,59877400,1024200,4461300,41749600,0,38800,11630800,32016384,12,1219
i64,nearly,1000000,1,D_sorted_frontier,1,58469100,964100,4442900,40422600,0,29000,11647300,32016384,12,1219
i64,nearly,1000000,1,D_append_frontier,1,58035400,1023600,4225600,40054500,0,33800,11679000,32016384,12,1219
i64,nearly,1000000,1,D_sorted_append_frontier,1,65404200,1083200,5054500,45597100,0,21900,12703600,32016384,12,1219
i64,nearly,1000000,1,A_packed_fenwick,1,89576300,864700,4275300,42796500,27241100,0,13459500,40000000,4,1219
i64,nearly,1000000,1,B_indirect_fenwick,2,85843200,1007100,1066600,42536800,27199800,0,13679000,24000000,4,1219
i64,nearly,1000000,1,C_packed_segment,2,106552000,976000,4102300,42783200,27360000,0,30382300,40000000,4,1219
i64,nearly,1000000,1,D_frontier,2,58412500,989000,4286900,40485500,0,35500,11675300,32016384,12,1219
i64,nearly,1000000,1,D_sorted_frontier,2,57875600,972100,4207500,39942300,0,38000,11752800,32016384,12,1219
i64,nearly,1000000,1,D_append_frontier,2,57545300,1007200,4108200,39773200,0,41200,11650900,32016384,12,1219
i64,nearly,1000000,1,D_sorted_append_frontier,2,57260800,858600,4147300,39758000,0,39800,11506700,32016384,12,1219
i64,nearly,1000000,1,A_packed_fenwick,2,87571900,994700,4269500,40743100,27185800,0,13313000,40000000,4,1219
i64,nearly,1000000,1,A_sorted_fenwick,2,87277700,958500,4424600,40299600,27610500,0,12992200,40000000,4,1219
i64,nearly,1000000,1,C_packed_segment,3,108772000,961300,4060000,42953700,27622900,0,31904600,40000000,4,1219
i64,nearly,1000000,1,D_frontier,3,61515700,1172500,5347200,42085500,0,31700,11870300,32016384,12,1219
i64,nearly,1000000,1,D_sorted_frontier,3,59297900,939500,4544800,41073900,0,22200,11759000,32016384,12,1219
i64,nearly,1000000,1,D_append_frontier,3,62242800,973100,4616800,43860400,0,28700,11792600,32016384,12,1219
i64,nearly,1000000,1,D_sorted_append_frontier,3,61184700,1025900,4424900,42944200,0,40900,11700700,32016384,12,1219
i64,nearly,1000000,1,A_packed_fenwick,3,87469600,1194400,4531600,39728700,27808300,0,13143700,40000000,4,1219
i64,nearly,1000000,1,A_sorted_fenwick,3,89345200,952500,4078500,39414300,31019500,0,12937400,40000000,4,1219
i64,nearly,1000000,1,B_indirect_fenwick,3,92791100,1101700,1072500,41969600,34657100,0,13625800,24000000,4,1219
i64,nearly,1000000,1,D_frontier,4,57517900,956200,4124100,39834900,0,40100,11593500,32016384,12,1219
i64,nearly,1000000,1,D_sorted_frontier,4,57995000,1138400,4316600,39863200,0,38600,11677900,32016384,12,1219
i64,nearly,1000000,1,D_append_frontier,4,56940500,933200,4180300,39329100,0,40700,11519100,32016384,12,1219
i64,nearly,1000000,1,D_sorted_append_frontier,4,57383200,975000,4046700,39650400,0,37700,11702500,32016384,12,1219
i64,nearly,1000000,1,A_packed_fenwick,4,85183000,929800,4116200,39599300,26855500,0,12738900,40000000,4,1219
i64,nearly,1000000,1,A_sorted_fenwick,4,87994200,978900,4110900,42424700,26821600,0,12723900,40000000,4,1219
i64,nearly,1000000,1,B_indirect_fenwick,4,84692000,971200,1052500,41675800,26959500,0,13678400,24000000,4,1219
i64,nearly,1000000,1,C_packed_segment,4,107771900,1057800,4218200,39880600,27414900,0,34216100,40000000,4,1219
i64,nearly,3000000,1,A_packed_fenwick,0,253284400,2789600,13317600,131929400,82366800,0,20149500,120000000,4,1348
i64,nearly,3000000,1,A_sorted_fenwick,0,252246500,2944800,12699200,132931200,80905400,0,20106200,120000000,4,1348
i64,nearly,3000000,1,B_indirect_fenwick,0,238820600,2885000,3208700,130859000,80374800,0,20562900,72000000,4,1348
i64,nearly,3000000,1,C_packed_segment,0,299181800,2790100,12976300,159937300,81188000,0,39529100,120000000,4,1348
i64,nearly,3000000,1,D_frontier,0,164452300,2815700,12697200,129846200,0,38600,16404800,96016384,12,1348
i64,nearly,3000000,1,D_sorted_frontier,0,167174400,3224800,12819600,130472200,0,41800,17957000,96016384,12,1348
i64,nearly,3000000,1,D_append_frontier,0,164356300,2908400,12659900,129537900,0,41600,16466900,96016384,12,1348
i64,nearly,3000000,1,D_sorted_append_frontier,0,169888600,2787100,12887800,135025500,0,40900,16475700,96016384,12,1348
i64,nearly,3000000,1,A_sorted_fenwick,1,282843100,2880800,12657300,156681400,87760100,0,20218000,120000000,4,1348
i64,nearly,3000000,1,B_indirect_fenwick,1,247889800,2821000,3246900,130808600,89495800,0,20573800,72000000,4,1348
i64,nearly,3000000,1,C_packed_segment,1,276490400,3085700,13418400,136263600,81171700,0,39860300,120000000,4,1348
i64,nearly,3000000,1,D_frontier,1,172462100,2989100,13406300,136848300,0,40400,16424400,96016384,12,1348
i64,nearly,3000000,1,D_sorted_frontier,1,174390100,2981100,12776700,133507100,0,48700,21577000,96016384,12,1348
i64,nearly,3000000,1,D_append_frontier,1,167854000,3097800,13726000,131873300,0,39600,16440700,96016384,12,1348
i64,nearly,3000000,1,D_sorted_append_frontier,1,170971900,2830500,12916400,136061200,0,28400,16386200,96016384,12,1348
i64,nearly,3000000,1,A_packed_fenwick,1,252094500,2591400,12759100,133634100,80244500,0,20200400,120000000,4,1348
i64,nearly,3000000,1,B_indirect_fenwick,2,239901700,2812700,3212900,131456100,81025200,0,20455600,72000000,4,1348
i64,nearly,3000000,1,C_packed_segment,2,295674500,2862500,13559800,156152100,81030100,0,39409500,120000000,4,1348
i64,nearly,3000000,1,D_frontier,2,167696400,2867100,12766200,133027400,0,38300,16264300,96016384,12,1348
i64,nearly,3000000,1,D_sorted_frontier,2,163977800,2709500,12746700,129123000,0,39300,16438100,96016384,12,1348
i64,nearly,3000000,1,D_append_frontier,2,170335600,3176900,15352000,132478800,0,38400,16609900,96016384,12,1348
i64,nearly,3000000,1,D_sorted_append_frontier,2,165635000,3110200,13754500,129826600,0,24900,16277400,96016384,12,1348
i64,nearly,3000000,1,A_packed_fenwick,2,277492400,2649700,12622400,157286600,82060700,0,20086100,120000000,4,1348
i64,nearly,3000000,1,A_sorted_fenwick,2,249174300,2824200,12811000,129940800,80735100,0,20062400,120000000,4,1348
i64,nearly,3000000,1,C_packed_segment,3,270967000,2794800,12749200,132423000,80911800,0,39422400,120000000,4,1348
i64,nearly,3000000,1,D_frontier,3,168673300,2830700,12787600,133277700,0,23400,17062200,96016384,12,1348
i64,nearly,3000000,1,D_sorted_frontier,3,190292300,2818300,12959100,153348200,0,38200,18453700,96016384,12,1348
i64,nearly,3000000,1,D_append_frontier,3,165202100,3067900,12954100,130046600,0,38400,16443700,96016384,12,1348
i64,nearly,3000000,1,D_sorted_append_frontier,3,166287900,2946000,12770000,131419700,0,30700,16430100,96016384,12,1348
i64,nearly,3000000,1,A_packed_fenwick,3,252642600,2887900,12869600,129308500,84737200,0,20196200,120000000,4,1348
i64,nearly,3000000,1,A_sorted_fenwick,3,256511700,2786600,12673400,135350900,82543300,0,20326000,120000000,4,1348
i64,nearly,3000000,1,B_indirect_fenwick,3,255207100,2977300,3204500,147079200,80576900,0,20435700,72000000,4,1348
i64,nearly,3000000,1,D_frontier,4,164661100,2839800,12638600,130130600,0,38300,16346900,96016384,12,1348
i64,nearly,3000000,1,D_sorted_frontier,4,164412100,3015000,12712700,129674600,0,39500,16308600,96016384,12,1348
i64,nearly,3000000,1,D_append_frontier,4,167597000,2798900,12770900,133069000,0,39700,16277300,96016384,12,1348
i64,nearly,3000000,1,D_sorted_append_frontier,4,171548100,2787200,13285100,136145500,0,36600,16561600,96016384,12,1348
i64,nearly,3000000,1,A_packed_fenwick,4,277420100,2827100,13175700,154259500,84445800,0,20077700,120000000,4,1348
i64,nearly,3000000,1,A_sorted_fenwick,4,249866500,2824400,12992100,130051100,81110500,0,20217400,120000000,4,1348
i64,nearly,3000000,1,B_indirect_fenwick,4,239889700,2840000,3203800,130463500,81956400,0,20475900,72000000,4,1348
i64,nearly,3000000,1,C_packed_segment,4,271073000,2885100,12776700,132096000,80791900,0,39812600,120000000,4,1348
i64,shuffled,1000,1,A_packed_fenwick,0,56600,500,800,16000,20100,0,18700,40000,4,34
i64,shuffled,1000,1,A_sorted_fenwick,0,53500,500,900,17100,19400,0,15200,40000,4,34
i64,shuffled,1000,1,B_indirect_fenwick,0,65600,500,200,25600,19300,0,19600,24000,4,34
i64,shuffled,1000,1,C_packed_segment,0,86400,500,900,18300,19100,0,47200,46528,4,34
i64,shuffled,1000,1,D_frontier,0,35000,500,900,19100,0,100,14100,32512,7,34
i64,shuffled,1000,1,D_sorted_frontier,0,32000,600,900,16500,0,100,13600,32512,7,34
i64,shuffled,1000,1,D_append_frontier,0,31700,500,800,15900,0,200,13900,32512,7,34
i64,shuffled,1000,1,D_sorted_append_frontier,0,31500,500,900,15900,0,100,13700,32512,7,34
i64,shuffled,1000,1,A_sorted_fenwick,1,54900,500,800,15700,19700,0,17800,40000,4,34
i64,shuffled,1000,1,B_indirect_fenwick,1,64400,600,200,24900,19300,0,19100,24000,4,34
i64,shuffled,1000,1,C_packed_segment,1,85300,500,800,17700,19100,0,46600,46528,4,34
i64,shuffled,1000,1,D_frontier,1,34700,500,900,18600,0,100,14300,32512,7,34
i64,shuffled,1000,1,D_sorted_frontier,1,32000,600,900,16400,0,100,13800,32512,7,34
i64,shuffled,1000,1,D_append_frontier,1,31700,500,800,15900,0,200,13900,32512,7,34
i64,shuffled,1000,1,D_sorted_append_frontier,1,31500,500,800,15700,0,100,13700,32512,7,34
i64,shuffled,1000,1,A_packed_fenwick,1,55200,500,800,15600,19600,0,18100,40000,4,34
i64,shuffled,1000,1,B_indirect_fenwick,2,72600,600,200,24800,22900,0,23200,24000,4,34
i64,shuffled,1000,1,C_packed_segment,2,98700,800,1600,25000,21700,0,48800,46528,4,34
i64,shuffled,1000,1,D_frontier,2,35200,500,1000,18600,0,200,14500,32512,7,34
i64,shuffled,1000,1,D_sorted_frontier,2,32200,500,900,16400,0,200,13900,32512,7,34
i64,shuffled,1000,1,D_append_frontier,2,31600,500,800,15800,0,200,13900,32512,7,34
i64,shuffled,1000,1,D_sorted_append_frontier,2,31300,500,900,15800,0,200,13600,32512,7,34
i64,shuffled,1000,1,A_packed_fenwick,2,56400,500,900,15700,19800,0,19100,40000,4,34
i64,shuffled,1000,1,A_sorted_fenwick,2,53000,500,900,16600,19000,0,15500,40000,4,34
i64,shuffled,1000,1,C_packed_segment,3,83500,600,900,16700,18600,0,46400,46528,4,34
i64,shuffled,1000,1,D_frontier,3,33700,600,900,17900,0,200,14000,32512,7,34
i64,shuffled,1000,1,D_sorted_frontier,3,31800,500,800,16100,0,200,13800,32512,7,34
i64,shuffled,1000,1,D_append_frontier,3,39100,500,800,15800,0,100,21500,32512,7,34
i64,shuffled,1000,1,D_sorted_append_frontier,3,31200,600,900,15800,0,100,13600,32512,7,34
i64,shuffled,1000,1,A_packed_fenwick,3,53900,500,900,15600,19500,0,16900,40000,4,34
i64,shuffled,1000,1,A_sorted_fenwick,3,50400,600,900,16200,18800,0,13600,40000,4,34
i64,shuffled,1000,1,B_indirect_fenwick,3,64800,500,200,26000,18600,0,18900,24000,4,34
i64,shuffled,1000,1,D_frontier,4,33200,500,800,17300,0,200,14000,32512,7,34
i64,shuffled,1000,1,D_sorted_frontier,4,31400,600,800,15900,0,200,13700,32512,7,34
i64,shuffled,1000,1,D_append_frontier,4,31300,500,900,15700,0,100,13800,32512,7,34
i64,shuffled,1000,1,D_sorted_append_frontier,4,31200,600,800,15600,0,100,13700,32512,7,34
i64,shuffled,1000,1,A_packed_fenwick,4,51800,600,900,15500,19200,0,15300,40000,4,34
i64,shuffled,1000,1,A_sorted_fenwick,4,49400,500,900,16100,18800,0,12800,40000,4,34
i64,shuffled,1000,1,B_indirect_fenwick,4,62000,600,200,24700,18800,0,17600,24000,4,34
i64,shuffled,1000,1,C_packed_segment,4,83400,600,900,17100,18600,0,45800,46528,4,34
i64,shuffled,10000,1,A_packed_fenwick,0,908000,4900,7800,310300,333700,0,250500,400000,4,108
i64,shuffled,10000,1,A_sorted_fenwick,0,866400,4900,7800,317900,292200,0,242900,400000,4,108
i64,shuffled,10000,1,B_indirect_fenwick,0,956800,4900,1500,385300,302200,0,262200,240000,4,108
i64,shuffled,10000,1,C_packed_segment,0,1320600,4900,7900,312900,305900,0,688400,400000,4,108
i64,shuffled,10000,1,D_frontier,0,509700,5000,7800,316900,0,1200,178400,321024,8,108
i64,shuffled,10000,1,D_sorted_frontier,0,500300,4900,7700,311500,0,1100,174700,321024,8,108
i64,shuffled,10000,1,D_append_frontier,0,500500,4900,7800,311500,0,1000,174800,321024,8,108
i64,shuffled,10000,1,D_sorted_append_frontier,0,501100,4900,7700,312000,0,1000,175000,321024,8,108
i64,shuffled,10000,1,A_sorted_fenwick,1,867800,5000,7600,310700,299600,0,244200,400000,4,108
i64,shuffled,10000,1,B_indirect_fenwick,1,951900,5000,1400,388100,293000,0,263700,240000,4,108
i64,shuffled,10000,1,C_packed_segment,1,1271300,5000,7700,313500,296700,0,647800,400000,4,108
i64,shuffled,10000,1,D_frontier,1,500300,5000,7800,311100,0,1100,174900,321024,8,108
i64,shuffled,10000,1,D_sorted_frontier,1,504600,5000,7800,311100,0,1000,179300,321024,8,108
i64,shuffled,10000,1,D_append_frontier,1,500200,5700,7800,310400,0,1000,175000,321024,8,108
i64,shuffled,10000,1,D_sorted_append_frontier,1,614700,5000,7700,407700,0,2500,190600,321024,8,108
i64,shuffled,10000,1,A_packed_fenwick,1,1277200,6600,10700,473600,470400,0,315000,400000,4,108
i64,shuffled,10000,1,B_indirect_fenwick,2,1447100,10000,2200,610600,477500,0,345900,240000,4,108
i64,shuffled,10000,1,C_packed_segment,2,1957500,10300,11300,471800,469300,0,920200,400000,4,108
i64,shuffled,10000,1,D_frontier,2,748900,8900,76800,450100,0,28800,183000,321024,8,108
i64,shuffled,10000,1,D_sorted_frontier,2,562500,5000,8100,362300,0,2100,183400,321024,8,108
i64,shuffled,10000,1,D_append_frontier,2,582200,5600,11000,379100,0,2100,183200,321024,8,108
i64,shuffled,10000,1,D_sorted_append_frontier,2,592800,5400,10600,391600,0,1800,181700,321024,8,108
i64,shuffled,10000,1,A_packed_fenwick,2,1127600,5800,11200,390000,412800,0,306300,400000,4,108
i64,shuffled,10000,1,A_sorted_fenwick,2,1068500,5400,8100,362600,407300,0,284000,400000,4,108
i64,shuffled,10000,1,C_packed_segment,3,1627700,8900,10900,377100,390500,0,838600,400000,4,108
i64,shuffled,10000,1,D_frontier,3,588300,6000,11300,385700,0,2300,181900,321024,8,108
i64,shuffled,10000,1,D_sorted_frontier,3,615400,5500,10900,409100,0,2500,186200,321024,8,108
i64,shuffled,10000,1,D_append_frontier,3,551600,5000,8100,352600,0,1900,182900,321024,8,108
i64,shuffled,10000,1,D_sorted_append_frontier,3,587700,5600,13400,383100,0,2300,182200,321024,8,108
i64,shuffled,10000,1,A_packed_fenwick,3,1087600,5900,10200,398200,386500,0,285600,400000,4,108
i64,shuffled,10000,1,A_sorted_fenwick,3,1073800,5800,10700,361500,403200,0,290900,400000,4,108
i64,shuffled,10000,1,B_indirect_fenwick,3,1202100,7900,2200,487500,373600,0,329400,240000,4,108
i64,shuffled,10000,1,D_frontier,4,616000,5900,11400,413500,0,2100,181700,321024,8,108
i64,shuffled,10000,1,D_sorted_frontier,4,607400,5200,8200,400700,0,2300,189500,321024,8,108
i64,shuffled,10000,1,D_append_frontier,4,584200,5600,9900,380900,0,1900,184500,321024,8,108
i64,shuffled,10000,1,D_sorted_append_frontier,4,590400,5700,11100,385600,0,2200,184300,321024,8,108
i64,shuffled,10000,1,A_packed_fenwick,4,1106800,6000,11200,384700,410200,0,293300,400000,4,108
i64,shuffled,10000,1,A_sorted_fenwick,4,1097200,5200,10800,385600,399600,0,294600,400000,4,108
i64,shuffled,10000,1,B_indirect_fenwick,4,1256500,9300,2300,513500,397800,0,332300,240000,4,108
i64,shuffled,10000,1,C_packed_segment,4,1674600,8100,10700,378000,391800,0,818500,400000,4,108
i64,shuffled,100000,1,A_packed_fenwick,0,10989100,49800,456200,4885300,3126000,0,2371800,4000000,4,405
i64,shuffled,100000,1,A_sorted_fenwick,0,10638700,50500,403100,4705400,3012400,0,2358500,4000000,4,405
i64,shuffled,100000,1,B_indirect_fenwick,0,11593000,58300,13700,5668900,3147800,0,2703200,2400000,4,405
i64,shuffled,100000,1,C_packed_segment,0,14181300,50200,358300,4427300,3329100,0,5910600,4000000,4,405
i64,shuffled,100000,1,D_frontier,0,7069000,51300,449900,4467800,0,10700,1992800,3204096,10,405
i64,shuffled,100000,1,D_sorted_frontier,0,7084600,53100,407000,4500700,0,11900,2005600,3204096,10,405
i64,shuffled,100000,1,D_append_frontier,0,7007100,50200,401500,4439600,0,10100,2017100,3204096,10,405
i64,shuffled,100000,1,D_sorted_append_frontier,0,7019300,49700,356400,4494000,0,10900,2011900,3204096,10,405
i64,shuffled,100000,1,A_sorted_fenwick,1,10372400,49800,391700,4430100,3019200,0,2393100,4000000,4,405
i64,shuffled,100000,1,B_indirect_fenwick,1,11687900,49800,13600,5714200,3155400,0,2754100,2400000,4,405
i64,shuffled,100000,1,C_packed_segment,1,15086300,49700,353400,4469800,4050100,0,6037400,4000000,4,405
i64,shuffled,100000,1,D_frontier,1,7056000,79400,406800,4466900,0,11500,2000400,3204096,10,405
i64,shuffled,100000,1,D_sorted_frontier,1,7037900,53100,425500,4440300,0,11200,2007700,3204096,10,405
i64,shuffled,100000,1,D_append_frontier,1,6982600,49600,397500,4405200,0,10000,2029700,3204096,10,405
i64,shuffled,100000,1,D_sorted_append_frontier,1,7004000,49300,345700,4496900,0,11500,2001100,3204096,10,405
i64,shuffled,100000,1,A_packed_fenwick,1,11172800,49800,408700,4446200,3750400,0,2401900,4000000,4,405
i64,shuffled,100000,1,B_indirect_fenwick,2,11548800,67300,26000,5564200,3118300,0,2772000,2400000,4,405
i64,shuffled,100000,1,C_packed_segment,2,13780800,49400,379700,4422100,3159600,0,5667200,4000000,4,405
i64,shuffled,100000,1,D_frontier,2,7103700,49500,412300,4432200,0,122000,1996500,3204096,10,405
i64,shuffled,100000,1,D_sorted_frontier,2,7402600,49400,373200,4804400,0,10700,2052000,3204096,10,405
i64,shuffled,100000,1,D_append_frontier,2,6998000,49800,402600,4428900,0,9800,2013300,3204096,10,405
i64,shuffled,100000,1,D_sorted_append_frontier,2,6947600,50000,386500,4391200,0,10100,2010800,3204096,10,405
i64,shuffled,100000,1,A_packed_fenwick,2,10479400,49500,390000,4426800,3140300,0,2383200,4000000,4,405
i64,shuffled,100000,1,A_sorted_fenwick,2,10325800,49300,403000,4437800,3018100,0,2319200,4000000,4,405
i64,shuffled,100000,1,C_packed_segment,3,13589900,50300,430300,4433500,2937500,0,5650000,4000000,4,405
i64,shuffled,100000,1,D_frontier,3,6919700,49400,351600,4409800,0,11300,1999800,3204096,10,405
i64,shuffled,100000,1,D_sorted_frontier,3,6987400,49700,398300,4438200,0,10800,2002100,3204096,10,405
i64,shuffled,100000,1,D_append_frontier,3,6951000,49700,350900,4418800,0,9800,2021700,3204096,10,405
i64,shuffled,100000,1,D_sorted_append_frontier,3,7028200,49400,383300,4453000,0,10800,2043400,3204096,10,405
i64,shuffled,100000,1,A_packed_fenwick,3,10287500,49500,349800,4430500,2997000,0,2361200,4000000,4,405
i64,shuffled,100000,1,A_sorted_fenwick,3,10401500,50700,418300,4406900,3093500,0,2335400,4000000,4,405
i64,shuffled,100000,1,B_indirect_fenwick,3,12681800,49700,13800,5925600,3861100,0,2830200,2400000,4,405
i64,shuffled,100000,1,D_frontier,4,7017300,49400,380900,4450900,0,25200,2004700,3204096,10,405
i64,shuffled,100000,1,D_sorted_frontier,4,7044200,49700,405500,4489100,0,10700,2000400,3204096,10,405
i64,shuffled,100000,1,D_append_frontier,4,6962500,49700,358800,4435800,0,10900,2007700,3204096,10,405
i64,shuffled,100000,1,D_sorted_append_frontier,4,7032100,54100,401100,4459900,0,10700,2014100,3204096,10,405
i64,shuffled,100000,1,A_packed_fenwick,4,10513500,49600,361500,4428400,3181600,0,2386600,4000000,4,405
i64,shuffled,100000,1,A_sorted_fenwick,4,10627500,49500,397700,4723200,2992100,0,2346500,4000000,4,405
i64,shuffled,100000,1,B_indirect_fenwick,4,11595100,50600,13900,5644500,3177500,0,2707800,2400000,4,405
i64,shuffled,100000,1,C_packed_segment,4,13751400,49600,360900,4372300,3200100,0,5669400,4000000,4,405
i64,shuffled,1000000,1,A_packed_fenwick,0,108923700,912300,4277500,56446300,28016100,0,18296900,40000000,4,1219
i64,shuffled,1000000,1,A_sorted_fenwick,0,108591400,1033900,4122400,56261100,28228600,0,17998700,40000000,4,1219
i64,shuffled,1000000,1,B_indirect_fenwick,0,175680600,987500,1063100,88983100,28071300,0,56209000,24000000,4,1219
i64,shuffled,1000000,1,C_packed_segment,0,126157400,919200,4123000,57285900,28155000,0,34723000,40000000,4,1219
i64,shuffled,1000000,1,D_frontier,0,79936000,1032000,4125300,57704700,0,34100,16063000,32016384,12,1219
i64,shuffled,1000000,1,D_sorted_frontier,0,77402800,1084700,4291700,56482100,0,28900,14509100,32016384,12,1219
i64,shuffled,1000000,1,D_append_frontier,0,78052600,1112800,4391600,56844900,0,27900,14587900,32016384,12,1219
i64,shuffled,1000000,1,D_sorted_append_frontier,0,76828300,1118400,4542300,56427000,0,40500,13754900,32016384,12,1219
i64,shuffled,1000000,1,A_sorted_fenwick,1,109010100,997700,4112300,56273200,28353700,0,18321800,40000000,4,1219
i64,shuffled,1000000,1,B_indirect_fenwick,1,172912000,974600,1072300,87495100,31696500,0,51314800,24000000,4,1219
i64,shuffled,1000000,1,C_packed_segment,1,124990700,912500,4100900,56230300,27985700,0,34774000,40000000,4,1219
i64,shuffled,1000000,1,D_frontier,1,76539800,961600,4170800,56458000,0,40100,13961100,32016384,12,1219
i64,shuffled,1000000,1,D_sorted_frontier,1,79402100,1072300,4107300,59456200,0,33900,13784600,32016384,12,1219
i64,shuffled,1000000,1,D_append_frontier,1,76337300,996400,4112200,56402400,0,34300,13830100,32016384,12,1219
i64,shuffled,1000000,1,D_sorted_append_frontier,1,75877500,1010100,4074000,56034900,0,39900,13769600,32016384,12,1219
i64,shuffled,1000000,1,A_packed_fenwick,1,109078700,1007300,4221300,56164600,28223100,0,18511500,40000000,4,1219
i64,shuffled,1000000,1,B_indirect_fenwick,2,172275200,963000,1266900,90888100,27783500,0,51007300,24000000,4,1219
i64,shuffled,1000000,1,C_packed_segment,2,125836900,901800,4127100,55975500,28300400,0,35514500,40000000,4,1219
i64,shuffled,1000000,1,D_frontier,2,76470900,1023100,4317500,56045700,0,39900,14047400,32016384,12,1219
i64,shuffled,1000000,1,D_sorted_frontier,2,76982800,1040500,4324300,56645800,0,40400,13995500,32016384,12,1219
i64,shuffled,1000000,1,D_append_frontier,2,76377800,998200,4181100,56126700,0,36800,14090200,32016384,12,1219
i64,shuffled,1000000,1,D_sorted_append_frontier,2,77184400,1045400,4357100,56708300,0,38700,14038700,32016384,12,1219
i64,shuffled,1000000,1,A_packed_fenwick,2,125322200,1154500,4837100,59402300,36415200,0,22319700,40000000,4,1219
i64,shuffled,1000000,1,A_sorted_fenwick,2,117770400,1087100,4850400,63841000,28998400,0,18052000,40000000,4,1219
i64,shuffled,1000000,1,C_packed_segment,3,128969400,985400,4094200,55800800,28724900,0,38431900,40000000,4,1219
i64,shuffled,1000000,1,D_frontier,3,78468200,1011600,4027800,58291600,0,29300,14156600,32016384,12,1219
i64,shuffled,1000000,1,D_sorted_frontier,3,84593800,1041800,4208200,63738400,0,30900,14630300,32016384,12,1219
i64,shuffled,1000000,1,D_append_frontier,3,78925400,1129400,4429800,56957600,0,34600,15328200,32016384,12,1219
i64,shuffled,1000000,1,D_sorted_append_frontier,3,80757000,1074100,4213100,60507300,0,35200,13947200,32016384,12,1219
i64,shuffled,1000000,1,A_packed_fenwick,3,113213400,1147800,4597100,57519300,30008000,0,18965200,40000000,4,1219
i64,shuffled,1000000,1,A_sorted_fenwick,3,145571800,1010400,4169300,62383800,42392800,0,34442800,40000000,4,1219
i64,shuffled,1000000,1,B_indirect_fenwick,3,221916000,1221500,1426100,118754400,39823100,0,60311900,24000000,4,1219
i64,shuffled,1000000,1,D_frontier,4,76955300,981400,4190900,56797300,0,38600,14003600,32016384,12,1219
i64,shuffled,1000000,1,D_sorted_frontier,4,76670000,1012700,4074100,56705100,0,39200,13884600,32016384,12,1219
i64,shuffled,1000000,1,D_append_frontier,4,76392500,1069700,4148000,56182100,0,37700,14006700,32016384,12,1219
i64,shuffled,1000000,1,D_sorted_append_frontier,4,77412700,1105800,4336200,57263700,0,24600,13735600,32016384,12,1219
i64,shuffled,1000000,1,A_packed_fenwick,4,110329900,1099500,4353600,56321800,28274100,0,19321700,40000000,4,1219
i64,shuffled,1000000,1,A_sorted_fenwick,4,109859900,971800,4167900,56109200,28225900,0,19433500,40000000,4,1219
i64,shuffled,1000000,1,B_indirect_fenwick,4,184242800,1003300,1078900,97410100,31815800,0,52572300,24000000,4,1219
i64,shuffled,1000000,1,C_packed_segment,4,126314900,1001000,4072200,56466900,28437800,0,35390800,40000000,4,1219
i64,shuffled,3000000,1,A_packed_fenwick,0,385598300,2737900,13093500,202525700,106123800,0,58467000,120000000,4,1348
i64,shuffled,3000000,1,A_sorted_fenwick,0,356742200,2806700,12654500,192650400,87197700,0,58693300,120000000,4,1348
i64,shuffled,3000000,1,B_indirect_fenwick,0,753869700,2834900,3166100,551412100,85318600,0,110195900,72000000,4,1348
i64,shuffled,3000000,1,C_packed_segment,0,377920700,2613400,12946800,192315100,85081600,0,82235300,120000000,4,1348
i64,shuffled,3000000,1,D_frontier,0,247457500,2798100,12747400,192246600,0,36400,36972400,96016384,12,1348
i64,shuffled,3000000,1,D_sorted_frontier,0,256523900,2557700,13153300,201059600,0,41400,37019600,96016384,12,1348
i64,shuffled,3000000,1,D_append_frontier,0,248538500,2713600,12704900,192962400,0,37900,37433500,96016384,12,1348
i64,shuffled,3000000,1,D_sorted_append_frontier,0,248613000,2567000,12772600,193093200,0,40600,37493800,96016384,12,1348
i64,shuffled,3000000,1,A_sorted_fenwick,1,369807900,2546300,12870100,195507600,89405700,0,66746800,120000000,4,1348
i64,shuffled,3000000,1,B_indirect_fenwick,1,737654900,2840300,3405300,539393700,84600000,0,106420200,72000000,4,1348
i64,shuffled,3000000,1,C_packed_segment,1,402579400,2965700,13045500,212781800,89313200,0,81786500,120000000,4,1348
i64,shuffled,3000000,1,D_frontier,1,249481800,2822200,13029700,194108700,0,38300,36725900,96016384,12,1348
i64,shuffled,3000000,1,D_sorted_frontier,1,250313300,2704700,12786400,193698900,0,41800,38263400,96016384,12,1348
i64,shuffled,3000000,1,D_append_frontier,1,257815300,2551100,12838600,195094200,0,37400,44264800,96016384,12,1348
i64,shuffled,3000000,1,D_sorted_append_frontier,1,256245000,2948200,14848800,198396400,0,38300,37238200,96016384,12,1348
i64,shuffled,3000000,1,A_packed_fenwick,1,364443600,2824100,13515300,198903200,86354300,0,60137400,120000000,4,1348
i64,shuffled,3000000,1,B_indirect_fenwick,2,724694000,2841700,3176100,525208400,84805000,0,107727300,72000000,4,1348
i64,shuffled,3000000,1,C_packed_segment,2,385377700,2791000,12904600,192584000,85007300,0,89390100,120000000,4,1348
i64,shuffled,3000000,1,D_frontier,2,275698100,2813400,14665000,209315600,0,31500,45779100,96016384,12,1348
i64,shuffled,3000000,1,D_sorted_frontier,2,254298000,2990000,14562800,196573900,0,37000,37426100,96016384,12,1348
i64,shuffled,3000000,1,D_append_frontier,2,250937000,3070800,13326200,193924100,0,40500,37873500,96016384,12,1348
i64,shuffled,3000000,1,D_sorted_append_frontier,2,258893600,2731000,12884800,200330100,0,30500,39104600,96016384,12,1348
i64,shuffled,3000000,1,A_packed_fenwick,2,394744500,2886700,13201200,207336500,105762200,0,62754200,120000000,4,1348
i64,shuffled,3000000,1,A_sorted_fenwick,2,359652800,3065900,13547000,197777400,85114500,0,57487200,120000000,4,1348
i64,shuffled,3000000,1,C_packed_segment,3,385821900,2784200,12768400,194356500,85320600,0,87787100,120000000,4,1348
i64,shuffled,3000000,1,D_frontier,3,271739500,2821600,14262600,215017000,0,33700,36956500,96016384,12,1348
i64,shuffled,3000000,1,D_sorted_frontier,3,251686300,2550500,13029800,196199200,0,38900,37112400,96016384,12,1348
i64,shuffled,3000000,1,D_append_frontier,3,250086800,2754000,13444400,193647300,0,32100,37480800,96016384,12,1348
i64,shuffled,3000000,1,D_sorted_append_frontier,3,263359400,2575400,12725300,206954000,0,34400,38236800,96016384,12,1348
i64,shuffled,3000000,1,A_packed_fenwick,3,387165300,3733600,15766400,198422200,86287200,0,80271900,120000000,4,1348
i64,shuffled,3000000,1,A_sorted_fenwick,3,364503400,2792600,13120900,196325700,84948100,0,64616700,120000000,4,1348
i64,shuffled,3000000,1,B_indirect_fenwick,3,771917000,2962700,3398300,569563600,86492000,0,108552400,72000000,4,1348
i64,shuffled,3000000,1,D_frontier,4,250408600,2901100,14383700,193346700,0,38700,37067200,96016384,12,1348
i64,shuffled,3000000,1,D_sorted_frontier,4,271770300,2788600,12769800,206516300,0,32400,46600300,96016384,12,1348
i64,shuffled,3000000,1,D_append_frontier,4,258444900,3066800,13325200,196303300,0,36400,41991900,96016384,12,1348
i64,shuffled,3000000,1,D_sorted_append_frontier,4,258415200,3605600,13488300,200971800,0,35200,37638400,96016384,12,1348
i64,shuffled,3000000,1,A_packed_fenwick,4,365137200,2541900,12743600,196107800,85414700,0,65647900,120000000,4,1348
i64,shuffled,3000000,1,A_sorted_fenwick,4,360688700,2542700,13548500,196929900,84689600,0,60274300,120000000,4,1348
i64,shuffled,3000000,1,B_indirect_fenwick,4,994403200,2957400,3227000,761155400,108366600,0,117736900,72000000,4,1348
i64,shuffled,3000000,1,C_packed_segment,4,380867200,2896200,13331800,195470700,85134400,0,81358300,120000000,4,1348
