case,family,left_order,right_order,dtype,groups,matching,chunks,payload,source,seed,n,operation,scope,method,sample,ns,left_n,right_n,left_useful,right_useful,p,q,z,distinct_endpoints,left_groups,matched_groups,key_match_fraction,largest_left_group,largest_left_group_fraction,left_chunks,right_chunks
0,availability,start,start,i64,0,all,1,0,memory,7,8,subtract,eager,production,0,699500,4,4,4,4,4,4,8,16,1,1,1,4,1.0,1,1
0,availability,start,start,i64,0,all,1,0,memory,7,8,subtract,eager,native,0,4561300,4,4,4,4,4,4,8,16,1,1,1,4,1.0,1,1
0,availability,start,start,i64,0,all,1,0,memory,7,8,subtract,eager,native,1,4082400,4,4,4,4,4,4,8,16,1,1,1,4,1.0,1,1
0,availability,start,start,i64,0,all,1,0,memory,7,8,subtract,eager,production,1,648400,4,4,4,4,4,4,8,16,1,1,1,4,1.0,1,1
0,availability,start,start,i64,0,all,1,0,memory,7,8,subtract,eager,production,2,503600,4,4,4,4,4,4,8,16,1,1,1,4,1.0,1,1
0,availability,start,start,i64,0,all,1,0,memory,7,8,subtract,eager,native,2,4750300,4,4,4,4,4,4,8,16,1,1,1,4,1.0,1,1
0,availability,start,start,i64,0,all,1,0,memory,7,8,subtract,lazy_complete,production,0,505000,4,4,4,4,4,4,8,16,1,1,1,4,1.0,1,1
0,availability,start,start,i64,0,all,1,0,memory,7,8,subtract,lazy_complete,native,0,4001900,4,4,4,4,4,4,8,16,1,1,1,4,1.0,1,1
0,availability,start,start,i64,0,all,1,0,memory,7,8,subtract,lazy_complete,native,1,5134500,4,4,4,4,4,4,8,16,1,1,1,4,1.0,1,1
0,availability,start,start,i64,0,all,1,0,memory,7,8,subtract,lazy_complete,production,1,574800,4,4,4,4,4,4,8,16,1,1,1,4,1.0,1,1
0,availability,start,start,i64,0,all,1,0,memory,7,8,subtract,lazy_complete,production,2,483400,4,4,4,4,4,4,8,16,1,1,1,4,1.0,1,1
0,availability,start,start,i64,0,all,1,0,memory,7,8,subtract,lazy_complete,native,2,4278500,4,4,4,4,4,4,8,16,1,1,1,4,1.0,1,1
0,availability,start,start,i64,0,all,1,0,memory,7,8,intersect,eager,production,0,578600,4,4,4,4,4,4,4,16,1,1,1,4,1.0,1,1
0,availability,start,start,i64,0,all,1,0,memory,7,8,intersect,eager,native,0,4319400,4,4,4,4,4,4,4,16,1,1,1,4,1.0,1,1
0,availability,start,start,i64,0,all,1,0,memory,7,8,intersect,eager,native,1,4686000,4,4,4,4,4,4,4,16,1,1,1,4,1.0,1,1
0,availability,start,start,i64,0,all,1,0,memory,7,8,intersect,eager,production,1,628500,4,4,4,4,4,4,4,16,1,1,1,4,1.0,1,1
0,availability,start,start,i64,0,all,1,0,memory,7,8,intersect,eager,production,2,554200,4,4,4,4,4,4,4,16,1,1,1,4,1.0,1,1
0,availability,start,start,i64,0,all,1,0,memory,7,8,intersect,eager,native,2,5269300,4,4,4,4,4,4,4,16,1,1,1,4,1.0,1,1
0,availability,start,start,i64,0,all,1,0,memory,7,8,intersect,lazy_complete,production,0,553600,4,4,4,4,4,4,4,16,1,1,1,4,1.0,1,1
0,availability,start,start,i64,0,all,1,0,memory,7,8,intersect,lazy_complete,native,0,4482900,4,4,4,4,4,4,4,16,1,1,1,4,1.0,1,1
0,availability,start,start,i64,0,all,1,0,memory,7,8,intersect,lazy_complete,native,1,3931300,4,4,4,4,4,4,4,16,1,1,1,4,1.0,1,1
0,availability,start,start,i64,0,all,1,0,memory,7,8,intersect,lazy_complete,production,1,471100,4,4,4,4,4,4,4,16,1,1,1,4,1.0,1,1
0,availability,start,start,i64,0,all,1,0,memory,7,8,intersect,lazy_complete,production,2,368700,4,4,4,4,4,4,4,16,1,1,1,4,1.0,1,1
0,availability,start,start,i64,0,all,1,0,memory,7,8,intersect,lazy_complete,native,2,3751300,4,4,4,4,4,4,4,16,1,1,1,4,1.0,1,1
0,availability,start,start,i64,0,all,1,0,memory,7,1000,subtract,eager,production,0,527600,500,500,500,500,500,500,1000,2000,1,1,1,500,1.0,1,1
0,availability,start,start,i64,0,all,1,0,memory,7,1000,subtract,eager,native,0,5888400,500,500,500,500,500,500,1000,2000,1,1,1,500,1.0,1,1
0,availability,start,start,i64,0,all,1,0,memory,7,1000,subtract,eager,native,1,5889900,500,500,500,500,500,500,1000,2000,1,1,1,500,1.0,1,1
0,availability,start,start,i64,0,all,1,0,memory,7,1000,subtract,eager,production,1,643800,500,500,500,500,500,500,1000,2000,1,1,1,500,1.0,1,1
0,availability,start,start,i64,0,all,1,0,memory,7,1000,subtract,eager,production,2,474300,500,500,500,500,500,500,1000,2000,1,1,1,500,1.0,1,1
0,availability,start,start,i64,0,all,1,0,memory,7,1000,subtract,eager,native,2,6098600,500,500,500,500,500,500,1000,2000,1,1,1,500,1.0,1,1
0,availability,start,start,i64,0,all,1,0,memory,7,1000,subtract,lazy_complete,production,0,496400,500,500,500,500,500,500,1000,2000,1,1,1,500,1.0,1,1
0,availability,start,start,i64,0,all,1,0,memory,7,1000,subtract,lazy_complete,native,0,5854200,500,500,500,500,500,500,1000,2000,1,1,1,500,1.0,1,1
0,availability,start,start,i64,0,all,1,0,memory,7,1000,subtract,lazy_complete,native,1,5926500,500,500,500,500,500,500,1000,2000,1,1,1,500,1.0,1,1
0,availability,start,start,i64,0,all,1,0,memory,7,1000,subtract,lazy_complete,production,1,586200,500,500,500,500,500,500,1000,2000,1,1,1,500,1.0,1,1
0,availability,start,start,i64,0,all,1,0,memory,7,1000,subtract,lazy_complete,production,2,447500,500,500,500,500,500,500,1000,2000,1,1,1,500,1.0,1,1
0,availability,start,start,i64,0,all,1,0,memory,7,1000,subtract,lazy_complete,native,2,5643600,500,500,500,500,500,500,1000,2000,1,1,1,500,1.0,1,1
0,availability,start,start,i64,0,all,1,0,memory,7,1000,intersect,eager,production,0,811600,500,500,500,500,500,500,500,2000,1,1,1,500,1.0,1,1
0,availability,start,start,i64,0,all,1,0,memory,7,1000,intersect,eager,native,0,5682900,500,500,500,500,500,500,500,2000,1,1,1,500,1.0,1,1
0,availability,start,start,i64,0,all,1,0,memory,7,1000,intersect,eager,native,1,6919000,500,500,500,500,500,500,500,2000,1,1,1,500,1.0,1,1
0,availability,start,start,i64,0,all,1,0,memory,7,1000,intersect,eager,production,1,846400,500,500,500,500,500,500,500,2000,1,1,1,500,1.0,1,1
0,availability,start,start,i64,0,all,1,0,memory,7,1000,intersect,eager,production,2,682800,500,500,500,500,500,500,500,2000,1,1,1,500,1.0,1,1
0,availability,start,start,i64,0,all,1,0,memory,7,1000,intersect,eager,native,2,6148600,500,500,500,500,500,500,500,2000,1,1,1,500,1.0,1,1
0,availability,start,start,i64,0,all,1,0,memory,7,1000,intersect,lazy_complete,production,0,668500,500,500,500,500,500,500,500,2000,1,1,1,500,1.0,1,1
0,availability,start,start,i64,0,all,1,0,memory,7,1000,intersect,lazy_complete,native,0,5747000,500,500,500,500,500,500,500,2000,1,1,1,500,1.0,1,1
0,availability,start,start,i64,0,all,1,0,memory,7,1000,intersect,lazy_complete,native,1,6397500,500,500,500,500,500,500,500,2000,1,1,1,500,1.0,1,1
0,availability,start,start,i64,0,all,1,0,memory,7,1000,intersect,lazy_complete,production,1,673900,500,500,500,500,500,500,500,2000,1,1,1,500,1.0,1,1
0,availability,start,start,i64,0,all,1,0,memory,7,1000,intersect,lazy_complete,production,2,628800,500,500,500,500,500,500,500,2000,1,1,1,500,1.0,1,1
0,availability,start,start,i64,0,all,1,0,memory,7,1000,intersect,lazy_complete,native,2,6586000,500,500,500,500,500,500,500,2000,1,1,1,500,1.0,1,1
0,availability,start,start,i64,0,all,1,0,memory,7,10000,subtract,eager,production,0,1175000,5000,5000,5000,5000,5000,5000,10000,20000,1,1,1,5000,1.0,1,1
0,availability,start,start,i64,0,all,1,0,memory,7,10000,subtract,eager,native,0,11266700,5000,5000,5000,5000,5000,5000,10000,20000,1,1,1,5000,1.0,1,1
0,availability,start,start,i64,0,all,1,0,memory,7,10000,subtract,eager,native,1,11433500,5000,5000,5000,5000,5000,5000,10000,20000,1,1,1,5000,1.0,1,1
0,availability,start,start,i64,0,all,1,0,memory,7,10000,subtract,eager,production,1,934500,5000,5000,5000,5000,5000,5000,10000,20000,1,1,1,5000,1.0,1,1
0,availability,start,start,i64,0,all,1,0,memory,7,10000,subtract,eager,production,2,661500,5000,5000,5000,5000,5000,5000,10000,20000,1,1,1,5000,1.0,1,1
0,availability,start,start,i64,0,all,1,0,memory,7,10000,subtract,eager,native,2,12141800,5000,5000,5000,5000,5000,5000,10000,20000,1,1,1,5000,1.0,1,1
0,availability,start,start,i64,0,all,1,0,memory,7,10000,subtract,lazy_complete,production,0,822800,5000,5000,5000,5000,5000,5000,10000,20000,1,1,1,5000,1.0,1,1
0,availability,start,start,i64,0,all,1,0,memory,7,10000,subtract,lazy_complete,native,0,11052100,5000,5000,5000,5000,5000,5000,10000,20000,1,1,1,5000,1.0,1,1
0,availability,start,start,i64,0,all,1,0,memory,7,10000,subtract,lazy_complete,native,1,12036500,5000,5000,5000,5000,5000,5000,10000,20000,1,1,1,5000,1.0,1,1
0,availability,start,start,i64,0,all,1,0,memory,7,10000,subtract,lazy_complete,production,1,938400,5000,5000,5000,5000,5000,5000,10000,20000,1,1,1,5000,1.0,1,1
0,availability,start,start,i64,0,all,1,0,memory,7,10000,subtract,lazy_complete,production,2,615800,5000,5000,5000,5000,5000,5000,10000,20000,1,1,1,5000,1.0,1,1
0,availability,start,start,i64,0,all,1,0,memory,7,10000,subtract,lazy_complete,native,2,12053700,5000,5000,5000,5000,5000,5000,10000,20000,1,1,1,5000,1.0,1,1
0,availability,start,start,i64,0,all,1,0,memory,7,10000,intersect,eager,production,0,1093400,5000,5000,5000,5000,5000,5000,5000,20000,1,1,1,5000,1.0,1,1
0,availability,start,start,i64,0,all,1,0,memory,7,10000,intersect,eager,native,0,10476900,5000,5000,5000,5000,5000,5000,5000,20000,1,1,1,5000,1.0,1,1
0,availability,start,start,i64,0,all,1,0,memory,7,10000,intersect,eager,native,1,10116500,5000,5000,5000,5000,5000,5000,5000,20000,1,1,1,5000,1.0,1,1
0,availability,start,start,i64,0,all,1,0,memory,7,10000,intersect,eager,production,1,995800,5000,5000,5000,5000,5000,5000,5000,20000,1,1,1,5000,1.0,1,1
0,availability,start,start,i64,0,all,1,0,memory,7,10000,intersect,eager,production,2,844500,5000,5000,5000,5000,5000,5000,5000,20000,1,1,1,5000,1.0,1,1
0,availability,start,start,i64,0,all,1,0,memory,7,10000,intersect,eager,native,2,10046400,5000,5000,5000,5000,5000,5000,5000,20000,1,1,1,5000,1.0,1,1
0,availability,start,start,i64,0,all,1,0,memory,7,10000,intersect,lazy_complete,production,0,721700,5000,5000,5000,5000,5000,5000,5000,20000,1,1,1,5000,1.0,1,1
0,availability,start,start,i64,0,all,1,0,memory,7,10000,intersect,lazy_complete,native,0,9997100,5000,5000,5000,5000,5000,5000,5000,20000,1,1,1,5000,1.0,1,1
0,availability,start,start,i64,0,all,1,0,memory,7,10000,intersect,lazy_complete,native,1,9362600,5000,5000,5000,5000,5000,5000,5000,20000,1,1,1,5000,1.0,1,1
0,availability,start,start,i64,0,all,1,0,memory,7,10000,intersect,lazy_complete,production,1,651800,5000,5000,5000,5000,5000,5000,5000,20000,1,1,1,5000,1.0,1,1
0,availability,start,start,i64,0,all,1,0,memory,7,10000,intersect,lazy_complete,production,2,545900,5000,5000,5000,5000,5000,5000,5000,20000,1,1,1,5000,1.0,1,1
0,availability,start,start,i64,0,all,1,0,memory,7,10000,intersect,lazy_complete,native,2,9186400,5000,5000,5000,5000,5000,5000,5000,20000,1,1,1,5000,1.0,1,1
0,availability,start,start,i64,0,all,1,0,memory,7,100000,subtract,eager,production,0,3569100,50000,50000,50000,50000,50000,50000,100000,200000,1,1,1,50000,1.0,1,1
0,availability,start,start,i64,0,all,1,0,memory,7,100000,subtract,eager,native,0,39820000,50000,50000,50000,50000,50000,50000,100000,200000,1,1,1,50000,1.0,1,1
0,availability,start,start,i64,0,all,1,0,memory,7,100000,subtract,eager,native,1,39243700,50000,50000,50000,50000,50000,50000,100000,200000,1,1,1,50000,1.0,1,1
0,availability,start,start,i64,0,all,1,0,memory,7,100000,subtract,eager,production,1,3541100,50000,50000,50000,50000,50000,50000,100000,200000,1,1,1,50000,1.0,1,1
0,availability,start,start,i64,0,all,1,0,memory,7,100000,subtract,eager,production,2,2866800,50000,50000,50000,50000,50000,50000,100000,200000,1,1,1,50000,1.0,1,1
0,availability,start,start,i64,0,all,1,0,memory,7,100000,subtract,eager,native,2,38513700,50000,50000,50000,50000,50000,50000,100000,200000,1,1,1,50000,1.0,1,1
0,availability,start,start,i64,0,all,1,0,memory,7,100000,subtract,lazy_complete,production,0,2767600,50000,50000,50000,50000,50000,50000,100000,200000,1,1,1,50000,1.0,1,1
0,availability,start,start,i64,0,all,1,0,memory,7,100000,subtract,lazy_complete,native,0,36038300,50000,50000,50000,50000,50000,50000,100000,200000,1,1,1,50000,1.0,1,1
0,availability,start,start,i64,0,all,1,0,memory,7,100000,subtract,lazy_complete,native,1,42687700,50000,50000,50000,50000,50000,50000,100000,200000,1,1,1,50000,1.0,1,1
0,availability,start,start,i64,0,all,1,0,memory,7,100000,subtract,lazy_complete,production,1,3376000,50000,50000,50000,50000,50000,50000,100000,200000,1,1,1,50000,1.0,1,1
0,availability,start,start,i64,0,all,1,0,memory,7,100000,subtract,lazy_complete,production,2,2733500,50000,50000,50000,50000,50000,50000,100000,200000,1,1,1,50000,1.0,1,1
0,availability,start,start,i64,0,all,1,0,memory,7,100000,subtract,lazy_complete,native,2,39552100,50000,50000,50000,50000,50000,50000,100000,200000,1,1,1,50000,1.0,1,1
0,availability,start,start,i64,0,all,1,0,memory,7,100000,intersect,eager,production,0,2726000,50000,50000,50000,50000,50000,50000,50000,200000,1,1,1,50000,1.0,1,1
0,availability,start,start,i64,0,all,1,0,memory,7,100000,intersect,eager,native,0,35760000,50000,50000,50000,50000,50000,50000,50000,200000,1,1,1,50000,1.0,1,1
0,availability,start,start,i64,0,all,1,0,memory,7,100000,intersect,eager,native,1,36277900,50000,50000,50000,50000,50000,50000,50000,200000,1,1,1,50000,1.0,1,1
0,availability,start,start,i64,0,all,1,0,memory,7,100000,intersect,eager,production,1,2929800,50000,50000,50000,50000,50000,50000,50000,200000,1,1,1,50000,1.0,1,1
0,availability,start,start,i64,0,all,1,0,memory,7,100000,intersect,eager,production,2,2632900,50000,50000,50000,50000,50000,50000,50000,200000,1,1,1,50000,1.0,1,1
0,availability,start,start,i64,0,all,1,0,memory,7,100000,intersect,eager,native,2,37345400,50000,50000,50000,50000,50000,50000,50000,200000,1,1,1,50000,1.0,1,1
0,availability,start,start,i64,0,all,1,0,memory,7,100000,intersect,lazy_complete,production,0,2227400,50000,50000,50000,50000,50000,50000,50000,200000,1,1,1,50000,1.0,1,1
0,availability,start,start,i64,0,all,1,0,memory,7,100000,intersect,lazy_complete,native,0,31418900,50000,50000,50000,50000,50000,50000,50000,200000,1,1,1,50000,1.0,1,1
0,availability,start,start,i64,0,all,1,0,memory,7,100000,intersect,lazy_complete,native,1,34089000,50000,50000,50000,50000,50000,50000,50000,200000,1,1,1,50000,1.0,1,1
0,availability,start,start,i64,0,all,1,0,memory,7,100000,intersect,lazy_complete,production,1,2111800,50000,50000,50000,50000,50000,50000,50000,200000,1,1,1,50000,1.0,1,1
0,availability,start,start,i64,0,all,1,0,memory,7,100000,intersect,lazy_complete,production,2,2290300,50000,50000,50000,50000,50000,50000,50000,200000,1,1,1,50000,1.0,1,1
0,availability,start,start,i64,0,all,1,0,memory,7,100000,intersect,lazy_complete,native,2,34976000,50000,50000,50000,50000,50000,50000,50000,200000,1,1,1,50000,1.0,1,1
1,availability,shuffled,reverse,i64,0,all,1,0,memory,7,8,subtract,eager,production,0,610200,4,4,4,4,4,4,8,16,1,1,1,4,1.0,1,1
1,availability,shuffled,reverse,i64,0,all,1,0,memory,7,8,subtract,eager,native,0,4746100,4,4,4,4,4,4,8,16,1,1,1,4,1.0,1,1
1,availability,shuffled,reverse,i64,0,all,1,0,memory,7,8,subtract,eager,native,1,4181700,4,4,4,4,4,4,8,16,1,1,1,4,1.0,1,1
1,availability,shuffled,reverse,i64,0,all,1,0,memory,7,8,subtract,eager,production,1,618800,4,4,4,4,4,4,8,16,1,1,1,4,1.0,1,1
1,availability,shuffled,reverse,i64,0,all,1,0,memory,7,8,subtract,eager,production,2,497700,4,4,4,4,4,4,8,16,1,1,1,4,1.0,1,1
1,availability,shuffled,reverse,i64,0,all,1,0,memory,7,8,subtract,eager,native,2,4194100,4,4,4,4,4,4,8,16,1,1,1,4,1.0,1,1
1,availability,shuffled,reverse,i64,0,all,1,0,memory,7,8,subtract,lazy_complete,production,0,585100,4,4,4,4,4,4,8,16,1,1,1,4,1.0,1,1
1,availability,shuffled,reverse,i64,0,all,1,0,memory,7,8,subtract,lazy_complete,native,0,4413000,4,4,4,4,4,4,8,16,1,1,1,4,1.0,1,1
1,availability,shuffled,reverse,i64,0,all,1,0,memory,7,8,subtract,lazy_complete,native,1,3781100,4,4,4,4,4,4,8,16,1,1,1,4,1.0,1,1
1,availability,shuffled,reverse,i64,0,all,1,0,memory,7,8,subtract,lazy_complete,production,1,498300,4,4,4,4,4,4,8,16,1,1,1,4,1.0,1,1
1,availability,shuffled,reverse,i64,0,all,1,0,memory,7,8,subtract,lazy_complete,production,2,397600,4,4,4,4,4,4,8,16,1,1,1,4,1.0,1,1
1,availability,shuffled,reverse,i64,0,all,1,0,memory,7,8,subtract,lazy_complete,native,2,4076000,4,4,4,4,4,4,8,16,1,1,1,4,1.0,1,1
1,availability,shuffled,reverse,i64,0,all,1,0,memory,7,8,intersect,eager,production,0,544900,4,4,4,4,4,4,4,16,1,1,1,4,1.0,1,1
1,availability,shuffled,reverse,i64,0,all,1,0,memory,7,8,intersect,eager,native,0,3770500,4,4,4,4,4,4,4,16,1,1,1,4,1.0,1,1
1,availability,shuffled,reverse,i64,0,all,1,0,memory,7,8,intersect,eager,native,1,4215900,4,4,4,4,4,4,4,16,1,1,1,4,1.0,1,1
1,availability,shuffled,reverse,i64,0,all,1,0,memory,7,8,intersect,eager,production,1,615400,4,4,4,4,4,4,4,16,1,1,1,4,1.0,1,1
1,availability,shuffled,reverse,i64,0,all,1,0,memory,7,8,intersect,eager,production,2,574600,4,4,4,4,4,4,4,16,1,1,1,4,1.0,1,1
1,availability,shuffled,reverse,i64,0,all,1,0,memory,7,8,intersect,eager,native,2,4018300,4,4,4,4,4,4,4,16,1,1,1,4,1.0,1,1
1,availability,shuffled,reverse,i64,0,all,1,0,memory,7,8,intersect,lazy_complete,production,0,471100,4,4,4,4,4,4,4,16,1,1,1,4,1.0,1,1
1,availability,shuffled,reverse,i64,0,all,1,0,memory,7,8,intersect,lazy_complete,native,0,4591800,4,4,4,4,4,4,4,16,1,1,1,4,1.0,1,1
1,availability,shuffled,reverse,i64,0,all,1,0,memory,7,8,intersect,lazy_complete,native,1,5513400,4,4,4,4,4,4,4,16,1,1,1,4,1.0,1,1
1,availability,shuffled,reverse,i64,0,all,1,0,memory,7,8,intersect,lazy_complete,production,1,566900,4,4,4,4,4,4,4,16,1,1,1,4,1.0,1,1
1,availability,shuffled,reverse,i64,0,all,1,0,memory,7,8,intersect,lazy_complete,production,2,433400,4,4,4,4,4,4,4,16,1,1,1,4,1.0,1,1
1,availability,shuffled,reverse,i64,0,all,1,0,memory,7,8,intersect,lazy_complete,native,2,4103400,4,4,4,4,4,4,4,16,1,1,1,4,1.0,1,1
1,availability,shuffled,reverse,i64,0,all,1,0,memory,7,1000,subtract,eager,production,0,531600,500,500,500,500,500,500,1000,2000,1,1,1,500,1.0,1,1
1,availability,shuffled,reverse,i64,0,all,1,0,memory,7,1000,subtract,eager,native,0,5566100,500,500,500,500,500,500,1000,2000,1,1,1,500,1.0,1,1
1,availability,shuffled,reverse,i64,0,all,1,0,memory,7,1000,subtract,eager,native,1,6321700,500,500,500,500,500,500,1000,2000,1,1,1,500,1.0,1,1
1,availability,shuffled,reverse,i64,0,all,1,0,memory,7,1000,subtract,eager,production,1,580700,500,500,500,500,500,500,1000,2000,1,1,1,500,1.0,1,1
1,availability,shuffled,reverse,i64,0,all,1,0,memory,7,1000,subtract,eager,production,2,389100,500,500,500,500,500,500,1000,2000,1,1,1,500,1.0,1,1
1,availability,shuffled,reverse,i64,0,all,1,0,memory,7,1000,subtract,eager,native,2,6387800,500,500,500,500,500,500,1000,2000,1,1,1,500,1.0,1,1
1,availability,shuffled,reverse,i64,0,all,1,0,memory,7,1000,subtract,lazy_complete,production,0,874700,500,500,500,500,500,500,1000,2000,1,1,1,500,1.0,1,1
1,availability,shuffled,reverse,i64,0,all,1,0,memory,7,1000,subtract,lazy_complete,native,0,6178600,500,500,500,500,500,500,1000,2000,1,1,1,500,1.0,1,1
1,availability,shuffled,reverse,i64,0,all,1,0,memory,7,1000,subtract,lazy_complete,native,1,5854400,500,500,500,500,500,500,1000,2000,1,1,1,500,1.0,1,1
1,availability,shuffled,reverse,i64,0,all,1,0,memory,7,1000,subtract,lazy_complete,production,1,567200,500,500,500,500,500,500,1000,2000,1,1,1,500,1.0,1,1
1,availability,shuffled,reverse,i64,0,all,1,0,memory,7,1000,subtract,lazy_complete,production,2,512500,500,500,500,500,500,500,1000,2000,1,1,1,500,1.0,1,1
1,availability,shuffled,reverse,i64,0,all,1,0,memory,7,1000,subtract,lazy_complete,native,2,5498700,500,500,500,500,500,500,1000,2000,1,1,1,500,1.0,1,1
1,availability,shuffled,reverse,i64,0,all,1,0,memory,7,1000,intersect,eager,production,0,842100,500,500,500,500,500,500,500,2000,1,1,1,500,1.0,1,1
1,availability,shuffled,reverse,i64,0,all,1,0,memory,7,1000,intersect,eager,native,0,6295300,500,500,500,500,500,500,500,2000,1,1,1,500,1.0,1,1
1,availability,shuffled,reverse,i64,0,all,1,0,memory,7,1000,intersect,eager,native,1,5508600,500,500,500,500,500,500,500,2000,1,1,1,500,1.0,1,1
1,availability,shuffled,reverse,i64,0,all,1,0,memory,7,1000,intersect,eager,production,1,666700,500,500,500,500,500,500,500,2000,1,1,1,500,1.0,1,1
1,availability,shuffled,reverse,i64,0,all,1,0,memory,7,1000,intersect,eager,production,2,615400,500,500,500,500,500,500,500,2000,1,1,1,500,1.0,1,1
1,availability,shuffled,reverse,i64,0,all,1,0,memory,7,1000,intersect,eager,native,2,5986500,500,500,500,500,500,500,500,2000,1,1,1,500,1.0,1,1
1,availability,shuffled,reverse,i64,0,all,1,0,memory,7,1000,intersect,lazy_complete,production,0,391600,500,500,500,500,500,500,500,2000,1,1,1,500,1.0,1,1
1,availability,shuffled,reverse,i64,0,all,1,0,memory,7,1000,intersect,lazy_complete,native,0,5436200,500,500,500,500,500,500,500,2000,1,1,1,500,1.0,1,1
1,availability,shuffled,reverse,i64,0,all,1,0,memory,7,1000,intersect,lazy_complete,native,1,6366900,500,500,500,500,500,500,500,2000,1,1,1,500,1.0,1,1
1,availability,shuffled,reverse,i64,0,all,1,0,memory,7,1000,intersect,lazy_complete,production,1,580000,500,500,500,500,500,500,500,2000,1,1,1,500,1.0,1,1
1,availability,shuffled,reverse,i64,0,all,1,0,memory,7,1000,intersect,lazy_complete,production,2,472200,500,500,500,500,500,500,500,2000,1,1,1,500,1.0,1,1
1,availability,shuffled,reverse,i64,0,all,1,0,memory,7,1000,intersect,lazy_complete,native,2,6139300,500,500,500,500,500,500,500,2000,1,1,1,500,1.0,1,1
1,availability,shuffled,reverse,i64,0,all,1,0,memory,7,10000,subtract,eager,production,0,1717000,5000,5000,5000,5000,5000,5000,10000,20000,1,1,1,5000,1.0,20,1
1,availability,shuffled,reverse,i64,0,all,1,0,memory,7,10000,subtract,eager,native,0,11592300,5000,5000,5000,5000,5000,5000,10000,20000,1,1,1,5000,1.0,20,1
1,availability,shuffled,reverse,i64,0,all,1,0,memory,7,10000,subtract,eager,native,1,11806600,5000,5000,5000,5000,5000,5000,10000,20000,1,1,1,5000,1.0,20,1
1,availability,shuffled,reverse,i64,0,all,1,0,memory,7,10000,subtract,eager,production,1,1682000,5000,5000,5000,5000,5000,5000,10000,20000,1,1,1,5000,1.0,20,1
1,availability,shuffled,reverse,i64,0,all,1,0,memory,7,10000,subtract,eager,production,2,2143300,5000,5000,5000,5000,5000,5000,10000,20000,1,1,1,5000,1.0,20,1
1,availability,shuffled,reverse,i64,0,all,1,0,memory,7,10000,subtract,eager,native,2,11707700,5000,5000,5000,5000,5000,5000,10000,20000,1,1,1,5000,1.0,20,1
1,availability,shuffled,reverse,i64,0,all,1,0,memory,7,10000,subtract,lazy_complete,production,0,1492900,5000,5000,5000,5000,5000,5000,10000,20000,1,1,1,5000,1.0,20,1
1,availability,shuffled,reverse,i64,0,all,1,0,memory,7,10000,subtract,lazy_complete,native,0,11638800,5000,5000,5000,5000,5000,5000,10000,20000,1,1,1,5000,1.0,20,1
1,availability,shuffled,reverse,i64,0,all,1,0,memory,7,10000,subtract,lazy_complete,native,1,11683400,5000,5000,5000,5000,5000,5000,10000,20000,1,1,1,5000,1.0,20,1
1,availability,shuffled,reverse,i64,0,all,1,0,memory,7,10000,subtract,lazy_complete,production,1,1261200,5000,5000,5000,5000,5000,5000,10000,20000,1,1,1,5000,1.0,20,1
1,availability,shuffled,reverse,i64,0,all,1,0,memory,7,10000,subtract,lazy_complete,production,2,786400,5000,5000,5000,5000,5000,5000,10000,20000,1,1,1,5000,1.0,20,1
1,availability,shuffled,reverse,i64,0,all,1,0,memory,7,10000,subtract,lazy_complete,native,2,10341200,5000,5000,5000,5000,5000,5000,10000,20000,1,1,1,5000,1.0,20,1
1,availability,shuffled,reverse,i64,0,all,1,0,memory,7,10000,intersect,eager,production,0,1705300,5000,5000,5000,5000,5000,5000,5000,20000,1,1,1,5000,1.0,20,1
1,availability,shuffled,reverse,i64,0,all,1,0,memory,7,10000,intersect,eager,native,0,9479300,5000,5000,5000,5000,5000,5000,5000,20000,1,1,1,5000,1.0,20,1
1,availability,shuffled,reverse,i64,0,all,1,0,memory,7,10000,intersect,eager,native,1,9246800,5000,5000,5000,5000,5000,5000,5000,20000,1,1,1,5000,1.0,20,1
1,availability,shuffled,reverse,i64,0,all,1,0,memory,7,10000,intersect,eager,production,1,1642700,5000,5000,5000,5000,5000,5000,5000,20000,1,1,1,5000,1.0,20,1
1,availability,shuffled,reverse,i64,0,all,1,0,memory,7,10000,intersect,eager,production,2,1628600,5000,5000,5000,5000,5000,5000,5000,20000,1,1,1,5000,1.0,20,1
1,availability,shuffled,reverse,i64,0,all,1,0,memory,7,10000,intersect,eager,native,2,10643500,5000,5000,5000,5000,5000,5000,5000,20000,1,1,1,5000,1.0,20,1
1,availability,shuffled,reverse,i64,0,all,1,0,memory,7,10000,intersect,lazy_complete,production,0,1151600,5000,5000,5000,5000,5000,5000,5000,20000,1,1,1,5000,1.0,20,1
1,availability,shuffled,reverse,i64,0,all,1,0,memory,7,10000,intersect,lazy_complete,native,0,10233800,5000,5000,5000,5000,5000,5000,5000,20000,1,1,1,5000,1.0,20,1
1,availability,shuffled,reverse,i64,0,all,1,0,memory,7,10000,intersect,lazy_complete,native,1,10591400,5000,5000,5000,5000,5000,5000,5000,20000,1,1,1,5000,1.0,20,1
1,availability,shuffled,reverse,i64,0,all,1,0,memory,7,10000,intersect,lazy_complete,production,1,1420700,5000,5000,5000,5000,5000,5000,5000,20000,1,1,1,5000,1.0,20,1
1,availability,shuffled,reverse,i64,0,all,1,0,memory,7,10000,intersect,lazy_complete,production,2,1305000,5000,5000,5000,5000,5000,5000,5000,20000,1,1,1,5000,1.0,20,1
1,availability,shuffled,reverse,i64,0,all,1,0,memory,7,10000,intersect,lazy_complete,native,2,11098200,5000,5000,5000,5000,5000,5000,5000,20000,1,1,1,5000,1.0,20,1
1,availability,shuffled,reverse,i64,0,all,1,0,memory,7,100000,subtract,eager,production,0,6102300,50000,50000,50000,50000,50000,50000,100000,200000,1,1,1,50000,1.0,24,1
1,availability,shuffled,reverse,i64,0,all,1,0,memory,7,100000,subtract,eager,native,0,40899900,50000,50000,50000,50000,50000,50000,100000,200000,1,1,1,50000,1.0,24,1
1,availability,shuffled,reverse,i64,0,all,1,0,memory,7,100000,subtract,eager,native,1,39781700,50000,50000,50000,50000,50000,50000,100000,200000,1,1,1,50000,1.0,24,1
1,availability,shuffled,reverse,i64,0,all,1,0,memory,7,100000,subtract,eager,production,1,5890900,50000,50000,50000,50000,50000,50000,100000,200000,1,1,1,50000,1.0,24,1
1,availability,shuffled,reverse,i64,0,all,1,0,memory,7,100000,subtract,eager,production,2,5752200,50000,50000,50000,50000,50000,50000,100000,200000,1,1,1,50000,1.0,24,1
1,availability,shuffled,reverse,i64,0,all,1,0,memory,7,100000,subtract,eager,native,2,50961200,50000,50000,50000,50000,50000,50000,100000,200000,1,1,1,50000,1.0,24,1
1,availability,shuffled,reverse,i64,0,all,1,0,memory,7,100000,subtract,lazy_complete,production,0,5606700,50000,50000,50000,50000,50000,50000,100000,200000,1,1,1,50000,1.0,24,1
1,availability,shuffled,reverse,i64,0,all,1,0,memory,7,100000,subtract,lazy_complete,native,0,45943600,50000,50000,50000,50000,50000,50000,100000,200000,1,1,1,50000,1.0,24,1
1,availability,shuffled,reverse,i64,0,all,1,0,memory,7,100000,subtract,lazy_complete,native,1,43891500,50000,50000,50000,50000,50000,50000,100000,200000,1,1,1,50000,1.0,24,1
1,availability,shuffled,reverse,i64,0,all,1,0,memory,7,100000,subtract,lazy_complete,production,1,5050800,50000,50000,50000,50000,50000,50000,100000,200000,1,1,1,50000,1.0,24,1
1,availability,shuffled,reverse,i64,0,all,1,0,memory,7,100000,subtract,lazy_complete,production,2,4785200,50000,50000,50000,50000,50000,50000,100000,200000,1,1,1,50000,1.0,24,1
1,availability,shuffled,reverse,i64,0,all,1,0,memory,7,100000,subtract,lazy_complete,native,2,37943300,50000,50000,50000,50000,50000,50000,100000,200000,1,1,1,50000,1.0,24,1
1,availability,shuffled,reverse,i64,0,all,1,0,memory,7,100000,intersect,eager,production,0,5392200,50000,50000,50000,50000,50000,50000,50000,200000,1,1,1,50000,1.0,24,1
1,availability,shuffled,reverse,i64,0,all,1,0,memory,7,100000,intersect,eager,native,0,34575100,50000,50000,50000,50000,50000,50000,50000,200000,1,1,1,50000,1.0,24,1
1,availability,shuffled,reverse,i64,0,all,1,0,memory,7,100000,intersect,eager,native,1,35660700,50000,50000,50000,50000,50000,50000,50000,200000,1,1,1,50000,1.0,24,1
1,availability,shuffled,reverse,i64,0,all,1,0,memory,7,100000,intersect,eager,production,1,5757600,50000,50000,50000,50000,50000,50000,50000,200000,1,1,1,50000,1.0,24,1
1,availability,shuffled,reverse,i64,0,all,1,0,memory,7,100000,intersect,eager,production,2,4709700,50000,50000,50000,50000,50000,50000,50000,200000,1,1,1,50000,1.0,24,1
1,availability,shuffled,reverse,i64,0,all,1,0,memory,7,100000,intersect,eager,native,2,33429100,50000,50000,50000,50000,50000,50000,50000,200000,1,1,1,50000,1.0,24,1
1,availability,shuffled,reverse,i64,0,all,1,0,memory,7,100000,intersect,lazy_complete,production,0,4908600,50000,50000,50000,50000,50000,50000,50000,200000,1,1,1,50000,1.0,24,1
1,availability,shuffled,reverse,i64,0,all,1,0,memory,7,100000,intersect,lazy_complete,native,0,36378800,50000,50000,50000,50000,50000,50000,50000,200000,1,1,1,50000,1.0,24,1
1,availability,shuffled,reverse,i64,0,all,1,0,memory,7,100000,intersect,lazy_complete,native,1,35388000,50000,50000,50000,50000,50000,50000,50000,200000,1,1,1,50000,1.0,24,1
1,availability,shuffled,reverse,i64,0,all,1,0,memory,7,100000,intersect,lazy_complete,production,1,5058900,50000,50000,50000,50000,50000,50000,50000,200000,1,1,1,50000,1.0,24,1
1,availability,shuffled,reverse,i64,0,all,1,0,memory,7,100000,intersect,lazy_complete,production,2,4504700,50000,50000,50000,50000,50000,50000,50000,200000,1,1,1,50000,1.0,24,1
1,availability,shuffled,reverse,i64,0,all,1,0,memory,7,100000,intersect,lazy_complete,native,2,33550000,50000,50000,50000,50000,50000,50000,50000,200000,1,1,1,50000,1.0,24,1
2,dense,shuffled,shuffled,i64,0,all,1,0,memory,7,8,subtract,eager,production,0,648100,4,4,4,4,1,1,1,16,1,1,1,4,1.0,1,1
2,dense,shuffled,shuffled,i64,0,all,1,0,memory,7,8,subtract,eager,native,0,4117100,4,4,4,4,1,1,1,16,1,1,1,4,1.0,1,1
2,dense,shuffled,shuffled,i64,0,all,1,0,memory,7,8,subtract,eager,native,1,4744400,4,4,4,4,1,1,1,16,1,1,1,4,1.0,1,1
2,dense,shuffled,shuffled,i64,0,all,1,0,memory,7,8,subtract,eager,production,1,580400,4,4,4,4,1,1,1,16,1,1,1,4,1.0,1,1
2,dense,shuffled,shuffled,i64,0,all,1,0,memory,7,8,subtract,eager,production,2,500800,4,4,4,4,1,1,1,16,1,1,1,4,1.0,1,1
2,dense,shuffled,shuffled,i64,0,all,1,0,memory,7,8,subtract,eager,native,2,4718200,4,4,4,4,1,1,1,16,1,1,1,4,1.0,1,1
2,dense,shuffled,shuffled,i64,0,all,1,0,memory,7,8,subtract,lazy_complete,production,0,527600,4,4,4,4,1,1,1,16,1,1,1,4,1.0,1,1
2,dense,shuffled,shuffled,i64,0,all,1,0,memory,7,8,subtract,lazy_complete,native,0,4019600,4,4,4,4,1,1,1,16,1,1,1,4,1.0,1,1
2,dense,shuffled,shuffled,i64,0,all,1,0,memory,7,8,subtract,lazy_complete,native,1,4492800,4,4,4,4,1,1,1,16,1,1,1,4,1.0,1,1
2,dense,shuffled,shuffled,i64,0,all,1,0,memory,7,8,subtract,lazy_complete,production,1,489200,4,4,4,4,1,1,1,16,1,1,1,4,1.0,1,1
2,dense,shuffled,shuffled,i64,0,all,1,0,memory,7,8,subtract,lazy_complete,production,2,365000,4,4,4,4,1,1,1,16,1,1,1,4,1.0,1,1
2,dense,shuffled,shuffled,i64,0,all,1,0,memory,7,8,subtract,lazy_complete,native,2,4267200,4,4,4,4,1,1,1,16,1,1,1,4,1.0,1,1
2,dense,shuffled,shuffled,i64,0,all,1,0,memory,7,8,intersect,eager,production,0,538100,4,4,4,4,1,1,1,16,1,1,1,4,1.0,1,1
2,dense,shuffled,shuffled,i64,0,all,1,0,memory,7,8,intersect,eager,native,0,4162300,4,4,4,4,1,1,1,16,1,1,1,4,1.0,1,1
2,dense,shuffled,shuffled,i64,0,all,1,0,memory,7,8,intersect,eager,native,1,4432600,4,4,4,4,1,1,1,16,1,1,1,4,1.0,1,1
2,dense,shuffled,shuffled,i64,0,all,1,0,memory,7,8,intersect,eager,production,1,722700,4,4,4,4,1,1,1,16,1,1,1,4,1.0,1,1
2,dense,shuffled,shuffled,i64,0,all,1,0,memory,7,8,intersect,eager,production,2,391100,4,4,4,4,1,1,1,16,1,1,1,4,1.0,1,1
2,dense,shuffled,shuffled,i64,0,all,1,0,memory,7,8,intersect,eager,native,2,4420700,4,4,4,4,1,1,1,16,1,1,1,4,1.0,1,1
2,dense,shuffled,shuffled,i64,0,all,1,0,memory,7,8,intersect,lazy_complete,production,0,401700,4,4,4,4,1,1,1,16,1,1,1,4,1.0,1,1
2,dense,shuffled,shuffled,i64,0,all,1,0,memory,7,8,intersect,lazy_complete,native,0,4641900,4,4,4,4,1,1,1,16,1,1,1,4,1.0,1,1
2,dense,shuffled,shuffled,i64,0,all,1,0,memory,7,8,intersect,lazy_complete,native,1,4769900,4,4,4,4,1,1,1,16,1,1,1,4,1.0,1,1
2,dense,shuffled,shuffled,i64,0,all,1,0,memory,7,8,intersect,lazy_complete,production,1,454200,4,4,4,4,1,1,1,16,1,1,1,4,1.0,1,1
2,dense,shuffled,shuffled,i64,0,all,1,0,memory,7,8,intersect,lazy_complete,production,2,404700,4,4,4,4,1,1,1,16,1,1,1,4,1.0,1,1
2,dense,shuffled,shuffled,i64,0,all,1,0,memory,7,8,intersect,lazy_complete,native,2,4317100,4,4,4,4,1,1,1,16,1,1,1,4,1.0,1,1
2,dense,shuffled,shuffled,i64,0,all,1,0,memory,7,1000,subtract,eager,production,0,655900,500,500,500,500,1,1,1,1050,1,1,1,500,1.0,1,1
2,dense,shuffled,shuffled,i64,0,all,1,0,memory,7,1000,subtract,eager,native,0,4834500,500,500,500,500,1,1,1,1050,1,1,1,500,1.0,1,1
2,dense,shuffled,shuffled,i64,0,all,1,0,memory,7,1000,subtract,eager,native,1,5538700,500,500,500,500,1,1,1,1050,1,1,1,500,1.0,1,1
2,dense,shuffled,shuffled,i64,0,all,1,0,memory,7,1000,subtract,eager,production,1,663300,500,500,500,500,1,1,1,1050,1,1,1,500,1.0,1,1
2,dense,shuffled,shuffled,i64,0,all,1,0,memory,7,1000,subtract,eager,production,2,456900,500,500,500,500,1,1,1,1050,1,1,1,500,1.0,1,1
2,dense,shuffled,shuffled,i64,0,all,1,0,memory,7,1000,subtract,eager,native,2,4932000,500,500,500,500,1,1,1,1050,1,1,1,500,1.0,1,1
2,dense,shuffled,shuffled,i64,0,all,1,0,memory,7,1000,subtract,lazy_complete,production,0,526600,500,500,500,500,1,1,1,1050,1,1,1,500,1.0,1,1
2,dense,shuffled,shuffled,i64,0,all,1,0,memory,7,1000,subtract,lazy_complete,native,0,5003100,500,500,500,500,1,1,1,1050,1,1,1,500,1.0,1,1
2,dense,shuffled,shuffled,i64,0,all,1,0,memory,7,1000,subtract,lazy_complete,native,1,5405700,500,500,500,500,1,1,1,1050,1,1,1,500,1.0,1,1
2,dense,shuffled,shuffled,i64,0,all,1,0,memory,7,1000,subtract,lazy_complete,production,1,537700,500,500,500,500,1,1,1,1050,1,1,1,500,1.0,1,1
2,dense,shuffled,shuffled,i64,0,all,1,0,memory,7,1000,subtract,lazy_complete,production,2,465700,500,500,500,500,1,1,1,1050,1,1,1,500,1.0,1,1
2,dense,shuffled,shuffled,i64,0,all,1,0,memory,7,1000,subtract,lazy_complete,native,2,4602600,500,500,500,500,1,1,1,1050,1,1,1,500,1.0,1,1
2,dense,shuffled,shuffled,i64,0,all,1,0,memory,7,1000,intersect,eager,production,0,555200,500,500,500,500,1,1,1,1050,1,1,1,500,1.0,1,1
2,dense,shuffled,shuffled,i64,0,all,1,0,memory,7,1000,intersect,eager,native,0,5221000,500,500,500,500,1,1,1,1050,1,1,1,500,1.0,1,1
2,dense,shuffled,shuffled,i64,0,all,1,0,memory,7,1000,intersect,eager,native,1,5854500,500,500,500,500,1,1,1,1050,1,1,1,500,1.0,1,1
2,dense,shuffled,shuffled,i64,0,all,1,0,memory,7,1000,intersect,eager,production,1,744300,500,500,500,500,1,1,1,1050,1,1,1,500,1.0,1,1
2,dense,shuffled,shuffled,i64,0,all,1,0,memory,7,1000,intersect,eager,production,2,420400,500,500,500,500,1,1,1,1050,1,1,1,500,1.0,1,1
2,dense,shuffled,shuffled,i64,0,all,1,0,memory,7,1000,intersect,eager,native,2,5601100,500,500,500,500,1,1,1,1050,1,1,1,500,1.0,1,1
2,dense,shuffled,shuffled,i64,0,all,1,0,memory,7,1000,intersect,lazy_complete,production,0,452500,500,500,500,500,1,1,1,1050,1,1,1,500,1.0,1,1
2,dense,shuffled,shuffled,i64,0,all,1,0,memory,7,1000,intersect,lazy_complete,native,0,5707100,500,500,500,500,1,1,1,1050,1,1,1,500,1.0,1,1
2,dense,shuffled,shuffled,i64,0,all,1,0,memory,7,1000,intersect,lazy_complete,native,1,5505100,500,500,500,500,1,1,1,1050,1,1,1,500,1.0,1,1
2,dense,shuffled,shuffled,i64,0,all,1,0,memory,7,1000,intersect,lazy_complete,production,1,448500,500,500,500,500,1,1,1,1050,1,1,1,500,1.0,1,1
2,dense,shuffled,shuffled,i64,0,all,1,0,memory,7,1000,intersect,lazy_complete,production,2,539900,500,500,500,500,1,1,1,1050,1,1,1,500,1.0,1,1
2,dense,shuffled,shuffled,i64,0,all,1,0,memory,7,1000,intersect,lazy_complete,native,2,5613500,500,500,500,500,1,1,1,1050,1,1,1,500,1.0,1,1
2,dense,shuffled,shuffled,i64,0,all,1,0,memory,7,10000,subtract,eager,production,0,1969100,5000,5000,5000,5000,1,1,1,10050,1,1,1,5000,1.0,20,20
2,dense,shuffled,shuffled,i64,0,all,1,0,memory,7,10000,subtract,eager,native,0,8521500,5000,5000,5000,5000,1,1,1,10050,1,1,1,5000,1.0,20,20
2,dense,shuffled,shuffled,i64,0,all,1,0,memory,7,10000,subtract,eager,native,1,8307600,5000,5000,5000,5000,1,1,1,10050,1,1,1,5000,1.0,20,20
2,dense,shuffled,shuffled,i64,0,all,1,0,memory,7,10000,subtract,eager,production,1,1941000,5000,5000,5000,5000,1,1,1,10050,1,1,1,5000,1.0,20,20
2,dense,shuffled,shuffled,i64,0,all,1,0,memory,7,10000,subtract,eager,production,2,2103500,5000,5000,5000,5000,1,1,1,10050,1,1,1,5000,1.0,20,20
2,dense,shuffled,shuffled,i64,0,all,1,0,memory,7,10000,subtract,eager,native,2,8389600,5000,5000,5000,5000,1,1,1,10050,1,1,1,5000,1.0,20,20
2,dense,shuffled,shuffled,i64,0,all,1,0,memory,7,10000,subtract,lazy_complete,production,0,1302000,5000,5000,5000,5000,1,1,1,10050,1,1,1,5000,1.0,20,20
2,dense,shuffled,shuffled,i64,0,all,1,0,memory,7,10000,subtract,lazy_complete,native,0,7880400,5000,5000,5000,5000,1,1,1,10050,1,1,1,5000,1.0,20,20
2,dense,shuffled,shuffled,i64,0,all,1,0,memory,7,10000,subtract,lazy_complete,native,1,8160000,5000,5000,5000,5000,1,1,1,10050,1,1,1,5000,1.0,20,20
2,dense,shuffled,shuffled,i64,0,all,1,0,memory,7,10000,subtract,lazy_complete,production,1,1207100,5000,5000,5000,5000,1,1,1,10050,1,1,1,5000,1.0,20,20
2,dense,shuffled,shuffled,i64,0,all,1,0,memory,7,10000,subtract,lazy_complete,production,2,1078000,5000,5000,5000,5000,1,1,1,10050,1,1,1,5000,1.0,20,20
2,dense,shuffled,shuffled,i64,0,all,1,0,memory,7,10000,subtract,lazy_complete,native,2,7708600,5000,5000,5000,5000,1,1,1,10050,1,1,1,5000,1.0,20,20
2,dense,shuffled,shuffled,i64,0,all,1,0,memory,7,10000,intersect,eager,production,0,2187100,5000,5000,5000,5000,1,1,1,10050,1,1,1,5000,1.0,20,20
2,dense,shuffled,shuffled,i64,0,all,1,0,memory,7,10000,intersect,eager,native,0,8166100,5000,5000,5000,5000,1,1,1,10050,1,1,1,5000,1.0,20,20
2,dense,shuffled,shuffled,i64,0,all,1,0,memory,7,10000,intersect,eager,native,1,9725000,5000,5000,5000,5000,1,1,1,10050,1,1,1,5000,1.0,20,20
2,dense,shuffled,shuffled,i64,0,all,1,0,memory,7,10000,intersect,eager,production,1,2046900,5000,5000,5000,5000,1,1,1,10050,1,1,1,5000,1.0,20,20
2,dense,shuffled,shuffled,i64,0,all,1,0,memory,7,10000,intersect,eager,production,2,2156600,5000,5000,5000,5000,1,1,1,10050,1,1,1,5000,1.0,20,20
2,dense,shuffled,shuffled,i64,0,all,1,0,memory,7,10000,intersect,eager,native,2,8595500,5000,5000,5000,5000,1,1,1,10050,1,1,1,5000,1.0,20,20
2,dense,shuffled,shuffled,i64,0,all,1,0,memory,7,10000,intersect,lazy_complete,production,0,1242400,5000,5000,5000,5000,1,1,1,10050,1,1,1,5000,1.0,20,20
2,dense,shuffled,shuffled,i64,0,all,1,0,memory,7,10000,intersect,lazy_complete,native,0,8451500,5000,5000,5000,5000,1,1,1,10050,1,1,1,5000,1.0,20,20
2,dense,shuffled,shuffled,i64,0,all,1,0,memory,7,10000,intersect,lazy_complete,native,1,8922800,5000,5000,5000,5000,1,1,1,10050,1,1,1,5000,1.0,20,20
2,dense,shuffled,shuffled,i64,0,all,1,0,memory,7,10000,intersect,lazy_complete,production,1,1252100,5000,5000,5000,5000,1,1,1,10050,1,1,1,5000,1.0,20,20
2,dense,shuffled,shuffled,i64,0,all,1,0,memory,7,10000,intersect,lazy_complete,production,2,986300,5000,5000,5000,5000,1,1,1,10050,1,1,1,5000,1.0,20,20
2,dense,shuffled,shuffled,i64,0,all,1,0,memory,7,10000,intersect,lazy_complete,native,2,7652000,5000,5000,5000,5000,1,1,1,10050,1,1,1,5000,1.0,20,20
2,dense,shuffled,shuffled,i64,0,all,1,0,memory,7,100000,subtract,eager,production,0,5607200,50000,50000,50000,50000,1,1,1,100051,1,1,1,50000,1.0,24,24
2,dense,shuffled,shuffled,i64,0,all,1,0,memory,7,100000,subtract,eager,native,0,21745300,50000,50000,50000,50000,1,1,1,100051,1,1,1,50000,1.0,24,24
2,dense,shuffled,shuffled,i64,0,all,1,0,memory,7,100000,subtract,eager,native,1,21518900,50000,50000,50000,50000,1,1,1,100051,1,1,1,50000,1.0,24,24
2,dense,shuffled,shuffled,i64,0,all,1,0,memory,7,100000,subtract,eager,production,1,5870900,50000,50000,50000,50000,1,1,1,100051,1,1,1,50000,1.0,24,24
2,dense,shuffled,shuffled,i64,0,all,1,0,memory,7,100000,subtract,eager,production,2,5384100,50000,50000,50000,50000,1,1,1,100051,1,1,1,50000,1.0,24,24
2,dense,shuffled,shuffled,i64,0,all,1,0,memory,7,100000,subtract,eager,native,2,21507000,50000,50000,50000,50000,1,1,1,100051,1,1,1,50000,1.0,24,24
2,dense,shuffled,shuffled,i64,0,all,1,0,memory,7,100000,subtract,lazy_complete,production,0,4274000,50000,50000,50000,50000,1,1,1,100051,1,1,1,50000,1.0,24,24
2,dense,shuffled,shuffled,i64,0,all,1,0,memory,7,100000,subtract,lazy_complete,native,0,19623400,50000,50000,50000,50000,1,1,1,100051,1,1,1,50000,1.0,24,24
2,dense,shuffled,shuffled,i64,0,all,1,0,memory,7,100000,subtract,lazy_complete,native,1,20854100,50000,50000,50000,50000,1,1,1,100051,1,1,1,50000,1.0,24,24
2,dense,shuffled,shuffled,i64,0,all,1,0,memory,7,100000,subtract,lazy_complete,production,1,4434800,50000,50000,50000,50000,1,1,1,100051,1,1,1,50000,1.0,24,24
2,dense,shuffled,shuffled,i64,0,all,1,0,memory,7,100000,subtract,lazy_complete,production,2,4117900,50000,50000,50000,50000,1,1,1,100051,1,1,1,50000,1.0,24,24
2,dense,shuffled,shuffled,i64,0,all,1,0,memory,7,100000,subtract,lazy_complete,native,2,21132000,50000,50000,50000,50000,1,1,1,100051,1,1,1,50000,1.0,24,24
2,dense,shuffled,shuffled,i64,0,all,1,0,memory,7,100000,intersect,eager,production,0,5634800,50000,50000,50000,50000,1,1,1,100051,1,1,1,50000,1.0,24,24
2,dense,shuffled,shuffled,i64,0,all,1,0,memory,7,100000,intersect,eager,native,0,24761400,50000,50000,50000,50000,1,1,1,100051,1,1,1,50000,1.0,24,24
2,dense,shuffled,shuffled,i64,0,all,1,0,memory,7,100000,intersect,eager,native,1,26878000,50000,50000,50000,50000,1,1,1,100051,1,1,1,50000,1.0,24,24
2,dense,shuffled,shuffled,i64,0,all,1,0,memory,7,100000,intersect,eager,production,1,5749600,50000,50000,50000,50000,1,1,1,100051,1,1,1,50000,1.0,24,24
2,dense,shuffled,shuffled,i64,0,all,1,0,memory,7,100000,intersect,eager,production,2,5503000,50000,50000,50000,50000,1,1,1,100051,1,1,1,50000,1.0,24,24
2,dense,shuffled,shuffled,i64,0,all,1,0,memory,7,100000,intersect,eager,native,2,24557600,50000,50000,50000,50000,1,1,1,100051,1,1,1,50000,1.0,24,24
2,dense,shuffled,shuffled,i64,0,all,1,0,memory,7,100000,intersect,lazy_complete,production,0,4606000,50000,50000,50000,50000,1,1,1,100051,1,1,1,50000,1.0,24,24
2,dense,shuffled,shuffled,i64,0,all,1,0,memory,7,100000,intersect,lazy_complete,native,0,26447700,50000,50000,50000,50000,1,1,1,100051,1,1,1,50000,1.0,24,24
2,dense,shuffled,shuffled,i64,0,all,1,0,memory,7,100000,intersect,lazy_complete,native,1,23888100,50000,50000,50000,50000,1,1,1,100051,1,1,1,50000,1.0,24,24
2,dense,shuffled,shuffled,i64,0,all,1,0,memory,7,100000,intersect,lazy_complete,production,1,4458700,50000,50000,50000,50000,1,1,1,100051,1,1,1,50000,1.0,24,24
2,dense,shuffled,shuffled,i64,0,all,1,0,memory,7,100000,intersect,lazy_complete,production,2,4170100,50000,50000,50000,50000,1,1,1,100051,1,1,1,50000,1.0,24,24
2,dense,shuffled,shuffled,i64,0,all,1,0,memory,7,100000,intersect,lazy_complete,native,2,25890100,50000,50000,50000,50000,1,1,1,100051,1,1,1,50000,1.0,24,24
3,nested,start,shuffled,i64,0,all,1,0,memory,7,8,subtract,eager,production,0,569900,4,4,4,4,1,1,0,8,1,1,1,4,1.0,1,1
3,nested,start,shuffled,i64,0,all,1,0,memory,7,8,subtract,eager,native,0,4135400,4,4,4,4,1,1,0,8,1,1,1,4,1.0,1,1
3,nested,start,shuffled,i64,0,all,1,0,memory,7,8,subtract,eager,native,1,4614900,4,4,4,4,1,1,0,8,1,1,1,4,1.0,1,1
3,nested,start,shuffled,i64,0,all,1,0,memory,7,8,subtract,eager,production,1,753800,4,4,4,4,1,1,0,8,1,1,1,4,1.0,1,1
3,nested,start,shuffled,i64,0,all,1,0,memory,7,8,subtract,eager,production,2,581000,4,4,4,4,1,1,0,8,1,1,1,4,1.0,1,1
3,nested,start,shuffled,i64,0,all,1,0,memory,7,8,subtract,eager,native,2,4916500,4,4,4,4,1,1,0,8,1,1,1,4,1.0,1,1
3,nested,start,shuffled,i64,0,all,1,0,memory,7,8,subtract,lazy_complete,production,0,656500,4,4,4,4,1,1,0,8,1,1,1,4,1.0,1,1
3,nested,start,shuffled,i64,0,all,1,0,memory,7,8,subtract,lazy_complete,native,0,4668700,4,4,4,4,1,1,0,8,1,1,1,4,1.0,1,1
3,nested,start,shuffled,i64,0,all,1,0,memory,7,8,subtract,lazy_complete,native,1,4550200,4,4,4,4,1,1,0,8,1,1,1,4,1.0,1,1
3,nested,start,shuffled,i64,0,all,1,0,memory,7,8,subtract,lazy_complete,production,1,523700,4,4,4,4,1,1,0,8,1,1,1,4,1.0,1,1
3,nested,start,shuffled,i64,0,all,1,0,memory,7,8,subtract,lazy_complete,production,2,455600,4,4,4,4,1,1,0,8,1,1,1,4,1.0,1,1
3,nested,start,shuffled,i64,0,all,1,0,memory,7,8,subtract,lazy_complete,native,2,3932100,4,4,4,4,1,1,0,8,1,1,1,4,1.0,1,1
3,nested,start,shuffled,i64,0,all,1,0,memory,7,8,intersect,eager,production,0,540600,4,4,4,4,1,1,1,8,1,1,1,4,1.0,1,1
3,nested,start,shuffled,i64,0,all,1,0,memory,7,8,intersect,eager,native,0,4515400,4,4,4,4,1,1,1,8,1,1,1,4,1.0,1,1
3,nested,start,shuffled,i64,0,all,1,0,memory,7,8,intersect,eager,native,1,4763300,4,4,4,4,1,1,1,8,1,1,1,4,1.0,1,1
3,nested,start,shuffled,i64,0,all,1,0,memory,7,8,intersect,eager,production,1,681600,4,4,4,4,1,1,1,8,1,1,1,4,1.0,1,1
3,nested,start,shuffled,i64,0,all,1,0,memory,7,8,intersect,eager,production,2,608800,4,4,4,4,1,1,1,8,1,1,1,4,1.0,1,1
3,nested,start,shuffled,i64,0,all,1,0,memory,7,8,intersect,eager,native,2,4949300,4,4,4,4,1,1,1,8,1,1,1,4,1.0,1,1
3,nested,start,shuffled,i64,0,all,1,0,memory,7,8,intersect,lazy_complete,production,0,639000,4,4,4,4,1,1,1,8,1,1,1,4,1.0,1,1
3,nested,start,shuffled,i64,0,all,1,0,memory,7,8,intersect,lazy_complete,native,0,5165000,4,4,4,4,1,1,1,8,1,1,1,4,1.0,1,1
3,nested,start,shuffled,i64,0,all,1,0,memory,7,8,intersect,lazy_complete,native,1,4761800,4,4,4,4,1,1,1,8,1,1,1,4,1.0,1,1
3,nested,start,shuffled,i64,0,all,1,0,memory,7,8,intersect,lazy_complete,production,1,559500,4,4,4,4,1,1,1,8,1,1,1,4,1.0,1,1
3,nested,start,shuffled,i64,0,all,1,0,memory,7,8,intersect,lazy_complete,production,2,435200,4,4,4,4,1,1,1,8,1,1,1,4,1.0,1,1
3,nested,start,shuffled,i64,0,all,1,0,memory,7,8,intersect,lazy_complete,native,2,4788800,4,4,4,4,1,1,1,8,1,1,1,4,1.0,1,1
3,nested,start,shuffled,i64,0,all,1,0,memory,7,1000,subtract,eager,production,0,584500,500,500,500,500,1,1,0,1000,1,1,1,500,1.0,1,1
3,nested,start,shuffled,i64,0,all,1,0,memory,7,1000,subtract,eager,native,0,5156800,500,500,500,500,1,1,0,1000,1,1,1,500,1.0,1,1
3,nested,start,shuffled,i64,0,all,1,0,memory,7,1000,subtract,eager,native,1,4948400,500,500,500,500,1,1,0,1000,1,1,1,500,1.0,1,1
3,nested,start,shuffled,i64,0,all,1,0,memory,7,1000,subtract,eager,production,1,679700,500,500,500,500,1,1,0,1000,1,1,1,500,1.0,1,1
3,nested,start,shuffled,i64,0,all,1,0,memory,7,1000,subtract,eager,production,2,496200,500,500,500,500,1,1,0,1000,1,1,1,500,1.0,1,1
3,nested,start,shuffled,i64,0,all,1,0,memory,7,1000,subtract,eager,native,2,4600900,500,500,500,500,1,1,0,1000,1,1,1,500,1.0,1,1
3,nested,start,shuffled,i64,0,all,1,0,memory,7,1000,subtract,lazy_complete,production,0,467700,500,500,500,500,1,1,0,1000,1,1,1,500,1.0,1,1
3,nested,start,shuffled,i64,0,all,1,0,memory,7,1000,subtract,lazy_complete,native,0,4726200,500,500,500,500,1,1,0,1000,1,1,1,500,1.0,1,1
3,nested,start,shuffled,i64,0,all,1,0,memory,7,1000,subtract,lazy_complete,native,1,4759300,500,500,500,500,1,1,0,1000,1,1,1,500,1.0,1,1
3,nested,start,shuffled,i64,0,all,1,0,memory,7,1000,subtract,lazy_complete,production,1,666300,500,500,500,500,1,1,0,1000,1,1,1,500,1.0,1,1
3,nested,start,shuffled,i64,0,all,1,0,memory,7,1000,subtract,lazy_complete,production,2,434600,500,500,500,500,1,1,0,1000,1,1,1,500,1.0,1,1
3,nested,start,shuffled,i64,0,all,1,0,memory,7,1000,subtract,lazy_complete,native,2,6621100,500,500,500,500,1,1,0,1000,1,1,1,500,1.0,1,1
3,nested,start,shuffled,i64,0,all,1,0,memory,7,1000,intersect,eager,production,0,574400,500,500,500,500,1,1,1,1000,1,1,1,500,1.0,1,1
3,nested,start,shuffled,i64,0,all,1,0,memory,7,1000,intersect,eager,native,0,4790700,500,500,500,500,1,1,1,1000,1,1,1,500,1.0,1,1
3,nested,start,shuffled,i64,0,all,1,0,memory,7,1000,intersect,eager,native,1,5284900,500,500,500,500,1,1,1,1000,1,1,1,500,1.0,1,1
3,nested,start,shuffled,i64,0,all,1,0,memory,7,1000,intersect,eager,production,1,682700,500,500,500,500,1,1,1,1000,1,1,1,500,1.0,1,1
3,nested,start,shuffled,i64,0,all,1,0,memory,7,1000,intersect,eager,production,2,586200,500,500,500,500,1,1,1,1000,1,1,1,500,1.0,1,1
3,nested,start,shuffled,i64,0,all,1,0,memory,7,1000,intersect,eager,native,2,4882400,500,500,500,500,1,1,1,1000,1,1,1,500,1.0,1,1
3,nested,start,shuffled,i64,0,all,1,0,memory,7,1000,intersect,lazy_complete,production,0,414800,500,500,500,500,1,1,1,1000,1,1,1,500,1.0,1,1
3,nested,start,shuffled,i64,0,all,1,0,memory,7,1000,intersect,lazy_complete,native,0,5466800,500,500,500,500,1,1,1,1000,1,1,1,500,1.0,1,1
3,nested,start,shuffled,i64,0,all,1,0,memory,7,1000,intersect,lazy_complete,native,1,4565800,500,500,500,500,1,1,1,1000,1,1,1,500,1.0,1,1
3,nested,start,shuffled,i64,0,all,1,0,memory,7,1000,intersect,lazy_complete,production,1,521600,500,500,500,500,1,1,1,1000,1,1,1,500,1.0,1,1
3,nested,start,shuffled,i64,0,all,1,0,memory,7,1000,intersect,lazy_complete,production,2,488400,500,500,500,500,1,1,1,1000,1,1,1,500,1.0,1,1
3,nested,start,shuffled,i64,0,all,1,0,memory,7,1000,intersect,lazy_complete,native,2,4797800,500,500,500,500,1,1,1,1000,1,1,1,500,1.0,1,1
3,nested,start,shuffled,i64,0,all,1,0,memory,7,10000,subtract,eager,production,0,1464300,5000,5000,5000,5000,1,1,0,10000,1,1,1,5000,1.0,1,20
3,nested,start,shuffled,i64,0,all,1,0,memory,7,10000,subtract,eager,native,0,7558100,5000,5000,5000,5000,1,1,0,10000,1,1,1,5000,1.0,1,20
3,nested,start,shuffled,i64,0,all,1,0,memory,7,10000,subtract,eager,native,1,8461100,5000,5000,5000,5000,1,1,0,10000,1,1,1,5000,1.0,1,20
3,nested,start,shuffled,i64,0,all,1,0,memory,7,10000,subtract,eager,production,1,1339000,5000,5000,5000,5000,1,1,0,10000,1,1,1,5000,1.0,1,20
3,nested,start,shuffled,i64,0,all,1,0,memory,7,10000,subtract,eager,production,2,1340800,5000,5000,5000,5000,1,1,0,10000,1,1,1,5000,1.0,1,20
3,nested,start,shuffled,i64,0,all,1,0,memory,7,10000,subtract,eager,native,2,8250700,5000,5000,5000,5000,1,1,0,10000,1,1,1,5000,1.0,1,20
3,nested,start,shuffled,i64,0,all,1,0,memory,7,10000,subtract,lazy_complete,production,0,1101600,5000,5000,5000,5000,1,1,0,10000,1,1,1,5000,1.0,1,20
3,nested,start,shuffled,i64,0,all,1,0,memory,7,10000,subtract,lazy_complete,native,0,7351100,5000,5000,5000,5000,1,1,0,10000,1,1,1,5000,1.0,1,20
3,nested,start,shuffled,i64,0,all,1,0,memory,7,10000,subtract,lazy_complete,native,1,7734500,5000,5000,5000,5000,1,1,0,10000,1,1,1,5000,1.0,1,20
3,nested,start,shuffled,i64,0,all,1,0,memory,7,10000,subtract,lazy_complete,production,1,1108700,5000,5000,5000,5000,1,1,0,10000,1,1,1,5000,1.0,1,20
3,nested,start,shuffled,i64,0,all,1,0,memory,7,10000,subtract,lazy_complete,production,2,1026200,5000,5000,5000,5000,1,1,0,10000,1,1,1,5000,1.0,1,20
3,nested,start,shuffled,i64,0,all,1,0,memory,7,10000,subtract,lazy_complete,native,2,7914100,5000,5000,5000,5000,1,1,0,10000,1,1,1,5000,1.0,1,20
3,nested,start,shuffled,i64,0,all,1,0,memory,7,10000,intersect,eager,production,0,1684900,5000,5000,5000,5000,1,1,1,10000,1,1,1,5000,1.0,1,20
3,nested,start,shuffled,i64,0,all,1,0,memory,7,10000,intersect,eager,native,0,9073700,5000,5000,5000,5000,1,1,1,10000,1,1,1,5000,1.0,1,20
3,nested,start,shuffled,i64,0,all,1,0,memory,7,10000,intersect,eager,native,1,8501400,5000,5000,5000,5000,1,1,1,10000,1,1,1,5000,1.0,1,20
3,nested,start,shuffled,i64,0,all,1,0,memory,7,10000,intersect,eager,production,1,1443300,5000,5000,5000,5000,1,1,1,10000,1,1,1,5000,1.0,1,20
3,nested,start,shuffled,i64,0,all,1,0,memory,7,10000,intersect,eager,production,2,1330400,5000,5000,5000,5000,1,1,1,10000,1,1,1,5000,1.0,1,20
3,nested,start,shuffled,i64,0,all,1,0,memory,7,10000,intersect,eager,native,2,8525800,5000,5000,5000,5000,1,1,1,10000,1,1,1,5000,1.0,1,20
3,nested,start,shuffled,i64,0,all,1,0,memory,7,10000,intersect,lazy_complete,production,0,1180800,5000,5000,5000,5000,1,1,1,10000,1,1,1,5000,1.0,1,20
3,nested,start,shuffled,i64,0,all,1,0,memory,7,10000,intersect,lazy_complete,native,0,9299800,5000,5000,5000,5000,1,1,1,10000,1,1,1,5000,1.0,1,20
3,nested,start,shuffled,i64,0,all,1,0,memory,7,10000,intersect,lazy_complete,native,1,8573400,5000,5000,5000,5000,1,1,1,10000,1,1,1,5000,1.0,1,20
3,nested,start,shuffled,i64,0,all,1,0,memory,7,10000,intersect,lazy_complete,production,1,1062900,5000,5000,5000,5000,1,1,1,10000,1,1,1,5000,1.0,1,20
3,nested,start,shuffled,i64,0,all,1,0,memory,7,10000,intersect,lazy_complete,production,2,873000,5000,5000,5000,5000,1,1,1,10000,1,1,1,5000,1.0,1,20
3,nested,start,shuffled,i64,0,all,1,0,memory,7,10000,intersect,lazy_complete,native,2,7786400,5000,5000,5000,5000,1,1,1,10000,1,1,1,5000,1.0,1,20
3,nested,start,shuffled,i64,0,all,1,0,memory,7,100000,subtract,eager,production,0,3423500,50000,50000,50000,50000,1,1,0,100000,1,1,1,50000,1.0,1,24
3,nested,start,shuffled,i64,0,all,1,0,memory,7,100000,subtract,eager,native,0,27579700,50000,50000,50000,50000,1,1,0,100000,1,1,1,50000,1.0,1,24
3,nested,start,shuffled,i64,0,all,1,0,memory,7,100000,subtract,eager,native,1,22673400,50000,50000,50000,50000,1,1,0,100000,1,1,1,50000,1.0,1,24
3,nested,start,shuffled,i64,0,all,1,0,memory,7,100000,subtract,eager,production,1,3670500,50000,50000,50000,50000,1,1,0,100000,1,1,1,50000,1.0,1,24
3,nested,start,shuffled,i64,0,all,1,0,memory,7,100000,subtract,eager,production,2,3213700,50000,50000,50000,50000,1,1,0,100000,1,1,1,50000,1.0,1,24
3,nested,start,shuffled,i64,0,all,1,0,memory,7,100000,subtract,eager,native,2,22564000,50000,50000,50000,50000,1,1,0,100000,1,1,1,50000,1.0,1,24
3,nested,start,shuffled,i64,0,all,1,0,memory,7,100000,subtract,lazy_complete,production,0,3022600,50000,50000,50000,50000,1,1,0,100000,1,1,1,50000,1.0,1,24
3,nested,start,shuffled,i64,0,all,1,0,memory,7,100000,subtract,lazy_complete,native,0,19579500,50000,50000,50000,50000,1,1,0,100000,1,1,1,50000,1.0,1,24
3,nested,start,shuffled,i64,0,all,1,0,memory,7,100000,subtract,lazy_complete,native,1,20235300,50000,50000,50000,50000,1,1,0,100000,1,1,1,50000,1.0,1,24
3,nested,start,shuffled,i64,0,all,1,0,memory,7,100000,subtract,lazy_complete,production,1,3443900,50000,50000,50000,50000,1,1,0,100000,1,1,1,50000,1.0,1,24
3,nested,start,shuffled,i64,0,all,1,0,memory,7,100000,subtract,lazy_complete,production,2,2634900,50000,50000,50000,50000,1,1,0,100000,1,1,1,50000,1.0,1,24
3,nested,start,shuffled,i64,0,all,1,0,memory,7,100000,subtract,lazy_complete,native,2,20113400,50000,50000,50000,50000,1,1,0,100000,1,1,1,50000,1.0,1,24
3,nested,start,shuffled,i64,0,all,1,0,memory,7,100000,intersect,eager,production,0,3672700,50000,50000,50000,50000,1,1,1,100000,1,1,1,50000,1.0,1,24
3,nested,start,shuffled,i64,0,all,1,0,memory,7,100000,intersect,eager,native,0,23775800,50000,50000,50000,50000,1,1,1,100000,1,1,1,50000,1.0,1,24
3,nested,start,shuffled,i64,0,all,1,0,memory,7,100000,intersect,eager,native,1,24229100,50000,50000,50000,50000,1,1,1,100000,1,1,1,50000,1.0,1,24
3,nested,start,shuffled,i64,0,all,1,0,memory,7,100000,intersect,eager,production,1,3479600,50000,50000,50000,50000,1,1,1,100000,1,1,1,50000,1.0,1,24
3,nested,start,shuffled,i64,0,all,1,0,memory,7,100000,intersect,eager,production,2,3114300,50000,50000,50000,50000,1,1,1,100000,1,1,1,50000,1.0,1,24
3,nested,start,shuffled,i64,0,all,1,0,memory,7,100000,intersect,eager,native,2,24061400,50000,50000,50000,50000,1,1,1,100000,1,1,1,50000,1.0,1,24
3,nested,start,shuffled,i64,0,all,1,0,memory,7,100000,intersect,lazy_complete,production,0,3196900,50000,50000,50000,50000,1,1,1,100000,1,1,1,50000,1.0,1,24
3,nested,start,shuffled,i64,0,all,1,0,memory,7,100000,intersect,lazy_complete,native,0,22685000,50000,50000,50000,50000,1,1,1,100000,1,1,1,50000,1.0,1,24
3,nested,start,shuffled,i64,0,all,1,0,memory,7,100000,intersect,lazy_complete,native,1,23111200,50000,50000,50000,50000,1,1,1,100000,1,1,1,50000,1.0,1,24
3,nested,start,shuffled,i64,0,all,1,0,memory,7,100000,intersect,lazy_complete,production,1,2991100,50000,50000,50000,50000,1,1,1,100000,1,1,1,50000,1.0,1,24
3,nested,start,shuffled,i64,0,all,1,0,memory,7,100000,intersect,lazy_complete,production,2,3044700,50000,50000,50000,50000,1,1,1,100000,1,1,1,50000,1.0,1,24
3,nested,start,shuffled,i64,0,all,1,0,memory,7,100000,intersect,lazy_complete,native,2,22798300,50000,50000,50000,50000,1,1,1,100000,1,1,1,50000,1.0,1,24
4,duplicates,shuffled,reverse,date,0,all,1,0,memory,7,8,subtract,eager,production,0,602600,4,4,4,4,1,1,0,8,1,1,1,4,1.0,1,1
4,duplicates,shuffled,reverse,date,0,all,1,0,memory,7,8,subtract,eager,native,0,3978600,4,4,4,4,1,1,0,8,1,1,1,4,1.0,1,1
4,duplicates,shuffled,reverse,date,0,all,1,0,memory,7,8,subtract,eager,native,1,4720800,4,4,4,4,1,1,0,8,1,1,1,4,1.0,1,1
4,duplicates,shuffled,reverse,date,0,all,1,0,memory,7,8,subtract,eager,production,1,608200,4,4,4,4,1,1,0,8,1,1,1,4,1.0,1,1
4,duplicates,shuffled,reverse,date,0,all,1,0,memory,7,8,subtract,eager,production,2,597600,4,4,4,4,1,1,0,8,1,1,1,4,1.0,1,1
4,duplicates,shuffled,reverse,date,0,all,1,0,memory,7,8,subtract,eager,native,2,4244400,4,4,4,4,1,1,0,8,1,1,1,4,1.0,1,1
4,duplicates,shuffled,reverse,date,0,all,1,0,memory,7,8,subtract,lazy_complete,production,0,427700,4,4,4,4,1,1,0,8,1,1,1,4,1.0,1,1
4,duplicates,shuffled,reverse,date,0,all,1,0,memory,7,8,subtract,lazy_complete,native,0,3819900,4,4,4,4,1,1,0,8,1,1,1,4,1.0,1,1
4,duplicates,shuffled,reverse,date,0,all,1,0,memory,7,8,subtract,lazy_complete,native,1,4196900,4,4,4,4,1,1,0,8,1,1,1,4,1.0,1,1
4,duplicates,shuffled,reverse,date,0,all,1,0,memory,7,8,subtract,lazy_complete,production,1,457700,4,4,4,4,1,1,0,8,1,1,1,4,1.0,1,1
4,duplicates,shuffled,reverse,date,0,all,1,0,memory,7,8,subtract,lazy_complete,production,2,386500,4,4,4,4,1,1,0,8,1,1,1,4,1.0,1,1
4,duplicates,shuffled,reverse,date,0,all,1,0,memory,7,8,subtract,lazy_complete,native,2,4232500,4,4,4,4,1,1,0,8,1,1,1,4,1.0,1,1
4,duplicates,shuffled,reverse,date,0,all,1,0,memory,7,8,intersect,eager,production,0,504300,4,4,4,4,1,1,1,8,1,1,1,4,1.0,1,1
4,duplicates,shuffled,reverse,date,0,all,1,0,memory,7,8,intersect,eager,native,0,5116900,4,4,4,4,1,1,1,8,1,1,1,4,1.0,1,1
4,duplicates,shuffled,reverse,date,0,all,1,0,memory,7,8,intersect,eager,native,1,4253000,4,4,4,4,1,1,1,8,1,1,1,4,1.0,1,1
4,duplicates,shuffled,reverse,date,0,all,1,0,memory,7,8,intersect,eager,production,1,684200,4,4,4,4,1,1,1,8,1,1,1,4,1.0,1,1
4,duplicates,shuffled,reverse,date,0,all,1,0,memory,7,8,intersect,eager,production,2,588900,4,4,4,4,1,1,1,8,1,1,1,4,1.0,1,1
4,duplicates,shuffled,reverse,date,0,all,1,0,memory,7,8,intersect,eager,native,2,5443800,4,4,4,4,1,1,1,8,1,1,1,4,1.0,1,1
4,duplicates,shuffled,reverse,date,0,all,1,0,memory,7,8,intersect,lazy_complete,production,0,529300,4,4,4,4,1,1,1,8,1,1,1,4,1.0,1,1
4,duplicates,shuffled,reverse,date,0,all,1,0,memory,7,8,intersect,lazy_complete,native,0,4463400,4,4,4,4,1,1,1,8,1,1,1,4,1.0,1,1
4,duplicates,shuffled,reverse,date,0,all,1,0,memory,7,8,intersect,lazy_complete,native,1,4916300,4,4,4,4,1,1,1,8,1,1,1,4,1.0,1,1
4,duplicates,shuffled,reverse,date,0,all,1,0,memory,7,8,intersect,lazy_complete,production,1,424200,4,4,4,4,1,1,1,8,1,1,1,4,1.0,1,1
4,duplicates,shuffled,reverse,date,0,all,1,0,memory,7,8,intersect,lazy_complete,production,2,385600,4,4,4,4,1,1,1,8,1,1,1,4,1.0,1,1
4,duplicates,shuffled,reverse,date,0,all,1,0,memory,7,8,intersect,lazy_complete,native,2,4724500,4,4,4,4,1,1,1,8,1,1,1,4,1.0,1,1
4,duplicates,shuffled,reverse,date,0,all,1,0,memory,7,1000,subtract,eager,production,0,796500,500,500,500,500,1,1,0,16,1,1,1,500,1.0,1,1
4,duplicates,shuffled,reverse,date,0,all,1,0,memory,7,1000,subtract,eager,native,0,4959100,500,500,500,500,1,1,0,16,1,1,1,500,1.0,1,1
4,duplicates,shuffled,reverse,date,0,all,1,0,memory,7,1000,subtract,eager,native,1,5548200,500,500,500,500,1,1,0,16,1,1,1,500,1.0,1,1
4,duplicates,shuffled,reverse,date,0,all,1,0,memory,7,1000,subtract,eager,production,1,921400,500,500,500,500,1,1,0,16,1,1,1,500,1.0,1,1
4,duplicates,shuffled,reverse,date,0,all,1,0,memory,7,1000,subtract,eager,production,2,666200,500,500,500,500,1,1,0,16,1,1,1,500,1.0,1,1
4,duplicates,shuffled,reverse,date,0,all,1,0,memory,7,1000,subtract,eager,native,2,5075900,500,500,500,500,1,1,0,16,1,1,1,500,1.0,1,1
4,duplicates,shuffled,reverse,date,0,all,1,0,memory,7,1000,subtract,lazy_complete,production,0,650200,500,500,500,500,1,1,0,16,1,1,1,500,1.0,1,1
4,duplicates,shuffled,reverse,date,0,all,1,0,memory,7,1000,subtract,lazy_complete,native,0,5426000,500,500,500,500,1,1,0,16,1,1,1,500,1.0,1,1
4,duplicates,shuffled,reverse,date,0,all,1,0,memory,7,1000,subtract,lazy_complete,native,1,4690200,500,500,500,500,1,1,0,16,1,1,1,500,1.0,1,1
4,duplicates,shuffled,reverse,date,0,all,1,0,memory,7,1000,subtract,lazy_complete,production,1,640500,500,500,500,500,1,1,0,16,1,1,1,500,1.0,1,1
4,duplicates,shuffled,reverse,date,0,all,1,0,memory,7,1000,subtract,lazy_complete,production,2,474400,500,500,500,500,1,1,0,16,1,1,1,500,1.0,1,1
4,duplicates,shuffled,reverse,date,0,all,1,0,memory,7,1000,subtract,lazy_complete,native,2,4635100,500,500,500,500,1,1,0,16,1,1,1,500,1.0,1,1
4,duplicates,shuffled,reverse,date,0,all,1,0,memory,7,1000,intersect,eager,production,0,816400,500,500,500,500,1,1,1,16,1,1,1,500,1.0,1,1
4,duplicates,shuffled,reverse,date,0,all,1,0,memory,7,1000,intersect,eager,native,0,5628300,500,500,500,500,1,1,1,16,1,1,1,500,1.0,1,1
4,duplicates,shuffled,reverse,date,0,all,1,0,memory,7,1000,intersect,eager,native,1,5076200,500,500,500,500,1,1,1,16,1,1,1,500,1.0,1,1
4,duplicates,shuffled,reverse,date,0,all,1,0,memory,7,1000,intersect,eager,production,1,838400,500,500,500,500,1,1,1,16,1,1,1,500,1.0,1,1
4,duplicates,shuffled,reverse,date,0,all,1,0,memory,7,1000,intersect,eager,production,2,750200,500,500,500,500,1,1,1,16,1,1,1,500,1.0,1,1
4,duplicates,shuffled,reverse,date,0,all,1,0,memory,7,1000,intersect,eager,native,2,4467600,500,500,500,500,1,1,1,16,1,1,1,500,1.0,1,1
4,duplicates,shuffled,reverse,date,0,all,1,0,memory,7,1000,intersect,lazy_complete,production,0,623100,500,500,500,500,1,1,1,16,1,1,1,500,1.0,1,1
4,duplicates,shuffled,reverse,date,0,all,1,0,memory,7,1000,intersect,lazy_complete,native,0,5129400,500,500,500,500,1,1,1,16,1,1,1,500,1.0,1,1
4,duplicates,shuffled,reverse,date,0,all,1,0,memory,7,1000,intersect,lazy_complete,native,1,4761400,500,500,500,500,1,1,1,16,1,1,1,500,1.0,1,1
4,duplicates,shuffled,reverse,date,0,all,1,0,memory,7,1000,intersect,lazy_complete,production,1,570500,500,500,500,500,1,1,1,16,1,1,1,500,1.0,1,1
4,duplicates,shuffled,reverse,date,0,all,1,0,memory,7,1000,intersect,lazy_complete,production,2,510700,500,500,500,500,1,1,1,16,1,1,1,500,1.0,1,1
4,duplicates,shuffled,reverse,date,0,all,1,0,memory,7,1000,intersect,lazy_complete,native,2,5182200,500,500,500,500,1,1,1,16,1,1,1,500,1.0,1,1
4,duplicates,shuffled,reverse,date,0,all,1,0,memory,7,10000,subtract,eager,production,0,1251200,5000,5000,5000,5000,1,1,0,16,1,1,1,5000,1.0,20,1
4,duplicates,shuffled,reverse,date,0,all,1,0,memory,7,10000,subtract,eager,native,0,5664700,5000,5000,5000,5000,1,1,0,16,1,1,1,5000,1.0,20,1
4,duplicates,shuffled,reverse,date,0,all,1,0,memory,7,10000,subtract,eager,native,1,5091600,5000,5000,5000,5000,1,1,0,16,1,1,1,5000,1.0,20,1
4,duplicates,shuffled,reverse,date,0,all,1,0,memory,7,10000,subtract,eager,production,1,1432300,5000,5000,5000,5000,1,1,0,16,1,1,1,5000,1.0,20,1
4,duplicates,shuffled,reverse,date,0,all,1,0,memory,7,10000,subtract,eager,production,2,1294000,5000,5000,5000,5000,1,1,0,16,1,1,1,5000,1.0,20,1
4,duplicates,shuffled,reverse,date,0,all,1,0,memory,7,10000,subtract,eager,native,2,6720400,5000,5000,5000,5000,1,1,0,16,1,1,1,5000,1.0,20,1
4,duplicates,shuffled,reverse,date,0,all,1,0,memory,7,10000,subtract,lazy_complete,production,0,948200,5000,5000,5000,5000,1,1,0,16,1,1,1,5000,1.0,20,1
4,duplicates,shuffled,reverse,date,0,all,1,0,memory,7,10000,subtract,lazy_complete,native,0,4981100,5000,5000,5000,5000,1,1,0,16,1,1,1,5000,1.0,20,1
4,duplicates,shuffled,reverse,date,0,all,1,0,memory,7,10000,subtract,lazy_complete,native,1,5111600,5000,5000,5000,5000,1,1,0,16,1,1,1,5000,1.0,20,1
4,duplicates,shuffled,reverse,date,0,all,1,0,memory,7,10000,subtract,lazy_complete,production,1,894100,5000,5000,5000,5000,1,1,0,16,1,1,1,5000,1.0,20,1
4,duplicates,shuffled,reverse,date,0,all,1,0,memory,7,10000,subtract,lazy_complete,production,2,734100,5000,5000,5000,5000,1,1,0,16,1,1,1,5000,1.0,20,1
4,duplicates,shuffled,reverse,date,0,all,1,0,memory,7,10000,subtract,lazy_complete,native,2,4723300,5000,5000,5000,5000,1,1,0,16,1,1,1,5000,1.0,20,1
4,duplicates,shuffled,reverse,date,0,all,1,0,memory,7,10000,intersect,eager,production,0,1271400,5000,5000,5000,5000,1,1,1,16,1,1,1,5000,1.0,20,1
4,duplicates,shuffled,reverse,date,0,all,1,0,memory,7,10000,intersect,eager,native,0,5629100,5000,5000,5000,5000,1,1,1,16,1,1,1,5000,1.0,20,1
4,duplicates,shuffled,reverse,date,0,all,1,0,memory,7,10000,intersect,eager,native,1,5841700,5000,5000,5000,5000,1,1,1,16,1,1,1,5000,1.0,20,1
4,duplicates,shuffled,reverse,date,0,all,1,0,memory,7,10000,intersect,eager,production,1,1235100,5000,5000,5000,5000,1,1,1,16,1,1,1,5000,1.0,20,1
4,duplicates,shuffled,reverse,date,0,all,1,0,memory,7,10000,intersect,eager,production,2,1449100,5000,5000,5000,5000,1,1,1,16,1,1,1,5000,1.0,20,1
4,duplicates,shuffled,reverse,date,0,all,1,0,memory,7,10000,intersect,eager,native,2,6027600,5000,5000,5000,5000,1,1,1,16,1,1,1,5000,1.0,20,1
4,duplicates,shuffled,reverse,date,0,all,1,0,memory,7,10000,intersect,lazy_complete,production,0,1040700,5000,5000,5000,5000,1,1,1,16,1,1,1,5000,1.0,20,1
4,duplicates,shuffled,reverse,date,0,all,1,0,memory,7,10000,intersect,lazy_complete,native,0,4963200,5000,5000,5000,5000,1,1,1,16,1,1,1,5000,1.0,20,1
4,duplicates,shuffled,reverse,date,0,all,1,0,memory,7,10000,intersect,lazy_complete,native,1,5151800,5000,5000,5000,5000,1,1,1,16,1,1,1,5000,1.0,20,1
4,duplicates,shuffled,reverse,date,0,all,1,0,memory,7,10000,intersect,lazy_complete,production,1,1064800,5000,5000,5000,5000,1,1,1,16,1,1,1,5000,1.0,20,1
4,duplicates,shuffled,reverse,date,0,all,1,0,memory,7,10000,intersect,lazy_complete,production,2,881100,5000,5000,5000,5000,1,1,1,16,1,1,1,5000,1.0,20,1
4,duplicates,shuffled,reverse,date,0,all,1,0,memory,7,10000,intersect,lazy_complete,native,2,5699800,5000,5000,5000,5000,1,1,1,16,1,1,1,5000,1.0,20,1
4,duplicates,shuffled,reverse,date,0,all,1,0,memory,7,100000,subtract,eager,production,0,2837300,50000,50000,50000,50000,1,1,0,16,1,1,1,50000,1.0,24,1
4,duplicates,shuffled,reverse,date,0,all,1,0,memory,7,100000,subtract,eager,native,0,10099600,50000,50000,50000,50000,1,1,0,16,1,1,1,50000,1.0,24,1
4,duplicates,shuffled,reverse,date,0,all,1,0,memory,7,100000,subtract,eager,native,1,10094500,50000,50000,50000,50000,1,1,0,16,1,1,1,50000,1.0,24,1
4,duplicates,shuffled,reverse,date,0,all,1,0,memory,7,100000,subtract,eager,production,1,3399000,50000,50000,50000,50000,1,1,0,16,1,1,1,50000,1.0,24,1
4,duplicates,shuffled,reverse,date,0,all,1,0,memory,7,100000,subtract,eager,production,2,2637100,50000,50000,50000,50000,1,1,0,16,1,1,1,50000,1.0,24,1
4,duplicates,shuffled,reverse,date,0,all,1,0,memory,7,100000,subtract,eager,native,2,9420300,50000,50000,50000,50000,1,1,0,16,1,1,1,50000,1.0,24,1
4,duplicates,shuffled,reverse,date,0,all,1,0,memory,7,100000,subtract,lazy_complete,production,0,2392600,50000,50000,50000,50000,1,1,0,16,1,1,1,50000,1.0,24,1
4,duplicates,shuffled,reverse,date,0,all,1,0,memory,7,100000,subtract,lazy_complete,native,0,8938600,50000,50000,50000,50000,1,1,0,16,1,1,1,50000,1.0,24,1
4,duplicates,shuffled,reverse,date,0,all,1,0,memory,7,100000,subtract,lazy_complete,native,1,8923300,50000,50000,50000,50000,1,1,0,16,1,1,1,50000,1.0,24,1
4,duplicates,shuffled,reverse,date,0,all,1,0,memory,7,100000,subtract,lazy_complete,production,1,2285700,50000,50000,50000,50000,1,1,0,16,1,1,1,50000,1.0,24,1
4,duplicates,shuffled,reverse,date,0,all,1,0,memory,7,100000,subtract,lazy_complete,production,2,1951800,50000,50000,50000,50000,1,1,0,16,1,1,1,50000,1.0,24,1
4,duplicates,shuffled,reverse,date,0,all,1,0,memory,7,100000,subtract,lazy_complete,native,2,8396800,50000,50000,50000,50000,1,1,0,16,1,1,1,50000,1.0,24,1
4,duplicates,shuffled,reverse,date,0,all,1,0,memory,7,100000,intersect,eager,production,0,2969200,50000,50000,50000,50000,1,1,1,16,1,1,1,50000,1.0,24,1
4,duplicates,shuffled,reverse,date,0,all,1,0,memory,7,100000,intersect,eager,native,0,9602900,50000,50000,50000,50000,1,1,1,16,1,1,1,50000,1.0,24,1
4,duplicates,shuffled,reverse,date,0,all,1,0,memory,7,100000,intersect,eager,native,1,9711900,50000,50000,50000,50000,1,1,1,16,1,1,1,50000,1.0,24,1
4,duplicates,shuffled,reverse,date,0,all,1,0,memory,7,100000,intersect,eager,production,1,2714600,50000,50000,50000,50000,1,1,1,16,1,1,1,50000,1.0,24,1
4,duplicates,shuffled,reverse,date,0,all,1,0,memory,7,100000,intersect,eager,production,2,2305400,50000,50000,50000,50000,1,1,1,16,1,1,1,50000,1.0,24,1
4,duplicates,shuffled,reverse,date,0,all,1,0,memory,7,100000,intersect,eager,native,2,9331500,50000,50000,50000,50000,1,1,1,16,1,1,1,50000,1.0,24,1
4,duplicates,shuffled,reverse,date,0,all,1,0,memory,7,100000,intersect,lazy_complete,production,0,2355800,50000,50000,50000,50000,1,1,1,16,1,1,1,50000,1.0,24,1
4,duplicates,shuffled,reverse,date,0,all,1,0,memory,7,100000,intersect,lazy_complete,native,0,8818500,50000,50000,50000,50000,1,1,1,16,1,1,1,50000,1.0,24,1
4,duplicates,shuffled,reverse,date,0,all,1,0,memory,7,100000,intersect,lazy_complete,native,1,9720400,50000,50000,50000,50000,1,1,1,16,1,1,1,50000,1.0,24,1
4,duplicates,shuffled,reverse,date,0,all,1,0,memory,7,100000,intersect,lazy_complete,production,1,2303900,50000,50000,50000,50000,1,1,1,16,1,1,1,50000,1.0,24,1
4,duplicates,shuffled,reverse,date,0,all,1,0,memory,7,100000,intersect,lazy_complete,production,2,1811000,50000,50000,50000,50000,1,1,1,16,1,1,1,50000,1.0,24,1
4,duplicates,shuffled,reverse,date,0,all,1,0,memory,7,100000,intersect,lazy_complete,native,2,9289600,50000,50000,50000,50000,1,1,1,16,1,1,1,50000,1.0,24,1
5,touching,reverse,start,i64,0,all,1,0,memory,7,8,subtract,eager,production,0,789100,4,4,4,4,1,1,1,10,1,1,1,4,1.0,1,1
5,touching,reverse,start,i64,0,all,1,0,memory,7,8,subtract,eager,native,0,4931000,4,4,4,4,1,1,1,10,1,1,1,4,1.0,1,1
5,touching,reverse,start,i64,0,all,1,0,memory,7,8,subtract,eager,native,1,5648400,4,4,4,4,1,1,1,10,1,1,1,4,1.0,1,1
5,touching,reverse,start,i64,0,all,1,0,memory,7,8,subtract,eager,production,1,852800,4,4,4,4,1,1,1,10,1,1,1,4,1.0,1,1
5,touching,reverse,start,i64,0,all,1,0,memory,7,8,subtract,eager,production,2,775600,4,4,4,4,1,1,1,10,1,1,1,4,1.0,1,1
5,touching,reverse,start,i64,0,all,1,0,memory,7,8,subtract,eager,native,2,4739600,4,4,4,4,1,1,1,10,1,1,1,4,1.0,1,1
5,touching,reverse,start,i64,0,all,1,0,memory,7,8,subtract,lazy_complete,production,0,589800,4,4,4,4,1,1,1,10,1,1,1,4,1.0,1,1
5,touching,reverse,start,i64,0,all,1,0,memory,7,8,subtract,lazy_complete,native,0,4759300,4,4,4,4,1,1,1,10,1,1,1,4,1.0,1,1
5,touching,reverse,start,i64,0,all,1,0,memory,7,8,subtract,lazy_complete,native,1,4216200,4,4,4,4,1,1,1,10,1,1,1,4,1.0,1,1
5,touching,reverse,start,i64,0,all,1,0,memory,7,8,subtract,lazy_complete,production,1,549400,4,4,4,4,1,1,1,10,1,1,1,4,1.0,1,1
5,touching,reverse,start,i64,0,all,1,0,memory,7,8,subtract,lazy_complete,production,2,629800,4,4,4,4,1,1,1,10,1,1,1,4,1.0,1,1
5,touching,reverse,start,i64,0,all,1,0,memory,7,8,subtract,lazy_complete,native,2,4987300,4,4,4,4,1,1,1,10,1,1,1,4,1.0,1,1
5,touching,reverse,start,i64,0,all,1,0,memory,7,8,intersect,eager,production,0,765700,4,4,4,4,1,1,1,10,1,1,1,4,1.0,1,1
5,touching,reverse,start,i64,0,all,1,0,memory,7,8,intersect,eager,native,0,5089000,4,4,4,4,1,1,1,10,1,1,1,4,1.0,1,1
5,touching,reverse,start,i64,0,all,1,0,memory,7,8,intersect,eager,native,1,4636100,4,4,4,4,1,1,1,10,1,1,1,4,1.0,1,1
5,touching,reverse,start,i64,0,all,1,0,memory,7,8,intersect,eager,production,1,633800,4,4,4,4,1,1,1,10,1,1,1,4,1.0,1,1
5,touching,reverse,start,i64,0,all,1,0,memory,7,8,intersect,eager,production,2,702200,4,4,4,4,1,1,1,10,1,1,1,4,1.0,1,1
5,touching,reverse,start,i64,0,all,1,0,memory,7,8,intersect,eager,native,2,5419100,4,4,4,4,1,1,1,10,1,1,1,4,1.0,1,1
5,touching,reverse,start,i64,0,all,1,0,memory,7,8,intersect,lazy_complete,production,0,492900,4,4,4,4,1,1,1,10,1,1,1,4,1.0,1,1
5,touching,reverse,start,i64,0,all,1,0,memory,7,8,intersect,lazy_complete,native,0,3811900,4,4,4,4,1,1,1,10,1,1,1,4,1.0,1,1
5,touching,reverse,start,i64,0,all,1,0,memory,7,8,intersect,lazy_complete,native,1,4235300,4,4,4,4,1,1,1,10,1,1,1,4,1.0,1,1
5,touching,reverse,start,i64,0,all,1,0,memory,7,8,intersect,lazy_complete,production,1,521600,4,4,4,4,1,1,1,10,1,1,1,4,1.0,1,1
5,touching,reverse,start,i64,0,all,1,0,memory,7,8,intersect,lazy_complete,production,2,412800,4,4,4,4,1,1,1,10,1,1,1,4,1.0,1,1
5,touching,reverse,start,i64,0,all,1,0,memory,7,8,intersect,lazy_complete,native,2,4460300,4,4,4,4,1,1,1,10,1,1,1,4,1.0,1,1
5,touching,reverse,start,i64,0,all,1,0,memory,7,1000,subtract,eager,production,0,749300,500,500,500,500,1,1,1,1002,1,1,1,500,1.0,1,1
5,touching,reverse,start,i64,0,all,1,0,memory,7,1000,subtract,eager,native,0,6147700,500,500,500,500,1,1,1,1002,1,1,1,500,1.0,1,1
5,touching,reverse,start,i64,0,all,1,0,memory,7,1000,subtract,eager,native,1,5702500,500,500,500,500,1,1,1,1002,1,1,1,500,1.0,1,1
5,touching,reverse,start,i64,0,all,1,0,memory,7,1000,subtract,eager,production,1,606600,500,500,500,500,1,1,1,1002,1,1,1,500,1.0,1,1
5,touching,reverse,start,i64,0,all,1,0,memory,7,1000,subtract,eager,production,2,491000,500,500,500,500,1,1,1,1002,1,1,1,500,1.0,1,1
5,touching,reverse,start,i64,0,all,1,0,memory,7,1000,subtract,eager,native,2,5635500,500,500,500,500,1,1,1,1002,1,1,1,500,1.0,1,1
5,touching,reverse,start,i64,0,all,1,0,memory,7,1000,subtract,lazy_complete,production,0,533000,500,500,500,500,1,1,1,1002,1,1,1,500,1.0,1,1
5,touching,reverse,start,i64,0,all,1,0,memory,7,1000,subtract,lazy_complete,native,0,5260400,500,500,500,500,1,1,1,1002,1,1,1,500,1.0,1,1
5,touching,reverse,start,i64,0,all,1,0,memory,7,1000,subtract,lazy_complete,native,1,5465200,500,500,500,500,1,1,1,1002,1,1,1,500,1.0,1,1
5,touching,reverse,start,i64,0,all,1,0,memory,7,1000,subtract,lazy_complete,production,1,571900,500,500,500,500,1,1,1,1002,1,1,1,500,1.0,1,1
5,touching,reverse,start,i64,0,all,1,0,memory,7,1000,subtract,lazy_complete,production,2,370900,500,500,500,500,1,1,1,1002,1,1,1,500,1.0,1,1
5,touching,reverse,start,i64,0,all,1,0,memory,7,1000,subtract,lazy_complete,native,2,5105200,500,500,500,500,1,1,1,1002,1,1,1,500,1.0,1,1
5,touching,reverse,start,i64,0,all,1,0,memory,7,1000,intersect,eager,production,0,587600,500,500,500,500,1,1,1,1002,1,1,1,500,1.0,1,1
5,touching,reverse,start,i64,0,all,1,0,memory,7,1000,intersect,eager,native,0,5356000,500,500,500,500,1,1,1,1002,1,1,1,500,1.0,1,1
5,touching,reverse,start,i64,0,all,1,0,memory,7,1000,intersect,eager,native,1,5976800,500,500,500,500,1,1,1,1002,1,1,1,500,1.0,1,1
5,touching,reverse,start,i64,0,all,1,0,memory,7,1000,intersect,eager,production,1,742500,500,500,500,500,1,1,1,1002,1,1,1,500,1.0,1,1
5,touching,reverse,start,i64,0,all,1,0,memory,7,1000,intersect,eager,production,2,557900,500,500,500,500,1,1,1,1002,1,1,1,500,1.0,1,1
5,touching,reverse,start,i64,0,all,1,0,memory,7,1000,intersect,eager,native,2,5815300,500,500,500,500,1,1,1,1002,1,1,1,500,1.0,1,1
5,touching,reverse,start,i64,0,all,1,0,memory,7,1000,intersect,lazy_complete,production,0,530500,500,500,500,500,1,1,1,1002,1,1,1,500,1.0,1,1
5,touching,reverse,start,i64,0,all,1,0,memory,7,1000,intersect,lazy_complete,native,0,5648500,500,500,500,500,1,1,1,1002,1,1,1,500,1.0,1,1
5,touching,reverse,start,i64,0,all,1,0,memory,7,1000,intersect,lazy_complete,native,1,5934400,500,500,500,500,1,1,1,1002,1,1,1,500,1.0,1,1
5,touching,reverse,start,i64,0,all,1,0,memory,7,1000,intersect,lazy_complete,production,1,412600,500,500,500,500,1,1,1,1002,1,1,1,500,1.0,1,1
5,touching,reverse,start,i64,0,all,1,0,memory,7,1000,intersect,lazy_complete,production,2,451100,500,500,500,500,1,1,1,1002,1,1,1,500,1.0,1,1
5,touching,reverse,start,i64,0,all,1,0,memory,7,1000,intersect,lazy_complete,native,2,4974500,500,500,500,500,1,1,1,1002,1,1,1,500,1.0,1,1
5,touching,reverse,start,i64,0,all,1,0,memory,7,10000,subtract,eager,production,0,721600,5000,5000,5000,5000,1,1,1,10002,1,1,1,5000,1.0,1,1
5,touching,reverse,start,i64,0,all,1,0,memory,7,10000,subtract,eager,native,0,7378100,5000,5000,5000,5000,1,1,1,10002,1,1,1,5000,1.0,1,1
5,touching,reverse,start,i64,0,all,1,0,memory,7,10000,subtract,eager,native,1,8383600,5000,5000,5000,5000,1,1,1,10002,1,1,1,5000,1.0,1,1
5,touching,reverse,start,i64,0,all,1,0,memory,7,10000,subtract,eager,production,1,812800,5000,5000,5000,5000,1,1,1,10002,1,1,1,5000,1.0,1,1
5,touching,reverse,start,i64,0,all,1,0,memory,7,10000,subtract,eager,production,2,737400,5000,5000,5000,5000,1,1,1,10002,1,1,1,5000,1.0,1,1
5,touching,reverse,start,i64,0,all,1,0,memory,7,10000,subtract,eager,native,2,7483500,5000,5000,5000,5000,1,1,1,10002,1,1,1,5000,1.0,1,1
5,touching,reverse,start,i64,0,all,1,0,memory,7,10000,subtract,lazy_complete,production,0,587000,5000,5000,5000,5000,1,1,1,10002,1,1,1,5000,1.0,1,1
5,touching,reverse,start,i64,0,all,1,0,memory,7,10000,subtract,lazy_complete,native,0,7654000,5000,5000,5000,5000,1,1,1,10002,1,1,1,5000,1.0,1,1
5,touching,reverse,start,i64,0,all,1,0,memory,7,10000,subtract,lazy_complete,native,1,7244900,5000,5000,5000,5000,1,1,1,10002,1,1,1,5000,1.0,1,1
5,touching,reverse,start,i64,0,all,1,0,memory,7,10000,subtract,lazy_complete,production,1,567500,5000,5000,5000,5000,1,1,1,10002,1,1,1,5000,1.0,1,1
5,touching,reverse,start,i64,0,all,1,0,memory,7,10000,subtract,lazy_complete,production,2,479900,5000,5000,5000,5000,1,1,1,10002,1,1,1,5000,1.0,1,1
5,touching,reverse,start,i64,0,all,1,0,memory,7,10000,subtract,lazy_complete,native,2,7123300,5000,5000,5000,5000,1,1,1,10002,1,1,1,5000,1.0,1,1
5,touching,reverse,start,i64,0,all,1,0,memory,7,10000,intersect,eager,production,0,627500,5000,5000,5000,5000,1,1,1,10002,1,1,1,5000,1.0,1,1
5,touching,reverse,start,i64,0,all,1,0,memory,7,10000,intersect,eager,native,0,8476300,5000,5000,5000,5000,1,1,1,10002,1,1,1,5000,1.0,1,1
5,touching,reverse,start,i64,0,all,1,0,memory,7,10000,intersect,eager,native,1,7893400,5000,5000,5000,5000,1,1,1,10002,1,1,1,5000,1.0,1,1
5,touching,reverse,start,i64,0,all,1,0,memory,7,10000,intersect,eager,production,1,809400,5000,5000,5000,5000,1,1,1,10002,1,1,1,5000,1.0,1,1
5,touching,reverse,start,i64,0,all,1,0,memory,7,10000,intersect,eager,production,2,570000,5000,5000,5000,5000,1,1,1,10002,1,1,1,5000,1.0,1,1
5,touching,reverse,start,i64,0,all,1,0,memory,7,10000,intersect,eager,native,2,8616200,5000,5000,5000,5000,1,1,1,10002,1,1,1,5000,1.0,1,1
5,touching,reverse,start,i64,0,all,1,0,memory,7,10000,intersect,lazy_complete,production,0,625800,5000,5000,5000,5000,1,1,1,10002,1,1,1,5000,1.0,1,1
5,touching,reverse,start,i64,0,all,1,0,memory,7,10000,intersect,lazy_complete,native,0,7665800,5000,5000,5000,5000,1,1,1,10002,1,1,1,5000,1.0,1,1
5,touching,reverse,start,i64,0,all,1,0,memory,7,10000,intersect,lazy_complete,native,1,7790800,5000,5000,5000,5000,1,1,1,10002,1,1,1,5000,1.0,1,1
5,touching,reverse,start,i64,0,all,1,0,memory,7,10000,intersect,lazy_complete,production,1,621900,5000,5000,5000,5000,1,1,1,10002,1,1,1,5000,1.0,1,1
5,touching,reverse,start,i64,0,all,1,0,memory,7,10000,intersect,lazy_complete,production,2,510200,5000,5000,5000,5000,1,1,1,10002,1,1,1,5000,1.0,1,1
5,touching,reverse,start,i64,0,all,1,0,memory,7,10000,intersect,lazy_complete,native,2,8104500,5000,5000,5000,5000,1,1,1,10002,1,1,1,5000,1.0,1,1
5,touching,reverse,start,i64,0,all,1,0,memory,7,100000,subtract,eager,production,0,1507100,50000,50000,50000,50000,1,1,1,100002,1,1,1,50000,1.0,1,1
5,touching,reverse,start,i64,0,all,1,0,memory,7,100000,subtract,eager,native,0,19678500,50000,50000,50000,50000,1,1,1,100002,1,1,1,50000,1.0,1,1
5,touching,reverse,start,i64,0,all,1,0,memory,7,100000,subtract,eager,native,1,20032800,50000,50000,50000,50000,1,1,1,100002,1,1,1,50000,1.0,1,1
5,touching,reverse,start,i64,0,all,1,0,memory,7,100000,subtract,eager,production,1,1576600,50000,50000,50000,50000,1,1,1,100002,1,1,1,50000,1.0,1,1
5,touching,reverse,start,i64,0,all,1,0,memory,7,100000,subtract,eager,production,2,1286000,50000,50000,50000,50000,1,1,1,100002,1,1,1,50000,1.0,1,1
5,touching,reverse,start,i64,0,all,1,0,memory,7,100000,subtract,eager,native,2,20085000,50000,50000,50000,50000,1,1,1,100002,1,1,1,50000,1.0,1,1
5,touching,reverse,start,i64,0,all,1,0,memory,7,100000,subtract,lazy_complete,production,0,1429700,50000,50000,50000,50000,1,1,1,100002,1,1,1,50000,1.0,1,1
5,touching,reverse,start,i64,0,all,1,0,memory,7,100000,subtract,lazy_complete,native,0,20628400,50000,50000,50000,50000,1,1,1,100002,1,1,1,50000,1.0,1,1
5,touching,reverse,start,i64,0,all,1,0,memory,7,100000,subtract,lazy_complete,native,1,19100000,50000,50000,50000,50000,1,1,1,100002,1,1,1,50000,1.0,1,1
5,touching,reverse,start,i64,0,all,1,0,memory,7,100000,subtract,lazy_complete,production,1,1427000,50000,50000,50000,50000,1,1,1,100002,1,1,1,50000,1.0,1,1
5,touching,reverse,start,i64,0,all,1,0,memory,7,100000,subtract,lazy_complete,production,2,1411100,50000,50000,50000,50000,1,1,1,100002,1,1,1,50000,1.0,1,1
5,touching,reverse,start,i64,0,all,1,0,memory,7,100000,subtract,lazy_complete,native,2,18926900,50000,50000,50000,50000,1,1,1,100002,1,1,1,50000,1.0,1,1
5,touching,reverse,start,i64,0,all,1,0,memory,7,100000,intersect,eager,production,0,1506000,50000,50000,50000,50000,1,1,1,100002,1,1,1,50000,1.0,1,1
5,touching,reverse,start,i64,0,all,1,0,memory,7,100000,intersect,eager,native,0,23302800,50000,50000,50000,50000,1,1,1,100002,1,1,1,50000,1.0,1,1
5,touching,reverse,start,i64,0,all,1,0,memory,7,100000,intersect,eager,native,1,23279200,50000,50000,50000,50000,1,1,1,100002,1,1,1,50000,1.0,1,1
5,touching,reverse,start,i64,0,all,1,0,memory,7,100000,intersect,eager,production,1,1725000,50000,50000,50000,50000,1,1,1,100002,1,1,1,50000,1.0,1,1
5,touching,reverse,start,i64,0,all,1,0,memory,7,100000,intersect,eager,production,2,1300500,50000,50000,50000,50000,1,1,1,100002,1,1,1,50000,1.0,1,1
5,touching,reverse,start,i64,0,all,1,0,memory,7,100000,intersect,eager,native,2,20979100,50000,50000,50000,50000,1,1,1,100002,1,1,1,50000,1.0,1,1
5,touching,reverse,start,i64,0,all,1,0,memory,7,100000,intersect,lazy_complete,production,0,1452600,50000,50000,50000,50000,1,1,1,100002,1,1,1,50000,1.0,1,1
5,touching,reverse,start,i64,0,all,1,0,memory,7,100000,intersect,lazy_complete,native,0,25740000,50000,50000,50000,50000,1,1,1,100002,1,1,1,50000,1.0,1,1
5,touching,reverse,start,i64,0,all,1,0,memory,7,100000,intersect,lazy_complete,native,1,23676100,50000,50000,50000,50000,1,1,1,100002,1,1,1,50000,1.0,1,1
5,touching,reverse,start,i64,0,all,1,0,memory,7,100000,intersect,lazy_complete,production,1,1443200,50000,50000,50000,50000,1,1,1,100002,1,1,1,50000,1.0,1,1
5,touching,reverse,start,i64,0,all,1,0,memory,7,100000,intersect,lazy_complete,production,2,1363900,50000,50000,50000,50000,1,1,1,100002,1,1,1,50000,1.0,1,1
5,touching,reverse,start,i64,0,all,1,0,memory,7,100000,intersect,lazy_complete,native,2,22370900,50000,50000,50000,50000,1,1,1,100002,1,1,1,50000,1.0,1,1
6,disjoint,shuffled,shuffled,u64,0,all,1,0,memory,7,8,subtract,eager,production,0,507100,4,4,4,4,4,4,4,16,1,1,1,4,1.0,1,1
6,disjoint,shuffled,shuffled,u64,0,all,1,0,memory,7,8,subtract,eager,native,0,4551100,4,4,4,4,4,4,4,16,1,1,1,4,1.0,1,1
6,disjoint,shuffled,shuffled,u64,0,all,1,0,memory,7,8,subtract,eager,native,1,4290800,4,4,4,4,4,4,4,16,1,1,1,4,1.0,1,1
6,disjoint,shuffled,shuffled,u64,0,all,1,0,memory,7,8,subtract,eager,production,1,607000,4,4,4,4,4,4,4,16,1,1,1,4,1.0,1,1
6,disjoint,shuffled,shuffled,u64,0,all,1,0,memory,7,8,subtract,eager,production,2,538900,4,4,4,4,4,4,4,16,1,1,1,4,1.0,1,1
6,disjoint,shuffled,shuffled,u64,0,all,1,0,memory,7,8,subtract,eager,native,2,4679700,4,4,4,4,4,4,4,16,1,1,1,4,1.0,1,1
6,disjoint,shuffled,shuffled,u64,0,all,1,0,memory,7,8,subtract,lazy_complete,production,0,620800,4,4,4,4,4,4,4,16,1,1,1,4,1.0,1,1
6,disjoint,shuffled,shuffled,u64,0,all,1,0,memory,7,8,subtract,lazy_complete,native,0,4140500,4,4,4,4,4,4,4,16,1,1,1,4,1.0,1,1
6,disjoint,shuffled,shuffled,u64,0,all,1,0,memory,7,8,subtract,lazy_complete,native,1,4232400,4,4,4,4,4,4,4,16,1,1,1,4,1.0,1,1
6,disjoint,shuffled,shuffled,u64,0,all,1,0,memory,7,8,subtract,lazy_complete,production,1,453300,4,4,4,4,4,4,4,16,1,1,1,4,1.0,1,1
6,disjoint,shuffled,shuffled,u64,0,all,1,0,memory,7,8,subtract,lazy_complete,production,2,466300,4,4,4,4,4,4,4,16,1,1,1,4,1.0,1,1
6,disjoint,shuffled,shuffled,u64,0,all,1,0,memory,7,8,subtract,lazy_complete,native,2,4658000,4,4,4,4,4,4,4,16,1,1,1,4,1.0,1,1
6,disjoint,shuffled,shuffled,u64,0,all,1,0,memory,7,8,intersect,eager,production,0,697600,4,4,4,4,4,4,0,16,1,1,1,4,1.0,1,1
6,disjoint,shuffled,shuffled,u64,0,all,1,0,memory,7,8,intersect,eager,native,0,4204500,4,4,4,4,4,4,0,16,1,1,1,4,1.0,1,1
6,disjoint,shuffled,shuffled,u64,0,all,1,0,memory,7,8,intersect,eager,native,1,4397800,4,4,4,4,4,4,0,16,1,1,1,4,1.0,1,1
6,disjoint,shuffled,shuffled,u64,0,all,1,0,memory,7,8,intersect,eager,production,1,552200,4,4,4,4,4,4,0,16,1,1,1,4,1.0,1,1
6,disjoint,shuffled,shuffled,u64,0,all,1,0,memory,7,8,intersect,eager,production,2,386900,4,4,4,4,4,4,0,16,1,1,1,4,1.0,1,1
6,disjoint,shuffled,shuffled,u64,0,all,1,0,memory,7,8,intersect,eager,native,2,4017700,4,4,4,4,4,4,0,16,1,1,1,4,1.0,1,1
6,disjoint,shuffled,shuffled,u64,0,all,1,0,memory,7,8,intersect,lazy_complete,production,0,542600,4,4,4,4,4,4,0,16,1,1,1,4,1.0,1,1
6,disjoint,shuffled,shuffled,u64,0,all,1,0,memory,7,8,intersect,lazy_complete,native,0,3881300,4,4,4,4,4,4,0,16,1,1,1,4,1.0,1,1
6,disjoint,shuffled,shuffled,u64,0,all,1,0,memory,7,8,intersect,lazy_complete,native,1,4425400,4,4,4,4,4,4,0,16,1,1,1,4,1.0,1,1
6,disjoint,shuffled,shuffled,u64,0,all,1,0,memory,7,8,intersect,lazy_complete,production,1,472700,4,4,4,4,4,4,0,16,1,1,1,4,1.0,1,1
6,disjoint,shuffled,shuffled,u64,0,all,1,0,memory,7,8,intersect,lazy_complete,production,2,381100,4,4,4,4,4,4,0,16,1,1,1,4,1.0,1,1
6,disjoint,shuffled,shuffled,u64,0,all,1,0,memory,7,8,intersect,lazy_complete,native,2,4706300,4,4,4,4,4,4,0,16,1,1,1,4,1.0,1,1
6,disjoint,shuffled,shuffled,u64,0,all,1,0,memory,7,1000,subtract,eager,production,0,858400,500,500,500,500,500,500,500,2000,1,1,1,500,1.0,1,1
6,disjoint,shuffled,shuffled,u64,0,all,1,0,memory,7,1000,subtract,eager,native,0,6147900,500,500,500,500,500,500,500,2000,1,1,1,500,1.0,1,1
6,disjoint,shuffled,shuffled,u64,0,all,1,0,memory,7,1000,subtract,eager,native,1,6343400,500,500,500,500,500,500,500,2000,1,1,1,500,1.0,1,1
6,disjoint,shuffled,shuffled,u64,0,all,1,0,memory,7,1000,subtract,eager,production,1,730900,500,500,500,500,500,500,500,2000,1,1,1,500,1.0,1,1
6,disjoint,shuffled,shuffled,u64,0,all,1,0,memory,7,1000,subtract,eager,production,2,576900,500,500,500,500,500,500,500,2000,1,1,1,500,1.0,1,1
6,disjoint,shuffled,shuffled,u64,0,all,1,0,memory,7,1000,subtract,eager,native,2,6284300,500,500,500,500,500,500,500,2000,1,1,1,500,1.0,1,1
6,disjoint,shuffled,shuffled,u64,0,all,1,0,memory,7,1000,subtract,lazy_complete,production,0,518200,500,500,500,500,500,500,500,2000,1,1,1,500,1.0,1,1
6,disjoint,shuffled,shuffled,u64,0,all,1,0,memory,7,1000,subtract,lazy_complete,native,0,5415700,500,500,500,500,500,500,500,2000,1,1,1,500,1.0,1,1
6,disjoint,shuffled,shuffled,u64,0,all,1,0,memory,7,1000,subtract,lazy_complete,native,1,5758500,500,500,500,500,500,500,500,2000,1,1,1,500,1.0,1,1
6,disjoint,shuffled,shuffled,u64,0,all,1,0,memory,7,1000,subtract,lazy_complete,production,1,625700,500,500,500,500,500,500,500,2000,1,1,1,500,1.0,1,1
6,disjoint,shuffled,shuffled,u64,0,all,1,0,memory,7,1000,subtract,lazy_complete,production,2,516000,500,500,500,500,500,500,500,2000,1,1,1,500,1.0,1,1
6,disjoint,shuffled,shuffled,u64,0,all,1,0,memory,7,1000,subtract,lazy_complete,native,2,5606200,500,500,500,500,500,500,500,2000,1,1,1,500,1.0,1,1
6,disjoint,shuffled,shuffled,u64,0,all,1,0,memory,7,1000,intersect,eager,production,0,812300,500,500,500,500,500,500,0,2000,1,1,1,500,1.0,1,1
6,disjoint,shuffled,shuffled,u64,0,all,1,0,memory,7,1000,intersect,eager,native,0,6730600,500,500,500,500,500,500,0,2000,1,1,1,500,1.0,1,1
6,disjoint,shuffled,shuffled,u64,0,all,1,0,memory,7,1000,intersect,eager,native,1,11820200,500,500,500,500,500,500,0,2000,1,1,1,500,1.0,1,1
6,disjoint,shuffled,shuffled,u64,0,all,1,0,memory,7,1000,intersect,eager,production,1,980700,500,500,500,500,500,500,0,2000,1,1,1,500,1.0,1,1
6,disjoint,shuffled,shuffled,u64,0,all,1,0,memory,7,1000,intersect,eager,production,2,997100,500,500,500,500,500,500,0,2000,1,1,1,500,1.0,1,1
6,disjoint,shuffled,shuffled,u64,0,all,1,0,memory,7,1000,intersect,eager,native,2,6553100,500,500,500,500,500,500,0,2000,1,1,1,500,1.0,1,1
6,disjoint,shuffled,shuffled,u64,0,all,1,0,memory,7,1000,intersect,lazy_complete,production,0,453900,500,500,500,500,500,500,0,2000,1,1,1,500,1.0,1,1
6,disjoint,shuffled,shuffled,u64,0,all,1,0,memory,7,1000,intersect,lazy_complete,native,0,6082900,500,500,500,500,500,500,0,2000,1,1,1,500,1.0,1,1
6,disjoint,shuffled,shuffled,u64,0,all,1,0,memory,7,1000,intersect,lazy_complete,native,1,5771400,500,500,500,500,500,500,0,2000,1,1,1,500,1.0,1,1
6,disjoint,shuffled,shuffled,u64,0,all,1,0,memory,7,1000,intersect,lazy_complete,production,1,728400,500,500,500,500,500,500,0,2000,1,1,1,500,1.0,1,1
6,disjoint,shuffled,shuffled,u64,0,all,1,0,memory,7,1000,intersect,lazy_complete,production,2,675500,500,500,500,500,500,500,0,2000,1,1,1,500,1.0,1,1
6,disjoint,shuffled,shuffled,u64,0,all,1,0,memory,7,1000,intersect,lazy_complete,native,2,6863100,500,500,500,500,500,500,0,2000,1,1,1,500,1.0,1,1
6,disjoint,shuffled,shuffled,u64,0,all,1,0,memory,7,10000,subtract,eager,production,0,2667600,5000,5000,5000,5000,5000,5000,5000,20000,1,1,1,5000,1.0,20,20
6,disjoint,shuffled,shuffled,u64,0,all,1,0,memory,7,10000,subtract,eager,native,0,10691300,5000,5000,5000,5000,5000,5000,5000,20000,1,1,1,5000,1.0,20,20
6,disjoint,shuffled,shuffled,u64,0,all,1,0,memory,7,10000,subtract,eager,native,1,11942600,5000,5000,5000,5000,5000,5000,5000,20000,1,1,1,5000,1.0,20,20
6,disjoint,shuffled,shuffled,u64,0,all,1,0,memory,7,10000,subtract,eager,production,1,2153500,5000,5000,5000,5000,5000,5000,5000,20000,1,1,1,5000,1.0,20,20
6,disjoint,shuffled,shuffled,u64,0,all,1,0,memory,7,10000,subtract,eager,production,2,1858900,5000,5000,5000,5000,5000,5000,5000,20000,1,1,1,5000,1.0,20,20
6,disjoint,shuffled,shuffled,u64,0,all,1,0,memory,7,10000,subtract,eager,native,2,10889100,5000,5000,5000,5000,5000,5000,5000,20000,1,1,1,5000,1.0,20,20
6,disjoint,shuffled,shuffled,u64,0,all,1,0,memory,7,10000,subtract,lazy_complete,production,0,1449200,5000,5000,5000,5000,5000,5000,5000,20000,1,1,1,5000,1.0,20,20
6,disjoint,shuffled,shuffled,u64,0,all,1,0,memory,7,10000,subtract,lazy_complete,native,0,10198300,5000,5000,5000,5000,5000,5000,5000,20000,1,1,1,5000,1.0,20,20
6,disjoint,shuffled,shuffled,u64,0,all,1,0,memory,7,10000,subtract,lazy_complete,native,1,9087100,5000,5000,5000,5000,5000,5000,5000,20000,1,1,1,5000,1.0,20,20
6,disjoint,shuffled,shuffled,u64,0,all,1,0,memory,7,10000,subtract,lazy_complete,production,1,1278000,5000,5000,5000,5000,5000,5000,5000,20000,1,1,1,5000,1.0,20,20
6,disjoint,shuffled,shuffled,u64,0,all,1,0,memory,7,10000,subtract,lazy_complete,production,2,1304200,5000,5000,5000,5000,5000,5000,5000,20000,1,1,1,5000,1.0,20,20
6,disjoint,shuffled,shuffled,u64,0,all,1,0,memory,7,10000,subtract,lazy_complete,native,2,9821300,5000,5000,5000,5000,5000,5000,5000,20000,1,1,1,5000,1.0,20,20
6,disjoint,shuffled,shuffled,u64,0,all,1,0,memory,7,10000,intersect,eager,production,0,2116700,5000,5000,5000,5000,5000,5000,0,20000,1,1,1,5000,1.0,20,20
6,disjoint,shuffled,shuffled,u64,0,all,1,0,memory,7,10000,intersect,eager,native,0,8977400,5000,5000,5000,5000,5000,5000,0,20000,1,1,1,5000,1.0,20,20
6,disjoint,shuffled,shuffled,u64,0,all,1,0,memory,7,10000,intersect,eager,native,1,9575800,5000,5000,5000,5000,5000,5000,0,20000,1,1,1,5000,1.0,20,20
6,disjoint,shuffled,shuffled,u64,0,all,1,0,memory,7,10000,intersect,eager,production,1,2557900,5000,5000,5000,5000,5000,5000,0,20000,1,1,1,5000,1.0,20,20
6,disjoint,shuffled,shuffled,u64,0,all,1,0,memory,7,10000,intersect,eager,production,2,2285500,5000,5000,5000,5000,5000,5000,0,20000,1,1,1,5000,1.0,20,20
6,disjoint,shuffled,shuffled,u64,0,all,1,0,memory,7,10000,intersect,eager,native,2,8965500,5000,5000,5000,5000,5000,5000,0,20000,1,1,1,5000,1.0,20,20
6,disjoint,shuffled,shuffled,u64,0,all,1,0,memory,7,10000,intersect,lazy_complete,production,0,1404000,5000,5000,5000,5000,5000,5000,0,20000,1,1,1,5000,1.0,20,20
6,disjoint,shuffled,shuffled,u64,0,all,1,0,memory,7,10000,intersect,lazy_complete,native,0,8698500,5000,5000,5000,5000,5000,5000,0,20000,1,1,1,5000,1.0,20,20
6,disjoint,shuffled,shuffled,u64,0,all,1,0,memory,7,10000,intersect,lazy_complete,native,1,8517700,5000,5000,5000,5000,5000,5000,0,20000,1,1,1,5000,1.0,20,20
6,disjoint,shuffled,shuffled,u64,0,all,1,0,memory,7,10000,intersect,lazy_complete,production,1,1373000,5000,5000,5000,5000,5000,5000,0,20000,1,1,1,5000,1.0,20,20
6,disjoint,shuffled,shuffled,u64,0,all,1,0,memory,7,10000,intersect,lazy_complete,production,2,1105400,5000,5000,5000,5000,5000,5000,0,20000,1,1,1,5000,1.0,20,20
6,disjoint,shuffled,shuffled,u64,0,all,1,0,memory,7,10000,intersect,lazy_complete,native,2,9071100,5000,5000,5000,5000,5000,5000,0,20000,1,1,1,5000,1.0,20,20
6,disjoint,shuffled,shuffled,u64,0,all,1,0,memory,7,100000,subtract,eager,production,0,6633100,50000,50000,50000,50000,50000,50000,50000,200000,1,1,1,50000,1.0,24,24
6,disjoint,shuffled,shuffled,u64,0,all,1,0,memory,7,100000,subtract,eager,native,0,36035100,50000,50000,50000,50000,50000,50000,50000,200000,1,1,1,50000,1.0,24,24
6,disjoint,shuffled,shuffled,u64,0,all,1,0,memory,7,100000,subtract,eager,native,1,39267000,50000,50000,50000,50000,50000,50000,50000,200000,1,1,1,50000,1.0,24,24
6,disjoint,shuffled,shuffled,u64,0,all,1,0,memory,7,100000,subtract,eager,production,1,7423000,50000,50000,50000,50000,50000,50000,50000,200000,1,1,1,50000,1.0,24,24
6,disjoint,shuffled,shuffled,u64,0,all,1,0,memory,7,100000,subtract,eager,production,2,7413900,50000,50000,50000,50000,50000,50000,50000,200000,1,1,1,50000,1.0,24,24
6,disjoint,shuffled,shuffled,u64,0,all,1,0,memory,7,100000,subtract,eager,native,2,36216800,50000,50000,50000,50000,50000,50000,50000,200000,1,1,1,50000,1.0,24,24
6,disjoint,shuffled,shuffled,u64,0,all,1,0,memory,7,100000,subtract,lazy_complete,production,0,5355600,50000,50000,50000,50000,50000,50000,50000,200000,1,1,1,50000,1.0,24,24
6,disjoint,shuffled,shuffled,u64,0,all,1,0,memory,7,100000,subtract,lazy_complete,native,0,32995900,50000,50000,50000,50000,50000,50000,50000,200000,1,1,1,50000,1.0,24,24
6,disjoint,shuffled,shuffled,u64,0,all,1,0,memory,7,100000,subtract,lazy_complete,native,1,35692500,50000,50000,50000,50000,50000,50000,50000,200000,1,1,1,50000,1.0,24,24
6,disjoint,shuffled,shuffled,u64,0,all,1,0,memory,7,100000,subtract,lazy_complete,production,1,6000400,50000,50000,50000,50000,50000,50000,50000,200000,1,1,1,50000,1.0,24,24
6,disjoint,shuffled,shuffled,u64,0,all,1,0,memory,7,100000,subtract,lazy_complete,production,2,5612500,50000,50000,50000,50000,50000,50000,50000,200000,1,1,1,50000,1.0,24,24
6,disjoint,shuffled,shuffled,u64,0,all,1,0,memory,7,100000,subtract,lazy_complete,native,2,34302400,50000,50000,50000,50000,50000,50000,50000,200000,1,1,1,50000,1.0,24,24
6,disjoint,shuffled,shuffled,u64,0,all,1,0,memory,7,100000,intersect,eager,production,0,6843600,50000,50000,50000,50000,50000,50000,0,200000,1,1,1,50000,1.0,24,24
6,disjoint,shuffled,shuffled,u64,0,all,1,0,memory,7,100000,intersect,eager,native,0,26631000,50000,50000,50000,50000,50000,50000,0,200000,1,1,1,50000,1.0,24,24
6,disjoint,shuffled,shuffled,u64,0,all,1,0,memory,7,100000,intersect,eager,native,1,28737700,50000,50000,50000,50000,50000,50000,0,200000,1,1,1,50000,1.0,24,24
6,disjoint,shuffled,shuffled,u64,0,all,1,0,memory,7,100000,intersect,eager,production,1,6891300,50000,50000,50000,50000,50000,50000,0,200000,1,1,1,50000,1.0,24,24
6,disjoint,shuffled,shuffled,u64,0,all,1,0,memory,7,100000,intersect,eager,production,2,6622000,50000,50000,50000,50000,50000,50000,0,200000,1,1,1,50000,1.0,24,24
6,disjoint,shuffled,shuffled,u64,0,all,1,0,memory,7,100000,intersect,eager,native,2,29411200,50000,50000,50000,50000,50000,50000,0,200000,1,1,1,50000,1.0,24,24
6,disjoint,shuffled,shuffled,u64,0,all,1,0,memory,7,100000,intersect,lazy_complete,production,0,5599700,50000,50000,50000,50000,50000,50000,0,200000,1,1,1,50000,1.0,24,24
6,disjoint,shuffled,shuffled,u64,0,all,1,0,memory,7,100000,intersect,lazy_complete,native,0,25763500,50000,50000,50000,50000,50000,50000,0,200000,1,1,1,50000,1.0,24,24
6,disjoint,shuffled,shuffled,u64,0,all,1,0,memory,7,100000,intersect,lazy_complete,native,1,27952700,50000,50000,50000,50000,50000,50000,0,200000,1,1,1,50000,1.0,24,24
6,disjoint,shuffled,shuffled,u64,0,all,1,0,memory,7,100000,intersect,lazy_complete,production,1,5429200,50000,50000,50000,50000,50000,50000,0,200000,1,1,1,50000,1.0,24,24
6,disjoint,shuffled,shuffled,u64,0,all,1,0,memory,7,100000,intersect,lazy_complete,production,2,4902500,50000,50000,50000,50000,50000,50000,0,200000,1,1,1,50000,1.0,24,24
6,disjoint,shuffled,shuffled,u64,0,all,1,0,memory,7,100000,intersect,lazy_complete,native,2,27239500,50000,50000,50000,50000,50000,50000,0,200000,1,1,1,50000,1.0,24,24
7,left_heavy,partial,reverse,i64,0,all,7,0,memory,7,8,subtract,eager,production,0,594500,0,8,0,8,0,8,0,16,0,0,0,0,0,1,8
7,left_heavy,partial,reverse,i64,0,all,7,0,memory,7,8,subtract,eager,native,0,15577800,0,8,0,8,0,8,0,16,0,0,0,0,0,1,8
7,left_heavy,partial,reverse,i64,0,all,7,0,memory,7,8,subtract,eager,native,1,5057700,0,8,0,8,0,8,0,16,0,0,0,0,0,1,8
7,left_heavy,partial,reverse,i64,0,all,7,0,memory,7,8,subtract,eager,production,1,666200,0,8,0,8,0,8,0,16,0,0,0,0,0,1,8
7,left_heavy,partial,reverse,i64,0,all,7,0,memory,7,8,subtract,eager,production,2,649200,0,8,0,8,0,8,0,16,0,0,0,0,0,1,8
7,left_heavy,partial,reverse,i64,0,all,7,0,memory,7,8,subtract,eager,native,2,4620000,0,8,0,8,0,8,0,16,0,0,0,0,0,1,8
7,left_heavy,partial,reverse,i64,0,all,7,0,memory,7,8,subtract,lazy_complete,production,0,728400,0,8,0,8,0,8,0,16,0,0,0,0,0,1,8
7,left_heavy,partial,reverse,i64,0,all,7,0,memory,7,8,subtract,lazy_complete,native,0,4392500,0,8,0,8,0,8,0,16,0,0,0,0,0,1,8
7,left_heavy,partial,reverse,i64,0,all,7,0,memory,7,8,subtract,lazy_complete,native,1,4419900,0,8,0,8,0,8,0,16,0,0,0,0,0,1,8
7,left_heavy,partial,reverse,i64,0,all,7,0,memory,7,8,subtract,lazy_complete,production,1,587800,0,8,0,8,0,8,0,16,0,0,0,0,0,1,8
7,left_heavy,partial,reverse,i64,0,all,7,0,memory,7,8,subtract,lazy_complete,production,2,570700,0,8,0,8,0,8,0,16,0,0,0,0,0,1,8
7,left_heavy,partial,reverse,i64,0,all,7,0,memory,7,8,subtract,lazy_complete,native,2,4416800,0,8,0,8,0,8,0,16,0,0,0,0,0,1,8
7,left_heavy,partial,reverse,i64,0,all,7,0,memory,7,8,intersect,eager,production,0,661000,0,8,0,8,0,8,0,16,0,0,0,0,0,1,8
7,left_heavy,partial,reverse,i64,0,all,7,0,memory,7,8,intersect,eager,native,0,4059000,0,8,0,8,0,8,0,16,0,0,0,0,0,1,8
7,left_heavy,partial,reverse,i64,0,all,7,0,memory,7,8,intersect,eager,native,1,4167800,0,8,0,8,0,8,0,16,0,0,0,0,0,1,8
7,left_heavy,partial,reverse,i64,0,all,7,0,memory,7,8,intersect,eager,production,1,722600,0,8,0,8,0,8,0,16,0,0,0,0,0,1,8
7,left_heavy,partial,reverse,i64,0,all,7,0,memory,7,8,intersect,eager,production,2,569400,0,8,0,8,0,8,0,16,0,0,0,0,0,1,8
7,left_heavy,partial,reverse,i64,0,all,7,0,memory,7,8,intersect,eager,native,2,4591500,0,8,0,8,0,8,0,16,0,0,0,0,0,1,8
7,left_heavy,partial,reverse,i64,0,all,7,0,memory,7,8,intersect,lazy_complete,production,0,573900,0,8,0,8,0,8,0,16,0,0,0,0,0,1,8
7,left_heavy,partial,reverse,i64,0,all,7,0,memory,7,8,intersect,lazy_complete,native,0,4154800,0,8,0,8,0,8,0,16,0,0,0,0,0,1,8
7,left_heavy,partial,reverse,i64,0,all,7,0,memory,7,8,intersect,lazy_complete,native,1,3410000,0,8,0,8,0,8,0,16,0,0,0,0,0,1,8
7,left_heavy,partial,reverse,i64,0,all,7,0,memory,7,8,intersect,lazy_complete,production,1,747100,0,8,0,8,0,8,0,16,0,0,0,0,0,1,8
7,left_heavy,partial,reverse,i64,0,all,7,0,memory,7,8,intersect,lazy_complete,production,2,613100,0,8,0,8,0,8,0,16,0,0,0,0,0,1,8
7,left_heavy,partial,reverse,i64,0,all,7,0,memory,7,8,intersect,lazy_complete,native,2,4392500,0,8,0,8,0,8,0,16,0,0,0,0,0,1,8
7,left_heavy,partial,reverse,i64,0,all,7,0,memory,7,1000,subtract,eager,production,0,1390200,992,8,992,8,992,8,599,1998,1,1,1,992,1.0,11,8
7,left_heavy,partial,reverse,i64,0,all,7,0,memory,7,1000,subtract,eager,native,0,5845700,992,8,992,8,992,8,599,1998,1,1,1,992,1.0,11,8
7,left_heavy,partial,reverse,i64,0,all,7,0,memory,7,1000,subtract,eager,native,1,6450700,992,8,992,8,992,8,599,1998,1,1,1,992,1.0,11,8
7,left_heavy,partial,reverse,i64,0,all,7,0,memory,7,1000,subtract,eager,production,1,1083000,992,8,992,8,992,8,599,1998,1,1,1,992,1.0,11,8
7,left_heavy,partial,reverse,i64,0,all,7,0,memory,7,1000,subtract,eager,production,2,1345500,992,8,992,8,992,8,599,1998,1,1,1,992,1.0,11,8
7,left_heavy,partial,reverse,i64,0,all,7,0,memory,7,1000,subtract,eager,native,2,6890900,992,8,992,8,992,8,599,1998,1,1,1,992,1.0,11,8
7,left_heavy,partial,reverse,i64,0,all,7,0,memory,7,1000,subtract,lazy_complete,production,0,752900,992,8,992,8,992,8,599,1998,1,1,1,992,1.0,11,8
7,left_heavy,partial,reverse,i64,0,all,7,0,memory,7,1000,subtract,lazy_complete,native,0,6462700,992,8,992,8,992,8,599,1998,1,1,1,992,1.0,11,8
7,left_heavy,partial,reverse,i64,0,all,7,0,memory,7,1000,subtract,lazy_complete,native,1,6129600,992,8,992,8,992,8,599,1998,1,1,1,992,1.0,11,8
7,left_heavy,partial,reverse,i64,0,all,7,0,memory,7,1000,subtract,lazy_complete,production,1,786200,992,8,992,8,992,8,599,1998,1,1,1,992,1.0,11,8
7,left_heavy,partial,reverse,i64,0,all,7,0,memory,7,1000,subtract,lazy_complete,production,2,875100,992,8,992,8,992,8,599,1998,1,1,1,992,1.0,11,8
7,left_heavy,partial,reverse,i64,0,all,7,0,memory,7,1000,subtract,lazy_complete,native,2,5919300,992,8,992,8,992,8,599,1998,1,1,1,992,1.0,11,8
7,left_heavy,partial,reverse,i64,0,all,7,0,memory,7,1000,intersect,eager,production,0,1065100,992,8,992,8,992,8,407,1998,1,1,1,992,1.0,11,8
7,left_heavy,partial,reverse,i64,0,all,7,0,memory,7,1000,intersect,eager,native,0,6126700,992,8,992,8,992,8,407,1998,1,1,1,992,1.0,11,8
7,left_heavy,partial,reverse,i64,0,all,7,0,memory,7,1000,intersect,eager,native,1,5904500,992,8,992,8,992,8,407,1998,1,1,1,992,1.0,11,8
7,left_heavy,partial,reverse,i64,0,all,7,0,memory,7,1000,intersect,eager,production,1,1173500,992,8,992,8,992,8,407,1998,1,1,1,992,1.0,11,8
7,left_heavy,partial,reverse,i64,0,all,7,0,memory,7,1000,intersect,eager,production,2,1212800,992,8,992,8,992,8,407,1998,1,1,1,992,1.0,11,8
7,left_heavy,partial,reverse,i64,0,all,7,0,memory,7,1000,intersect,eager,native,2,6408300,992,8,992,8,992,8,407,1998,1,1,1,992,1.0,11,8
7,left_heavy,partial,reverse,i64,0,all,7,0,memory,7,1000,intersect,lazy_complete,production,0,789100,992,8,992,8,992,8,407,1998,1,1,1,992,1.0,11,8
7,left_heavy,partial,reverse,i64,0,all,7,0,memory,7,1000,intersect,lazy_complete,native,0,5490000,992,8,992,8,992,8,407,1998,1,1,1,992,1.0,11,8
7,left_heavy,partial,reverse,i64,0,all,7,0,memory,7,1000,intersect,lazy_complete,native,1,5696100,992,8,992,8,992,8,407,1998,1,1,1,992,1.0,11,8
7,left_heavy,partial,reverse,i64,0,all,7,0,memory,7,1000,intersect,lazy_complete,production,1,725600,992,8,992,8,992,8,407,1998,1,1,1,992,1.0,11,8
7,left_heavy,partial,reverse,i64,0,all,7,0,memory,7,1000,intersect,lazy_complete,production,2,583900,992,8,992,8,992,8,407,1998,1,1,1,992,1.0,11,8
7,left_heavy,partial,reverse,i64,0,all,7,0,memory,7,1000,intersect,lazy_complete,native,2,5026900,992,8,992,8,992,8,407,1998,1,1,1,992,1.0,11,8
7,left_heavy,partial,reverse,i64,0,all,7,0,memory,7,10000,subtract,eager,production,0,1830000,9992,8,9992,8,9992,8,5999,19998,1,1,1,9992,1.0,31,8
7,left_heavy,partial,reverse,i64,0,all,7,0,memory,7,10000,subtract,eager,native,0,10379700,9992,8,9992,8,9992,8,5999,19998,1,1,1,9992,1.0,31,8
7,left_heavy,partial,reverse,i64,0,all,7,0,memory,7,10000,subtract,eager,native,1,11059100,9992,8,9992,8,9992,8,5999,19998,1,1,1,9992,1.0,31,8
7,left_heavy,partial,reverse,i64,0,all,7,0,memory,7,10000,subtract,eager,production,1,1754900,9992,8,9992,8,9992,8,5999,19998,1,1,1,9992,1.0,31,8
7,left_heavy,partial,reverse,i64,0,all,7,0,memory,7,10000,subtract,eager,production,2,1544100,9992,8,9992,8,9992,8,5999,19998,1,1,1,9992,1.0,31,8
7,left_heavy,partial,reverse,i64,0,all,7,0,memory,7,10000,subtract,eager,native,2,10363800,9992,8,9992,8,9992,8,5999,19998,1,1,1,9992,1.0,31,8
7,left_heavy,partial,reverse,i64,0,all,7,0,memory,7,10000,subtract,lazy_complete,production,0,1344600,9992,8,9992,8,9992,8,5999,19998,1,1,1,9992,1.0,31,8
7,left_heavy,partial,reverse,i64,0,all,7,0,memory,7,10000,subtract,lazy_complete,native,0,10702400,9992,8,9992,8,9992,8,5999,19998,1,1,1,9992,1.0,31,8
7,left_heavy,partial,reverse,i64,0,all,7,0,memory,7,10000,subtract,lazy_complete,native,1,10500900,9992,8,9992,8,9992,8,5999,19998,1,1,1,9992,1.0,31,8
7,left_heavy,partial,reverse,i64,0,all,7,0,memory,7,10000,subtract,lazy_complete,production,1,1243200,9992,8,9992,8,9992,8,5999,19998,1,1,1,9992,1.0,31,8
7,left_heavy,partial,reverse,i64,0,all,7,0,memory,7,10000,subtract,lazy_complete,production,2,930000,9992,8,9992,8,9992,8,5999,19998,1,1,1,9992,1.0,31,8
7,left_heavy,partial,reverse,i64,0,all,7,0,memory,7,10000,subtract,lazy_complete,native,2,9845600,9992,8,9992,8,9992,8,5999,19998,1,1,1,9992,1.0,31,8
7,left_heavy,partial,reverse,i64,0,all,7,0,memory,7,10000,intersect,eager,production,0,1680900,9992,8,9992,8,9992,8,4007,19998,1,1,1,9992,1.0,31,8
7,left_heavy,partial,reverse,i64,0,all,7,0,memory,7,10000,intersect,eager,native,0,10493100,9992,8,9992,8,9992,8,4007,19998,1,1,1,9992,1.0,31,8
7,left_heavy,partial,reverse,i64,0,all,7,0,memory,7,10000,intersect,eager,native,1,10622200,9992,8,9992,8,9992,8,4007,19998,1,1,1,9992,1.0,31,8
7,left_heavy,partial,reverse,i64,0,all,7,0,memory,7,10000,intersect,eager,production,1,1739600,9992,8,9992,8,9992,8,4007,19998,1,1,1,9992,1.0,31,8
7,left_heavy,partial,reverse,i64,0,all,7,0,memory,7,10000,intersect,eager,production,2,1837000,9992,8,9992,8,9992,8,4007,19998,1,1,1,9992,1.0,31,8
7,left_heavy,partial,reverse,i64,0,all,7,0,memory,7,10000,intersect,eager,native,2,10244400,9992,8,9992,8,9992,8,4007,19998,1,1,1,9992,1.0,31,8
7,left_heavy,partial,reverse,i64,0,all,7,0,memory,7,10000,intersect,lazy_complete,production,0,1312400,9992,8,9992,8,9992,8,4007,19998,1,1,1,9992,1.0,31,8
7,left_heavy,partial,reverse,i64,0,all,7,0,memory,7,10000,intersect,lazy_complete,native,0,10618300,9992,8,9992,8,9992,8,4007,19998,1,1,1,9992,1.0,31,8
7,left_heavy,partial,reverse,i64,0,all,7,0,memory,7,10000,intersect,lazy_complete,native,1,10979100,9992,8,9992,8,9992,8,4007,19998,1,1,1,9992,1.0,31,8
7,left_heavy,partial,reverse,i64,0,all,7,0,memory,7,10000,intersect,lazy_complete,production,1,1266300,9992,8,9992,8,9992,8,4007,19998,1,1,1,9992,1.0,31,8
7,left_heavy,partial,reverse,i64,0,all,7,0,memory,7,10000,intersect,lazy_complete,production,2,1286300,9992,8,9992,8,9992,8,4007,19998,1,1,1,9992,1.0,31,8
7,left_heavy,partial,reverse,i64,0,all,7,0,memory,7,10000,intersect,lazy_complete,native,2,10921300,9992,8,9992,8,9992,8,4007,19998,1,1,1,9992,1.0,31,8
7,left_heavy,partial,reverse,i64,0,all,7,0,memory,7,100000,subtract,eager,production,0,6311300,99992,8,99992,8,99992,8,59999,199998,1,1,1,99992,1.0,31,8
7,left_heavy,partial,reverse,i64,0,all,7,0,memory,7,100000,subtract,eager,native,0,35754100,99992,8,99992,8,99992,8,59999,199998,1,1,1,99992,1.0,31,8
7,left_heavy,partial,reverse,i64,0,all,7,0,memory,7,100000,subtract,eager,native,1,34400400,99992,8,99992,8,99992,8,59999,199998,1,1,1,99992,1.0,31,8
7,left_heavy,partial,reverse,i64,0,all,7,0,memory,7,100000,subtract,eager,production,1,6262600,99992,8,99992,8,99992,8,59999,199998,1,1,1,99992,1.0,31,8
7,left_heavy,partial,reverse,i64,0,all,7,0,memory,7,100000,subtract,eager,production,2,6143400,99992,8,99992,8,99992,8,59999,199998,1,1,1,99992,1.0,31,8
7,left_heavy,partial,reverse,i64,0,all,7,0,memory,7,100000,subtract,eager,native,2,37580500,99992,8,99992,8,99992,8,59999,199998,1,1,1,99992,1.0,31,8
7,left_heavy,partial,reverse,i64,0,all,7,0,memory,7,100000,subtract,lazy_complete,production,0,5734900,99992,8,99992,8,99992,8,59999,199998,1,1,1,99992,1.0,31,8
7,left_heavy,partial,reverse,i64,0,all,7,0,memory,7,100000,subtract,lazy_complete,native,0,35833500,99992,8,99992,8,99992,8,59999,199998,1,1,1,99992,1.0,31,8
7,left_heavy,partial,reverse,i64,0,all,7,0,memory,7,100000,subtract,lazy_complete,native,1,36056500,99992,8,99992,8,99992,8,59999,199998,1,1,1,99992,1.0,31,8
7,left_heavy,partial,reverse,i64,0,all,7,0,memory,7,100000,subtract,lazy_complete,production,1,5691100,99992,8,99992,8,99992,8,59999,199998,1,1,1,99992,1.0,31,8
7,left_heavy,partial,reverse,i64,0,all,7,0,memory,7,100000,subtract,lazy_complete,production,2,5824400,99992,8,99992,8,99992,8,59999,199998,1,1,1,99992,1.0,31,8
7,left_heavy,partial,reverse,i64,0,all,7,0,memory,7,100000,subtract,lazy_complete,native,2,35852200,99992,8,99992,8,99992,8,59999,199998,1,1,1,99992,1.0,31,8
7,left_heavy,partial,reverse,i64,0,all,7,0,memory,7,100000,intersect,eager,production,0,6374400,99992,8,99992,8,99992,8,40007,199998,1,1,1,99992,1.0,31,8
7,left_heavy,partial,reverse,i64,0,all,7,0,memory,7,100000,intersect,eager,native,0,35078100,99992,8,99992,8,99992,8,40007,199998,1,1,1,99992,1.0,31,8
7,left_heavy,partial,reverse,i64,0,all,7,0,memory,7,100000,intersect,eager,native,1,43651600,99992,8,99992,8,99992,8,40007,199998,1,1,1,99992,1.0,31,8
7,left_heavy,partial,reverse,i64,0,all,7,0,memory,7,100000,intersect,eager,production,1,6607500,99992,8,99992,8,99992,8,40007,199998,1,1,1,99992,1.0,31,8
7,left_heavy,partial,reverse,i64,0,all,7,0,memory,7,100000,intersect,eager,production,2,5752300,99992,8,99992,8,99992,8,40007,199998,1,1,1,99992,1.0,31,8
7,left_heavy,partial,reverse,i64,0,all,7,0,memory,7,100000,intersect,eager,native,2,36490800,99992,8,99992,8,99992,8,40007,199998,1,1,1,99992,1.0,31,8
7,left_heavy,partial,reverse,i64,0,all,7,0,memory,7,100000,intersect,lazy_complete,production,0,5648100,99992,8,99992,8,99992,8,40007,199998,1,1,1,99992,1.0,31,8
7,left_heavy,partial,reverse,i64,0,all,7,0,memory,7,100000,intersect,lazy_complete,native,0,31613300,99992,8,99992,8,99992,8,40007,199998,1,1,1,99992,1.0,31,8
7,left_heavy,partial,reverse,i64,0,all,7,0,memory,7,100000,intersect,lazy_complete,native,1,31521900,99992,8,99992,8,99992,8,40007,199998,1,1,1,99992,1.0,31,8
7,left_heavy,partial,reverse,i64,0,all,7,0,memory,7,100000,intersect,lazy_complete,production,1,5240700,99992,8,99992,8,99992,8,40007,199998,1,1,1,99992,1.0,31,8
7,left_heavy,partial,reverse,i64,0,all,7,0,memory,7,100000,intersect,lazy_complete,production,2,4710300,99992,8,99992,8,99992,8,40007,199998,1,1,1,99992,1.0,31,8
7,left_heavy,partial,reverse,i64,0,all,7,0,memory,7,100000,intersect,lazy_complete,native,2,35830600,99992,8,99992,8,99992,8,40007,199998,1,1,1,99992,1.0,31,8
8,right_heavy,start,shuffled,i64,0,all,7,0,memory,7,8,subtract,eager,production,0,584700,1,7,1,7,1,7,8,16,1,1,1,1,1.0,1,7
8,right_heavy,start,shuffled,i64,0,all,7,0,memory,7,8,subtract,eager,native,0,4457600,1,7,1,7,1,7,8,16,1,1,1,1,1.0,1,7
8,right_heavy,start,shuffled,i64,0,all,7,0,memory,7,8,subtract,eager,native,1,4643900,1,7,1,7,1,7,8,16,1,1,1,1,1.0,1,7
8,right_heavy,start,shuffled,i64,0,all,7,0,memory,7,8,subtract,eager,production,1,615400,1,7,1,7,1,7,8,16,1,1,1,1,1.0,1,7
8,right_heavy,start,shuffled,i64,0,all,7,0,memory,7,8,subtract,eager,production,2,559900,1,7,1,7,1,7,8,16,1,1,1,1,1.0,1,7
8,right_heavy,start,shuffled,i64,0,all,7,0,memory,7,8,subtract,eager,native,2,4036400,1,7,1,7,1,7,8,16,1,1,1,1,1.0,1,7
8,right_heavy,start,shuffled,i64,0,all,7,0,memory,7,8,subtract,lazy_complete,production,0,533100,1,7,1,7,1,7,8,16,1,1,1,1,1.0,1,7
8,right_heavy,start,shuffled,i64,0,all,7,0,memory,7,8,subtract,lazy_complete,native,0,3988900,1,7,1,7,1,7,8,16,1,1,1,1,1.0,1,7
8,right_heavy,start,shuffled,i64,0,all,7,0,memory,7,8,subtract,lazy_complete,native,1,4871000,1,7,1,7,1,7,8,16,1,1,1,1,1.0,1,7
8,right_heavy,start,shuffled,i64,0,all,7,0,memory,7,8,subtract,lazy_complete,production,1,687400,1,7,1,7,1,7,8,16,1,1,1,1,1.0,1,7
8,right_heavy,start,shuffled,i64,0,all,7,0,memory,7,8,subtract,lazy_complete,production,2,575400,1,7,1,7,1,7,8,16,1,1,1,1,1.0,1,7
8,right_heavy,start,shuffled,i64,0,all,7,0,memory,7,8,subtract,lazy_complete,native,2,4011600,1,7,1,7,1,7,8,16,1,1,1,1,1.0,1,7
8,right_heavy,start,shuffled,i64,0,all,7,0,memory,7,8,intersect,eager,production,0,608700,1,7,1,7,1,7,7,16,1,1,1,1,1.0,1,7
8,right_heavy,start,shuffled,i64,0,all,7,0,memory,7,8,intersect,eager,native,0,3718300,1,7,1,7,1,7,7,16,1,1,1,1,1.0,1,7
8,right_heavy,start,shuffled,i64,0,all,7,0,memory,7,8,intersect,eager,native,1,4135900,1,7,1,7,1,7,7,16,1,1,1,1,1.0,1,7
8,right_heavy,start,shuffled,i64,0,all,7,0,memory,7,8,intersect,eager,production,1,609800,1,7,1,7,1,7,7,16,1,1,1,1,1.0,1,7
8,right_heavy,start,shuffled,i64,0,all,7,0,memory,7,8,intersect,eager,production,2,542200,1,7,1,7,1,7,7,16,1,1,1,1,1.0,1,7
8,right_heavy,start,shuffled,i64,0,all,7,0,memory,7,8,intersect,eager,native,2,4337100,1,7,1,7,1,7,7,16,1,1,1,1,1.0,1,7
8,right_heavy,start,shuffled,i64,0,all,7,0,memory,7,8,intersect,lazy_complete,production,0,657300,1,7,1,7,1,7,7,16,1,1,1,1,1.0,1,7
8,right_heavy,start,shuffled,i64,0,all,7,0,memory,7,8,intersect,lazy_complete,native,0,4369900,1,7,1,7,1,7,7,16,1,1,1,1,1.0,1,7
8,right_heavy,start,shuffled,i64,0,all,7,0,memory,7,8,intersect,lazy_complete,native,1,5120500,1,7,1,7,1,7,7,16,1,1,1,1,1.0,1,7
8,right_heavy,start,shuffled,i64,0,all,7,0,memory,7,8,intersect,lazy_complete,production,1,669400,1,7,1,7,1,7,7,16,1,1,1,1,1.0,1,7
8,right_heavy,start,shuffled,i64,0,all,7,0,memory,7,8,intersect,lazy_complete,production,2,549000,1,7,1,7,1,7,7,16,1,1,1,1,1.0,1,7
8,right_heavy,start,shuffled,i64,0,all,7,0,memory,7,8,intersect,lazy_complete,native,2,3942000,1,7,1,7,1,7,7,16,1,1,1,1,1.0,1,7
8,right_heavy,start,shuffled,i64,0,all,7,0,memory,7,1000,subtract,eager,production,0,1197600,1,999,1,999,1,999,1000,2000,1,1,1,1,1.0,1,11
8,right_heavy,start,shuffled,i64,0,all,7,0,memory,7,1000,subtract,eager,native,0,6442200,1,999,1,999,1,999,1000,2000,1,1,1,1,1.0,1,11
8,right_heavy,start,shuffled,i64,0,all,7,0,memory,7,1000,subtract,eager,native,1,7150500,1,999,1,999,1,999,1000,2000,1,1,1,1,1.0,1,11
8,right_heavy,start,shuffled,i64,0,all,7,0,memory,7,1000,subtract,eager,production,1,1255000,1,999,1,999,1,999,1000,2000,1,1,1,1,1.0,1,11
8,right_heavy,start,shuffled,i64,0,all,7,0,memory,7,1000,subtract,eager,production,2,1135500,1,999,1,999,1,999,1000,2000,1,1,1,1,1.0,1,11
8,right_heavy,start,shuffled,i64,0,all,7,0,memory,7,1000,subtract,eager,native,2,7464200,1,999,1,999,1,999,1000,2000,1,1,1,1,1.0,1,11
8,right_heavy,start,shuffled,i64,0,all,7,0,memory,7,1000,subtract,lazy_complete,production,0,645300,1,999,1,999,1,999,1000,2000,1,1,1,1,1.0,1,11
8,right_heavy,start,shuffled,i64,0,all,7,0,memory,7,1000,subtract,lazy_complete,native,0,6244000,1,999,1,999,1,999,1000,2000,1,1,1,1,1.0,1,11
8,right_heavy,start,shuffled,i64,0,all,7,0,memory,7,1000,subtract,lazy_complete,native,1,6408500,1,999,1,999,1,999,1000,2000,1,1,1,1,1.0,1,11
8,right_heavy,start,shuffled,i64,0,all,7,0,memory,7,1000,subtract,lazy_complete,production,1,788200,1,999,1,999,1,999,1000,2000,1,1,1,1,1.0,1,11
8,right_heavy,start,shuffled,i64,0,all,7,0,memory,7,1000,subtract,lazy_complete,production,2,708600,1,999,1,999,1,999,1000,2000,1,1,1,1,1.0,1,11
8,right_heavy,start,shuffled,i64,0,all,7,0,memory,7,1000,subtract,lazy_complete,native,2,6789500,1,999,1,999,1,999,1000,2000,1,1,1,1,1.0,1,11
8,right_heavy,start,shuffled,i64,0,all,7,0,memory,7,1000,intersect,eager,production,0,1226000,1,999,1,999,1,999,999,2000,1,1,1,1,1.0,1,11
8,right_heavy,start,shuffled,i64,0,all,7,0,memory,7,1000,intersect,eager,native,0,6747400,1,999,1,999,1,999,999,2000,1,1,1,1,1.0,1,11
8,right_heavy,start,shuffled,i64,0,all,7,0,memory,7,1000,intersect,eager,native,1,7236300,1,999,1,999,1,999,999,2000,1,1,1,1,1.0,1,11
8,right_heavy,start,shuffled,i64,0,all,7,0,memory,7,1000,intersect,eager,production,1,1047500,1,999,1,999,1,999,999,2000,1,1,1,1,1.0,1,11
8,right_heavy,start,shuffled,i64,0,all,7,0,memory,7,1000,intersect,eager,production,2,1100500,1,999,1,999,1,999,999,2000,1,1,1,1,1.0,1,11
8,right_heavy,start,shuffled,i64,0,all,7,0,memory,7,1000,intersect,eager,native,2,7031800,1,999,1,999,1,999,999,2000,1,1,1,1,1.0,1,11
8,right_heavy,start,shuffled,i64,0,all,7,0,memory,7,1000,intersect,lazy_complete,production,0,711900,1,999,1,999,1,999,999,2000,1,1,1,1,1.0,1,11
8,right_heavy,start,shuffled,i64,0,all,7,0,memory,7,1000,intersect,lazy_complete,native,0,7042600,1,999,1,999,1,999,999,2000,1,1,1,1,1.0,1,11
8,right_heavy,start,shuffled,i64,0,all,7,0,memory,7,1000,intersect,lazy_complete,native,1,6603100,1,999,1,999,1,999,999,2000,1,1,1,1,1.0,1,11
8,right_heavy,start,shuffled,i64,0,all,7,0,memory,7,1000,intersect,lazy_complete,production,1,770500,1,999,1,999,1,999,999,2000,1,1,1,1,1.0,1,11
8,right_heavy,start,shuffled,i64,0,all,7,0,memory,7,1000,intersect,lazy_complete,production,2,633200,1,999,1,999,1,999,999,2000,1,1,1,1,1.0,1,11
8,right_heavy,start,shuffled,i64,0,all,7,0,memory,7,1000,intersect,lazy_complete,native,2,7215600,1,999,1,999,1,999,999,2000,1,1,1,1,1.0,1,11
8,right_heavy,start,shuffled,i64,0,all,7,0,memory,7,10000,subtract,eager,production,0,1845600,1,9999,1,9999,1,9999,10000,20000,1,1,1,1,1.0,1,31
8,right_heavy,start,shuffled,i64,0,all,7,0,memory,7,10000,subtract,eager,native,0,10995600,1,9999,1,9999,1,9999,10000,20000,1,1,1,1,1.0,1,31
8,right_heavy,start,shuffled,i64,0,all,7,0,memory,7,10000,subtract,eager,native,1,11383100,1,9999,1,9999,1,9999,10000,20000,1,1,1,1,1.0,1,31
8,right_heavy,start,shuffled,i64,0,all,7,0,memory,7,10000,subtract,eager,production,1,1786300,1,9999,1,9999,1,9999,10000,20000,1,1,1,1,1.0,1,31
8,right_heavy,start,shuffled,i64,0,all,7,0,memory,7,10000,subtract,eager,production,2,1712500,1,9999,1,9999,1,9999,10000,20000,1,1,1,1,1.0,1,31
8,right_heavy,start,shuffled,i64,0,all,7,0,memory,7,10000,subtract,eager,native,2,11105200,1,9999,1,9999,1,9999,10000,20000,1,1,1,1,1.0,1,31
8,right_heavy,start,shuffled,i64,0,all,7,0,memory,7,10000,subtract,lazy_complete,production,0,1504200,1,9999,1,9999,1,9999,10000,20000,1,1,1,1,1.0,1,31
8,right_heavy,start,shuffled,i64,0,all,7,0,memory,7,10000,subtract,lazy_complete,native,0,11607200,1,9999,1,9999,1,9999,10000,20000,1,1,1,1,1.0,1,31
8,right_heavy,start,shuffled,i64,0,all,7,0,memory,7,10000,subtract,lazy_complete,native,1,10409900,1,9999,1,9999,1,9999,10000,20000,1,1,1,1,1.0,1,31
8,right_heavy,start,shuffled,i64,0,all,7,0,memory,7,10000,subtract,lazy_complete,production,1,1370100,1,9999,1,9999,1,9999,10000,20000,1,1,1,1,1.0,1,31
8,right_heavy,start,shuffled,i64,0,all,7,0,memory,7,10000,subtract,lazy_complete,production,2,1279800,1,9999,1,9999,1,9999,10000,20000,1,1,1,1,1.0,1,31
8,right_heavy,start,shuffled,i64,0,all,7,0,memory,7,10000,subtract,lazy_complete,native,2,10840100,1,9999,1,9999,1,9999,10000,20000,1,1,1,1,1.0,1,31
8,right_heavy,start,shuffled,i64,0,all,7,0,memory,7,10000,intersect,eager,production,0,1669500,1,9999,1,9999,1,9999,9999,20000,1,1,1,1,1.0,1,31
8,right_heavy,start,shuffled,i64,0,all,7,0,memory,7,10000,intersect,eager,native,0,10229400,1,9999,1,9999,1,9999,9999,20000,1,1,1,1,1.0,1,31
8,right_heavy,start,shuffled,i64,0,all,7,0,memory,7,10000,intersect,eager,native,1,11763500,1,9999,1,9999,1,9999,9999,20000,1,1,1,1,1.0,1,31
8,right_heavy,start,shuffled,i64,0,all,7,0,memory,7,10000,intersect,eager,production,1,1983800,1,9999,1,9999,1,9999,9999,20000,1,1,1,1,1.0,1,31
8,right_heavy,start,shuffled,i64,0,all,7,0,memory,7,10000,intersect,eager,production,2,1482900,1,9999,1,9999,1,9999,9999,20000,1,1,1,1,1.0,1,31
8,right_heavy,start,shuffled,i64,0,all,7,0,memory,7,10000,intersect,eager,native,2,11628100,1,9999,1,9999,1,9999,9999,20000,1,1,1,1,1.0,1,31
8,right_heavy,start,shuffled,i64,0,all,7,0,memory,7,10000,intersect,lazy_complete,production,0,1359400,1,9999,1,9999,1,9999,9999,20000,1,1,1,1,1.0,1,31
8,right_heavy,start,shuffled,i64,0,all,7,0,memory,7,10000,intersect,lazy_complete,native,0,10321100,1,9999,1,9999,1,9999,9999,20000,1,1,1,1,1.0,1,31
8,right_heavy,start,shuffled,i64,0,all,7,0,memory,7,10000,intersect,lazy_complete,native,1,11414400,1,9999,1,9999,1,9999,9999,20000,1,1,1,1,1.0,1,31
8,right_heavy,start,shuffled,i64,0,all,7,0,memory,7,10000,intersect,lazy_complete,production,1,1421200,1,9999,1,9999,1,9999,9999,20000,1,1,1,1,1.0,1,31
8,right_heavy,start,shuffled,i64,0,all,7,0,memory,7,10000,intersect,lazy_complete,production,2,1338900,1,9999,1,9999,1,9999,9999,20000,1,1,1,1,1.0,1,31
8,right_heavy,start,shuffled,i64,0,all,7,0,memory,7,10000,intersect,lazy_complete,native,2,11351700,1,9999,1,9999,1,9999,9999,20000,1,1,1,1,1.0,1,31
8,right_heavy,start,shuffled,i64,0,all,7,0,memory,7,100000,subtract,eager,production,0,7055300,1,99999,1,99999,1,99999,100000,200000,1,1,1,1,1.0,1,31
8,right_heavy,start,shuffled,i64,0,all,7,0,memory,7,100000,subtract,eager,native,0,40059900,1,99999,1,99999,1,99999,100000,200000,1,1,1,1,1.0,1,31
8,right_heavy,start,shuffled,i64,0,all,7,0,memory,7,100000,subtract,eager,native,1,39852200,1,99999,1,99999,1,99999,100000,200000,1,1,1,1,1.0,1,31
8,right_heavy,start,shuffled,i64,0,all,7,0,memory,7,100000,subtract,eager,production,1,7881700,1,99999,1,99999,1,99999,100000,200000,1,1,1,1,1.0,1,31
8,right_heavy,start,shuffled,i64,0,all,7,0,memory,7,100000,subtract,eager,production,2,7345700,1,99999,1,99999,1,99999,100000,200000,1,1,1,1,1.0,1,31
8,right_heavy,start,shuffled,i64,0,all,7,0,memory,7,100000,subtract,eager,native,2,42712500,1,99999,1,99999,1,99999,100000,200000,1,1,1,1,1.0,1,31
8,right_heavy,start,shuffled,i64,0,all,7,0,memory,7,100000,subtract,lazy_complete,production,0,6263500,1,99999,1,99999,1,99999,100000,200000,1,1,1,1,1.0,1,31
8,right_heavy,start,shuffled,i64,0,all,7,0,memory,7,100000,subtract,lazy_complete,native,0,38614200,1,99999,1,99999,1,99999,100000,200000,1,1,1,1,1.0,1,31
8,right_heavy,start,shuffled,i64,0,all,7,0,memory,7,100000,subtract,lazy_complete,native,1,38793500,1,99999,1,99999,1,99999,100000,200000,1,1,1,1,1.0,1,31
8,right_heavy,start,shuffled,i64,0,all,7,0,memory,7,100000,subtract,lazy_complete,production,1,6809700,1,99999,1,99999,1,99999,100000,200000,1,1,1,1,1.0,1,31
8,right_heavy,start,shuffled,i64,0,all,7,0,memory,7,100000,subtract,lazy_complete,production,2,6763800,1,99999,1,99999,1,99999,100000,200000,1,1,1,1,1.0,1,31
8,right_heavy,start,shuffled,i64,0,all,7,0,memory,7,100000,subtract,lazy_complete,native,2,41463800,1,99999,1,99999,1,99999,100000,200000,1,1,1,1,1.0,1,31
8,right_heavy,start,shuffled,i64,0,all,7,0,memory,7,100000,intersect,eager,production,0,7891100,1,99999,1,99999,1,99999,99999,200000,1,1,1,1,1.0,1,31
8,right_heavy,start,shuffled,i64,0,all,7,0,memory,7,100000,intersect,eager,native,0,44044200,1,99999,1,99999,1,99999,99999,200000,1,1,1,1,1.0,1,31
8,right_heavy,start,shuffled,i64,0,all,7,0,memory,7,100000,intersect,eager,native,1,42700200,1,99999,1,99999,1,99999,99999,200000,1,1,1,1,1.0,1,31
8,right_heavy,start,shuffled,i64,0,all,7,0,memory,7,100000,intersect,eager,production,1,7672600,1,99999,1,99999,1,99999,99999,200000,1,1,1,1,1.0,1,31
8,right_heavy,start,shuffled,i64,0,all,7,0,memory,7,100000,intersect,eager,production,2,7022900,1,99999,1,99999,1,99999,99999,200000,1,1,1,1,1.0,1,31
8,right_heavy,start,shuffled,i64,0,all,7,0,memory,7,100000,intersect,eager,native,2,40737500,1,99999,1,99999,1,99999,99999,200000,1,1,1,1,1.0,1,31
8,right_heavy,start,shuffled,i64,0,all,7,0,memory,7,100000,intersect,lazy_complete,production,0,6718200,1,99999,1,99999,1,99999,99999,200000,1,1,1,1,1.0,1,31
8,right_heavy,start,shuffled,i64,0,all,7,0,memory,7,100000,intersect,lazy_complete,native,0,38012300,1,99999,1,99999,1,99999,99999,200000,1,1,1,1,1.0,1,31
8,right_heavy,start,shuffled,i64,0,all,7,0,memory,7,100000,intersect,lazy_complete,native,1,37876800,1,99999,1,99999,1,99999,99999,200000,1,1,1,1,1.0,1,31
8,right_heavy,start,shuffled,i64,0,all,7,0,memory,7,100000,intersect,lazy_complete,production,1,6543500,1,99999,1,99999,1,99999,99999,200000,1,1,1,1,1.0,1,31
8,right_heavy,start,shuffled,i64,0,all,7,0,memory,7,100000,intersect,lazy_complete,production,2,6385200,1,99999,1,99999,1,99999,99999,200000,1,1,1,1,1.0,1,31
8,right_heavy,start,shuffled,i64,0,all,7,0,memory,7,100000,intersect,lazy_complete,native,2,37231200,1,99999,1,99999,1,99999,99999,200000,1,1,1,1,1.0,1,31
9,empty_right,shuffled,start,i64,0,all,1,0,memory,7,8,subtract,eager,production,0,645000,8,0,8,0,8,0,8,16,1,0,0,8,1.0,1,1
9,empty_right,shuffled,start,i64,0,all,1,0,memory,7,8,subtract,eager,native,0,4534500,8,0,8,0,8,0,8,16,1,0,0,8,1.0,1,1
9,empty_right,shuffled,start,i64,0,all,1,0,memory,7,8,subtract,eager,native,1,4137000,8,0,8,0,8,0,8,16,1,0,0,8,1.0,1,1
9,empty_right,shuffled,start,i64,0,all,1,0,memory,7,8,subtract,eager,production,1,509400,8,0,8,0,8,0,8,16,1,0,0,8,1.0,1,1
9,empty_right,shuffled,start,i64,0,all,1,0,memory,7,8,subtract,eager,production,2,495100,8,0,8,0,8,0,8,16,1,0,0,8,1.0,1,1
9,empty_right,shuffled,start,i64,0,all,1,0,memory,7,8,subtract,eager,native,2,4434000,8,0,8,0,8,0,8,16,1,0,0,8,1.0,1,1
9,empty_right,shuffled,start,i64,0,all,1,0,memory,7,8,subtract,lazy_complete,production,0,434500,8,0,8,0,8,0,8,16,1,0,0,8,1.0,1,1
9,empty_right,shuffled,start,i64,0,all,1,0,memory,7,8,subtract,lazy_complete,native,0,4756900,8,0,8,0,8,0,8,16,1,0,0,8,1.0,1,1
9,empty_right,shuffled,start,i64,0,all,1,0,memory,7,8,subtract,lazy_complete,native,1,3721200,8,0,8,0,8,0,8,16,1,0,0,8,1.0,1,1
9,empty_right,shuffled,start,i64,0,all,1,0,memory,7,8,subtract,lazy_complete,production,1,456100,8,0,8,0,8,0,8,16,1,0,0,8,1.0,1,1
9,empty_right,shuffled,start,i64,0,all,1,0,memory,7,8,subtract,lazy_complete,production,2,485900,8,0,8,0,8,0,8,16,1,0,0,8,1.0,1,1
9,empty_right,shuffled,start,i64,0,all,1,0,memory,7,8,subtract,lazy_complete,native,2,3953500,8,0,8,0,8,0,8,16,1,0,0,8,1.0,1,1
9,empty_right,shuffled,start,i64,0,all,1,0,memory,7,8,intersect,eager,production,0,711800,8,0,8,0,8,0,0,16,1,0,0,8,1.0,1,1
9,empty_right,shuffled,start,i64,0,all,1,0,memory,7,8,intersect,eager,native,0,4157200,8,0,8,0,8,0,0,16,1,0,0,8,1.0,1,1
9,empty_right,shuffled,start,i64,0,all,1,0,memory,7,8,intersect,eager,native,1,3622700,8,0,8,0,8,0,0,16,1,0,0,8,1.0,1,1
9,empty_right,shuffled,start,i64,0,all,1,0,memory,7,8,intersect,eager,production,1,592800,8,0,8,0,8,0,0,16,1,0,0,8,1.0,1,1
9,empty_right,shuffled,start,i64,0,all,1,0,memory,7,8,intersect,eager,production,2,508100,8,0,8,0,8,0,0,16,1,0,0,8,1.0,1,1
9,empty_right,shuffled,start,i64,0,all,1,0,memory,7,8,intersect,eager,native,2,4075200,8,0,8,0,8,0,0,16,1,0,0,8,1.0,1,1
9,empty_right,shuffled,start,i64,0,all,1,0,memory,7,8,intersect,lazy_complete,production,0,624100,8,0,8,0,8,0,0,16,1,0,0,8,1.0,1,1
9,empty_right,shuffled,start,i64,0,all,1,0,memory,7,8,intersect,lazy_complete,native,0,4314800,8,0,8,0,8,0,0,16,1,0,0,8,1.0,1,1
9,empty_right,shuffled,start,i64,0,all,1,0,memory,7,8,intersect,lazy_complete,native,1,4207400,8,0,8,0,8,0,0,16,1,0,0,8,1.0,1,1
9,empty_right,shuffled,start,i64,0,all,1,0,memory,7,8,intersect,lazy_complete,production,1,552000,8,0,8,0,8,0,0,16,1,0,0,8,1.0,1,1
9,empty_right,shuffled,start,i64,0,all,1,0,memory,7,8,intersect,lazy_complete,production,2,383800,8,0,8,0,8,0,0,16,1,0,0,8,1.0,1,1
9,empty_right,shuffled,start,i64,0,all,1,0,memory,7,8,intersect,lazy_complete,native,2,3670900,8,0,8,0,8,0,0,16,1,0,0,8,1.0,1,1
9,empty_right,shuffled,start,i64,0,all,1,0,memory,7,1000,subtract,eager,production,0,841200,1000,0,1000,0,1000,0,1000,2000,1,0,0,1000,1.0,4,1
9,empty_right,shuffled,start,i64,0,all,1,0,memory,7,1000,subtract,eager,native,0,6505100,1000,0,1000,0,1000,0,1000,2000,1,0,0,1000,1.0,4,1
9,empty_right,shuffled,start,i64,0,all,1,0,memory,7,1000,subtract,eager,native,1,7180200,1000,0,1000,0,1000,0,1000,2000,1,0,0,1000,1.0,4,1
9,empty_right,shuffled,start,i64,0,all,1,0,memory,7,1000,subtract,eager,production,1,1109500,1000,0,1000,0,1000,0,1000,2000,1,0,0,1000,1.0,4,1
9,empty_right,shuffled,start,i64,0,all,1,0,memory,7,1000,subtract,eager,production,2,972300,1000,0,1000,0,1000,0,1000,2000,1,0,0,1000,1.0,4,1
9,empty_right,shuffled,start,i64,0,all,1,0,memory,7,1000,subtract,eager,native,2,6619700,1000,0,1000,0,1000,0,1000,2000,1,0,0,1000,1.0,4,1
9,empty_right,shuffled,start,i64,0,all,1,0,memory,7,1000,subtract,lazy_complete,production,0,666800,1000,0,1000,0,1000,0,1000,2000,1,0,0,1000,1.0,4,1
9,empty_right,shuffled,start,i64,0,all,1,0,memory,7,1000,subtract,lazy_complete,native,0,6429400,1000,0,1000,0,1000,0,1000,2000,1,0,0,1000,1.0,4,1
9,empty_right,shuffled,start,i64,0,all,1,0,memory,7,1000,subtract,lazy_complete,native,1,6992300,1000,0,1000,0,1000,0,1000,2000,1,0,0,1000,1.0,4,1
9,empty_right,shuffled,start,i64,0,all,1,0,memory,7,1000,subtract,lazy_complete,production,1,696900,1000,0,1000,0,1000,0,1000,2000,1,0,0,1000,1.0,4,1
9,empty_right,shuffled,start,i64,0,all,1,0,memory,7,1000,subtract,lazy_complete,production,2,660700,1000,0,1000,0,1000,0,1000,2000,1,0,0,1000,1.0,4,1
9,empty_right,shuffled,start,i64,0,all,1,0,memory,7,1000,subtract,lazy_complete,native,2,6284000,1000,0,1000,0,1000,0,1000,2000,1,0,0,1000,1.0,4,1
9,empty_right,shuffled,start,i64,0,all,1,0,memory,7,1000,intersect,eager,production,0,876400,1000,0,1000,0,1000,0,0,2000,1,0,0,1000,1.0,4,1
9,empty_right,shuffled,start,i64,0,all,1,0,memory,7,1000,intersect,eager,native,0,5787600,1000,0,1000,0,1000,0,0,2000,1,0,0,1000,1.0,4,1
9,empty_right,shuffled,start,i64,0,all,1,0,memory,7,1000,intersect,eager,native,1,6285200,1000,0,1000,0,1000,0,0,2000,1,0,0,1000,1.0,4,1
9,empty_right,shuffled,start,i64,0,all,1,0,memory,7,1000,intersect,eager,production,1,833100,1000,0,1000,0,1000,0,0,2000,1,0,0,1000,1.0,4,1
9,empty_right,shuffled,start,i64,0,all,1,0,memory,7,1000,intersect,eager,production,2,873000,1000,0,1000,0,1000,0,0,2000,1,0,0,1000,1.0,4,1
9,empty_right,shuffled,start,i64,0,all,1,0,memory,7,1000,intersect,eager,native,2,6096200,1000,0,1000,0,1000,0,0,2000,1,0,0,1000,1.0,4,1
9,empty_right,shuffled,start,i64,0,all,1,0,memory,7,1000,intersect,lazy_complete,production,0,623100,1000,0,1000,0,1000,0,0,2000,1,0,0,1000,1.0,4,1
9,empty_right,shuffled,start,i64,0,all,1,0,memory,7,1000,intersect,lazy_complete,native,0,5467400,1000,0,1000,0,1000,0,0,2000,1,0,0,1000,1.0,4,1
9,empty_right,shuffled,start,i64,0,all,1,0,memory,7,1000,intersect,lazy_complete,native,1,5094200,1000,0,1000,0,1000,0,0,2000,1,0,0,1000,1.0,4,1
9,empty_right,shuffled,start,i64,0,all,1,0,memory,7,1000,intersect,lazy_complete,production,1,548000,1000,0,1000,0,1000,0,0,2000,1,0,0,1000,1.0,4,1
9,empty_right,shuffled,start,i64,0,all,1,0,memory,7,1000,intersect,lazy_complete,production,2,508400,1000,0,1000,0,1000,0,0,2000,1,0,0,1000,1.0,4,1
9,empty_right,shuffled,start,i64,0,all,1,0,memory,7,1000,intersect,lazy_complete,native,2,5928000,1000,0,1000,0,1000,0,0,2000,1,0,0,1000,1.0,4,1
9,empty_right,shuffled,start,i64,0,all,1,0,memory,7,10000,subtract,eager,production,0,1582900,10000,0,10000,0,10000,0,10000,20000,1,0,0,10000,1.0,24,1
9,empty_right,shuffled,start,i64,0,all,1,0,memory,7,10000,subtract,eager,native,0,13096000,10000,0,10000,0,10000,0,10000,20000,1,0,0,10000,1.0,24,1
9,empty_right,shuffled,start,i64,0,all,1,0,memory,7,10000,subtract,eager,native,1,12023800,10000,0,10000,0,10000,0,10000,20000,1,0,0,10000,1.0,24,1
9,empty_right,shuffled,start,i64,0,all,1,0,memory,7,10000,subtract,eager,production,1,1663300,10000,0,10000,0,10000,0,10000,20000,1,0,0,10000,1.0,24,1
9,empty_right,shuffled,start,i64,0,all,1,0,memory,7,10000,subtract,eager,production,2,1869100,10000,0,10000,0,10000,0,10000,20000,1,0,0,10000,1.0,24,1
9,empty_right,shuffled,start,i64,0,all,1,0,memory,7,10000,subtract,eager,native,2,12291300,10000,0,10000,0,10000,0,10000,20000,1,0,0,10000,1.0,24,1
9,empty_right,shuffled,start,i64,0,all,1,0,memory,7,10000,subtract,lazy_complete,production,0,1349000,10000,0,10000,0,10000,0,10000,20000,1,0,0,10000,1.0,24,1
9,empty_right,shuffled,start,i64,0,all,1,0,memory,7,10000,subtract,lazy_complete,native,0,12796600,10000,0,10000,0,10000,0,10000,20000,1,0,0,10000,1.0,24,1
9,empty_right,shuffled,start,i64,0,all,1,0,memory,7,10000,subtract,lazy_complete,native,1,11971300,10000,0,10000,0,10000,0,10000,20000,1,0,0,10000,1.0,24,1
9,empty_right,shuffled,start,i64,0,all,1,0,memory,7,10000,subtract,lazy_complete,production,1,1280700,10000,0,10000,0,10000,0,10000,20000,1,0,0,10000,1.0,24,1
9,empty_right,shuffled,start,i64,0,all,1,0,memory,7,10000,subtract,lazy_complete,production,2,1001300,10000,0,10000,0,10000,0,10000,20000,1,0,0,10000,1.0,24,1
9,empty_right,shuffled,start,i64,0,all,1,0,memory,7,10000,subtract,lazy_complete,native,2,12442000,10000,0,10000,0,10000,0,10000,20000,1,0,0,10000,1.0,24,1
9,empty_right,shuffled,start,i64,0,all,1,0,memory,7,10000,intersect,eager,production,0,1529400,10000,0,10000,0,10000,0,0,20000,1,0,0,10000,1.0,24,1
9,empty_right,shuffled,start,i64,0,all,1,0,memory,7,10000,intersect,eager,native,0,9998000,10000,0,10000,0,10000,0,0,20000,1,0,0,10000,1.0,24,1
9,empty_right,shuffled,start,i64,0,all,1,0,memory,7,10000,intersect,eager,native,1,28887100,10000,0,10000,0,10000,0,0,20000,1,0,0,10000,1.0,24,1
9,empty_right,shuffled,start,i64,0,all,1,0,memory,7,10000,intersect,eager,production,1,1731400,10000,0,10000,0,10000,0,0,20000,1,0,0,10000,1.0,24,1
9,empty_right,shuffled,start,i64,0,all,1,0,memory,7,10000,intersect,eager,production,2,1308100,10000,0,10000,0,10000,0,0,20000,1,0,0,10000,1.0,24,1
9,empty_right,shuffled,start,i64,0,all,1,0,memory,7,10000,intersect,eager,native,2,9289400,10000,0,10000,0,10000,0,0,20000,1,0,0,10000,1.0,24,1
9,empty_right,shuffled,start,i64,0,all,1,0,memory,7,10000,intersect,lazy_complete,production,0,1170900,10000,0,10000,0,10000,0,0,20000,1,0,0,10000,1.0,24,1
9,empty_right,shuffled,start,i64,0,all,1,0,memory,7,10000,intersect,lazy_complete,native,0,9437200,10000,0,10000,0,10000,0,0,20000,1,0,0,10000,1.0,24,1
9,empty_right,shuffled,start,i64,0,all,1,0,memory,7,10000,intersect,lazy_complete,native,1,9611500,10000,0,10000,0,10000,0,0,20000,1,0,0,10000,1.0,24,1
9,empty_right,shuffled,start,i64,0,all,1,0,memory,7,10000,intersect,lazy_complete,production,1,1025900,10000,0,10000,0,10000,0,0,20000,1,0,0,10000,1.0,24,1
9,empty_right,shuffled,start,i64,0,all,1,0,memory,7,10000,intersect,lazy_complete,production,2,914900,10000,0,10000,0,10000,0,0,20000,1,0,0,10000,1.0,24,1
9,empty_right,shuffled,start,i64,0,all,1,0,memory,7,10000,intersect,lazy_complete,native,2,9434500,10000,0,10000,0,10000,0,0,20000,1,0,0,10000,1.0,24,1
9,empty_right,shuffled,start,i64,0,all,1,0,memory,7,100000,subtract,eager,production,0,7035700,100000,0,100000,0,100000,0,100000,200000,1,0,0,100000,1.0,24,1
9,empty_right,shuffled,start,i64,0,all,1,0,memory,7,100000,subtract,eager,native,0,50163100,100000,0,100000,0,100000,0,100000,200000,1,0,0,100000,1.0,24,1
9,empty_right,shuffled,start,i64,0,all,1,0,memory,7,100000,subtract,eager,native,1,50328100,100000,0,100000,0,100000,0,100000,200000,1,0,0,100000,1.0,24,1
9,empty_right,shuffled,start,i64,0,all,1,0,memory,7,100000,subtract,eager,production,1,7449700,100000,0,100000,0,100000,0,100000,200000,1,0,0,100000,1.0,24,1
9,empty_right,shuffled,start,i64,0,all,1,0,memory,7,100000,subtract,eager,production,2,7081100,100000,0,100000,0,100000,0,100000,200000,1,0,0,100000,1.0,24,1
9,empty_right,shuffled,start,i64,0,all,1,0,memory,7,100000,subtract,eager,native,2,49430200,100000,0,100000,0,100000,0,100000,200000,1,0,0,100000,1.0,24,1
9,empty_right,shuffled,start,i64,0,all,1,0,memory,7,100000,subtract,lazy_complete,production,0,6362200,100000,0,100000,0,100000,0,100000,200000,1,0,0,100000,1.0,24,1
9,empty_right,shuffled,start,i64,0,all,1,0,memory,7,100000,subtract,lazy_complete,native,0,49243000,100000,0,100000,0,100000,0,100000,200000,1,0,0,100000,1.0,24,1
9,empty_right,shuffled,start,i64,0,all,1,0,memory,7,100000,subtract,lazy_complete,native,1,53386000,100000,0,100000,0,100000,0,100000,200000,1,0,0,100000,1.0,24,1
9,empty_right,shuffled,start,i64,0,all,1,0,memory,7,100000,subtract,lazy_complete,production,1,6291100,100000,0,100000,0,100000,0,100000,200000,1,0,0,100000,1.0,24,1
9,empty_right,shuffled,start,i64,0,all,1,0,memory,7,100000,subtract,lazy_complete,production,2,5987000,100000,0,100000,0,100000,0,100000,200000,1,0,0,100000,1.0,24,1
9,empty_right,shuffled,start,i64,0,all,1,0,memory,7,100000,subtract,lazy_complete,native,2,49505300,100000,0,100000,0,100000,0,100000,200000,1,0,0,100000,1.0,24,1
9,empty_right,shuffled,start,i64,0,all,1,0,memory,7,100000,intersect,eager,production,0,2183400,100000,0,100000,0,100000,0,0,200000,1,0,0,100000,1.0,24,1
9,empty_right,shuffled,start,i64,0,all,1,0,memory,7,100000,intersect,eager,native,0,40088800,100000,0,100000,0,100000,0,0,200000,1,0,0,100000,1.0,24,1
9,empty_right,shuffled,start,i64,0,all,1,0,memory,7,100000,intersect,eager,native,1,38595400,100000,0,100000,0,100000,0,0,200000,1,0,0,100000,1.0,24,1
9,empty_right,shuffled,start,i64,0,all,1,0,memory,7,100000,intersect,eager,production,1,2193200,100000,0,100000,0,100000,0,0,200000,1,0,0,100000,1.0,24,1
9,empty_right,shuffled,start,i64,0,all,1,0,memory,7,100000,intersect,eager,production,2,2447100,100000,0,100000,0,100000,0,0,200000,1,0,0,100000,1.0,24,1
9,empty_right,shuffled,start,i64,0,all,1,0,memory,7,100000,intersect,eager,native,2,38514900,100000,0,100000,0,100000,0,0,200000,1,0,0,100000,1.0,24,1
9,empty_right,shuffled,start,i64,0,all,1,0,memory,7,100000,intersect,lazy_complete,production,0,1766200,100000,0,100000,0,100000,0,0,200000,1,0,0,100000,1.0,24,1
9,empty_right,shuffled,start,i64,0,all,1,0,memory,7,100000,intersect,lazy_complete,native,0,38328500,100000,0,100000,0,100000,0,0,200000,1,0,0,100000,1.0,24,1
9,empty_right,shuffled,start,i64,0,all,1,0,memory,7,100000,intersect,lazy_complete,native,1,42854100,100000,0,100000,0,100000,0,0,200000,1,0,0,100000,1.0,24,1
9,empty_right,shuffled,start,i64,0,all,1,0,memory,7,100000,intersect,lazy_complete,production,1,1461400,100000,0,100000,0,100000,0,0,200000,1,0,0,100000,1.0,24,1
9,empty_right,shuffled,start,i64,0,all,1,0,memory,7,100000,intersect,lazy_complete,production,2,1122200,100000,0,100000,0,100000,0,0,200000,1,0,0,100000,1.0,24,1
9,empty_right,shuffled,start,i64,0,all,1,0,memory,7,100000,intersect,lazy_complete,native,2,38583700,100000,0,100000,0,100000,0,0,200000,1,0,0,100000,1.0,24,1
10,availability,shuffled,reverse,datetime_ns,1000,all,7,0,memory,7,8,subtract,eager,production,0,868700,4,4,4,4,4,4,8,16,4,4,1.0,1,0.25,4,4
10,availability,shuffled,reverse,datetime_ns,1000,all,7,0,memory,7,8,subtract,eager,native,0,5254400,4,4,4,4,4,4,8,16,4,4,1.0,1,0.25,4,4
10,availability,shuffled,reverse,datetime_ns,1000,all,7,0,memory,7,8,subtract,eager,native,1,4452200,4,4,4,4,4,4,8,16,4,4,1.0,1,0.25,4,4
10,availability,shuffled,reverse,datetime_ns,1000,all,7,0,memory,7,8,subtract,eager,production,1,814800,4,4,4,4,4,4,8,16,4,4,1.0,1,0.25,4,4
10,availability,shuffled,reverse,datetime_ns,1000,all,7,0,memory,7,8,subtract,eager,production,2,861600,4,4,4,4,4,4,8,16,4,4,1.0,1,0.25,4,4
10,availability,shuffled,reverse,datetime_ns,1000,all,7,0,memory,7,8,subtract,eager,native,2,5145700,4,4,4,4,4,4,8,16,4,4,1.0,1,0.25,4,4
10,availability,shuffled,reverse,datetime_ns,1000,all,7,0,memory,7,8,subtract,lazy_complete,production,0,706100,4,4,4,4,4,4,8,16,4,4,1.0,1,0.25,4,4
10,availability,shuffled,reverse,datetime_ns,1000,all,7,0,memory,7,8,subtract,lazy_complete,native,0,4096500,4,4,4,4,4,4,8,16,4,4,1.0,1,0.25,4,4
10,availability,shuffled,reverse,datetime_ns,1000,all,7,0,memory,7,8,subtract,lazy_complete,native,1,4354800,4,4,4,4,4,4,8,16,4,4,1.0,1,0.25,4,4
10,availability,shuffled,reverse,datetime_ns,1000,all,7,0,memory,7,8,subtract,lazy_complete,production,1,766000,4,4,4,4,4,4,8,16,4,4,1.0,1,0.25,4,4
10,availability,shuffled,reverse,datetime_ns,1000,all,7,0,memory,7,8,subtract,lazy_complete,production,2,766800,4,4,4,4,4,4,8,16,4,4,1.0,1,0.25,4,4
10,availability,shuffled,reverse,datetime_ns,1000,all,7,0,memory,7,8,subtract,lazy_complete,native,2,4590700,4,4,4,4,4,4,8,16,4,4,1.0,1,0.25,4,4
10,availability,shuffled,reverse,datetime_ns,1000,all,7,0,memory,7,8,intersect,eager,production,0,754300,4,4,4,4,4,4,4,16,4,4,1.0,1,0.25,4,4
10,availability,shuffled,reverse,datetime_ns,1000,all,7,0,memory,7,8,intersect,eager,native,0,5239900,4,4,4,4,4,4,4,16,4,4,1.0,1,0.25,4,4
10,availability,shuffled,reverse,datetime_ns,1000,all,7,0,memory,7,8,intersect,eager,native,1,4389800,4,4,4,4,4,4,4,16,4,4,1.0,1,0.25,4,4
10,availability,shuffled,reverse,datetime_ns,1000,all,7,0,memory,7,8,intersect,eager,production,1,898000,4,4,4,4,4,4,4,16,4,4,1.0,1,0.25,4,4
10,availability,shuffled,reverse,datetime_ns,1000,all,7,0,memory,7,8,intersect,eager,production,2,773700,4,4,4,4,4,4,4,16,4,4,1.0,1,0.25,4,4
10,availability,shuffled,reverse,datetime_ns,1000,all,7,0,memory,7,8,intersect,eager,native,2,4717000,4,4,4,4,4,4,4,16,4,4,1.0,1,0.25,4,4
10,availability,shuffled,reverse,datetime_ns,1000,all,7,0,memory,7,8,intersect,lazy_complete,production,0,746100,4,4,4,4,4,4,4,16,4,4,1.0,1,0.25,4,4
10,availability,shuffled,reverse,datetime_ns,1000,all,7,0,memory,7,8,intersect,lazy_complete,native,0,4604200,4,4,4,4,4,4,4,16,4,4,1.0,1,0.25,4,4
10,availability,shuffled,reverse,datetime_ns,1000,all,7,0,memory,7,8,intersect,lazy_complete,native,1,4506200,4,4,4,4,4,4,4,16,4,4,1.0,1,0.25,4,4
10,availability,shuffled,reverse,datetime_ns,1000,all,7,0,memory,7,8,intersect,lazy_complete,production,1,849700,4,4,4,4,4,4,4,16,4,4,1.0,1,0.25,4,4
10,availability,shuffled,reverse,datetime_ns,1000,all,7,0,memory,7,8,intersect,lazy_complete,production,2,758700,4,4,4,4,4,4,4,16,4,4,1.0,1,0.25,4,4
10,availability,shuffled,reverse,datetime_ns,1000,all,7,0,memory,7,8,intersect,lazy_complete,native,2,5128000,4,4,4,4,4,4,4,16,4,4,1.0,1,0.25,4,4
10,availability,shuffled,reverse,datetime_ns,1000,all,7,0,memory,7,1000,subtract,eager,production,0,2279000,500,500,500,500,500,500,1000,2000,474,474,1.0,27,0.054,8,8
10,availability,shuffled,reverse,datetime_ns,1000,all,7,0,memory,7,1000,subtract,eager,native,0,12365400,500,500,500,500,500,500,1000,2000,474,474,1.0,27,0.054,8,8
10,availability,shuffled,reverse,datetime_ns,1000,all,7,0,memory,7,1000,subtract,eager,native,1,11000100,500,500,500,500,500,500,1000,2000,474,474,1.0,27,0.054,8,8
10,availability,shuffled,reverse,datetime_ns,1000,all,7,0,memory,7,1000,subtract,eager,production,1,1977300,500,500,500,500,500,500,1000,2000,474,474,1.0,27,0.054,8,8
10,availability,shuffled,reverse,datetime_ns,1000,all,7,0,memory,7,1000,subtract,eager,production,2,2234600,500,500,500,500,500,500,1000,2000,474,474,1.0,27,0.054,8,8
10,availability,shuffled,reverse,datetime_ns,1000,all,7,0,memory,7,1000,subtract,eager,native,2,13279300,500,500,500,500,500,500,1000,2000,474,474,1.0,27,0.054,8,8
10,availability,shuffled,reverse,datetime_ns,1000,all,7,0,memory,7,1000,subtract,lazy_complete,production,0,1330700,500,500,500,500,500,500,1000,2000,474,474,1.0,27,0.054,8,8
10,availability,shuffled,reverse,datetime_ns,1000,all,7,0,memory,7,1000,subtract,lazy_complete,native,0,11803100,500,500,500,500,500,500,1000,2000,474,474,1.0,27,0.054,8,8
10,availability,shuffled,reverse,datetime_ns,1000,all,7,0,memory,7,1000,subtract,lazy_complete,native,1,11819100,500,500,500,500,500,500,1000,2000,474,474,1.0,27,0.054,8,8
10,availability,shuffled,reverse,datetime_ns,1000,all,7,0,memory,7,1000,subtract,lazy_complete,production,1,1230800,500,500,500,500,500,500,1000,2000,474,474,1.0,27,0.054,8,8
10,availability,shuffled,reverse,datetime_ns,1000,all,7,0,memory,7,1000,subtract,lazy_complete,production,2,1085200,500,500,500,500,500,500,1000,2000,474,474,1.0,27,0.054,8,8
10,availability,shuffled,reverse,datetime_ns,1000,all,7,0,memory,7,1000,subtract,lazy_complete,native,2,10702300,500,500,500,500,500,500,1000,2000,474,474,1.0,27,0.054,8,8
10,availability,shuffled,reverse,datetime_ns,1000,all,7,0,memory,7,1000,intersect,eager,production,0,2380100,500,500,500,500,500,500,500,2000,474,474,1.0,27,0.054,8,8
10,availability,shuffled,reverse,datetime_ns,1000,all,7,0,memory,7,1000,intersect,eager,native,0,11084700,500,500,500,500,500,500,500,2000,474,474,1.0,27,0.054,8,8
10,availability,shuffled,reverse,datetime_ns,1000,all,7,0,memory,7,1000,intersect,eager,native,1,11679100,500,500,500,500,500,500,500,2000,474,474,1.0,27,0.054,8,8
10,availability,shuffled,reverse,datetime_ns,1000,all,7,0,memory,7,1000,intersect,eager,production,1,2066800,500,500,500,500,500,500,500,2000,474,474,1.0,27,0.054,8,8
10,availability,shuffled,reverse,datetime_ns,1000,all,7,0,memory,7,1000,intersect,eager,production,2,2127300,500,500,500,500,500,500,500,2000,474,474,1.0,27,0.054,8,8
10,availability,shuffled,reverse,datetime_ns,1000,all,7,0,memory,7,1000,intersect,eager,native,2,13133000,500,500,500,500,500,500,500,2000,474,474,1.0,27,0.054,8,8
10,availability,shuffled,reverse,datetime_ns,1000,all,7,0,memory,7,1000,intersect,lazy_complete,production,0,1092700,500,500,500,500,500,500,500,2000,474,474,1.0,27,0.054,8,8
10,availability,shuffled,reverse,datetime_ns,1000,all,7,0,memory,7,1000,intersect,lazy_complete,native,0,10889400,500,500,500,500,500,500,500,2000,474,474,1.0,27,0.054,8,8
10,availability,shuffled,reverse,datetime_ns,1000,all,7,0,memory,7,1000,intersect,lazy_complete,native,1,10621400,500,500,500,500,500,500,500,2000,474,474,1.0,27,0.054,8,8
10,availability,shuffled,reverse,datetime_ns,1000,all,7,0,memory,7,1000,intersect,lazy_complete,production,1,1370500,500,500,500,500,500,500,500,2000,474,474,1.0,27,0.054,8,8
10,availability,shuffled,reverse,datetime_ns,1000,all,7,0,memory,7,1000,intersect,lazy_complete,production,2,970800,500,500,500,500,500,500,500,2000,474,474,1.0,27,0.054,8,8
10,availability,shuffled,reverse,datetime_ns,1000,all,7,0,memory,7,1000,intersect,lazy_complete,native,2,10465900,500,500,500,500,500,500,500,2000,474,474,1.0,27,0.054,8,8
10,availability,shuffled,reverse,datetime_ns,1000,all,7,0,memory,7,10000,subtract,eager,production,0,4035500,5000,5000,5000,5000,5000,5000,10000,20000,1001,1001,1.0,264,0.0528,27,8
10,availability,shuffled,reverse,datetime_ns,1000,all,7,0,memory,7,10000,subtract,eager,native,0,19564300,5000,5000,5000,5000,5000,5000,10000,20000,1001,1001,1.0,264,0.0528,27,8
10,availability,shuffled,reverse,datetime_ns,1000,all,7,0,memory,7,10000,subtract,eager,native,1,18867100,5000,5000,5000,5000,5000,5000,10000,20000,1001,1001,1.0,264,0.0528,27,8
10,availability,shuffled,reverse,datetime_ns,1000,all,7,0,memory,7,10000,subtract,eager,production,1,4601900,5000,5000,5000,5000,5000,5000,10000,20000,1001,1001,1.0,264,0.0528,27,8
10,availability,shuffled,reverse,datetime_ns,1000,all,7,0,memory,7,10000,subtract,eager,production,2,4427900,5000,5000,5000,5000,5000,5000,10000,20000,1001,1001,1.0,264,0.0528,27,8
10,availability,shuffled,reverse,datetime_ns,1000,all,7,0,memory,7,10000,subtract,eager,native,2,19394900,5000,5000,5000,5000,5000,5000,10000,20000,1001,1001,1.0,264,0.0528,27,8
10,availability,shuffled,reverse,datetime_ns,1000,all,7,0,memory,7,10000,subtract,lazy_complete,production,0,3084100,5000,5000,5000,5000,5000,5000,10000,20000,1001,1001,1.0,264,0.0528,27,8
10,availability,shuffled,reverse,datetime_ns,1000,all,7,0,memory,7,10000,subtract,lazy_complete,native,0,20260400,5000,5000,5000,5000,5000,5000,10000,20000,1001,1001,1.0,264,0.0528,27,8
10,availability,shuffled,reverse,datetime_ns,1000,all,7,0,memory,7,10000,subtract,lazy_complete,native,1,20637200,5000,5000,5000,5000,5000,5000,10000,20000,1001,1001,1.0,264,0.0528,27,8
10,availability,shuffled,reverse,datetime_ns,1000,all,7,0,memory,7,10000,subtract,lazy_complete,production,1,3303700,5000,5000,5000,5000,5000,5000,10000,20000,1001,1001,1.0,264,0.0528,27,8
10,availability,shuffled,reverse,datetime_ns,1000,all,7,0,memory,7,10000,subtract,lazy_complete,production,2,2770500,5000,5000,5000,5000,5000,5000,10000,20000,1001,1001,1.0,264,0.0528,27,8
10,availability,shuffled,reverse,datetime_ns,1000,all,7,0,memory,7,10000,subtract,lazy_complete,native,2,19489700,5000,5000,5000,5000,5000,5000,10000,20000,1001,1001,1.0,264,0.0528,27,8
10,availability,shuffled,reverse,datetime_ns,1000,all,7,0,memory,7,10000,intersect,eager,production,0,4347800,5000,5000,5000,5000,5000,5000,5000,20000,1001,1001,1.0,264,0.0528,27,8
10,availability,shuffled,reverse,datetime_ns,1000,all,7,0,memory,7,10000,intersect,eager,native,0,19637900,5000,5000,5000,5000,5000,5000,5000,20000,1001,1001,1.0,264,0.0528,27,8
10,availability,shuffled,reverse,datetime_ns,1000,all,7,0,memory,7,10000,intersect,eager,native,1,17196600,5000,5000,5000,5000,5000,5000,5000,20000,1001,1001,1.0,264,0.0528,27,8
10,availability,shuffled,reverse,datetime_ns,1000,all,7,0,memory,7,10000,intersect,eager,production,1,3515300,5000,5000,5000,5000,5000,5000,5000,20000,1001,1001,1.0,264,0.0528,27,8
10,availability,shuffled,reverse,datetime_ns,1000,all,7,0,memory,7,10000,intersect,eager,production,2,3924100,5000,5000,5000,5000,5000,5000,5000,20000,1001,1001,1.0,264,0.0528,27,8
10,availability,shuffled,reverse,datetime_ns,1000,all,7,0,memory,7,10000,intersect,eager,native,2,18336400,5000,5000,5000,5000,5000,5000,5000,20000,1001,1001,1.0,264,0.0528,27,8
10,availability,shuffled,reverse,datetime_ns,1000,all,7,0,memory,7,10000,intersect,lazy_complete,production,0,3243800,5000,5000,5000,5000,5000,5000,5000,20000,1001,1001,1.0,264,0.0528,27,8
10,availability,shuffled,reverse,datetime_ns,1000,all,7,0,memory,7,10000,intersect,lazy_complete,native,0,18027000,5000,5000,5000,5000,5000,5000,5000,20000,1001,1001,1.0,264,0.0528,27,8
10,availability,shuffled,reverse,datetime_ns,1000,all,7,0,memory,7,10000,intersect,lazy_complete,native,1,18021600,5000,5000,5000,5000,5000,5000,5000,20000,1001,1001,1.0,264,0.0528,27,8
10,availability,shuffled,reverse,datetime_ns,1000,all,7,0,memory,7,10000,intersect,lazy_complete,production,1,3628800,5000,5000,5000,5000,5000,5000,5000,20000,1001,1001,1.0,264,0.0528,27,8
10,availability,shuffled,reverse,datetime_ns,1000,all,7,0,memory,7,10000,intersect,lazy_complete,production,2,2864900,5000,5000,5000,5000,5000,5000,5000,20000,1001,1001,1.0,264,0.0528,27,8
10,availability,shuffled,reverse,datetime_ns,1000,all,7,0,memory,7,10000,intersect,lazy_complete,native,2,17959000,5000,5000,5000,5000,5000,5000,5000,20000,1001,1001,1.0,264,0.0528,27,8
10,availability,shuffled,reverse,datetime_ns,1000,all,7,0,memory,7,100000,subtract,eager,production,0,12430400,50000,50000,50000,50000,50000,50000,100000,200000,1001,1001,1.0,2632,0.05264,31,8
10,availability,shuffled,reverse,datetime_ns,1000,all,7,0,memory,7,100000,subtract,eager,native,0,61958200,50000,50000,50000,50000,50000,50000,100000,200000,1001,1001,1.0,2632,0.05264,31,8
10,availability,shuffled,reverse,datetime_ns,1000,all,7,0,memory,7,100000,subtract,eager,native,1,52964200,50000,50000,50000,50000,50000,50000,100000,200000,1001,1001,1.0,2632,0.05264,31,8
10,availability,shuffled,reverse,datetime_ns,1000,all,7,0,memory,7,100000,subtract,eager,production,1,10461800,50000,50000,50000,50000,50000,50000,100000,200000,1001,1001,1.0,2632,0.05264,31,8
10,availability,shuffled,reverse,datetime_ns,1000,all,7,0,memory,7,100000,subtract,eager,production,2,11312400,50000,50000,50000,50000,50000,50000,100000,200000,1001,1001,1.0,2632,0.05264,31,8
10,availability,shuffled,reverse,datetime_ns,1000,all,7,0,memory,7,100000,subtract,eager,native,2,49470200,50000,50000,50000,50000,50000,50000,100000,200000,1001,1001,1.0,2632,0.05264,31,8
10,availability,shuffled,reverse,datetime_ns,1000,all,7,0,memory,7,100000,subtract,lazy_complete,production,0,10551800,50000,50000,50000,50000,50000,50000,100000,200000,1001,1001,1.0,2632,0.05264,31,8
10,availability,shuffled,reverse,datetime_ns,1000,all,7,0,memory,7,100000,subtract,lazy_complete,native,0,50952200,50000,50000,50000,50000,50000,50000,100000,200000,1001,1001,1.0,2632,0.05264,31,8
10,availability,shuffled,reverse,datetime_ns,1000,all,7,0,memory,7,100000,subtract,lazy_complete,native,1,49399500,50000,50000,50000,50000,50000,50000,100000,200000,1001,1001,1.0,2632,0.05264,31,8
10,availability,shuffled,reverse,datetime_ns,1000,all,7,0,memory,7,100000,subtract,lazy_complete,production,1,9695000,50000,50000,50000,50000,50000,50000,100000,200000,1001,1001,1.0,2632,0.05264,31,8
10,availability,shuffled,reverse,datetime_ns,1000,all,7,0,memory,7,100000,subtract,lazy_complete,production,2,9802200,50000,50000,50000,50000,50000,50000,100000,200000,1001,1001,1.0,2632,0.05264,31,8
10,availability,shuffled,reverse,datetime_ns,1000,all,7,0,memory,7,100000,subtract,lazy_complete,native,2,47470200,50000,50000,50000,50000,50000,50000,100000,200000,1001,1001,1.0,2632,0.05264,31,8
10,availability,shuffled,reverse,datetime_ns,1000,all,7,0,memory,7,100000,intersect,eager,production,0,9813300,50000,50000,50000,50000,50000,50000,50000,200000,1001,1001,1.0,2632,0.05264,31,8
10,availability,shuffled,reverse,datetime_ns,1000,all,7,0,memory,7,100000,intersect,eager,native,0,41641800,50000,50000,50000,50000,50000,50000,50000,200000,1001,1001,1.0,2632,0.05264,31,8
10,availability,shuffled,reverse,datetime_ns,1000,all,7,0,memory,7,100000,intersect,eager,native,1,42120600,50000,50000,50000,50000,50000,50000,50000,200000,1001,1001,1.0,2632,0.05264,31,8
10,availability,shuffled,reverse,datetime_ns,1000,all,7,0,memory,7,100000,intersect,eager,production,1,9755200,50000,50000,50000,50000,50000,50000,50000,200000,1001,1001,1.0,2632,0.05264,31,8
10,availability,shuffled,reverse,datetime_ns,1000,all,7,0,memory,7,100000,intersect,eager,production,2,10157400,50000,50000,50000,50000,50000,50000,50000,200000,1001,1001,1.0,2632,0.05264,31,8
10,availability,shuffled,reverse,datetime_ns,1000,all,7,0,memory,7,100000,intersect,eager,native,2,40407600,50000,50000,50000,50000,50000,50000,50000,200000,1001,1001,1.0,2632,0.05264,31,8
10,availability,shuffled,reverse,datetime_ns,1000,all,7,0,memory,7,100000,intersect,lazy_complete,production,0,9141400,50000,50000,50000,50000,50000,50000,50000,200000,1001,1001,1.0,2632,0.05264,31,8
10,availability,shuffled,reverse,datetime_ns,1000,all,7,0,memory,7,100000,intersect,lazy_complete,native,0,41882800,50000,50000,50000,50000,50000,50000,50000,200000,1001,1001,1.0,2632,0.05264,31,8
10,availability,shuffled,reverse,datetime_ns,1000,all,7,0,memory,7,100000,intersect,lazy_complete,native,1,43178100,50000,50000,50000,50000,50000,50000,50000,200000,1001,1001,1.0,2632,0.05264,31,8
10,availability,shuffled,reverse,datetime_ns,1000,all,7,0,memory,7,100000,intersect,lazy_complete,production,1,10331300,50000,50000,50000,50000,50000,50000,50000,200000,1001,1001,1.0,2632,0.05264,31,8
10,availability,shuffled,reverse,datetime_ns,1000,all,7,0,memory,7,100000,intersect,lazy_complete,production,2,8761700,50000,50000,50000,50000,50000,50000,50000,200000,1001,1001,1.0,2632,0.05264,31,8
10,availability,shuffled,reverse,datetime_ns,1000,all,7,0,memory,7,100000,intersect,lazy_complete,native,2,40872500,50000,50000,50000,50000,50000,50000,50000,200000,1001,1001,1.0,2632,0.05264,31,8
11,availability,partial,shuffled,i64,32,sparse,7,8,memory,7,8,subtract,eager,production,0,926800,4,4,4,4,4,4,5,16,4,1,0.25,1,0.25,4,4
11,availability,partial,shuffled,i64,32,sparse,7,8,memory,7,8,subtract,eager,native,0,5805300,4,4,4,4,4,4,5,16,4,1,0.25,1,0.25,4,4
11,availability,partial,shuffled,i64,32,sparse,7,8,memory,7,8,subtract,eager,native,1,5586200,4,4,4,4,4,4,5,16,4,1,0.25,1,0.25,4,4
11,availability,partial,shuffled,i64,32,sparse,7,8,memory,7,8,subtract,eager,production,1,719400,4,4,4,4,4,4,5,16,4,1,0.25,1,0.25,4,4
11,availability,partial,shuffled,i64,32,sparse,7,8,memory,7,8,subtract,eager,production,2,899500,4,4,4,4,4,4,5,16,4,1,0.25,1,0.25,4,4
11,availability,partial,shuffled,i64,32,sparse,7,8,memory,7,8,subtract,eager,native,2,5608400,4,4,4,4,4,4,5,16,4,1,0.25,1,0.25,4,4
11,availability,partial,shuffled,i64,32,sparse,7,8,memory,7,8,subtract,lazy_complete,production,0,617400,4,4,4,4,4,4,5,16,4,1,0.25,1,0.25,4,4
11,availability,partial,shuffled,i64,32,sparse,7,8,memory,7,8,subtract,lazy_complete,native,0,4927100,4,4,4,4,4,4,5,16,4,1,0.25,1,0.25,4,4
11,availability,partial,shuffled,i64,32,sparse,7,8,memory,7,8,subtract,lazy_complete,native,1,6574500,4,4,4,4,4,4,5,16,4,1,0.25,1,0.25,4,4
11,availability,partial,shuffled,i64,32,sparse,7,8,memory,7,8,subtract,lazy_complete,production,1,777400,4,4,4,4,4,4,5,16,4,1,0.25,1,0.25,4,4
11,availability,partial,shuffled,i64,32,sparse,7,8,memory,7,8,subtract,lazy_complete,production,2,529900,4,4,4,4,4,4,5,16,4,1,0.25,1,0.25,4,4
11,availability,partial,shuffled,i64,32,sparse,7,8,memory,7,8,subtract,lazy_complete,native,2,4854400,4,4,4,4,4,4,5,16,4,1,0.25,1,0.25,4,4
11,availability,partial,shuffled,i64,32,sparse,7,8,memory,7,8,intersect,eager,production,0,760100,4,4,4,4,4,4,1,16,4,1,0.25,1,0.25,4,4
11,availability,partial,shuffled,i64,32,sparse,7,8,memory,7,8,intersect,eager,native,0,5765800,4,4,4,4,4,4,1,16,4,1,0.25,1,0.25,4,4
11,availability,partial,shuffled,i64,32,sparse,7,8,memory,7,8,intersect,eager,native,1,4784300,4,4,4,4,4,4,1,16,4,1,0.25,1,0.25,4,4
11,availability,partial,shuffled,i64,32,sparse,7,8,memory,7,8,intersect,eager,production,1,841000,4,4,4,4,4,4,1,16,4,1,0.25,1,0.25,4,4
11,availability,partial,shuffled,i64,32,sparse,7,8,memory,7,8,intersect,eager,production,2,897800,4,4,4,4,4,4,1,16,4,1,0.25,1,0.25,4,4
11,availability,partial,shuffled,i64,32,sparse,7,8,memory,7,8,intersect,eager,native,2,19212600,4,4,4,4,4,4,1,16,4,1,0.25,1,0.25,4,4
11,availability,partial,shuffled,i64,32,sparse,7,8,memory,7,8,intersect,lazy_complete,production,0,761500,4,4,4,4,4,4,1,16,4,1,0.25,1,0.25,4,4
11,availability,partial,shuffled,i64,32,sparse,7,8,memory,7,8,intersect,lazy_complete,native,0,5244900,4,4,4,4,4,4,1,16,4,1,0.25,1,0.25,4,4
11,availability,partial,shuffled,i64,32,sparse,7,8,memory,7,8,intersect,lazy_complete,native,1,5614000,4,4,4,4,4,4,1,16,4,1,0.25,1,0.25,4,4
11,availability,partial,shuffled,i64,32,sparse,7,8,memory,7,8,intersect,lazy_complete,production,1,769900,4,4,4,4,4,4,1,16,4,1,0.25,1,0.25,4,4
11,availability,partial,shuffled,i64,32,sparse,7,8,memory,7,8,intersect,lazy_complete,production,2,838600,4,4,4,4,4,4,1,16,4,1,0.25,1,0.25,4,4
11,availability,partial,shuffled,i64,32,sparse,7,8,memory,7,8,intersect,lazy_complete,native,2,6205700,4,4,4,4,4,4,1,16,4,1,0.25,1,0.25,4,4
11,availability,partial,shuffled,i64,32,sparse,7,8,memory,7,1000,subtract,eager,production,0,2033600,500,500,500,500,500,500,527,2000,33,2,0.06060606060606061,27,0.054,8,8
11,availability,partial,shuffled,i64,32,sparse,7,8,memory,7,1000,subtract,eager,native,0,9544700,500,500,500,500,500,500,527,2000,33,2,0.06060606060606061,27,0.054,8,8
11,availability,partial,shuffled,i64,32,sparse,7,8,memory,7,1000,subtract,eager,native,1,8712100,500,500,500,500,500,500,527,2000,33,2,0.06060606060606061,27,0.054,8,8
11,availability,partial,shuffled,i64,32,sparse,7,8,memory,7,1000,subtract,eager,production,1,1993100,500,500,500,500,500,500,527,2000,33,2,0.06060606060606061,27,0.054,8,8
11,availability,partial,shuffled,i64,32,sparse,7,8,memory,7,1000,subtract,eager,production,2,2044400,500,500,500,500,500,500,527,2000,33,2,0.06060606060606061,27,0.054,8,8
11,availability,partial,shuffled,i64,32,sparse,7,8,memory,7,1000,subtract,eager,native,2,10206000,500,500,500,500,500,500,527,2000,33,2,0.06060606060606061,27,0.054,8,8
11,availability,partial,shuffled,i64,32,sparse,7,8,memory,7,1000,subtract,lazy_complete,production,0,1025200,500,500,500,500,500,500,527,2000,33,2,0.06060606060606061,27,0.054,8,8
11,availability,partial,shuffled,i64,32,sparse,7,8,memory,7,1000,subtract,lazy_complete,native,0,8561600,500,500,500,500,500,500,527,2000,33,2,0.06060606060606061,27,0.054,8,8
11,availability,partial,shuffled,i64,32,sparse,7,8,memory,7,1000,subtract,lazy_complete,native,1,8791100,500,500,500,500,500,500,527,2000,33,2,0.06060606060606061,27,0.054,8,8
11,availability,partial,shuffled,i64,32,sparse,7,8,memory,7,1000,subtract,lazy_complete,production,1,978700,500,500,500,500,500,500,527,2000,33,2,0.06060606060606061,27,0.054,8,8
11,availability,partial,shuffled,i64,32,sparse,7,8,memory,7,1000,subtract,lazy_complete,production,2,759000,500,500,500,500,500,500,527,2000,33,2,0.06060606060606061,27,0.054,8,8
11,availability,partial,shuffled,i64,32,sparse,7,8,memory,7,1000,subtract,lazy_complete,native,2,9109900,500,500,500,500,500,500,527,2000,33,2,0.06060606060606061,27,0.054,8,8
11,availability,partial,shuffled,i64,32,sparse,7,8,memory,7,1000,intersect,eager,production,0,2009200,500,500,500,500,500,500,27,2000,33,2,0.06060606060606061,27,0.054,8,8
11,availability,partial,shuffled,i64,32,sparse,7,8,memory,7,1000,intersect,eager,native,0,8557600,500,500,500,500,500,500,27,2000,33,2,0.06060606060606061,27,0.054,8,8
11,availability,partial,shuffled,i64,32,sparse,7,8,memory,7,1000,intersect,eager,native,1,8126100,500,500,500,500,500,500,27,2000,33,2,0.06060606060606061,27,0.054,8,8
11,availability,partial,shuffled,i64,32,sparse,7,8,memory,7,1000,intersect,eager,production,1,2061500,500,500,500,500,500,500,27,2000,33,2,0.06060606060606061,27,0.054,8,8
11,availability,partial,shuffled,i64,32,sparse,7,8,memory,7,1000,intersect,eager,production,2,1843100,500,500,500,500,500,500,27,2000,33,2,0.06060606060606061,27,0.054,8,8
11,availability,partial,shuffled,i64,32,sparse,7,8,memory,7,1000,intersect,eager,native,2,9427800,500,500,500,500,500,500,27,2000,33,2,0.06060606060606061,27,0.054,8,8
11,availability,partial,shuffled,i64,32,sparse,7,8,memory,7,1000,intersect,lazy_complete,production,0,1025700,500,500,500,500,500,500,27,2000,33,2,0.06060606060606061,27,0.054,8,8
11,availability,partial,shuffled,i64,32,sparse,7,8,memory,7,1000,intersect,lazy_complete,native,0,8198600,500,500,500,500,500,500,27,2000,33,2,0.06060606060606061,27,0.054,8,8
11,availability,partial,shuffled,i64,32,sparse,7,8,memory,7,1000,intersect,lazy_complete,native,1,7164300,500,500,500,500,500,500,27,2000,33,2,0.06060606060606061,27,0.054,8,8
11,availability,partial,shuffled,i64,32,sparse,7,8,memory,7,1000,intersect,lazy_complete,production,1,1071600,500,500,500,500,500,500,27,2000,33,2,0.06060606060606061,27,0.054,8,8
11,availability,partial,shuffled,i64,32,sparse,7,8,memory,7,1000,intersect,lazy_complete,production,2,1041300,500,500,500,500,500,500,27,2000,33,2,0.06060606060606061,27,0.054,8,8
11,availability,partial,shuffled,i64,32,sparse,7,8,memory,7,1000,intersect,lazy_complete,native,2,8575700,500,500,500,500,500,500,27,2000,33,2,0.06060606060606061,27,0.054,8,8
11,availability,partial,shuffled,i64,32,sparse,7,8,memory,7,10000,subtract,eager,production,0,4524700,5000,5000,5000,5000,5000,5000,5264,20000,33,2,0.06060606060606061,264,0.0528,27,27
11,availability,partial,shuffled,i64,32,sparse,7,8,memory,7,10000,subtract,eager,native,0,14142200,5000,5000,5000,5000,5000,5000,5264,20000,33,2,0.06060606060606061,264,0.0528,27,27
11,availability,partial,shuffled,i64,32,sparse,7,8,memory,7,10000,subtract,eager,native,1,15419300,5000,5000,5000,5000,5000,5000,5264,20000,33,2,0.06060606060606061,264,0.0528,27,27
11,availability,partial,shuffled,i64,32,sparse,7,8,memory,7,10000,subtract,eager,production,1,4076200,5000,5000,5000,5000,5000,5000,5264,20000,33,2,0.06060606060606061,264,0.0528,27,27
11,availability,partial,shuffled,i64,32,sparse,7,8,memory,7,10000,subtract,eager,production,2,3609200,5000,5000,5000,5000,5000,5000,5264,20000,33,2,0.06060606060606061,264,0.0528,27,27
11,availability,partial,shuffled,i64,32,sparse,7,8,memory,7,10000,subtract,eager,native,2,13795500,5000,5000,5000,5000,5000,5000,5264,20000,33,2,0.06060606060606061,264,0.0528,27,27
11,availability,partial,shuffled,i64,32,sparse,7,8,memory,7,10000,subtract,lazy_complete,production,0,2541200,5000,5000,5000,5000,5000,5000,5264,20000,33,2,0.06060606060606061,264,0.0528,27,27
11,availability,partial,shuffled,i64,32,sparse,7,8,memory,7,10000,subtract,lazy_complete,native,0,14106000,5000,5000,5000,5000,5000,5000,5264,20000,33,2,0.06060606060606061,264,0.0528,27,27
11,availability,partial,shuffled,i64,32,sparse,7,8,memory,7,10000,subtract,lazy_complete,native,1,14853700,5000,5000,5000,5000,5000,5000,5264,20000,33,2,0.06060606060606061,264,0.0528,27,27
11,availability,partial,shuffled,i64,32,sparse,7,8,memory,7,10000,subtract,lazy_complete,production,1,2735400,5000,5000,5000,5000,5000,5000,5264,20000,33,2,0.06060606060606061,264,0.0528,27,27
11,availability,partial,shuffled,i64,32,sparse,7,8,memory,7,10000,subtract,lazy_complete,production,2,2563400,5000,5000,5000,5000,5000,5000,5264,20000,33,2,0.06060606060606061,264,0.0528,27,27
11,availability,partial,shuffled,i64,32,sparse,7,8,memory,7,10000,subtract,lazy_complete,native,2,14423900,5000,5000,5000,5000,5000,5000,5264,20000,33,2,0.06060606060606061,264,0.0528,27,27
11,availability,partial,shuffled,i64,32,sparse,7,8,memory,7,10000,intersect,eager,production,0,3501900,5000,5000,5000,5000,5000,5000,264,20000,33,2,0.06060606060606061,264,0.0528,27,27
11,availability,partial,shuffled,i64,32,sparse,7,8,memory,7,10000,intersect,eager,native,0,12188700,5000,5000,5000,5000,5000,5000,264,20000,33,2,0.06060606060606061,264,0.0528,27,27
11,availability,partial,shuffled,i64,32,sparse,7,8,memory,7,10000,intersect,eager,native,1,13849900,5000,5000,5000,5000,5000,5000,264,20000,33,2,0.06060606060606061,264,0.0528,27,27
11,availability,partial,shuffled,i64,32,sparse,7,8,memory,7,10000,intersect,eager,production,1,3855500,5000,5000,5000,5000,5000,5000,264,20000,33,2,0.06060606060606061,264,0.0528,27,27
11,availability,partial,shuffled,i64,32,sparse,7,8,memory,7,10000,intersect,eager,production,2,3692300,5000,5000,5000,5000,5000,5000,264,20000,33,2,0.06060606060606061,264,0.0528,27,27
11,availability,partial,shuffled,i64,32,sparse,7,8,memory,7,10000,intersect,eager,native,2,11781800,5000,5000,5000,5000,5000,5000,264,20000,33,2,0.06060606060606061,264,0.0528,27,27
11,availability,partial,shuffled,i64,32,sparse,7,8,memory,7,10000,intersect,lazy_complete,production,0,2297300,5000,5000,5000,5000,5000,5000,264,20000,33,2,0.06060606060606061,264,0.0528,27,27
11,availability,partial,shuffled,i64,32,sparse,7,8,memory,7,10000,intersect,lazy_complete,native,0,10135100,5000,5000,5000,5000,5000,5000,264,20000,33,2,0.06060606060606061,264,0.0528,27,27
11,availability,partial,shuffled,i64,32,sparse,7,8,memory,7,10000,intersect,lazy_complete,native,1,9723100,5000,5000,5000,5000,5000,5000,264,20000,33,2,0.06060606060606061,264,0.0528,27,27
11,availability,partial,shuffled,i64,32,sparse,7,8,memory,7,10000,intersect,lazy_complete,production,1,2348000,5000,5000,5000,5000,5000,5000,264,20000,33,2,0.06060606060606061,264,0.0528,27,27
11,availability,partial,shuffled,i64,32,sparse,7,8,memory,7,10000,intersect,lazy_complete,production,2,2344000,5000,5000,5000,5000,5000,5000,264,20000,33,2,0.06060606060606061,264,0.0528,27,27
11,availability,partial,shuffled,i64,32,sparse,7,8,memory,7,10000,intersect,lazy_complete,native,2,10068400,5000,5000,5000,5000,5000,5000,264,20000,33,2,0.06060606060606061,264,0.0528,27,27
11,availability,partial,shuffled,i64,32,sparse,7,8,memory,7,100000,subtract,eager,production,0,9226200,50000,50000,50000,50000,50000,50000,52632,200000,33,2,0.06060606060606061,2632,0.05264,31,31
11,availability,partial,shuffled,i64,32,sparse,7,8,memory,7,100000,subtract,eager,native,0,44409600,50000,50000,50000,50000,50000,50000,52632,200000,33,2,0.06060606060606061,2632,0.05264,31,31
11,availability,partial,shuffled,i64,32,sparse,7,8,memory,7,100000,subtract,eager,native,1,43613700,50000,50000,50000,50000,50000,50000,52632,200000,33,2,0.06060606060606061,2632,0.05264,31,31
11,availability,partial,shuffled,i64,32,sparse,7,8,memory,7,100000,subtract,eager,production,1,8547500,50000,50000,50000,50000,50000,50000,52632,200000,33,2,0.06060606060606061,2632,0.05264,31,31
11,availability,partial,shuffled,i64,32,sparse,7,8,memory,7,100000,subtract,eager,production,2,10018300,50000,50000,50000,50000,50000,50000,52632,200000,33,2,0.06060606060606061,2632,0.05264,31,31
11,availability,partial,shuffled,i64,32,sparse,7,8,memory,7,100000,subtract,eager,native,2,38862700,50000,50000,50000,50000,50000,50000,52632,200000,33,2,0.06060606060606061,2632,0.05264,31,31
11,availability,partial,shuffled,i64,32,sparse,7,8,memory,7,100000,subtract,lazy_complete,production,0,6995600,50000,50000,50000,50000,50000,50000,52632,200000,33,2,0.06060606060606061,2632,0.05264,31,31
11,availability,partial,shuffled,i64,32,sparse,7,8,memory,7,100000,subtract,lazy_complete,native,0,38584000,50000,50000,50000,50000,50000,50000,52632,200000,33,2,0.06060606060606061,2632,0.05264,31,31
11,availability,partial,shuffled,i64,32,sparse,7,8,memory,7,100000,subtract,lazy_complete,native,1,39269100,50000,50000,50000,50000,50000,50000,52632,200000,33,2,0.06060606060606061,2632,0.05264,31,31
11,availability,partial,shuffled,i64,32,sparse,7,8,memory,7,100000,subtract,lazy_complete,production,1,6873400,50000,50000,50000,50000,50000,50000,52632,200000,33,2,0.06060606060606061,2632,0.05264,31,31
11,availability,partial,shuffled,i64,32,sparse,7,8,memory,7,100000,subtract,lazy_complete,production,2,6903900,50000,50000,50000,50000,50000,50000,52632,200000,33,2,0.06060606060606061,2632,0.05264,31,31
11,availability,partial,shuffled,i64,32,sparse,7,8,memory,7,100000,subtract,lazy_complete,native,2,48663700,50000,50000,50000,50000,50000,50000,52632,200000,33,2,0.06060606060606061,2632,0.05264,31,31
11,availability,partial,shuffled,i64,32,sparse,7,8,memory,7,100000,intersect,eager,production,0,5619800,50000,50000,50000,50000,50000,50000,2632,200000,33,2,0.06060606060606061,2632,0.05264,31,31
11,availability,partial,shuffled,i64,32,sparse,7,8,memory,7,100000,intersect,eager,native,0,33216800,50000,50000,50000,50000,50000,50000,2632,200000,33,2,0.06060606060606061,2632,0.05264,31,31
11,availability,partial,shuffled,i64,32,sparse,7,8,memory,7,100000,intersect,eager,native,1,34173900,50000,50000,50000,50000,50000,50000,2632,200000,33,2,0.06060606060606061,2632,0.05264,31,31
11,availability,partial,shuffled,i64,32,sparse,7,8,memory,7,100000,intersect,eager,production,1,6126200,50000,50000,50000,50000,50000,50000,2632,200000,33,2,0.06060606060606061,2632,0.05264,31,31
11,availability,partial,shuffled,i64,32,sparse,7,8,memory,7,100000,intersect,eager,production,2,6014500,50000,50000,50000,50000,50000,50000,2632,200000,33,2,0.06060606060606061,2632,0.05264,31,31
11,availability,partial,shuffled,i64,32,sparse,7,8,memory,7,100000,intersect,eager,native,2,31975200,50000,50000,50000,50000,50000,50000,2632,200000,33,2,0.06060606060606061,2632,0.05264,31,31
11,availability,partial,shuffled,i64,32,sparse,7,8,memory,7,100000,intersect,lazy_complete,production,0,4743900,50000,50000,50000,50000,50000,50000,2632,200000,33,2,0.06060606060606061,2632,0.05264,31,31
11,availability,partial,shuffled,i64,32,sparse,7,8,memory,7,100000,intersect,lazy_complete,native,0,30796100,50000,50000,50000,50000,50000,50000,2632,200000,33,2,0.06060606060606061,2632,0.05264,31,31
11,availability,partial,shuffled,i64,32,sparse,7,8,memory,7,100000,intersect,lazy_complete,native,1,31668000,50000,50000,50000,50000,50000,50000,2632,200000,33,2,0.06060606060606061,2632,0.05264,31,31
11,availability,partial,shuffled,i64,32,sparse,7,8,memory,7,100000,intersect,lazy_complete,production,1,4616800,50000,50000,50000,50000,50000,50000,2632,200000,33,2,0.06060606060606061,2632,0.05264,31,31
11,availability,partial,shuffled,i64,32,sparse,7,8,memory,7,100000,intersect,lazy_complete,production,2,4409300,50000,50000,50000,50000,50000,50000,2632,200000,33,2,0.06060606060606061,2632,0.05264,31,31
11,availability,partial,shuffled,i64,32,sparse,7,8,memory,7,100000,intersect,lazy_complete,native,2,31564600,50000,50000,50000,50000,50000,50000,2632,200000,33,2,0.06060606060606061,2632,0.05264,31,31
12,genomic,shuffled,shuffled,i64,8,all,7,0,parquet,7,8,subtract,lazy_complete,production,0,1655100,4,4,4,4,4,4,4,15,4,4,1.0,1,0.25,4,4
12,genomic,shuffled,shuffled,i64,8,all,7,0,parquet,7,8,subtract,lazy_complete,native,0,6505600,4,4,4,4,4,4,4,15,4,4,1.0,1,0.25,4,4
12,genomic,shuffled,shuffled,i64,8,all,7,0,parquet,7,8,subtract,lazy_complete,native,1,5235700,4,4,4,4,4,4,4,15,4,4,1.0,1,0.25,4,4
12,genomic,shuffled,shuffled,i64,8,all,7,0,parquet,7,8,subtract,lazy_complete,production,1,1300100,4,4,4,4,4,4,4,15,4,4,1.0,1,0.25,4,4
12,genomic,shuffled,shuffled,i64,8,all,7,0,parquet,7,8,subtract,lazy_complete,production,2,1599900,4,4,4,4,4,4,4,15,4,4,1.0,1,0.25,4,4
12,genomic,shuffled,shuffled,i64,8,all,7,0,parquet,7,8,subtract,lazy_complete,native,2,6015700,4,4,4,4,4,4,4,15,4,4,1.0,1,0.25,4,4
12,genomic,shuffled,shuffled,i64,8,all,7,0,parquet,7,8,intersect,lazy_complete,production,0,1272200,4,4,4,4,4,4,4,15,4,4,1.0,1,0.25,4,4
12,genomic,shuffled,shuffled,i64,8,all,7,0,parquet,7,8,intersect,lazy_complete,native,0,5815300,4,4,4,4,4,4,4,15,4,4,1.0,1,0.25,4,4
12,genomic,shuffled,shuffled,i64,8,all,7,0,parquet,7,8,intersect,lazy_complete,native,1,6355200,4,4,4,4,4,4,4,15,4,4,1.0,1,0.25,4,4
12,genomic,shuffled,shuffled,i64,8,all,7,0,parquet,7,8,intersect,lazy_complete,production,1,1541400,4,4,4,4,4,4,4,15,4,4,1.0,1,0.25,4,4
12,genomic,shuffled,shuffled,i64,8,all,7,0,parquet,7,8,intersect,lazy_complete,production,2,1239600,4,4,4,4,4,4,4,15,4,4,1.0,1,0.25,4,4
12,genomic,shuffled,shuffled,i64,8,all,7,0,parquet,7,8,intersect,lazy_complete,native,2,5544900,4,4,4,4,4,4,4,15,4,4,1.0,1,0.25,4,4
12,genomic,shuffled,shuffled,i64,8,all,7,0,parquet,7,1000,subtract,lazy_complete,production,0,1937600,500,500,500,500,300,300,300,1722,9,9,1.0,60,0.12,8,8
12,genomic,shuffled,shuffled,i64,8,all,7,0,parquet,7,1000,subtract,lazy_complete,native,0,8969100,500,500,500,500,300,300,300,1722,9,9,1.0,60,0.12,8,8
12,genomic,shuffled,shuffled,i64,8,all,7,0,parquet,7,1000,subtract,lazy_complete,native,1,9514700,500,500,500,500,300,300,300,1722,9,9,1.0,60,0.12,8,8
12,genomic,shuffled,shuffled,i64,8,all,7,0,parquet,7,1000,subtract,lazy_complete,production,1,1933300,500,500,500,500,300,300,300,1722,9,9,1.0,60,0.12,8,8
12,genomic,shuffled,shuffled,i64,8,all,7,0,parquet,7,1000,subtract,lazy_complete,production,2,1686400,500,500,500,500,300,300,300,1722,9,9,1.0,60,0.12,8,8
12,genomic,shuffled,shuffled,i64,8,all,7,0,parquet,7,1000,subtract,lazy_complete,native,2,9118900,500,500,500,500,300,300,300,1722,9,9,1.0,60,0.12,8,8
12,genomic,shuffled,shuffled,i64,8,all,7,0,parquet,7,1000,intersect,lazy_complete,production,0,2283700,500,500,500,500,300,300,295,1722,9,9,1.0,60,0.12,8,8
12,genomic,shuffled,shuffled,i64,8,all,7,0,parquet,7,1000,intersect,lazy_complete,native,0,8569500,500,500,500,500,300,300,295,1722,9,9,1.0,60,0.12,8,8
12,genomic,shuffled,shuffled,i64,8,all,7,0,parquet,7,1000,intersect,lazy_complete,native,1,9443600,500,500,500,500,300,300,295,1722,9,9,1.0,60,0.12,8,8
12,genomic,shuffled,shuffled,i64,8,all,7,0,parquet,7,1000,intersect,lazy_complete,production,1,2061400,500,500,500,500,300,300,295,1722,9,9,1.0,60,0.12,8,8
12,genomic,shuffled,shuffled,i64,8,all,7,0,parquet,7,1000,intersect,lazy_complete,production,2,1953200,500,500,500,500,300,300,295,1722,9,9,1.0,60,0.12,8,8
12,genomic,shuffled,shuffled,i64,8,all,7,0,parquet,7,1000,intersect,lazy_complete,native,2,10294700,500,500,500,500,300,300,295,1722,9,9,1.0,60,0.12,8,8
12,genomic,shuffled,shuffled,i64,8,all,7,0,parquet,7,10000,subtract,lazy_complete,production,0,3083900,5000,5000,5000,5000,2974,2974,2974,17182,9,9,1.0,592,0.1184,27,27
12,genomic,shuffled,shuffled,i64,8,all,7,0,parquet,7,10000,subtract,lazy_complete,native,0,14035800,5000,5000,5000,5000,2974,2974,2974,17182,9,9,1.0,592,0.1184,27,27
12,genomic,shuffled,shuffled,i64,8,all,7,0,parquet,7,10000,subtract,lazy_complete,native,1,12470700,5000,5000,5000,5000,2974,2974,2974,17182,9,9,1.0,592,0.1184,27,27
12,genomic,shuffled,shuffled,i64,8,all,7,0,parquet,7,10000,subtract,lazy_complete,production,1,3326300,5000,5000,5000,5000,2974,2974,2974,17182,9,9,1.0,592,0.1184,27,27
12,genomic,shuffled,shuffled,i64,8,all,7,0,parquet,7,10000,subtract,lazy_complete,production,2,3217400,5000,5000,5000,5000,2974,2974,2974,17182,9,9,1.0,592,0.1184,27,27
12,genomic,shuffled,shuffled,i64,8,all,7,0,parquet,7,10000,subtract,lazy_complete,native,2,12511000,5000,5000,5000,5000,2974,2974,2974,17182,9,9,1.0,592,0.1184,27,27
12,genomic,shuffled,shuffled,i64,8,all,7,0,parquet,7,10000,intersect,lazy_complete,production,0,2964400,5000,5000,5000,5000,2974,2974,2924,17182,9,9,1.0,592,0.1184,27,27
12,genomic,shuffled,shuffled,i64,8,all,7,0,parquet,7,10000,intersect,lazy_complete,native,0,12146300,5000,5000,5000,5000,2974,2974,2924,17182,9,9,1.0,592,0.1184,27,27
12,genomic,shuffled,shuffled,i64,8,all,7,0,parquet,7,10000,intersect,lazy_complete,native,1,13315500,5000,5000,5000,5000,2974,2974,2924,17182,9,9,1.0,592,0.1184,27,27
12,genomic,shuffled,shuffled,i64,8,all,7,0,parquet,7,10000,intersect,lazy_complete,production,1,3134700,5000,5000,5000,5000,2974,2974,2924,17182,9,9,1.0,592,0.1184,27,27
12,genomic,shuffled,shuffled,i64,8,all,7,0,parquet,7,10000,intersect,lazy_complete,production,2,2909000,5000,5000,5000,5000,2974,2974,2924,17182,9,9,1.0,592,0.1184,27,27
12,genomic,shuffled,shuffled,i64,8,all,7,0,parquet,7,10000,intersect,lazy_complete,native,2,13736200,5000,5000,5000,5000,2974,2974,2924,17182,9,9,1.0,592,0.1184,27,27
12,genomic,shuffled,shuffled,i64,8,all,7,0,parquet,7,100000,subtract,lazy_complete,production,0,10057400,50000,50000,50000,50000,29630,29630,29630,171786,9,9,1.0,5921,0.11842,31,31
12,genomic,shuffled,shuffled,i64,8,all,7,0,parquet,7,100000,subtract,lazy_complete,native,0,39368100,50000,50000,50000,50000,29630,29630,29630,171786,9,9,1.0,5921,0.11842,31,31
12,genomic,shuffled,shuffled,i64,8,all,7,0,parquet,7,100000,subtract,lazy_complete,native,1,39426100,50000,50000,50000,50000,29630,29630,29630,171786,9,9,1.0,5921,0.11842,31,31
12,genomic,shuffled,shuffled,i64,8,all,7,0,parquet,7,100000,subtract,lazy_complete,production,1,9768500,50000,50000,50000,50000,29630,29630,29630,171786,9,9,1.0,5921,0.11842,31,31
12,genomic,shuffled,shuffled,i64,8,all,7,0,parquet,7,100000,subtract,lazy_complete,production,2,9371600,50000,50000,50000,50000,29630,29630,29630,171786,9,9,1.0,5921,0.11842,31,31
12,genomic,shuffled,shuffled,i64,8,all,7,0,parquet,7,100000,subtract,lazy_complete,native,2,39171800,50000,50000,50000,50000,29630,29630,29630,171786,9,9,1.0,5921,0.11842,31,31
12,genomic,shuffled,shuffled,i64,8,all,7,0,parquet,7,100000,intersect,lazy_complete,production,0,9447400,50000,50000,50000,50000,29630,29630,29135,171786,9,9,1.0,5921,0.11842,31,31
12,genomic,shuffled,shuffled,i64,8,all,7,0,parquet,7,100000,intersect,lazy_complete,native,0,39215000,50000,50000,50000,50000,29630,29630,29135,171786,9,9,1.0,5921,0.11842,31,31
12,genomic,shuffled,shuffled,i64,8,all,7,0,parquet,7,100000,intersect,lazy_complete,native,1,38428500,50000,50000,50000,50000,29630,29630,29135,171786,9,9,1.0,5921,0.11842,31,31
12,genomic,shuffled,shuffled,i64,8,all,7,0,parquet,7,100000,intersect,lazy_complete,production,1,9041700,50000,50000,50000,50000,29630,29630,29135,171786,9,9,1.0,5921,0.11842,31,31
12,genomic,shuffled,shuffled,i64,8,all,7,0,parquet,7,100000,intersect,lazy_complete,production,2,9873100,50000,50000,50000,50000,29630,29630,29135,171786,9,9,1.0,5921,0.11842,31,31
12,genomic,shuffled,shuffled,i64,8,all,7,0,parquet,7,100000,intersect,lazy_complete,native,2,39356400,50000,50000,50000,50000,29630,29630,29135,171786,9,9,1.0,5921,0.11842,31,31
13,skew,shuffled,reverse,i64,32,all,7,0,memory,7,8,subtract,eager,production,0,733200,4,4,4,4,4,4,8,16,2,2,1.0,3,0.75,4,4
13,skew,shuffled,reverse,i64,32,all,7,0,memory,7,8,subtract,eager,native,0,5465700,4,4,4,4,4,4,8,16,2,2,1.0,3,0.75,4,4
13,skew,shuffled,reverse,i64,32,all,7,0,memory,7,8,subtract,eager,native,1,4788100,4,4,4,4,4,4,8,16,2,2,1.0,3,0.75,4,4
13,skew,shuffled,reverse,i64,32,all,7,0,memory,7,8,subtract,eager,production,1,707200,4,4,4,4,4,4,8,16,2,2,1.0,3,0.75,4,4
13,skew,shuffled,reverse,i64,32,all,7,0,memory,7,8,subtract,eager,production,2,752800,4,4,4,4,4,4,8,16,2,2,1.0,3,0.75,4,4
13,skew,shuffled,reverse,i64,32,all,7,0,memory,7,8,subtract,eager,native,2,5121400,4,4,4,4,4,4,8,16,2,2,1.0,3,0.75,4,4
13,skew,shuffled,reverse,i64,32,all,7,0,memory,7,8,subtract,lazy_complete,production,0,732400,4,4,4,4,4,4,8,16,2,2,1.0,3,0.75,4,4
13,skew,shuffled,reverse,i64,32,all,7,0,memory,7,8,subtract,lazy_complete,native,0,4431000,4,4,4,4,4,4,8,16,2,2,1.0,3,0.75,4,4
13,skew,shuffled,reverse,i64,32,all,7,0,memory,7,8,subtract,lazy_complete,native,1,3979500,4,4,4,4,4,4,8,16,2,2,1.0,3,0.75,4,4
13,skew,shuffled,reverse,i64,32,all,7,0,memory,7,8,subtract,lazy_complete,production,1,751400,4,4,4,4,4,4,8,16,2,2,1.0,3,0.75,4,4
13,skew,shuffled,reverse,i64,32,all,7,0,memory,7,8,subtract,lazy_complete,production,2,722000,4,4,4,4,4,4,8,16,2,2,1.0,3,0.75,4,4
13,skew,shuffled,reverse,i64,32,all,7,0,memory,7,8,subtract,lazy_complete,native,2,4041200,4,4,4,4,4,4,8,16,2,2,1.0,3,0.75,4,4
13,skew,shuffled,reverse,i64,32,all,7,0,memory,7,8,intersect,eager,production,0,839100,4,4,4,4,4,4,4,16,2,2,1.0,3,0.75,4,4
13,skew,shuffled,reverse,i64,32,all,7,0,memory,7,8,intersect,eager,native,0,4461200,4,4,4,4,4,4,4,16,2,2,1.0,3,0.75,4,4
13,skew,shuffled,reverse,i64,32,all,7,0,memory,7,8,intersect,eager,native,1,4357400,4,4,4,4,4,4,4,16,2,2,1.0,3,0.75,4,4
13,skew,shuffled,reverse,i64,32,all,7,0,memory,7,8,intersect,eager,production,1,809900,4,4,4,4,4,4,4,16,2,2,1.0,3,0.75,4,4
13,skew,shuffled,reverse,i64,32,all,7,0,memory,7,8,intersect,eager,production,2,645000,4,4,4,4,4,4,4,16,2,2,1.0,3,0.75,4,4
13,skew,shuffled,reverse,i64,32,all,7,0,memory,7,8,intersect,eager,native,2,4892700,4,4,4,4,4,4,4,16,2,2,1.0,3,0.75,4,4
13,skew,shuffled,reverse,i64,32,all,7,0,memory,7,8,intersect,lazy_complete,production,0,654900,4,4,4,4,4,4,4,16,2,2,1.0,3,0.75,4,4
13,skew,shuffled,reverse,i64,32,all,7,0,memory,7,8,intersect,lazy_complete,native,0,5227400,4,4,4,4,4,4,4,16,2,2,1.0,3,0.75,4,4
13,skew,shuffled,reverse,i64,32,all,7,0,memory,7,8,intersect,lazy_complete,native,1,4615600,4,4,4,4,4,4,4,16,2,2,1.0,3,0.75,4,4
13,skew,shuffled,reverse,i64,32,all,7,0,memory,7,8,intersect,lazy_complete,production,1,874900,4,4,4,4,4,4,4,16,2,2,1.0,3,0.75,4,4
13,skew,shuffled,reverse,i64,32,all,7,0,memory,7,8,intersect,lazy_complete,production,2,762100,4,4,4,4,4,4,4,16,2,2,1.0,3,0.75,4,4
13,skew,shuffled,reverse,i64,32,all,7,0,memory,7,8,intersect,lazy_complete,native,2,4084600,4,4,4,4,4,4,4,16,2,2,1.0,3,0.75,4,4
13,skew,shuffled,reverse,i64,32,all,7,0,memory,7,1000,subtract,eager,production,0,1976800,500,500,500,500,500,500,1000,2000,33,33,1.0,382,0.764,8,8
13,skew,shuffled,reverse,i64,32,all,7,0,memory,7,1000,subtract,eager,native,0,10674800,500,500,500,500,500,500,1000,2000,33,33,1.0,382,0.764,8,8
13,skew,shuffled,reverse,i64,32,all,7,0,memory,7,1000,subtract,eager,native,1,9901600,500,500,500,500,500,500,1000,2000,33,33,1.0,382,0.764,8,8
13,skew,shuffled,reverse,i64,32,all,7,0,memory,7,1000,subtract,eager,production,1,1936200,500,500,500,500,500,500,1000,2000,33,33,1.0,382,0.764,8,8
13,skew,shuffled,reverse,i64,32,all,7,0,memory,7,1000,subtract,eager,production,2,1344900,500,500,500,500,500,500,1000,2000,33,33,1.0,382,0.764,8,8
13,skew,shuffled,reverse,i64,32,all,7,0,memory,7,1000,subtract,eager,native,2,10471400,500,500,500,500,500,500,1000,2000,33,33,1.0,382,0.764,8,8
13,skew,shuffled,reverse,i64,32,all,7,0,memory,7,1000,subtract,lazy_complete,production,0,1126600,500,500,500,500,500,500,1000,2000,33,33,1.0,382,0.764,8,8
13,skew,shuffled,reverse,i64,32,all,7,0,memory,7,1000,subtract,lazy_complete,native,0,10140400,500,500,500,500,500,500,1000,2000,33,33,1.0,382,0.764,8,8
13,skew,shuffled,reverse,i64,32,all,7,0,memory,7,1000,subtract,lazy_complete,native,1,9865400,500,500,500,500,500,500,1000,2000,33,33,1.0,382,0.764,8,8
13,skew,shuffled,reverse,i64,32,all,7,0,memory,7,1000,subtract,lazy_complete,production,1,1067900,500,500,500,500,500,500,1000,2000,33,33,1.0,382,0.764,8,8
13,skew,shuffled,reverse,i64,32,all,7,0,memory,7,1000,subtract,lazy_complete,production,2,973000,500,500,500,500,500,500,1000,2000,33,33,1.0,382,0.764,8,8
13,skew,shuffled,reverse,i64,32,all,7,0,memory,7,1000,subtract,lazy_complete,native,2,8349100,500,500,500,500,500,500,1000,2000,33,33,1.0,382,0.764,8,8
13,skew,shuffled,reverse,i64,32,all,7,0,memory,7,1000,intersect,eager,production,0,2231600,500,500,500,500,500,500,500,2000,33,33,1.0,382,0.764,8,8
13,skew,shuffled,reverse,i64,32,all,7,0,memory,7,1000,intersect,eager,native,0,8835300,500,500,500,500,500,500,500,2000,33,33,1.0,382,0.764,8,8
13,skew,shuffled,reverse,i64,32,all,7,0,memory,7,1000,intersect,eager,native,1,9934800,500,500,500,500,500,500,500,2000,33,33,1.0,382,0.764,8,8
13,skew,shuffled,reverse,i64,32,all,7,0,memory,7,1000,intersect,eager,production,1,1677500,500,500,500,500,500,500,500,2000,33,33,1.0,382,0.764,8,8
13,skew,shuffled,reverse,i64,32,all,7,0,memory,7,1000,intersect,eager,production,2,1983600,500,500,500,500,500,500,500,2000,33,33,1.0,382,0.764,8,8
13,skew,shuffled,reverse,i64,32,all,7,0,memory,7,1000,intersect,eager,native,2,8791500,500,500,500,500,500,500,500,2000,33,33,1.0,382,0.764,8,8
13,skew,shuffled,reverse,i64,32,all,7,0,memory,7,1000,intersect,lazy_complete,production,0,1077200,500,500,500,500,500,500,500,2000,33,33,1.0,382,0.764,8,8
13,skew,shuffled,reverse,i64,32,all,7,0,memory,7,1000,intersect,lazy_complete,native,0,8373700,500,500,500,500,500,500,500,2000,33,33,1.0,382,0.764,8,8
13,skew,shuffled,reverse,i64,32,all,7,0,memory,7,1000,intersect,lazy_complete,native,1,8280400,500,500,500,500,500,500,500,2000,33,33,1.0,382,0.764,8,8
13,skew,shuffled,reverse,i64,32,all,7,0,memory,7,1000,intersect,lazy_complete,production,1,1045000,500,500,500,500,500,500,500,2000,33,33,1.0,382,0.764,8,8
13,skew,shuffled,reverse,i64,32,all,7,0,memory,7,1000,intersect,lazy_complete,production,2,761100,500,500,500,500,500,500,500,2000,33,33,1.0,382,0.764,8,8
13,skew,shuffled,reverse,i64,32,all,7,0,memory,7,1000,intersect,lazy_complete,native,2,8319500,500,500,500,500,500,500,500,2000,33,33,1.0,382,0.764,8,8
13,skew,shuffled,reverse,i64,32,all,7,0,memory,7,10000,subtract,eager,production,0,3458300,5000,5000,5000,5000,5000,5000,10000,20000,33,33,1.0,3816,0.7632,27,8
13,skew,shuffled,reverse,i64,32,all,7,0,memory,7,10000,subtract,eager,native,0,14661400,5000,5000,5000,5000,5000,5000,10000,20000,33,33,1.0,3816,0.7632,27,8
13,skew,shuffled,reverse,i64,32,all,7,0,memory,7,10000,subtract,eager,native,1,14440600,5000,5000,5000,5000,5000,5000,10000,20000,33,33,1.0,3816,0.7632,27,8
13,skew,shuffled,reverse,i64,32,all,7,0,memory,7,10000,subtract,eager,production,1,3394900,5000,5000,5000,5000,5000,5000,10000,20000,33,33,1.0,3816,0.7632,27,8
13,skew,shuffled,reverse,i64,32,all,7,0,memory,7,10000,subtract,eager,production,2,3135100,5000,5000,5000,5000,5000,5000,10000,20000,33,33,1.0,3816,0.7632,27,8
13,skew,shuffled,reverse,i64,32,all,7,0,memory,7,10000,subtract,eager,native,2,16192600,5000,5000,5000,5000,5000,5000,10000,20000,33,33,1.0,3816,0.7632,27,8
13,skew,shuffled,reverse,i64,32,all,7,0,memory,7,10000,subtract,lazy_complete,production,0,2185100,5000,5000,5000,5000,5000,5000,10000,20000,33,33,1.0,3816,0.7632,27,8
13,skew,shuffled,reverse,i64,32,all,7,0,memory,7,10000,subtract,lazy_complete,native,0,14175500,5000,5000,5000,5000,5000,5000,10000,20000,33,33,1.0,3816,0.7632,27,8
13,skew,shuffled,reverse,i64,32,all,7,0,memory,7,10000,subtract,lazy_complete,native,1,14502900,5000,5000,5000,5000,5000,5000,10000,20000,33,33,1.0,3816,0.7632,27,8
13,skew,shuffled,reverse,i64,32,all,7,0,memory,7,10000,subtract,lazy_complete,production,1,2442800,5000,5000,5000,5000,5000,5000,10000,20000,33,33,1.0,3816,0.7632,27,8
13,skew,shuffled,reverse,i64,32,all,7,0,memory,7,10000,subtract,lazy_complete,production,2,2480400,5000,5000,5000,5000,5000,5000,10000,20000,33,33,1.0,3816,0.7632,27,8
13,skew,shuffled,reverse,i64,32,all,7,0,memory,7,10000,subtract,lazy_complete,native,2,15356900,5000,5000,5000,5000,5000,5000,10000,20000,33,33,1.0,3816,0.7632,27,8
13,skew,shuffled,reverse,i64,32,all,7,0,memory,7,10000,intersect,eager,production,0,3170700,5000,5000,5000,5000,5000,5000,5000,20000,33,33,1.0,3816,0.7632,27,8
13,skew,shuffled,reverse,i64,32,all,7,0,memory,7,10000,intersect,eager,native,0,19956400,5000,5000,5000,5000,5000,5000,5000,20000,33,33,1.0,3816,0.7632,27,8
13,skew,shuffled,reverse,i64,32,all,7,0,memory,7,10000,intersect,eager,native,1,13947700,5000,5000,5000,5000,5000,5000,5000,20000,33,33,1.0,3816,0.7632,27,8
13,skew,shuffled,reverse,i64,32,all,7,0,memory,7,10000,intersect,eager,production,1,3269000,5000,5000,5000,5000,5000,5000,5000,20000,33,33,1.0,3816,0.7632,27,8
13,skew,shuffled,reverse,i64,32,all,7,0,memory,7,10000,intersect,eager,production,2,3067800,5000,5000,5000,5000,5000,5000,5000,20000,33,33,1.0,3816,0.7632,27,8
13,skew,shuffled,reverse,i64,32,all,7,0,memory,7,10000,intersect,eager,native,2,13108400,5000,5000,5000,5000,5000,5000,5000,20000,33,33,1.0,3816,0.7632,27,8
13,skew,shuffled,reverse,i64,32,all,7,0,memory,7,10000,intersect,lazy_complete,production,0,2306000,5000,5000,5000,5000,5000,5000,5000,20000,33,33,1.0,3816,0.7632,27,8
13,skew,shuffled,reverse,i64,32,all,7,0,memory,7,10000,intersect,lazy_complete,native,0,13599000,5000,5000,5000,5000,5000,5000,5000,20000,33,33,1.0,3816,0.7632,27,8
13,skew,shuffled,reverse,i64,32,all,7,0,memory,7,10000,intersect,lazy_complete,native,1,13640600,5000,5000,5000,5000,5000,5000,5000,20000,33,33,1.0,3816,0.7632,27,8
13,skew,shuffled,reverse,i64,32,all,7,0,memory,7,10000,intersect,lazy_complete,production,1,2326100,5000,5000,5000,5000,5000,5000,5000,20000,33,33,1.0,3816,0.7632,27,8
13,skew,shuffled,reverse,i64,32,all,7,0,memory,7,10000,intersect,lazy_complete,production,2,1868600,5000,5000,5000,5000,5000,5000,5000,20000,33,33,1.0,3816,0.7632,27,8
13,skew,shuffled,reverse,i64,32,all,7,0,memory,7,10000,intersect,lazy_complete,native,2,11320800,5000,5000,5000,5000,5000,5000,5000,20000,33,33,1.0,3816,0.7632,27,8
13,skew,shuffled,reverse,i64,32,all,7,0,memory,7,100000,subtract,eager,production,0,12075600,50000,50000,50000,50000,50000,50000,100000,200000,33,33,1.0,38158,0.76316,31,8
13,skew,shuffled,reverse,i64,32,all,7,0,memory,7,100000,subtract,eager,native,0,51450100,50000,50000,50000,50000,50000,50000,100000,200000,33,33,1.0,38158,0.76316,31,8
13,skew,shuffled,reverse,i64,32,all,7,0,memory,7,100000,subtract,eager,native,1,46808400,50000,50000,50000,50000,50000,50000,100000,200000,33,33,1.0,38158,0.76316,31,8
13,skew,shuffled,reverse,i64,32,all,7,0,memory,7,100000,subtract,eager,production,1,12307300,50000,50000,50000,50000,50000,50000,100000,200000,33,33,1.0,38158,0.76316,31,8
13,skew,shuffled,reverse,i64,32,all,7,0,memory,7,100000,subtract,eager,production,2,11961500,50000,50000,50000,50000,50000,50000,100000,200000,33,33,1.0,38158,0.76316,31,8
13,skew,shuffled,reverse,i64,32,all,7,0,memory,7,100000,subtract,eager,native,2,48485600,50000,50000,50000,50000,50000,50000,100000,200000,33,33,1.0,38158,0.76316,31,8
13,skew,shuffled,reverse,i64,32,all,7,0,memory,7,100000,subtract,lazy_complete,production,0,10863100,50000,50000,50000,50000,50000,50000,100000,200000,33,33,1.0,38158,0.76316,31,8
13,skew,shuffled,reverse,i64,32,all,7,0,memory,7,100000,subtract,lazy_complete,native,0,50539300,50000,50000,50000,50000,50000,50000,100000,200000,33,33,1.0,38158,0.76316,31,8
13,skew,shuffled,reverse,i64,32,all,7,0,memory,7,100000,subtract,lazy_complete,native,1,59459100,50000,50000,50000,50000,50000,50000,100000,200000,33,33,1.0,38158,0.76316,31,8
13,skew,shuffled,reverse,i64,32,all,7,0,memory,7,100000,subtract,lazy_complete,production,1,11228900,50000,50000,50000,50000,50000,50000,100000,200000,33,33,1.0,38158,0.76316,31,8
13,skew,shuffled,reverse,i64,32,all,7,0,memory,7,100000,subtract,lazy_complete,production,2,11865200,50000,50000,50000,50000,50000,50000,100000,200000,33,33,1.0,38158,0.76316,31,8
13,skew,shuffled,reverse,i64,32,all,7,0,memory,7,100000,subtract,lazy_complete,native,2,48700700,50000,50000,50000,50000,50000,50000,100000,200000,33,33,1.0,38158,0.76316,31,8
13,skew,shuffled,reverse,i64,32,all,7,0,memory,7,100000,intersect,eager,production,0,11200600,50000,50000,50000,50000,50000,50000,50000,200000,33,33,1.0,38158,0.76316,31,8
13,skew,shuffled,reverse,i64,32,all,7,0,memory,7,100000,intersect,eager,native,0,43974200,50000,50000,50000,50000,50000,50000,50000,200000,33,33,1.0,38158,0.76316,31,8
13,skew,shuffled,reverse,i64,32,all,7,0,memory,7,100000,intersect,eager,native,1,42894400,50000,50000,50000,50000,50000,50000,50000,200000,33,33,1.0,38158,0.76316,31,8
13,skew,shuffled,reverse,i64,32,all,7,0,memory,7,100000,intersect,eager,production,1,11523900,50000,50000,50000,50000,50000,50000,50000,200000,33,33,1.0,38158,0.76316,31,8
13,skew,shuffled,reverse,i64,32,all,7,0,memory,7,100000,intersect,eager,production,2,10831800,50000,50000,50000,50000,50000,50000,50000,200000,33,33,1.0,38158,0.76316,31,8
13,skew,shuffled,reverse,i64,32,all,7,0,memory,7,100000,intersect,eager,native,2,40134300,50000,50000,50000,50000,50000,50000,50000,200000,33,33,1.0,38158,0.76316,31,8
13,skew,shuffled,reverse,i64,32,all,7,0,memory,7,100000,intersect,lazy_complete,production,0,9477500,50000,50000,50000,50000,50000,50000,50000,200000,33,33,1.0,38158,0.76316,31,8
13,skew,shuffled,reverse,i64,32,all,7,0,memory,7,100000,intersect,lazy_complete,native,0,40694000,50000,50000,50000,50000,50000,50000,50000,200000,33,33,1.0,38158,0.76316,31,8
13,skew,shuffled,reverse,i64,32,all,7,0,memory,7,100000,intersect,lazy_complete,native,1,40289600,50000,50000,50000,50000,50000,50000,50000,200000,33,33,1.0,38158,0.76316,31,8
13,skew,shuffled,reverse,i64,32,all,7,0,memory,7,100000,intersect,lazy_complete,production,1,9885600,50000,50000,50000,50000,50000,50000,50000,200000,33,33,1.0,38158,0.76316,31,8
13,skew,shuffled,reverse,i64,32,all,7,0,memory,7,100000,intersect,lazy_complete,production,2,9642900,50000,50000,50000,50000,50000,50000,50000,200000,33,33,1.0,38158,0.76316,31,8
13,skew,shuffled,reverse,i64,32,all,7,0,memory,7,100000,intersect,lazy_complete,native,2,42782400,50000,50000,50000,50000,50000,50000,50000,200000,33,33,1.0,38158,0.76316,31,8
14,sparse,partial,reverse,u64,0,all,1,0,memory,7,8,subtract,eager,production,0,621900,4,4,4,4,4,4,8,16,1,1,1,4,1.0,1,1
14,sparse,partial,reverse,u64,0,all,1,0,memory,7,8,subtract,eager,native,0,4848600,4,4,4,4,4,4,8,16,1,1,1,4,1.0,1,1
14,sparse,partial,reverse,u64,0,all,1,0,memory,7,8,subtract,eager,native,1,5072800,4,4,4,4,4,4,8,16,1,1,1,4,1.0,1,1
14,sparse,partial,reverse,u64,0,all,1,0,memory,7,8,subtract,eager,production,1,717900,4,4,4,4,4,4,8,16,1,1,1,4,1.0,1,1
14,sparse,partial,reverse,u64,0,all,1,0,memory,7,8,subtract,eager,production,2,428300,4,4,4,4,4,4,8,16,1,1,1,4,1.0,1,1
14,sparse,partial,reverse,u64,0,all,1,0,memory,7,8,subtract,eager,native,2,4602400,4,4,4,4,4,4,8,16,1,1,1,4,1.0,1,1
14,sparse,partial,reverse,u64,0,all,1,0,memory,7,8,subtract,lazy_complete,production,0,512900,4,4,4,4,4,4,8,16,1,1,1,4,1.0,1,1
14,sparse,partial,reverse,u64,0,all,1,0,memory,7,8,subtract,lazy_complete,native,0,4416700,4,4,4,4,4,4,8,16,1,1,1,4,1.0,1,1
14,sparse,partial,reverse,u64,0,all,1,0,memory,7,8,subtract,lazy_complete,native,1,4342800,4,4,4,4,4,4,8,16,1,1,1,4,1.0,1,1
14,sparse,partial,reverse,u64,0,all,1,0,memory,7,8,subtract,lazy_complete,production,1,569600,4,4,4,4,4,4,8,16,1,1,1,4,1.0,1,1
14,sparse,partial,reverse,u64,0,all,1,0,memory,7,8,subtract,lazy_complete,production,2,406100,4,4,4,4,4,4,8,16,1,1,1,4,1.0,1,1
14,sparse,partial,reverse,u64,0,all,1,0,memory,7,8,subtract,lazy_complete,native,2,3903800,4,4,4,4,4,4,8,16,1,1,1,4,1.0,1,1
14,sparse,partial,reverse,u64,0,all,1,0,memory,7,8,intersect,eager,production,0,532700,4,4,4,4,4,4,4,16,1,1,1,4,1.0,1,1
14,sparse,partial,reverse,u64,0,all,1,0,memory,7,8,intersect,eager,native,0,4477100,4,4,4,4,4,4,4,16,1,1,1,4,1.0,1,1
14,sparse,partial,reverse,u64,0,all,1,0,memory,7,8,intersect,eager,native,1,4771000,4,4,4,4,4,4,4,16,1,1,1,4,1.0,1,1
14,sparse,partial,reverse,u64,0,all,1,0,memory,7,8,intersect,eager,production,1,638000,4,4,4,4,4,4,4,16,1,1,1,4,1.0,1,1
14,sparse,partial,reverse,u64,0,all,1,0,memory,7,8,intersect,eager,production,2,571800,4,4,4,4,4,4,4,16,1,1,1,4,1.0,1,1
14,sparse,partial,reverse,u64,0,all,1,0,memory,7,8,intersect,eager,native,2,4489300,4,4,4,4,4,4,4,16,1,1,1,4,1.0,1,1
14,sparse,partial,reverse,u64,0,all,1,0,memory,7,8,intersect,lazy_complete,production,0,694600,4,4,4,4,4,4,4,16,1,1,1,4,1.0,1,1
14,sparse,partial,reverse,u64,0,all,1,0,memory,7,8,intersect,lazy_complete,native,0,4615800,4,4,4,4,4,4,4,16,1,1,1,4,1.0,1,1
14,sparse,partial,reverse,u64,0,all,1,0,memory,7,8,intersect,lazy_complete,native,1,5803900,4,4,4,4,4,4,4,16,1,1,1,4,1.0,1,1
14,sparse,partial,reverse,u64,0,all,1,0,memory,7,8,intersect,lazy_complete,production,1,461900,4,4,4,4,4,4,4,16,1,1,1,4,1.0,1,1
14,sparse,partial,reverse,u64,0,all,1,0,memory,7,8,intersect,lazy_complete,production,2,382100,4,4,4,4,4,4,4,16,1,1,1,4,1.0,1,1
14,sparse,partial,reverse,u64,0,all,1,0,memory,7,8,intersect,lazy_complete,native,2,5084900,4,4,4,4,4,4,4,16,1,1,1,4,1.0,1,1
14,sparse,partial,reverse,u64,0,all,1,0,memory,7,1000,subtract,eager,production,0,679000,500,500,500,500,500,500,1000,2000,1,1,1,500,1.0,1,1
14,sparse,partial,reverse,u64,0,all,1,0,memory,7,1000,subtract,eager,native,0,5789000,500,500,500,500,500,500,1000,2000,1,1,1,500,1.0,1,1
14,sparse,partial,reverse,u64,0,all,1,0,memory,7,1000,subtract,eager,native,1,6980300,500,500,500,500,500,500,1000,2000,1,1,1,500,1.0,1,1
14,sparse,partial,reverse,u64,0,all,1,0,memory,7,1000,subtract,eager,production,1,824200,500,500,500,500,500,500,1000,2000,1,1,1,500,1.0,1,1
14,sparse,partial,reverse,u64,0,all,1,0,memory,7,1000,subtract,eager,production,2,689600,500,500,500,500,500,500,1000,2000,1,1,1,500,1.0,1,1
14,sparse,partial,reverse,u64,0,all,1,0,memory,7,1000,subtract,eager,native,2,6423800,500,500,500,500,500,500,1000,2000,1,1,1,500,1.0,1,1
14,sparse,partial,reverse,u64,0,all,1,0,memory,7,1000,subtract,lazy_complete,production,0,679200,500,500,500,500,500,500,1000,2000,1,1,1,500,1.0,1,1
14,sparse,partial,reverse,u64,0,all,1,0,memory,7,1000,subtract,lazy_complete,native,0,6282100,500,500,500,500,500,500,1000,2000,1,1,1,500,1.0,1,1
14,sparse,partial,reverse,u64,0,all,1,0,memory,7,1000,subtract,lazy_complete,native,1,6478500,500,500,500,500,500,500,1000,2000,1,1,1,500,1.0,1,1
14,sparse,partial,reverse,u64,0,all,1,0,memory,7,1000,subtract,lazy_complete,production,1,680800,500,500,500,500,500,500,1000,2000,1,1,1,500,1.0,1,1
14,sparse,partial,reverse,u64,0,all,1,0,memory,7,1000,subtract,lazy_complete,production,2,466100,500,500,500,500,500,500,1000,2000,1,1,1,500,1.0,1,1
14,sparse,partial,reverse,u64,0,all,1,0,memory,7,1000,subtract,lazy_complete,native,2,6786300,500,500,500,500,500,500,1000,2000,1,1,1,500,1.0,1,1
14,sparse,partial,reverse,u64,0,all,1,0,memory,7,1000,intersect,eager,production,0,676700,500,500,500,500,500,500,500,2000,1,1,1,500,1.0,1,1
14,sparse,partial,reverse,u64,0,all,1,0,memory,7,1000,intersect,eager,native,0,6074800,500,500,500,500,500,500,500,2000,1,1,1,500,1.0,1,1
14,sparse,partial,reverse,u64,0,all,1,0,memory,7,1000,intersect,eager,native,1,7701300,500,500,500,500,500,500,500,2000,1,1,1,500,1.0,1,1
14,sparse,partial,reverse,u64,0,all,1,0,memory,7,1000,intersect,eager,production,1,662500,500,500,500,500,500,500,500,2000,1,1,1,500,1.0,1,1
14,sparse,partial,reverse,u64,0,all,1,0,memory,7,1000,intersect,eager,production,2,689200,500,500,500,500,500,500,500,2000,1,1,1,500,1.0,1,1
14,sparse,partial,reverse,u64,0,all,1,0,memory,7,1000,intersect,eager,native,2,5605700,500,500,500,500,500,500,500,2000,1,1,1,500,1.0,1,1
14,sparse,partial,reverse,u64,0,all,1,0,memory,7,1000,intersect,lazy_complete,production,0,550900,500,500,500,500,500,500,500,2000,1,1,1,500,1.0,1,1
14,sparse,partial,reverse,u64,0,all,1,0,memory,7,1000,intersect,lazy_complete,native,0,5584800,500,500,500,500,500,500,500,2000,1,1,1,500,1.0,1,1
14,sparse,partial,reverse,u64,0,all,1,0,memory,7,1000,intersect,lazy_complete,native,1,5716900,500,500,500,500,500,500,500,2000,1,1,1,500,1.0,1,1
14,sparse,partial,reverse,u64,0,all,1,0,memory,7,1000,intersect,lazy_complete,production,1,486100,500,500,500,500,500,500,500,2000,1,1,1,500,1.0,1,1
14,sparse,partial,reverse,u64,0,all,1,0,memory,7,1000,intersect,lazy_complete,production,2,516200,500,500,500,500,500,500,500,2000,1,1,1,500,1.0,1,1
14,sparse,partial,reverse,u64,0,all,1,0,memory,7,1000,intersect,lazy_complete,native,2,6947300,500,500,500,500,500,500,500,2000,1,1,1,500,1.0,1,1
14,sparse,partial,reverse,u64,0,all,1,0,memory,7,10000,subtract,eager,production,0,1635700,5000,5000,5000,5000,5000,5000,10000,20000,1,1,1,5000,1.0,20,1
14,sparse,partial,reverse,u64,0,all,1,0,memory,7,10000,subtract,eager,native,0,11154600,5000,5000,5000,5000,5000,5000,10000,20000,1,1,1,5000,1.0,20,1
14,sparse,partial,reverse,u64,0,all,1,0,memory,7,10000,subtract,eager,native,1,11451400,5000,5000,5000,5000,5000,5000,10000,20000,1,1,1,5000,1.0,20,1
14,sparse,partial,reverse,u64,0,all,1,0,memory,7,10000,subtract,eager,production,1,1617500,5000,5000,5000,5000,5000,5000,10000,20000,1,1,1,5000,1.0,20,1
14,sparse,partial,reverse,u64,0,all,1,0,memory,7,10000,subtract,eager,production,2,1619800,5000,5000,5000,5000,5000,5000,10000,20000,1,1,1,5000,1.0,20,1
14,sparse,partial,reverse,u64,0,all,1,0,memory,7,10000,subtract,eager,native,2,11900600,5000,5000,5000,5000,5000,5000,10000,20000,1,1,1,5000,1.0,20,1
14,sparse,partial,reverse,u64,0,all,1,0,memory,7,10000,subtract,lazy_complete,production,0,1306200,5000,5000,5000,5000,5000,5000,10000,20000,1,1,1,5000,1.0,20,1
14,sparse,partial,reverse,u64,0,all,1,0,memory,7,10000,subtract,lazy_complete,native,0,11178400,5000,5000,5000,5000,5000,5000,10000,20000,1,1,1,5000,1.0,20,1
14,sparse,partial,reverse,u64,0,all,1,0,memory,7,10000,subtract,lazy_complete,native,1,11270600,5000,5000,5000,5000,5000,5000,10000,20000,1,1,1,5000,1.0,20,1
14,sparse,partial,reverse,u64,0,all,1,0,memory,7,10000,subtract,lazy_complete,production,1,1157900,5000,5000,5000,5000,5000,5000,10000,20000,1,1,1,5000,1.0,20,1
14,sparse,partial,reverse,u64,0,all,1,0,memory,7,10000,subtract,lazy_complete,production,2,1002600,5000,5000,5000,5000,5000,5000,10000,20000,1,1,1,5000,1.0,20,1
14,sparse,partial,reverse,u64,0,all,1,0,memory,7,10000,subtract,lazy_complete,native,2,10120900,5000,5000,5000,5000,5000,5000,10000,20000,1,1,1,5000,1.0,20,1
14,sparse,partial,reverse,u64,0,all,1,0,memory,7,10000,intersect,eager,production,0,1628000,5000,5000,5000,5000,5000,5000,5000,20000,1,1,1,5000,1.0,20,1
14,sparse,partial,reverse,u64,0,all,1,0,memory,7,10000,intersect,eager,native,0,10267100,5000,5000,5000,5000,5000,5000,5000,20000,1,1,1,5000,1.0,20,1
14,sparse,partial,reverse,u64,0,all,1,0,memory,7,10000,intersect,eager,native,1,10237300,5000,5000,5000,5000,5000,5000,5000,20000,1,1,1,5000,1.0,20,1
14,sparse,partial,reverse,u64,0,all,1,0,memory,7,10000,intersect,eager,production,1,1585200,5000,5000,5000,5000,5000,5000,5000,20000,1,1,1,5000,1.0,20,1
14,sparse,partial,reverse,u64,0,all,1,0,memory,7,10000,intersect,eager,production,2,1716700,5000,5000,5000,5000,5000,5000,5000,20000,1,1,1,5000,1.0,20,1
14,sparse,partial,reverse,u64,0,all,1,0,memory,7,10000,intersect,eager,native,2,11872600,5000,5000,5000,5000,5000,5000,5000,20000,1,1,1,5000,1.0,20,1
14,sparse,partial,reverse,u64,0,all,1,0,memory,7,10000,intersect,lazy_complete,production,0,1151800,5000,5000,5000,5000,5000,5000,5000,20000,1,1,1,5000,1.0,20,1
14,sparse,partial,reverse,u64,0,all,1,0,memory,7,10000,intersect,lazy_complete,native,0,9958100,5000,5000,5000,5000,5000,5000,5000,20000,1,1,1,5000,1.0,20,1
14,sparse,partial,reverse,u64,0,all,1,0,memory,7,10000,intersect,lazy_complete,native,1,10393900,5000,5000,5000,5000,5000,5000,5000,20000,1,1,1,5000,1.0,20,1
14,sparse,partial,reverse,u64,0,all,1,0,memory,7,10000,intersect,lazy_complete,production,1,1282200,5000,5000,5000,5000,5000,5000,5000,20000,1,1,1,5000,1.0,20,1
14,sparse,partial,reverse,u64,0,all,1,0,memory,7,10000,intersect,lazy_complete,production,2,1128200,5000,5000,5000,5000,5000,5000,5000,20000,1,1,1,5000,1.0,20,1
14,sparse,partial,reverse,u64,0,all,1,0,memory,7,10000,intersect,lazy_complete,native,2,11376800,5000,5000,5000,5000,5000,5000,5000,20000,1,1,1,5000,1.0,20,1
14,sparse,partial,reverse,u64,0,all,1,0,memory,7,100000,subtract,eager,production,0,5723800,50000,50000,50000,50000,50000,50000,100000,200000,1,1,1,50000,1.0,24,1
14,sparse,partial,reverse,u64,0,all,1,0,memory,7,100000,subtract,eager,native,0,42602700,50000,50000,50000,50000,50000,50000,100000,200000,1,1,1,50000,1.0,24,1
14,sparse,partial,reverse,u64,0,all,1,0,memory,7,100000,subtract,eager,native,1,40422100,50000,50000,50000,50000,50000,50000,100000,200000,1,1,1,50000,1.0,24,1
14,sparse,partial,reverse,u64,0,all,1,0,memory,7,100000,subtract,eager,production,1,5058300,50000,50000,50000,50000,50000,50000,100000,200000,1,1,1,50000,1.0,24,1
14,sparse,partial,reverse,u64,0,all,1,0,memory,7,100000,subtract,eager,production,2,4251800,50000,50000,50000,50000,50000,50000,100000,200000,1,1,1,50000,1.0,24,1
14,sparse,partial,reverse,u64,0,all,1,0,memory,7,100000,subtract,eager,native,2,39849400,50000,50000,50000,50000,50000,50000,100000,200000,1,1,1,50000,1.0,24,1
14,sparse,partial,reverse,u64,0,all,1,0,memory,7,100000,subtract,lazy_complete,production,0,4694100,50000,50000,50000,50000,50000,50000,100000,200000,1,1,1,50000,1.0,24,1
14,sparse,partial,reverse,u64,0,all,1,0,memory,7,100000,subtract,lazy_complete,native,0,57410300,50000,50000,50000,50000,50000,50000,100000,200000,1,1,1,50000,1.0,24,1
14,sparse,partial,reverse,u64,0,all,1,0,memory,7,100000,subtract,lazy_complete,native,1,43719100,50000,50000,50000,50000,50000,50000,100000,200000,1,1,1,50000,1.0,24,1
14,sparse,partial,reverse,u64,0,all,1,0,memory,7,100000,subtract,lazy_complete,production,1,4135200,50000,50000,50000,50000,50000,50000,100000,200000,1,1,1,50000,1.0,24,1
14,sparse,partial,reverse,u64,0,all,1,0,memory,7,100000,subtract,lazy_complete,production,2,4010500,50000,50000,50000,50000,50000,50000,100000,200000,1,1,1,50000,1.0,24,1
14,sparse,partial,reverse,u64,0,all,1,0,memory,7,100000,subtract,lazy_complete,native,2,40685800,50000,50000,50000,50000,50000,50000,100000,200000,1,1,1,50000,1.0,24,1
14,sparse,partial,reverse,u64,0,all,1,0,memory,7,100000,intersect,eager,production,0,4525400,50000,50000,50000,50000,50000,50000,50000,200000,1,1,1,50000,1.0,24,1
14,sparse,partial,reverse,u64,0,all,1,0,memory,7,100000,intersect,eager,native,0,36387400,50000,50000,50000,50000,50000,50000,50000,200000,1,1,1,50000,1.0,24,1
14,sparse,partial,reverse,u64,0,all,1,0,memory,7,100000,intersect,eager,native,1,36729100,50000,50000,50000,50000,50000,50000,50000,200000,1,1,1,50000,1.0,24,1
14,sparse,partial,reverse,u64,0,all,1,0,memory,7,100000,intersect,eager,production,1,4220900,50000,50000,50000,50000,50000,50000,50000,200000,1,1,1,50000,1.0,24,1
14,sparse,partial,reverse,u64,0,all,1,0,memory,7,100000,intersect,eager,production,2,4711300,50000,50000,50000,50000,50000,50000,50000,200000,1,1,1,50000,1.0,24,1
14,sparse,partial,reverse,u64,0,all,1,0,memory,7,100000,intersect,eager,native,2,36754400,50000,50000,50000,50000,50000,50000,50000,200000,1,1,1,50000,1.0,24,1
14,sparse,partial,reverse,u64,0,all,1,0,memory,7,100000,intersect,lazy_complete,production,0,4122100,50000,50000,50000,50000,50000,50000,50000,200000,1,1,1,50000,1.0,24,1
14,sparse,partial,reverse,u64,0,all,1,0,memory,7,100000,intersect,lazy_complete,native,0,34000500,50000,50000,50000,50000,50000,50000,50000,200000,1,1,1,50000,1.0,24,1
14,sparse,partial,reverse,u64,0,all,1,0,memory,7,100000,intersect,lazy_complete,native,1,37740800,50000,50000,50000,50000,50000,50000,50000,200000,1,1,1,50000,1.0,24,1
14,sparse,partial,reverse,u64,0,all,1,0,memory,7,100000,intersect,lazy_complete,production,1,3620500,50000,50000,50000,50000,50000,50000,50000,200000,1,1,1,50000,1.0,24,1
14,sparse,partial,reverse,u64,0,all,1,0,memory,7,100000,intersect,lazy_complete,production,2,4274700,50000,50000,50000,50000,50000,50000,50000,200000,1,1,1,50000,1.0,24,1
14,sparse,partial,reverse,u64,0,all,1,0,memory,7,100000,intersect,lazy_complete,native,2,34313900,50000,50000,50000,50000,50000,50000,50000,200000,1,1,1,50000,1.0,24,1
15,empty_left,start,shuffled,i64,0,all,1,0,memory,7,8,subtract,eager,production,0,590200,0,8,0,8,0,8,0,16,0,0,0,0,0,1,1
15,empty_left,start,shuffled,i64,0,all,1,0,memory,7,8,subtract,eager,native,0,5856700,0,8,0,8,0,8,0,16,0,0,0,0,0,1,1
15,empty_left,start,shuffled,i64,0,all,1,0,memory,7,8,subtract,eager,native,1,4747400,0,8,0,8,0,8,0,16,0,0,0,0,0,1,1
15,empty_left,start,shuffled,i64,0,all,1,0,memory,7,8,subtract,eager,production,1,704500,0,8,0,8,0,8,0,16,0,0,0,0,0,1,1
15,empty_left,start,shuffled,i64,0,all,1,0,memory,7,8,subtract,eager,production,2,600900,0,8,0,8,0,8,0,16,0,0,0,0,0,1,1
15,empty_left,start,shuffled,i64,0,all,1,0,memory,7,8,subtract,eager,native,2,4486300,0,8,0,8,0,8,0,16,0,0,0,0,0,1,1
15,empty_left,start,shuffled,i64,0,all,1,0,memory,7,8,subtract,lazy_complete,production,0,484300,0,8,0,8,0,8,0,16,0,0,0,0,0,1,1
15,empty_left,start,shuffled,i64,0,all,1,0,memory,7,8,subtract,lazy_complete,native,0,4035100,0,8,0,8,0,8,0,16,0,0,0,0,0,1,1
15,empty_left,start,shuffled,i64,0,all,1,0,memory,7,8,subtract,lazy_complete,native,1,4342500,0,8,0,8,0,8,0,16,0,0,0,0,0,1,1
15,empty_left,start,shuffled,i64,0,all,1,0,memory,7,8,subtract,lazy_complete,production,1,617300,0,8,0,8,0,8,0,16,0,0,0,0,0,1,1
15,empty_left,start,shuffled,i64,0,all,1,0,memory,7,8,subtract,lazy_complete,production,2,389400,0,8,0,8,0,8,0,16,0,0,0,0,0,1,1
15,empty_left,start,shuffled,i64,0,all,1,0,memory,7,8,subtract,lazy_complete,native,2,4842400,0,8,0,8,0,8,0,16,0,0,0,0,0,1,1
15,empty_left,start,shuffled,i64,0,all,1,0,memory,7,8,intersect,eager,production,0,862300,0,8,0,8,0,8,0,16,0,0,0,0,0,1,1
15,empty_left,start,shuffled,i64,0,all,1,0,memory,7,8,intersect,eager,native,0,5182000,0,8,0,8,0,8,0,16,0,0,0,0,0,1,1
15,empty_left,start,shuffled,i64,0,all,1,0,memory,7,8,intersect,eager,native,1,4984500,0,8,0,8,0,8,0,16,0,0,0,0,0,1,1
15,empty_left,start,shuffled,i64,0,all,1,0,memory,7,8,intersect,eager,production,1,696300,0,8,0,8,0,8,0,16,0,0,0,0,0,1,1
15,empty_left,start,shuffled,i64,0,all,1,0,memory,7,8,intersect,eager,production,2,680300,0,8,0,8,0,8,0,16,0,0,0,0,0,1,1
15,empty_left,start,shuffled,i64,0,all,1,0,memory,7,8,intersect,eager,native,2,4376800,0,8,0,8,0,8,0,16,0,0,0,0,0,1,1
15,empty_left,start,shuffled,i64,0,all,1,0,memory,7,8,intersect,lazy_complete,production,0,481800,0,8,0,8,0,8,0,16,0,0,0,0,0,1,1
15,empty_left,start,shuffled,i64,0,all,1,0,memory,7,8,intersect,lazy_complete,native,0,3884800,0,8,0,8,0,8,0,16,0,0,0,0,0,1,1
15,empty_left,start,shuffled,i64,0,all,1,0,memory,7,8,intersect,lazy_complete,native,1,4062800,0,8,0,8,0,8,0,16,0,0,0,0,0,1,1
15,empty_left,start,shuffled,i64,0,all,1,0,memory,7,8,intersect,lazy_complete,production,1,456300,0,8,0,8,0,8,0,16,0,0,0,0,0,1,1
15,empty_left,start,shuffled,i64,0,all,1,0,memory,7,8,intersect,lazy_complete,production,2,392800,0,8,0,8,0,8,0,16,0,0,0,0,0,1,1
15,empty_left,start,shuffled,i64,0,all,1,0,memory,7,8,intersect,lazy_complete,native,2,4366800,0,8,0,8,0,8,0,16,0,0,0,0,0,1,1
15,empty_left,start,shuffled,i64,0,all,1,0,memory,7,1000,subtract,eager,production,0,979900,0,1000,0,1000,0,1000,0,2000,0,0,0,0,0,1,4
15,empty_left,start,shuffled,i64,0,all,1,0,memory,7,1000,subtract,eager,native,0,6470700,0,1000,0,1000,0,1000,0,2000,0,0,0,0,0,1,4
15,empty_left,start,shuffled,i64,0,all,1,0,memory,7,1000,subtract,eager,native,1,6626100,0,1000,0,1000,0,1000,0,2000,0,0,0,0,0,1,4
15,empty_left,start,shuffled,i64,0,all,1,0,memory,7,1000,subtract,eager,production,1,1057300,0,1000,0,1000,0,1000,0,2000,0,0,0,0,0,1,4
15,empty_left,start,shuffled,i64,0,all,1,0,memory,7,1000,subtract,eager,production,2,916500,0,1000,0,1000,0,1000,0,2000,0,0,0,0,0,1,4
15,empty_left,start,shuffled,i64,0,all,1,0,memory,7,1000,subtract,eager,native,2,6459300,0,1000,0,1000,0,1000,0,2000,0,0,0,0,0,1,4
15,empty_left,start,shuffled,i64,0,all,1,0,memory,7,1000,subtract,lazy_complete,production,0,575900,0,1000,0,1000,0,1000,0,2000,0,0,0,0,0,1,4
15,empty_left,start,shuffled,i64,0,all,1,0,memory,7,1000,subtract,lazy_complete,native,0,6698600,0,1000,0,1000,0,1000,0,2000,0,0,0,0,0,1,4
15,empty_left,start,shuffled,i64,0,all,1,0,memory,7,1000,subtract,lazy_complete,native,1,5361500,0,1000,0,1000,0,1000,0,2000,0,0,0,0,0,1,4
15,empty_left,start,shuffled,i64,0,all,1,0,memory,7,1000,subtract,lazy_complete,production,1,545400,0,1000,0,1000,0,1000,0,2000,0,0,0,0,0,1,4
15,empty_left,start,shuffled,i64,0,all,1,0,memory,7,1000,subtract,lazy_complete,production,2,495000,0,1000,0,1000,0,1000,0,2000,0,0,0,0,0,1,4
15,empty_left,start,shuffled,i64,0,all,1,0,memory,7,1000,subtract,lazy_complete,native,2,5469900,0,1000,0,1000,0,1000,0,2000,0,0,0,0,0,1,4
15,empty_left,start,shuffled,i64,0,all,1,0,memory,7,1000,intersect,eager,production,0,1067600,0,1000,0,1000,0,1000,0,2000,0,0,0,0,0,1,4
15,empty_left,start,shuffled,i64,0,all,1,0,memory,7,1000,intersect,eager,native,0,6252700,0,1000,0,1000,0,1000,0,2000,0,0,0,0,0,1,4
15,empty_left,start,shuffled,i64,0,all,1,0,memory,7,1000,intersect,eager,native,1,6016500,0,1000,0,1000,0,1000,0,2000,0,0,0,0,0,1,4
15,empty_left,start,shuffled,i64,0,all,1,0,memory,7,1000,intersect,eager,production,1,884700,0,1000,0,1000,0,1000,0,2000,0,0,0,0,0,1,4
15,empty_left,start,shuffled,i64,0,all,1,0,memory,7,1000,intersect,eager,production,2,795100,0,1000,0,1000,0,1000,0,2000,0,0,0,0,0,1,4
15,empty_left,start,shuffled,i64,0,all,1,0,memory,7,1000,intersect,eager,native,2,7172600,0,1000,0,1000,0,1000,0,2000,0,0,0,0,0,1,4
15,empty_left,start,shuffled,i64,0,all,1,0,memory,7,1000,intersect,lazy_complete,production,0,603500,0,1000,0,1000,0,1000,0,2000,0,0,0,0,0,1,4
15,empty_left,start,shuffled,i64,0,all,1,0,memory,7,1000,intersect,lazy_complete,native,0,6060900,0,1000,0,1000,0,1000,0,2000,0,0,0,0,0,1,4
15,empty_left,start,shuffled,i64,0,all,1,0,memory,7,1000,intersect,lazy_complete,native,1,6334800,0,1000,0,1000,0,1000,0,2000,0,0,0,0,0,1,4
15,empty_left,start,shuffled,i64,0,all,1,0,memory,7,1000,intersect,lazy_complete,production,1,615200,0,1000,0,1000,0,1000,0,2000,0,0,0,0,0,1,4
15,empty_left,start,shuffled,i64,0,all,1,0,memory,7,1000,intersect,lazy_complete,production,2,566700,0,1000,0,1000,0,1000,0,2000,0,0,0,0,0,1,4
15,empty_left,start,shuffled,i64,0,all,1,0,memory,7,1000,intersect,lazy_complete,native,2,5279100,0,1000,0,1000,0,1000,0,2000,0,0,0,0,0,1,4
15,empty_left,start,shuffled,i64,0,all,1,0,memory,7,10000,subtract,eager,production,0,1546400,0,10000,0,10000,0,10000,0,20000,0,0,0,0,0,1,24
15,empty_left,start,shuffled,i64,0,all,1,0,memory,7,10000,subtract,eager,native,0,10514600,0,10000,0,10000,0,10000,0,20000,0,0,0,0,0,1,24
15,empty_left,start,shuffled,i64,0,all,1,0,memory,7,10000,subtract,eager,native,1,9493700,0,10000,0,10000,0,10000,0,20000,0,0,0,0,0,1,24
15,empty_left,start,shuffled,i64,0,all,1,0,memory,7,10000,subtract,eager,production,1,1229100,0,10000,0,10000,0,10000,0,20000,0,0,0,0,0,1,24
15,empty_left,start,shuffled,i64,0,all,1,0,memory,7,10000,subtract,eager,production,2,1301900,0,10000,0,10000,0,10000,0,20000,0,0,0,0,0,1,24
15,empty_left,start,shuffled,i64,0,all,1,0,memory,7,10000,subtract,eager,native,2,11305700,0,10000,0,10000,0,10000,0,20000,0,0,0,0,0,1,24
15,empty_left,start,shuffled,i64,0,all,1,0,memory,7,10000,subtract,lazy_complete,production,0,1159700,0,10000,0,10000,0,10000,0,20000,0,0,0,0,0,1,24
15,empty_left,start,shuffled,i64,0,all,1,0,memory,7,10000,subtract,lazy_complete,native,0,9740900,0,10000,0,10000,0,10000,0,20000,0,0,0,0,0,1,24
15,empty_left,start,shuffled,i64,0,all,1,0,memory,7,10000,subtract,lazy_complete,native,1,10507700,0,10000,0,10000,0,10000,0,20000,0,0,0,0,0,1,24
15,empty_left,start,shuffled,i64,0,all,1,0,memory,7,10000,subtract,lazy_complete,production,1,1167300,0,10000,0,10000,0,10000,0,20000,0,0,0,0,0,1,24
15,empty_left,start,shuffled,i64,0,all,1,0,memory,7,10000,subtract,lazy_complete,production,2,1050900,0,10000,0,10000,0,10000,0,20000,0,0,0,0,0,1,24
15,empty_left,start,shuffled,i64,0,all,1,0,memory,7,10000,subtract,lazy_complete,native,2,9973900,0,10000,0,10000,0,10000,0,20000,0,0,0,0,0,1,24
15,empty_left,start,shuffled,i64,0,all,1,0,memory,7,10000,intersect,eager,production,0,1325200,0,10000,0,10000,0,10000,0,20000,0,0,0,0,0,1,24
15,empty_left,start,shuffled,i64,0,all,1,0,memory,7,10000,intersect,eager,native,0,10681600,0,10000,0,10000,0,10000,0,20000,0,0,0,0,0,1,24
15,empty_left,start,shuffled,i64,0,all,1,0,memory,7,10000,intersect,eager,native,1,9484300,0,10000,0,10000,0,10000,0,20000,0,0,0,0,0,1,24
15,empty_left,start,shuffled,i64,0,all,1,0,memory,7,10000,intersect,eager,production,1,1447600,0,10000,0,10000,0,10000,0,20000,0,0,0,0,0,1,24
15,empty_left,start,shuffled,i64,0,all,1,0,memory,7,10000,intersect,eager,production,2,1185800,0,10000,0,10000,0,10000,0,20000,0,0,0,0,0,1,24
15,empty_left,start,shuffled,i64,0,all,1,0,memory,7,10000,intersect,eager,native,2,9916300,0,10000,0,10000,0,10000,0,20000,0,0,0,0,0,1,24
15,empty_left,start,shuffled,i64,0,all,1,0,memory,7,10000,intersect,lazy_complete,production,0,1042600,0,10000,0,10000,0,10000,0,20000,0,0,0,0,0,1,24
15,empty_left,start,shuffled,i64,0,all,1,0,memory,7,10000,intersect,lazy_complete,native,0,9818900,0,10000,0,10000,0,10000,0,20000,0,0,0,0,0,1,24
15,empty_left,start,shuffled,i64,0,all,1,0,memory,7,10000,intersect,lazy_complete,native,1,9784000,0,10000,0,10000,0,10000,0,20000,0,0,0,0,0,1,24
15,empty_left,start,shuffled,i64,0,all,1,0,memory,7,10000,intersect,lazy_complete,production,1,950500,0,10000,0,10000,0,10000,0,20000,0,0,0,0,0,1,24
15,empty_left,start,shuffled,i64,0,all,1,0,memory,7,10000,intersect,lazy_complete,production,2,824100,0,10000,0,10000,0,10000,0,20000,0,0,0,0,0,1,24
15,empty_left,start,shuffled,i64,0,all,1,0,memory,7,10000,intersect,lazy_complete,native,2,9707100,0,10000,0,10000,0,10000,0,20000,0,0,0,0,0,1,24
15,empty_left,start,shuffled,i64,0,all,1,0,memory,7,100000,subtract,eager,production,0,1900100,0,100000,0,100000,0,100000,0,200000,0,0,0,0,0,1,24
15,empty_left,start,shuffled,i64,0,all,1,0,memory,7,100000,subtract,eager,native,0,50578500,0,100000,0,100000,0,100000,0,200000,0,0,0,0,0,1,24
15,empty_left,start,shuffled,i64,0,all,1,0,memory,7,100000,subtract,eager,native,1,39723300,0,100000,0,100000,0,100000,0,200000,0,0,0,0,0,1,24
15,empty_left,start,shuffled,i64,0,all,1,0,memory,7,100000,subtract,eager,production,1,1928300,0,100000,0,100000,0,100000,0,200000,0,0,0,0,0,1,24
15,empty_left,start,shuffled,i64,0,all,1,0,memory,7,100000,subtract,eager,production,2,2380700,0,100000,0,100000,0,100000,0,200000,0,0,0,0,0,1,24
15,empty_left,start,shuffled,i64,0,all,1,0,memory,7,100000,subtract,eager,native,2,39195200,0,100000,0,100000,0,100000,0,200000,0,0,0,0,0,1,24
15,empty_left,start,shuffled,i64,0,all,1,0,memory,7,100000,subtract,lazy_complete,production,0,1543300,0,100000,0,100000,0,100000,0,200000,0,0,0,0,0,1,24
15,empty_left,start,shuffled,i64,0,all,1,0,memory,7,100000,subtract,lazy_complete,native,0,38551600,0,100000,0,100000,0,100000,0,200000,0,0,0,0,0,1,24
15,empty_left,start,shuffled,i64,0,all,1,0,memory,7,100000,subtract,lazy_complete,native,1,37858700,0,100000,0,100000,0,100000,0,200000,0,0,0,0,0,1,24
15,empty_left,start,shuffled,i64,0,all,1,0,memory,7,100000,subtract,lazy_complete,production,1,1469100,0,100000,0,100000,0,100000,0,200000,0,0,0,0,0,1,24
15,empty_left,start,shuffled,i64,0,all,1,0,memory,7,100000,subtract,lazy_complete,production,2,1982200,0,100000,0,100000,0,100000,0,200000,0,0,0,0,0,1,24
15,empty_left,start,shuffled,i64,0,all,1,0,memory,7,100000,subtract,lazy_complete,native,2,37140100,0,100000,0,100000,0,100000,0,200000,0,0,0,0,0,1,24
15,empty_left,start,shuffled,i64,0,all,1,0,memory,7,100000,intersect,eager,production,0,2282200,0,100000,0,100000,0,100000,0,200000,0,0,0,0,0,1,24
15,empty_left,start,shuffled,i64,0,all,1,0,memory,7,100000,intersect,eager,native,0,40246700,0,100000,0,100000,0,100000,0,200000,0,0,0,0,0,1,24
15,empty_left,start,shuffled,i64,0,all,1,0,memory,7,100000,intersect,eager,native,1,38984400,0,100000,0,100000,0,100000,0,200000,0,0,0,0,0,1,24
15,empty_left,start,shuffled,i64,0,all,1,0,memory,7,100000,intersect,eager,production,1,2035400,0,100000,0,100000,0,100000,0,200000,0,0,0,0,0,1,24
15,empty_left,start,shuffled,i64,0,all,1,0,memory,7,100000,intersect,eager,production,2,2326200,0,100000,0,100000,0,100000,0,200000,0,0,0,0,0,1,24
15,empty_left,start,shuffled,i64,0,all,1,0,memory,7,100000,intersect,eager,native,2,38571900,0,100000,0,100000,0,100000,0,200000,0,0,0,0,0,1,24
15,empty_left,start,shuffled,i64,0,all,1,0,memory,7,100000,intersect,lazy_complete,production,0,1582000,0,100000,0,100000,0,100000,0,200000,0,0,0,0,0,1,24
15,empty_left,start,shuffled,i64,0,all,1,0,memory,7,100000,intersect,lazy_complete,native,0,37735600,0,100000,0,100000,0,100000,0,200000,0,0,0,0,0,1,24
15,empty_left,start,shuffled,i64,0,all,1,0,memory,7,100000,intersect,lazy_complete,native,1,36337000,0,100000,0,100000,0,100000,0,200000,0,0,0,0,0,1,24
15,empty_left,start,shuffled,i64,0,all,1,0,memory,7,100000,intersect,lazy_complete,production,1,1597900,0,100000,0,100000,0,100000,0,200000,0,0,0,0,0,1,24
15,empty_left,start,shuffled,i64,0,all,1,0,memory,7,100000,intersect,lazy_complete,production,2,1884200,0,100000,0,100000,0,100000,0,200000,0,0,0,0,0,1,24
15,empty_left,start,shuffled,i64,0,all,1,0,memory,7,100000,intersect,lazy_complete,native,2,37983200,0,100000,0,100000,0,100000,0,200000,0,0,0,0,0,1,24
16,empty_rows,start,shuffled,i64,32,all,7,0,memory,7,8,subtract,eager,production,0,950400,4,4,0,0,0,0,0,8,4,4,1.0,1,0.25,4,4
16,empty_rows,start,shuffled,i64,32,all,7,0,memory,7,8,subtract,eager,native,0,5135800,4,4,0,0,0,0,0,8,4,4,1.0,1,0.25,4,4
16,empty_rows,start,shuffled,i64,32,all,7,0,memory,7,8,subtract,eager,native,1,4408000,4,4,0,0,0,0,0,8,4,4,1.0,1,0.25,4,4
16,empty_rows,start,shuffled,i64,32,all,7,0,memory,7,8,subtract,eager,production,1,810600,4,4,0,0,0,0,0,8,4,4,1.0,1,0.25,4,4
16,empty_rows,start,shuffled,i64,32,all,7,0,memory,7,8,subtract,eager,production,2,655600,4,4,0,0,0,0,0,8,4,4,1.0,1,0.25,4,4
16,empty_rows,start,shuffled,i64,32,all,7,0,memory,7,8,subtract,eager,native,2,3802200,4,4,0,0,0,0,0,8,4,4,1.0,1,0.25,4,4
16,empty_rows,start,shuffled,i64,32,all,7,0,memory,7,8,subtract,lazy_complete,production,0,780100,4,4,0,0,0,0,0,8,4,4,1.0,1,0.25,4,4
16,empty_rows,start,shuffled,i64,32,all,7,0,memory,7,8,subtract,lazy_complete,native,0,3463100,4,4,0,0,0,0,0,8,4,4,1.0,1,0.25,4,4
16,empty_rows,start,shuffled,i64,32,all,7,0,memory,7,8,subtract,lazy_complete,native,1,3751700,4,4,0,0,0,0,0,8,4,4,1.0,1,0.25,4,4
16,empty_rows,start,shuffled,i64,32,all,7,0,memory,7,8,subtract,lazy_complete,production,1,727400,4,4,0,0,0,0,0,8,4,4,1.0,1,0.25,4,4
16,empty_rows,start,shuffled,i64,32,all,7,0,memory,7,8,subtract,lazy_complete,production,2,646100,4,4,0,0,0,0,0,8,4,4,1.0,1,0.25,4,4
16,empty_rows,start,shuffled,i64,32,all,7,0,memory,7,8,subtract,lazy_complete,native,2,3870800,4,4,0,0,0,0,0,8,4,4,1.0,1,0.25,4,4
16,empty_rows,start,shuffled,i64,32,all,7,0,memory,7,8,intersect,eager,production,0,719500,4,4,0,0,0,0,0,8,4,4,1.0,1,0.25,4,4
16,empty_rows,start,shuffled,i64,32,all,7,0,memory,7,8,intersect,eager,native,0,3907700,4,4,0,0,0,0,0,8,4,4,1.0,1,0.25,4,4
16,empty_rows,start,shuffled,i64,32,all,7,0,memory,7,8,intersect,eager,native,1,3967000,4,4,0,0,0,0,0,8,4,4,1.0,1,0.25,4,4
16,empty_rows,start,shuffled,i64,32,all,7,0,memory,7,8,intersect,eager,production,1,852800,4,4,0,0,0,0,0,8,4,4,1.0,1,0.25,4,4
16,empty_rows,start,shuffled,i64,32,all,7,0,memory,7,8,intersect,eager,production,2,742200,4,4,0,0,0,0,0,8,4,4,1.0,1,0.25,4,4
16,empty_rows,start,shuffled,i64,32,all,7,0,memory,7,8,intersect,eager,native,2,4333900,4,4,0,0,0,0,0,8,4,4,1.0,1,0.25,4,4
16,empty_rows,start,shuffled,i64,32,all,7,0,memory,7,8,intersect,lazy_complete,production,0,581800,4,4,0,0,0,0,0,8,4,4,1.0,1,0.25,4,4
16,empty_rows,start,shuffled,i64,32,all,7,0,memory,7,8,intersect,lazy_complete,native,0,4279500,4,4,0,0,0,0,0,8,4,4,1.0,1,0.25,4,4
16,empty_rows,start,shuffled,i64,32,all,7,0,memory,7,8,intersect,lazy_complete,native,1,4387500,4,4,0,0,0,0,0,8,4,4,1.0,1,0.25,4,4
16,empty_rows,start,shuffled,i64,32,all,7,0,memory,7,8,intersect,lazy_complete,production,1,684300,4,4,0,0,0,0,0,8,4,4,1.0,1,0.25,4,4
16,empty_rows,start,shuffled,i64,32,all,7,0,memory,7,8,intersect,lazy_complete,production,2,648400,4,4,0,0,0,0,0,8,4,4,1.0,1,0.25,4,4
16,empty_rows,start,shuffled,i64,32,all,7,0,memory,7,8,intersect,lazy_complete,native,2,3989200,4,4,0,0,0,0,0,8,4,4,1.0,1,0.25,4,4
16,empty_rows,start,shuffled,i64,32,all,7,0,memory,7,1000,subtract,eager,production,0,1987000,500,500,0,0,0,0,0,1000,33,33,1.0,27,0.054,8,8
16,empty_rows,start,shuffled,i64,32,all,7,0,memory,7,1000,subtract,eager,native,0,5720200,500,500,0,0,0,0,0,1000,33,33,1.0,27,0.054,8,8
16,empty_rows,start,shuffled,i64,32,all,7,0,memory,7,1000,subtract,eager,native,1,6753500,500,500,0,0,0,0,0,1000,33,33,1.0,27,0.054,8,8
16,empty_rows,start,shuffled,i64,32,all,7,0,memory,7,1000,subtract,eager,production,1,1694000,500,500,0,0,0,0,0,1000,33,33,1.0,27,0.054,8,8
16,empty_rows,start,shuffled,i64,32,all,7,0,memory,7,1000,subtract,eager,production,2,1898700,500,500,0,0,0,0,0,1000,33,33,1.0,27,0.054,8,8
16,empty_rows,start,shuffled,i64,32,all,7,0,memory,7,1000,subtract,eager,native,2,6187500,500,500,0,0,0,0,0,1000,33,33,1.0,27,0.054,8,8
16,empty_rows,start,shuffled,i64,32,all,7,0,memory,7,1000,subtract,lazy_complete,production,0,944200,500,500,0,0,0,0,0,1000,33,33,1.0,27,0.054,8,8
16,empty_rows,start,shuffled,i64,32,all,7,0,memory,7,1000,subtract,lazy_complete,native,0,4955400,500,500,0,0,0,0,0,1000,33,33,1.0,27,0.054,8,8
16,empty_rows,start,shuffled,i64,32,all,7,0,memory,7,1000,subtract,lazy_complete,native,1,4770100,500,500,0,0,0,0,0,1000,33,33,1.0,27,0.054,8,8
16,empty_rows,start,shuffled,i64,32,all,7,0,memory,7,1000,subtract,lazy_complete,production,1,963600,500,500,0,0,0,0,0,1000,33,33,1.0,27,0.054,8,8
16,empty_rows,start,shuffled,i64,32,all,7,0,memory,7,1000,subtract,lazy_complete,production,2,671400,500,500,0,0,0,0,0,1000,33,33,1.0,27,0.054,8,8
16,empty_rows,start,shuffled,i64,32,all,7,0,memory,7,1000,subtract,lazy_complete,native,2,4714600,500,500,0,0,0,0,0,1000,33,33,1.0,27,0.054,8,8
16,empty_rows,start,shuffled,i64,32,all,7,0,memory,7,1000,intersect,eager,production,0,1883800,500,500,0,0,0,0,0,1000,33,33,1.0,27,0.054,8,8
16,empty_rows,start,shuffled,i64,32,all,7,0,memory,7,1000,intersect,eager,native,0,6651600,500,500,0,0,0,0,0,1000,33,33,1.0,27,0.054,8,8
16,empty_rows,start,shuffled,i64,32,all,7,0,memory,7,1000,intersect,eager,native,1,5731400,500,500,0,0,0,0,0,1000,33,33,1.0,27,0.054,8,8
16,empty_rows,start,shuffled,i64,32,all,7,0,memory,7,1000,intersect,eager,production,1,1913500,500,500,0,0,0,0,0,1000,33,33,1.0,27,0.054,8,8
16,empty_rows,start,shuffled,i64,32,all,7,0,memory,7,1000,intersect,eager,production,2,2123800,500,500,0,0,0,0,0,1000,33,33,1.0,27,0.054,8,8
16,empty_rows,start,shuffled,i64,32,all,7,0,memory,7,1000,intersect,eager,native,2,5948300,500,500,0,0,0,0,0,1000,33,33,1.0,27,0.054,8,8
16,empty_rows,start,shuffled,i64,32,all,7,0,memory,7,1000,intersect,lazy_complete,production,0,875000,500,500,0,0,0,0,0,1000,33,33,1.0,27,0.054,8,8
16,empty_rows,start,shuffled,i64,32,all,7,0,memory,7,1000,intersect,lazy_complete,native,0,5516100,500,500,0,0,0,0,0,1000,33,33,1.0,27,0.054,8,8
16,empty_rows,start,shuffled,i64,32,all,7,0,memory,7,1000,intersect,lazy_complete,native,1,5135200,500,500,0,0,0,0,0,1000,33,33,1.0,27,0.054,8,8
16,empty_rows,start,shuffled,i64,32,all,7,0,memory,7,1000,intersect,lazy_complete,production,1,887300,500,500,0,0,0,0,0,1000,33,33,1.0,27,0.054,8,8
16,empty_rows,start,shuffled,i64,32,all,7,0,memory,7,1000,intersect,lazy_complete,production,2,955800,500,500,0,0,0,0,0,1000,33,33,1.0,27,0.054,8,8
16,empty_rows,start,shuffled,i64,32,all,7,0,memory,7,1000,intersect,lazy_complete,native,2,5013700,500,500,0,0,0,0,0,1000,33,33,1.0,27,0.054,8,8
16,empty_rows,start,shuffled,i64,32,all,7,0,memory,7,10000,subtract,eager,production,0,2806500,5000,5000,0,0,0,0,0,10000,33,33,1.0,264,0.0528,8,27
16,empty_rows,start,shuffled,i64,32,all,7,0,memory,7,10000,subtract,eager,native,0,6352200,5000,5000,0,0,0,0,0,10000,33,33,1.0,264,0.0528,8,27
16,empty_rows,start,shuffled,i64,32,all,7,0,memory,7,10000,subtract,eager,native,1,5745100,5000,5000,0,0,0,0,0,10000,33,33,1.0,264,0.0528,8,27
16,empty_rows,start,shuffled,i64,32,all,7,0,memory,7,10000,subtract,eager,production,1,2786700,5000,5000,0,0,0,0,0,10000,33,33,1.0,264,0.0528,8,27
16,empty_rows,start,shuffled,i64,32,all,7,0,memory,7,10000,subtract,eager,production,2,2418200,5000,5000,0,0,0,0,0,10000,33,33,1.0,264,0.0528,8,27
16,empty_rows,start,shuffled,i64,32,all,7,0,memory,7,10000,subtract,eager,native,2,6188100,5000,5000,0,0,0,0,0,10000,33,33,1.0,264,0.0528,8,27
16,empty_rows,start,shuffled,i64,32,all,7,0,memory,7,10000,subtract,lazy_complete,production,0,1889200,5000,5000,0,0,0,0,0,10000,33,33,1.0,264,0.0528,8,27
16,empty_rows,start,shuffled,i64,32,all,7,0,memory,7,10000,subtract,lazy_complete,native,0,5254800,5000,5000,0,0,0,0,0,10000,33,33,1.0,264,0.0528,8,27
16,empty_rows,start,shuffled,i64,32,all,7,0,memory,7,10000,subtract,lazy_complete,native,1,5952900,5000,5000,0,0,0,0,0,10000,33,33,1.0,264,0.0528,8,27
16,empty_rows,start,shuffled,i64,32,all,7,0,memory,7,10000,subtract,lazy_complete,production,1,1695000,5000,5000,0,0,0,0,0,10000,33,33,1.0,264,0.0528,8,27
16,empty_rows,start,shuffled,i64,32,all,7,0,memory,7,10000,subtract,lazy_complete,production,2,1744700,5000,5000,0,0,0,0,0,10000,33,33,1.0,264,0.0528,8,27
16,empty_rows,start,shuffled,i64,32,all,7,0,memory,7,10000,subtract,lazy_complete,native,2,5816700,5000,5000,0,0,0,0,0,10000,33,33,1.0,264,0.0528,8,27
16,empty_rows,start,shuffled,i64,32,all,7,0,memory,7,10000,intersect,eager,production,0,3088200,5000,5000,0,0,0,0,0,10000,33,33,1.0,264,0.0528,8,27
16,empty_rows,start,shuffled,i64,32,all,7,0,memory,7,10000,intersect,eager,native,0,6380300,5000,5000,0,0,0,0,0,10000,33,33,1.0,264,0.0528,8,27
16,empty_rows,start,shuffled,i64,32,all,7,0,memory,7,10000,intersect,eager,native,1,7429500,5000,5000,0,0,0,0,0,10000,33,33,1.0,264,0.0528,8,27
16,empty_rows,start,shuffled,i64,32,all,7,0,memory,7,10000,intersect,eager,production,1,2703200,5000,5000,0,0,0,0,0,10000,33,33,1.0,264,0.0528,8,27
16,empty_rows,start,shuffled,i64,32,all,7,0,memory,7,10000,intersect,eager,production,2,2604800,5000,5000,0,0,0,0,0,10000,33,33,1.0,264,0.0528,8,27
16,empty_rows,start,shuffled,i64,32,all,7,0,memory,7,10000,intersect,eager,native,2,5674600,5000,5000,0,0,0,0,0,10000,33,33,1.0,264,0.0528,8,27
16,empty_rows,start,shuffled,i64,32,all,7,0,memory,7,10000,intersect,lazy_complete,production,0,1546500,5000,5000,0,0,0,0,0,10000,33,33,1.0,264,0.0528,8,27
16,empty_rows,start,shuffled,i64,32,all,7,0,memory,7,10000,intersect,lazy_complete,native,0,5825900,5000,5000,0,0,0,0,0,10000,33,33,1.0,264,0.0528,8,27
16,empty_rows,start,shuffled,i64,32,all,7,0,memory,7,10000,intersect,lazy_complete,native,1,5698700,5000,5000,0,0,0,0,0,10000,33,33,1.0,264,0.0528,8,27
16,empty_rows,start,shuffled,i64,32,all,7,0,memory,7,10000,intersect,lazy_complete,production,1,2012700,5000,5000,0,0,0,0,0,10000,33,33,1.0,264,0.0528,8,27
16,empty_rows,start,shuffled,i64,32,all,7,0,memory,7,10000,intersect,lazy_complete,production,2,1534300,5000,5000,0,0,0,0,0,10000,33,33,1.0,264,0.0528,8,27
16,empty_rows,start,shuffled,i64,32,all,7,0,memory,7,10000,intersect,lazy_complete,native,2,5567700,5000,5000,0,0,0,0,0,10000,33,33,1.0,264,0.0528,8,27
16,empty_rows,start,shuffled,i64,32,all,7,0,memory,7,100000,subtract,eager,production,0,4915500,50000,50000,0,0,0,0,0,100000,33,33,1.0,2632,0.05264,8,31
16,empty_rows,start,shuffled,i64,32,all,7,0,memory,7,100000,subtract,eager,native,0,7323300,50000,50000,0,0,0,0,0,100000,33,33,1.0,2632,0.05264,8,31
16,empty_rows,start,shuffled,i64,32,all,7,0,memory,7,100000,subtract,eager,native,1,7172400,50000,50000,0,0,0,0,0,100000,33,33,1.0,2632,0.05264,8,31
16,empty_rows,start,shuffled,i64,32,all,7,0,memory,7,100000,subtract,eager,production,1,5019300,50000,50000,0,0,0,0,0,100000,33,33,1.0,2632,0.05264,8,31
16,empty_rows,start,shuffled,i64,32,all,7,0,memory,7,100000,subtract,eager,production,2,5201200,50000,50000,0,0,0,0,0,100000,33,33,1.0,2632,0.05264,8,31
16,empty_rows,start,shuffled,i64,32,all,7,0,memory,7,100000,subtract,eager,native,2,7494000,50000,50000,0,0,0,0,0,100000,33,33,1.0,2632,0.05264,8,31
16,empty_rows,start,shuffled,i64,32,all,7,0,memory,7,100000,subtract,lazy_complete,production,0,4094700,50000,50000,0,0,0,0,0,100000,33,33,1.0,2632,0.05264,8,31
16,empty_rows,start,shuffled,i64,32,all,7,0,memory,7,100000,subtract,lazy_complete,native,0,5882600,50000,50000,0,0,0,0,0,100000,33,33,1.0,2632,0.05264,8,31
16,empty_rows,start,shuffled,i64,32,all,7,0,memory,7,100000,subtract,lazy_complete,native,1,6087700,50000,50000,0,0,0,0,0,100000,33,33,1.0,2632,0.05264,8,31
16,empty_rows,start,shuffled,i64,32,all,7,0,memory,7,100000,subtract,lazy_complete,production,1,4552200,50000,50000,0,0,0,0,0,100000,33,33,1.0,2632,0.05264,8,31
16,empty_rows,start,shuffled,i64,32,all,7,0,memory,7,100000,subtract,lazy_complete,production,2,4302200,50000,50000,0,0,0,0,0,100000,33,33,1.0,2632,0.05264,8,31
16,empty_rows,start,shuffled,i64,32,all,7,0,memory,7,100000,subtract,lazy_complete,native,2,6094500,50000,50000,0,0,0,0,0,100000,33,33,1.0,2632,0.05264,8,31
16,empty_rows,start,shuffled,i64,32,all,7,0,memory,7,100000,intersect,eager,production,0,5431400,50000,50000,0,0,0,0,0,100000,33,33,1.0,2632,0.05264,8,31
16,empty_rows,start,shuffled,i64,32,all,7,0,memory,7,100000,intersect,eager,native,0,6370000,50000,50000,0,0,0,0,0,100000,33,33,1.0,2632,0.05264,8,31
16,empty_rows,start,shuffled,i64,32,all,7,0,memory,7,100000,intersect,eager,native,1,7164900,50000,50000,0,0,0,0,0,100000,33,33,1.0,2632,0.05264,8,31
16,empty_rows,start,shuffled,i64,32,all,7,0,memory,7,100000,intersect,eager,production,1,4980200,50000,50000,0,0,0,0,0,100000,33,33,1.0,2632,0.05264,8,31
16,empty_rows,start,shuffled,i64,32,all,7,0,memory,7,100000,intersect,eager,production,2,5872900,50000,50000,0,0,0,0,0,100000,33,33,1.0,2632,0.05264,8,31
16,empty_rows,start,shuffled,i64,32,all,7,0,memory,7,100000,intersect,eager,native,2,6754300,50000,50000,0,0,0,0,0,100000,33,33,1.0,2632,0.05264,8,31
16,empty_rows,start,shuffled,i64,32,all,7,0,memory,7,100000,intersect,lazy_complete,production,0,4321200,50000,50000,0,0,0,0,0,100000,33,33,1.0,2632,0.05264,8,31
16,empty_rows,start,shuffled,i64,32,all,7,0,memory,7,100000,intersect,lazy_complete,native,0,5979000,50000,50000,0,0,0,0,0,100000,33,33,1.0,2632,0.05264,8,31
16,empty_rows,start,shuffled,i64,32,all,7,0,memory,7,100000,intersect,lazy_complete,native,1,5639200,50000,50000,0,0,0,0,0,100000,33,33,1.0,2632,0.05264,8,31
16,empty_rows,start,shuffled,i64,32,all,7,0,memory,7,100000,intersect,lazy_complete,production,1,4096200,50000,50000,0,0,0,0,0,100000,33,33,1.0,2632,0.05264,8,31
16,empty_rows,start,shuffled,i64,32,all,7,0,memory,7,100000,intersect,lazy_complete,production,2,4476800,50000,50000,0,0,0,0,0,100000,33,33,1.0,2632,0.05264,8,31
16,empty_rows,start,shuffled,i64,32,all,7,0,memory,7,100000,intersect,lazy_complete,native,2,5981300,50000,50000,0,0,0,0,0,100000,33,33,1.0,2632,0.05264,8,31
