case,family,left_order,right_order,dtype,groups,matching,chunks,payload,source,seed,n,operation,scope,method,sample,ns,left_n,right_n,left_useful,right_useful,p,q,z,distinct_endpoints,left_groups,matched_groups,key_match_fraction,largest_left_group,largest_left_group_fraction,left_chunks,right_chunks
0,availability,start,start,i64,0,all,1,0,memory,7,8,subtract,eager,production,0,545300,4,4,4,4,4,4,8,16,1,1,1,4,1.0,1,1
0,availability,start,start,i64,0,all,1,0,memory,7,8,subtract,eager,native,0,5460600,4,4,4,4,4,4,8,16,1,1,1,4,1.0,1,1
0,availability,start,start,i64,0,all,1,0,memory,7,8,subtract,eager,native,1,6124000,4,4,4,4,4,4,8,16,1,1,1,4,1.0,1,1
0,availability,start,start,i64,0,all,1,0,memory,7,8,subtract,eager,production,1,531400,4,4,4,4,4,4,8,16,1,1,1,4,1.0,1,1
0,availability,start,start,i64,0,all,1,0,memory,7,8,subtract,eager,production,2,484400,4,4,4,4,4,4,8,16,1,1,1,4,1.0,1,1
0,availability,start,start,i64,0,all,1,0,memory,7,8,subtract,eager,native,2,4880400,4,4,4,4,4,4,8,16,1,1,1,4,1.0,1,1
0,availability,start,start,i64,0,all,1,0,memory,7,8,subtract,lazy_complete,production,0,989200,4,4,4,4,4,4,8,16,1,1,1,4,1.0,1,1
0,availability,start,start,i64,0,all,1,0,memory,7,8,subtract,lazy_complete,native,0,5304800,4,4,4,4,4,4,8,16,1,1,1,4,1.0,1,1
0,availability,start,start,i64,0,all,1,0,memory,7,8,subtract,lazy_complete,native,1,5396200,4,4,4,4,4,4,8,16,1,1,1,4,1.0,1,1
0,availability,start,start,i64,0,all,1,0,memory,7,8,subtract,lazy_complete,production,1,883600,4,4,4,4,4,4,8,16,1,1,1,4,1.0,1,1
0,availability,start,start,i64,0,all,1,0,memory,7,8,subtract,lazy_complete,production,2,815000,4,4,4,4,4,4,8,16,1,1,1,4,1.0,1,1
0,availability,start,start,i64,0,all,1,0,memory,7,8,subtract,lazy_complete,native,2,5339700,4,4,4,4,4,4,8,16,1,1,1,4,1.0,1,1
0,availability,start,start,i64,0,all,1,0,memory,7,8,intersect,eager,production,0,546700,4,4,4,4,4,4,4,16,1,1,1,4,1.0,1,1
0,availability,start,start,i64,0,all,1,0,memory,7,8,intersect,eager,native,0,6106800,4,4,4,4,4,4,4,16,1,1,1,4,1.0,1,1
0,availability,start,start,i64,0,all,1,0,memory,7,8,intersect,eager,native,1,5894500,4,4,4,4,4,4,4,16,1,1,1,4,1.0,1,1
0,availability,start,start,i64,0,all,1,0,memory,7,8,intersect,eager,production,1,778100,4,4,4,4,4,4,4,16,1,1,1,4,1.0,1,1
0,availability,start,start,i64,0,all,1,0,memory,7,8,intersect,eager,production,2,589700,4,4,4,4,4,4,4,16,1,1,1,4,1.0,1,1
0,availability,start,start,i64,0,all,1,0,memory,7,8,intersect,eager,native,2,5611300,4,4,4,4,4,4,4,16,1,1,1,4,1.0,1,1
0,availability,start,start,i64,0,all,1,0,memory,7,8,intersect,lazy_complete,production,0,870400,4,4,4,4,4,4,4,16,1,1,1,4,1.0,1,1
0,availability,start,start,i64,0,all,1,0,memory,7,8,intersect,lazy_complete,native,0,4712300,4,4,4,4,4,4,4,16,1,1,1,4,1.0,1,1
0,availability,start,start,i64,0,all,1,0,memory,7,8,intersect,lazy_complete,native,1,4574500,4,4,4,4,4,4,4,16,1,1,1,4,1.0,1,1
0,availability,start,start,i64,0,all,1,0,memory,7,8,intersect,lazy_complete,production,1,1058900,4,4,4,4,4,4,4,16,1,1,1,4,1.0,1,1
0,availability,start,start,i64,0,all,1,0,memory,7,8,intersect,lazy_complete,production,2,882800,4,4,4,4,4,4,4,16,1,1,1,4,1.0,1,1
0,availability,start,start,i64,0,all,1,0,memory,7,8,intersect,lazy_complete,native,2,5686200,4,4,4,4,4,4,4,16,1,1,1,4,1.0,1,1
0,availability,start,start,i64,0,all,1,0,memory,7,1000,subtract,eager,production,0,722100,500,500,500,500,500,500,1000,2000,1,1,1,500,1.0,1,1
0,availability,start,start,i64,0,all,1,0,memory,7,1000,subtract,eager,native,0,6821900,500,500,500,500,500,500,1000,2000,1,1,1,500,1.0,1,1
0,availability,start,start,i64,0,all,1,0,memory,7,1000,subtract,eager,native,1,8074200,500,500,500,500,500,500,1000,2000,1,1,1,500,1.0,1,1
0,availability,start,start,i64,0,all,1,0,memory,7,1000,subtract,eager,production,1,712200,500,500,500,500,500,500,1000,2000,1,1,1,500,1.0,1,1
0,availability,start,start,i64,0,all,1,0,memory,7,1000,subtract,eager,production,2,430600,500,500,500,500,500,500,1000,2000,1,1,1,500,1.0,1,1
0,availability,start,start,i64,0,all,1,0,memory,7,1000,subtract,eager,native,2,7985700,500,500,500,500,500,500,1000,2000,1,1,1,500,1.0,1,1
0,availability,start,start,i64,0,all,1,0,memory,7,1000,subtract,lazy_complete,production,0,1047800,500,500,500,500,500,500,1000,2000,1,1,1,500,1.0,1,1
0,availability,start,start,i64,0,all,1,0,memory,7,1000,subtract,lazy_complete,native,0,6387700,500,500,500,500,500,500,1000,2000,1,1,1,500,1.0,1,1
0,availability,start,start,i64,0,all,1,0,memory,7,1000,subtract,lazy_complete,native,1,6756300,500,500,500,500,500,500,1000,2000,1,1,1,500,1.0,1,1
0,availability,start,start,i64,0,all,1,0,memory,7,1000,subtract,lazy_complete,production,1,1037300,500,500,500,500,500,500,1000,2000,1,1,1,500,1.0,1,1
0,availability,start,start,i64,0,all,1,0,memory,7,1000,subtract,lazy_complete,production,2,763900,500,500,500,500,500,500,1000,2000,1,1,1,500,1.0,1,1
0,availability,start,start,i64,0,all,1,0,memory,7,1000,subtract,lazy_complete,native,2,7811100,500,500,500,500,500,500,1000,2000,1,1,1,500,1.0,1,1
0,availability,start,start,i64,0,all,1,0,memory,7,1000,intersect,eager,production,0,628600,500,500,500,500,500,500,500,2000,1,1,1,500,1.0,1,1
0,availability,start,start,i64,0,all,1,0,memory,7,1000,intersect,eager,native,0,6238500,500,500,500,500,500,500,500,2000,1,1,1,500,1.0,1,1
0,availability,start,start,i64,0,all,1,0,memory,7,1000,intersect,eager,native,1,6283500,500,500,500,500,500,500,500,2000,1,1,1,500,1.0,1,1
0,availability,start,start,i64,0,all,1,0,memory,7,1000,intersect,eager,production,1,803700,500,500,500,500,500,500,500,2000,1,1,1,500,1.0,1,1
0,availability,start,start,i64,0,all,1,0,memory,7,1000,intersect,eager,production,2,593500,500,500,500,500,500,500,500,2000,1,1,1,500,1.0,1,1
0,availability,start,start,i64,0,all,1,0,memory,7,1000,intersect,eager,native,2,6808000,500,500,500,500,500,500,500,2000,1,1,1,500,1.0,1,1
0,availability,start,start,i64,0,all,1,0,memory,7,1000,intersect,lazy_complete,production,0,966200,500,500,500,500,500,500,500,2000,1,1,1,500,1.0,1,1
0,availability,start,start,i64,0,all,1,0,memory,7,1000,intersect,lazy_complete,native,0,6230600,500,500,500,500,500,500,500,2000,1,1,1,500,1.0,1,1
0,availability,start,start,i64,0,all,1,0,memory,7,1000,intersect,lazy_complete,native,1,6835800,500,500,500,500,500,500,500,2000,1,1,1,500,1.0,1,1
0,availability,start,start,i64,0,all,1,0,memory,7,1000,intersect,lazy_complete,production,1,959400,500,500,500,500,500,500,500,2000,1,1,1,500,1.0,1,1
0,availability,start,start,i64,0,all,1,0,memory,7,1000,intersect,lazy_complete,production,2,793900,500,500,500,500,500,500,500,2000,1,1,1,500,1.0,1,1
0,availability,start,start,i64,0,all,1,0,memory,7,1000,intersect,lazy_complete,native,2,6024400,500,500,500,500,500,500,500,2000,1,1,1,500,1.0,1,1
0,availability,start,start,i64,0,all,1,0,memory,7,10000,subtract,eager,production,0,1154900,5000,5000,5000,5000,5000,5000,10000,20000,1,1,1,5000,1.0,1,1
0,availability,start,start,i64,0,all,1,0,memory,7,10000,subtract,eager,native,0,13655800,5000,5000,5000,5000,5000,5000,10000,20000,1,1,1,5000,1.0,1,1
0,availability,start,start,i64,0,all,1,0,memory,7,10000,subtract,eager,native,1,11287200,5000,5000,5000,5000,5000,5000,10000,20000,1,1,1,5000,1.0,1,1
0,availability,start,start,i64,0,all,1,0,memory,7,10000,subtract,eager,production,1,1005800,5000,5000,5000,5000,5000,5000,10000,20000,1,1,1,5000,1.0,1,1
0,availability,start,start,i64,0,all,1,0,memory,7,10000,subtract,eager,production,2,480200,5000,5000,5000,5000,5000,5000,10000,20000,1,1,1,5000,1.0,1,1
0,availability,start,start,i64,0,all,1,0,memory,7,10000,subtract,eager,native,2,16768000,5000,5000,5000,5000,5000,5000,10000,20000,1,1,1,5000,1.0,1,1
0,availability,start,start,i64,0,all,1,0,memory,7,10000,subtract,lazy_complete,production,0,1276200,5000,5000,5000,5000,5000,5000,10000,20000,1,1,1,5000,1.0,1,1
0,availability,start,start,i64,0,all,1,0,memory,7,10000,subtract,lazy_complete,native,0,18112200,5000,5000,5000,5000,5000,5000,10000,20000,1,1,1,5000,1.0,1,1
0,availability,start,start,i64,0,all,1,0,memory,7,10000,subtract,lazy_complete,native,1,17585800,5000,5000,5000,5000,5000,5000,10000,20000,1,1,1,5000,1.0,1,1
0,availability,start,start,i64,0,all,1,0,memory,7,10000,subtract,lazy_complete,production,1,1527600,5000,5000,5000,5000,5000,5000,10000,20000,1,1,1,5000,1.0,1,1
0,availability,start,start,i64,0,all,1,0,memory,7,10000,subtract,lazy_complete,production,2,1536400,5000,5000,5000,5000,5000,5000,10000,20000,1,1,1,5000,1.0,1,1
0,availability,start,start,i64,0,all,1,0,memory,7,10000,subtract,lazy_complete,native,2,24154200,5000,5000,5000,5000,5000,5000,10000,20000,1,1,1,5000,1.0,1,1
0,availability,start,start,i64,0,all,1,0,memory,7,10000,intersect,eager,production,0,906400,5000,5000,5000,5000,5000,5000,5000,20000,1,1,1,5000,1.0,1,1
0,availability,start,start,i64,0,all,1,0,memory,7,10000,intersect,eager,native,0,15789400,5000,5000,5000,5000,5000,5000,5000,20000,1,1,1,5000,1.0,1,1
0,availability,start,start,i64,0,all,1,0,memory,7,10000,intersect,eager,native,1,14559400,5000,5000,5000,5000,5000,5000,5000,20000,1,1,1,5000,1.0,1,1
0,availability,start,start,i64,0,all,1,0,memory,7,10000,intersect,eager,production,1,1024900,5000,5000,5000,5000,5000,5000,5000,20000,1,1,1,5000,1.0,1,1
0,availability,start,start,i64,0,all,1,0,memory,7,10000,intersect,eager,production,2,645300,5000,5000,5000,5000,5000,5000,5000,20000,1,1,1,5000,1.0,1,1
0,availability,start,start,i64,0,all,1,0,memory,7,10000,intersect,eager,native,2,17702900,5000,5000,5000,5000,5000,5000,5000,20000,1,1,1,5000,1.0,1,1
0,availability,start,start,i64,0,all,1,0,memory,7,10000,intersect,lazy_complete,production,0,1874200,5000,5000,5000,5000,5000,5000,5000,20000,1,1,1,5000,1.0,1,1
0,availability,start,start,i64,0,all,1,0,memory,7,10000,intersect,lazy_complete,native,0,12802000,5000,5000,5000,5000,5000,5000,5000,20000,1,1,1,5000,1.0,1,1
0,availability,start,start,i64,0,all,1,0,memory,7,10000,intersect,lazy_complete,native,1,14207400,5000,5000,5000,5000,5000,5000,5000,20000,1,1,1,5000,1.0,1,1
0,availability,start,start,i64,0,all,1,0,memory,7,10000,intersect,lazy_complete,production,1,1723300,5000,5000,5000,5000,5000,5000,5000,20000,1,1,1,5000,1.0,1,1
0,availability,start,start,i64,0,all,1,0,memory,7,10000,intersect,lazy_complete,production,2,1411100,5000,5000,5000,5000,5000,5000,5000,20000,1,1,1,5000,1.0,1,1
0,availability,start,start,i64,0,all,1,0,memory,7,10000,intersect,lazy_complete,native,2,19013700,5000,5000,5000,5000,5000,5000,5000,20000,1,1,1,5000,1.0,1,1
0,availability,start,start,i64,0,all,1,0,memory,7,100000,subtract,eager,production,0,3469500,50000,50000,50000,50000,50000,50000,100000,200000,1,1,1,50000,1.0,1,1
0,availability,start,start,i64,0,all,1,0,memory,7,100000,subtract,eager,native,0,56885700,50000,50000,50000,50000,50000,50000,100000,200000,1,1,1,50000,1.0,1,1
0,availability,start,start,i64,0,all,1,0,memory,7,100000,subtract,eager,native,1,66167000,50000,50000,50000,50000,50000,50000,100000,200000,1,1,1,50000,1.0,1,1
0,availability,start,start,i64,0,all,1,0,memory,7,100000,subtract,eager,production,1,3005700,50000,50000,50000,50000,50000,50000,100000,200000,1,1,1,50000,1.0,1,1
0,availability,start,start,i64,0,all,1,0,memory,7,100000,subtract,eager,production,2,4042500,50000,50000,50000,50000,50000,50000,100000,200000,1,1,1,50000,1.0,1,1
0,availability,start,start,i64,0,all,1,0,memory,7,100000,subtract,eager,native,2,60716800,50000,50000,50000,50000,50000,50000,100000,200000,1,1,1,50000,1.0,1,1
0,availability,start,start,i64,0,all,1,0,memory,7,100000,subtract,lazy_complete,production,0,6399600,50000,50000,50000,50000,50000,50000,100000,200000,1,1,1,50000,1.0,1,1
0,availability,start,start,i64,0,all,1,0,memory,7,100000,subtract,lazy_complete,native,0,53626900,50000,50000,50000,50000,50000,50000,100000,200000,1,1,1,50000,1.0,1,1
0,availability,start,start,i64,0,all,1,0,memory,7,100000,subtract,lazy_complete,native,1,44755900,50000,50000,50000,50000,50000,50000,100000,200000,1,1,1,50000,1.0,1,1
0,availability,start,start,i64,0,all,1,0,memory,7,100000,subtract,lazy_complete,production,1,5978500,50000,50000,50000,50000,50000,50000,100000,200000,1,1,1,50000,1.0,1,1
0,availability,start,start,i64,0,all,1,0,memory,7,100000,subtract,lazy_complete,production,2,7116400,50000,50000,50000,50000,50000,50000,100000,200000,1,1,1,50000,1.0,1,1
0,availability,start,start,i64,0,all,1,0,memory,7,100000,subtract,lazy_complete,native,2,42242000,50000,50000,50000,50000,50000,50000,100000,200000,1,1,1,50000,1.0,1,1
0,availability,start,start,i64,0,all,1,0,memory,7,100000,intersect,eager,production,0,2354600,50000,50000,50000,50000,50000,50000,50000,200000,1,1,1,50000,1.0,1,1
0,availability,start,start,i64,0,all,1,0,memory,7,100000,intersect,eager,native,0,40923300,50000,50000,50000,50000,50000,50000,50000,200000,1,1,1,50000,1.0,1,1
0,availability,start,start,i64,0,all,1,0,memory,7,100000,intersect,eager,native,1,43274400,50000,50000,50000,50000,50000,50000,50000,200000,1,1,1,50000,1.0,1,1
0,availability,start,start,i64,0,all,1,0,memory,7,100000,intersect,eager,production,1,2488000,50000,50000,50000,50000,50000,50000,50000,200000,1,1,1,50000,1.0,1,1
0,availability,start,start,i64,0,all,1,0,memory,7,100000,intersect,eager,production,2,2465000,50000,50000,50000,50000,50000,50000,50000,200000,1,1,1,50000,1.0,1,1
0,availability,start,start,i64,0,all,1,0,memory,7,100000,intersect,eager,native,2,40150500,50000,50000,50000,50000,50000,50000,50000,200000,1,1,1,50000,1.0,1,1
0,availability,start,start,i64,0,all,1,0,memory,7,100000,intersect,lazy_complete,production,0,6330700,50000,50000,50000,50000,50000,50000,50000,200000,1,1,1,50000,1.0,1,1
0,availability,start,start,i64,0,all,1,0,memory,7,100000,intersect,lazy_complete,native,0,37206800,50000,50000,50000,50000,50000,50000,50000,200000,1,1,1,50000,1.0,1,1
0,availability,start,start,i64,0,all,1,0,memory,7,100000,intersect,lazy_complete,native,1,34146200,50000,50000,50000,50000,50000,50000,50000,200000,1,1,1,50000,1.0,1,1
0,availability,start,start,i64,0,all,1,0,memory,7,100000,intersect,lazy_complete,production,1,4863700,50000,50000,50000,50000,50000,50000,50000,200000,1,1,1,50000,1.0,1,1
0,availability,start,start,i64,0,all,1,0,memory,7,100000,intersect,lazy_complete,production,2,5142200,50000,50000,50000,50000,50000,50000,50000,200000,1,1,1,50000,1.0,1,1
0,availability,start,start,i64,0,all,1,0,memory,7,100000,intersect,lazy_complete,native,2,34038100,50000,50000,50000,50000,50000,50000,50000,200000,1,1,1,50000,1.0,1,1
1,availability,shuffled,reverse,i64,0,all,1,0,memory,7,8,subtract,eager,production,0,581000,4,4,4,4,4,4,8,16,1,1,1,4,1.0,1,1
1,availability,shuffled,reverse,i64,0,all,1,0,memory,7,8,subtract,eager,native,0,5596900,4,4,4,4,4,4,8,16,1,1,1,4,1.0,1,1
1,availability,shuffled,reverse,i64,0,all,1,0,memory,7,8,subtract,eager,native,1,5097400,4,4,4,4,4,4,8,16,1,1,1,4,1.0,1,1
1,availability,shuffled,reverse,i64,0,all,1,0,memory,7,8,subtract,eager,production,1,558500,4,4,4,4,4,4,8,16,1,1,1,4,1.0,1,1
1,availability,shuffled,reverse,i64,0,all,1,0,memory,7,8,subtract,eager,production,2,323800,4,4,4,4,4,4,8,16,1,1,1,4,1.0,1,1
1,availability,shuffled,reverse,i64,0,all,1,0,memory,7,8,subtract,eager,native,2,4670000,4,4,4,4,4,4,8,16,1,1,1,4,1.0,1,1
1,availability,shuffled,reverse,i64,0,all,1,0,memory,7,8,subtract,lazy_complete,production,0,873800,4,4,4,4,4,4,8,16,1,1,1,4,1.0,1,1
1,availability,shuffled,reverse,i64,0,all,1,0,memory,7,8,subtract,lazy_complete,native,0,4714100,4,4,4,4,4,4,8,16,1,1,1,4,1.0,1,1
1,availability,shuffled,reverse,i64,0,all,1,0,memory,7,8,subtract,lazy_complete,native,1,5701500,4,4,4,4,4,4,8,16,1,1,1,4,1.0,1,1
1,availability,shuffled,reverse,i64,0,all,1,0,memory,7,8,subtract,lazy_complete,production,1,1005600,4,4,4,4,4,4,8,16,1,1,1,4,1.0,1,1
1,availability,shuffled,reverse,i64,0,all,1,0,memory,7,8,subtract,lazy_complete,production,2,870800,4,4,4,4,4,4,8,16,1,1,1,4,1.0,1,1
1,availability,shuffled,reverse,i64,0,all,1,0,memory,7,8,subtract,lazy_complete,native,2,4952300,4,4,4,4,4,4,8,16,1,1,1,4,1.0,1,1
1,availability,shuffled,reverse,i64,0,all,1,0,memory,7,8,intersect,eager,production,0,412900,4,4,4,4,4,4,4,16,1,1,1,4,1.0,1,1
1,availability,shuffled,reverse,i64,0,all,1,0,memory,7,8,intersect,eager,native,0,5056500,4,4,4,4,4,4,4,16,1,1,1,4,1.0,1,1
1,availability,shuffled,reverse,i64,0,all,1,0,memory,7,8,intersect,eager,native,1,5041900,4,4,4,4,4,4,4,16,1,1,1,4,1.0,1,1
1,availability,shuffled,reverse,i64,0,all,1,0,memory,7,8,intersect,eager,production,1,616900,4,4,4,4,4,4,4,16,1,1,1,4,1.0,1,1
1,availability,shuffled,reverse,i64,0,all,1,0,memory,7,8,intersect,eager,production,2,493000,4,4,4,4,4,4,4,16,1,1,1,4,1.0,1,1
1,availability,shuffled,reverse,i64,0,all,1,0,memory,7,8,intersect,eager,native,2,5905600,4,4,4,4,4,4,4,16,1,1,1,4,1.0,1,1
1,availability,shuffled,reverse,i64,0,all,1,0,memory,7,8,intersect,lazy_complete,production,0,983000,4,4,4,4,4,4,4,16,1,1,1,4,1.0,1,1
1,availability,shuffled,reverse,i64,0,all,1,0,memory,7,8,intersect,lazy_complete,native,0,5032100,4,4,4,4,4,4,4,16,1,1,1,4,1.0,1,1
1,availability,shuffled,reverse,i64,0,all,1,0,memory,7,8,intersect,lazy_complete,native,1,5083500,4,4,4,4,4,4,4,16,1,1,1,4,1.0,1,1
1,availability,shuffled,reverse,i64,0,all,1,0,memory,7,8,intersect,lazy_complete,production,1,863600,4,4,4,4,4,4,4,16,1,1,1,4,1.0,1,1
1,availability,shuffled,reverse,i64,0,all,1,0,memory,7,8,intersect,lazy_complete,production,2,698300,4,4,4,4,4,4,4,16,1,1,1,4,1.0,1,1
1,availability,shuffled,reverse,i64,0,all,1,0,memory,7,8,intersect,lazy_complete,native,2,4520200,4,4,4,4,4,4,4,16,1,1,1,4,1.0,1,1
1,availability,shuffled,reverse,i64,0,all,1,0,memory,7,1000,subtract,eager,production,0,914900,500,500,500,500,500,500,1000,2000,1,1,1,500,1.0,1,1
1,availability,shuffled,reverse,i64,0,all,1,0,memory,7,1000,subtract,eager,native,0,6920100,500,500,500,500,500,500,1000,2000,1,1,1,500,1.0,1,1
1,availability,shuffled,reverse,i64,0,all,1,0,memory,7,1000,subtract,eager,native,1,10647400,500,500,500,500,500,500,1000,2000,1,1,1,500,1.0,1,1
1,availability,shuffled,reverse,i64,0,all,1,0,memory,7,1000,subtract,eager,production,1,918400,500,500,500,500,500,500,1000,2000,1,1,1,500,1.0,1,1
1,availability,shuffled,reverse,i64,0,all,1,0,memory,7,1000,subtract,eager,production,2,589400,500,500,500,500,500,500,1000,2000,1,1,1,500,1.0,1,1
1,availability,shuffled,reverse,i64,0,all,1,0,memory,7,1000,subtract,eager,native,2,8008200,500,500,500,500,500,500,1000,2000,1,1,1,500,1.0,1,1
1,availability,shuffled,reverse,i64,0,all,1,0,memory,7,1000,subtract,lazy_complete,production,0,1296800,500,500,500,500,500,500,1000,2000,1,1,1,500,1.0,1,1
1,availability,shuffled,reverse,i64,0,all,1,0,memory,7,1000,subtract,lazy_complete,native,0,7492900,500,500,500,500,500,500,1000,2000,1,1,1,500,1.0,1,1
1,availability,shuffled,reverse,i64,0,all,1,0,memory,7,1000,subtract,lazy_complete,native,1,7233400,500,500,500,500,500,500,1000,2000,1,1,1,500,1.0,1,1
1,availability,shuffled,reverse,i64,0,all,1,0,memory,7,1000,subtract,lazy_complete,production,1,1064300,500,500,500,500,500,500,1000,2000,1,1,1,500,1.0,1,1
1,availability,shuffled,reverse,i64,0,all,1,0,memory,7,1000,subtract,lazy_complete,production,2,971600,500,500,500,500,500,500,1000,2000,1,1,1,500,1.0,1,1
1,availability,shuffled,reverse,i64,0,all,1,0,memory,7,1000,subtract,lazy_complete,native,2,7097100,500,500,500,500,500,500,1000,2000,1,1,1,500,1.0,1,1
1,availability,shuffled,reverse,i64,0,all,1,0,memory,7,1000,intersect,eager,production,0,696800,500,500,500,500,500,500,500,2000,1,1,1,500,1.0,1,1
1,availability,shuffled,reverse,i64,0,all,1,0,memory,7,1000,intersect,eager,native,0,8025100,500,500,500,500,500,500,500,2000,1,1,1,500,1.0,1,1
1,availability,shuffled,reverse,i64,0,all,1,0,memory,7,1000,intersect,eager,native,1,6906100,500,500,500,500,500,500,500,2000,1,1,1,500,1.0,1,1
1,availability,shuffled,reverse,i64,0,all,1,0,memory,7,1000,intersect,eager,production,1,796400,500,500,500,500,500,500,500,2000,1,1,1,500,1.0,1,1
1,availability,shuffled,reverse,i64,0,all,1,0,memory,7,1000,intersect,eager,production,2,544300,500,500,500,500,500,500,500,2000,1,1,1,500,1.0,1,1
1,availability,shuffled,reverse,i64,0,all,1,0,memory,7,1000,intersect,eager,native,2,8997700,500,500,500,500,500,500,500,2000,1,1,1,500,1.0,1,1
1,availability,shuffled,reverse,i64,0,all,1,0,memory,7,1000,intersect,lazy_complete,production,0,1271400,500,500,500,500,500,500,500,2000,1,1,1,500,1.0,1,1
1,availability,shuffled,reverse,i64,0,all,1,0,memory,7,1000,intersect,lazy_complete,native,0,8045900,500,500,500,500,500,500,500,2000,1,1,1,500,1.0,1,1
1,availability,shuffled,reverse,i64,0,all,1,0,memory,7,1000,intersect,lazy_complete,native,1,7179300,500,500,500,500,500,500,500,2000,1,1,1,500,1.0,1,1
1,availability,shuffled,reverse,i64,0,all,1,0,memory,7,1000,intersect,lazy_complete,production,1,1078000,500,500,500,500,500,500,500,2000,1,1,1,500,1.0,1,1
1,availability,shuffled,reverse,i64,0,all,1,0,memory,7,1000,intersect,lazy_complete,production,2,833300,500,500,500,500,500,500,500,2000,1,1,1,500,1.0,1,1
1,availability,shuffled,reverse,i64,0,all,1,0,memory,7,1000,intersect,lazy_complete,native,2,6253400,500,500,500,500,500,500,500,2000,1,1,1,500,1.0,1,1
1,availability,shuffled,reverse,i64,0,all,1,0,memory,7,10000,subtract,eager,production,0,1517000,5000,5000,5000,5000,5000,5000,10000,20000,1,1,1,5000,1.0,20,1
1,availability,shuffled,reverse,i64,0,all,1,0,memory,7,10000,subtract,eager,native,0,13087300,5000,5000,5000,5000,5000,5000,10000,20000,1,1,1,5000,1.0,20,1
1,availability,shuffled,reverse,i64,0,all,1,0,memory,7,10000,subtract,eager,native,1,12546000,5000,5000,5000,5000,5000,5000,10000,20000,1,1,1,5000,1.0,20,1
1,availability,shuffled,reverse,i64,0,all,1,0,memory,7,10000,subtract,eager,production,1,1406700,5000,5000,5000,5000,5000,5000,10000,20000,1,1,1,5000,1.0,20,1
1,availability,shuffled,reverse,i64,0,all,1,0,memory,7,10000,subtract,eager,production,2,1188000,5000,5000,5000,5000,5000,5000,10000,20000,1,1,1,5000,1.0,20,1
1,availability,shuffled,reverse,i64,0,all,1,0,memory,7,10000,subtract,eager,native,2,13134800,5000,5000,5000,5000,5000,5000,10000,20000,1,1,1,5000,1.0,20,1
1,availability,shuffled,reverse,i64,0,all,1,0,memory,7,10000,subtract,lazy_complete,production,0,1571400,5000,5000,5000,5000,5000,5000,10000,20000,1,1,1,5000,1.0,20,1
1,availability,shuffled,reverse,i64,0,all,1,0,memory,7,10000,subtract,lazy_complete,native,0,12604200,5000,5000,5000,5000,5000,5000,10000,20000,1,1,1,5000,1.0,20,1
1,availability,shuffled,reverse,i64,0,all,1,0,memory,7,10000,subtract,lazy_complete,native,1,12352400,5000,5000,5000,5000,5000,5000,10000,20000,1,1,1,5000,1.0,20,1
1,availability,shuffled,reverse,i64,0,all,1,0,memory,7,10000,subtract,lazy_complete,production,1,1591800,5000,5000,5000,5000,5000,5000,10000,20000,1,1,1,5000,1.0,20,1
1,availability,shuffled,reverse,i64,0,all,1,0,memory,7,10000,subtract,lazy_complete,production,2,1395700,5000,5000,5000,5000,5000,5000,10000,20000,1,1,1,5000,1.0,20,1
1,availability,shuffled,reverse,i64,0,all,1,0,memory,7,10000,subtract,lazy_complete,native,2,12715600,5000,5000,5000,5000,5000,5000,10000,20000,1,1,1,5000,1.0,20,1
1,availability,shuffled,reverse,i64,0,all,1,0,memory,7,10000,intersect,eager,production,0,1229400,5000,5000,5000,5000,5000,5000,5000,20000,1,1,1,5000,1.0,20,1
1,availability,shuffled,reverse,i64,0,all,1,0,memory,7,10000,intersect,eager,native,0,11262600,5000,5000,5000,5000,5000,5000,5000,20000,1,1,1,5000,1.0,20,1
1,availability,shuffled,reverse,i64,0,all,1,0,memory,7,10000,intersect,eager,native,1,11874200,5000,5000,5000,5000,5000,5000,5000,20000,1,1,1,5000,1.0,20,1
1,availability,shuffled,reverse,i64,0,all,1,0,memory,7,10000,intersect,eager,production,1,1213000,5000,5000,5000,5000,5000,5000,5000,20000,1,1,1,5000,1.0,20,1
1,availability,shuffled,reverse,i64,0,all,1,0,memory,7,10000,intersect,eager,production,2,929500,5000,5000,5000,5000,5000,5000,5000,20000,1,1,1,5000,1.0,20,1
1,availability,shuffled,reverse,i64,0,all,1,0,memory,7,10000,intersect,eager,native,2,12406100,5000,5000,5000,5000,5000,5000,5000,20000,1,1,1,5000,1.0,20,1
1,availability,shuffled,reverse,i64,0,all,1,0,memory,7,10000,intersect,lazy_complete,production,0,1748200,5000,5000,5000,5000,5000,5000,5000,20000,1,1,1,5000,1.0,20,1
1,availability,shuffled,reverse,i64,0,all,1,0,memory,7,10000,intersect,lazy_complete,native,0,11955600,5000,5000,5000,5000,5000,5000,5000,20000,1,1,1,5000,1.0,20,1
1,availability,shuffled,reverse,i64,0,all,1,0,memory,7,10000,intersect,lazy_complete,native,1,11086100,5000,5000,5000,5000,5000,5000,5000,20000,1,1,1,5000,1.0,20,1
1,availability,shuffled,reverse,i64,0,all,1,0,memory,7,10000,intersect,lazy_complete,production,1,1630500,5000,5000,5000,5000,5000,5000,5000,20000,1,1,1,5000,1.0,20,1
1,availability,shuffled,reverse,i64,0,all,1,0,memory,7,10000,intersect,lazy_complete,production,2,1588900,5000,5000,5000,5000,5000,5000,5000,20000,1,1,1,5000,1.0,20,1
1,availability,shuffled,reverse,i64,0,all,1,0,memory,7,10000,intersect,lazy_complete,native,2,12757700,5000,5000,5000,5000,5000,5000,5000,20000,1,1,1,5000,1.0,20,1
1,availability,shuffled,reverse,i64,0,all,1,0,memory,7,100000,subtract,eager,production,0,6283600,50000,50000,50000,50000,50000,50000,100000,200000,1,1,1,50000,1.0,24,1
1,availability,shuffled,reverse,i64,0,all,1,0,memory,7,100000,subtract,eager,native,0,40365800,50000,50000,50000,50000,50000,50000,100000,200000,1,1,1,50000,1.0,24,1
1,availability,shuffled,reverse,i64,0,all,1,0,memory,7,100000,subtract,eager,native,1,44281200,50000,50000,50000,50000,50000,50000,100000,200000,1,1,1,50000,1.0,24,1
1,availability,shuffled,reverse,i64,0,all,1,0,memory,7,100000,subtract,eager,production,1,5622600,50000,50000,50000,50000,50000,50000,100000,200000,1,1,1,50000,1.0,24,1
1,availability,shuffled,reverse,i64,0,all,1,0,memory,7,100000,subtract,eager,production,2,5918100,50000,50000,50000,50000,50000,50000,100000,200000,1,1,1,50000,1.0,24,1
1,availability,shuffled,reverse,i64,0,all,1,0,memory,7,100000,subtract,eager,native,2,47121200,50000,50000,50000,50000,50000,50000,100000,200000,1,1,1,50000,1.0,24,1
1,availability,shuffled,reverse,i64,0,all,1,0,memory,7,100000,subtract,lazy_complete,production,0,9434300,50000,50000,50000,50000,50000,50000,100000,200000,1,1,1,50000,1.0,24,1
1,availability,shuffled,reverse,i64,0,all,1,0,memory,7,100000,subtract,lazy_complete,native,0,47665200,50000,50000,50000,50000,50000,50000,100000,200000,1,1,1,50000,1.0,24,1
1,availability,shuffled,reverse,i64,0,all,1,0,memory,7,100000,subtract,lazy_complete,native,1,49528500,50000,50000,50000,50000,50000,50000,100000,200000,1,1,1,50000,1.0,24,1
1,availability,shuffled,reverse,i64,0,all,1,0,memory,7,100000,subtract,lazy_complete,production,1,8634800,50000,50000,50000,50000,50000,50000,100000,200000,1,1,1,50000,1.0,24,1
1,availability,shuffled,reverse,i64,0,all,1,0,memory,7,100000,subtract,lazy_complete,production,2,8490900,50000,50000,50000,50000,50000,50000,100000,200000,1,1,1,50000,1.0,24,1
1,availability,shuffled,reverse,i64,0,all,1,0,memory,7,100000,subtract,lazy_complete,native,2,45090500,50000,50000,50000,50000,50000,50000,100000,200000,1,1,1,50000,1.0,24,1
1,availability,shuffled,reverse,i64,0,all,1,0,memory,7,100000,intersect,eager,production,0,6453200,50000,50000,50000,50000,50000,50000,50000,200000,1,1,1,50000,1.0,24,1
1,availability,shuffled,reverse,i64,0,all,1,0,memory,7,100000,intersect,eager,native,0,44535700,50000,50000,50000,50000,50000,50000,50000,200000,1,1,1,50000,1.0,24,1
1,availability,shuffled,reverse,i64,0,all,1,0,memory,7,100000,intersect,eager,native,1,45248000,50000,50000,50000,50000,50000,50000,50000,200000,1,1,1,50000,1.0,24,1
1,availability,shuffled,reverse,i64,0,all,1,0,memory,7,100000,intersect,eager,production,1,6505500,50000,50000,50000,50000,50000,50000,50000,200000,1,1,1,50000,1.0,24,1
1,availability,shuffled,reverse,i64,0,all,1,0,memory,7,100000,intersect,eager,production,2,5907200,50000,50000,50000,50000,50000,50000,50000,200000,1,1,1,50000,1.0,24,1
1,availability,shuffled,reverse,i64,0,all,1,0,memory,7,100000,intersect,eager,native,2,39752100,50000,50000,50000,50000,50000,50000,50000,200000,1,1,1,50000,1.0,24,1
1,availability,shuffled,reverse,i64,0,all,1,0,memory,7,100000,intersect,lazy_complete,production,0,7784800,50000,50000,50000,50000,50000,50000,50000,200000,1,1,1,50000,1.0,24,1
1,availability,shuffled,reverse,i64,0,all,1,0,memory,7,100000,intersect,lazy_complete,native,0,33734700,50000,50000,50000,50000,50000,50000,50000,200000,1,1,1,50000,1.0,24,1
1,availability,shuffled,reverse,i64,0,all,1,0,memory,7,100000,intersect,lazy_complete,native,1,35373200,50000,50000,50000,50000,50000,50000,50000,200000,1,1,1,50000,1.0,24,1
1,availability,shuffled,reverse,i64,0,all,1,0,memory,7,100000,intersect,lazy_complete,production,1,7407300,50000,50000,50000,50000,50000,50000,50000,200000,1,1,1,50000,1.0,24,1
1,availability,shuffled,reverse,i64,0,all,1,0,memory,7,100000,intersect,lazy_complete,production,2,7237400,50000,50000,50000,50000,50000,50000,50000,200000,1,1,1,50000,1.0,24,1
1,availability,shuffled,reverse,i64,0,all,1,0,memory,7,100000,intersect,lazy_complete,native,2,34336800,50000,50000,50000,50000,50000,50000,50000,200000,1,1,1,50000,1.0,24,1
2,dense,shuffled,shuffled,i64,0,all,1,0,memory,7,8,subtract,eager,production,0,403600,4,4,4,4,1,1,1,16,1,1,1,4,1.0,1,1
2,dense,shuffled,shuffled,i64,0,all,1,0,memory,7,8,subtract,eager,native,0,4936900,4,4,4,4,1,1,1,16,1,1,1,4,1.0,1,1
2,dense,shuffled,shuffled,i64,0,all,1,0,memory,7,8,subtract,eager,native,1,4221300,4,4,4,4,1,1,1,16,1,1,1,4,1.0,1,1
2,dense,shuffled,shuffled,i64,0,all,1,0,memory,7,8,subtract,eager,production,1,427400,4,4,4,4,1,1,1,16,1,1,1,4,1.0,1,1
2,dense,shuffled,shuffled,i64,0,all,1,0,memory,7,8,subtract,eager,production,2,240500,4,4,4,4,1,1,1,16,1,1,1,4,1.0,1,1
2,dense,shuffled,shuffled,i64,0,all,1,0,memory,7,8,subtract,eager,native,2,4878400,4,4,4,4,1,1,1,16,1,1,1,4,1.0,1,1
2,dense,shuffled,shuffled,i64,0,all,1,0,memory,7,8,subtract,lazy_complete,production,0,906100,4,4,4,4,1,1,1,16,1,1,1,4,1.0,1,1
2,dense,shuffled,shuffled,i64,0,all,1,0,memory,7,8,subtract,lazy_complete,native,0,4329500,4,4,4,4,1,1,1,16,1,1,1,4,1.0,1,1
2,dense,shuffled,shuffled,i64,0,all,1,0,memory,7,8,subtract,lazy_complete,native,1,3898300,4,4,4,4,1,1,1,16,1,1,1,4,1.0,1,1
2,dense,shuffled,shuffled,i64,0,all,1,0,memory,7,8,subtract,lazy_complete,production,1,721500,4,4,4,4,1,1,1,16,1,1,1,4,1.0,1,1
2,dense,shuffled,shuffled,i64,0,all,1,0,memory,7,8,subtract,lazy_complete,production,2,754900,4,4,4,4,1,1,1,16,1,1,1,4,1.0,1,1
2,dense,shuffled,shuffled,i64,0,all,1,0,memory,7,8,subtract,lazy_complete,native,2,4545000,4,4,4,4,1,1,1,16,1,1,1,4,1.0,1,1
2,dense,shuffled,shuffled,i64,0,all,1,0,memory,7,8,intersect,eager,production,0,425100,4,4,4,4,1,1,1,16,1,1,1,4,1.0,1,1
2,dense,shuffled,shuffled,i64,0,all,1,0,memory,7,8,intersect,eager,native,0,5109700,4,4,4,4,1,1,1,16,1,1,1,4,1.0,1,1
2,dense,shuffled,shuffled,i64,0,all,1,0,memory,7,8,intersect,eager,native,1,4912900,4,4,4,4,1,1,1,16,1,1,1,4,1.0,1,1
2,dense,shuffled,shuffled,i64,0,all,1,0,memory,7,8,intersect,eager,production,1,405800,4,4,4,4,1,1,1,16,1,1,1,4,1.0,1,1
2,dense,shuffled,shuffled,i64,0,all,1,0,memory,7,8,intersect,eager,production,2,351100,4,4,4,4,1,1,1,16,1,1,1,4,1.0,1,1
2,dense,shuffled,shuffled,i64,0,all,1,0,memory,7,8,intersect,eager,native,2,4365600,4,4,4,4,1,1,1,16,1,1,1,4,1.0,1,1
2,dense,shuffled,shuffled,i64,0,all,1,0,memory,7,8,intersect,lazy_complete,production,0,627300,4,4,4,4,1,1,1,16,1,1,1,4,1.0,1,1
2,dense,shuffled,shuffled,i64,0,all,1,0,memory,7,8,intersect,lazy_complete,native,0,4382100,4,4,4,4,1,1,1,16,1,1,1,4,1.0,1,1
2,dense,shuffled,shuffled,i64,0,all,1,0,memory,7,8,intersect,lazy_complete,native,1,11752200,4,4,4,4,1,1,1,16,1,1,1,4,1.0,1,1
2,dense,shuffled,shuffled,i64,0,all,1,0,memory,7,8,intersect,lazy_complete,production,1,1550800,4,4,4,4,1,1,1,16,1,1,1,4,1.0,1,1
2,dense,shuffled,shuffled,i64,0,all,1,0,memory,7,8,intersect,lazy_complete,production,2,718300,4,4,4,4,1,1,1,16,1,1,1,4,1.0,1,1
2,dense,shuffled,shuffled,i64,0,all,1,0,memory,7,8,intersect,lazy_complete,native,2,7644500,4,4,4,4,1,1,1,16,1,1,1,4,1.0,1,1
2,dense,shuffled,shuffled,i64,0,all,1,0,memory,7,1000,subtract,eager,production,0,1049300,500,500,500,500,1,1,1,1050,1,1,1,500,1.0,1,1
2,dense,shuffled,shuffled,i64,0,all,1,0,memory,7,1000,subtract,eager,native,0,10329500,500,500,500,500,1,1,1,1050,1,1,1,500,1.0,1,1
2,dense,shuffled,shuffled,i64,0,all,1,0,memory,7,1000,subtract,eager,native,1,19606000,500,500,500,500,1,1,1,1050,1,1,1,500,1.0,1,1
2,dense,shuffled,shuffled,i64,0,all,1,0,memory,7,1000,subtract,eager,production,1,919200,500,500,500,500,1,1,1,1050,1,1,1,500,1.0,1,1
2,dense,shuffled,shuffled,i64,0,all,1,0,memory,7,1000,subtract,eager,production,2,573900,500,500,500,500,1,1,1,1050,1,1,1,500,1.0,1,1
2,dense,shuffled,shuffled,i64,0,all,1,0,memory,7,1000,subtract,eager,native,2,14795700,500,500,500,500,1,1,1,1050,1,1,1,500,1.0,1,1
2,dense,shuffled,shuffled,i64,0,all,1,0,memory,7,1000,subtract,lazy_complete,production,0,1930400,500,500,500,500,1,1,1,1050,1,1,1,500,1.0,1,1
2,dense,shuffled,shuffled,i64,0,all,1,0,memory,7,1000,subtract,lazy_complete,native,0,9005700,500,500,500,500,1,1,1,1050,1,1,1,500,1.0,1,1
2,dense,shuffled,shuffled,i64,0,all,1,0,memory,7,1000,subtract,lazy_complete,native,1,10139300,500,500,500,500,1,1,1,1050,1,1,1,500,1.0,1,1
2,dense,shuffled,shuffled,i64,0,all,1,0,memory,7,1000,subtract,lazy_complete,production,1,1480200,500,500,500,500,1,1,1,1050,1,1,1,500,1.0,1,1
2,dense,shuffled,shuffled,i64,0,all,1,0,memory,7,1000,subtract,lazy_complete,production,2,746700,500,500,500,500,1,1,1,1050,1,1,1,500,1.0,1,1
2,dense,shuffled,shuffled,i64,0,all,1,0,memory,7,1000,subtract,lazy_complete,native,2,10214700,500,500,500,500,1,1,1,1050,1,1,1,500,1.0,1,1
2,dense,shuffled,shuffled,i64,0,all,1,0,memory,7,1000,intersect,eager,production,0,873600,500,500,500,500,1,1,1,1050,1,1,1,500,1.0,1,1
2,dense,shuffled,shuffled,i64,0,all,1,0,memory,7,1000,intersect,eager,native,0,16058300,500,500,500,500,1,1,1,1050,1,1,1,500,1.0,1,1
2,dense,shuffled,shuffled,i64,0,all,1,0,memory,7,1000,intersect,eager,native,1,9391300,500,500,500,500,1,1,1,1050,1,1,1,500,1.0,1,1
2,dense,shuffled,shuffled,i64,0,all,1,0,memory,7,1000,intersect,eager,production,1,748400,500,500,500,500,1,1,1,1050,1,1,1,500,1.0,1,1
2,dense,shuffled,shuffled,i64,0,all,1,0,memory,7,1000,intersect,eager,production,2,384500,500,500,500,500,1,1,1,1050,1,1,1,500,1.0,1,1
2,dense,shuffled,shuffled,i64,0,all,1,0,memory,7,1000,intersect,eager,native,2,16307200,500,500,500,500,1,1,1,1050,1,1,1,500,1.0,1,1
2,dense,shuffled,shuffled,i64,0,all,1,0,memory,7,1000,intersect,lazy_complete,production,0,1512300,500,500,500,500,1,1,1,1050,1,1,1,500,1.0,1,1
2,dense,shuffled,shuffled,i64,0,all,1,0,memory,7,1000,intersect,lazy_complete,native,0,14185900,500,500,500,500,1,1,1,1050,1,1,1,500,1.0,1,1
2,dense,shuffled,shuffled,i64,0,all,1,0,memory,7,1000,intersect,lazy_complete,native,1,11490400,500,500,500,500,1,1,1,1050,1,1,1,500,1.0,1,1
2,dense,shuffled,shuffled,i64,0,all,1,0,memory,7,1000,intersect,lazy_complete,production,1,1541300,500,500,500,500,1,1,1,1050,1,1,1,500,1.0,1,1
2,dense,shuffled,shuffled,i64,0,all,1,0,memory,7,1000,intersect,lazy_complete,production,2,672100,500,500,500,500,1,1,1,1050,1,1,1,500,1.0,1,1
2,dense,shuffled,shuffled,i64,0,all,1,0,memory,7,1000,intersect,lazy_complete,native,2,11700100,500,500,500,500,1,1,1,1050,1,1,1,500,1.0,1,1
2,dense,shuffled,shuffled,i64,0,all,1,0,memory,7,10000,subtract,eager,production,0,2003800,5000,5000,5000,5000,1,1,1,10050,1,1,1,5000,1.0,20,20
2,dense,shuffled,shuffled,i64,0,all,1,0,memory,7,10000,subtract,eager,native,0,11596500,5000,5000,5000,5000,1,1,1,10050,1,1,1,5000,1.0,20,20
2,dense,shuffled,shuffled,i64,0,all,1,0,memory,7,10000,subtract,eager,native,1,10408800,5000,5000,5000,5000,1,1,1,10050,1,1,1,5000,1.0,20,20
2,dense,shuffled,shuffled,i64,0,all,1,0,memory,7,10000,subtract,eager,production,1,1715300,5000,5000,5000,5000,1,1,1,10050,1,1,1,5000,1.0,20,20
2,dense,shuffled,shuffled,i64,0,all,1,0,memory,7,10000,subtract,eager,production,2,1290900,5000,5000,5000,5000,1,1,1,10050,1,1,1,5000,1.0,20,20
2,dense,shuffled,shuffled,i64,0,all,1,0,memory,7,10000,subtract,eager,native,2,10871000,5000,5000,5000,5000,1,1,1,10050,1,1,1,5000,1.0,20,20
2,dense,shuffled,shuffled,i64,0,all,1,0,memory,7,10000,subtract,lazy_complete,production,0,1755600,5000,5000,5000,5000,1,1,1,10050,1,1,1,5000,1.0,20,20
2,dense,shuffled,shuffled,i64,0,all,1,0,memory,7,10000,subtract,lazy_complete,native,0,8269000,5000,5000,5000,5000,1,1,1,10050,1,1,1,5000,1.0,20,20
2,dense,shuffled,shuffled,i64,0,all,1,0,memory,7,10000,subtract,lazy_complete,native,1,8645500,5000,5000,5000,5000,1,1,1,10050,1,1,1,5000,1.0,20,20
2,dense,shuffled,shuffled,i64,0,all,1,0,memory,7,10000,subtract,lazy_complete,production,1,1595800,5000,5000,5000,5000,1,1,1,10050,1,1,1,5000,1.0,20,20
2,dense,shuffled,shuffled,i64,0,all,1,0,memory,7,10000,subtract,lazy_complete,production,2,1434800,5000,5000,5000,5000,1,1,1,10050,1,1,1,5000,1.0,20,20
2,dense,shuffled,shuffled,i64,0,all,1,0,memory,7,10000,subtract,lazy_complete,native,2,8707500,5000,5000,5000,5000,1,1,1,10050,1,1,1,5000,1.0,20,20
2,dense,shuffled,shuffled,i64,0,all,1,0,memory,7,10000,intersect,eager,production,0,1678100,5000,5000,5000,5000,1,1,1,10050,1,1,1,5000,1.0,20,20
2,dense,shuffled,shuffled,i64,0,all,1,0,memory,7,10000,intersect,eager,native,0,10699500,5000,5000,5000,5000,1,1,1,10050,1,1,1,5000,1.0,20,20
2,dense,shuffled,shuffled,i64,0,all,1,0,memory,7,10000,intersect,eager,native,1,11062300,5000,5000,5000,5000,1,1,1,10050,1,1,1,5000,1.0,20,20
2,dense,shuffled,shuffled,i64,0,all,1,0,memory,7,10000,intersect,eager,production,1,1860500,5000,5000,5000,5000,1,1,1,10050,1,1,1,5000,1.0,20,20
2,dense,shuffled,shuffled,i64,0,all,1,0,memory,7,10000,intersect,eager,production,2,1091400,5000,5000,5000,5000,1,1,1,10050,1,1,1,5000,1.0,20,20
2,dense,shuffled,shuffled,i64,0,all,1,0,memory,7,10000,intersect,eager,native,2,10964200,5000,5000,5000,5000,1,1,1,10050,1,1,1,5000,1.0,20,20
2,dense,shuffled,shuffled,i64,0,all,1,0,memory,7,10000,intersect,lazy_complete,production,0,1926400,5000,5000,5000,5000,1,1,1,10050,1,1,1,5000,1.0,20,20
2,dense,shuffled,shuffled,i64,0,all,1,0,memory,7,10000,intersect,lazy_complete,native,0,10519900,5000,5000,5000,5000,1,1,1,10050,1,1,1,5000,1.0,20,20
2,dense,shuffled,shuffled,i64,0,all,1,0,memory,7,10000,intersect,lazy_complete,native,1,11338400,5000,5000,5000,5000,1,1,1,10050,1,1,1,5000,1.0,20,20
2,dense,shuffled,shuffled,i64,0,all,1,0,memory,7,10000,intersect,lazy_complete,production,1,1943400,5000,5000,5000,5000,1,1,1,10050,1,1,1,5000,1.0,20,20
2,dense,shuffled,shuffled,i64,0,all,1,0,memory,7,10000,intersect,lazy_complete,production,2,1468600,5000,5000,5000,5000,1,1,1,10050,1,1,1,5000,1.0,20,20
2,dense,shuffled,shuffled,i64,0,all,1,0,memory,7,10000,intersect,lazy_complete,native,2,9479700,5000,5000,5000,5000,1,1,1,10050,1,1,1,5000,1.0,20,20
2,dense,shuffled,shuffled,i64,0,all,1,0,memory,7,100000,subtract,eager,production,0,5076200,50000,50000,50000,50000,1,1,1,100051,1,1,1,50000,1.0,24,24
2,dense,shuffled,shuffled,i64,0,all,1,0,memory,7,100000,subtract,eager,native,0,24694400,50000,50000,50000,50000,1,1,1,100051,1,1,1,50000,1.0,24,24
2,dense,shuffled,shuffled,i64,0,all,1,0,memory,7,100000,subtract,eager,native,1,24250300,50000,50000,50000,50000,1,1,1,100051,1,1,1,50000,1.0,24,24
2,dense,shuffled,shuffled,i64,0,all,1,0,memory,7,100000,subtract,eager,production,1,5521900,50000,50000,50000,50000,1,1,1,100051,1,1,1,50000,1.0,24,24
2,dense,shuffled,shuffled,i64,0,all,1,0,memory,7,100000,subtract,eager,production,2,5408900,50000,50000,50000,50000,1,1,1,100051,1,1,1,50000,1.0,24,24
2,dense,shuffled,shuffled,i64,0,all,1,0,memory,7,100000,subtract,eager,native,2,25467300,50000,50000,50000,50000,1,1,1,100051,1,1,1,50000,1.0,24,24
2,dense,shuffled,shuffled,i64,0,all,1,0,memory,7,100000,subtract,lazy_complete,production,0,7641700,50000,50000,50000,50000,1,1,1,100051,1,1,1,50000,1.0,24,24
2,dense,shuffled,shuffled,i64,0,all,1,0,memory,7,100000,subtract,lazy_complete,native,0,22434200,50000,50000,50000,50000,1,1,1,100051,1,1,1,50000,1.0,24,24
2,dense,shuffled,shuffled,i64,0,all,1,0,memory,7,100000,subtract,lazy_complete,native,1,22835600,50000,50000,50000,50000,1,1,1,100051,1,1,1,50000,1.0,24,24
2,dense,shuffled,shuffled,i64,0,all,1,0,memory,7,100000,subtract,lazy_complete,production,1,8074400,50000,50000,50000,50000,1,1,1,100051,1,1,1,50000,1.0,24,24
2,dense,shuffled,shuffled,i64,0,all,1,0,memory,7,100000,subtract,lazy_complete,production,2,7654200,50000,50000,50000,50000,1,1,1,100051,1,1,1,50000,1.0,24,24
2,dense,shuffled,shuffled,i64,0,all,1,0,memory,7,100000,subtract,lazy_complete,native,2,24294100,50000,50000,50000,50000,1,1,1,100051,1,1,1,50000,1.0,24,24
2,dense,shuffled,shuffled,i64,0,all,1,0,memory,7,100000,intersect,eager,production,0,5249200,50000,50000,50000,50000,1,1,1,100051,1,1,1,50000,1.0,24,24
2,dense,shuffled,shuffled,i64,0,all,1,0,memory,7,100000,intersect,eager,native,0,26728200,50000,50000,50000,50000,1,1,1,100051,1,1,1,50000,1.0,24,24
2,dense,shuffled,shuffled,i64,0,all,1,0,memory,7,100000,intersect,eager,native,1,37422200,50000,50000,50000,50000,1,1,1,100051,1,1,1,50000,1.0,24,24
2,dense,shuffled,shuffled,i64,0,all,1,0,memory,7,100000,intersect,eager,production,1,5440100,50000,50000,50000,50000,1,1,1,100051,1,1,1,50000,1.0,24,24
2,dense,shuffled,shuffled,i64,0,all,1,0,memory,7,100000,intersect,eager,production,2,5310300,50000,50000,50000,50000,1,1,1,100051,1,1,1,50000,1.0,24,24
2,dense,shuffled,shuffled,i64,0,all,1,0,memory,7,100000,intersect,eager,native,2,27771200,50000,50000,50000,50000,1,1,1,100051,1,1,1,50000,1.0,24,24
2,dense,shuffled,shuffled,i64,0,all,1,0,memory,7,100000,intersect,lazy_complete,production,0,7425300,50000,50000,50000,50000,1,1,1,100051,1,1,1,50000,1.0,24,24
2,dense,shuffled,shuffled,i64,0,all,1,0,memory,7,100000,intersect,lazy_complete,native,0,24339200,50000,50000,50000,50000,1,1,1,100051,1,1,1,50000,1.0,24,24
2,dense,shuffled,shuffled,i64,0,all,1,0,memory,7,100000,intersect,lazy_complete,native,1,25440900,50000,50000,50000,50000,1,1,1,100051,1,1,1,50000,1.0,24,24
2,dense,shuffled,shuffled,i64,0,all,1,0,memory,7,100000,intersect,lazy_complete,production,1,7100500,50000,50000,50000,50000,1,1,1,100051,1,1,1,50000,1.0,24,24
2,dense,shuffled,shuffled,i64,0,all,1,0,memory,7,100000,intersect,lazy_complete,production,2,7044500,50000,50000,50000,50000,1,1,1,100051,1,1,1,50000,1.0,24,24
2,dense,shuffled,shuffled,i64,0,all,1,0,memory,7,100000,intersect,lazy_complete,native,2,23435400,50000,50000,50000,50000,1,1,1,100051,1,1,1,50000,1.0,24,24
3,nested,start,shuffled,i64,0,all,1,0,memory,7,8,subtract,eager,production,0,335200,4,4,4,4,1,1,0,8,1,1,1,4,1.0,1,1
3,nested,start,shuffled,i64,0,all,1,0,memory,7,8,subtract,eager,native,0,5099200,4,4,4,4,1,1,0,8,1,1,1,4,1.0,1,1
3,nested,start,shuffled,i64,0,all,1,0,memory,7,8,subtract,eager,native,1,4409000,4,4,4,4,1,1,0,8,1,1,1,4,1.0,1,1
3,nested,start,shuffled,i64,0,all,1,0,memory,7,8,subtract,eager,production,1,388500,4,4,4,4,1,1,0,8,1,1,1,4,1.0,1,1
3,nested,start,shuffled,i64,0,all,1,0,memory,7,8,subtract,eager,production,2,243600,4,4,4,4,1,1,0,8,1,1,1,4,1.0,1,1
3,nested,start,shuffled,i64,0,all,1,0,memory,7,8,subtract,eager,native,2,3867600,4,4,4,4,1,1,0,8,1,1,1,4,1.0,1,1
3,nested,start,shuffled,i64,0,all,1,0,memory,7,8,subtract,lazy_complete,production,0,933300,4,4,4,4,1,1,0,8,1,1,1,4,1.0,1,1
3,nested,start,shuffled,i64,0,all,1,0,memory,7,8,subtract,lazy_complete,native,0,4026700,4,4,4,4,1,1,0,8,1,1,1,4,1.0,1,1
3,nested,start,shuffled,i64,0,all,1,0,memory,7,8,subtract,lazy_complete,native,1,3389200,4,4,4,4,1,1,0,8,1,1,1,4,1.0,1,1
3,nested,start,shuffled,i64,0,all,1,0,memory,7,8,subtract,lazy_complete,production,1,560100,4,4,4,4,1,1,0,8,1,1,1,4,1.0,1,1
3,nested,start,shuffled,i64,0,all,1,0,memory,7,8,subtract,lazy_complete,production,2,519100,4,4,4,4,1,1,0,8,1,1,1,4,1.0,1,1
3,nested,start,shuffled,i64,0,all,1,0,memory,7,8,subtract,lazy_complete,native,2,3966800,4,4,4,4,1,1,0,8,1,1,1,4,1.0,1,1
3,nested,start,shuffled,i64,0,all,1,0,memory,7,8,intersect,eager,production,0,453300,4,4,4,4,1,1,1,8,1,1,1,4,1.0,1,1
3,nested,start,shuffled,i64,0,all,1,0,memory,7,8,intersect,eager,native,0,4456900,4,4,4,4,1,1,1,8,1,1,1,4,1.0,1,1
3,nested,start,shuffled,i64,0,all,1,0,memory,7,8,intersect,eager,native,1,4355500,4,4,4,4,1,1,1,8,1,1,1,4,1.0,1,1
3,nested,start,shuffled,i64,0,all,1,0,memory,7,8,intersect,eager,production,1,341000,4,4,4,4,1,1,1,8,1,1,1,4,1.0,1,1
3,nested,start,shuffled,i64,0,all,1,0,memory,7,8,intersect,eager,production,2,244100,4,4,4,4,1,1,1,8,1,1,1,4,1.0,1,1
3,nested,start,shuffled,i64,0,all,1,0,memory,7,8,intersect,eager,native,2,4231700,4,4,4,4,1,1,1,8,1,1,1,4,1.0,1,1
3,nested,start,shuffled,i64,0,all,1,0,memory,7,8,intersect,lazy_complete,production,0,617800,4,4,4,4,1,1,1,8,1,1,1,4,1.0,1,1
3,nested,start,shuffled,i64,0,all,1,0,memory,7,8,intersect,lazy_complete,native,0,4138900,4,4,4,4,1,1,1,8,1,1,1,4,1.0,1,1
3,nested,start,shuffled,i64,0,all,1,0,memory,7,8,intersect,lazy_complete,native,1,4446300,4,4,4,4,1,1,1,8,1,1,1,4,1.0,1,1
3,nested,start,shuffled,i64,0,all,1,0,memory,7,8,intersect,lazy_complete,production,1,771200,4,4,4,4,1,1,1,8,1,1,1,4,1.0,1,1
3,nested,start,shuffled,i64,0,all,1,0,memory,7,8,intersect,lazy_complete,production,2,537600,4,4,4,4,1,1,1,8,1,1,1,4,1.0,1,1
3,nested,start,shuffled,i64,0,all,1,0,memory,7,8,intersect,lazy_complete,native,2,4570300,4,4,4,4,1,1,1,8,1,1,1,4,1.0,1,1
3,nested,start,shuffled,i64,0,all,1,0,memory,7,1000,subtract,eager,production,0,379800,500,500,500,500,1,1,0,1000,1,1,1,500,1.0,1,1
3,nested,start,shuffled,i64,0,all,1,0,memory,7,1000,subtract,eager,native,0,6064200,500,500,500,500,1,1,0,1000,1,1,1,500,1.0,1,1
3,nested,start,shuffled,i64,0,all,1,0,memory,7,1000,subtract,eager,native,1,5455700,500,500,500,500,1,1,0,1000,1,1,1,500,1.0,1,1
3,nested,start,shuffled,i64,0,all,1,0,memory,7,1000,subtract,eager,production,1,583000,500,500,500,500,1,1,0,1000,1,1,1,500,1.0,1,1
3,nested,start,shuffled,i64,0,all,1,0,memory,7,1000,subtract,eager,production,2,431700,500,500,500,500,1,1,0,1000,1,1,1,500,1.0,1,1
3,nested,start,shuffled,i64,0,all,1,0,memory,7,1000,subtract,eager,native,2,5445000,500,500,500,500,1,1,0,1000,1,1,1,500,1.0,1,1
3,nested,start,shuffled,i64,0,all,1,0,memory,7,1000,subtract,lazy_complete,production,0,898400,500,500,500,500,1,1,0,1000,1,1,1,500,1.0,1,1
3,nested,start,shuffled,i64,0,all,1,0,memory,7,1000,subtract,lazy_complete,native,0,5341800,500,500,500,500,1,1,0,1000,1,1,1,500,1.0,1,1
3,nested,start,shuffled,i64,0,all,1,0,memory,7,1000,subtract,lazy_complete,native,1,4569000,500,500,500,500,1,1,0,1000,1,1,1,500,1.0,1,1
3,nested,start,shuffled,i64,0,all,1,0,memory,7,1000,subtract,lazy_complete,production,1,1016000,500,500,500,500,1,1,0,1000,1,1,1,500,1.0,1,1
3,nested,start,shuffled,i64,0,all,1,0,memory,7,1000,subtract,lazy_complete,production,2,774000,500,500,500,500,1,1,0,1000,1,1,1,500,1.0,1,1
3,nested,start,shuffled,i64,0,all,1,0,memory,7,1000,subtract,lazy_complete,native,2,8851400,500,500,500,500,1,1,0,1000,1,1,1,500,1.0,1,1
3,nested,start,shuffled,i64,0,all,1,0,memory,7,1000,intersect,eager,production,0,938300,500,500,500,500,1,1,1,1000,1,1,1,500,1.0,1,1
3,nested,start,shuffled,i64,0,all,1,0,memory,7,1000,intersect,eager,native,0,7556000,500,500,500,500,1,1,1,1000,1,1,1,500,1.0,1,1
3,nested,start,shuffled,i64,0,all,1,0,memory,7,1000,intersect,eager,native,1,7114100,500,500,500,500,1,1,1,1000,1,1,1,500,1.0,1,1
3,nested,start,shuffled,i64,0,all,1,0,memory,7,1000,intersect,eager,production,1,820500,500,500,500,500,1,1,1,1000,1,1,1,500,1.0,1,1
3,nested,start,shuffled,i64,0,all,1,0,memory,7,1000,intersect,eager,production,2,490300,500,500,500,500,1,1,1,1000,1,1,1,500,1.0,1,1
3,nested,start,shuffled,i64,0,all,1,0,memory,7,1000,intersect,eager,native,2,8587600,500,500,500,500,1,1,1,1000,1,1,1,500,1.0,1,1
3,nested,start,shuffled,i64,0,all,1,0,memory,7,1000,intersect,lazy_complete,production,0,3242400,500,500,500,500,1,1,1,1000,1,1,1,500,1.0,1,1
3,nested,start,shuffled,i64,0,all,1,0,memory,7,1000,intersect,lazy_complete,native,0,14163800,500,500,500,500,1,1,1,1000,1,1,1,500,1.0,1,1
3,nested,start,shuffled,i64,0,all,1,0,memory,7,1000,intersect,lazy_complete,native,1,8214900,500,500,500,500,1,1,1,1000,1,1,1,500,1.0,1,1
3,nested,start,shuffled,i64,0,all,1,0,memory,7,1000,intersect,lazy_complete,production,1,1453500,500,500,500,500,1,1,1,1000,1,1,1,500,1.0,1,1
3,nested,start,shuffled,i64,0,all,1,0,memory,7,1000,intersect,lazy_complete,production,2,1051500,500,500,500,500,1,1,1,1000,1,1,1,500,1.0,1,1
3,nested,start,shuffled,i64,0,all,1,0,memory,7,1000,intersect,lazy_complete,native,2,10121800,500,500,500,500,1,1,1,1000,1,1,1,500,1.0,1,1
3,nested,start,shuffled,i64,0,all,1,0,memory,7,10000,subtract,eager,production,0,1673800,5000,5000,5000,5000,1,1,0,10000,1,1,1,5000,1.0,1,20
3,nested,start,shuffled,i64,0,all,1,0,memory,7,10000,subtract,eager,native,0,18389200,5000,5000,5000,5000,1,1,0,10000,1,1,1,5000,1.0,1,20
3,nested,start,shuffled,i64,0,all,1,0,memory,7,10000,subtract,eager,native,1,18957200,5000,5000,5000,5000,1,1,0,10000,1,1,1,5000,1.0,1,20
3,nested,start,shuffled,i64,0,all,1,0,memory,7,10000,subtract,eager,production,1,1892800,5000,5000,5000,5000,1,1,0,10000,1,1,1,5000,1.0,1,20
3,nested,start,shuffled,i64,0,all,1,0,memory,7,10000,subtract,eager,production,2,1453600,5000,5000,5000,5000,1,1,0,10000,1,1,1,5000,1.0,1,20
3,nested,start,shuffled,i64,0,all,1,0,memory,7,10000,subtract,eager,native,2,11819400,5000,5000,5000,5000,1,1,0,10000,1,1,1,5000,1.0,1,20
3,nested,start,shuffled,i64,0,all,1,0,memory,7,10000,subtract,lazy_complete,production,0,1873600,5000,5000,5000,5000,1,1,0,10000,1,1,1,5000,1.0,1,20
3,nested,start,shuffled,i64,0,all,1,0,memory,7,10000,subtract,lazy_complete,native,0,16390700,5000,5000,5000,5000,1,1,0,10000,1,1,1,5000,1.0,1,20
3,nested,start,shuffled,i64,0,all,1,0,memory,7,10000,subtract,lazy_complete,native,1,13067200,5000,5000,5000,5000,1,1,0,10000,1,1,1,5000,1.0,1,20
3,nested,start,shuffled,i64,0,all,1,0,memory,7,10000,subtract,lazy_complete,production,1,2137400,5000,5000,5000,5000,1,1,0,10000,1,1,1,5000,1.0,1,20
3,nested,start,shuffled,i64,0,all,1,0,memory,7,10000,subtract,lazy_complete,production,2,1515200,5000,5000,5000,5000,1,1,0,10000,1,1,1,5000,1.0,1,20
3,nested,start,shuffled,i64,0,all,1,0,memory,7,10000,subtract,lazy_complete,native,2,17239900,5000,5000,5000,5000,1,1,0,10000,1,1,1,5000,1.0,1,20
3,nested,start,shuffled,i64,0,all,1,0,memory,7,10000,intersect,eager,production,0,2687900,5000,5000,5000,5000,1,1,1,10000,1,1,1,5000,1.0,1,20
3,nested,start,shuffled,i64,0,all,1,0,memory,7,10000,intersect,eager,native,0,17602900,5000,5000,5000,5000,1,1,1,10000,1,1,1,5000,1.0,1,20
3,nested,start,shuffled,i64,0,all,1,0,memory,7,10000,intersect,eager,native,1,18353600,5000,5000,5000,5000,1,1,1,10000,1,1,1,5000,1.0,1,20
3,nested,start,shuffled,i64,0,all,1,0,memory,7,10000,intersect,eager,production,1,1692500,5000,5000,5000,5000,1,1,1,10000,1,1,1,5000,1.0,1,20
3,nested,start,shuffled,i64,0,all,1,0,memory,7,10000,intersect,eager,production,2,1463600,5000,5000,5000,5000,1,1,1,10000,1,1,1,5000,1.0,1,20
3,nested,start,shuffled,i64,0,all,1,0,memory,7,10000,intersect,eager,native,2,15946800,5000,5000,5000,5000,1,1,1,10000,1,1,1,5000,1.0,1,20
3,nested,start,shuffled,i64,0,all,1,0,memory,7,10000,intersect,lazy_complete,production,0,2078700,5000,5000,5000,5000,1,1,1,10000,1,1,1,5000,1.0,1,20
3,nested,start,shuffled,i64,0,all,1,0,memory,7,10000,intersect,lazy_complete,native,0,10452400,5000,5000,5000,5000,1,1,1,10000,1,1,1,5000,1.0,1,20
3,nested,start,shuffled,i64,0,all,1,0,memory,7,10000,intersect,lazy_complete,native,1,10181900,5000,5000,5000,5000,1,1,1,10000,1,1,1,5000,1.0,1,20
3,nested,start,shuffled,i64,0,all,1,0,memory,7,10000,intersect,lazy_complete,production,1,1396200,5000,5000,5000,5000,1,1,1,10000,1,1,1,5000,1.0,1,20
3,nested,start,shuffled,i64,0,all,1,0,memory,7,10000,intersect,lazy_complete,production,2,1758000,5000,5000,5000,5000,1,1,1,10000,1,1,1,5000,1.0,1,20
3,nested,start,shuffled,i64,0,all,1,0,memory,7,10000,intersect,lazy_complete,native,2,10909300,5000,5000,5000,5000,1,1,1,10000,1,1,1,5000,1.0,1,20
3,nested,start,shuffled,i64,0,all,1,0,memory,7,100000,subtract,eager,production,0,2953300,50000,50000,50000,50000,1,1,0,100000,1,1,1,50000,1.0,1,24
3,nested,start,shuffled,i64,0,all,1,0,memory,7,100000,subtract,eager,native,0,23009600,50000,50000,50000,50000,1,1,0,100000,1,1,1,50000,1.0,1,24
3,nested,start,shuffled,i64,0,all,1,0,memory,7,100000,subtract,eager,native,1,23598200,50000,50000,50000,50000,1,1,0,100000,1,1,1,50000,1.0,1,24
3,nested,start,shuffled,i64,0,all,1,0,memory,7,100000,subtract,eager,production,1,2948000,50000,50000,50000,50000,1,1,0,100000,1,1,1,50000,1.0,1,24
3,nested,start,shuffled,i64,0,all,1,0,memory,7,100000,subtract,eager,production,2,3632500,50000,50000,50000,50000,1,1,0,100000,1,1,1,50000,1.0,1,24
3,nested,start,shuffled,i64,0,all,1,0,memory,7,100000,subtract,eager,native,2,24009400,50000,50000,50000,50000,1,1,0,100000,1,1,1,50000,1.0,1,24
3,nested,start,shuffled,i64,0,all,1,0,memory,7,100000,subtract,lazy_complete,production,0,6437200,50000,50000,50000,50000,1,1,0,100000,1,1,1,50000,1.0,1,24
3,nested,start,shuffled,i64,0,all,1,0,memory,7,100000,subtract,lazy_complete,native,0,21966400,50000,50000,50000,50000,1,1,0,100000,1,1,1,50000,1.0,1,24
3,nested,start,shuffled,i64,0,all,1,0,memory,7,100000,subtract,lazy_complete,native,1,31830400,50000,50000,50000,50000,1,1,0,100000,1,1,1,50000,1.0,1,24
3,nested,start,shuffled,i64,0,all,1,0,memory,7,100000,subtract,lazy_complete,production,1,6806700,50000,50000,50000,50000,1,1,0,100000,1,1,1,50000,1.0,1,24
3,nested,start,shuffled,i64,0,all,1,0,memory,7,100000,subtract,lazy_complete,production,2,6579300,50000,50000,50000,50000,1,1,0,100000,1,1,1,50000,1.0,1,24
3,nested,start,shuffled,i64,0,all,1,0,memory,7,100000,subtract,lazy_complete,native,2,22389600,50000,50000,50000,50000,1,1,0,100000,1,1,1,50000,1.0,1,24
3,nested,start,shuffled,i64,0,all,1,0,memory,7,100000,intersect,eager,production,0,3226900,50000,50000,50000,50000,1,1,1,100000,1,1,1,50000,1.0,1,24
3,nested,start,shuffled,i64,0,all,1,0,memory,7,100000,intersect,eager,native,0,26879800,50000,50000,50000,50000,1,1,1,100000,1,1,1,50000,1.0,1,24
3,nested,start,shuffled,i64,0,all,1,0,memory,7,100000,intersect,eager,native,1,28953500,50000,50000,50000,50000,1,1,1,100000,1,1,1,50000,1.0,1,24
3,nested,start,shuffled,i64,0,all,1,0,memory,7,100000,intersect,eager,production,1,3163600,50000,50000,50000,50000,1,1,1,100000,1,1,1,50000,1.0,1,24
3,nested,start,shuffled,i64,0,all,1,0,memory,7,100000,intersect,eager,production,2,3437400,50000,50000,50000,50000,1,1,1,100000,1,1,1,50000,1.0,1,24
3,nested,start,shuffled,i64,0,all,1,0,memory,7,100000,intersect,eager,native,2,30794900,50000,50000,50000,50000,1,1,1,100000,1,1,1,50000,1.0,1,24
3,nested,start,shuffled,i64,0,all,1,0,memory,7,100000,intersect,lazy_complete,production,0,7764300,50000,50000,50000,50000,1,1,1,100000,1,1,1,50000,1.0,1,24
3,nested,start,shuffled,i64,0,all,1,0,memory,7,100000,intersect,lazy_complete,native,0,32746500,50000,50000,50000,50000,1,1,1,100000,1,1,1,50000,1.0,1,24
3,nested,start,shuffled,i64,0,all,1,0,memory,7,100000,intersect,lazy_complete,native,1,35764300,50000,50000,50000,50000,1,1,1,100000,1,1,1,50000,1.0,1,24
3,nested,start,shuffled,i64,0,all,1,0,memory,7,100000,intersect,lazy_complete,production,1,8111200,50000,50000,50000,50000,1,1,1,100000,1,1,1,50000,1.0,1,24
3,nested,start,shuffled,i64,0,all,1,0,memory,7,100000,intersect,lazy_complete,production,2,8334100,50000,50000,50000,50000,1,1,1,100000,1,1,1,50000,1.0,1,24
3,nested,start,shuffled,i64,0,all,1,0,memory,7,100000,intersect,lazy_complete,native,2,39158300,50000,50000,50000,50000,1,1,1,100000,1,1,1,50000,1.0,1,24
4,duplicates,shuffled,reverse,date,0,all,1,0,memory,7,8,subtract,eager,production,0,800900,4,4,4,4,1,1,0,8,1,1,1,4,1.0,1,1
4,duplicates,shuffled,reverse,date,0,all,1,0,memory,7,8,subtract,eager,native,0,7990100,4,4,4,4,1,1,0,8,1,1,1,4,1.0,1,1
4,duplicates,shuffled,reverse,date,0,all,1,0,memory,7,8,subtract,eager,native,1,6467900,4,4,4,4,1,1,0,8,1,1,1,4,1.0,1,1
4,duplicates,shuffled,reverse,date,0,all,1,0,memory,7,8,subtract,eager,production,1,851200,4,4,4,4,1,1,0,8,1,1,1,4,1.0,1,1
4,duplicates,shuffled,reverse,date,0,all,1,0,memory,7,8,subtract,eager,production,2,380300,4,4,4,4,1,1,0,8,1,1,1,4,1.0,1,1
4,duplicates,shuffled,reverse,date,0,all,1,0,memory,7,8,subtract,eager,native,2,6770900,4,4,4,4,1,1,0,8,1,1,1,4,1.0,1,1
4,duplicates,shuffled,reverse,date,0,all,1,0,memory,7,8,subtract,lazy_complete,production,0,1422400,4,4,4,4,1,1,0,8,1,1,1,4,1.0,1,1
4,duplicates,shuffled,reverse,date,0,all,1,0,memory,7,8,subtract,lazy_complete,native,0,6336800,4,4,4,4,1,1,0,8,1,1,1,4,1.0,1,1
4,duplicates,shuffled,reverse,date,0,all,1,0,memory,7,8,subtract,lazy_complete,native,1,6896900,4,4,4,4,1,1,0,8,1,1,1,4,1.0,1,1
4,duplicates,shuffled,reverse,date,0,all,1,0,memory,7,8,subtract,lazy_complete,production,1,1664700,4,4,4,4,1,1,0,8,1,1,1,4,1.0,1,1
4,duplicates,shuffled,reverse,date,0,all,1,0,memory,7,8,subtract,lazy_complete,production,2,1431200,4,4,4,4,1,1,0,8,1,1,1,4,1.0,1,1
4,duplicates,shuffled,reverse,date,0,all,1,0,memory,7,8,subtract,lazy_complete,native,2,7786700,4,4,4,4,1,1,0,8,1,1,1,4,1.0,1,1
4,duplicates,shuffled,reverse,date,0,all,1,0,memory,7,8,intersect,eager,production,0,1397600,4,4,4,4,1,1,1,8,1,1,1,4,1.0,1,1
4,duplicates,shuffled,reverse,date,0,all,1,0,memory,7,8,intersect,eager,native,0,16934900,4,4,4,4,1,1,1,8,1,1,1,4,1.0,1,1
4,duplicates,shuffled,reverse,date,0,all,1,0,memory,7,8,intersect,eager,native,1,14838200,4,4,4,4,1,1,1,8,1,1,1,4,1.0,1,1
4,duplicates,shuffled,reverse,date,0,all,1,0,memory,7,8,intersect,eager,production,1,925600,4,4,4,4,1,1,1,8,1,1,1,4,1.0,1,1
4,duplicates,shuffled,reverse,date,0,all,1,0,memory,7,8,intersect,eager,production,2,422000,4,4,4,4,1,1,1,8,1,1,1,4,1.0,1,1
4,duplicates,shuffled,reverse,date,0,all,1,0,memory,7,8,intersect,eager,native,2,9542900,4,4,4,4,1,1,1,8,1,1,1,4,1.0,1,1
4,duplicates,shuffled,reverse,date,0,all,1,0,memory,7,8,intersect,lazy_complete,production,0,1733300,4,4,4,4,1,1,1,8,1,1,1,4,1.0,1,1
4,duplicates,shuffled,reverse,date,0,all,1,0,memory,7,8,intersect,lazy_complete,native,0,8575900,4,4,4,4,1,1,1,8,1,1,1,4,1.0,1,1
4,duplicates,shuffled,reverse,date,0,all,1,0,memory,7,8,intersect,lazy_complete,native,1,6811400,4,4,4,4,1,1,1,8,1,1,1,4,1.0,1,1
4,duplicates,shuffled,reverse,date,0,all,1,0,memory,7,8,intersect,lazy_complete,production,1,1167300,4,4,4,4,1,1,1,8,1,1,1,4,1.0,1,1
4,duplicates,shuffled,reverse,date,0,all,1,0,memory,7,8,intersect,lazy_complete,production,2,1474300,4,4,4,4,1,1,1,8,1,1,1,4,1.0,1,1
4,duplicates,shuffled,reverse,date,0,all,1,0,memory,7,8,intersect,lazy_complete,native,2,7155800,4,4,4,4,1,1,1,8,1,1,1,4,1.0,1,1
4,duplicates,shuffled,reverse,date,0,all,1,0,memory,7,1000,subtract,eager,production,0,1062600,500,500,500,500,1,1,0,16,1,1,1,500,1.0,1,1
4,duplicates,shuffled,reverse,date,0,all,1,0,memory,7,1000,subtract,eager,native,0,7498700,500,500,500,500,1,1,0,16,1,1,1,500,1.0,1,1
4,duplicates,shuffled,reverse,date,0,all,1,0,memory,7,1000,subtract,eager,native,1,7468500,500,500,500,500,1,1,0,16,1,1,1,500,1.0,1,1
4,duplicates,shuffled,reverse,date,0,all,1,0,memory,7,1000,subtract,eager,production,1,805700,500,500,500,500,1,1,0,16,1,1,1,500,1.0,1,1
4,duplicates,shuffled,reverse,date,0,all,1,0,memory,7,1000,subtract,eager,production,2,432500,500,500,500,500,1,1,0,16,1,1,1,500,1.0,1,1
4,duplicates,shuffled,reverse,date,0,all,1,0,memory,7,1000,subtract,eager,native,2,9749500,500,500,500,500,1,1,0,16,1,1,1,500,1.0,1,1
4,duplicates,shuffled,reverse,date,0,all,1,0,memory,7,1000,subtract,lazy_complete,production,0,1084800,500,500,500,500,1,1,0,16,1,1,1,500,1.0,1,1
4,duplicates,shuffled,reverse,date,0,all,1,0,memory,7,1000,subtract,lazy_complete,native,0,7378300,500,500,500,500,1,1,0,16,1,1,1,500,1.0,1,1
4,duplicates,shuffled,reverse,date,0,all,1,0,memory,7,1000,subtract,lazy_complete,native,1,5870500,500,500,500,500,1,1,0,16,1,1,1,500,1.0,1,1
4,duplicates,shuffled,reverse,date,0,all,1,0,memory,7,1000,subtract,lazy_complete,production,1,1416500,500,500,500,500,1,1,0,16,1,1,1,500,1.0,1,1
4,duplicates,shuffled,reverse,date,0,all,1,0,memory,7,1000,subtract,lazy_complete,production,2,1277600,500,500,500,500,1,1,0,16,1,1,1,500,1.0,1,1
4,duplicates,shuffled,reverse,date,0,all,1,0,memory,7,1000,subtract,lazy_complete,native,2,7151500,500,500,500,500,1,1,0,16,1,1,1,500,1.0,1,1
4,duplicates,shuffled,reverse,date,0,all,1,0,memory,7,1000,intersect,eager,production,0,831300,500,500,500,500,1,1,1,16,1,1,1,500,1.0,1,1
4,duplicates,shuffled,reverse,date,0,all,1,0,memory,7,1000,intersect,eager,native,0,9868600,500,500,500,500,1,1,1,16,1,1,1,500,1.0,1,1
4,duplicates,shuffled,reverse,date,0,all,1,0,memory,7,1000,intersect,eager,native,1,8476200,500,500,500,500,1,1,1,16,1,1,1,500,1.0,1,1
4,duplicates,shuffled,reverse,date,0,all,1,0,memory,7,1000,intersect,eager,production,1,830000,500,500,500,500,1,1,1,16,1,1,1,500,1.0,1,1
4,duplicates,shuffled,reverse,date,0,all,1,0,memory,7,1000,intersect,eager,production,2,783800,500,500,500,500,1,1,1,16,1,1,1,500,1.0,1,1
4,duplicates,shuffled,reverse,date,0,all,1,0,memory,7,1000,intersect,eager,native,2,7077500,500,500,500,500,1,1,1,16,1,1,1,500,1.0,1,1
4,duplicates,shuffled,reverse,date,0,all,1,0,memory,7,1000,intersect,lazy_complete,production,0,1880800,500,500,500,500,1,1,1,16,1,1,1,500,1.0,1,1
4,duplicates,shuffled,reverse,date,0,all,1,0,memory,7,1000,intersect,lazy_complete,native,0,12153900,500,500,500,500,1,1,1,16,1,1,1,500,1.0,1,1
4,duplicates,shuffled,reverse,date,0,all,1,0,memory,7,1000,intersect,lazy_complete,native,1,8989100,500,500,500,500,1,1,1,16,1,1,1,500,1.0,1,1
4,duplicates,shuffled,reverse,date,0,all,1,0,memory,7,1000,intersect,lazy_complete,production,1,1275800,500,500,500,500,1,1,1,16,1,1,1,500,1.0,1,1
4,duplicates,shuffled,reverse,date,0,all,1,0,memory,7,1000,intersect,lazy_complete,production,2,1308900,500,500,500,500,1,1,1,16,1,1,1,500,1.0,1,1
4,duplicates,shuffled,reverse,date,0,all,1,0,memory,7,1000,intersect,lazy_complete,native,2,5457400,500,500,500,500,1,1,1,16,1,1,1,500,1.0,1,1
4,duplicates,shuffled,reverse,date,0,all,1,0,memory,7,10000,subtract,eager,production,0,1374400,5000,5000,5000,5000,1,1,0,16,1,1,1,5000,1.0,20,1
4,duplicates,shuffled,reverse,date,0,all,1,0,memory,7,10000,subtract,eager,native,0,7721400,5000,5000,5000,5000,1,1,0,16,1,1,1,5000,1.0,20,1
4,duplicates,shuffled,reverse,date,0,all,1,0,memory,7,10000,subtract,eager,native,1,6722100,5000,5000,5000,5000,1,1,0,16,1,1,1,5000,1.0,20,1
4,duplicates,shuffled,reverse,date,0,all,1,0,memory,7,10000,subtract,eager,production,1,1021800,5000,5000,5000,5000,1,1,0,16,1,1,1,5000,1.0,20,1
4,duplicates,shuffled,reverse,date,0,all,1,0,memory,7,10000,subtract,eager,production,2,980600,5000,5000,5000,5000,1,1,0,16,1,1,1,5000,1.0,20,1
4,duplicates,shuffled,reverse,date,0,all,1,0,memory,7,10000,subtract,eager,native,2,5899900,5000,5000,5000,5000,1,1,0,16,1,1,1,5000,1.0,20,1
4,duplicates,shuffled,reverse,date,0,all,1,0,memory,7,10000,subtract,lazy_complete,production,0,1751100,5000,5000,5000,5000,1,1,0,16,1,1,1,5000,1.0,20,1
4,duplicates,shuffled,reverse,date,0,all,1,0,memory,7,10000,subtract,lazy_complete,native,0,5952000,5000,5000,5000,5000,1,1,0,16,1,1,1,5000,1.0,20,1
4,duplicates,shuffled,reverse,date,0,all,1,0,memory,7,10000,subtract,lazy_complete,native,1,7401900,5000,5000,5000,5000,1,1,0,16,1,1,1,5000,1.0,20,1
4,duplicates,shuffled,reverse,date,0,all,1,0,memory,7,10000,subtract,lazy_complete,production,1,1383300,5000,5000,5000,5000,1,1,0,16,1,1,1,5000,1.0,20,1
4,duplicates,shuffled,reverse,date,0,all,1,0,memory,7,10000,subtract,lazy_complete,production,2,1174800,5000,5000,5000,5000,1,1,0,16,1,1,1,5000,1.0,20,1
4,duplicates,shuffled,reverse,date,0,all,1,0,memory,7,10000,subtract,lazy_complete,native,2,6319800,5000,5000,5000,5000,1,1,0,16,1,1,1,5000,1.0,20,1
4,duplicates,shuffled,reverse,date,0,all,1,0,memory,7,10000,intersect,eager,production,0,1008300,5000,5000,5000,5000,1,1,1,16,1,1,1,5000,1.0,20,1
4,duplicates,shuffled,reverse,date,0,all,1,0,memory,7,10000,intersect,eager,native,0,6079400,5000,5000,5000,5000,1,1,1,16,1,1,1,5000,1.0,20,1
4,duplicates,shuffled,reverse,date,0,all,1,0,memory,7,10000,intersect,eager,native,1,6120000,5000,5000,5000,5000,1,1,1,16,1,1,1,5000,1.0,20,1
4,duplicates,shuffled,reverse,date,0,all,1,0,memory,7,10000,intersect,eager,production,1,1149400,5000,5000,5000,5000,1,1,1,16,1,1,1,5000,1.0,20,1
4,duplicates,shuffled,reverse,date,0,all,1,0,memory,7,10000,intersect,eager,production,2,920100,5000,5000,5000,5000,1,1,1,16,1,1,1,5000,1.0,20,1
4,duplicates,shuffled,reverse,date,0,all,1,0,memory,7,10000,intersect,eager,native,2,6765000,5000,5000,5000,5000,1,1,1,16,1,1,1,5000,1.0,20,1
4,duplicates,shuffled,reverse,date,0,all,1,0,memory,7,10000,intersect,lazy_complete,production,0,1616800,5000,5000,5000,5000,1,1,1,16,1,1,1,5000,1.0,20,1
4,duplicates,shuffled,reverse,date,0,all,1,0,memory,7,10000,intersect,lazy_complete,native,0,5785400,5000,5000,5000,5000,1,1,1,16,1,1,1,5000,1.0,20,1
4,duplicates,shuffled,reverse,date,0,all,1,0,memory,7,10000,intersect,lazy_complete,native,1,6166400,5000,5000,5000,5000,1,1,1,16,1,1,1,5000,1.0,20,1
4,duplicates,shuffled,reverse,date,0,all,1,0,memory,7,10000,intersect,lazy_complete,production,1,1561800,5000,5000,5000,5000,1,1,1,16,1,1,1,5000,1.0,20,1
4,duplicates,shuffled,reverse,date,0,all,1,0,memory,7,10000,intersect,lazy_complete,production,2,1194700,5000,5000,5000,5000,1,1,1,16,1,1,1,5000,1.0,20,1
4,duplicates,shuffled,reverse,date,0,all,1,0,memory,7,10000,intersect,lazy_complete,native,2,7499200,5000,5000,5000,5000,1,1,1,16,1,1,1,5000,1.0,20,1
4,duplicates,shuffled,reverse,date,0,all,1,0,memory,7,100000,subtract,eager,production,0,2737300,50000,50000,50000,50000,1,1,0,16,1,1,1,50000,1.0,24,1
4,duplicates,shuffled,reverse,date,0,all,1,0,memory,7,100000,subtract,eager,native,0,11276700,50000,50000,50000,50000,1,1,0,16,1,1,1,50000,1.0,24,1
4,duplicates,shuffled,reverse,date,0,all,1,0,memory,7,100000,subtract,eager,native,1,11217500,50000,50000,50000,50000,1,1,0,16,1,1,1,50000,1.0,24,1
4,duplicates,shuffled,reverse,date,0,all,1,0,memory,7,100000,subtract,eager,production,1,2074600,50000,50000,50000,50000,1,1,0,16,1,1,1,50000,1.0,24,1
4,duplicates,shuffled,reverse,date,0,all,1,0,memory,7,100000,subtract,eager,production,2,1735600,50000,50000,50000,50000,1,1,0,16,1,1,1,50000,1.0,24,1
4,duplicates,shuffled,reverse,date,0,all,1,0,memory,7,100000,subtract,eager,native,2,10497000,50000,50000,50000,50000,1,1,0,16,1,1,1,50000,1.0,24,1
4,duplicates,shuffled,reverse,date,0,all,1,0,memory,7,100000,subtract,lazy_complete,production,0,5318600,50000,50000,50000,50000,1,1,0,16,1,1,1,50000,1.0,24,1
4,duplicates,shuffled,reverse,date,0,all,1,0,memory,7,100000,subtract,lazy_complete,native,0,10470400,50000,50000,50000,50000,1,1,0,16,1,1,1,50000,1.0,24,1
4,duplicates,shuffled,reverse,date,0,all,1,0,memory,7,100000,subtract,lazy_complete,native,1,9934400,50000,50000,50000,50000,1,1,0,16,1,1,1,50000,1.0,24,1
4,duplicates,shuffled,reverse,date,0,all,1,0,memory,7,100000,subtract,lazy_complete,production,1,5146500,50000,50000,50000,50000,1,1,0,16,1,1,1,50000,1.0,24,1
4,duplicates,shuffled,reverse,date,0,all,1,0,memory,7,100000,subtract,lazy_complete,production,2,5549600,50000,50000,50000,50000,1,1,0,16,1,1,1,50000,1.0,24,1
4,duplicates,shuffled,reverse,date,0,all,1,0,memory,7,100000,subtract,lazy_complete,native,2,10013600,50000,50000,50000,50000,1,1,0,16,1,1,1,50000,1.0,24,1
4,duplicates,shuffled,reverse,date,0,all,1,0,memory,7,100000,intersect,eager,production,0,1934000,50000,50000,50000,50000,1,1,1,16,1,1,1,50000,1.0,24,1
4,duplicates,shuffled,reverse,date,0,all,1,0,memory,7,100000,intersect,eager,native,0,10677700,50000,50000,50000,50000,1,1,1,16,1,1,1,50000,1.0,24,1
4,duplicates,shuffled,reverse,date,0,all,1,0,memory,7,100000,intersect,eager,native,1,10122100,50000,50000,50000,50000,1,1,1,16,1,1,1,50000,1.0,24,1
4,duplicates,shuffled,reverse,date,0,all,1,0,memory,7,100000,intersect,eager,production,1,1903000,50000,50000,50000,50000,1,1,1,16,1,1,1,50000,1.0,24,1
4,duplicates,shuffled,reverse,date,0,all,1,0,memory,7,100000,intersect,eager,production,2,2046400,50000,50000,50000,50000,1,1,1,16,1,1,1,50000,1.0,24,1
4,duplicates,shuffled,reverse,date,0,all,1,0,memory,7,100000,intersect,eager,native,2,10431000,50000,50000,50000,50000,1,1,1,16,1,1,1,50000,1.0,24,1
4,duplicates,shuffled,reverse,date,0,all,1,0,memory,7,100000,intersect,lazy_complete,production,0,4850500,50000,50000,50000,50000,1,1,1,16,1,1,1,50000,1.0,24,1
4,duplicates,shuffled,reverse,date,0,all,1,0,memory,7,100000,intersect,lazy_complete,native,0,9400800,50000,50000,50000,50000,1,1,1,16,1,1,1,50000,1.0,24,1
4,duplicates,shuffled,reverse,date,0,all,1,0,memory,7,100000,intersect,lazy_complete,native,1,10547300,50000,50000,50000,50000,1,1,1,16,1,1,1,50000,1.0,24,1
4,duplicates,shuffled,reverse,date,0,all,1,0,memory,7,100000,intersect,lazy_complete,production,1,5385500,50000,50000,50000,50000,1,1,1,16,1,1,1,50000,1.0,24,1
4,duplicates,shuffled,reverse,date,0,all,1,0,memory,7,100000,intersect,lazy_complete,production,2,5059700,50000,50000,50000,50000,1,1,1,16,1,1,1,50000,1.0,24,1
4,duplicates,shuffled,reverse,date,0,all,1,0,memory,7,100000,intersect,lazy_complete,native,2,10101100,50000,50000,50000,50000,1,1,1,16,1,1,1,50000,1.0,24,1
5,touching,reverse,start,i64,0,all,1,0,memory,7,8,subtract,eager,production,0,708500,4,4,4,4,1,1,1,10,1,1,1,4,1.0,1,1
5,touching,reverse,start,i64,0,all,1,0,memory,7,8,subtract,eager,native,0,5342300,4,4,4,4,1,1,1,10,1,1,1,4,1.0,1,1
5,touching,reverse,start,i64,0,all,1,0,memory,7,8,subtract,eager,native,1,5771100,4,4,4,4,1,1,1,10,1,1,1,4,1.0,1,1
5,touching,reverse,start,i64,0,all,1,0,memory,7,8,subtract,eager,production,1,525000,4,4,4,4,1,1,1,10,1,1,1,4,1.0,1,1
5,touching,reverse,start,i64,0,all,1,0,memory,7,8,subtract,eager,production,2,433600,4,4,4,4,1,1,1,10,1,1,1,4,1.0,1,1
5,touching,reverse,start,i64,0,all,1,0,memory,7,8,subtract,eager,native,2,5659000,4,4,4,4,1,1,1,10,1,1,1,4,1.0,1,1
5,touching,reverse,start,i64,0,all,1,0,memory,7,8,subtract,lazy_complete,production,0,984100,4,4,4,4,1,1,1,10,1,1,1,4,1.0,1,1
5,touching,reverse,start,i64,0,all,1,0,memory,7,8,subtract,lazy_complete,native,0,5641100,4,4,4,4,1,1,1,10,1,1,1,4,1.0,1,1
5,touching,reverse,start,i64,0,all,1,0,memory,7,8,subtract,lazy_complete,native,1,4409900,4,4,4,4,1,1,1,10,1,1,1,4,1.0,1,1
5,touching,reverse,start,i64,0,all,1,0,memory,7,8,subtract,lazy_complete,production,1,668800,4,4,4,4,1,1,1,10,1,1,1,4,1.0,1,1
5,touching,reverse,start,i64,0,all,1,0,memory,7,8,subtract,lazy_complete,production,2,511900,4,4,4,4,1,1,1,10,1,1,1,4,1.0,1,1
5,touching,reverse,start,i64,0,all,1,0,memory,7,8,subtract,lazy_complete,native,2,4631200,4,4,4,4,1,1,1,10,1,1,1,4,1.0,1,1
5,touching,reverse,start,i64,0,all,1,0,memory,7,8,intersect,eager,production,0,630000,4,4,4,4,1,1,1,10,1,1,1,4,1.0,1,1
5,touching,reverse,start,i64,0,all,1,0,memory,7,8,intersect,eager,native,0,5250900,4,4,4,4,1,1,1,10,1,1,1,4,1.0,1,1
5,touching,reverse,start,i64,0,all,1,0,memory,7,8,intersect,eager,native,1,5743200,4,4,4,4,1,1,1,10,1,1,1,4,1.0,1,1
5,touching,reverse,start,i64,0,all,1,0,memory,7,8,intersect,eager,production,1,560700,4,4,4,4,1,1,1,10,1,1,1,4,1.0,1,1
5,touching,reverse,start,i64,0,all,1,0,memory,7,8,intersect,eager,production,2,469600,4,4,4,4,1,1,1,10,1,1,1,4,1.0,1,1
5,touching,reverse,start,i64,0,all,1,0,memory,7,8,intersect,eager,native,2,4952100,4,4,4,4,1,1,1,10,1,1,1,4,1.0,1,1
5,touching,reverse,start,i64,0,all,1,0,memory,7,8,intersect,lazy_complete,production,0,1153300,4,4,4,4,1,1,1,10,1,1,1,4,1.0,1,1
5,touching,reverse,start,i64,0,all,1,0,memory,7,8,intersect,lazy_complete,native,0,5848100,4,4,4,4,1,1,1,10,1,1,1,4,1.0,1,1
5,touching,reverse,start,i64,0,all,1,0,memory,7,8,intersect,lazy_complete,native,1,4615400,4,4,4,4,1,1,1,10,1,1,1,4,1.0,1,1
5,touching,reverse,start,i64,0,all,1,0,memory,7,8,intersect,lazy_complete,production,1,898200,4,4,4,4,1,1,1,10,1,1,1,4,1.0,1,1
5,touching,reverse,start,i64,0,all,1,0,memory,7,8,intersect,lazy_complete,production,2,745700,4,4,4,4,1,1,1,10,1,1,1,4,1.0,1,1
5,touching,reverse,start,i64,0,all,1,0,memory,7,8,intersect,lazy_complete,native,2,4778000,4,4,4,4,1,1,1,10,1,1,1,4,1.0,1,1
5,touching,reverse,start,i64,0,all,1,0,memory,7,1000,subtract,eager,production,0,694100,500,500,500,500,1,1,1,1002,1,1,1,500,1.0,1,1
5,touching,reverse,start,i64,0,all,1,0,memory,7,1000,subtract,eager,native,0,7625700,500,500,500,500,1,1,1,1002,1,1,1,500,1.0,1,1
5,touching,reverse,start,i64,0,all,1,0,memory,7,1000,subtract,eager,native,1,6654800,500,500,500,500,1,1,1,1002,1,1,1,500,1.0,1,1
5,touching,reverse,start,i64,0,all,1,0,memory,7,1000,subtract,eager,production,1,839100,500,500,500,500,1,1,1,1002,1,1,1,500,1.0,1,1
5,touching,reverse,start,i64,0,all,1,0,memory,7,1000,subtract,eager,production,2,643100,500,500,500,500,1,1,1,1002,1,1,1,500,1.0,1,1
5,touching,reverse,start,i64,0,all,1,0,memory,7,1000,subtract,eager,native,2,6703900,500,500,500,500,1,1,1,1002,1,1,1,500,1.0,1,1
5,touching,reverse,start,i64,0,all,1,0,memory,7,1000,subtract,lazy_complete,production,0,1214200,500,500,500,500,1,1,1,1002,1,1,1,500,1.0,1,1
5,touching,reverse,start,i64,0,all,1,0,memory,7,1000,subtract,lazy_complete,native,0,6135100,500,500,500,500,1,1,1,1002,1,1,1,500,1.0,1,1
5,touching,reverse,start,i64,0,all,1,0,memory,7,1000,subtract,lazy_complete,native,1,6042100,500,500,500,500,1,1,1,1002,1,1,1,500,1.0,1,1
5,touching,reverse,start,i64,0,all,1,0,memory,7,1000,subtract,lazy_complete,production,1,1277200,500,500,500,500,1,1,1,1002,1,1,1,500,1.0,1,1
5,touching,reverse,start,i64,0,all,1,0,memory,7,1000,subtract,lazy_complete,production,2,973400,500,500,500,500,1,1,1,1002,1,1,1,500,1.0,1,1
5,touching,reverse,start,i64,0,all,1,0,memory,7,1000,subtract,lazy_complete,native,2,6980700,500,500,500,500,1,1,1,1002,1,1,1,500,1.0,1,1
5,touching,reverse,start,i64,0,all,1,0,memory,7,1000,intersect,eager,production,0,801300,500,500,500,500,1,1,1,1002,1,1,1,500,1.0,1,1
5,touching,reverse,start,i64,0,all,1,0,memory,7,1000,intersect,eager,native,0,6754200,500,500,500,500,1,1,1,1002,1,1,1,500,1.0,1,1
5,touching,reverse,start,i64,0,all,1,0,memory,7,1000,intersect,eager,native,1,7432800,500,500,500,500,1,1,1,1002,1,1,1,500,1.0,1,1
5,touching,reverse,start,i64,0,all,1,0,memory,7,1000,intersect,eager,production,1,785000,500,500,500,500,1,1,1,1002,1,1,1,500,1.0,1,1
5,touching,reverse,start,i64,0,all,1,0,memory,7,1000,intersect,eager,production,2,639800,500,500,500,500,1,1,1,1002,1,1,1,500,1.0,1,1
5,touching,reverse,start,i64,0,all,1,0,memory,7,1000,intersect,eager,native,2,7985700,500,500,500,500,1,1,1,1002,1,1,1,500,1.0,1,1
5,touching,reverse,start,i64,0,all,1,0,memory,7,1000,intersect,lazy_complete,production,0,1594900,500,500,500,500,1,1,1,1002,1,1,1,500,1.0,1,1
5,touching,reverse,start,i64,0,all,1,0,memory,7,1000,intersect,lazy_complete,native,0,10697000,500,500,500,500,1,1,1,1002,1,1,1,500,1.0,1,1
5,touching,reverse,start,i64,0,all,1,0,memory,7,1000,intersect,lazy_complete,native,1,8268700,500,500,500,500,1,1,1,1002,1,1,1,500,1.0,1,1
5,touching,reverse,start,i64,0,all,1,0,memory,7,1000,intersect,lazy_complete,production,1,1441600,500,500,500,500,1,1,1,1002,1,1,1,500,1.0,1,1
5,touching,reverse,start,i64,0,all,1,0,memory,7,1000,intersect,lazy_complete,production,2,1088600,500,500,500,500,1,1,1,1002,1,1,1,500,1.0,1,1
5,touching,reverse,start,i64,0,all,1,0,memory,7,1000,intersect,lazy_complete,native,2,8291600,500,500,500,500,1,1,1,1002,1,1,1,500,1.0,1,1
5,touching,reverse,start,i64,0,all,1,0,memory,7,10000,subtract,eager,production,0,1024200,5000,5000,5000,5000,1,1,1,10002,1,1,1,5000,1.0,1,1
5,touching,reverse,start,i64,0,all,1,0,memory,7,10000,subtract,eager,native,0,10620000,5000,5000,5000,5000,1,1,1,10002,1,1,1,5000,1.0,1,1
5,touching,reverse,start,i64,0,all,1,0,memory,7,10000,subtract,eager,native,1,10692500,5000,5000,5000,5000,1,1,1,10002,1,1,1,5000,1.0,1,1
5,touching,reverse,start,i64,0,all,1,0,memory,7,10000,subtract,eager,production,1,895900,5000,5000,5000,5000,1,1,1,10002,1,1,1,5000,1.0,1,1
5,touching,reverse,start,i64,0,all,1,0,memory,7,10000,subtract,eager,production,2,803600,5000,5000,5000,5000,1,1,1,10002,1,1,1,5000,1.0,1,1
5,touching,reverse,start,i64,0,all,1,0,memory,7,10000,subtract,eager,native,2,13274100,5000,5000,5000,5000,1,1,1,10002,1,1,1,5000,1.0,1,1
5,touching,reverse,start,i64,0,all,1,0,memory,7,10000,subtract,lazy_complete,production,0,1816500,5000,5000,5000,5000,1,1,1,10002,1,1,1,5000,1.0,1,1
5,touching,reverse,start,i64,0,all,1,0,memory,7,10000,subtract,lazy_complete,native,0,10880000,5000,5000,5000,5000,1,1,1,10002,1,1,1,5000,1.0,1,1
5,touching,reverse,start,i64,0,all,1,0,memory,7,10000,subtract,lazy_complete,native,1,9760900,5000,5000,5000,5000,1,1,1,10002,1,1,1,5000,1.0,1,1
5,touching,reverse,start,i64,0,all,1,0,memory,7,10000,subtract,lazy_complete,production,1,1408700,5000,5000,5000,5000,1,1,1,10002,1,1,1,5000,1.0,1,1
5,touching,reverse,start,i64,0,all,1,0,memory,7,10000,subtract,lazy_complete,production,2,956500,5000,5000,5000,5000,1,1,1,10002,1,1,1,5000,1.0,1,1
5,touching,reverse,start,i64,0,all,1,0,memory,7,10000,subtract,lazy_complete,native,2,13055200,5000,5000,5000,5000,1,1,1,10002,1,1,1,5000,1.0,1,1
5,touching,reverse,start,i64,0,all,1,0,memory,7,10000,intersect,eager,production,0,934500,5000,5000,5000,5000,1,1,1,10002,1,1,1,5000,1.0,1,1
5,touching,reverse,start,i64,0,all,1,0,memory,7,10000,intersect,eager,native,0,11216000,5000,5000,5000,5000,1,1,1,10002,1,1,1,5000,1.0,1,1
5,touching,reverse,start,i64,0,all,1,0,memory,7,10000,intersect,eager,native,1,11047200,5000,5000,5000,5000,1,1,1,10002,1,1,1,5000,1.0,1,1
5,touching,reverse,start,i64,0,all,1,0,memory,7,10000,intersect,eager,production,1,837200,5000,5000,5000,5000,1,1,1,10002,1,1,1,5000,1.0,1,1
5,touching,reverse,start,i64,0,all,1,0,memory,7,10000,intersect,eager,production,2,593100,5000,5000,5000,5000,1,1,1,10002,1,1,1,5000,1.0,1,1
5,touching,reverse,start,i64,0,all,1,0,memory,7,10000,intersect,eager,native,2,12385800,5000,5000,5000,5000,1,1,1,10002,1,1,1,5000,1.0,1,1
5,touching,reverse,start,i64,0,all,1,0,memory,7,10000,intersect,lazy_complete,production,0,1395500,5000,5000,5000,5000,1,1,1,10002,1,1,1,5000,1.0,1,1
5,touching,reverse,start,i64,0,all,1,0,memory,7,10000,intersect,lazy_complete,native,0,8852400,5000,5000,5000,5000,1,1,1,10002,1,1,1,5000,1.0,1,1
5,touching,reverse,start,i64,0,all,1,0,memory,7,10000,intersect,lazy_complete,native,1,10257200,5000,5000,5000,5000,1,1,1,10002,1,1,1,5000,1.0,1,1
5,touching,reverse,start,i64,0,all,1,0,memory,7,10000,intersect,lazy_complete,production,1,1338000,5000,5000,5000,5000,1,1,1,10002,1,1,1,5000,1.0,1,1
5,touching,reverse,start,i64,0,all,1,0,memory,7,10000,intersect,lazy_complete,production,2,1236900,5000,5000,5000,5000,1,1,1,10002,1,1,1,5000,1.0,1,1
5,touching,reverse,start,i64,0,all,1,0,memory,7,10000,intersect,lazy_complete,native,2,9270500,5000,5000,5000,5000,1,1,1,10002,1,1,1,5000,1.0,1,1
5,touching,reverse,start,i64,0,all,1,0,memory,7,100000,subtract,eager,production,0,1337000,50000,50000,50000,50000,1,1,1,100002,1,1,1,50000,1.0,1,1
5,touching,reverse,start,i64,0,all,1,0,memory,7,100000,subtract,eager,native,0,24405200,50000,50000,50000,50000,1,1,1,100002,1,1,1,50000,1.0,1,1
5,touching,reverse,start,i64,0,all,1,0,memory,7,100000,subtract,eager,native,1,26350800,50000,50000,50000,50000,1,1,1,100002,1,1,1,50000,1.0,1,1
5,touching,reverse,start,i64,0,all,1,0,memory,7,100000,subtract,eager,production,1,1661400,50000,50000,50000,50000,1,1,1,100002,1,1,1,50000,1.0,1,1
5,touching,reverse,start,i64,0,all,1,0,memory,7,100000,subtract,eager,production,2,1421300,50000,50000,50000,50000,1,1,1,100002,1,1,1,50000,1.0,1,1
5,touching,reverse,start,i64,0,all,1,0,memory,7,100000,subtract,eager,native,2,32695100,50000,50000,50000,50000,1,1,1,100002,1,1,1,50000,1.0,1,1
5,touching,reverse,start,i64,0,all,1,0,memory,7,100000,subtract,lazy_complete,production,0,4800900,50000,50000,50000,50000,1,1,1,100002,1,1,1,50000,1.0,1,1
5,touching,reverse,start,i64,0,all,1,0,memory,7,100000,subtract,lazy_complete,native,0,25526100,50000,50000,50000,50000,1,1,1,100002,1,1,1,50000,1.0,1,1
5,touching,reverse,start,i64,0,all,1,0,memory,7,100000,subtract,lazy_complete,native,1,24234400,50000,50000,50000,50000,1,1,1,100002,1,1,1,50000,1.0,1,1
5,touching,reverse,start,i64,0,all,1,0,memory,7,100000,subtract,lazy_complete,production,1,4392700,50000,50000,50000,50000,1,1,1,100002,1,1,1,50000,1.0,1,1
5,touching,reverse,start,i64,0,all,1,0,memory,7,100000,subtract,lazy_complete,production,2,4641100,50000,50000,50000,50000,1,1,1,100002,1,1,1,50000,1.0,1,1
5,touching,reverse,start,i64,0,all,1,0,memory,7,100000,subtract,lazy_complete,native,2,22145900,50000,50000,50000,50000,1,1,1,100002,1,1,1,50000,1.0,1,1
5,touching,reverse,start,i64,0,all,1,0,memory,7,100000,intersect,eager,production,0,1638500,50000,50000,50000,50000,1,1,1,100002,1,1,1,50000,1.0,1,1
5,touching,reverse,start,i64,0,all,1,0,memory,7,100000,intersect,eager,native,0,33668800,50000,50000,50000,50000,1,1,1,100002,1,1,1,50000,1.0,1,1
5,touching,reverse,start,i64,0,all,1,0,memory,7,100000,intersect,eager,native,1,36944500,50000,50000,50000,50000,1,1,1,100002,1,1,1,50000,1.0,1,1
5,touching,reverse,start,i64,0,all,1,0,memory,7,100000,intersect,eager,production,1,1477800,50000,50000,50000,50000,1,1,1,100002,1,1,1,50000,1.0,1,1
5,touching,reverse,start,i64,0,all,1,0,memory,7,100000,intersect,eager,production,2,1511700,50000,50000,50000,50000,1,1,1,100002,1,1,1,50000,1.0,1,1
5,touching,reverse,start,i64,0,all,1,0,memory,7,100000,intersect,eager,native,2,30555500,50000,50000,50000,50000,1,1,1,100002,1,1,1,50000,1.0,1,1
5,touching,reverse,start,i64,0,all,1,0,memory,7,100000,intersect,lazy_complete,production,0,4958700,50000,50000,50000,50000,1,1,1,100002,1,1,1,50000,1.0,1,1
5,touching,reverse,start,i64,0,all,1,0,memory,7,100000,intersect,lazy_complete,native,0,27190900,50000,50000,50000,50000,1,1,1,100002,1,1,1,50000,1.0,1,1
5,touching,reverse,start,i64,0,all,1,0,memory,7,100000,intersect,lazy_complete,native,1,29341400,50000,50000,50000,50000,1,1,1,100002,1,1,1,50000,1.0,1,1
5,touching,reverse,start,i64,0,all,1,0,memory,7,100000,intersect,lazy_complete,production,1,4091800,50000,50000,50000,50000,1,1,1,100002,1,1,1,50000,1.0,1,1
5,touching,reverse,start,i64,0,all,1,0,memory,7,100000,intersect,lazy_complete,production,2,4560700,50000,50000,50000,50000,1,1,1,100002,1,1,1,50000,1.0,1,1
5,touching,reverse,start,i64,0,all,1,0,memory,7,100000,intersect,lazy_complete,native,2,29763300,50000,50000,50000,50000,1,1,1,100002,1,1,1,50000,1.0,1,1
6,disjoint,shuffled,shuffled,u64,0,all,1,0,memory,7,8,subtract,eager,production,0,561100,4,4,4,4,4,4,4,16,1,1,1,4,1.0,1,1
6,disjoint,shuffled,shuffled,u64,0,all,1,0,memory,7,8,subtract,eager,native,0,4921800,4,4,4,4,4,4,4,16,1,1,1,4,1.0,1,1
6,disjoint,shuffled,shuffled,u64,0,all,1,0,memory,7,8,subtract,eager,native,1,5516500,4,4,4,4,4,4,4,16,1,1,1,4,1.0,1,1
6,disjoint,shuffled,shuffled,u64,0,all,1,0,memory,7,8,subtract,eager,production,1,649800,4,4,4,4,4,4,4,16,1,1,1,4,1.0,1,1
6,disjoint,shuffled,shuffled,u64,0,all,1,0,memory,7,8,subtract,eager,production,2,551600,4,4,4,4,4,4,4,16,1,1,1,4,1.0,1,1
6,disjoint,shuffled,shuffled,u64,0,all,1,0,memory,7,8,subtract,eager,native,2,5272200,4,4,4,4,4,4,4,16,1,1,1,4,1.0,1,1
6,disjoint,shuffled,shuffled,u64,0,all,1,0,memory,7,8,subtract,lazy_complete,production,0,895800,4,4,4,4,4,4,4,16,1,1,1,4,1.0,1,1
6,disjoint,shuffled,shuffled,u64,0,all,1,0,memory,7,8,subtract,lazy_complete,native,0,5035800,4,4,4,4,4,4,4,16,1,1,1,4,1.0,1,1
6,disjoint,shuffled,shuffled,u64,0,all,1,0,memory,7,8,subtract,lazy_complete,native,1,5030000,4,4,4,4,4,4,4,16,1,1,1,4,1.0,1,1
6,disjoint,shuffled,shuffled,u64,0,all,1,0,memory,7,8,subtract,lazy_complete,production,1,990400,4,4,4,4,4,4,4,16,1,1,1,4,1.0,1,1
6,disjoint,shuffled,shuffled,u64,0,all,1,0,memory,7,8,subtract,lazy_complete,production,2,713800,4,4,4,4,4,4,4,16,1,1,1,4,1.0,1,1
6,disjoint,shuffled,shuffled,u64,0,all,1,0,memory,7,8,subtract,lazy_complete,native,2,4604700,4,4,4,4,4,4,4,16,1,1,1,4,1.0,1,1
6,disjoint,shuffled,shuffled,u64,0,all,1,0,memory,7,8,intersect,eager,production,0,557000,4,4,4,4,4,4,0,16,1,1,1,4,1.0,1,1
6,disjoint,shuffled,shuffled,u64,0,all,1,0,memory,7,8,intersect,eager,native,0,5095100,4,4,4,4,4,4,0,16,1,1,1,4,1.0,1,1
6,disjoint,shuffled,shuffled,u64,0,all,1,0,memory,7,8,intersect,eager,native,1,4784400,4,4,4,4,4,4,0,16,1,1,1,4,1.0,1,1
6,disjoint,shuffled,shuffled,u64,0,all,1,0,memory,7,8,intersect,eager,production,1,413100,4,4,4,4,4,4,0,16,1,1,1,4,1.0,1,1
6,disjoint,shuffled,shuffled,u64,0,all,1,0,memory,7,8,intersect,eager,production,2,360300,4,4,4,4,4,4,0,16,1,1,1,4,1.0,1,1
6,disjoint,shuffled,shuffled,u64,0,all,1,0,memory,7,8,intersect,eager,native,2,4180900,4,4,4,4,4,4,0,16,1,1,1,4,1.0,1,1
6,disjoint,shuffled,shuffled,u64,0,all,1,0,memory,7,8,intersect,lazy_complete,production,0,598000,4,4,4,4,4,4,0,16,1,1,1,4,1.0,1,1
6,disjoint,shuffled,shuffled,u64,0,all,1,0,memory,7,8,intersect,lazy_complete,native,0,3820900,4,4,4,4,4,4,0,16,1,1,1,4,1.0,1,1
6,disjoint,shuffled,shuffled,u64,0,all,1,0,memory,7,8,intersect,lazy_complete,native,1,4341500,4,4,4,4,4,4,0,16,1,1,1,4,1.0,1,1
6,disjoint,shuffled,shuffled,u64,0,all,1,0,memory,7,8,intersect,lazy_complete,production,1,966200,4,4,4,4,4,4,0,16,1,1,1,4,1.0,1,1
6,disjoint,shuffled,shuffled,u64,0,all,1,0,memory,7,8,intersect,lazy_complete,production,2,811100,4,4,4,4,4,4,0,16,1,1,1,4,1.0,1,1
6,disjoint,shuffled,shuffled,u64,0,all,1,0,memory,7,8,intersect,lazy_complete,native,2,4464600,4,4,4,4,4,4,0,16,1,1,1,4,1.0,1,1
6,disjoint,shuffled,shuffled,u64,0,all,1,0,memory,7,1000,subtract,eager,production,0,725900,500,500,500,500,500,500,500,2000,1,1,1,500,1.0,1,1
6,disjoint,shuffled,shuffled,u64,0,all,1,0,memory,7,1000,subtract,eager,native,0,7111900,500,500,500,500,500,500,500,2000,1,1,1,500,1.0,1,1
6,disjoint,shuffled,shuffled,u64,0,all,1,0,memory,7,1000,subtract,eager,native,1,6479700,500,500,500,500,500,500,500,2000,1,1,1,500,1.0,1,1
6,disjoint,shuffled,shuffled,u64,0,all,1,0,memory,7,1000,subtract,eager,production,1,601800,500,500,500,500,500,500,500,2000,1,1,1,500,1.0,1,1
6,disjoint,shuffled,shuffled,u64,0,all,1,0,memory,7,1000,subtract,eager,production,2,576000,500,500,500,500,500,500,500,2000,1,1,1,500,1.0,1,1
6,disjoint,shuffled,shuffled,u64,0,all,1,0,memory,7,1000,subtract,eager,native,2,6588700,500,500,500,500,500,500,500,2000,1,1,1,500,1.0,1,1
6,disjoint,shuffled,shuffled,u64,0,all,1,0,memory,7,1000,subtract,lazy_complete,production,0,1058700,500,500,500,500,500,500,500,2000,1,1,1,500,1.0,1,1
6,disjoint,shuffled,shuffled,u64,0,all,1,0,memory,7,1000,subtract,lazy_complete,native,0,6237100,500,500,500,500,500,500,500,2000,1,1,1,500,1.0,1,1
6,disjoint,shuffled,shuffled,u64,0,all,1,0,memory,7,1000,subtract,lazy_complete,native,1,7704800,500,500,500,500,500,500,500,2000,1,1,1,500,1.0,1,1
6,disjoint,shuffled,shuffled,u64,0,all,1,0,memory,7,1000,subtract,lazy_complete,production,1,1205900,500,500,500,500,500,500,500,2000,1,1,1,500,1.0,1,1
6,disjoint,shuffled,shuffled,u64,0,all,1,0,memory,7,1000,subtract,lazy_complete,production,2,822200,500,500,500,500,500,500,500,2000,1,1,1,500,1.0,1,1
6,disjoint,shuffled,shuffled,u64,0,all,1,0,memory,7,1000,subtract,lazy_complete,native,2,6383700,500,500,500,500,500,500,500,2000,1,1,1,500,1.0,1,1
6,disjoint,shuffled,shuffled,u64,0,all,1,0,memory,7,1000,intersect,eager,production,0,717300,500,500,500,500,500,500,0,2000,1,1,1,500,1.0,1,1
6,disjoint,shuffled,shuffled,u64,0,all,1,0,memory,7,1000,intersect,eager,native,0,6240100,500,500,500,500,500,500,0,2000,1,1,1,500,1.0,1,1
6,disjoint,shuffled,shuffled,u64,0,all,1,0,memory,7,1000,intersect,eager,native,1,6447700,500,500,500,500,500,500,0,2000,1,1,1,500,1.0,1,1
6,disjoint,shuffled,shuffled,u64,0,all,1,0,memory,7,1000,intersect,eager,production,1,595400,500,500,500,500,500,500,0,2000,1,1,1,500,1.0,1,1
6,disjoint,shuffled,shuffled,u64,0,all,1,0,memory,7,1000,intersect,eager,production,2,493700,500,500,500,500,500,500,0,2000,1,1,1,500,1.0,1,1
6,disjoint,shuffled,shuffled,u64,0,all,1,0,memory,7,1000,intersect,eager,native,2,5998700,500,500,500,500,500,500,0,2000,1,1,1,500,1.0,1,1
6,disjoint,shuffled,shuffled,u64,0,all,1,0,memory,7,1000,intersect,lazy_complete,production,0,1122700,500,500,500,500,500,500,0,2000,1,1,1,500,1.0,1,1
6,disjoint,shuffled,shuffled,u64,0,all,1,0,memory,7,1000,intersect,lazy_complete,native,0,6483900,500,500,500,500,500,500,0,2000,1,1,1,500,1.0,1,1
6,disjoint,shuffled,shuffled,u64,0,all,1,0,memory,7,1000,intersect,lazy_complete,native,1,6386400,500,500,500,500,500,500,0,2000,1,1,1,500,1.0,1,1
6,disjoint,shuffled,shuffled,u64,0,all,1,0,memory,7,1000,intersect,lazy_complete,production,1,1104400,500,500,500,500,500,500,0,2000,1,1,1,500,1.0,1,1
6,disjoint,shuffled,shuffled,u64,0,all,1,0,memory,7,1000,intersect,lazy_complete,production,2,1001400,500,500,500,500,500,500,0,2000,1,1,1,500,1.0,1,1
6,disjoint,shuffled,shuffled,u64,0,all,1,0,memory,7,1000,intersect,lazy_complete,native,2,5675500,500,500,500,500,500,500,0,2000,1,1,1,500,1.0,1,1
6,disjoint,shuffled,shuffled,u64,0,all,1,0,memory,7,10000,subtract,eager,production,0,2248900,5000,5000,5000,5000,5000,5000,5000,20000,1,1,1,5000,1.0,20,20
6,disjoint,shuffled,shuffled,u64,0,all,1,0,memory,7,10000,subtract,eager,native,0,12277200,5000,5000,5000,5000,5000,5000,5000,20000,1,1,1,5000,1.0,20,20
6,disjoint,shuffled,shuffled,u64,0,all,1,0,memory,7,10000,subtract,eager,native,1,13278000,5000,5000,5000,5000,5000,5000,5000,20000,1,1,1,5000,1.0,20,20
6,disjoint,shuffled,shuffled,u64,0,all,1,0,memory,7,10000,subtract,eager,production,1,1767100,5000,5000,5000,5000,5000,5000,5000,20000,1,1,1,5000,1.0,20,20
6,disjoint,shuffled,shuffled,u64,0,all,1,0,memory,7,10000,subtract,eager,production,2,1637000,5000,5000,5000,5000,5000,5000,5000,20000,1,1,1,5000,1.0,20,20
6,disjoint,shuffled,shuffled,u64,0,all,1,0,memory,7,10000,subtract,eager,native,2,13722800,5000,5000,5000,5000,5000,5000,5000,20000,1,1,1,5000,1.0,20,20
6,disjoint,shuffled,shuffled,u64,0,all,1,0,memory,7,10000,subtract,lazy_complete,production,0,1884100,5000,5000,5000,5000,5000,5000,5000,20000,1,1,1,5000,1.0,20,20
6,disjoint,shuffled,shuffled,u64,0,all,1,0,memory,7,10000,subtract,lazy_complete,native,0,14755100,5000,5000,5000,5000,5000,5000,5000,20000,1,1,1,5000,1.0,20,20
6,disjoint,shuffled,shuffled,u64,0,all,1,0,memory,7,10000,subtract,lazy_complete,native,1,11648100,5000,5000,5000,5000,5000,5000,5000,20000,1,1,1,5000,1.0,20,20
6,disjoint,shuffled,shuffled,u64,0,all,1,0,memory,7,10000,subtract,lazy_complete,production,1,1810200,5000,5000,5000,5000,5000,5000,5000,20000,1,1,1,5000,1.0,20,20
6,disjoint,shuffled,shuffled,u64,0,all,1,0,memory,7,10000,subtract,lazy_complete,production,2,1684200,5000,5000,5000,5000,5000,5000,5000,20000,1,1,1,5000,1.0,20,20
6,disjoint,shuffled,shuffled,u64,0,all,1,0,memory,7,10000,subtract,lazy_complete,native,2,11159700,5000,5000,5000,5000,5000,5000,5000,20000,1,1,1,5000,1.0,20,20
6,disjoint,shuffled,shuffled,u64,0,all,1,0,memory,7,10000,intersect,eager,production,0,1589600,5000,5000,5000,5000,5000,5000,0,20000,1,1,1,5000,1.0,20,20
6,disjoint,shuffled,shuffled,u64,0,all,1,0,memory,7,10000,intersect,eager,native,0,10785400,5000,5000,5000,5000,5000,5000,0,20000,1,1,1,5000,1.0,20,20
6,disjoint,shuffled,shuffled,u64,0,all,1,0,memory,7,10000,intersect,eager,native,1,11180900,5000,5000,5000,5000,5000,5000,0,20000,1,1,1,5000,1.0,20,20
6,disjoint,shuffled,shuffled,u64,0,all,1,0,memory,7,10000,intersect,eager,production,1,2060400,5000,5000,5000,5000,5000,5000,0,20000,1,1,1,5000,1.0,20,20
6,disjoint,shuffled,shuffled,u64,0,all,1,0,memory,7,10000,intersect,eager,production,2,1597600,5000,5000,5000,5000,5000,5000,0,20000,1,1,1,5000,1.0,20,20
6,disjoint,shuffled,shuffled,u64,0,all,1,0,memory,7,10000,intersect,eager,native,2,10178500,5000,5000,5000,5000,5000,5000,0,20000,1,1,1,5000,1.0,20,20
6,disjoint,shuffled,shuffled,u64,0,all,1,0,memory,7,10000,intersect,lazy_complete,production,0,1815600,5000,5000,5000,5000,5000,5000,0,20000,1,1,1,5000,1.0,20,20
6,disjoint,shuffled,shuffled,u64,0,all,1,0,memory,7,10000,intersect,lazy_complete,native,0,11882000,5000,5000,5000,5000,5000,5000,0,20000,1,1,1,5000,1.0,20,20
6,disjoint,shuffled,shuffled,u64,0,all,1,0,memory,7,10000,intersect,lazy_complete,native,1,9813600,5000,5000,5000,5000,5000,5000,0,20000,1,1,1,5000,1.0,20,20
6,disjoint,shuffled,shuffled,u64,0,all,1,0,memory,7,10000,intersect,lazy_complete,production,1,2011700,5000,5000,5000,5000,5000,5000,0,20000,1,1,1,5000,1.0,20,20
6,disjoint,shuffled,shuffled,u64,0,all,1,0,memory,7,10000,intersect,lazy_complete,production,2,1511200,5000,5000,5000,5000,5000,5000,0,20000,1,1,1,5000,1.0,20,20
6,disjoint,shuffled,shuffled,u64,0,all,1,0,memory,7,10000,intersect,lazy_complete,native,2,11012000,5000,5000,5000,5000,5000,5000,0,20000,1,1,1,5000,1.0,20,20
6,disjoint,shuffled,shuffled,u64,0,all,1,0,memory,7,100000,subtract,eager,production,0,9197400,50000,50000,50000,50000,50000,50000,50000,200000,1,1,1,50000,1.0,24,24
6,disjoint,shuffled,shuffled,u64,0,all,1,0,memory,7,100000,subtract,eager,native,0,71586900,50000,50000,50000,50000,50000,50000,50000,200000,1,1,1,50000,1.0,24,24
6,disjoint,shuffled,shuffled,u64,0,all,1,0,memory,7,100000,subtract,eager,native,1,60684200,50000,50000,50000,50000,50000,50000,50000,200000,1,1,1,50000,1.0,24,24
6,disjoint,shuffled,shuffled,u64,0,all,1,0,memory,7,100000,subtract,eager,production,1,8885700,50000,50000,50000,50000,50000,50000,50000,200000,1,1,1,50000,1.0,24,24
6,disjoint,shuffled,shuffled,u64,0,all,1,0,memory,7,100000,subtract,eager,production,2,8462100,50000,50000,50000,50000,50000,50000,50000,200000,1,1,1,50000,1.0,24,24
6,disjoint,shuffled,shuffled,u64,0,all,1,0,memory,7,100000,subtract,eager,native,2,54075400,50000,50000,50000,50000,50000,50000,50000,200000,1,1,1,50000,1.0,24,24
6,disjoint,shuffled,shuffled,u64,0,all,1,0,memory,7,100000,subtract,lazy_complete,production,0,11808000,50000,50000,50000,50000,50000,50000,50000,200000,1,1,1,50000,1.0,24,24
6,disjoint,shuffled,shuffled,u64,0,all,1,0,memory,7,100000,subtract,lazy_complete,native,0,61586800,50000,50000,50000,50000,50000,50000,50000,200000,1,1,1,50000,1.0,24,24
6,disjoint,shuffled,shuffled,u64,0,all,1,0,memory,7,100000,subtract,lazy_complete,native,1,52518100,50000,50000,50000,50000,50000,50000,50000,200000,1,1,1,50000,1.0,24,24
6,disjoint,shuffled,shuffled,u64,0,all,1,0,memory,7,100000,subtract,lazy_complete,production,1,11836500,50000,50000,50000,50000,50000,50000,50000,200000,1,1,1,50000,1.0,24,24
6,disjoint,shuffled,shuffled,u64,0,all,1,0,memory,7,100000,subtract,lazy_complete,production,2,11862100,50000,50000,50000,50000,50000,50000,50000,200000,1,1,1,50000,1.0,24,24
6,disjoint,shuffled,shuffled,u64,0,all,1,0,memory,7,100000,subtract,lazy_complete,native,2,48895800,50000,50000,50000,50000,50000,50000,50000,200000,1,1,1,50000,1.0,24,24
6,disjoint,shuffled,shuffled,u64,0,all,1,0,memory,7,100000,intersect,eager,production,0,6143800,50000,50000,50000,50000,50000,50000,0,200000,1,1,1,50000,1.0,24,24
6,disjoint,shuffled,shuffled,u64,0,all,1,0,memory,7,100000,intersect,eager,native,0,32394600,50000,50000,50000,50000,50000,50000,0,200000,1,1,1,50000,1.0,24,24
6,disjoint,shuffled,shuffled,u64,0,all,1,0,memory,7,100000,intersect,eager,native,1,30882400,50000,50000,50000,50000,50000,50000,0,200000,1,1,1,50000,1.0,24,24
6,disjoint,shuffled,shuffled,u64,0,all,1,0,memory,7,100000,intersect,eager,production,1,6218700,50000,50000,50000,50000,50000,50000,0,200000,1,1,1,50000,1.0,24,24
6,disjoint,shuffled,shuffled,u64,0,all,1,0,memory,7,100000,intersect,eager,production,2,6548600,50000,50000,50000,50000,50000,50000,0,200000,1,1,1,50000,1.0,24,24
6,disjoint,shuffled,shuffled,u64,0,all,1,0,memory,7,100000,intersect,eager,native,2,28213900,50000,50000,50000,50000,50000,50000,0,200000,1,1,1,50000,1.0,24,24
6,disjoint,shuffled,shuffled,u64,0,all,1,0,memory,7,100000,intersect,lazy_complete,production,0,8495800,50000,50000,50000,50000,50000,50000,0,200000,1,1,1,50000,1.0,24,24
6,disjoint,shuffled,shuffled,u64,0,all,1,0,memory,7,100000,intersect,lazy_complete,native,0,29107200,50000,50000,50000,50000,50000,50000,0,200000,1,1,1,50000,1.0,24,24
6,disjoint,shuffled,shuffled,u64,0,all,1,0,memory,7,100000,intersect,lazy_complete,native,1,28672300,50000,50000,50000,50000,50000,50000,0,200000,1,1,1,50000,1.0,24,24
6,disjoint,shuffled,shuffled,u64,0,all,1,0,memory,7,100000,intersect,lazy_complete,production,1,8796000,50000,50000,50000,50000,50000,50000,0,200000,1,1,1,50000,1.0,24,24
6,disjoint,shuffled,shuffled,u64,0,all,1,0,memory,7,100000,intersect,lazy_complete,production,2,8509100,50000,50000,50000,50000,50000,50000,0,200000,1,1,1,50000,1.0,24,24
6,disjoint,shuffled,shuffled,u64,0,all,1,0,memory,7,100000,intersect,lazy_complete,native,2,30929100,50000,50000,50000,50000,50000,50000,0,200000,1,1,1,50000,1.0,24,24
7,left_heavy,partial,reverse,i64,0,all,7,0,memory,7,8,subtract,eager,production,0,725600,0,8,0,8,0,8,0,16,0,0,0,0,0,1,8
7,left_heavy,partial,reverse,i64,0,all,7,0,memory,7,8,subtract,eager,native,0,5211500,0,8,0,8,0,8,0,16,0,0,0,0,0,1,8
7,left_heavy,partial,reverse,i64,0,all,7,0,memory,7,8,subtract,eager,native,1,4747200,0,8,0,8,0,8,0,16,0,0,0,0,0,1,8
7,left_heavy,partial,reverse,i64,0,all,7,0,memory,7,8,subtract,eager,production,1,720700,0,8,0,8,0,8,0,16,0,0,0,0,0,1,8
7,left_heavy,partial,reverse,i64,0,all,7,0,memory,7,8,subtract,eager,production,2,471800,0,8,0,8,0,8,0,16,0,0,0,0,0,1,8
7,left_heavy,partial,reverse,i64,0,all,7,0,memory,7,8,subtract,eager,native,2,5231600,0,8,0,8,0,8,0,16,0,0,0,0,0,1,8
7,left_heavy,partial,reverse,i64,0,all,7,0,memory,7,8,subtract,lazy_complete,production,0,877000,0,8,0,8,0,8,0,16,0,0,0,0,0,1,8
7,left_heavy,partial,reverse,i64,0,all,7,0,memory,7,8,subtract,lazy_complete,native,0,4438700,0,8,0,8,0,8,0,16,0,0,0,0,0,1,8
7,left_heavy,partial,reverse,i64,0,all,7,0,memory,7,8,subtract,lazy_complete,native,1,4167500,0,8,0,8,0,8,0,16,0,0,0,0,0,1,8
7,left_heavy,partial,reverse,i64,0,all,7,0,memory,7,8,subtract,lazy_complete,production,1,878200,0,8,0,8,0,8,0,16,0,0,0,0,0,1,8
7,left_heavy,partial,reverse,i64,0,all,7,0,memory,7,8,subtract,lazy_complete,production,2,1070800,0,8,0,8,0,8,0,16,0,0,0,0,0,1,8
7,left_heavy,partial,reverse,i64,0,all,7,0,memory,7,8,subtract,lazy_complete,native,2,5671900,0,8,0,8,0,8,0,16,0,0,0,0,0,1,8
7,left_heavy,partial,reverse,i64,0,all,7,0,memory,7,8,intersect,eager,production,0,733400,0,8,0,8,0,8,0,16,0,0,0,0,0,1,8
7,left_heavy,partial,reverse,i64,0,all,7,0,memory,7,8,intersect,eager,native,0,6063100,0,8,0,8,0,8,0,16,0,0,0,0,0,1,8
7,left_heavy,partial,reverse,i64,0,all,7,0,memory,7,8,intersect,eager,native,1,6179300,0,8,0,8,0,8,0,16,0,0,0,0,0,1,8
7,left_heavy,partial,reverse,i64,0,all,7,0,memory,7,8,intersect,eager,production,1,704700,0,8,0,8,0,8,0,16,0,0,0,0,0,1,8
7,left_heavy,partial,reverse,i64,0,all,7,0,memory,7,8,intersect,eager,production,2,462200,0,8,0,8,0,8,0,16,0,0,0,0,0,1,8
7,left_heavy,partial,reverse,i64,0,all,7,0,memory,7,8,intersect,eager,native,2,5309500,0,8,0,8,0,8,0,16,0,0,0,0,0,1,8
7,left_heavy,partial,reverse,i64,0,all,7,0,memory,7,8,intersect,lazy_complete,production,0,1087800,0,8,0,8,0,8,0,16,0,0,0,0,0,1,8
7,left_heavy,partial,reverse,i64,0,all,7,0,memory,7,8,intersect,lazy_complete,native,0,4246700,0,8,0,8,0,8,0,16,0,0,0,0,0,1,8
7,left_heavy,partial,reverse,i64,0,all,7,0,memory,7,8,intersect,lazy_complete,native,1,4383300,0,8,0,8,0,8,0,16,0,0,0,0,0,1,8
7,left_heavy,partial,reverse,i64,0,all,7,0,memory,7,8,intersect,lazy_complete,production,1,1300800,0,8,0,8,0,8,0,16,0,0,0,0,0,1,8
7,left_heavy,partial,reverse,i64,0,all,7,0,memory,7,8,intersect,lazy_complete,production,2,1034300,0,8,0,8,0,8,0,16,0,0,0,0,0,1,8
7,left_heavy,partial,reverse,i64,0,all,7,0,memory,7,8,intersect,lazy_complete,native,2,6230300,0,8,0,8,0,8,0,16,0,0,0,0,0,1,8
7,left_heavy,partial,reverse,i64,0,all,7,0,memory,7,1000,subtract,eager,production,0,1198700,992,8,992,8,992,8,599,1998,1,1,1,992,1.0,11,8
7,left_heavy,partial,reverse,i64,0,all,7,0,memory,7,1000,subtract,eager,native,0,8606500,992,8,992,8,992,8,599,1998,1,1,1,992,1.0,11,8
7,left_heavy,partial,reverse,i64,0,all,7,0,memory,7,1000,subtract,eager,native,1,9071800,992,8,992,8,992,8,599,1998,1,1,1,992,1.0,11,8
7,left_heavy,partial,reverse,i64,0,all,7,0,memory,7,1000,subtract,eager,production,1,1071800,992,8,992,8,992,8,599,1998,1,1,1,992,1.0,11,8
7,left_heavy,partial,reverse,i64,0,all,7,0,memory,7,1000,subtract,eager,production,2,867700,992,8,992,8,992,8,599,1998,1,1,1,992,1.0,11,8
7,left_heavy,partial,reverse,i64,0,all,7,0,memory,7,1000,subtract,eager,native,2,8277400,992,8,992,8,992,8,599,1998,1,1,1,992,1.0,11,8
7,left_heavy,partial,reverse,i64,0,all,7,0,memory,7,1000,subtract,lazy_complete,production,0,1127600,992,8,992,8,992,8,599,1998,1,1,1,992,1.0,11,8
7,left_heavy,partial,reverse,i64,0,all,7,0,memory,7,1000,subtract,lazy_complete,native,0,6935600,992,8,992,8,992,8,599,1998,1,1,1,992,1.0,11,8
7,left_heavy,partial,reverse,i64,0,all,7,0,memory,7,1000,subtract,lazy_complete,native,1,7666400,992,8,992,8,992,8,599,1998,1,1,1,992,1.0,11,8
7,left_heavy,partial,reverse,i64,0,all,7,0,memory,7,1000,subtract,lazy_complete,production,1,1423400,992,8,992,8,992,8,599,1998,1,1,1,992,1.0,11,8
7,left_heavy,partial,reverse,i64,0,all,7,0,memory,7,1000,subtract,lazy_complete,production,2,981700,992,8,992,8,992,8,599,1998,1,1,1,992,1.0,11,8
7,left_heavy,partial,reverse,i64,0,all,7,0,memory,7,1000,subtract,lazy_complete,native,2,8467400,992,8,992,8,992,8,599,1998,1,1,1,992,1.0,11,8
7,left_heavy,partial,reverse,i64,0,all,7,0,memory,7,1000,intersect,eager,production,0,1112900,992,8,992,8,992,8,407,1998,1,1,1,992,1.0,11,8
7,left_heavy,partial,reverse,i64,0,all,7,0,memory,7,1000,intersect,eager,native,0,7987200,992,8,992,8,992,8,407,1998,1,1,1,992,1.0,11,8
7,left_heavy,partial,reverse,i64,0,all,7,0,memory,7,1000,intersect,eager,native,1,8464800,992,8,992,8,992,8,407,1998,1,1,1,992,1.0,11,8
7,left_heavy,partial,reverse,i64,0,all,7,0,memory,7,1000,intersect,eager,production,1,1124500,992,8,992,8,992,8,407,1998,1,1,1,992,1.0,11,8
7,left_heavy,partial,reverse,i64,0,all,7,0,memory,7,1000,intersect,eager,production,2,835700,992,8,992,8,992,8,407,1998,1,1,1,992,1.0,11,8
7,left_heavy,partial,reverse,i64,0,all,7,0,memory,7,1000,intersect,eager,native,2,23997800,992,8,992,8,992,8,407,1998,1,1,1,992,1.0,11,8
7,left_heavy,partial,reverse,i64,0,all,7,0,memory,7,1000,intersect,lazy_complete,production,0,1265900,992,8,992,8,992,8,407,1998,1,1,1,992,1.0,11,8
7,left_heavy,partial,reverse,i64,0,all,7,0,memory,7,1000,intersect,lazy_complete,native,0,7503900,992,8,992,8,992,8,407,1998,1,1,1,992,1.0,11,8
7,left_heavy,partial,reverse,i64,0,all,7,0,memory,7,1000,intersect,lazy_complete,native,1,6390400,992,8,992,8,992,8,407,1998,1,1,1,992,1.0,11,8
7,left_heavy,partial,reverse,i64,0,all,7,0,memory,7,1000,intersect,lazy_complete,production,1,1202300,992,8,992,8,992,8,407,1998,1,1,1,992,1.0,11,8
7,left_heavy,partial,reverse,i64,0,all,7,0,memory,7,1000,intersect,lazy_complete,production,2,980100,992,8,992,8,992,8,407,1998,1,1,1,992,1.0,11,8
7,left_heavy,partial,reverse,i64,0,all,7,0,memory,7,1000,intersect,lazy_complete,native,2,5754700,992,8,992,8,992,8,407,1998,1,1,1,992,1.0,11,8
7,left_heavy,partial,reverse,i64,0,all,7,0,memory,7,10000,subtract,eager,production,0,1424400,9992,8,9992,8,9992,8,5999,19998,1,1,1,9992,1.0,31,8
7,left_heavy,partial,reverse,i64,0,all,7,0,memory,7,10000,subtract,eager,native,0,12737400,9992,8,9992,8,9992,8,5999,19998,1,1,1,9992,1.0,31,8
7,left_heavy,partial,reverse,i64,0,all,7,0,memory,7,10000,subtract,eager,native,1,12252400,9992,8,9992,8,9992,8,5999,19998,1,1,1,9992,1.0,31,8
7,left_heavy,partial,reverse,i64,0,all,7,0,memory,7,10000,subtract,eager,production,1,1537000,9992,8,9992,8,9992,8,5999,19998,1,1,1,9992,1.0,31,8
7,left_heavy,partial,reverse,i64,0,all,7,0,memory,7,10000,subtract,eager,production,2,1349200,9992,8,9992,8,9992,8,5999,19998,1,1,1,9992,1.0,31,8
7,left_heavy,partial,reverse,i64,0,all,7,0,memory,7,10000,subtract,eager,native,2,11502300,9992,8,9992,8,9992,8,5999,19998,1,1,1,9992,1.0,31,8
7,left_heavy,partial,reverse,i64,0,all,7,0,memory,7,10000,subtract,lazy_complete,production,0,1620400,9992,8,9992,8,9992,8,5999,19998,1,1,1,9992,1.0,31,8
7,left_heavy,partial,reverse,i64,0,all,7,0,memory,7,10000,subtract,lazy_complete,native,0,12508900,9992,8,9992,8,9992,8,5999,19998,1,1,1,9992,1.0,31,8
7,left_heavy,partial,reverse,i64,0,all,7,0,memory,7,10000,subtract,lazy_complete,native,1,11751800,9992,8,9992,8,9992,8,5999,19998,1,1,1,9992,1.0,31,8
7,left_heavy,partial,reverse,i64,0,all,7,0,memory,7,10000,subtract,lazy_complete,production,1,1876300,9992,8,9992,8,9992,8,5999,19998,1,1,1,9992,1.0,31,8
7,left_heavy,partial,reverse,i64,0,all,7,0,memory,7,10000,subtract,lazy_complete,production,2,1613700,9992,8,9992,8,9992,8,5999,19998,1,1,1,9992,1.0,31,8
7,left_heavy,partial,reverse,i64,0,all,7,0,memory,7,10000,subtract,lazy_complete,native,2,11964500,9992,8,9992,8,9992,8,5999,19998,1,1,1,9992,1.0,31,8
7,left_heavy,partial,reverse,i64,0,all,7,0,memory,7,10000,intersect,eager,production,0,1810200,9992,8,9992,8,9992,8,4007,19998,1,1,1,9992,1.0,31,8
7,left_heavy,partial,reverse,i64,0,all,7,0,memory,7,10000,intersect,eager,native,0,11544300,9992,8,9992,8,9992,8,4007,19998,1,1,1,9992,1.0,31,8
7,left_heavy,partial,reverse,i64,0,all,7,0,memory,7,10000,intersect,eager,native,1,12235600,9992,8,9992,8,9992,8,4007,19998,1,1,1,9992,1.0,31,8
7,left_heavy,partial,reverse,i64,0,all,7,0,memory,7,10000,intersect,eager,production,1,1387300,9992,8,9992,8,9992,8,4007,19998,1,1,1,9992,1.0,31,8
7,left_heavy,partial,reverse,i64,0,all,7,0,memory,7,10000,intersect,eager,production,2,1330000,9992,8,9992,8,9992,8,4007,19998,1,1,1,9992,1.0,31,8
7,left_heavy,partial,reverse,i64,0,all,7,0,memory,7,10000,intersect,eager,native,2,10685000,9992,8,9992,8,9992,8,4007,19998,1,1,1,9992,1.0,31,8
7,left_heavy,partial,reverse,i64,0,all,7,0,memory,7,10000,intersect,lazy_complete,production,0,1717800,9992,8,9992,8,9992,8,4007,19998,1,1,1,9992,1.0,31,8
7,left_heavy,partial,reverse,i64,0,all,7,0,memory,7,10000,intersect,lazy_complete,native,0,10685600,9992,8,9992,8,9992,8,4007,19998,1,1,1,9992,1.0,31,8
7,left_heavy,partial,reverse,i64,0,all,7,0,memory,7,10000,intersect,lazy_complete,native,1,13532400,9992,8,9992,8,9992,8,4007,19998,1,1,1,9992,1.0,31,8
7,left_heavy,partial,reverse,i64,0,all,7,0,memory,7,10000,intersect,lazy_complete,production,1,1581400,9992,8,9992,8,9992,8,4007,19998,1,1,1,9992,1.0,31,8
7,left_heavy,partial,reverse,i64,0,all,7,0,memory,7,10000,intersect,lazy_complete,production,2,1436200,9992,8,9992,8,9992,8,4007,19998,1,1,1,9992,1.0,31,8
7,left_heavy,partial,reverse,i64,0,all,7,0,memory,7,10000,intersect,lazy_complete,native,2,11803200,9992,8,9992,8,9992,8,4007,19998,1,1,1,9992,1.0,31,8
7,left_heavy,partial,reverse,i64,0,all,7,0,memory,7,100000,subtract,eager,production,0,6389000,99992,8,99992,8,99992,8,59999,199998,1,1,1,99992,1.0,31,8
7,left_heavy,partial,reverse,i64,0,all,7,0,memory,7,100000,subtract,eager,native,0,39754500,99992,8,99992,8,99992,8,59999,199998,1,1,1,99992,1.0,31,8
7,left_heavy,partial,reverse,i64,0,all,7,0,memory,7,100000,subtract,eager,native,1,38767500,99992,8,99992,8,99992,8,59999,199998,1,1,1,99992,1.0,31,8
7,left_heavy,partial,reverse,i64,0,all,7,0,memory,7,100000,subtract,eager,production,1,5953600,99992,8,99992,8,99992,8,59999,199998,1,1,1,99992,1.0,31,8
7,left_heavy,partial,reverse,i64,0,all,7,0,memory,7,100000,subtract,eager,production,2,5752200,99992,8,99992,8,99992,8,59999,199998,1,1,1,99992,1.0,31,8
7,left_heavy,partial,reverse,i64,0,all,7,0,memory,7,100000,subtract,eager,native,2,38300900,99992,8,99992,8,99992,8,59999,199998,1,1,1,99992,1.0,31,8
7,left_heavy,partial,reverse,i64,0,all,7,0,memory,7,100000,subtract,lazy_complete,production,0,8706800,99992,8,99992,8,99992,8,59999,199998,1,1,1,99992,1.0,31,8
7,left_heavy,partial,reverse,i64,0,all,7,0,memory,7,100000,subtract,lazy_complete,native,0,42329000,99992,8,99992,8,99992,8,59999,199998,1,1,1,99992,1.0,31,8
7,left_heavy,partial,reverse,i64,0,all,7,0,memory,7,100000,subtract,lazy_complete,native,1,42551400,99992,8,99992,8,99992,8,59999,199998,1,1,1,99992,1.0,31,8
7,left_heavy,partial,reverse,i64,0,all,7,0,memory,7,100000,subtract,lazy_complete,production,1,10544900,99992,8,99992,8,99992,8,59999,199998,1,1,1,99992,1.0,31,8
7,left_heavy,partial,reverse,i64,0,all,7,0,memory,7,100000,subtract,lazy_complete,production,2,9711300,99992,8,99992,8,99992,8,59999,199998,1,1,1,99992,1.0,31,8
7,left_heavy,partial,reverse,i64,0,all,7,0,memory,7,100000,subtract,lazy_complete,native,2,39538700,99992,8,99992,8,99992,8,59999,199998,1,1,1,99992,1.0,31,8
7,left_heavy,partial,reverse,i64,0,all,7,0,memory,7,100000,intersect,eager,production,0,5901200,99992,8,99992,8,99992,8,40007,199998,1,1,1,99992,1.0,31,8
7,left_heavy,partial,reverse,i64,0,all,7,0,memory,7,100000,intersect,eager,native,0,40899200,99992,8,99992,8,99992,8,40007,199998,1,1,1,99992,1.0,31,8
7,left_heavy,partial,reverse,i64,0,all,7,0,memory,7,100000,intersect,eager,native,1,36839200,99992,8,99992,8,99992,8,40007,199998,1,1,1,99992,1.0,31,8
7,left_heavy,partial,reverse,i64,0,all,7,0,memory,7,100000,intersect,eager,production,1,5864700,99992,8,99992,8,99992,8,40007,199998,1,1,1,99992,1.0,31,8
7,left_heavy,partial,reverse,i64,0,all,7,0,memory,7,100000,intersect,eager,production,2,6914800,99992,8,99992,8,99992,8,40007,199998,1,1,1,99992,1.0,31,8
7,left_heavy,partial,reverse,i64,0,all,7,0,memory,7,100000,intersect,eager,native,2,38659900,99992,8,99992,8,99992,8,40007,199998,1,1,1,99992,1.0,31,8
7,left_heavy,partial,reverse,i64,0,all,7,0,memory,7,100000,intersect,lazy_complete,production,0,11152100,99992,8,99992,8,99992,8,40007,199998,1,1,1,99992,1.0,31,8
7,left_heavy,partial,reverse,i64,0,all,7,0,memory,7,100000,intersect,lazy_complete,native,0,51786800,99992,8,99992,8,99992,8,40007,199998,1,1,1,99992,1.0,31,8
7,left_heavy,partial,reverse,i64,0,all,7,0,memory,7,100000,intersect,lazy_complete,native,1,49402400,99992,8,99992,8,99992,8,40007,199998,1,1,1,99992,1.0,31,8
7,left_heavy,partial,reverse,i64,0,all,7,0,memory,7,100000,intersect,lazy_complete,production,1,11309600,99992,8,99992,8,99992,8,40007,199998,1,1,1,99992,1.0,31,8
7,left_heavy,partial,reverse,i64,0,all,7,0,memory,7,100000,intersect,lazy_complete,production,2,10664600,99992,8,99992,8,99992,8,40007,199998,1,1,1,99992,1.0,31,8
7,left_heavy,partial,reverse,i64,0,all,7,0,memory,7,100000,intersect,lazy_complete,native,2,53023500,99992,8,99992,8,99992,8,40007,199998,1,1,1,99992,1.0,31,8
8,right_heavy,start,shuffled,i64,0,all,7,0,memory,7,8,subtract,eager,production,0,828700,1,7,1,7,1,7,8,16,1,1,1,1,1.0,1,7
8,right_heavy,start,shuffled,i64,0,all,7,0,memory,7,8,subtract,eager,native,0,6218700,1,7,1,7,1,7,8,16,1,1,1,1,1.0,1,7
8,right_heavy,start,shuffled,i64,0,all,7,0,memory,7,8,subtract,eager,native,1,6916200,1,7,1,7,1,7,8,16,1,1,1,1,1.0,1,7
8,right_heavy,start,shuffled,i64,0,all,7,0,memory,7,8,subtract,eager,production,1,770500,1,7,1,7,1,7,8,16,1,1,1,1,1.0,1,7
8,right_heavy,start,shuffled,i64,0,all,7,0,memory,7,8,subtract,eager,production,2,674600,1,7,1,7,1,7,8,16,1,1,1,1,1.0,1,7
8,right_heavy,start,shuffled,i64,0,all,7,0,memory,7,8,subtract,eager,native,2,6813600,1,7,1,7,1,7,8,16,1,1,1,1,1.0,1,7
8,right_heavy,start,shuffled,i64,0,all,7,0,memory,7,8,subtract,lazy_complete,production,0,1287200,1,7,1,7,1,7,8,16,1,1,1,1,1.0,1,7
8,right_heavy,start,shuffled,i64,0,all,7,0,memory,7,8,subtract,lazy_complete,native,0,6226000,1,7,1,7,1,7,8,16,1,1,1,1,1.0,1,7
8,right_heavy,start,shuffled,i64,0,all,7,0,memory,7,8,subtract,lazy_complete,native,1,5469400,1,7,1,7,1,7,8,16,1,1,1,1,1.0,1,7
8,right_heavy,start,shuffled,i64,0,all,7,0,memory,7,8,subtract,lazy_complete,production,1,1258700,1,7,1,7,1,7,8,16,1,1,1,1,1.0,1,7
8,right_heavy,start,shuffled,i64,0,all,7,0,memory,7,8,subtract,lazy_complete,production,2,932000,1,7,1,7,1,7,8,16,1,1,1,1,1.0,1,7
8,right_heavy,start,shuffled,i64,0,all,7,0,memory,7,8,subtract,lazy_complete,native,2,5217900,1,7,1,7,1,7,8,16,1,1,1,1,1.0,1,7
8,right_heavy,start,shuffled,i64,0,all,7,0,memory,7,8,intersect,eager,production,0,650100,1,7,1,7,1,7,7,16,1,1,1,1,1.0,1,7
8,right_heavy,start,shuffled,i64,0,all,7,0,memory,7,8,intersect,eager,native,0,10240000,1,7,1,7,1,7,7,16,1,1,1,1,1.0,1,7
8,right_heavy,start,shuffled,i64,0,all,7,0,memory,7,8,intersect,eager,native,1,7939800,1,7,1,7,1,7,7,16,1,1,1,1,1.0,1,7
8,right_heavy,start,shuffled,i64,0,all,7,0,memory,7,8,intersect,eager,production,1,600300,1,7,1,7,1,7,7,16,1,1,1,1,1.0,1,7
8,right_heavy,start,shuffled,i64,0,all,7,0,memory,7,8,intersect,eager,production,2,584000,1,7,1,7,1,7,7,16,1,1,1,1,1.0,1,7
8,right_heavy,start,shuffled,i64,0,all,7,0,memory,7,8,intersect,eager,native,2,8088900,1,7,1,7,1,7,7,16,1,1,1,1,1.0,1,7
8,right_heavy,start,shuffled,i64,0,all,7,0,memory,7,8,intersect,lazy_complete,production,0,1361000,1,7,1,7,1,7,7,16,1,1,1,1,1.0,1,7
8,right_heavy,start,shuffled,i64,0,all,7,0,memory,7,8,intersect,lazy_complete,native,0,5876200,1,7,1,7,1,7,7,16,1,1,1,1,1.0,1,7
8,right_heavy,start,shuffled,i64,0,all,7,0,memory,7,8,intersect,lazy_complete,native,1,7714800,1,7,1,7,1,7,7,16,1,1,1,1,1.0,1,7
8,right_heavy,start,shuffled,i64,0,all,7,0,memory,7,8,intersect,lazy_complete,production,1,1482900,1,7,1,7,1,7,7,16,1,1,1,1,1.0,1,7
8,right_heavy,start,shuffled,i64,0,all,7,0,memory,7,8,intersect,lazy_complete,production,2,1135500,1,7,1,7,1,7,7,16,1,1,1,1,1.0,1,7
8,right_heavy,start,shuffled,i64,0,all,7,0,memory,7,8,intersect,lazy_complete,native,2,5726200,1,7,1,7,1,7,7,16,1,1,1,1,1.0,1,7
8,right_heavy,start,shuffled,i64,0,all,7,0,memory,7,1000,subtract,eager,production,0,1923200,1,999,1,999,1,999,1000,2000,1,1,1,1,1.0,1,11
8,right_heavy,start,shuffled,i64,0,all,7,0,memory,7,1000,subtract,eager,native,0,12331200,1,999,1,999,1,999,1000,2000,1,1,1,1,1.0,1,11
8,right_heavy,start,shuffled,i64,0,all,7,0,memory,7,1000,subtract,eager,native,1,9105900,1,999,1,999,1,999,1000,2000,1,1,1,1,1.0,1,11
8,right_heavy,start,shuffled,i64,0,all,7,0,memory,7,1000,subtract,eager,production,1,1217800,1,999,1,999,1,999,1000,2000,1,1,1,1,1.0,1,11
8,right_heavy,start,shuffled,i64,0,all,7,0,memory,7,1000,subtract,eager,production,2,809100,1,999,1,999,1,999,1000,2000,1,1,1,1,1.0,1,11
8,right_heavy,start,shuffled,i64,0,all,7,0,memory,7,1000,subtract,eager,native,2,10628700,1,999,1,999,1,999,1000,2000,1,1,1,1,1.0,1,11
8,right_heavy,start,shuffled,i64,0,all,7,0,memory,7,1000,subtract,lazy_complete,production,0,1408800,1,999,1,999,1,999,1000,2000,1,1,1,1,1.0,1,11
8,right_heavy,start,shuffled,i64,0,all,7,0,memory,7,1000,subtract,lazy_complete,native,0,10540100,1,999,1,999,1,999,1000,2000,1,1,1,1,1.0,1,11
8,right_heavy,start,shuffled,i64,0,all,7,0,memory,7,1000,subtract,lazy_complete,native,1,11296800,1,999,1,999,1,999,1000,2000,1,1,1,1,1.0,1,11
8,right_heavy,start,shuffled,i64,0,all,7,0,memory,7,1000,subtract,lazy_complete,production,1,1363500,1,999,1,999,1,999,1000,2000,1,1,1,1,1.0,1,11
8,right_heavy,start,shuffled,i64,0,all,7,0,memory,7,1000,subtract,lazy_complete,production,2,1109600,1,999,1,999,1,999,1000,2000,1,1,1,1,1.0,1,11
8,right_heavy,start,shuffled,i64,0,all,7,0,memory,7,1000,subtract,lazy_complete,native,2,15516200,1,999,1,999,1,999,1000,2000,1,1,1,1,1.0,1,11
8,right_heavy,start,shuffled,i64,0,all,7,0,memory,7,1000,intersect,eager,production,0,1642900,1,999,1,999,1,999,999,2000,1,1,1,1,1.0,1,11
8,right_heavy,start,shuffled,i64,0,all,7,0,memory,7,1000,intersect,eager,native,0,21978300,1,999,1,999,1,999,999,2000,1,1,1,1,1.0,1,11
8,right_heavy,start,shuffled,i64,0,all,7,0,memory,7,1000,intersect,eager,native,1,55988200,1,999,1,999,1,999,999,2000,1,1,1,1,1.0,1,11
8,right_heavy,start,shuffled,i64,0,all,7,0,memory,7,1000,intersect,eager,production,1,2182700,1,999,1,999,1,999,999,2000,1,1,1,1,1.0,1,11
8,right_heavy,start,shuffled,i64,0,all,7,0,memory,7,1000,intersect,eager,production,2,1496800,1,999,1,999,1,999,999,2000,1,1,1,1,1.0,1,11
8,right_heavy,start,shuffled,i64,0,all,7,0,memory,7,1000,intersect,eager,native,2,20309500,1,999,1,999,1,999,999,2000,1,1,1,1,1.0,1,11
8,right_heavy,start,shuffled,i64,0,all,7,0,memory,7,1000,intersect,lazy_complete,production,0,1876800,1,999,1,999,1,999,999,2000,1,1,1,1,1.0,1,11
8,right_heavy,start,shuffled,i64,0,all,7,0,memory,7,1000,intersect,lazy_complete,native,0,16452900,1,999,1,999,1,999,999,2000,1,1,1,1,1.0,1,11
8,right_heavy,start,shuffled,i64,0,all,7,0,memory,7,1000,intersect,lazy_complete,native,1,14325500,1,999,1,999,1,999,999,2000,1,1,1,1,1.0,1,11
8,right_heavy,start,shuffled,i64,0,all,7,0,memory,7,1000,intersect,lazy_complete,production,1,1509900,1,999,1,999,1,999,999,2000,1,1,1,1,1.0,1,11
8,right_heavy,start,shuffled,i64,0,all,7,0,memory,7,1000,intersect,lazy_complete,production,2,1065400,1,999,1,999,1,999,999,2000,1,1,1,1,1.0,1,11
8,right_heavy,start,shuffled,i64,0,all,7,0,memory,7,1000,intersect,lazy_complete,native,2,9183600,1,999,1,999,1,999,999,2000,1,1,1,1,1.0,1,11
8,right_heavy,start,shuffled,i64,0,all,7,0,memory,7,10000,subtract,eager,production,0,1981600,1,9999,1,9999,1,9999,10000,20000,1,1,1,1,1.0,1,31
8,right_heavy,start,shuffled,i64,0,all,7,0,memory,7,10000,subtract,eager,native,0,13709000,1,9999,1,9999,1,9999,10000,20000,1,1,1,1,1.0,1,31
8,right_heavy,start,shuffled,i64,0,all,7,0,memory,7,10000,subtract,eager,native,1,13785700,1,9999,1,9999,1,9999,10000,20000,1,1,1,1,1.0,1,31
8,right_heavy,start,shuffled,i64,0,all,7,0,memory,7,10000,subtract,eager,production,1,1815800,1,9999,1,9999,1,9999,10000,20000,1,1,1,1,1.0,1,31
8,right_heavy,start,shuffled,i64,0,all,7,0,memory,7,10000,subtract,eager,production,2,1406600,1,9999,1,9999,1,9999,10000,20000,1,1,1,1,1.0,1,31
8,right_heavy,start,shuffled,i64,0,all,7,0,memory,7,10000,subtract,eager,native,2,11174200,1,9999,1,9999,1,9999,10000,20000,1,1,1,1,1.0,1,31
8,right_heavy,start,shuffled,i64,0,all,7,0,memory,7,10000,subtract,lazy_complete,production,0,1547000,1,9999,1,9999,1,9999,10000,20000,1,1,1,1,1.0,1,31
8,right_heavy,start,shuffled,i64,0,all,7,0,memory,7,10000,subtract,lazy_complete,native,0,12447900,1,9999,1,9999,1,9999,10000,20000,1,1,1,1,1.0,1,31
8,right_heavy,start,shuffled,i64,0,all,7,0,memory,7,10000,subtract,lazy_complete,native,1,13524600,1,9999,1,9999,1,9999,10000,20000,1,1,1,1,1.0,1,31
8,right_heavy,start,shuffled,i64,0,all,7,0,memory,7,10000,subtract,lazy_complete,production,1,1560200,1,9999,1,9999,1,9999,10000,20000,1,1,1,1,1.0,1,31
8,right_heavy,start,shuffled,i64,0,all,7,0,memory,7,10000,subtract,lazy_complete,production,2,1255000,1,9999,1,9999,1,9999,10000,20000,1,1,1,1,1.0,1,31
8,right_heavy,start,shuffled,i64,0,all,7,0,memory,7,10000,subtract,lazy_complete,native,2,12317400,1,9999,1,9999,1,9999,10000,20000,1,1,1,1,1.0,1,31
8,right_heavy,start,shuffled,i64,0,all,7,0,memory,7,10000,intersect,eager,production,0,1367000,1,9999,1,9999,1,9999,9999,20000,1,1,1,1,1.0,1,31
8,right_heavy,start,shuffled,i64,0,all,7,0,memory,7,10000,intersect,eager,native,0,11687000,1,9999,1,9999,1,9999,9999,20000,1,1,1,1,1.0,1,31
8,right_heavy,start,shuffled,i64,0,all,7,0,memory,7,10000,intersect,eager,native,1,12053000,1,9999,1,9999,1,9999,9999,20000,1,1,1,1,1.0,1,31
8,right_heavy,start,shuffled,i64,0,all,7,0,memory,7,10000,intersect,eager,production,1,1649000,1,9999,1,9999,1,9999,9999,20000,1,1,1,1,1.0,1,31
8,right_heavy,start,shuffled,i64,0,all,7,0,memory,7,10000,intersect,eager,production,2,1160600,1,9999,1,9999,1,9999,9999,20000,1,1,1,1,1.0,1,31
8,right_heavy,start,shuffled,i64,0,all,7,0,memory,7,10000,intersect,eager,native,2,12194400,1,9999,1,9999,1,9999,9999,20000,1,1,1,1,1.0,1,31
8,right_heavy,start,shuffled,i64,0,all,7,0,memory,7,10000,intersect,lazy_complete,production,0,1532000,1,9999,1,9999,1,9999,9999,20000,1,1,1,1,1.0,1,31
8,right_heavy,start,shuffled,i64,0,all,7,0,memory,7,10000,intersect,lazy_complete,native,0,12156000,1,9999,1,9999,1,9999,9999,20000,1,1,1,1,1.0,1,31
8,right_heavy,start,shuffled,i64,0,all,7,0,memory,7,10000,intersect,lazy_complete,native,1,13667500,1,9999,1,9999,1,9999,9999,20000,1,1,1,1,1.0,1,31
8,right_heavy,start,shuffled,i64,0,all,7,0,memory,7,10000,intersect,lazy_complete,production,1,1673600,1,9999,1,9999,1,9999,9999,20000,1,1,1,1,1.0,1,31
8,right_heavy,start,shuffled,i64,0,all,7,0,memory,7,10000,intersect,lazy_complete,production,2,1588400,1,9999,1,9999,1,9999,9999,20000,1,1,1,1,1.0,1,31
8,right_heavy,start,shuffled,i64,0,all,7,0,memory,7,10000,intersect,lazy_complete,native,2,13425200,1,9999,1,9999,1,9999,9999,20000,1,1,1,1,1.0,1,31
8,right_heavy,start,shuffled,i64,0,all,7,0,memory,7,100000,subtract,eager,production,0,6724000,1,99999,1,99999,1,99999,100000,200000,1,1,1,1,1.0,1,31
8,right_heavy,start,shuffled,i64,0,all,7,0,memory,7,100000,subtract,eager,native,0,43186000,1,99999,1,99999,1,99999,100000,200000,1,1,1,1,1.0,1,31
8,right_heavy,start,shuffled,i64,0,all,7,0,memory,7,100000,subtract,eager,native,1,48818300,1,99999,1,99999,1,99999,100000,200000,1,1,1,1,1.0,1,31
8,right_heavy,start,shuffled,i64,0,all,7,0,memory,7,100000,subtract,eager,production,1,7044700,1,99999,1,99999,1,99999,100000,200000,1,1,1,1,1.0,1,31
8,right_heavy,start,shuffled,i64,0,all,7,0,memory,7,100000,subtract,eager,production,2,7265400,1,99999,1,99999,1,99999,100000,200000,1,1,1,1,1.0,1,31
8,right_heavy,start,shuffled,i64,0,all,7,0,memory,7,100000,subtract,eager,native,2,46355000,1,99999,1,99999,1,99999,100000,200000,1,1,1,1,1.0,1,31
8,right_heavy,start,shuffled,i64,0,all,7,0,memory,7,100000,subtract,lazy_complete,production,0,12507600,1,99999,1,99999,1,99999,100000,200000,1,1,1,1,1.0,1,31
8,right_heavy,start,shuffled,i64,0,all,7,0,memory,7,100000,subtract,lazy_complete,native,0,55223800,1,99999,1,99999,1,99999,100000,200000,1,1,1,1,1.0,1,31
8,right_heavy,start,shuffled,i64,0,all,7,0,memory,7,100000,subtract,lazy_complete,native,1,71547300,1,99999,1,99999,1,99999,100000,200000,1,1,1,1,1.0,1,31
8,right_heavy,start,shuffled,i64,0,all,7,0,memory,7,100000,subtract,lazy_complete,production,1,12310100,1,99999,1,99999,1,99999,100000,200000,1,1,1,1,1.0,1,31
8,right_heavy,start,shuffled,i64,0,all,7,0,memory,7,100000,subtract,lazy_complete,production,2,13154000,1,99999,1,99999,1,99999,100000,200000,1,1,1,1,1.0,1,31
8,right_heavy,start,shuffled,i64,0,all,7,0,memory,7,100000,subtract,lazy_complete,native,2,60758400,1,99999,1,99999,1,99999,100000,200000,1,1,1,1,1.0,1,31
8,right_heavy,start,shuffled,i64,0,all,7,0,memory,7,100000,intersect,eager,production,0,7604700,1,99999,1,99999,1,99999,99999,200000,1,1,1,1,1.0,1,31
8,right_heavy,start,shuffled,i64,0,all,7,0,memory,7,100000,intersect,eager,native,0,55837800,1,99999,1,99999,1,99999,99999,200000,1,1,1,1,1.0,1,31
8,right_heavy,start,shuffled,i64,0,all,7,0,memory,7,100000,intersect,eager,native,1,55166600,1,99999,1,99999,1,99999,99999,200000,1,1,1,1,1.0,1,31
8,right_heavy,start,shuffled,i64,0,all,7,0,memory,7,100000,intersect,eager,production,1,7887300,1,99999,1,99999,1,99999,99999,200000,1,1,1,1,1.0,1,31
8,right_heavy,start,shuffled,i64,0,all,7,0,memory,7,100000,intersect,eager,production,2,7338000,1,99999,1,99999,1,99999,99999,200000,1,1,1,1,1.0,1,31
8,right_heavy,start,shuffled,i64,0,all,7,0,memory,7,100000,intersect,eager,native,2,58433900,1,99999,1,99999,1,99999,99999,200000,1,1,1,1,1.0,1,31
8,right_heavy,start,shuffled,i64,0,all,7,0,memory,7,100000,intersect,lazy_complete,production,0,11764800,1,99999,1,99999,1,99999,99999,200000,1,1,1,1,1.0,1,31
8,right_heavy,start,shuffled,i64,0,all,7,0,memory,7,100000,intersect,lazy_complete,native,0,55297300,1,99999,1,99999,1,99999,99999,200000,1,1,1,1,1.0,1,31
8,right_heavy,start,shuffled,i64,0,all,7,0,memory,7,100000,intersect,lazy_complete,native,1,42200400,1,99999,1,99999,1,99999,99999,200000,1,1,1,1,1.0,1,31
8,right_heavy,start,shuffled,i64,0,all,7,0,memory,7,100000,intersect,lazy_complete,production,1,9445600,1,99999,1,99999,1,99999,99999,200000,1,1,1,1,1.0,1,31
8,right_heavy,start,shuffled,i64,0,all,7,0,memory,7,100000,intersect,lazy_complete,production,2,9148200,1,99999,1,99999,1,99999,99999,200000,1,1,1,1,1.0,1,31
8,right_heavy,start,shuffled,i64,0,all,7,0,memory,7,100000,intersect,lazy_complete,native,2,42511500,1,99999,1,99999,1,99999,99999,200000,1,1,1,1,1.0,1,31
9,empty_right,shuffled,start,i64,0,all,1,0,memory,7,8,subtract,eager,production,0,465200,8,0,8,0,8,0,8,16,1,0,0,8,1.0,1,1
9,empty_right,shuffled,start,i64,0,all,1,0,memory,7,8,subtract,eager,native,0,4756300,8,0,8,0,8,0,8,16,1,0,0,8,1.0,1,1
9,empty_right,shuffled,start,i64,0,all,1,0,memory,7,8,subtract,eager,native,1,5118000,8,0,8,0,8,0,8,16,1,0,0,8,1.0,1,1
9,empty_right,shuffled,start,i64,0,all,1,0,memory,7,8,subtract,eager,production,1,570900,8,0,8,0,8,0,8,16,1,0,0,8,1.0,1,1
9,empty_right,shuffled,start,i64,0,all,1,0,memory,7,8,subtract,eager,production,2,402500,8,0,8,0,8,0,8,16,1,0,0,8,1.0,1,1
9,empty_right,shuffled,start,i64,0,all,1,0,memory,7,8,subtract,eager,native,2,4932300,8,0,8,0,8,0,8,16,1,0,0,8,1.0,1,1
9,empty_right,shuffled,start,i64,0,all,1,0,memory,7,8,subtract,lazy_complete,production,0,733700,8,0,8,0,8,0,8,16,1,0,0,8,1.0,1,1
9,empty_right,shuffled,start,i64,0,all,1,0,memory,7,8,subtract,lazy_complete,native,0,4893400,8,0,8,0,8,0,8,16,1,0,0,8,1.0,1,1
9,empty_right,shuffled,start,i64,0,all,1,0,memory,7,8,subtract,lazy_complete,native,1,5631000,8,0,8,0,8,0,8,16,1,0,0,8,1.0,1,1
9,empty_right,shuffled,start,i64,0,all,1,0,memory,7,8,subtract,lazy_complete,production,1,991200,8,0,8,0,8,0,8,16,1,0,0,8,1.0,1,1
9,empty_right,shuffled,start,i64,0,all,1,0,memory,7,8,subtract,lazy_complete,production,2,815000,8,0,8,0,8,0,8,16,1,0,0,8,1.0,1,1
9,empty_right,shuffled,start,i64,0,all,1,0,memory,7,8,subtract,lazy_complete,native,2,4834500,8,0,8,0,8,0,8,16,1,0,0,8,1.0,1,1
9,empty_right,shuffled,start,i64,0,all,1,0,memory,7,8,intersect,eager,production,0,478500,8,0,8,0,8,0,0,16,1,0,0,8,1.0,1,1
9,empty_right,shuffled,start,i64,0,all,1,0,memory,7,8,intersect,eager,native,0,4466600,8,0,8,0,8,0,0,16,1,0,0,8,1.0,1,1
9,empty_right,shuffled,start,i64,0,all,1,0,memory,7,8,intersect,eager,native,1,4490800,8,0,8,0,8,0,0,16,1,0,0,8,1.0,1,1
9,empty_right,shuffled,start,i64,0,all,1,0,memory,7,8,intersect,eager,production,1,749700,8,0,8,0,8,0,0,16,1,0,0,8,1.0,1,1
9,empty_right,shuffled,start,i64,0,all,1,0,memory,7,8,intersect,eager,production,2,534600,8,0,8,0,8,0,0,16,1,0,0,8,1.0,1,1
9,empty_right,shuffled,start,i64,0,all,1,0,memory,7,8,intersect,eager,native,2,5204300,8,0,8,0,8,0,0,16,1,0,0,8,1.0,1,1
9,empty_right,shuffled,start,i64,0,all,1,0,memory,7,8,intersect,lazy_complete,production,0,818900,8,0,8,0,8,0,0,16,1,0,0,8,1.0,1,1
9,empty_right,shuffled,start,i64,0,all,1,0,memory,7,8,intersect,lazy_complete,native,0,5474100,8,0,8,0,8,0,0,16,1,0,0,8,1.0,1,1
9,empty_right,shuffled,start,i64,0,all,1,0,memory,7,8,intersect,lazy_complete,native,1,5183500,8,0,8,0,8,0,0,16,1,0,0,8,1.0,1,1
9,empty_right,shuffled,start,i64,0,all,1,0,memory,7,8,intersect,lazy_complete,production,1,1083000,8,0,8,0,8,0,0,16,1,0,0,8,1.0,1,1
9,empty_right,shuffled,start,i64,0,all,1,0,memory,7,8,intersect,lazy_complete,production,2,731000,8,0,8,0,8,0,0,16,1,0,0,8,1.0,1,1
9,empty_right,shuffled,start,i64,0,all,1,0,memory,7,8,intersect,lazy_complete,native,2,4411700,8,0,8,0,8,0,0,16,1,0,0,8,1.0,1,1
9,empty_right,shuffled,start,i64,0,all,1,0,memory,7,1000,subtract,eager,production,0,892800,1000,0,1000,0,1000,0,1000,2000,1,0,0,1000,1.0,4,1
9,empty_right,shuffled,start,i64,0,all,1,0,memory,7,1000,subtract,eager,native,0,8061900,1000,0,1000,0,1000,0,1000,2000,1,0,0,1000,1.0,4,1
9,empty_right,shuffled,start,i64,0,all,1,0,memory,7,1000,subtract,eager,native,1,9376000,1000,0,1000,0,1000,0,1000,2000,1,0,0,1000,1.0,4,1
9,empty_right,shuffled,start,i64,0,all,1,0,memory,7,1000,subtract,eager,production,1,818300,1000,0,1000,0,1000,0,1000,2000,1,0,0,1000,1.0,4,1
9,empty_right,shuffled,start,i64,0,all,1,0,memory,7,1000,subtract,eager,production,2,638200,1000,0,1000,0,1000,0,1000,2000,1,0,0,1000,1.0,4,1
9,empty_right,shuffled,start,i64,0,all,1,0,memory,7,1000,subtract,eager,native,2,7773400,1000,0,1000,0,1000,0,1000,2000,1,0,0,1000,1.0,4,1
9,empty_right,shuffled,start,i64,0,all,1,0,memory,7,1000,subtract,lazy_complete,production,0,931300,1000,0,1000,0,1000,0,1000,2000,1,0,0,1000,1.0,4,1
9,empty_right,shuffled,start,i64,0,all,1,0,memory,7,1000,subtract,lazy_complete,native,0,6505600,1000,0,1000,0,1000,0,1000,2000,1,0,0,1000,1.0,4,1
9,empty_right,shuffled,start,i64,0,all,1,0,memory,7,1000,subtract,lazy_complete,native,1,7761500,1000,0,1000,0,1000,0,1000,2000,1,0,0,1000,1.0,4,1
9,empty_right,shuffled,start,i64,0,all,1,0,memory,7,1000,subtract,lazy_complete,production,1,1129200,1000,0,1000,0,1000,0,1000,2000,1,0,0,1000,1.0,4,1
9,empty_right,shuffled,start,i64,0,all,1,0,memory,7,1000,subtract,lazy_complete,production,2,775800,1000,0,1000,0,1000,0,1000,2000,1,0,0,1000,1.0,4,1
9,empty_right,shuffled,start,i64,0,all,1,0,memory,7,1000,subtract,lazy_complete,native,2,7023400,1000,0,1000,0,1000,0,1000,2000,1,0,0,1000,1.0,4,1
9,empty_right,shuffled,start,i64,0,all,1,0,memory,7,1000,intersect,eager,production,0,769500,1000,0,1000,0,1000,0,0,2000,1,0,0,1000,1.0,4,1
9,empty_right,shuffled,start,i64,0,all,1,0,memory,7,1000,intersect,eager,native,0,6802500,1000,0,1000,0,1000,0,0,2000,1,0,0,1000,1.0,4,1
9,empty_right,shuffled,start,i64,0,all,1,0,memory,7,1000,intersect,eager,native,1,8091400,1000,0,1000,0,1000,0,0,2000,1,0,0,1000,1.0,4,1
9,empty_right,shuffled,start,i64,0,all,1,0,memory,7,1000,intersect,eager,production,1,1001100,1000,0,1000,0,1000,0,0,2000,1,0,0,1000,1.0,4,1
9,empty_right,shuffled,start,i64,0,all,1,0,memory,7,1000,intersect,eager,production,2,745800,1000,0,1000,0,1000,0,0,2000,1,0,0,1000,1.0,4,1
9,empty_right,shuffled,start,i64,0,all,1,0,memory,7,1000,intersect,eager,native,2,7817600,1000,0,1000,0,1000,0,0,2000,1,0,0,1000,1.0,4,1
9,empty_right,shuffled,start,i64,0,all,1,0,memory,7,1000,intersect,lazy_complete,production,0,1076000,1000,0,1000,0,1000,0,0,2000,1,0,0,1000,1.0,4,1
9,empty_right,shuffled,start,i64,0,all,1,0,memory,7,1000,intersect,lazy_complete,native,0,7237200,1000,0,1000,0,1000,0,0,2000,1,0,0,1000,1.0,4,1
9,empty_right,shuffled,start,i64,0,all,1,0,memory,7,1000,intersect,lazy_complete,native,1,6373200,1000,0,1000,0,1000,0,0,2000,1,0,0,1000,1.0,4,1
9,empty_right,shuffled,start,i64,0,all,1,0,memory,7,1000,intersect,lazy_complete,production,1,1132000,1000,0,1000,0,1000,0,0,2000,1,0,0,1000,1.0,4,1
9,empty_right,shuffled,start,i64,0,all,1,0,memory,7,1000,intersect,lazy_complete,production,2,1053600,1000,0,1000,0,1000,0,0,2000,1,0,0,1000,1.0,4,1
9,empty_right,shuffled,start,i64,0,all,1,0,memory,7,1000,intersect,lazy_complete,native,2,5988100,1000,0,1000,0,1000,0,0,2000,1,0,0,1000,1.0,4,1
9,empty_right,shuffled,start,i64,0,all,1,0,memory,7,10000,subtract,eager,production,0,1242600,10000,0,10000,0,10000,0,10000,20000,1,0,0,10000,1.0,24,1
9,empty_right,shuffled,start,i64,0,all,1,0,memory,7,10000,subtract,eager,native,0,15795000,10000,0,10000,0,10000,0,10000,20000,1,0,0,10000,1.0,24,1
9,empty_right,shuffled,start,i64,0,all,1,0,memory,7,10000,subtract,eager,native,1,16746500,10000,0,10000,0,10000,0,10000,20000,1,0,0,10000,1.0,24,1
9,empty_right,shuffled,start,i64,0,all,1,0,memory,7,10000,subtract,eager,production,1,1653400,10000,0,10000,0,10000,0,10000,20000,1,0,0,10000,1.0,24,1
9,empty_right,shuffled,start,i64,0,all,1,0,memory,7,10000,subtract,eager,production,2,1339400,10000,0,10000,0,10000,0,10000,20000,1,0,0,10000,1.0,24,1
9,empty_right,shuffled,start,i64,0,all,1,0,memory,7,10000,subtract,eager,native,2,17094100,10000,0,10000,0,10000,0,10000,20000,1,0,0,10000,1.0,24,1
9,empty_right,shuffled,start,i64,0,all,1,0,memory,7,10000,subtract,lazy_complete,production,0,2338000,10000,0,10000,0,10000,0,10000,20000,1,0,0,10000,1.0,24,1
9,empty_right,shuffled,start,i64,0,all,1,0,memory,7,10000,subtract,lazy_complete,native,0,19313600,10000,0,10000,0,10000,0,10000,20000,1,0,0,10000,1.0,24,1
9,empty_right,shuffled,start,i64,0,all,1,0,memory,7,10000,subtract,lazy_complete,native,1,18041500,10000,0,10000,0,10000,0,10000,20000,1,0,0,10000,1.0,24,1
9,empty_right,shuffled,start,i64,0,all,1,0,memory,7,10000,subtract,lazy_complete,production,1,2353600,10000,0,10000,0,10000,0,10000,20000,1,0,0,10000,1.0,24,1
9,empty_right,shuffled,start,i64,0,all,1,0,memory,7,10000,subtract,lazy_complete,production,2,1614600,10000,0,10000,0,10000,0,10000,20000,1,0,0,10000,1.0,24,1
9,empty_right,shuffled,start,i64,0,all,1,0,memory,7,10000,subtract,lazy_complete,native,2,18888200,10000,0,10000,0,10000,0,10000,20000,1,0,0,10000,1.0,24,1
9,empty_right,shuffled,start,i64,0,all,1,0,memory,7,10000,intersect,eager,production,0,1363600,10000,0,10000,0,10000,0,0,20000,1,0,0,10000,1.0,24,1
9,empty_right,shuffled,start,i64,0,all,1,0,memory,7,10000,intersect,eager,native,0,17865800,10000,0,10000,0,10000,0,0,20000,1,0,0,10000,1.0,24,1
9,empty_right,shuffled,start,i64,0,all,1,0,memory,7,10000,intersect,eager,native,1,19349200,10000,0,10000,0,10000,0,0,20000,1,0,0,10000,1.0,24,1
9,empty_right,shuffled,start,i64,0,all,1,0,memory,7,10000,intersect,eager,production,1,2100800,10000,0,10000,0,10000,0,0,20000,1,0,0,10000,1.0,24,1
9,empty_right,shuffled,start,i64,0,all,1,0,memory,7,10000,intersect,eager,production,2,1456400,10000,0,10000,0,10000,0,0,20000,1,0,0,10000,1.0,24,1
9,empty_right,shuffled,start,i64,0,all,1,0,memory,7,10000,intersect,eager,native,2,15117200,10000,0,10000,0,10000,0,0,20000,1,0,0,10000,1.0,24,1
9,empty_right,shuffled,start,i64,0,all,1,0,memory,7,10000,intersect,lazy_complete,production,0,1544800,10000,0,10000,0,10000,0,0,20000,1,0,0,10000,1.0,24,1
9,empty_right,shuffled,start,i64,0,all,1,0,memory,7,10000,intersect,lazy_complete,native,0,17076600,10000,0,10000,0,10000,0,0,20000,1,0,0,10000,1.0,24,1
9,empty_right,shuffled,start,i64,0,all,1,0,memory,7,10000,intersect,lazy_complete,native,1,15172700,10000,0,10000,0,10000,0,0,20000,1,0,0,10000,1.0,24,1
9,empty_right,shuffled,start,i64,0,all,1,0,memory,7,10000,intersect,lazy_complete,production,1,1931100,10000,0,10000,0,10000,0,0,20000,1,0,0,10000,1.0,24,1
9,empty_right,shuffled,start,i64,0,all,1,0,memory,7,10000,intersect,lazy_complete,production,2,1932600,10000,0,10000,0,10000,0,0,20000,1,0,0,10000,1.0,24,1
9,empty_right,shuffled,start,i64,0,all,1,0,memory,7,10000,intersect,lazy_complete,native,2,18065600,10000,0,10000,0,10000,0,0,20000,1,0,0,10000,1.0,24,1
9,empty_right,shuffled,start,i64,0,all,1,0,memory,7,100000,subtract,eager,production,0,6742300,100000,0,100000,0,100000,0,100000,200000,1,0,0,100000,1.0,24,1
9,empty_right,shuffled,start,i64,0,all,1,0,memory,7,100000,subtract,eager,native,0,54765900,100000,0,100000,0,100000,0,100000,200000,1,0,0,100000,1.0,24,1
9,empty_right,shuffled,start,i64,0,all,1,0,memory,7,100000,subtract,eager,native,1,65533100,100000,0,100000,0,100000,0,100000,200000,1,0,0,100000,1.0,24,1
9,empty_right,shuffled,start,i64,0,all,1,0,memory,7,100000,subtract,eager,production,1,7309200,100000,0,100000,0,100000,0,100000,200000,1,0,0,100000,1.0,24,1
9,empty_right,shuffled,start,i64,0,all,1,0,memory,7,100000,subtract,eager,production,2,7526200,100000,0,100000,0,100000,0,100000,200000,1,0,0,100000,1.0,24,1
9,empty_right,shuffled,start,i64,0,all,1,0,memory,7,100000,subtract,eager,native,2,60559500,100000,0,100000,0,100000,0,100000,200000,1,0,0,100000,1.0,24,1
9,empty_right,shuffled,start,i64,0,all,1,0,memory,7,100000,subtract,lazy_complete,production,0,9342700,100000,0,100000,0,100000,0,100000,200000,1,0,0,100000,1.0,24,1
9,empty_right,shuffled,start,i64,0,all,1,0,memory,7,100000,subtract,lazy_complete,native,0,52090700,100000,0,100000,0,100000,0,100000,200000,1,0,0,100000,1.0,24,1
9,empty_right,shuffled,start,i64,0,all,1,0,memory,7,100000,subtract,lazy_complete,native,1,53279700,100000,0,100000,0,100000,0,100000,200000,1,0,0,100000,1.0,24,1
9,empty_right,shuffled,start,i64,0,all,1,0,memory,7,100000,subtract,lazy_complete,production,1,9925800,100000,0,100000,0,100000,0,100000,200000,1,0,0,100000,1.0,24,1
9,empty_right,shuffled,start,i64,0,all,1,0,memory,7,100000,subtract,lazy_complete,production,2,9196600,100000,0,100000,0,100000,0,100000,200000,1,0,0,100000,1.0,24,1
9,empty_right,shuffled,start,i64,0,all,1,0,memory,7,100000,subtract,lazy_complete,native,2,53256900,100000,0,100000,0,100000,0,100000,200000,1,0,0,100000,1.0,24,1
9,empty_right,shuffled,start,i64,0,all,1,0,memory,7,100000,intersect,eager,production,0,1531500,100000,0,100000,0,100000,0,0,200000,1,0,0,100000,1.0,24,1
9,empty_right,shuffled,start,i64,0,all,1,0,memory,7,100000,intersect,eager,native,0,43577600,100000,0,100000,0,100000,0,0,200000,1,0,0,100000,1.0,24,1
9,empty_right,shuffled,start,i64,0,all,1,0,memory,7,100000,intersect,eager,native,1,45523400,100000,0,100000,0,100000,0,0,200000,1,0,0,100000,1.0,24,1
9,empty_right,shuffled,start,i64,0,all,1,0,memory,7,100000,intersect,eager,production,1,1398400,100000,0,100000,0,100000,0,0,200000,1,0,0,100000,1.0,24,1
9,empty_right,shuffled,start,i64,0,all,1,0,memory,7,100000,intersect,eager,production,2,2560600,100000,0,100000,0,100000,0,0,200000,1,0,0,100000,1.0,24,1
9,empty_right,shuffled,start,i64,0,all,1,0,memory,7,100000,intersect,eager,native,2,41984300,100000,0,100000,0,100000,0,0,200000,1,0,0,100000,1.0,24,1
9,empty_right,shuffled,start,i64,0,all,1,0,memory,7,100000,intersect,lazy_complete,production,0,4719800,100000,0,100000,0,100000,0,0,200000,1,0,0,100000,1.0,24,1
9,empty_right,shuffled,start,i64,0,all,1,0,memory,7,100000,intersect,lazy_complete,native,0,43467700,100000,0,100000,0,100000,0,0,200000,1,0,0,100000,1.0,24,1
9,empty_right,shuffled,start,i64,0,all,1,0,memory,7,100000,intersect,lazy_complete,native,1,42263700,100000,0,100000,0,100000,0,0,200000,1,0,0,100000,1.0,24,1
9,empty_right,shuffled,start,i64,0,all,1,0,memory,7,100000,intersect,lazy_complete,production,1,4918400,100000,0,100000,0,100000,0,0,200000,1,0,0,100000,1.0,24,1
9,empty_right,shuffled,start,i64,0,all,1,0,memory,7,100000,intersect,lazy_complete,production,2,4445800,100000,0,100000,0,100000,0,0,200000,1,0,0,100000,1.0,24,1
9,empty_right,shuffled,start,i64,0,all,1,0,memory,7,100000,intersect,lazy_complete,native,2,42267700,100000,0,100000,0,100000,0,0,200000,1,0,0,100000,1.0,24,1
10,availability,shuffled,reverse,datetime_ns,1000,all,7,0,memory,7,8,subtract,eager,production,0,941300,4,4,4,4,4,4,8,16,4,4,1.0,1,0.25,4,4
10,availability,shuffled,reverse,datetime_ns,1000,all,7,0,memory,7,8,subtract,eager,native,0,6217200,4,4,4,4,4,4,8,16,4,4,1.0,1,0.25,4,4
10,availability,shuffled,reverse,datetime_ns,1000,all,7,0,memory,7,8,subtract,eager,native,1,7108900,4,4,4,4,4,4,8,16,4,4,1.0,1,0.25,4,4
10,availability,shuffled,reverse,datetime_ns,1000,all,7,0,memory,7,8,subtract,eager,production,1,696300,4,4,4,4,4,4,8,16,4,4,1.0,1,0.25,4,4
10,availability,shuffled,reverse,datetime_ns,1000,all,7,0,memory,7,8,subtract,eager,production,2,795300,4,4,4,4,4,4,8,16,4,4,1.0,1,0.25,4,4
10,availability,shuffled,reverse,datetime_ns,1000,all,7,0,memory,7,8,subtract,eager,native,2,6169100,4,4,4,4,4,4,8,16,4,4,1.0,1,0.25,4,4
10,availability,shuffled,reverse,datetime_ns,1000,all,7,0,memory,7,8,subtract,lazy_complete,production,0,1111600,4,4,4,4,4,4,8,16,4,4,1.0,1,0.25,4,4
10,availability,shuffled,reverse,datetime_ns,1000,all,7,0,memory,7,8,subtract,lazy_complete,native,0,6161600,4,4,4,4,4,4,8,16,4,4,1.0,1,0.25,4,4
10,availability,shuffled,reverse,datetime_ns,1000,all,7,0,memory,7,8,subtract,lazy_complete,native,1,5832900,4,4,4,4,4,4,8,16,4,4,1.0,1,0.25,4,4
10,availability,shuffled,reverse,datetime_ns,1000,all,7,0,memory,7,8,subtract,lazy_complete,production,1,1243800,4,4,4,4,4,4,8,16,4,4,1.0,1,0.25,4,4
10,availability,shuffled,reverse,datetime_ns,1000,all,7,0,memory,7,8,subtract,lazy_complete,production,2,1201200,4,4,4,4,4,4,8,16,4,4,1.0,1,0.25,4,4
10,availability,shuffled,reverse,datetime_ns,1000,all,7,0,memory,7,8,subtract,lazy_complete,native,2,5732700,4,4,4,4,4,4,8,16,4,4,1.0,1,0.25,4,4
10,availability,shuffled,reverse,datetime_ns,1000,all,7,0,memory,7,8,intersect,eager,production,0,931100,4,4,4,4,4,4,4,16,4,4,1.0,1,0.25,4,4
10,availability,shuffled,reverse,datetime_ns,1000,all,7,0,memory,7,8,intersect,eager,native,0,6336700,4,4,4,4,4,4,4,16,4,4,1.0,1,0.25,4,4
10,availability,shuffled,reverse,datetime_ns,1000,all,7,0,memory,7,8,intersect,eager,native,1,6092800,4,4,4,4,4,4,4,16,4,4,1.0,1,0.25,4,4
10,availability,shuffled,reverse,datetime_ns,1000,all,7,0,memory,7,8,intersect,eager,production,1,755500,4,4,4,4,4,4,4,16,4,4,1.0,1,0.25,4,4
10,availability,shuffled,reverse,datetime_ns,1000,all,7,0,memory,7,8,intersect,eager,production,2,668000,4,4,4,4,4,4,4,16,4,4,1.0,1,0.25,4,4
10,availability,shuffled,reverse,datetime_ns,1000,all,7,0,memory,7,8,intersect,eager,native,2,5784100,4,4,4,4,4,4,4,16,4,4,1.0,1,0.25,4,4
10,availability,shuffled,reverse,datetime_ns,1000,all,7,0,memory,7,8,intersect,lazy_complete,production,0,1471700,4,4,4,4,4,4,4,16,4,4,1.0,1,0.25,4,4
10,availability,shuffled,reverse,datetime_ns,1000,all,7,0,memory,7,8,intersect,lazy_complete,native,0,6864600,4,4,4,4,4,4,4,16,4,4,1.0,1,0.25,4,4
10,availability,shuffled,reverse,datetime_ns,1000,all,7,0,memory,7,8,intersect,lazy_complete,native,1,6648200,4,4,4,4,4,4,4,16,4,4,1.0,1,0.25,4,4
10,availability,shuffled,reverse,datetime_ns,1000,all,7,0,memory,7,8,intersect,lazy_complete,production,1,1179500,4,4,4,4,4,4,4,16,4,4,1.0,1,0.25,4,4
10,availability,shuffled,reverse,datetime_ns,1000,all,7,0,memory,7,8,intersect,lazy_complete,production,2,1055200,4,4,4,4,4,4,4,16,4,4,1.0,1,0.25,4,4
10,availability,shuffled,reverse,datetime_ns,1000,all,7,0,memory,7,8,intersect,lazy_complete,native,2,6022500,4,4,4,4,4,4,4,16,4,4,1.0,1,0.25,4,4
10,availability,shuffled,reverse,datetime_ns,1000,all,7,0,memory,7,1000,subtract,eager,production,0,1508200,500,500,500,500,500,500,1000,2000,474,474,1.0,27,0.054,8,8
10,availability,shuffled,reverse,datetime_ns,1000,all,7,0,memory,7,1000,subtract,eager,native,0,15042700,500,500,500,500,500,500,1000,2000,474,474,1.0,27,0.054,8,8
10,availability,shuffled,reverse,datetime_ns,1000,all,7,0,memory,7,1000,subtract,eager,native,1,12260100,500,500,500,500,500,500,1000,2000,474,474,1.0,27,0.054,8,8
10,availability,shuffled,reverse,datetime_ns,1000,all,7,0,memory,7,1000,subtract,eager,production,1,1690800,500,500,500,500,500,500,1000,2000,474,474,1.0,27,0.054,8,8
10,availability,shuffled,reverse,datetime_ns,1000,all,7,0,memory,7,1000,subtract,eager,production,2,1491300,500,500,500,500,500,500,1000,2000,474,474,1.0,27,0.054,8,8
10,availability,shuffled,reverse,datetime_ns,1000,all,7,0,memory,7,1000,subtract,eager,native,2,23939200,500,500,500,500,500,500,1000,2000,474,474,1.0,27,0.054,8,8
10,availability,shuffled,reverse,datetime_ns,1000,all,7,0,memory,7,1000,subtract,lazy_complete,production,0,1766700,500,500,500,500,500,500,1000,2000,474,474,1.0,27,0.054,8,8
10,availability,shuffled,reverse,datetime_ns,1000,all,7,0,memory,7,1000,subtract,lazy_complete,native,0,14719800,500,500,500,500,500,500,1000,2000,474,474,1.0,27,0.054,8,8
10,availability,shuffled,reverse,datetime_ns,1000,all,7,0,memory,7,1000,subtract,lazy_complete,native,1,12340500,500,500,500,500,500,500,1000,2000,474,474,1.0,27,0.054,8,8
10,availability,shuffled,reverse,datetime_ns,1000,all,7,0,memory,7,1000,subtract,lazy_complete,production,1,1459300,500,500,500,500,500,500,1000,2000,474,474,1.0,27,0.054,8,8
10,availability,shuffled,reverse,datetime_ns,1000,all,7,0,memory,7,1000,subtract,lazy_complete,production,2,1314000,500,500,500,500,500,500,1000,2000,474,474,1.0,27,0.054,8,8
10,availability,shuffled,reverse,datetime_ns,1000,all,7,0,memory,7,1000,subtract,lazy_complete,native,2,13947100,500,500,500,500,500,500,1000,2000,474,474,1.0,27,0.054,8,8
10,availability,shuffled,reverse,datetime_ns,1000,all,7,0,memory,7,1000,intersect,eager,production,0,1470200,500,500,500,500,500,500,500,2000,474,474,1.0,27,0.054,8,8
10,availability,shuffled,reverse,datetime_ns,1000,all,7,0,memory,7,1000,intersect,eager,native,0,13224800,500,500,500,500,500,500,500,2000,474,474,1.0,27,0.054,8,8
10,availability,shuffled,reverse,datetime_ns,1000,all,7,0,memory,7,1000,intersect,eager,native,1,13945600,500,500,500,500,500,500,500,2000,474,474,1.0,27,0.054,8,8
10,availability,shuffled,reverse,datetime_ns,1000,all,7,0,memory,7,1000,intersect,eager,production,1,1575500,500,500,500,500,500,500,500,2000,474,474,1.0,27,0.054,8,8
10,availability,shuffled,reverse,datetime_ns,1000,all,7,0,memory,7,1000,intersect,eager,production,2,1594900,500,500,500,500,500,500,500,2000,474,474,1.0,27,0.054,8,8
10,availability,shuffled,reverse,datetime_ns,1000,all,7,0,memory,7,1000,intersect,eager,native,2,14468500,500,500,500,500,500,500,500,2000,474,474,1.0,27,0.054,8,8
10,availability,shuffled,reverse,datetime_ns,1000,all,7,0,memory,7,1000,intersect,lazy_complete,production,0,1900300,500,500,500,500,500,500,500,2000,474,474,1.0,27,0.054,8,8
10,availability,shuffled,reverse,datetime_ns,1000,all,7,0,memory,7,1000,intersect,lazy_complete,native,0,25599400,500,500,500,500,500,500,500,2000,474,474,1.0,27,0.054,8,8
10,availability,shuffled,reverse,datetime_ns,1000,all,7,0,memory,7,1000,intersect,lazy_complete,native,1,22355700,500,500,500,500,500,500,500,2000,474,474,1.0,27,0.054,8,8
10,availability,shuffled,reverse,datetime_ns,1000,all,7,0,memory,7,1000,intersect,lazy_complete,production,1,2404700,500,500,500,500,500,500,500,2000,474,474,1.0,27,0.054,8,8
10,availability,shuffled,reverse,datetime_ns,1000,all,7,0,memory,7,1000,intersect,lazy_complete,production,2,2036000,500,500,500,500,500,500,500,2000,474,474,1.0,27,0.054,8,8
10,availability,shuffled,reverse,datetime_ns,1000,all,7,0,memory,7,1000,intersect,lazy_complete,native,2,16881700,500,500,500,500,500,500,500,2000,474,474,1.0,27,0.054,8,8
10,availability,shuffled,reverse,datetime_ns,1000,all,7,0,memory,7,10000,subtract,eager,production,0,5009700,5000,5000,5000,5000,5000,5000,10000,20000,1001,1001,1.0,264,0.0528,27,8
10,availability,shuffled,reverse,datetime_ns,1000,all,7,0,memory,7,10000,subtract,eager,native,0,31981000,5000,5000,5000,5000,5000,5000,10000,20000,1001,1001,1.0,264,0.0528,27,8
10,availability,shuffled,reverse,datetime_ns,1000,all,7,0,memory,7,10000,subtract,eager,native,1,35130400,5000,5000,5000,5000,5000,5000,10000,20000,1001,1001,1.0,264,0.0528,27,8
10,availability,shuffled,reverse,datetime_ns,1000,all,7,0,memory,7,10000,subtract,eager,production,1,5502900,5000,5000,5000,5000,5000,5000,10000,20000,1001,1001,1.0,264,0.0528,27,8
10,availability,shuffled,reverse,datetime_ns,1000,all,7,0,memory,7,10000,subtract,eager,production,2,4566700,5000,5000,5000,5000,5000,5000,10000,20000,1001,1001,1.0,264,0.0528,27,8
10,availability,shuffled,reverse,datetime_ns,1000,all,7,0,memory,7,10000,subtract,eager,native,2,27500500,5000,5000,5000,5000,5000,5000,10000,20000,1001,1001,1.0,264,0.0528,27,8
10,availability,shuffled,reverse,datetime_ns,1000,all,7,0,memory,7,10000,subtract,lazy_complete,production,0,4931400,5000,5000,5000,5000,5000,5000,10000,20000,1001,1001,1.0,264,0.0528,27,8
10,availability,shuffled,reverse,datetime_ns,1000,all,7,0,memory,7,10000,subtract,lazy_complete,native,0,29733100,5000,5000,5000,5000,5000,5000,10000,20000,1001,1001,1.0,264,0.0528,27,8
10,availability,shuffled,reverse,datetime_ns,1000,all,7,0,memory,7,10000,subtract,lazy_complete,native,1,39428500,5000,5000,5000,5000,5000,5000,10000,20000,1001,1001,1.0,264,0.0528,27,8
10,availability,shuffled,reverse,datetime_ns,1000,all,7,0,memory,7,10000,subtract,lazy_complete,production,1,6640800,5000,5000,5000,5000,5000,5000,10000,20000,1001,1001,1.0,264,0.0528,27,8
10,availability,shuffled,reverse,datetime_ns,1000,all,7,0,memory,7,10000,subtract,lazy_complete,production,2,6563200,5000,5000,5000,5000,5000,5000,10000,20000,1001,1001,1.0,264,0.0528,27,8
10,availability,shuffled,reverse,datetime_ns,1000,all,7,0,memory,7,10000,subtract,lazy_complete,native,2,35861900,5000,5000,5000,5000,5000,5000,10000,20000,1001,1001,1.0,264,0.0528,27,8
10,availability,shuffled,reverse,datetime_ns,1000,all,7,0,memory,7,10000,intersect,eager,production,0,3572900,5000,5000,5000,5000,5000,5000,5000,20000,1001,1001,1.0,264,0.0528,27,8
10,availability,shuffled,reverse,datetime_ns,1000,all,7,0,memory,7,10000,intersect,eager,native,0,21807200,5000,5000,5000,5000,5000,5000,5000,20000,1001,1001,1.0,264,0.0528,27,8
10,availability,shuffled,reverse,datetime_ns,1000,all,7,0,memory,7,10000,intersect,eager,native,1,21142900,5000,5000,5000,5000,5000,5000,5000,20000,1001,1001,1.0,264,0.0528,27,8
10,availability,shuffled,reverse,datetime_ns,1000,all,7,0,memory,7,10000,intersect,eager,production,1,2998800,5000,5000,5000,5000,5000,5000,5000,20000,1001,1001,1.0,264,0.0528,27,8
10,availability,shuffled,reverse,datetime_ns,1000,all,7,0,memory,7,10000,intersect,eager,production,2,2706000,5000,5000,5000,5000,5000,5000,5000,20000,1001,1001,1.0,264,0.0528,27,8
10,availability,shuffled,reverse,datetime_ns,1000,all,7,0,memory,7,10000,intersect,eager,native,2,21633900,5000,5000,5000,5000,5000,5000,5000,20000,1001,1001,1.0,264,0.0528,27,8
10,availability,shuffled,reverse,datetime_ns,1000,all,7,0,memory,7,10000,intersect,lazy_complete,production,0,2963800,5000,5000,5000,5000,5000,5000,5000,20000,1001,1001,1.0,264,0.0528,27,8
10,availability,shuffled,reverse,datetime_ns,1000,all,7,0,memory,7,10000,intersect,lazy_complete,native,0,20490000,5000,5000,5000,5000,5000,5000,5000,20000,1001,1001,1.0,264,0.0528,27,8
10,availability,shuffled,reverse,datetime_ns,1000,all,7,0,memory,7,10000,intersect,lazy_complete,native,1,18218900,5000,5000,5000,5000,5000,5000,5000,20000,1001,1001,1.0,264,0.0528,27,8
10,availability,shuffled,reverse,datetime_ns,1000,all,7,0,memory,7,10000,intersect,lazy_complete,production,1,3525700,5000,5000,5000,5000,5000,5000,5000,20000,1001,1001,1.0,264,0.0528,27,8
10,availability,shuffled,reverse,datetime_ns,1000,all,7,0,memory,7,10000,intersect,lazy_complete,production,2,3060100,5000,5000,5000,5000,5000,5000,5000,20000,1001,1001,1.0,264,0.0528,27,8
10,availability,shuffled,reverse,datetime_ns,1000,all,7,0,memory,7,10000,intersect,lazy_complete,native,2,18492400,5000,5000,5000,5000,5000,5000,5000,20000,1001,1001,1.0,264,0.0528,27,8
10,availability,shuffled,reverse,datetime_ns,1000,all,7,0,memory,7,100000,subtract,eager,production,0,14489400,50000,50000,50000,50000,50000,50000,100000,200000,1001,1001,1.0,2632,0.05264,31,8
10,availability,shuffled,reverse,datetime_ns,1000,all,7,0,memory,7,100000,subtract,eager,native,0,57032000,50000,50000,50000,50000,50000,50000,100000,200000,1001,1001,1.0,2632,0.05264,31,8
10,availability,shuffled,reverse,datetime_ns,1000,all,7,0,memory,7,100000,subtract,eager,native,1,55989600,50000,50000,50000,50000,50000,50000,100000,200000,1001,1001,1.0,2632,0.05264,31,8
10,availability,shuffled,reverse,datetime_ns,1000,all,7,0,memory,7,100000,subtract,eager,production,1,10299900,50000,50000,50000,50000,50000,50000,100000,200000,1001,1001,1.0,2632,0.05264,31,8
10,availability,shuffled,reverse,datetime_ns,1000,all,7,0,memory,7,100000,subtract,eager,production,2,11964500,50000,50000,50000,50000,50000,50000,100000,200000,1001,1001,1.0,2632,0.05264,31,8
10,availability,shuffled,reverse,datetime_ns,1000,all,7,0,memory,7,100000,subtract,eager,native,2,52304800,50000,50000,50000,50000,50000,50000,100000,200000,1001,1001,1.0,2632,0.05264,31,8
10,availability,shuffled,reverse,datetime_ns,1000,all,7,0,memory,7,100000,subtract,lazy_complete,production,0,14218300,50000,50000,50000,50000,50000,50000,100000,200000,1001,1001,1.0,2632,0.05264,31,8
10,availability,shuffled,reverse,datetime_ns,1000,all,7,0,memory,7,100000,subtract,lazy_complete,native,0,53554600,50000,50000,50000,50000,50000,50000,100000,200000,1001,1001,1.0,2632,0.05264,31,8
10,availability,shuffled,reverse,datetime_ns,1000,all,7,0,memory,7,100000,subtract,lazy_complete,native,1,58501200,50000,50000,50000,50000,50000,50000,100000,200000,1001,1001,1.0,2632,0.05264,31,8
10,availability,shuffled,reverse,datetime_ns,1000,all,7,0,memory,7,100000,subtract,lazy_complete,production,1,14299600,50000,50000,50000,50000,50000,50000,100000,200000,1001,1001,1.0,2632,0.05264,31,8
10,availability,shuffled,reverse,datetime_ns,1000,all,7,0,memory,7,100000,subtract,lazy_complete,production,2,15657500,50000,50000,50000,50000,50000,50000,100000,200000,1001,1001,1.0,2632,0.05264,31,8
10,availability,shuffled,reverse,datetime_ns,1000,all,7,0,memory,7,100000,subtract,lazy_complete,native,2,55985200,50000,50000,50000,50000,50000,50000,100000,200000,1001,1001,1.0,2632,0.05264,31,8
10,availability,shuffled,reverse,datetime_ns,1000,all,7,0,memory,7,100000,intersect,eager,production,0,10881400,50000,50000,50000,50000,50000,50000,50000,200000,1001,1001,1.0,2632,0.05264,31,8
10,availability,shuffled,reverse,datetime_ns,1000,all,7,0,memory,7,100000,intersect,eager,native,0,50631300,50000,50000,50000,50000,50000,50000,50000,200000,1001,1001,1.0,2632,0.05264,31,8
10,availability,shuffled,reverse,datetime_ns,1000,all,7,0,memory,7,100000,intersect,eager,native,1,48372100,50000,50000,50000,50000,50000,50000,50000,200000,1001,1001,1.0,2632,0.05264,31,8
10,availability,shuffled,reverse,datetime_ns,1000,all,7,0,memory,7,100000,intersect,eager,production,1,10767900,50000,50000,50000,50000,50000,50000,50000,200000,1001,1001,1.0,2632,0.05264,31,8
10,availability,shuffled,reverse,datetime_ns,1000,all,7,0,memory,7,100000,intersect,eager,production,2,11620600,50000,50000,50000,50000,50000,50000,50000,200000,1001,1001,1.0,2632,0.05264,31,8
10,availability,shuffled,reverse,datetime_ns,1000,all,7,0,memory,7,100000,intersect,eager,native,2,53951800,50000,50000,50000,50000,50000,50000,50000,200000,1001,1001,1.0,2632,0.05264,31,8
10,availability,shuffled,reverse,datetime_ns,1000,all,7,0,memory,7,100000,intersect,lazy_complete,production,0,14238900,50000,50000,50000,50000,50000,50000,50000,200000,1001,1001,1.0,2632,0.05264,31,8
10,availability,shuffled,reverse,datetime_ns,1000,all,7,0,memory,7,100000,intersect,lazy_complete,native,0,68192400,50000,50000,50000,50000,50000,50000,50000,200000,1001,1001,1.0,2632,0.05264,31,8
10,availability,shuffled,reverse,datetime_ns,1000,all,7,0,memory,7,100000,intersect,lazy_complete,native,1,51352100,50000,50000,50000,50000,50000,50000,50000,200000,1001,1001,1.0,2632,0.05264,31,8
10,availability,shuffled,reverse,datetime_ns,1000,all,7,0,memory,7,100000,intersect,lazy_complete,production,1,13000400,50000,50000,50000,50000,50000,50000,50000,200000,1001,1001,1.0,2632,0.05264,31,8
10,availability,shuffled,reverse,datetime_ns,1000,all,7,0,memory,7,100000,intersect,lazy_complete,production,2,12824900,50000,50000,50000,50000,50000,50000,50000,200000,1001,1001,1.0,2632,0.05264,31,8
10,availability,shuffled,reverse,datetime_ns,1000,all,7,0,memory,7,100000,intersect,lazy_complete,native,2,46424300,50000,50000,50000,50000,50000,50000,50000,200000,1001,1001,1.0,2632,0.05264,31,8
11,availability,partial,shuffled,i64,32,sparse,7,8,memory,7,8,subtract,eager,production,0,809900,4,4,4,4,4,4,5,16,4,1,0.25,1,0.25,4,4
11,availability,partial,shuffled,i64,32,sparse,7,8,memory,7,8,subtract,eager,native,0,6223900,4,4,4,4,4,4,5,16,4,1,0.25,1,0.25,4,4
11,availability,partial,shuffled,i64,32,sparse,7,8,memory,7,8,subtract,eager,native,1,6046100,4,4,4,4,4,4,5,16,4,1,0.25,1,0.25,4,4
11,availability,partial,shuffled,i64,32,sparse,7,8,memory,7,8,subtract,eager,production,1,767100,4,4,4,4,4,4,5,16,4,1,0.25,1,0.25,4,4
11,availability,partial,shuffled,i64,32,sparse,7,8,memory,7,8,subtract,eager,production,2,600800,4,4,4,4,4,4,5,16,4,1,0.25,1,0.25,4,4
11,availability,partial,shuffled,i64,32,sparse,7,8,memory,7,8,subtract,eager,native,2,6004500,4,4,4,4,4,4,5,16,4,1,0.25,1,0.25,4,4
11,availability,partial,shuffled,i64,32,sparse,7,8,memory,7,8,subtract,lazy_complete,production,0,1221500,4,4,4,4,4,4,5,16,4,1,0.25,1,0.25,4,4
11,availability,partial,shuffled,i64,32,sparse,7,8,memory,7,8,subtract,lazy_complete,native,0,5968800,4,4,4,4,4,4,5,16,4,1,0.25,1,0.25,4,4
11,availability,partial,shuffled,i64,32,sparse,7,8,memory,7,8,subtract,lazy_complete,native,1,6229600,4,4,4,4,4,4,5,16,4,1,0.25,1,0.25,4,4
11,availability,partial,shuffled,i64,32,sparse,7,8,memory,7,8,subtract,lazy_complete,production,1,1254100,4,4,4,4,4,4,5,16,4,1,0.25,1,0.25,4,4
11,availability,partial,shuffled,i64,32,sparse,7,8,memory,7,8,subtract,lazy_complete,production,2,1080100,4,4,4,4,4,4,5,16,4,1,0.25,1,0.25,4,4
11,availability,partial,shuffled,i64,32,sparse,7,8,memory,7,8,subtract,lazy_complete,native,2,5462700,4,4,4,4,4,4,5,16,4,1,0.25,1,0.25,4,4
11,availability,partial,shuffled,i64,32,sparse,7,8,memory,7,8,intersect,eager,production,0,831600,4,4,4,4,4,4,1,16,4,1,0.25,1,0.25,4,4
11,availability,partial,shuffled,i64,32,sparse,7,8,memory,7,8,intersect,eager,native,0,5878400,4,4,4,4,4,4,1,16,4,1,0.25,1,0.25,4,4
11,availability,partial,shuffled,i64,32,sparse,7,8,memory,7,8,intersect,eager,native,1,8339700,4,4,4,4,4,4,1,16,4,1,0.25,1,0.25,4,4
11,availability,partial,shuffled,i64,32,sparse,7,8,memory,7,8,intersect,eager,production,1,833200,4,4,4,4,4,4,1,16,4,1,0.25,1,0.25,4,4
11,availability,partial,shuffled,i64,32,sparse,7,8,memory,7,8,intersect,eager,production,2,582900,4,4,4,4,4,4,1,16,4,1,0.25,1,0.25,4,4
11,availability,partial,shuffled,i64,32,sparse,7,8,memory,7,8,intersect,eager,native,2,7010200,4,4,4,4,4,4,1,16,4,1,0.25,1,0.25,4,4
11,availability,partial,shuffled,i64,32,sparse,7,8,memory,7,8,intersect,lazy_complete,production,0,1297800,4,4,4,4,4,4,1,16,4,1,0.25,1,0.25,4,4
11,availability,partial,shuffled,i64,32,sparse,7,8,memory,7,8,intersect,lazy_complete,native,0,6989600,4,4,4,4,4,4,1,16,4,1,0.25,1,0.25,4,4
11,availability,partial,shuffled,i64,32,sparse,7,8,memory,7,8,intersect,lazy_complete,native,1,5975200,4,4,4,4,4,4,1,16,4,1,0.25,1,0.25,4,4
11,availability,partial,shuffled,i64,32,sparse,7,8,memory,7,8,intersect,lazy_complete,production,1,1182200,4,4,4,4,4,4,1,16,4,1,0.25,1,0.25,4,4
11,availability,partial,shuffled,i64,32,sparse,7,8,memory,7,8,intersect,lazy_complete,production,2,928400,4,4,4,4,4,4,1,16,4,1,0.25,1,0.25,4,4
11,availability,partial,shuffled,i64,32,sparse,7,8,memory,7,8,intersect,lazy_complete,native,2,5056100,4,4,4,4,4,4,1,16,4,1,0.25,1,0.25,4,4
11,availability,partial,shuffled,i64,32,sparse,7,8,memory,7,1000,subtract,eager,production,0,1475700,500,500,500,500,500,500,527,2000,33,2,0.06060606060606061,27,0.054,8,8
11,availability,partial,shuffled,i64,32,sparse,7,8,memory,7,1000,subtract,eager,native,0,12412700,500,500,500,500,500,500,527,2000,33,2,0.06060606060606061,27,0.054,8,8
11,availability,partial,shuffled,i64,32,sparse,7,8,memory,7,1000,subtract,eager,native,1,12464100,500,500,500,500,500,500,527,2000,33,2,0.06060606060606061,27,0.054,8,8
11,availability,partial,shuffled,i64,32,sparse,7,8,memory,7,1000,subtract,eager,production,1,1560900,500,500,500,500,500,500,527,2000,33,2,0.06060606060606061,27,0.054,8,8
11,availability,partial,shuffled,i64,32,sparse,7,8,memory,7,1000,subtract,eager,production,2,1157500,500,500,500,500,500,500,527,2000,33,2,0.06060606060606061,27,0.054,8,8
11,availability,partial,shuffled,i64,32,sparse,7,8,memory,7,1000,subtract,eager,native,2,10735100,500,500,500,500,500,500,527,2000,33,2,0.06060606060606061,27,0.054,8,8
11,availability,partial,shuffled,i64,32,sparse,7,8,memory,7,1000,subtract,lazy_complete,production,0,1388200,500,500,500,500,500,500,527,2000,33,2,0.06060606060606061,27,0.054,8,8
11,availability,partial,shuffled,i64,32,sparse,7,8,memory,7,1000,subtract,lazy_complete,native,0,9623000,500,500,500,500,500,500,527,2000,33,2,0.06060606060606061,27,0.054,8,8
11,availability,partial,shuffled,i64,32,sparse,7,8,memory,7,1000,subtract,lazy_complete,native,1,11533000,500,500,500,500,500,500,527,2000,33,2,0.06060606060606061,27,0.054,8,8
11,availability,partial,shuffled,i64,32,sparse,7,8,memory,7,1000,subtract,lazy_complete,production,1,1455100,500,500,500,500,500,500,527,2000,33,2,0.06060606060606061,27,0.054,8,8
11,availability,partial,shuffled,i64,32,sparse,7,8,memory,7,1000,subtract,lazy_complete,production,2,1351700,500,500,500,500,500,500,527,2000,33,2,0.06060606060606061,27,0.054,8,8
11,availability,partial,shuffled,i64,32,sparse,7,8,memory,7,1000,subtract,lazy_complete,native,2,9730900,500,500,500,500,500,500,527,2000,33,2,0.06060606060606061,27,0.054,8,8
11,availability,partial,shuffled,i64,32,sparse,7,8,memory,7,1000,intersect,eager,production,0,1391500,500,500,500,500,500,500,27,2000,33,2,0.06060606060606061,27,0.054,8,8
11,availability,partial,shuffled,i64,32,sparse,7,8,memory,7,1000,intersect,eager,native,0,8378100,500,500,500,500,500,500,27,2000,33,2,0.06060606060606061,27,0.054,8,8
11,availability,partial,shuffled,i64,32,sparse,7,8,memory,7,1000,intersect,eager,native,1,9613400,500,500,500,500,500,500,27,2000,33,2,0.06060606060606061,27,0.054,8,8
11,availability,partial,shuffled,i64,32,sparse,7,8,memory,7,1000,intersect,eager,production,1,1292000,500,500,500,500,500,500,27,2000,33,2,0.06060606060606061,27,0.054,8,8
11,availability,partial,shuffled,i64,32,sparse,7,8,memory,7,1000,intersect,eager,production,2,1307600,500,500,500,500,500,500,27,2000,33,2,0.06060606060606061,27,0.054,8,8
11,availability,partial,shuffled,i64,32,sparse,7,8,memory,7,1000,intersect,eager,native,2,8077500,500,500,500,500,500,500,27,2000,33,2,0.06060606060606061,27,0.054,8,8
11,availability,partial,shuffled,i64,32,sparse,7,8,memory,7,1000,intersect,lazy_complete,production,0,1413100,500,500,500,500,500,500,27,2000,33,2,0.06060606060606061,27,0.054,8,8
11,availability,partial,shuffled,i64,32,sparse,7,8,memory,7,1000,intersect,lazy_complete,native,0,8193900,500,500,500,500,500,500,27,2000,33,2,0.06060606060606061,27,0.054,8,8
11,availability,partial,shuffled,i64,32,sparse,7,8,memory,7,1000,intersect,lazy_complete,native,1,8068400,500,500,500,500,500,500,27,2000,33,2,0.06060606060606061,27,0.054,8,8
11,availability,partial,shuffled,i64,32,sparse,7,8,memory,7,1000,intersect,lazy_complete,production,1,1397300,500,500,500,500,500,500,27,2000,33,2,0.06060606060606061,27,0.054,8,8
11,availability,partial,shuffled,i64,32,sparse,7,8,memory,7,1000,intersect,lazy_complete,production,2,851800,500,500,500,500,500,500,27,2000,33,2,0.06060606060606061,27,0.054,8,8
11,availability,partial,shuffled,i64,32,sparse,7,8,memory,7,1000,intersect,lazy_complete,native,2,7360900,500,500,500,500,500,500,27,2000,33,2,0.06060606060606061,27,0.054,8,8
11,availability,partial,shuffled,i64,32,sparse,7,8,memory,7,10000,subtract,eager,production,0,3375000,5000,5000,5000,5000,5000,5000,5264,20000,33,2,0.06060606060606061,264,0.0528,27,27
11,availability,partial,shuffled,i64,32,sparse,7,8,memory,7,10000,subtract,eager,native,0,16631400,5000,5000,5000,5000,5000,5000,5264,20000,33,2,0.06060606060606061,264,0.0528,27,27
11,availability,partial,shuffled,i64,32,sparse,7,8,memory,7,10000,subtract,eager,native,1,16143300,5000,5000,5000,5000,5000,5000,5264,20000,33,2,0.06060606060606061,264,0.0528,27,27
11,availability,partial,shuffled,i64,32,sparse,7,8,memory,7,10000,subtract,eager,production,1,3036200,5000,5000,5000,5000,5000,5000,5264,20000,33,2,0.06060606060606061,264,0.0528,27,27
11,availability,partial,shuffled,i64,32,sparse,7,8,memory,7,10000,subtract,eager,production,2,3363400,5000,5000,5000,5000,5000,5000,5264,20000,33,2,0.06060606060606061,264,0.0528,27,27
11,availability,partial,shuffled,i64,32,sparse,7,8,memory,7,10000,subtract,eager,native,2,16484800,5000,5000,5000,5000,5000,5000,5264,20000,33,2,0.06060606060606061,264,0.0528,27,27
11,availability,partial,shuffled,i64,32,sparse,7,8,memory,7,10000,subtract,lazy_complete,production,0,3056700,5000,5000,5000,5000,5000,5000,5264,20000,33,2,0.06060606060606061,264,0.0528,27,27
11,availability,partial,shuffled,i64,32,sparse,7,8,memory,7,10000,subtract,lazy_complete,native,0,16333900,5000,5000,5000,5000,5000,5000,5264,20000,33,2,0.06060606060606061,264,0.0528,27,27
11,availability,partial,shuffled,i64,32,sparse,7,8,memory,7,10000,subtract,lazy_complete,native,1,17247400,5000,5000,5000,5000,5000,5000,5264,20000,33,2,0.06060606060606061,264,0.0528,27,27
11,availability,partial,shuffled,i64,32,sparse,7,8,memory,7,10000,subtract,lazy_complete,production,1,2348100,5000,5000,5000,5000,5000,5000,5264,20000,33,2,0.06060606060606061,264,0.0528,27,27
11,availability,partial,shuffled,i64,32,sparse,7,8,memory,7,10000,subtract,lazy_complete,production,2,2208900,5000,5000,5000,5000,5000,5000,5264,20000,33,2,0.06060606060606061,264,0.0528,27,27
11,availability,partial,shuffled,i64,32,sparse,7,8,memory,7,10000,subtract,lazy_complete,native,2,13235000,5000,5000,5000,5000,5000,5000,5264,20000,33,2,0.06060606060606061,264,0.0528,27,27
11,availability,partial,shuffled,i64,32,sparse,7,8,memory,7,10000,intersect,eager,production,0,2512800,5000,5000,5000,5000,5000,5000,264,20000,33,2,0.06060606060606061,264,0.0528,27,27
11,availability,partial,shuffled,i64,32,sparse,7,8,memory,7,10000,intersect,eager,native,0,12349800,5000,5000,5000,5000,5000,5000,264,20000,33,2,0.06060606060606061,264,0.0528,27,27
11,availability,partial,shuffled,i64,32,sparse,7,8,memory,7,10000,intersect,eager,native,1,12570700,5000,5000,5000,5000,5000,5000,264,20000,33,2,0.06060606060606061,264,0.0528,27,27
11,availability,partial,shuffled,i64,32,sparse,7,8,memory,7,10000,intersect,eager,production,1,2749000,5000,5000,5000,5000,5000,5000,264,20000,33,2,0.06060606060606061,264,0.0528,27,27
11,availability,partial,shuffled,i64,32,sparse,7,8,memory,7,10000,intersect,eager,production,2,2246100,5000,5000,5000,5000,5000,5000,264,20000,33,2,0.06060606060606061,264,0.0528,27,27
11,availability,partial,shuffled,i64,32,sparse,7,8,memory,7,10000,intersect,eager,native,2,12558600,5000,5000,5000,5000,5000,5000,264,20000,33,2,0.06060606060606061,264,0.0528,27,27
11,availability,partial,shuffled,i64,32,sparse,7,8,memory,7,10000,intersect,lazy_complete,production,0,2345200,5000,5000,5000,5000,5000,5000,264,20000,33,2,0.06060606060606061,264,0.0528,27,27
11,availability,partial,shuffled,i64,32,sparse,7,8,memory,7,10000,intersect,lazy_complete,native,0,10490100,5000,5000,5000,5000,5000,5000,264,20000,33,2,0.06060606060606061,264,0.0528,27,27
11,availability,partial,shuffled,i64,32,sparse,7,8,memory,7,10000,intersect,lazy_complete,native,1,11394500,5000,5000,5000,5000,5000,5000,264,20000,33,2,0.06060606060606061,264,0.0528,27,27
11,availability,partial,shuffled,i64,32,sparse,7,8,memory,7,10000,intersect,lazy_complete,production,1,2950200,5000,5000,5000,5000,5000,5000,264,20000,33,2,0.06060606060606061,264,0.0528,27,27
11,availability,partial,shuffled,i64,32,sparse,7,8,memory,7,10000,intersect,lazy_complete,production,2,2434100,5000,5000,5000,5000,5000,5000,264,20000,33,2,0.06060606060606061,264,0.0528,27,27
11,availability,partial,shuffled,i64,32,sparse,7,8,memory,7,10000,intersect,lazy_complete,native,2,11660200,5000,5000,5000,5000,5000,5000,264,20000,33,2,0.06060606060606061,264,0.0528,27,27
11,availability,partial,shuffled,i64,32,sparse,7,8,memory,7,100000,subtract,eager,production,0,7911600,50000,50000,50000,50000,50000,50000,52632,200000,33,2,0.06060606060606061,2632,0.05264,31,31
11,availability,partial,shuffled,i64,32,sparse,7,8,memory,7,100000,subtract,eager,native,0,65225200,50000,50000,50000,50000,50000,50000,52632,200000,33,2,0.06060606060606061,2632,0.05264,31,31
11,availability,partial,shuffled,i64,32,sparse,7,8,memory,7,100000,subtract,eager,native,1,50065000,50000,50000,50000,50000,50000,50000,52632,200000,33,2,0.06060606060606061,2632,0.05264,31,31
11,availability,partial,shuffled,i64,32,sparse,7,8,memory,7,100000,subtract,eager,production,1,8338300,50000,50000,50000,50000,50000,50000,52632,200000,33,2,0.06060606060606061,2632,0.05264,31,31
11,availability,partial,shuffled,i64,32,sparse,7,8,memory,7,100000,subtract,eager,production,2,8236600,50000,50000,50000,50000,50000,50000,52632,200000,33,2,0.06060606060606061,2632,0.05264,31,31
11,availability,partial,shuffled,i64,32,sparse,7,8,memory,7,100000,subtract,eager,native,2,47259800,50000,50000,50000,50000,50000,50000,52632,200000,33,2,0.06060606060606061,2632,0.05264,31,31
11,availability,partial,shuffled,i64,32,sparse,7,8,memory,7,100000,subtract,lazy_complete,production,0,11544800,50000,50000,50000,50000,50000,50000,52632,200000,33,2,0.06060606060606061,2632,0.05264,31,31
11,availability,partial,shuffled,i64,32,sparse,7,8,memory,7,100000,subtract,lazy_complete,native,0,41572400,50000,50000,50000,50000,50000,50000,52632,200000,33,2,0.06060606060606061,2632,0.05264,31,31
11,availability,partial,shuffled,i64,32,sparse,7,8,memory,7,100000,subtract,lazy_complete,native,1,42262600,50000,50000,50000,50000,50000,50000,52632,200000,33,2,0.06060606060606061,2632,0.05264,31,31
11,availability,partial,shuffled,i64,32,sparse,7,8,memory,7,100000,subtract,lazy_complete,production,1,11379200,50000,50000,50000,50000,50000,50000,52632,200000,33,2,0.06060606060606061,2632,0.05264,31,31
11,availability,partial,shuffled,i64,32,sparse,7,8,memory,7,100000,subtract,lazy_complete,production,2,10559800,50000,50000,50000,50000,50000,50000,52632,200000,33,2,0.06060606060606061,2632,0.05264,31,31
11,availability,partial,shuffled,i64,32,sparse,7,8,memory,7,100000,subtract,lazy_complete,native,2,42965600,50000,50000,50000,50000,50000,50000,52632,200000,33,2,0.06060606060606061,2632,0.05264,31,31
11,availability,partial,shuffled,i64,32,sparse,7,8,memory,7,100000,intersect,eager,production,0,6031700,50000,50000,50000,50000,50000,50000,2632,200000,33,2,0.06060606060606061,2632,0.05264,31,31
11,availability,partial,shuffled,i64,32,sparse,7,8,memory,7,100000,intersect,eager,native,0,62459000,50000,50000,50000,50000,50000,50000,2632,200000,33,2,0.06060606060606061,2632,0.05264,31,31
11,availability,partial,shuffled,i64,32,sparse,7,8,memory,7,100000,intersect,eager,native,1,56953800,50000,50000,50000,50000,50000,50000,2632,200000,33,2,0.06060606060606061,2632,0.05264,31,31
11,availability,partial,shuffled,i64,32,sparse,7,8,memory,7,100000,intersect,eager,production,1,7822700,50000,50000,50000,50000,50000,50000,2632,200000,33,2,0.06060606060606061,2632,0.05264,31,31
11,availability,partial,shuffled,i64,32,sparse,7,8,memory,7,100000,intersect,eager,production,2,6053000,50000,50000,50000,50000,50000,50000,2632,200000,33,2,0.06060606060606061,2632,0.05264,31,31
11,availability,partial,shuffled,i64,32,sparse,7,8,memory,7,100000,intersect,eager,native,2,56268900,50000,50000,50000,50000,50000,50000,2632,200000,33,2,0.06060606060606061,2632,0.05264,31,31
11,availability,partial,shuffled,i64,32,sparse,7,8,memory,7,100000,intersect,lazy_complete,production,0,12140100,50000,50000,50000,50000,50000,50000,2632,200000,33,2,0.06060606060606061,2632,0.05264,31,31
11,availability,partial,shuffled,i64,32,sparse,7,8,memory,7,100000,intersect,lazy_complete,native,0,60587500,50000,50000,50000,50000,50000,50000,2632,200000,33,2,0.06060606060606061,2632,0.05264,31,31
11,availability,partial,shuffled,i64,32,sparse,7,8,memory,7,100000,intersect,lazy_complete,native,1,59141900,50000,50000,50000,50000,50000,50000,2632,200000,33,2,0.06060606060606061,2632,0.05264,31,31
11,availability,partial,shuffled,i64,32,sparse,7,8,memory,7,100000,intersect,lazy_complete,production,1,12738400,50000,50000,50000,50000,50000,50000,2632,200000,33,2,0.06060606060606061,2632,0.05264,31,31
11,availability,partial,shuffled,i64,32,sparse,7,8,memory,7,100000,intersect,lazy_complete,production,2,11552400,50000,50000,50000,50000,50000,50000,2632,200000,33,2,0.06060606060606061,2632,0.05264,31,31
11,availability,partial,shuffled,i64,32,sparse,7,8,memory,7,100000,intersect,lazy_complete,native,2,55850300,50000,50000,50000,50000,50000,50000,2632,200000,33,2,0.06060606060606061,2632,0.05264,31,31
12,genomic,shuffled,shuffled,i64,8,all,7,0,parquet,7,8,subtract,lazy_complete,production,0,2041600,4,4,4,4,4,4,4,15,4,4,1.0,1,0.25,4,4
12,genomic,shuffled,shuffled,i64,8,all,7,0,parquet,7,8,subtract,lazy_complete,native,0,7535200,4,4,4,4,4,4,4,15,4,4,1.0,1,0.25,4,4
12,genomic,shuffled,shuffled,i64,8,all,7,0,parquet,7,8,subtract,lazy_complete,native,1,6373600,4,4,4,4,4,4,4,15,4,4,1.0,1,0.25,4,4
12,genomic,shuffled,shuffled,i64,8,all,7,0,parquet,7,8,subtract,lazy_complete,production,1,1994700,4,4,4,4,4,4,4,15,4,4,1.0,1,0.25,4,4
12,genomic,shuffled,shuffled,i64,8,all,7,0,parquet,7,8,subtract,lazy_complete,production,2,2117400,4,4,4,4,4,4,4,15,4,4,1.0,1,0.25,4,4
12,genomic,shuffled,shuffled,i64,8,all,7,0,parquet,7,8,subtract,lazy_complete,native,2,6598900,4,4,4,4,4,4,4,15,4,4,1.0,1,0.25,4,4
12,genomic,shuffled,shuffled,i64,8,all,7,0,parquet,7,8,intersect,lazy_complete,production,0,2054800,4,4,4,4,4,4,4,15,4,4,1.0,1,0.25,4,4
12,genomic,shuffled,shuffled,i64,8,all,7,0,parquet,7,8,intersect,lazy_complete,native,0,6377700,4,4,4,4,4,4,4,15,4,4,1.0,1,0.25,4,4
12,genomic,shuffled,shuffled,i64,8,all,7,0,parquet,7,8,intersect,lazy_complete,native,1,6742800,4,4,4,4,4,4,4,15,4,4,1.0,1,0.25,4,4
12,genomic,shuffled,shuffled,i64,8,all,7,0,parquet,7,8,intersect,lazy_complete,production,1,2279500,4,4,4,4,4,4,4,15,4,4,1.0,1,0.25,4,4
12,genomic,shuffled,shuffled,i64,8,all,7,0,parquet,7,8,intersect,lazy_complete,production,2,1800000,4,4,4,4,4,4,4,15,4,4,1.0,1,0.25,4,4
12,genomic,shuffled,shuffled,i64,8,all,7,0,parquet,7,8,intersect,lazy_complete,native,2,6193900,4,4,4,4,4,4,4,15,4,4,1.0,1,0.25,4,4
12,genomic,shuffled,shuffled,i64,8,all,7,0,parquet,7,1000,subtract,lazy_complete,production,0,2753700,500,500,500,500,300,300,300,1722,9,9,1.0,60,0.12,8,8
12,genomic,shuffled,shuffled,i64,8,all,7,0,parquet,7,1000,subtract,lazy_complete,native,0,10138400,500,500,500,500,300,300,300,1722,9,9,1.0,60,0.12,8,8
12,genomic,shuffled,shuffled,i64,8,all,7,0,parquet,7,1000,subtract,lazy_complete,native,1,9934200,500,500,500,500,300,300,300,1722,9,9,1.0,60,0.12,8,8
12,genomic,shuffled,shuffled,i64,8,all,7,0,parquet,7,1000,subtract,lazy_complete,production,1,2474900,500,500,500,500,300,300,300,1722,9,9,1.0,60,0.12,8,8
12,genomic,shuffled,shuffled,i64,8,all,7,0,parquet,7,1000,subtract,lazy_complete,production,2,2347700,500,500,500,500,300,300,300,1722,9,9,1.0,60,0.12,8,8
12,genomic,shuffled,shuffled,i64,8,all,7,0,parquet,7,1000,subtract,lazy_complete,native,2,9764300,500,500,500,500,300,300,300,1722,9,9,1.0,60,0.12,8,8
12,genomic,shuffled,shuffled,i64,8,all,7,0,parquet,7,1000,intersect,lazy_complete,production,0,2429700,500,500,500,500,300,300,295,1722,9,9,1.0,60,0.12,8,8
12,genomic,shuffled,shuffled,i64,8,all,7,0,parquet,7,1000,intersect,lazy_complete,native,0,9549400,500,500,500,500,300,300,295,1722,9,9,1.0,60,0.12,8,8
12,genomic,shuffled,shuffled,i64,8,all,7,0,parquet,7,1000,intersect,lazy_complete,native,1,11595200,500,500,500,500,300,300,295,1722,9,9,1.0,60,0.12,8,8
12,genomic,shuffled,shuffled,i64,8,all,7,0,parquet,7,1000,intersect,lazy_complete,production,1,2424000,500,500,500,500,300,300,295,1722,9,9,1.0,60,0.12,8,8
12,genomic,shuffled,shuffled,i64,8,all,7,0,parquet,7,1000,intersect,lazy_complete,production,2,2072400,500,500,500,500,300,300,295,1722,9,9,1.0,60,0.12,8,8
12,genomic,shuffled,shuffled,i64,8,all,7,0,parquet,7,1000,intersect,lazy_complete,native,2,9984000,500,500,500,500,300,300,295,1722,9,9,1.0,60,0.12,8,8
12,genomic,shuffled,shuffled,i64,8,all,7,0,parquet,7,10000,subtract,lazy_complete,production,0,4035700,5000,5000,5000,5000,2974,2974,2974,17182,9,9,1.0,592,0.1184,27,27
12,genomic,shuffled,shuffled,i64,8,all,7,0,parquet,7,10000,subtract,lazy_complete,native,0,15684100,5000,5000,5000,5000,2974,2974,2974,17182,9,9,1.0,592,0.1184,27,27
12,genomic,shuffled,shuffled,i64,8,all,7,0,parquet,7,10000,subtract,lazy_complete,native,1,15202700,5000,5000,5000,5000,2974,2974,2974,17182,9,9,1.0,592,0.1184,27,27
12,genomic,shuffled,shuffled,i64,8,all,7,0,parquet,7,10000,subtract,lazy_complete,production,1,3568900,5000,5000,5000,5000,2974,2974,2974,17182,9,9,1.0,592,0.1184,27,27
12,genomic,shuffled,shuffled,i64,8,all,7,0,parquet,7,10000,subtract,lazy_complete,production,2,3566400,5000,5000,5000,5000,2974,2974,2974,17182,9,9,1.0,592,0.1184,27,27
12,genomic,shuffled,shuffled,i64,8,all,7,0,parquet,7,10000,subtract,lazy_complete,native,2,14255800,5000,5000,5000,5000,2974,2974,2974,17182,9,9,1.0,592,0.1184,27,27
12,genomic,shuffled,shuffled,i64,8,all,7,0,parquet,7,10000,intersect,lazy_complete,production,0,3959900,5000,5000,5000,5000,2974,2974,2924,17182,9,9,1.0,592,0.1184,27,27
12,genomic,shuffled,shuffled,i64,8,all,7,0,parquet,7,10000,intersect,lazy_complete,native,0,14687600,5000,5000,5000,5000,2974,2974,2924,17182,9,9,1.0,592,0.1184,27,27
12,genomic,shuffled,shuffled,i64,8,all,7,0,parquet,7,10000,intersect,lazy_complete,native,1,14061500,5000,5000,5000,5000,2974,2974,2924,17182,9,9,1.0,592,0.1184,27,27
12,genomic,shuffled,shuffled,i64,8,all,7,0,parquet,7,10000,intersect,lazy_complete,production,1,3740200,5000,5000,5000,5000,2974,2974,2924,17182,9,9,1.0,592,0.1184,27,27
12,genomic,shuffled,shuffled,i64,8,all,7,0,parquet,7,10000,intersect,lazy_complete,production,2,3705300,5000,5000,5000,5000,2974,2974,2924,17182,9,9,1.0,592,0.1184,27,27
12,genomic,shuffled,shuffled,i64,8,all,7,0,parquet,7,10000,intersect,lazy_complete,native,2,15828100,5000,5000,5000,5000,2974,2974,2924,17182,9,9,1.0,592,0.1184,27,27
12,genomic,shuffled,shuffled,i64,8,all,7,0,parquet,7,100000,subtract,lazy_complete,production,0,17247800,50000,50000,50000,50000,29630,29630,29630,171786,9,9,1.0,5921,0.11842,31,31
12,genomic,shuffled,shuffled,i64,8,all,7,0,parquet,7,100000,subtract,lazy_complete,native,0,63757500,50000,50000,50000,50000,29630,29630,29630,171786,9,9,1.0,5921,0.11842,31,31
12,genomic,shuffled,shuffled,i64,8,all,7,0,parquet,7,100000,subtract,lazy_complete,native,1,60931500,50000,50000,50000,50000,29630,29630,29630,171786,9,9,1.0,5921,0.11842,31,31
12,genomic,shuffled,shuffled,i64,8,all,7,0,parquet,7,100000,subtract,lazy_complete,production,1,17563900,50000,50000,50000,50000,29630,29630,29630,171786,9,9,1.0,5921,0.11842,31,31
12,genomic,shuffled,shuffled,i64,8,all,7,0,parquet,7,100000,subtract,lazy_complete,production,2,15836200,50000,50000,50000,50000,29630,29630,29630,171786,9,9,1.0,5921,0.11842,31,31
12,genomic,shuffled,shuffled,i64,8,all,7,0,parquet,7,100000,subtract,lazy_complete,native,2,49748400,50000,50000,50000,50000,29630,29630,29630,171786,9,9,1.0,5921,0.11842,31,31
12,genomic,shuffled,shuffled,i64,8,all,7,0,parquet,7,100000,intersect,lazy_complete,production,0,13631100,50000,50000,50000,50000,29630,29630,29135,171786,9,9,1.0,5921,0.11842,31,31
12,genomic,shuffled,shuffled,i64,8,all,7,0,parquet,7,100000,intersect,lazy_complete,native,0,45476800,50000,50000,50000,50000,29630,29630,29135,171786,9,9,1.0,5921,0.11842,31,31
12,genomic,shuffled,shuffled,i64,8,all,7,0,parquet,7,100000,intersect,lazy_complete,native,1,48095400,50000,50000,50000,50000,29630,29630,29135,171786,9,9,1.0,5921,0.11842,31,31
12,genomic,shuffled,shuffled,i64,8,all,7,0,parquet,7,100000,intersect,lazy_complete,production,1,13967000,50000,50000,50000,50000,29630,29630,29135,171786,9,9,1.0,5921,0.11842,31,31
12,genomic,shuffled,shuffled,i64,8,all,7,0,parquet,7,100000,intersect,lazy_complete,production,2,13420100,50000,50000,50000,50000,29630,29630,29135,171786,9,9,1.0,5921,0.11842,31,31
12,genomic,shuffled,shuffled,i64,8,all,7,0,parquet,7,100000,intersect,lazy_complete,native,2,42967500,50000,50000,50000,50000,29630,29630,29135,171786,9,9,1.0,5921,0.11842,31,31
13,skew,shuffled,reverse,i64,32,all,7,0,memory,7,8,subtract,eager,production,0,641700,4,4,4,4,4,4,8,16,2,2,1.0,3,0.75,4,4
13,skew,shuffled,reverse,i64,32,all,7,0,memory,7,8,subtract,eager,native,0,6286500,4,4,4,4,4,4,8,16,2,2,1.0,3,0.75,4,4
13,skew,shuffled,reverse,i64,32,all,7,0,memory,7,8,subtract,eager,native,1,6447900,4,4,4,4,4,4,8,16,2,2,1.0,3,0.75,4,4
13,skew,shuffled,reverse,i64,32,all,7,0,memory,7,8,subtract,eager,production,1,852000,4,4,4,4,4,4,8,16,2,2,1.0,3,0.75,4,4
13,skew,shuffled,reverse,i64,32,all,7,0,memory,7,8,subtract,eager,production,2,587500,4,4,4,4,4,4,8,16,2,2,1.0,3,0.75,4,4
13,skew,shuffled,reverse,i64,32,all,7,0,memory,7,8,subtract,eager,native,2,5432300,4,4,4,4,4,4,8,16,2,2,1.0,3,0.75,4,4
13,skew,shuffled,reverse,i64,32,all,7,0,memory,7,8,subtract,lazy_complete,production,0,984400,4,4,4,4,4,4,8,16,2,2,1.0,3,0.75,4,4
13,skew,shuffled,reverse,i64,32,all,7,0,memory,7,8,subtract,lazy_complete,native,0,4840700,4,4,4,4,4,4,8,16,2,2,1.0,3,0.75,4,4
13,skew,shuffled,reverse,i64,32,all,7,0,memory,7,8,subtract,lazy_complete,native,1,4319400,4,4,4,4,4,4,8,16,2,2,1.0,3,0.75,4,4
13,skew,shuffled,reverse,i64,32,all,7,0,memory,7,8,subtract,lazy_complete,production,1,996200,4,4,4,4,4,4,8,16,2,2,1.0,3,0.75,4,4
13,skew,shuffled,reverse,i64,32,all,7,0,memory,7,8,subtract,lazy_complete,production,2,976700,4,4,4,4,4,4,8,16,2,2,1.0,3,0.75,4,4
13,skew,shuffled,reverse,i64,32,all,7,0,memory,7,8,subtract,lazy_complete,native,2,5259900,4,4,4,4,4,4,8,16,2,2,1.0,3,0.75,4,4
13,skew,shuffled,reverse,i64,32,all,7,0,memory,7,8,intersect,eager,production,0,622600,4,4,4,4,4,4,4,16,2,2,1.0,3,0.75,4,4
13,skew,shuffled,reverse,i64,32,all,7,0,memory,7,8,intersect,eager,native,0,5084900,4,4,4,4,4,4,4,16,2,2,1.0,3,0.75,4,4
13,skew,shuffled,reverse,i64,32,all,7,0,memory,7,8,intersect,eager,native,1,5632700,4,4,4,4,4,4,4,16,2,2,1.0,3,0.75,4,4
13,skew,shuffled,reverse,i64,32,all,7,0,memory,7,8,intersect,eager,production,1,840500,4,4,4,4,4,4,4,16,2,2,1.0,3,0.75,4,4
13,skew,shuffled,reverse,i64,32,all,7,0,memory,7,8,intersect,eager,production,2,727800,4,4,4,4,4,4,4,16,2,2,1.0,3,0.75,4,4
13,skew,shuffled,reverse,i64,32,all,7,0,memory,7,8,intersect,eager,native,2,5355100,4,4,4,4,4,4,4,16,2,2,1.0,3,0.75,4,4
13,skew,shuffled,reverse,i64,32,all,7,0,memory,7,8,intersect,lazy_complete,production,0,1112800,4,4,4,4,4,4,4,16,2,2,1.0,3,0.75,4,4
13,skew,shuffled,reverse,i64,32,all,7,0,memory,7,8,intersect,lazy_complete,native,0,4959900,4,4,4,4,4,4,4,16,2,2,1.0,3,0.75,4,4
13,skew,shuffled,reverse,i64,32,all,7,0,memory,7,8,intersect,lazy_complete,native,1,6054100,4,4,4,4,4,4,4,16,2,2,1.0,3,0.75,4,4
13,skew,shuffled,reverse,i64,32,all,7,0,memory,7,8,intersect,lazy_complete,production,1,1310200,4,4,4,4,4,4,4,16,2,2,1.0,3,0.75,4,4
13,skew,shuffled,reverse,i64,32,all,7,0,memory,7,8,intersect,lazy_complete,production,2,1054700,4,4,4,4,4,4,4,16,2,2,1.0,3,0.75,4,4
13,skew,shuffled,reverse,i64,32,all,7,0,memory,7,8,intersect,lazy_complete,native,2,4958500,4,4,4,4,4,4,4,16,2,2,1.0,3,0.75,4,4
13,skew,shuffled,reverse,i64,32,all,7,0,memory,7,1000,subtract,eager,production,0,1446700,500,500,500,500,500,500,1000,2000,33,33,1.0,382,0.764,8,8
13,skew,shuffled,reverse,i64,32,all,7,0,memory,7,1000,subtract,eager,native,0,10778400,500,500,500,500,500,500,1000,2000,33,33,1.0,382,0.764,8,8
13,skew,shuffled,reverse,i64,32,all,7,0,memory,7,1000,subtract,eager,native,1,11307000,500,500,500,500,500,500,1000,2000,33,33,1.0,382,0.764,8,8
13,skew,shuffled,reverse,i64,32,all,7,0,memory,7,1000,subtract,eager,production,1,1159000,500,500,500,500,500,500,1000,2000,33,33,1.0,382,0.764,8,8
13,skew,shuffled,reverse,i64,32,all,7,0,memory,7,1000,subtract,eager,production,2,1148200,500,500,500,500,500,500,1000,2000,33,33,1.0,382,0.764,8,8
13,skew,shuffled,reverse,i64,32,all,7,0,memory,7,1000,subtract,eager,native,2,10716200,500,500,500,500,500,500,1000,2000,33,33,1.0,382,0.764,8,8
13,skew,shuffled,reverse,i64,32,all,7,0,memory,7,1000,subtract,lazy_complete,production,0,1316000,500,500,500,500,500,500,1000,2000,33,33,1.0,382,0.764,8,8
13,skew,shuffled,reverse,i64,32,all,7,0,memory,7,1000,subtract,lazy_complete,native,0,9937000,500,500,500,500,500,500,1000,2000,33,33,1.0,382,0.764,8,8
13,skew,shuffled,reverse,i64,32,all,7,0,memory,7,1000,subtract,lazy_complete,native,1,10440600,500,500,500,500,500,500,1000,2000,33,33,1.0,382,0.764,8,8
13,skew,shuffled,reverse,i64,32,all,7,0,memory,7,1000,subtract,lazy_complete,production,1,1478300,500,500,500,500,500,500,1000,2000,33,33,1.0,382,0.764,8,8
13,skew,shuffled,reverse,i64,32,all,7,0,memory,7,1000,subtract,lazy_complete,production,2,990200,500,500,500,500,500,500,1000,2000,33,33,1.0,382,0.764,8,8
13,skew,shuffled,reverse,i64,32,all,7,0,memory,7,1000,subtract,lazy_complete,native,2,11697600,500,500,500,500,500,500,1000,2000,33,33,1.0,382,0.764,8,8
13,skew,shuffled,reverse,i64,32,all,7,0,memory,7,1000,intersect,eager,production,0,1568700,500,500,500,500,500,500,500,2000,33,33,1.0,382,0.764,8,8
13,skew,shuffled,reverse,i64,32,all,7,0,memory,7,1000,intersect,eager,native,0,12952200,500,500,500,500,500,500,500,2000,33,33,1.0,382,0.764,8,8
13,skew,shuffled,reverse,i64,32,all,7,0,memory,7,1000,intersect,eager,native,1,12407400,500,500,500,500,500,500,500,2000,33,33,1.0,382,0.764,8,8
13,skew,shuffled,reverse,i64,32,all,7,0,memory,7,1000,intersect,eager,production,1,1524600,500,500,500,500,500,500,500,2000,33,33,1.0,382,0.764,8,8
13,skew,shuffled,reverse,i64,32,all,7,0,memory,7,1000,intersect,eager,production,2,920600,500,500,500,500,500,500,500,2000,33,33,1.0,382,0.764,8,8
13,skew,shuffled,reverse,i64,32,all,7,0,memory,7,1000,intersect,eager,native,2,10456300,500,500,500,500,500,500,500,2000,33,33,1.0,382,0.764,8,8
13,skew,shuffled,reverse,i64,32,all,7,0,memory,7,1000,intersect,lazy_complete,production,0,1271900,500,500,500,500,500,500,500,2000,33,33,1.0,382,0.764,8,8
13,skew,shuffled,reverse,i64,32,all,7,0,memory,7,1000,intersect,lazy_complete,native,0,10757500,500,500,500,500,500,500,500,2000,33,33,1.0,382,0.764,8,8
13,skew,shuffled,reverse,i64,32,all,7,0,memory,7,1000,intersect,lazy_complete,native,1,10825300,500,500,500,500,500,500,500,2000,33,33,1.0,382,0.764,8,8
13,skew,shuffled,reverse,i64,32,all,7,0,memory,7,1000,intersect,lazy_complete,production,1,1566600,500,500,500,500,500,500,500,2000,33,33,1.0,382,0.764,8,8
13,skew,shuffled,reverse,i64,32,all,7,0,memory,7,1000,intersect,lazy_complete,production,2,1179000,500,500,500,500,500,500,500,2000,33,33,1.0,382,0.764,8,8
13,skew,shuffled,reverse,i64,32,all,7,0,memory,7,1000,intersect,lazy_complete,native,2,8628400,500,500,500,500,500,500,500,2000,33,33,1.0,382,0.764,8,8
13,skew,shuffled,reverse,i64,32,all,7,0,memory,7,10000,subtract,eager,production,0,2447100,5000,5000,5000,5000,5000,5000,10000,20000,33,33,1.0,3816,0.7632,27,8
13,skew,shuffled,reverse,i64,32,all,7,0,memory,7,10000,subtract,eager,native,0,16497800,5000,5000,5000,5000,5000,5000,10000,20000,33,33,1.0,3816,0.7632,27,8
13,skew,shuffled,reverse,i64,32,all,7,0,memory,7,10000,subtract,eager,native,1,15306500,5000,5000,5000,5000,5000,5000,10000,20000,33,33,1.0,3816,0.7632,27,8
13,skew,shuffled,reverse,i64,32,all,7,0,memory,7,10000,subtract,eager,production,1,2697900,5000,5000,5000,5000,5000,5000,10000,20000,33,33,1.0,3816,0.7632,27,8
13,skew,shuffled,reverse,i64,32,all,7,0,memory,7,10000,subtract,eager,production,2,2199400,5000,5000,5000,5000,5000,5000,10000,20000,33,33,1.0,3816,0.7632,27,8
13,skew,shuffled,reverse,i64,32,all,7,0,memory,7,10000,subtract,eager,native,2,15755000,5000,5000,5000,5000,5000,5000,10000,20000,33,33,1.0,3816,0.7632,27,8
13,skew,shuffled,reverse,i64,32,all,7,0,memory,7,10000,subtract,lazy_complete,production,0,3003500,5000,5000,5000,5000,5000,5000,10000,20000,33,33,1.0,3816,0.7632,27,8
13,skew,shuffled,reverse,i64,32,all,7,0,memory,7,10000,subtract,lazy_complete,native,0,14428100,5000,5000,5000,5000,5000,5000,10000,20000,33,33,1.0,3816,0.7632,27,8
13,skew,shuffled,reverse,i64,32,all,7,0,memory,7,10000,subtract,lazy_complete,native,1,13755700,5000,5000,5000,5000,5000,5000,10000,20000,33,33,1.0,3816,0.7632,27,8
13,skew,shuffled,reverse,i64,32,all,7,0,memory,7,10000,subtract,lazy_complete,production,1,2690100,5000,5000,5000,5000,5000,5000,10000,20000,33,33,1.0,3816,0.7632,27,8
13,skew,shuffled,reverse,i64,32,all,7,0,memory,7,10000,subtract,lazy_complete,production,2,2236900,5000,5000,5000,5000,5000,5000,10000,20000,33,33,1.0,3816,0.7632,27,8
13,skew,shuffled,reverse,i64,32,all,7,0,memory,7,10000,subtract,lazy_complete,native,2,15497600,5000,5000,5000,5000,5000,5000,10000,20000,33,33,1.0,3816,0.7632,27,8
13,skew,shuffled,reverse,i64,32,all,7,0,memory,7,10000,intersect,eager,production,0,2895500,5000,5000,5000,5000,5000,5000,5000,20000,33,33,1.0,3816,0.7632,27,8
13,skew,shuffled,reverse,i64,32,all,7,0,memory,7,10000,intersect,eager,native,0,17983100,5000,5000,5000,5000,5000,5000,5000,20000,33,33,1.0,3816,0.7632,27,8
13,skew,shuffled,reverse,i64,32,all,7,0,memory,7,10000,intersect,eager,native,1,18420200,5000,5000,5000,5000,5000,5000,5000,20000,33,33,1.0,3816,0.7632,27,8
13,skew,shuffled,reverse,i64,32,all,7,0,memory,7,10000,intersect,eager,production,1,3441100,5000,5000,5000,5000,5000,5000,5000,20000,33,33,1.0,3816,0.7632,27,8
13,skew,shuffled,reverse,i64,32,all,7,0,memory,7,10000,intersect,eager,production,2,3055000,5000,5000,5000,5000,5000,5000,5000,20000,33,33,1.0,3816,0.7632,27,8
13,skew,shuffled,reverse,i64,32,all,7,0,memory,7,10000,intersect,eager,native,2,23443300,5000,5000,5000,5000,5000,5000,5000,20000,33,33,1.0,3816,0.7632,27,8
13,skew,shuffled,reverse,i64,32,all,7,0,memory,7,10000,intersect,lazy_complete,production,0,3586800,5000,5000,5000,5000,5000,5000,5000,20000,33,33,1.0,3816,0.7632,27,8
13,skew,shuffled,reverse,i64,32,all,7,0,memory,7,10000,intersect,lazy_complete,native,0,21636900,5000,5000,5000,5000,5000,5000,5000,20000,33,33,1.0,3816,0.7632,27,8
13,skew,shuffled,reverse,i64,32,all,7,0,memory,7,10000,intersect,lazy_complete,native,1,21419300,5000,5000,5000,5000,5000,5000,5000,20000,33,33,1.0,3816,0.7632,27,8
13,skew,shuffled,reverse,i64,32,all,7,0,memory,7,10000,intersect,lazy_complete,production,1,3356200,5000,5000,5000,5000,5000,5000,5000,20000,33,33,1.0,3816,0.7632,27,8
13,skew,shuffled,reverse,i64,32,all,7,0,memory,7,10000,intersect,lazy_complete,production,2,4543700,5000,5000,5000,5000,5000,5000,5000,20000,33,33,1.0,3816,0.7632,27,8
13,skew,shuffled,reverse,i64,32,all,7,0,memory,7,10000,intersect,lazy_complete,native,2,29150200,5000,5000,5000,5000,5000,5000,5000,20000,33,33,1.0,3816,0.7632,27,8
13,skew,shuffled,reverse,i64,32,all,7,0,memory,7,100000,subtract,eager,production,0,13422400,50000,50000,50000,50000,50000,50000,100000,200000,33,33,1.0,38158,0.76316,31,8
13,skew,shuffled,reverse,i64,32,all,7,0,memory,7,100000,subtract,eager,native,0,66636300,50000,50000,50000,50000,50000,50000,100000,200000,33,33,1.0,38158,0.76316,31,8
13,skew,shuffled,reverse,i64,32,all,7,0,memory,7,100000,subtract,eager,native,1,54081900,50000,50000,50000,50000,50000,50000,100000,200000,33,33,1.0,38158,0.76316,31,8
13,skew,shuffled,reverse,i64,32,all,7,0,memory,7,100000,subtract,eager,production,1,13107300,50000,50000,50000,50000,50000,50000,100000,200000,33,33,1.0,38158,0.76316,31,8
13,skew,shuffled,reverse,i64,32,all,7,0,memory,7,100000,subtract,eager,production,2,12638500,50000,50000,50000,50000,50000,50000,100000,200000,33,33,1.0,38158,0.76316,31,8
13,skew,shuffled,reverse,i64,32,all,7,0,memory,7,100000,subtract,eager,native,2,50069100,50000,50000,50000,50000,50000,50000,100000,200000,33,33,1.0,38158,0.76316,31,8
13,skew,shuffled,reverse,i64,32,all,7,0,memory,7,100000,subtract,lazy_complete,production,0,15590400,50000,50000,50000,50000,50000,50000,100000,200000,33,33,1.0,38158,0.76316,31,8
13,skew,shuffled,reverse,i64,32,all,7,0,memory,7,100000,subtract,lazy_complete,native,0,49806800,50000,50000,50000,50000,50000,50000,100000,200000,33,33,1.0,38158,0.76316,31,8
13,skew,shuffled,reverse,i64,32,all,7,0,memory,7,100000,subtract,lazy_complete,native,1,53268500,50000,50000,50000,50000,50000,50000,100000,200000,33,33,1.0,38158,0.76316,31,8
13,skew,shuffled,reverse,i64,32,all,7,0,memory,7,100000,subtract,lazy_complete,production,1,17157600,50000,50000,50000,50000,50000,50000,100000,200000,33,33,1.0,38158,0.76316,31,8
13,skew,shuffled,reverse,i64,32,all,7,0,memory,7,100000,subtract,lazy_complete,production,2,15218300,50000,50000,50000,50000,50000,50000,100000,200000,33,33,1.0,38158,0.76316,31,8
13,skew,shuffled,reverse,i64,32,all,7,0,memory,7,100000,subtract,lazy_complete,native,2,56528300,50000,50000,50000,50000,50000,50000,100000,200000,33,33,1.0,38158,0.76316,31,8
13,skew,shuffled,reverse,i64,32,all,7,0,memory,7,100000,intersect,eager,production,0,9944400,50000,50000,50000,50000,50000,50000,50000,200000,33,33,1.0,38158,0.76316,31,8
13,skew,shuffled,reverse,i64,32,all,7,0,memory,7,100000,intersect,eager,native,0,45662600,50000,50000,50000,50000,50000,50000,50000,200000,33,33,1.0,38158,0.76316,31,8
13,skew,shuffled,reverse,i64,32,all,7,0,memory,7,100000,intersect,eager,native,1,43249400,50000,50000,50000,50000,50000,50000,50000,200000,33,33,1.0,38158,0.76316,31,8
13,skew,shuffled,reverse,i64,32,all,7,0,memory,7,100000,intersect,eager,production,1,9852200,50000,50000,50000,50000,50000,50000,50000,200000,33,33,1.0,38158,0.76316,31,8
13,skew,shuffled,reverse,i64,32,all,7,0,memory,7,100000,intersect,eager,production,2,10360400,50000,50000,50000,50000,50000,50000,50000,200000,33,33,1.0,38158,0.76316,31,8
13,skew,shuffled,reverse,i64,32,all,7,0,memory,7,100000,intersect,eager,native,2,53960200,50000,50000,50000,50000,50000,50000,50000,200000,33,33,1.0,38158,0.76316,31,8
13,skew,shuffled,reverse,i64,32,all,7,0,memory,7,100000,intersect,lazy_complete,production,0,19091800,50000,50000,50000,50000,50000,50000,50000,200000,33,33,1.0,38158,0.76316,31,8
13,skew,shuffled,reverse,i64,32,all,7,0,memory,7,100000,intersect,lazy_complete,native,0,70208700,50000,50000,50000,50000,50000,50000,50000,200000,33,33,1.0,38158,0.76316,31,8
13,skew,shuffled,reverse,i64,32,all,7,0,memory,7,100000,intersect,lazy_complete,native,1,69298800,50000,50000,50000,50000,50000,50000,50000,200000,33,33,1.0,38158,0.76316,31,8
13,skew,shuffled,reverse,i64,32,all,7,0,memory,7,100000,intersect,lazy_complete,production,1,15222700,50000,50000,50000,50000,50000,50000,50000,200000,33,33,1.0,38158,0.76316,31,8
13,skew,shuffled,reverse,i64,32,all,7,0,memory,7,100000,intersect,lazy_complete,production,2,15105400,50000,50000,50000,50000,50000,50000,50000,200000,33,33,1.0,38158,0.76316,31,8
13,skew,shuffled,reverse,i64,32,all,7,0,memory,7,100000,intersect,lazy_complete,native,2,52814700,50000,50000,50000,50000,50000,50000,50000,200000,33,33,1.0,38158,0.76316,31,8
14,sparse,partial,reverse,u64,0,all,1,0,memory,7,8,subtract,eager,production,0,662400,4,4,4,4,4,4,8,16,1,1,1,4,1.0,1,1
14,sparse,partial,reverse,u64,0,all,1,0,memory,7,8,subtract,eager,native,0,5726100,4,4,4,4,4,4,8,16,1,1,1,4,1.0,1,1
14,sparse,partial,reverse,u64,0,all,1,0,memory,7,8,subtract,eager,native,1,6258500,4,4,4,4,4,4,8,16,1,1,1,4,1.0,1,1
14,sparse,partial,reverse,u64,0,all,1,0,memory,7,8,subtract,eager,production,1,784500,4,4,4,4,4,4,8,16,1,1,1,4,1.0,1,1
14,sparse,partial,reverse,u64,0,all,1,0,memory,7,8,subtract,eager,production,2,605900,4,4,4,4,4,4,8,16,1,1,1,4,1.0,1,1
14,sparse,partial,reverse,u64,0,all,1,0,memory,7,8,subtract,eager,native,2,7699400,4,4,4,4,4,4,8,16,1,1,1,4,1.0,1,1
14,sparse,partial,reverse,u64,0,all,1,0,memory,7,8,subtract,lazy_complete,production,0,1238400,4,4,4,4,4,4,8,16,1,1,1,4,1.0,1,1
14,sparse,partial,reverse,u64,0,all,1,0,memory,7,8,subtract,lazy_complete,native,0,6685200,4,4,4,4,4,4,8,16,1,1,1,4,1.0,1,1
14,sparse,partial,reverse,u64,0,all,1,0,memory,7,8,subtract,lazy_complete,native,1,6055000,4,4,4,4,4,4,8,16,1,1,1,4,1.0,1,1
14,sparse,partial,reverse,u64,0,all,1,0,memory,7,8,subtract,lazy_complete,production,1,921500,4,4,4,4,4,4,8,16,1,1,1,4,1.0,1,1
14,sparse,partial,reverse,u64,0,all,1,0,memory,7,8,subtract,lazy_complete,production,2,906000,4,4,4,4,4,4,8,16,1,1,1,4,1.0,1,1
14,sparse,partial,reverse,u64,0,all,1,0,memory,7,8,subtract,lazy_complete,native,2,5002300,4,4,4,4,4,4,8,16,1,1,1,4,1.0,1,1
14,sparse,partial,reverse,u64,0,all,1,0,memory,7,8,intersect,eager,production,0,814000,4,4,4,4,4,4,4,16,1,1,1,4,1.0,1,1
14,sparse,partial,reverse,u64,0,all,1,0,memory,7,8,intersect,eager,native,0,7324000,4,4,4,4,4,4,4,16,1,1,1,4,1.0,1,1
14,sparse,partial,reverse,u64,0,all,1,0,memory,7,8,intersect,eager,native,1,8309500,4,4,4,4,4,4,4,16,1,1,1,4,1.0,1,1
14,sparse,partial,reverse,u64,0,all,1,0,memory,7,8,intersect,eager,production,1,812200,4,4,4,4,4,4,4,16,1,1,1,4,1.0,1,1
14,sparse,partial,reverse,u64,0,all,1,0,memory,7,8,intersect,eager,production,2,635100,4,4,4,4,4,4,4,16,1,1,1,4,1.0,1,1
14,sparse,partial,reverse,u64,0,all,1,0,memory,7,8,intersect,eager,native,2,8559100,4,4,4,4,4,4,4,16,1,1,1,4,1.0,1,1
14,sparse,partial,reverse,u64,0,all,1,0,memory,7,8,intersect,lazy_complete,production,0,1294100,4,4,4,4,4,4,4,16,1,1,1,4,1.0,1,1
14,sparse,partial,reverse,u64,0,all,1,0,memory,7,8,intersect,lazy_complete,native,0,5870300,4,4,4,4,4,4,4,16,1,1,1,4,1.0,1,1
14,sparse,partial,reverse,u64,0,all,1,0,memory,7,8,intersect,lazy_complete,native,1,6609100,4,4,4,4,4,4,4,16,1,1,1,4,1.0,1,1
14,sparse,partial,reverse,u64,0,all,1,0,memory,7,8,intersect,lazy_complete,production,1,1307400,4,4,4,4,4,4,4,16,1,1,1,4,1.0,1,1
14,sparse,partial,reverse,u64,0,all,1,0,memory,7,8,intersect,lazy_complete,production,2,1068600,4,4,4,4,4,4,4,16,1,1,1,4,1.0,1,1
14,sparse,partial,reverse,u64,0,all,1,0,memory,7,8,intersect,lazy_complete,native,2,6019600,4,4,4,4,4,4,4,16,1,1,1,4,1.0,1,1
14,sparse,partial,reverse,u64,0,all,1,0,memory,7,1000,subtract,eager,production,0,992600,500,500,500,500,500,500,1000,2000,1,1,1,500,1.0,1,1
14,sparse,partial,reverse,u64,0,all,1,0,memory,7,1000,subtract,eager,native,0,10103400,500,500,500,500,500,500,1000,2000,1,1,1,500,1.0,1,1
14,sparse,partial,reverse,u64,0,all,1,0,memory,7,1000,subtract,eager,native,1,11649300,500,500,500,500,500,500,1000,2000,1,1,1,500,1.0,1,1
14,sparse,partial,reverse,u64,0,all,1,0,memory,7,1000,subtract,eager,production,1,872500,500,500,500,500,500,500,1000,2000,1,1,1,500,1.0,1,1
14,sparse,partial,reverse,u64,0,all,1,0,memory,7,1000,subtract,eager,production,2,846900,500,500,500,500,500,500,1000,2000,1,1,1,500,1.0,1,1
14,sparse,partial,reverse,u64,0,all,1,0,memory,7,1000,subtract,eager,native,2,11352500,500,500,500,500,500,500,1000,2000,1,1,1,500,1.0,1,1
14,sparse,partial,reverse,u64,0,all,1,0,memory,7,1000,subtract,lazy_complete,production,0,1245300,500,500,500,500,500,500,1000,2000,1,1,1,500,1.0,1,1
14,sparse,partial,reverse,u64,0,all,1,0,memory,7,1000,subtract,lazy_complete,native,0,9930300,500,500,500,500,500,500,1000,2000,1,1,1,500,1.0,1,1
14,sparse,partial,reverse,u64,0,all,1,0,memory,7,1000,subtract,lazy_complete,native,1,11948900,500,500,500,500,500,500,1000,2000,1,1,1,500,1.0,1,1
14,sparse,partial,reverse,u64,0,all,1,0,memory,7,1000,subtract,lazy_complete,production,1,1241600,500,500,500,500,500,500,1000,2000,1,1,1,500,1.0,1,1
14,sparse,partial,reverse,u64,0,all,1,0,memory,7,1000,subtract,lazy_complete,production,2,863900,500,500,500,500,500,500,1000,2000,1,1,1,500,1.0,1,1
14,sparse,partial,reverse,u64,0,all,1,0,memory,7,1000,subtract,lazy_complete,native,2,10170300,500,500,500,500,500,500,1000,2000,1,1,1,500,1.0,1,1
14,sparse,partial,reverse,u64,0,all,1,0,memory,7,1000,intersect,eager,production,0,866200,500,500,500,500,500,500,500,2000,1,1,1,500,1.0,1,1
14,sparse,partial,reverse,u64,0,all,1,0,memory,7,1000,intersect,eager,native,0,9946500,500,500,500,500,500,500,500,2000,1,1,1,500,1.0,1,1
14,sparse,partial,reverse,u64,0,all,1,0,memory,7,1000,intersect,eager,native,1,10382500,500,500,500,500,500,500,500,2000,1,1,1,500,1.0,1,1
14,sparse,partial,reverse,u64,0,all,1,0,memory,7,1000,intersect,eager,production,1,842500,500,500,500,500,500,500,500,2000,1,1,1,500,1.0,1,1
14,sparse,partial,reverse,u64,0,all,1,0,memory,7,1000,intersect,eager,production,2,568700,500,500,500,500,500,500,500,2000,1,1,1,500,1.0,1,1
14,sparse,partial,reverse,u64,0,all,1,0,memory,7,1000,intersect,eager,native,2,8240200,500,500,500,500,500,500,500,2000,1,1,1,500,1.0,1,1
14,sparse,partial,reverse,u64,0,all,1,0,memory,7,1000,intersect,lazy_complete,production,0,1176000,500,500,500,500,500,500,500,2000,1,1,1,500,1.0,1,1
14,sparse,partial,reverse,u64,0,all,1,0,memory,7,1000,intersect,lazy_complete,native,0,6701900,500,500,500,500,500,500,500,2000,1,1,1,500,1.0,1,1
14,sparse,partial,reverse,u64,0,all,1,0,memory,7,1000,intersect,lazy_complete,native,1,7505300,500,500,500,500,500,500,500,2000,1,1,1,500,1.0,1,1
14,sparse,partial,reverse,u64,0,all,1,0,memory,7,1000,intersect,lazy_complete,production,1,1369400,500,500,500,500,500,500,500,2000,1,1,1,500,1.0,1,1
14,sparse,partial,reverse,u64,0,all,1,0,memory,7,1000,intersect,lazy_complete,production,2,1045200,500,500,500,500,500,500,500,2000,1,1,1,500,1.0,1,1
14,sparse,partial,reverse,u64,0,all,1,0,memory,7,1000,intersect,lazy_complete,native,2,8002300,500,500,500,500,500,500,500,2000,1,1,1,500,1.0,1,1
14,sparse,partial,reverse,u64,0,all,1,0,memory,7,10000,subtract,eager,production,0,1261000,5000,5000,5000,5000,5000,5000,10000,20000,1,1,1,5000,1.0,20,1
14,sparse,partial,reverse,u64,0,all,1,0,memory,7,10000,subtract,eager,native,0,13742500,5000,5000,5000,5000,5000,5000,10000,20000,1,1,1,5000,1.0,20,1
14,sparse,partial,reverse,u64,0,all,1,0,memory,7,10000,subtract,eager,native,1,12659600,5000,5000,5000,5000,5000,5000,10000,20000,1,1,1,5000,1.0,20,1
14,sparse,partial,reverse,u64,0,all,1,0,memory,7,10000,subtract,eager,production,1,1441700,5000,5000,5000,5000,5000,5000,10000,20000,1,1,1,5000,1.0,20,1
14,sparse,partial,reverse,u64,0,all,1,0,memory,7,10000,subtract,eager,production,2,1485300,5000,5000,5000,5000,5000,5000,10000,20000,1,1,1,5000,1.0,20,1
14,sparse,partial,reverse,u64,0,all,1,0,memory,7,10000,subtract,eager,native,2,16902400,5000,5000,5000,5000,5000,5000,10000,20000,1,1,1,5000,1.0,20,1
14,sparse,partial,reverse,u64,0,all,1,0,memory,7,10000,subtract,lazy_complete,production,0,1822500,5000,5000,5000,5000,5000,5000,10000,20000,1,1,1,5000,1.0,20,1
14,sparse,partial,reverse,u64,0,all,1,0,memory,7,10000,subtract,lazy_complete,native,0,16227200,5000,5000,5000,5000,5000,5000,10000,20000,1,1,1,5000,1.0,20,1
14,sparse,partial,reverse,u64,0,all,1,0,memory,7,10000,subtract,lazy_complete,native,1,16786300,5000,5000,5000,5000,5000,5000,10000,20000,1,1,1,5000,1.0,20,1
14,sparse,partial,reverse,u64,0,all,1,0,memory,7,10000,subtract,lazy_complete,production,1,1771000,5000,5000,5000,5000,5000,5000,10000,20000,1,1,1,5000,1.0,20,1
14,sparse,partial,reverse,u64,0,all,1,0,memory,7,10000,subtract,lazy_complete,production,2,1298300,5000,5000,5000,5000,5000,5000,10000,20000,1,1,1,5000,1.0,20,1
14,sparse,partial,reverse,u64,0,all,1,0,memory,7,10000,subtract,lazy_complete,native,2,13031400,5000,5000,5000,5000,5000,5000,10000,20000,1,1,1,5000,1.0,20,1
14,sparse,partial,reverse,u64,0,all,1,0,memory,7,10000,intersect,eager,production,0,1283700,5000,5000,5000,5000,5000,5000,5000,20000,1,1,1,5000,1.0,20,1
14,sparse,partial,reverse,u64,0,all,1,0,memory,7,10000,intersect,eager,native,0,12124200,5000,5000,5000,5000,5000,5000,5000,20000,1,1,1,5000,1.0,20,1
14,sparse,partial,reverse,u64,0,all,1,0,memory,7,10000,intersect,eager,native,1,10798200,5000,5000,5000,5000,5000,5000,5000,20000,1,1,1,5000,1.0,20,1
14,sparse,partial,reverse,u64,0,all,1,0,memory,7,10000,intersect,eager,production,1,975400,5000,5000,5000,5000,5000,5000,5000,20000,1,1,1,5000,1.0,20,1
14,sparse,partial,reverse,u64,0,all,1,0,memory,7,10000,intersect,eager,production,2,1286000,5000,5000,5000,5000,5000,5000,5000,20000,1,1,1,5000,1.0,20,1
14,sparse,partial,reverse,u64,0,all,1,0,memory,7,10000,intersect,eager,native,2,11917900,5000,5000,5000,5000,5000,5000,5000,20000,1,1,1,5000,1.0,20,1
14,sparse,partial,reverse,u64,0,all,1,0,memory,7,10000,intersect,lazy_complete,production,0,1738700,5000,5000,5000,5000,5000,5000,5000,20000,1,1,1,5000,1.0,20,1
14,sparse,partial,reverse,u64,0,all,1,0,memory,7,10000,intersect,lazy_complete,native,0,13572600,5000,5000,5000,5000,5000,5000,5000,20000,1,1,1,5000,1.0,20,1
14,sparse,partial,reverse,u64,0,all,1,0,memory,7,10000,intersect,lazy_complete,native,1,13048200,5000,5000,5000,5000,5000,5000,5000,20000,1,1,1,5000,1.0,20,1
14,sparse,partial,reverse,u64,0,all,1,0,memory,7,10000,intersect,lazy_complete,production,1,1482900,5000,5000,5000,5000,5000,5000,5000,20000,1,1,1,5000,1.0,20,1
14,sparse,partial,reverse,u64,0,all,1,0,memory,7,10000,intersect,lazy_complete,production,2,1466500,5000,5000,5000,5000,5000,5000,5000,20000,1,1,1,5000,1.0,20,1
14,sparse,partial,reverse,u64,0,all,1,0,memory,7,10000,intersect,lazy_complete,native,2,11797800,5000,5000,5000,5000,5000,5000,5000,20000,1,1,1,5000,1.0,20,1
14,sparse,partial,reverse,u64,0,all,1,0,memory,7,100000,subtract,eager,production,0,5289400,50000,50000,50000,50000,50000,50000,100000,200000,1,1,1,50000,1.0,24,1
14,sparse,partial,reverse,u64,0,all,1,0,memory,7,100000,subtract,eager,native,0,46508000,50000,50000,50000,50000,50000,50000,100000,200000,1,1,1,50000,1.0,24,1
14,sparse,partial,reverse,u64,0,all,1,0,memory,7,100000,subtract,eager,native,1,47540300,50000,50000,50000,50000,50000,50000,100000,200000,1,1,1,50000,1.0,24,1
14,sparse,partial,reverse,u64,0,all,1,0,memory,7,100000,subtract,eager,production,1,5287400,50000,50000,50000,50000,50000,50000,100000,200000,1,1,1,50000,1.0,24,1
14,sparse,partial,reverse,u64,0,all,1,0,memory,7,100000,subtract,eager,production,2,4544300,50000,50000,50000,50000,50000,50000,100000,200000,1,1,1,50000,1.0,24,1
14,sparse,partial,reverse,u64,0,all,1,0,memory,7,100000,subtract,eager,native,2,50083100,50000,50000,50000,50000,50000,50000,100000,200000,1,1,1,50000,1.0,24,1
14,sparse,partial,reverse,u64,0,all,1,0,memory,7,100000,subtract,lazy_complete,production,0,7479400,50000,50000,50000,50000,50000,50000,100000,200000,1,1,1,50000,1.0,24,1
14,sparse,partial,reverse,u64,0,all,1,0,memory,7,100000,subtract,lazy_complete,native,0,56214600,50000,50000,50000,50000,50000,50000,100000,200000,1,1,1,50000,1.0,24,1
14,sparse,partial,reverse,u64,0,all,1,0,memory,7,100000,subtract,lazy_complete,native,1,50315000,50000,50000,50000,50000,50000,50000,100000,200000,1,1,1,50000,1.0,24,1
14,sparse,partial,reverse,u64,0,all,1,0,memory,7,100000,subtract,lazy_complete,production,1,7304400,50000,50000,50000,50000,50000,50000,100000,200000,1,1,1,50000,1.0,24,1
14,sparse,partial,reverse,u64,0,all,1,0,memory,7,100000,subtract,lazy_complete,production,2,7974900,50000,50000,50000,50000,50000,50000,100000,200000,1,1,1,50000,1.0,24,1
14,sparse,partial,reverse,u64,0,all,1,0,memory,7,100000,subtract,lazy_complete,native,2,51878500,50000,50000,50000,50000,50000,50000,100000,200000,1,1,1,50000,1.0,24,1
14,sparse,partial,reverse,u64,0,all,1,0,memory,7,100000,intersect,eager,production,0,5861900,50000,50000,50000,50000,50000,50000,50000,200000,1,1,1,50000,1.0,24,1
14,sparse,partial,reverse,u64,0,all,1,0,memory,7,100000,intersect,eager,native,0,55147100,50000,50000,50000,50000,50000,50000,50000,200000,1,1,1,50000,1.0,24,1
14,sparse,partial,reverse,u64,0,all,1,0,memory,7,100000,intersect,eager,native,1,46579400,50000,50000,50000,50000,50000,50000,50000,200000,1,1,1,50000,1.0,24,1
14,sparse,partial,reverse,u64,0,all,1,0,memory,7,100000,intersect,eager,production,1,4449800,50000,50000,50000,50000,50000,50000,50000,200000,1,1,1,50000,1.0,24,1
14,sparse,partial,reverse,u64,0,all,1,0,memory,7,100000,intersect,eager,production,2,5092500,50000,50000,50000,50000,50000,50000,50000,200000,1,1,1,50000,1.0,24,1
14,sparse,partial,reverse,u64,0,all,1,0,memory,7,100000,intersect,eager,native,2,55430000,50000,50000,50000,50000,50000,50000,50000,200000,1,1,1,50000,1.0,24,1
14,sparse,partial,reverse,u64,0,all,1,0,memory,7,100000,intersect,lazy_complete,production,0,7658500,50000,50000,50000,50000,50000,50000,50000,200000,1,1,1,50000,1.0,24,1
14,sparse,partial,reverse,u64,0,all,1,0,memory,7,100000,intersect,lazy_complete,native,0,48955700,50000,50000,50000,50000,50000,50000,50000,200000,1,1,1,50000,1.0,24,1
14,sparse,partial,reverse,u64,0,all,1,0,memory,7,100000,intersect,lazy_complete,native,1,48845600,50000,50000,50000,50000,50000,50000,50000,200000,1,1,1,50000,1.0,24,1
14,sparse,partial,reverse,u64,0,all,1,0,memory,7,100000,intersect,lazy_complete,production,1,6738900,50000,50000,50000,50000,50000,50000,50000,200000,1,1,1,50000,1.0,24,1
14,sparse,partial,reverse,u64,0,all,1,0,memory,7,100000,intersect,lazy_complete,production,2,7286400,50000,50000,50000,50000,50000,50000,50000,200000,1,1,1,50000,1.0,24,1
14,sparse,partial,reverse,u64,0,all,1,0,memory,7,100000,intersect,lazy_complete,native,2,60560800,50000,50000,50000,50000,50000,50000,50000,200000,1,1,1,50000,1.0,24,1
15,empty_left,start,shuffled,i64,0,all,1,0,memory,7,8,subtract,eager,production,0,552000,0,8,0,8,0,8,0,16,0,0,0,0,0,1,1
15,empty_left,start,shuffled,i64,0,all,1,0,memory,7,8,subtract,eager,native,0,6029200,0,8,0,8,0,8,0,16,0,0,0,0,0,1,1
15,empty_left,start,shuffled,i64,0,all,1,0,memory,7,8,subtract,eager,native,1,4675900,0,8,0,8,0,8,0,16,0,0,0,0,0,1,1
15,empty_left,start,shuffled,i64,0,all,1,0,memory,7,8,subtract,eager,production,1,680700,0,8,0,8,0,8,0,16,0,0,0,0,0,1,1
15,empty_left,start,shuffled,i64,0,all,1,0,memory,7,8,subtract,eager,production,2,528900,0,8,0,8,0,8,0,16,0,0,0,0,0,1,1
15,empty_left,start,shuffled,i64,0,all,1,0,memory,7,8,subtract,eager,native,2,5434400,0,8,0,8,0,8,0,16,0,0,0,0,0,1,1
15,empty_left,start,shuffled,i64,0,all,1,0,memory,7,8,subtract,lazy_complete,production,0,781800,0,8,0,8,0,8,0,16,0,0,0,0,0,1,1
15,empty_left,start,shuffled,i64,0,all,1,0,memory,7,8,subtract,lazy_complete,native,0,5173000,0,8,0,8,0,8,0,16,0,0,0,0,0,1,1
15,empty_left,start,shuffled,i64,0,all,1,0,memory,7,8,subtract,lazy_complete,native,1,5356600,0,8,0,8,0,8,0,16,0,0,0,0,0,1,1
15,empty_left,start,shuffled,i64,0,all,1,0,memory,7,8,subtract,lazy_complete,production,1,986300,0,8,0,8,0,8,0,16,0,0,0,0,0,1,1
15,empty_left,start,shuffled,i64,0,all,1,0,memory,7,8,subtract,lazy_complete,production,2,850200,0,8,0,8,0,8,0,16,0,0,0,0,0,1,1
15,empty_left,start,shuffled,i64,0,all,1,0,memory,7,8,subtract,lazy_complete,native,2,3873800,0,8,0,8,0,8,0,16,0,0,0,0,0,1,1
15,empty_left,start,shuffled,i64,0,all,1,0,memory,7,8,intersect,eager,production,0,584300,0,8,0,8,0,8,0,16,0,0,0,0,0,1,1
15,empty_left,start,shuffled,i64,0,all,1,0,memory,7,8,intersect,eager,native,0,4424400,0,8,0,8,0,8,0,16,0,0,0,0,0,1,1
15,empty_left,start,shuffled,i64,0,all,1,0,memory,7,8,intersect,eager,native,1,4703000,0,8,0,8,0,8,0,16,0,0,0,0,0,1,1
15,empty_left,start,shuffled,i64,0,all,1,0,memory,7,8,intersect,eager,production,1,734500,0,8,0,8,0,8,0,16,0,0,0,0,0,1,1
15,empty_left,start,shuffled,i64,0,all,1,0,memory,7,8,intersect,eager,production,2,635300,0,8,0,8,0,8,0,16,0,0,0,0,0,1,1
15,empty_left,start,shuffled,i64,0,all,1,0,memory,7,8,intersect,eager,native,2,5255600,0,8,0,8,0,8,0,16,0,0,0,0,0,1,1
15,empty_left,start,shuffled,i64,0,all,1,0,memory,7,8,intersect,lazy_complete,production,0,804800,0,8,0,8,0,8,0,16,0,0,0,0,0,1,1
15,empty_left,start,shuffled,i64,0,all,1,0,memory,7,8,intersect,lazy_complete,native,0,4350800,0,8,0,8,0,8,0,16,0,0,0,0,0,1,1
15,empty_left,start,shuffled,i64,0,all,1,0,memory,7,8,intersect,lazy_complete,native,1,4444700,0,8,0,8,0,8,0,16,0,0,0,0,0,1,1
15,empty_left,start,shuffled,i64,0,all,1,0,memory,7,8,intersect,lazy_complete,production,1,940200,0,8,0,8,0,8,0,16,0,0,0,0,0,1,1
15,empty_left,start,shuffled,i64,0,all,1,0,memory,7,8,intersect,lazy_complete,production,2,1017600,0,8,0,8,0,8,0,16,0,0,0,0,0,1,1
15,empty_left,start,shuffled,i64,0,all,1,0,memory,7,8,intersect,lazy_complete,native,2,5154800,0,8,0,8,0,8,0,16,0,0,0,0,0,1,1
15,empty_left,start,shuffled,i64,0,all,1,0,memory,7,1000,subtract,eager,production,0,795700,0,1000,0,1000,0,1000,0,2000,0,0,0,0,0,1,4
15,empty_left,start,shuffled,i64,0,all,1,0,memory,7,1000,subtract,eager,native,0,7414900,0,1000,0,1000,0,1000,0,2000,0,0,0,0,0,1,4
15,empty_left,start,shuffled,i64,0,all,1,0,memory,7,1000,subtract,eager,native,1,6298100,0,1000,0,1000,0,1000,0,2000,0,0,0,0,0,1,4
15,empty_left,start,shuffled,i64,0,all,1,0,memory,7,1000,subtract,eager,production,1,806100,0,1000,0,1000,0,1000,0,2000,0,0,0,0,0,1,4
15,empty_left,start,shuffled,i64,0,all,1,0,memory,7,1000,subtract,eager,production,2,563300,0,1000,0,1000,0,1000,0,2000,0,0,0,0,0,1,4
15,empty_left,start,shuffled,i64,0,all,1,0,memory,7,1000,subtract,eager,native,2,7008400,0,1000,0,1000,0,1000,0,2000,0,0,0,0,0,1,4
15,empty_left,start,shuffled,i64,0,all,1,0,memory,7,1000,subtract,lazy_complete,production,0,1048500,0,1000,0,1000,0,1000,0,2000,0,0,0,0,0,1,4
15,empty_left,start,shuffled,i64,0,all,1,0,memory,7,1000,subtract,lazy_complete,native,0,6346000,0,1000,0,1000,0,1000,0,2000,0,0,0,0,0,1,4
15,empty_left,start,shuffled,i64,0,all,1,0,memory,7,1000,subtract,lazy_complete,native,1,6145000,0,1000,0,1000,0,1000,0,2000,0,0,0,0,0,1,4
15,empty_left,start,shuffled,i64,0,all,1,0,memory,7,1000,subtract,lazy_complete,production,1,1193600,0,1000,0,1000,0,1000,0,2000,0,0,0,0,0,1,4
15,empty_left,start,shuffled,i64,0,all,1,0,memory,7,1000,subtract,lazy_complete,production,2,1077700,0,1000,0,1000,0,1000,0,2000,0,0,0,0,0,1,4
15,empty_left,start,shuffled,i64,0,all,1,0,memory,7,1000,subtract,lazy_complete,native,2,6647400,0,1000,0,1000,0,1000,0,2000,0,0,0,0,0,1,4
15,empty_left,start,shuffled,i64,0,all,1,0,memory,7,1000,intersect,eager,production,0,857000,0,1000,0,1000,0,1000,0,2000,0,0,0,0,0,1,4
15,empty_left,start,shuffled,i64,0,all,1,0,memory,7,1000,intersect,eager,native,0,6814900,0,1000,0,1000,0,1000,0,2000,0,0,0,0,0,1,4
15,empty_left,start,shuffled,i64,0,all,1,0,memory,7,1000,intersect,eager,native,1,7283900,0,1000,0,1000,0,1000,0,2000,0,0,0,0,0,1,4
15,empty_left,start,shuffled,i64,0,all,1,0,memory,7,1000,intersect,eager,production,1,803700,0,1000,0,1000,0,1000,0,2000,0,0,0,0,0,1,4
15,empty_left,start,shuffled,i64,0,all,1,0,memory,7,1000,intersect,eager,production,2,751400,0,1000,0,1000,0,1000,0,2000,0,0,0,0,0,1,4
15,empty_left,start,shuffled,i64,0,all,1,0,memory,7,1000,intersect,eager,native,2,7971700,0,1000,0,1000,0,1000,0,2000,0,0,0,0,0,1,4
15,empty_left,start,shuffled,i64,0,all,1,0,memory,7,1000,intersect,lazy_complete,production,0,1216000,0,1000,0,1000,0,1000,0,2000,0,0,0,0,0,1,4
15,empty_left,start,shuffled,i64,0,all,1,0,memory,7,1000,intersect,lazy_complete,native,0,6884300,0,1000,0,1000,0,1000,0,2000,0,0,0,0,0,1,4
15,empty_left,start,shuffled,i64,0,all,1,0,memory,7,1000,intersect,lazy_complete,native,1,6548900,0,1000,0,1000,0,1000,0,2000,0,0,0,0,0,1,4
15,empty_left,start,shuffled,i64,0,all,1,0,memory,7,1000,intersect,lazy_complete,production,1,1062800,0,1000,0,1000,0,1000,0,2000,0,0,0,0,0,1,4
15,empty_left,start,shuffled,i64,0,all,1,0,memory,7,1000,intersect,lazy_complete,production,2,843000,0,1000,0,1000,0,1000,0,2000,0,0,0,0,0,1,4
15,empty_left,start,shuffled,i64,0,all,1,0,memory,7,1000,intersect,lazy_complete,native,2,6338900,0,1000,0,1000,0,1000,0,2000,0,0,0,0,0,1,4
15,empty_left,start,shuffled,i64,0,all,1,0,memory,7,10000,subtract,eager,production,0,1399400,0,10000,0,10000,0,10000,0,20000,0,0,0,0,0,1,24
15,empty_left,start,shuffled,i64,0,all,1,0,memory,7,10000,subtract,eager,native,0,11261800,0,10000,0,10000,0,10000,0,20000,0,0,0,0,0,1,24
15,empty_left,start,shuffled,i64,0,all,1,0,memory,7,10000,subtract,eager,native,1,11473500,0,10000,0,10000,0,10000,0,20000,0,0,0,0,0,1,24
15,empty_left,start,shuffled,i64,0,all,1,0,memory,7,10000,subtract,eager,production,1,1058100,0,10000,0,10000,0,10000,0,20000,0,0,0,0,0,1,24
15,empty_left,start,shuffled,i64,0,all,1,0,memory,7,10000,subtract,eager,production,2,895200,0,10000,0,10000,0,10000,0,20000,0,0,0,0,0,1,24
15,empty_left,start,shuffled,i64,0,all,1,0,memory,7,10000,subtract,eager,native,2,13209800,0,10000,0,10000,0,10000,0,20000,0,0,0,0,0,1,24
15,empty_left,start,shuffled,i64,0,all,1,0,memory,7,10000,subtract,lazy_complete,production,0,1304900,0,10000,0,10000,0,10000,0,20000,0,0,0,0,0,1,24
15,empty_left,start,shuffled,i64,0,all,1,0,memory,7,10000,subtract,lazy_complete,native,0,9650500,0,10000,0,10000,0,10000,0,20000,0,0,0,0,0,1,24
15,empty_left,start,shuffled,i64,0,all,1,0,memory,7,10000,subtract,lazy_complete,native,1,10727900,0,10000,0,10000,0,10000,0,20000,0,0,0,0,0,1,24
15,empty_left,start,shuffled,i64,0,all,1,0,memory,7,10000,subtract,lazy_complete,production,1,1362100,0,10000,0,10000,0,10000,0,20000,0,0,0,0,0,1,24
15,empty_left,start,shuffled,i64,0,all,1,0,memory,7,10000,subtract,lazy_complete,production,2,1055600,0,10000,0,10000,0,10000,0,20000,0,0,0,0,0,1,24
15,empty_left,start,shuffled,i64,0,all,1,0,memory,7,10000,subtract,lazy_complete,native,2,9672100,0,10000,0,10000,0,10000,0,20000,0,0,0,0,0,1,24
15,empty_left,start,shuffled,i64,0,all,1,0,memory,7,10000,intersect,eager,production,0,1085000,0,10000,0,10000,0,10000,0,20000,0,0,0,0,0,1,24
15,empty_left,start,shuffled,i64,0,all,1,0,memory,7,10000,intersect,eager,native,0,13585600,0,10000,0,10000,0,10000,0,20000,0,0,0,0,0,1,24
15,empty_left,start,shuffled,i64,0,all,1,0,memory,7,10000,intersect,eager,native,1,14068300,0,10000,0,10000,0,10000,0,20000,0,0,0,0,0,1,24
15,empty_left,start,shuffled,i64,0,all,1,0,memory,7,10000,intersect,eager,production,1,1479300,0,10000,0,10000,0,10000,0,20000,0,0,0,0,0,1,24
15,empty_left,start,shuffled,i64,0,all,1,0,memory,7,10000,intersect,eager,production,2,999500,0,10000,0,10000,0,10000,0,20000,0,0,0,0,0,1,24
15,empty_left,start,shuffled,i64,0,all,1,0,memory,7,10000,intersect,eager,native,2,14737500,0,10000,0,10000,0,10000,0,20000,0,0,0,0,0,1,24
15,empty_left,start,shuffled,i64,0,all,1,0,memory,7,10000,intersect,lazy_complete,production,0,1934300,0,10000,0,10000,0,10000,0,20000,0,0,0,0,0,1,24
15,empty_left,start,shuffled,i64,0,all,1,0,memory,7,10000,intersect,lazy_complete,native,0,13449500,0,10000,0,10000,0,10000,0,20000,0,0,0,0,0,1,24
15,empty_left,start,shuffled,i64,0,all,1,0,memory,7,10000,intersect,lazy_complete,native,1,14295100,0,10000,0,10000,0,10000,0,20000,0,0,0,0,0,1,24
15,empty_left,start,shuffled,i64,0,all,1,0,memory,7,10000,intersect,lazy_complete,production,1,1692400,0,10000,0,10000,0,10000,0,20000,0,0,0,0,0,1,24
15,empty_left,start,shuffled,i64,0,all,1,0,memory,7,10000,intersect,lazy_complete,production,2,1195900,0,10000,0,10000,0,10000,0,20000,0,0,0,0,0,1,24
15,empty_left,start,shuffled,i64,0,all,1,0,memory,7,10000,intersect,lazy_complete,native,2,14115700,0,10000,0,10000,0,10000,0,20000,0,0,0,0,0,1,24
15,empty_left,start,shuffled,i64,0,all,1,0,memory,7,100000,subtract,eager,production,0,2224400,0,100000,0,100000,0,100000,0,200000,0,0,0,0,0,1,24
15,empty_left,start,shuffled,i64,0,all,1,0,memory,7,100000,subtract,eager,native,0,53527600,0,100000,0,100000,0,100000,0,200000,0,0,0,0,0,1,24
15,empty_left,start,shuffled,i64,0,all,1,0,memory,7,100000,subtract,eager,native,1,50079300,0,100000,0,100000,0,100000,0,200000,0,0,0,0,0,1,24
15,empty_left,start,shuffled,i64,0,all,1,0,memory,7,100000,subtract,eager,production,1,1727000,0,100000,0,100000,0,100000,0,200000,0,0,0,0,0,1,24
15,empty_left,start,shuffled,i64,0,all,1,0,memory,7,100000,subtract,eager,production,2,1487700,0,100000,0,100000,0,100000,0,200000,0,0,0,0,0,1,24
15,empty_left,start,shuffled,i64,0,all,1,0,memory,7,100000,subtract,eager,native,2,54851000,0,100000,0,100000,0,100000,0,200000,0,0,0,0,0,1,24
15,empty_left,start,shuffled,i64,0,all,1,0,memory,7,100000,subtract,lazy_complete,production,0,4914100,0,100000,0,100000,0,100000,0,200000,0,0,0,0,0,1,24
15,empty_left,start,shuffled,i64,0,all,1,0,memory,7,100000,subtract,lazy_complete,native,0,41516800,0,100000,0,100000,0,100000,0,200000,0,0,0,0,0,1,24
15,empty_left,start,shuffled,i64,0,all,1,0,memory,7,100000,subtract,lazy_complete,native,1,40648800,0,100000,0,100000,0,100000,0,200000,0,0,0,0,0,1,24
15,empty_left,start,shuffled,i64,0,all,1,0,memory,7,100000,subtract,lazy_complete,production,1,4026900,0,100000,0,100000,0,100000,0,200000,0,0,0,0,0,1,24
15,empty_left,start,shuffled,i64,0,all,1,0,memory,7,100000,subtract,lazy_complete,production,2,3989400,0,100000,0,100000,0,100000,0,200000,0,0,0,0,0,1,24
15,empty_left,start,shuffled,i64,0,all,1,0,memory,7,100000,subtract,lazy_complete,native,2,45704300,0,100000,0,100000,0,100000,0,200000,0,0,0,0,0,1,24
15,empty_left,start,shuffled,i64,0,all,1,0,memory,7,100000,intersect,eager,production,0,1980600,0,100000,0,100000,0,100000,0,200000,0,0,0,0,0,1,24
15,empty_left,start,shuffled,i64,0,all,1,0,memory,7,100000,intersect,eager,native,0,44184100,0,100000,0,100000,0,100000,0,200000,0,0,0,0,0,1,24
15,empty_left,start,shuffled,i64,0,all,1,0,memory,7,100000,intersect,eager,native,1,43272500,0,100000,0,100000,0,100000,0,200000,0,0,0,0,0,1,24
15,empty_left,start,shuffled,i64,0,all,1,0,memory,7,100000,intersect,eager,production,1,1607800,0,100000,0,100000,0,100000,0,200000,0,0,0,0,0,1,24
15,empty_left,start,shuffled,i64,0,all,1,0,memory,7,100000,intersect,eager,production,2,1140300,0,100000,0,100000,0,100000,0,200000,0,0,0,0,0,1,24
15,empty_left,start,shuffled,i64,0,all,1,0,memory,7,100000,intersect,eager,native,2,41202700,0,100000,0,100000,0,100000,0,200000,0,0,0,0,0,1,24
15,empty_left,start,shuffled,i64,0,all,1,0,memory,7,100000,intersect,lazy_complete,production,0,4473400,0,100000,0,100000,0,100000,0,200000,0,0,0,0,0,1,24
15,empty_left,start,shuffled,i64,0,all,1,0,memory,7,100000,intersect,lazy_complete,native,0,40180500,0,100000,0,100000,0,100000,0,200000,0,0,0,0,0,1,24
15,empty_left,start,shuffled,i64,0,all,1,0,memory,7,100000,intersect,lazy_complete,native,1,40654800,0,100000,0,100000,0,100000,0,200000,0,0,0,0,0,1,24
15,empty_left,start,shuffled,i64,0,all,1,0,memory,7,100000,intersect,lazy_complete,production,1,3963400,0,100000,0,100000,0,100000,0,200000,0,0,0,0,0,1,24
15,empty_left,start,shuffled,i64,0,all,1,0,memory,7,100000,intersect,lazy_complete,production,2,3949000,0,100000,0,100000,0,100000,0,200000,0,0,0,0,0,1,24
15,empty_left,start,shuffled,i64,0,all,1,0,memory,7,100000,intersect,lazy_complete,native,2,45646100,0,100000,0,100000,0,100000,0,200000,0,0,0,0,0,1,24
16,empty_rows,start,shuffled,i64,32,all,7,0,memory,7,8,subtract,eager,production,0,687600,4,4,0,0,0,0,0,8,4,4,1.0,1,0.25,4,4
16,empty_rows,start,shuffled,i64,32,all,7,0,memory,7,8,subtract,eager,native,0,4701300,4,4,0,0,0,0,0,8,4,4,1.0,1,0.25,4,4
16,empty_rows,start,shuffled,i64,32,all,7,0,memory,7,8,subtract,eager,native,1,4747400,4,4,0,0,0,0,0,8,4,4,1.0,1,0.25,4,4
16,empty_rows,start,shuffled,i64,32,all,7,0,memory,7,8,subtract,eager,production,1,830500,4,4,0,0,0,0,0,8,4,4,1.0,1,0.25,4,4
16,empty_rows,start,shuffled,i64,32,all,7,0,memory,7,8,subtract,eager,production,2,616500,4,4,0,0,0,0,0,8,4,4,1.0,1,0.25,4,4
16,empty_rows,start,shuffled,i64,32,all,7,0,memory,7,8,subtract,eager,native,2,5634100,4,4,0,0,0,0,0,8,4,4,1.0,1,0.25,4,4
16,empty_rows,start,shuffled,i64,32,all,7,0,memory,7,8,subtract,lazy_complete,production,0,1250400,4,4,0,0,0,0,0,8,4,4,1.0,1,0.25,4,4
16,empty_rows,start,shuffled,i64,32,all,7,0,memory,7,8,subtract,lazy_complete,native,0,5195000,4,4,0,0,0,0,0,8,4,4,1.0,1,0.25,4,4
16,empty_rows,start,shuffled,i64,32,all,7,0,memory,7,8,subtract,lazy_complete,native,1,4603100,4,4,0,0,0,0,0,8,4,4,1.0,1,0.25,4,4
16,empty_rows,start,shuffled,i64,32,all,7,0,memory,7,8,subtract,lazy_complete,production,1,1500100,4,4,0,0,0,0,0,8,4,4,1.0,1,0.25,4,4
16,empty_rows,start,shuffled,i64,32,all,7,0,memory,7,8,subtract,lazy_complete,production,2,1288000,4,4,0,0,0,0,0,8,4,4,1.0,1,0.25,4,4
16,empty_rows,start,shuffled,i64,32,all,7,0,memory,7,8,subtract,lazy_complete,native,2,4821800,4,4,0,0,0,0,0,8,4,4,1.0,1,0.25,4,4
16,empty_rows,start,shuffled,i64,32,all,7,0,memory,7,8,intersect,eager,production,0,690100,4,4,0,0,0,0,0,8,4,4,1.0,1,0.25,4,4
16,empty_rows,start,shuffled,i64,32,all,7,0,memory,7,8,intersect,eager,native,0,4646800,4,4,0,0,0,0,0,8,4,4,1.0,1,0.25,4,4
16,empty_rows,start,shuffled,i64,32,all,7,0,memory,7,8,intersect,eager,native,1,6475600,4,4,0,0,0,0,0,8,4,4,1.0,1,0.25,4,4
16,empty_rows,start,shuffled,i64,32,all,7,0,memory,7,8,intersect,eager,production,1,884400,4,4,0,0,0,0,0,8,4,4,1.0,1,0.25,4,4
16,empty_rows,start,shuffled,i64,32,all,7,0,memory,7,8,intersect,eager,production,2,802800,4,4,0,0,0,0,0,8,4,4,1.0,1,0.25,4,4
16,empty_rows,start,shuffled,i64,32,all,7,0,memory,7,8,intersect,eager,native,2,5526700,4,4,0,0,0,0,0,8,4,4,1.0,1,0.25,4,4
16,empty_rows,start,shuffled,i64,32,all,7,0,memory,7,8,intersect,lazy_complete,production,0,1069500,4,4,0,0,0,0,0,8,4,4,1.0,1,0.25,4,4
16,empty_rows,start,shuffled,i64,32,all,7,0,memory,7,8,intersect,lazy_complete,native,0,5105300,4,4,0,0,0,0,0,8,4,4,1.0,1,0.25,4,4
16,empty_rows,start,shuffled,i64,32,all,7,0,memory,7,8,intersect,lazy_complete,native,1,5179200,4,4,0,0,0,0,0,8,4,4,1.0,1,0.25,4,4
16,empty_rows,start,shuffled,i64,32,all,7,0,memory,7,8,intersect,lazy_complete,production,1,1422300,4,4,0,0,0,0,0,8,4,4,1.0,1,0.25,4,4
16,empty_rows,start,shuffled,i64,32,all,7,0,memory,7,8,intersect,lazy_complete,production,2,1271300,4,4,0,0,0,0,0,8,4,4,1.0,1,0.25,4,4
16,empty_rows,start,shuffled,i64,32,all,7,0,memory,7,8,intersect,lazy_complete,native,2,4995500,4,4,0,0,0,0,0,8,4,4,1.0,1,0.25,4,4
16,empty_rows,start,shuffled,i64,32,all,7,0,memory,7,1000,subtract,eager,production,0,1320100,500,500,0,0,0,0,0,1000,33,33,1.0,27,0.054,8,8
16,empty_rows,start,shuffled,i64,32,all,7,0,memory,7,1000,subtract,eager,native,0,7699100,500,500,0,0,0,0,0,1000,33,33,1.0,27,0.054,8,8
16,empty_rows,start,shuffled,i64,32,all,7,0,memory,7,1000,subtract,eager,native,1,7269800,500,500,0,0,0,0,0,1000,33,33,1.0,27,0.054,8,8
16,empty_rows,start,shuffled,i64,32,all,7,0,memory,7,1000,subtract,eager,production,1,1333600,500,500,0,0,0,0,0,1000,33,33,1.0,27,0.054,8,8
16,empty_rows,start,shuffled,i64,32,all,7,0,memory,7,1000,subtract,eager,production,2,1172900,500,500,0,0,0,0,0,1000,33,33,1.0,27,0.054,8,8
16,empty_rows,start,shuffled,i64,32,all,7,0,memory,7,1000,subtract,eager,native,2,7249600,500,500,0,0,0,0,0,1000,33,33,1.0,27,0.054,8,8
16,empty_rows,start,shuffled,i64,32,all,7,0,memory,7,1000,subtract,lazy_complete,production,0,1357000,500,500,0,0,0,0,0,1000,33,33,1.0,27,0.054,8,8
16,empty_rows,start,shuffled,i64,32,all,7,0,memory,7,1000,subtract,lazy_complete,native,0,6208800,500,500,0,0,0,0,0,1000,33,33,1.0,27,0.054,8,8
16,empty_rows,start,shuffled,i64,32,all,7,0,memory,7,1000,subtract,lazy_complete,native,1,7464800,500,500,0,0,0,0,0,1000,33,33,1.0,27,0.054,8,8
16,empty_rows,start,shuffled,i64,32,all,7,0,memory,7,1000,subtract,lazy_complete,production,1,1552100,500,500,0,0,0,0,0,1000,33,33,1.0,27,0.054,8,8
16,empty_rows,start,shuffled,i64,32,all,7,0,memory,7,1000,subtract,lazy_complete,production,2,1160700,500,500,0,0,0,0,0,1000,33,33,1.0,27,0.054,8,8
16,empty_rows,start,shuffled,i64,32,all,7,0,memory,7,1000,subtract,lazy_complete,native,2,6410300,500,500,0,0,0,0,0,1000,33,33,1.0,27,0.054,8,8
16,empty_rows,start,shuffled,i64,32,all,7,0,memory,7,1000,intersect,eager,production,0,1215400,500,500,0,0,0,0,0,1000,33,33,1.0,27,0.054,8,8
16,empty_rows,start,shuffled,i64,32,all,7,0,memory,7,1000,intersect,eager,native,0,6844700,500,500,0,0,0,0,0,1000,33,33,1.0,27,0.054,8,8
16,empty_rows,start,shuffled,i64,32,all,7,0,memory,7,1000,intersect,eager,native,1,6908100,500,500,0,0,0,0,0,1000,33,33,1.0,27,0.054,8,8
16,empty_rows,start,shuffled,i64,32,all,7,0,memory,7,1000,intersect,eager,production,1,1487900,500,500,0,0,0,0,0,1000,33,33,1.0,27,0.054,8,8
16,empty_rows,start,shuffled,i64,32,all,7,0,memory,7,1000,intersect,eager,production,2,992500,500,500,0,0,0,0,0,1000,33,33,1.0,27,0.054,8,8
16,empty_rows,start,shuffled,i64,32,all,7,0,memory,7,1000,intersect,eager,native,2,6900700,500,500,0,0,0,0,0,1000,33,33,1.0,27,0.054,8,8
16,empty_rows,start,shuffled,i64,32,all,7,0,memory,7,1000,intersect,lazy_complete,production,0,1253600,500,500,0,0,0,0,0,1000,33,33,1.0,27,0.054,8,8
16,empty_rows,start,shuffled,i64,32,all,7,0,memory,7,1000,intersect,lazy_complete,native,0,5548900,500,500,0,0,0,0,0,1000,33,33,1.0,27,0.054,8,8
16,empty_rows,start,shuffled,i64,32,all,7,0,memory,7,1000,intersect,lazy_complete,native,1,5480300,500,500,0,0,0,0,0,1000,33,33,1.0,27,0.054,8,8
16,empty_rows,start,shuffled,i64,32,all,7,0,memory,7,1000,intersect,lazy_complete,production,1,1308900,500,500,0,0,0,0,0,1000,33,33,1.0,27,0.054,8,8
16,empty_rows,start,shuffled,i64,32,all,7,0,memory,7,1000,intersect,lazy_complete,production,2,1119600,500,500,0,0,0,0,0,1000,33,33,1.0,27,0.054,8,8
16,empty_rows,start,shuffled,i64,32,all,7,0,memory,7,1000,intersect,lazy_complete,native,2,5401900,500,500,0,0,0,0,0,1000,33,33,1.0,27,0.054,8,8
16,empty_rows,start,shuffled,i64,32,all,7,0,memory,7,10000,subtract,eager,production,0,2658600,5000,5000,0,0,0,0,0,10000,33,33,1.0,264,0.0528,8,27
16,empty_rows,start,shuffled,i64,32,all,7,0,memory,7,10000,subtract,eager,native,0,6327300,5000,5000,0,0,0,0,0,10000,33,33,1.0,264,0.0528,8,27
16,empty_rows,start,shuffled,i64,32,all,7,0,memory,7,10000,subtract,eager,native,1,6742000,5000,5000,0,0,0,0,0,10000,33,33,1.0,264,0.0528,8,27
16,empty_rows,start,shuffled,i64,32,all,7,0,memory,7,10000,subtract,eager,production,1,1968800,5000,5000,0,0,0,0,0,10000,33,33,1.0,264,0.0528,8,27
16,empty_rows,start,shuffled,i64,32,all,7,0,memory,7,10000,subtract,eager,production,2,2136600,5000,5000,0,0,0,0,0,10000,33,33,1.0,264,0.0528,8,27
16,empty_rows,start,shuffled,i64,32,all,7,0,memory,7,10000,subtract,eager,native,2,7003300,5000,5000,0,0,0,0,0,10000,33,33,1.0,264,0.0528,8,27
16,empty_rows,start,shuffled,i64,32,all,7,0,memory,7,10000,subtract,lazy_complete,production,0,2097600,5000,5000,0,0,0,0,0,10000,33,33,1.0,264,0.0528,8,27
16,empty_rows,start,shuffled,i64,32,all,7,0,memory,7,10000,subtract,lazy_complete,native,0,6434300,5000,5000,0,0,0,0,0,10000,33,33,1.0,264,0.0528,8,27
16,empty_rows,start,shuffled,i64,32,all,7,0,memory,7,10000,subtract,lazy_complete,native,1,5995600,5000,5000,0,0,0,0,0,10000,33,33,1.0,264,0.0528,8,27
16,empty_rows,start,shuffled,i64,32,all,7,0,memory,7,10000,subtract,lazy_complete,production,1,2607300,5000,5000,0,0,0,0,0,10000,33,33,1.0,264,0.0528,8,27
16,empty_rows,start,shuffled,i64,32,all,7,0,memory,7,10000,subtract,lazy_complete,production,2,2124200,5000,5000,0,0,0,0,0,10000,33,33,1.0,264,0.0528,8,27
16,empty_rows,start,shuffled,i64,32,all,7,0,memory,7,10000,subtract,lazy_complete,native,2,6587000,5000,5000,0,0,0,0,0,10000,33,33,1.0,264,0.0528,8,27
16,empty_rows,start,shuffled,i64,32,all,7,0,memory,7,10000,intersect,eager,production,0,2411100,5000,5000,0,0,0,0,0,10000,33,33,1.0,264,0.0528,8,27
16,empty_rows,start,shuffled,i64,32,all,7,0,memory,7,10000,intersect,eager,native,0,6864400,5000,5000,0,0,0,0,0,10000,33,33,1.0,264,0.0528,8,27
16,empty_rows,start,shuffled,i64,32,all,7,0,memory,7,10000,intersect,eager,native,1,6874500,5000,5000,0,0,0,0,0,10000,33,33,1.0,264,0.0528,8,27
16,empty_rows,start,shuffled,i64,32,all,7,0,memory,7,10000,intersect,eager,production,1,2229400,5000,5000,0,0,0,0,0,10000,33,33,1.0,264,0.0528,8,27
16,empty_rows,start,shuffled,i64,32,all,7,0,memory,7,10000,intersect,eager,production,2,1991800,5000,5000,0,0,0,0,0,10000,33,33,1.0,264,0.0528,8,27
16,empty_rows,start,shuffled,i64,32,all,7,0,memory,7,10000,intersect,eager,native,2,7697800,5000,5000,0,0,0,0,0,10000,33,33,1.0,264,0.0528,8,27
16,empty_rows,start,shuffled,i64,32,all,7,0,memory,7,10000,intersect,lazy_complete,production,0,2683000,5000,5000,0,0,0,0,0,10000,33,33,1.0,264,0.0528,8,27
16,empty_rows,start,shuffled,i64,32,all,7,0,memory,7,10000,intersect,lazy_complete,native,0,6498500,5000,5000,0,0,0,0,0,10000,33,33,1.0,264,0.0528,8,27
16,empty_rows,start,shuffled,i64,32,all,7,0,memory,7,10000,intersect,lazy_complete,native,1,6350000,5000,5000,0,0,0,0,0,10000,33,33,1.0,264,0.0528,8,27
16,empty_rows,start,shuffled,i64,32,all,7,0,memory,7,10000,intersect,lazy_complete,production,1,2570300,5000,5000,0,0,0,0,0,10000,33,33,1.0,264,0.0528,8,27
16,empty_rows,start,shuffled,i64,32,all,7,0,memory,7,10000,intersect,lazy_complete,production,2,2776500,5000,5000,0,0,0,0,0,10000,33,33,1.0,264,0.0528,8,27
16,empty_rows,start,shuffled,i64,32,all,7,0,memory,7,10000,intersect,lazy_complete,native,2,6372200,5000,5000,0,0,0,0,0,10000,33,33,1.0,264,0.0528,8,27
16,empty_rows,start,shuffled,i64,32,all,7,0,memory,7,100000,subtract,eager,production,0,4530500,50000,50000,0,0,0,0,0,100000,33,33,1.0,2632,0.05264,8,31
16,empty_rows,start,shuffled,i64,32,all,7,0,memory,7,100000,subtract,eager,native,0,8499300,50000,50000,0,0,0,0,0,100000,33,33,1.0,2632,0.05264,8,31
16,empty_rows,start,shuffled,i64,32,all,7,0,memory,7,100000,subtract,eager,native,1,7668700,50000,50000,0,0,0,0,0,100000,33,33,1.0,2632,0.05264,8,31
16,empty_rows,start,shuffled,i64,32,all,7,0,memory,7,100000,subtract,eager,production,1,4523900,50000,50000,0,0,0,0,0,100000,33,33,1.0,2632,0.05264,8,31
16,empty_rows,start,shuffled,i64,32,all,7,0,memory,7,100000,subtract,eager,production,2,5404900,50000,50000,0,0,0,0,0,100000,33,33,1.0,2632,0.05264,8,31
16,empty_rows,start,shuffled,i64,32,all,7,0,memory,7,100000,subtract,eager,native,2,7508700,50000,50000,0,0,0,0,0,100000,33,33,1.0,2632,0.05264,8,31
16,empty_rows,start,shuffled,i64,32,all,7,0,memory,7,100000,subtract,lazy_complete,production,0,8576400,50000,50000,0,0,0,0,0,100000,33,33,1.0,2632,0.05264,8,31
16,empty_rows,start,shuffled,i64,32,all,7,0,memory,7,100000,subtract,lazy_complete,native,0,20480000,50000,50000,0,0,0,0,0,100000,33,33,1.0,2632,0.05264,8,31
16,empty_rows,start,shuffled,i64,32,all,7,0,memory,7,100000,subtract,lazy_complete,native,1,7284100,50000,50000,0,0,0,0,0,100000,33,33,1.0,2632,0.05264,8,31
16,empty_rows,start,shuffled,i64,32,all,7,0,memory,7,100000,subtract,lazy_complete,production,1,9050600,50000,50000,0,0,0,0,0,100000,33,33,1.0,2632,0.05264,8,31
16,empty_rows,start,shuffled,i64,32,all,7,0,memory,7,100000,subtract,lazy_complete,production,2,8434000,50000,50000,0,0,0,0,0,100000,33,33,1.0,2632,0.05264,8,31
16,empty_rows,start,shuffled,i64,32,all,7,0,memory,7,100000,subtract,lazy_complete,native,2,7081000,50000,50000,0,0,0,0,0,100000,33,33,1.0,2632,0.05264,8,31
16,empty_rows,start,shuffled,i64,32,all,7,0,memory,7,100000,intersect,eager,production,0,6010900,50000,50000,0,0,0,0,0,100000,33,33,1.0,2632,0.05264,8,31
16,empty_rows,start,shuffled,i64,32,all,7,0,memory,7,100000,intersect,eager,native,0,12124800,50000,50000,0,0,0,0,0,100000,33,33,1.0,2632,0.05264,8,31
16,empty_rows,start,shuffled,i64,32,all,7,0,memory,7,100000,intersect,eager,native,1,12470200,50000,50000,0,0,0,0,0,100000,33,33,1.0,2632,0.05264,8,31
16,empty_rows,start,shuffled,i64,32,all,7,0,memory,7,100000,intersect,eager,production,1,5873300,50000,50000,0,0,0,0,0,100000,33,33,1.0,2632,0.05264,8,31
16,empty_rows,start,shuffled,i64,32,all,7,0,memory,7,100000,intersect,eager,production,2,4979700,50000,50000,0,0,0,0,0,100000,33,33,1.0,2632,0.05264,8,31
16,empty_rows,start,shuffled,i64,32,all,7,0,memory,7,100000,intersect,eager,native,2,12766300,50000,50000,0,0,0,0,0,100000,33,33,1.0,2632,0.05264,8,31
16,empty_rows,start,shuffled,i64,32,all,7,0,memory,7,100000,intersect,lazy_complete,production,0,8837800,50000,50000,0,0,0,0,0,100000,33,33,1.0,2632,0.05264,8,31
16,empty_rows,start,shuffled,i64,32,all,7,0,memory,7,100000,intersect,lazy_complete,native,0,8886500,50000,50000,0,0,0,0,0,100000,33,33,1.0,2632,0.05264,8,31
16,empty_rows,start,shuffled,i64,32,all,7,0,memory,7,100000,intersect,lazy_complete,native,1,8203600,50000,50000,0,0,0,0,0,100000,33,33,1.0,2632,0.05264,8,31
16,empty_rows,start,shuffled,i64,32,all,7,0,memory,7,100000,intersect,lazy_complete,production,1,8759400,50000,50000,0,0,0,0,0,100000,33,33,1.0,2632,0.05264,8,31
16,empty_rows,start,shuffled,i64,32,all,7,0,memory,7,100000,intersect,lazy_complete,production,2,10160900,50000,50000,0,0,0,0,0,100000,33,33,1.0,2632,0.05264,8,31
16,empty_rows,start,shuffled,i64,32,all,7,0,memory,7,100000,intersect,lazy_complete,native,2,9600300,50000,50000,0,0,0,0,0,100000,33,33,1.0,2632,0.05264,8,31
