case,dtype,family,left_order,right_order,left_share,seed,operation,n,left_n,right_n,method,sample,iterations,batch_ns,ns,peak_bytes,allocations,left_useful,right_useful,p,q,z,distinct_endpoints
0,i64,availability,start,start,50,7,subtract,0,0,0,union_scan,0,128,3300,25,0,0,0,0,0,0,0,0
0,i64,availability,start,start,50,7,subtract,0,0,0,fused,0,128,5100,39,0,0,0,0,0,0,0,0
0,i64,availability,start,start,50,7,subtract,0,0,0,events,0,128,2400,18,0,0,0,0,0,0,0,0
0,i64,availability,start,start,50,7,subtract,0,0,0,fused,1,128,5100,39,0,0,0,0,0,0,0,0
0,i64,availability,start,start,50,7,subtract,0,0,0,events,1,128,2400,18,0,0,0,0,0,0,0,0
0,i64,availability,start,start,50,7,subtract,0,0,0,union_scan,1,128,3300,25,0,0,0,0,0,0,0,0
0,i64,availability,start,start,50,7,subtract,0,0,0,events,2,128,2400,18,0,0,0,0,0,0,0,0
0,i64,availability,start,start,50,7,subtract,0,0,0,union_scan,2,128,3200,25,0,0,0,0,0,0,0,0
0,i64,availability,start,start,50,7,subtract,0,0,0,fused,2,128,5000,39,0,0,0,0,0,0,0,0
0,i64,availability,start,start,50,7,intersect,0,0,0,union_scan,0,128,2200,17,0,0,0,0,0,0,0,0
0,i64,availability,start,start,50,7,intersect,0,0,0,fused,0,128,4200,32,0,0,0,0,0,0,0,0
0,i64,availability,start,start,50,7,intersect,0,0,0,events,0,128,2500,19,0,0,0,0,0,0,0,0
0,i64,availability,start,start,50,7,intersect,0,0,0,fused,1,128,4200,32,0,0,0,0,0,0,0,0
0,i64,availability,start,start,50,7,intersect,0,0,0,events,1,128,2500,19,0,0,0,0,0,0,0,0
0,i64,availability,start,start,50,7,intersect,0,0,0,union_scan,1,128,2200,17,0,0,0,0,0,0,0,0
0,i64,availability,start,start,50,7,intersect,0,0,0,events,2,128,2400,18,0,0,0,0,0,0,0,0
0,i64,availability,start,start,50,7,intersect,0,0,0,union_scan,2,128,2200,17,0,0,0,0,0,0,0,0
0,i64,availability,start,start,50,7,intersect,0,0,0,fused,2,128,4200,32,0,0,0,0,0,0,0,0
0,u64,availability,start,start,50,7,subtract,0,0,0,union_scan,0,128,3400,26,0,0,0,0,0,0,0,0
0,u64,availability,start,start,50,7,subtract,0,0,0,fused,0,128,5300,41,0,0,0,0,0,0,0,0
0,u64,availability,start,start,50,7,subtract,0,0,0,events,0,128,2700,21,0,0,0,0,0,0,0,0
0,u64,availability,start,start,50,7,subtract,0,0,0,fused,1,128,5300,41,0,0,0,0,0,0,0,0
0,u64,availability,start,start,50,7,subtract,0,0,0,events,1,128,2600,20,0,0,0,0,0,0,0,0
0,u64,availability,start,start,50,7,subtract,0,0,0,union_scan,1,128,3400,26,0,0,0,0,0,0,0,0
0,u64,availability,start,start,50,7,subtract,0,0,0,events,2,128,2400,18,0,0,0,0,0,0,0,0
0,u64,availability,start,start,50,7,subtract,0,0,0,union_scan,2,128,3300,25,0,0,0,0,0,0,0,0
0,u64,availability,start,start,50,7,subtract,0,0,0,fused,2,128,5300,41,0,0,0,0,0,0,0,0
0,u64,availability,start,start,50,7,intersect,0,0,0,union_scan,0,128,1500,11,0,0,0,0,0,0,0,0
0,u64,availability,start,start,50,7,intersect,0,0,0,fused,0,128,4400,34,0,0,0,0,0,0,0,0
0,u64,availability,start,start,50,7,intersect,0,0,0,events,0,128,2500,19,0,0,0,0,0,0,0,0
0,u64,availability,start,start,50,7,intersect,0,0,0,fused,1,128,4500,35,0,0,0,0,0,0,0,0
0,u64,availability,start,start,50,7,intersect,0,0,0,events,1,128,2700,21,0,0,0,0,0,0,0,0
0,u64,availability,start,start,50,7,intersect,0,0,0,union_scan,1,128,1600,12,0,0,0,0,0,0,0,0
0,u64,availability,start,start,50,7,intersect,0,0,0,events,2,128,2500,19,0,0,0,0,0,0,0,0
0,u64,availability,start,start,50,7,intersect,0,0,0,union_scan,2,128,1500,11,0,0,0,0,0,0,0,0
0,u64,availability,start,start,50,7,intersect,0,0,0,fused,2,128,4400,34,0,0,0,0,0,0,0,0
0,i16,availability,start,start,50,7,subtract,0,0,0,union_scan,0,128,3400,26,0,0,0,0,0,0,0,0
0,i16,availability,start,start,50,7,subtract,0,0,0,fused,0,128,5100,39,0,0,0,0,0,0,0,0
0,i16,availability,start,start,50,7,subtract,0,0,0,events,0,128,3500,27,0,0,0,0,0,0,0,0
0,i16,availability,start,start,50,7,subtract,0,0,0,fused,1,128,5200,40,0,0,0,0,0,0,0,0
0,i16,availability,start,start,50,7,subtract,0,0,0,events,1,128,3500,27,0,0,0,0,0,0,0,0
0,i16,availability,start,start,50,7,subtract,0,0,0,union_scan,1,128,3400,26,0,0,0,0,0,0,0,0
0,i16,availability,start,start,50,7,subtract,0,0,0,events,2,128,3500,27,0,0,0,0,0,0,0,0
0,i16,availability,start,start,50,7,subtract,0,0,0,union_scan,2,128,3500,27,0,0,0,0,0,0,0,0
0,i16,availability,start,start,50,7,subtract,0,0,0,fused,2,128,5200,40,0,0,0,0,0,0,0,0
0,i16,availability,start,start,50,7,intersect,0,0,0,union_scan,0,128,1500,11,0,0,0,0,0,0,0,0
0,i16,availability,start,start,50,7,intersect,0,0,0,fused,0,128,4400,34,0,0,0,0,0,0,0,0
0,i16,availability,start,start,50,7,intersect,0,0,0,events,0,128,3200,25,0,0,0,0,0,0,0,0
0,i16,availability,start,start,50,7,intersect,0,0,0,fused,1,128,4400,34,0,0,0,0,0,0,0,0
0,i16,availability,start,start,50,7,intersect,0,0,0,events,1,128,3600,28,0,0,0,0,0,0,0,0
0,i16,availability,start,start,50,7,intersect,0,0,0,union_scan,1,128,1500,11,0,0,0,0,0,0,0,0
0,i16,availability,start,start,50,7,intersect,0,0,0,events,2,128,3200,25,0,0,0,0,0,0,0,0
0,i16,availability,start,start,50,7,intersect,0,0,0,union_scan,2,128,1500,11,0,0,0,0,0,0,0,0
0,i16,availability,start,start,50,7,intersect,0,0,0,fused,2,128,4400,34,0,0,0,0,0,0,0,0
0,i64,availability,start,start,50,7,subtract,8,4,4,union_scan,0,128,34900,272,256,4,4,4,4,4,8,16
0,i64,availability,start,start,50,7,subtract,8,4,4,fused,0,128,34000,265,256,4,4,4,4,4,8,16
0,i64,availability,start,start,50,7,subtract,8,4,4,events,0,128,93400,729,512,5,4,4,4,4,8,16
0,i64,availability,start,start,50,7,subtract,8,4,4,fused,1,128,35000,273,256,4,4,4,4,4,8,16
0,i64,availability,start,start,50,7,subtract,8,4,4,events,1,128,92100,719,512,5,4,4,4,4,8,16
0,i64,availability,start,start,50,7,subtract,8,4,4,union_scan,1,128,33700,263,256,4,4,4,4,4,8,16
0,i64,availability,start,start,50,7,subtract,8,4,4,events,2,128,92300,721,512,5,4,4,4,4,8,16
0,i64,availability,start,start,50,7,subtract,8,4,4,union_scan,2,128,33400,260,256,4,4,4,4,4,8,16
0,i64,availability,start,start,50,7,subtract,8,4,4,fused,2,128,35000,273,256,4,4,4,4,4,8,16
0,i64,availability,start,start,50,7,intersect,8,4,4,union_scan,0,128,22700,177,192,3,4,4,4,4,4,16
0,i64,availability,start,start,50,7,intersect,8,4,4,fused,0,128,23300,182,192,3,4,4,4,4,4,16
0,i64,availability,start,start,50,7,intersect,8,4,4,events,0,128,90700,708,448,4,4,4,4,4,4,16
0,i64,availability,start,start,50,7,intersect,8,4,4,fused,1,128,23300,182,192,3,4,4,4,4,4,16
0,i64,availability,start,start,50,7,intersect,8,4,4,events,1,128,82800,646,448,4,4,4,4,4,4,16
0,i64,availability,start,start,50,7,intersect,8,4,4,union_scan,1,128,22200,173,192,3,4,4,4,4,4,16
0,i64,availability,start,start,50,7,intersect,8,4,4,events,2,128,82700,646,448,4,4,4,4,4,4,16
0,i64,availability,start,start,50,7,intersect,8,4,4,union_scan,2,128,22400,175,192,3,4,4,4,4,4,16
0,i64,availability,start,start,50,7,intersect,8,4,4,fused,2,128,23800,185,192,3,4,4,4,4,4,16
0,u64,availability,start,start,50,7,subtract,8,4,4,union_scan,0,128,32900,257,256,4,4,4,4,4,8,16
0,u64,availability,start,start,50,7,subtract,8,4,4,fused,0,128,35200,275,256,4,4,4,4,4,8,16
0,u64,availability,start,start,50,7,subtract,8,4,4,events,0,128,93900,733,512,5,4,4,4,4,8,16
0,u64,availability,start,start,50,7,subtract,8,4,4,fused,1,128,35200,275,256,4,4,4,4,4,8,16
0,u64,availability,start,start,50,7,subtract,8,4,4,events,1,128,94700,739,512,5,4,4,4,4,8,16
0,u64,availability,start,start,50,7,subtract,8,4,4,union_scan,1,128,32500,253,256,4,4,4,4,4,8,16
0,u64,availability,start,start,50,7,subtract,8,4,4,events,2,128,93800,732,512,5,4,4,4,4,8,16
0,u64,availability,start,start,50,7,subtract,8,4,4,union_scan,2,128,32400,253,256,4,4,4,4,4,8,16
0,u64,availability,start,start,50,7,subtract,8,4,4,fused,2,128,35100,274,256,4,4,4,4,4,8,16
0,u64,availability,start,start,50,7,intersect,8,4,4,union_scan,0,128,25400,198,192,3,4,4,4,4,4,16
0,u64,availability,start,start,50,7,intersect,8,4,4,fused,0,128,21900,171,192,3,4,4,4,4,4,16
0,u64,availability,start,start,50,7,intersect,8,4,4,events,0,128,86200,673,448,4,4,4,4,4,4,16
0,u64,availability,start,start,50,7,intersect,8,4,4,fused,1,128,23100,180,192,3,4,4,4,4,4,16
0,u64,availability,start,start,50,7,intersect,8,4,4,events,1,128,85900,671,448,4,4,4,4,4,4,16
0,u64,availability,start,start,50,7,intersect,8,4,4,union_scan,1,128,25700,200,192,3,4,4,4,4,4,16
0,u64,availability,start,start,50,7,intersect,8,4,4,events,2,128,85200,665,448,4,4,4,4,4,4,16
0,u64,availability,start,start,50,7,intersect,8,4,4,union_scan,2,128,25700,200,192,3,4,4,4,4,4,16
0,u64,availability,start,start,50,7,intersect,8,4,4,fused,2,128,23000,179,192,3,4,4,4,4,4,16
0,i16,availability,start,start,50,7,subtract,8,4,4,union_scan,0,128,31000,242,64,4,4,4,4,4,8,16
0,i16,availability,start,start,50,7,subtract,8,4,4,fused,0,128,35100,274,64,4,4,4,4,4,8,16
0,i16,availability,start,start,50,7,subtract,8,4,4,events,0,128,52600,410,288,5,4,4,4,4,8,16
0,i16,availability,start,start,50,7,subtract,8,4,4,fused,1,128,34900,272,64,4,4,4,4,4,8,16
0,i16,availability,start,start,50,7,subtract,8,4,4,events,1,128,53200,415,288,5,4,4,4,4,8,16
0,i16,availability,start,start,50,7,subtract,8,4,4,union_scan,1,128,30900,241,64,4,4,4,4,4,8,16
0,i16,availability,start,start,50,7,subtract,8,4,4,events,2,128,51400,401,288,5,4,4,4,4,8,16
0,i16,availability,start,start,50,7,subtract,8,4,4,union_scan,2,128,31000,242,64,4,4,4,4,4,8,16
0,i16,availability,start,start,50,7,subtract,8,4,4,fused,2,128,34300,267,64,4,4,4,4,4,8,16
0,i16,availability,start,start,50,7,intersect,8,4,4,union_scan,0,128,22900,178,48,3,4,4,4,4,4,16
0,i16,availability,start,start,50,7,intersect,8,4,4,fused,0,128,24700,192,48,3,4,4,4,4,4,16
0,i16,availability,start,start,50,7,intersect,8,4,4,events,0,128,44700,349,272,4,4,4,4,4,4,16
0,i16,availability,start,start,50,7,intersect,8,4,4,fused,1,128,24500,191,48,3,4,4,4,4,4,16
0,i16,availability,start,start,50,7,intersect,8,4,4,events,1,128,43500,339,272,4,4,4,4,4,4,16
0,i16,availability,start,start,50,7,intersect,8,4,4,union_scan,1,128,22800,178,48,3,4,4,4,4,4,16
0,i16,availability,start,start,50,7,intersect,8,4,4,events,2,128,43900,342,272,4,4,4,4,4,4,16
0,i16,availability,start,start,50,7,intersect,8,4,4,union_scan,2,128,22800,178,48,3,4,4,4,4,4,16
0,i16,availability,start,start,50,7,intersect,8,4,4,fused,2,128,24600,192,48,3,4,4,4,4,4,16
0,i64,availability,start,start,50,7,subtract,1000,500,500,union_scan,0,4,99800,24950,32768,25,500,500,500,500,1000,2000
0,i64,availability,start,start,50,7,subtract,1000,500,500,fused,0,4,105000,26250,32768,25,500,500,500,500,1000,2000
0,i64,availability,start,start,50,7,subtract,1000,500,500,events,0,4,290100,72525,65536,19,500,500,500,500,1000,2000
0,i64,availability,start,start,50,7,subtract,1000,500,500,fused,1,4,107700,26925,32768,25,500,500,500,500,1000,2000
0,i64,availability,start,start,50,7,subtract,1000,500,500,events,1,4,288200,72050,65536,19,500,500,500,500,1000,2000
0,i64,availability,start,start,50,7,subtract,1000,500,500,union_scan,1,4,98400,24600,32768,25,500,500,500,500,1000,2000
0,i64,availability,start,start,50,7,subtract,1000,500,500,events,2,4,282400,70600,65536,19,500,500,500,500,1000,2000
0,i64,availability,start,start,50,7,subtract,1000,500,500,union_scan,2,4,86900,21725,32768,25,500,500,500,500,1000,2000
0,i64,availability,start,start,50,7,subtract,1000,500,500,fused,2,4,93300,23325,32768,25,500,500,500,500,1000,2000
0,i64,availability,start,start,50,7,intersect,1000,500,500,union_scan,0,4,73200,18300,24576,24,500,500,500,500,500,2000
0,i64,availability,start,start,50,7,intersect,1000,500,500,fused,0,4,79200,19800,24576,24,500,500,500,500,500,2000
0,i64,availability,start,start,50,7,intersect,1000,500,500,events,0,4,257000,64250,57344,18,500,500,500,500,500,2000
0,i64,availability,start,start,50,7,intersect,1000,500,500,fused,1,4,70100,17525,24576,24,500,500,500,500,500,2000
0,i64,availability,start,start,50,7,intersect,1000,500,500,events,1,4,256800,64200,57344,18,500,500,500,500,500,2000
0,i64,availability,start,start,50,7,intersect,1000,500,500,union_scan,1,4,74400,18600,24576,24,500,500,500,500,500,2000
0,i64,availability,start,start,50,7,intersect,1000,500,500,events,2,4,255200,63800,57344,18,500,500,500,500,500,2000
0,i64,availability,start,start,50,7,intersect,1000,500,500,union_scan,2,4,73500,18375,24576,24,500,500,500,500,500,2000
0,i64,availability,start,start,50,7,intersect,1000,500,500,fused,2,4,73300,18325,24576,24,500,500,500,500,500,2000
0,u64,availability,start,start,50,7,subtract,1000,500,500,union_scan,0,4,81300,20325,32768,25,500,500,500,500,1000,2000
0,u64,availability,start,start,50,7,subtract,1000,500,500,fused,0,4,91200,22800,32768,25,500,500,500,500,1000,2000
0,u64,availability,start,start,50,7,subtract,1000,500,500,events,0,4,274300,68575,65536,19,500,500,500,500,1000,2000
0,u64,availability,start,start,50,7,subtract,1000,500,500,fused,1,4,90300,22575,32768,25,500,500,500,500,1000,2000
0,u64,availability,start,start,50,7,subtract,1000,500,500,events,1,4,274700,68675,65536,19,500,500,500,500,1000,2000
0,u64,availability,start,start,50,7,subtract,1000,500,500,union_scan,1,4,82500,20625,32768,25,500,500,500,500,1000,2000
0,u64,availability,start,start,50,7,subtract,1000,500,500,events,2,4,279300,69825,65536,19,500,500,500,500,1000,2000
0,u64,availability,start,start,50,7,subtract,1000,500,500,union_scan,2,4,78800,19700,32768,25,500,500,500,500,1000,2000
0,u64,availability,start,start,50,7,subtract,1000,500,500,fused,2,4,90600,22650,32768,25,500,500,500,500,1000,2000
0,u64,availability,start,start,50,7,intersect,1000,500,500,union_scan,0,4,72100,18025,24576,24,500,500,500,500,500,2000
0,u64,availability,start,start,50,7,intersect,1000,500,500,fused,0,4,72900,18225,24576,24,500,500,500,500,500,2000
0,u64,availability,start,start,50,7,intersect,1000,500,500,events,0,4,261600,65400,57344,18,500,500,500,500,500,2000
0,u64,availability,start,start,50,7,intersect,1000,500,500,fused,1,4,70200,17550,24576,24,500,500,500,500,500,2000
0,u64,availability,start,start,50,7,intersect,1000,500,500,events,1,4,260600,65150,57344,18,500,500,500,500,500,2000
0,u64,availability,start,start,50,7,intersect,1000,500,500,union_scan,1,4,73400,18350,24576,24,500,500,500,500,500,2000
0,u64,availability,start,start,50,7,intersect,1000,500,500,events,2,4,268700,67175,57344,18,500,500,500,500,500,2000
0,u64,availability,start,start,50,7,intersect,1000,500,500,union_scan,2,4,71900,17975,24576,24,500,500,500,500,500,2000
0,u64,availability,start,start,50,7,intersect,1000,500,500,fused,2,4,73900,18475,24576,24,500,500,500,500,500,2000
0,i16,availability,start,start,50,7,subtract,1000,500,500,union_scan,0,4,26100,6525,8192,25,500,500,500,500,1000,2000
0,i16,availability,start,start,50,7,subtract,1000,500,500,fused,0,4,32700,8175,8192,25,500,500,500,500,1000,2000
0,i16,availability,start,start,50,7,subtract,1000,500,500,events,0,4,163300,40825,36864,19,500,500,500,500,1000,2000
0,i16,availability,start,start,50,7,subtract,1000,500,500,fused,1,4,32600,8150,8192,25,500,500,500,500,1000,2000
0,i16,availability,start,start,50,7,subtract,1000,500,500,events,1,4,161300,40325,36864,19,500,500,500,500,1000,2000
0,i16,availability,start,start,50,7,subtract,1000,500,500,union_scan,1,4,25400,6350,8192,25,500,500,500,500,1000,2000
0,i16,availability,start,start,50,7,subtract,1000,500,500,events,2,4,159800,39950,36864,19,500,500,500,500,1000,2000
0,i16,availability,start,start,50,7,subtract,1000,500,500,union_scan,2,4,25300,6325,8192,25,500,500,500,500,1000,2000
0,i16,availability,start,start,50,7,subtract,1000,500,500,fused,2,4,32400,8100,8192,25,500,500,500,500,1000,2000
0,i16,availability,start,start,50,7,intersect,1000,500,500,union_scan,0,4,30900,7725,6144,24,500,500,500,500,500,2000
0,i16,availability,start,start,50,7,intersect,1000,500,500,fused,0,4,31500,7875,6144,24,500,500,500,500,500,2000
0,i16,availability,start,start,50,7,intersect,1000,500,500,events,0,4,160900,40225,34816,18,500,500,500,500,500,2000
0,i16,availability,start,start,50,7,intersect,1000,500,500,fused,1,4,31100,7775,6144,24,500,500,500,500,500,2000
0,i16,availability,start,start,50,7,intersect,1000,500,500,events,1,4,157200,39300,34816,18,500,500,500,500,500,2000
0,i16,availability,start,start,50,7,intersect,1000,500,500,union_scan,1,4,30500,7625,6144,24,500,500,500,500,500,2000
0,i16,availability,start,start,50,7,intersect,1000,500,500,events,2,4,157800,39450,34816,18,500,500,500,500,500,2000
0,i16,availability,start,start,50,7,intersect,1000,500,500,union_scan,2,4,30600,7650,6144,24,500,500,500,500,500,2000
0,i16,availability,start,start,50,7,intersect,1000,500,500,fused,2,4,31100,7775,6144,24,500,500,500,500,500,2000
0,i64,availability,start,start,50,7,subtract,10000,5000,5000,union_scan,0,1,251500,251500,524288,37,5000,5000,5000,5000,10000,20000
0,i64,availability,start,start,50,7,subtract,10000,5000,5000,fused,0,1,217000,217000,524288,37,5000,5000,5000,5000,10000,20000
0,i64,availability,start,start,50,7,subtract,10000,5000,5000,events,0,1,809700,809700,1048576,27,5000,5000,5000,5000,10000,20000
0,i64,availability,start,start,50,7,subtract,10000,5000,5000,fused,1,1,271500,271500,524288,37,5000,5000,5000,5000,10000,20000
0,i64,availability,start,start,50,7,subtract,10000,5000,5000,events,1,1,802500,802500,1048576,27,5000,5000,5000,5000,10000,20000
0,i64,availability,start,start,50,7,subtract,10000,5000,5000,union_scan,1,1,281600,281600,524288,37,5000,5000,5000,5000,10000,20000
0,i64,availability,start,start,50,7,subtract,10000,5000,5000,events,2,1,825300,825300,1048576,27,5000,5000,5000,5000,10000,20000
0,i64,availability,start,start,50,7,subtract,10000,5000,5000,union_scan,2,1,296400,296400,524288,37,5000,5000,5000,5000,10000,20000
0,i64,availability,start,start,50,7,subtract,10000,5000,5000,fused,2,1,248900,248900,524288,37,5000,5000,5000,5000,10000,20000
0,i64,availability,start,start,50,7,intersect,10000,5000,5000,union_scan,0,1,264800,264800,393216,36,5000,5000,5000,5000,5000,20000
0,i64,availability,start,start,50,7,intersect,10000,5000,5000,fused,0,1,181700,181700,393216,36,5000,5000,5000,5000,5000,20000
0,i64,availability,start,start,50,7,intersect,10000,5000,5000,events,0,1,784800,784800,917504,26,5000,5000,5000,5000,5000,20000
0,i64,availability,start,start,50,7,intersect,10000,5000,5000,fused,1,1,346900,346900,393216,36,5000,5000,5000,5000,5000,20000
0,i64,availability,start,start,50,7,intersect,10000,5000,5000,events,1,1,918100,918100,917504,26,5000,5000,5000,5000,5000,20000
0,i64,availability,start,start,50,7,intersect,10000,5000,5000,union_scan,1,1,199000,199000,393216,36,5000,5000,5000,5000,5000,20000
0,i64,availability,start,start,50,7,intersect,10000,5000,5000,events,2,1,1002600,1002600,917504,26,5000,5000,5000,5000,5000,20000
0,i64,availability,start,start,50,7,intersect,10000,5000,5000,union_scan,2,1,251400,251400,393216,36,5000,5000,5000,5000,5000,20000
0,i64,availability,start,start,50,7,intersect,10000,5000,5000,fused,2,1,163100,163100,393216,36,5000,5000,5000,5000,5000,20000
0,u64,availability,start,start,50,7,subtract,10000,5000,5000,union_scan,0,1,172600,172600,524288,37,5000,5000,5000,5000,10000,20000
0,u64,availability,start,start,50,7,subtract,10000,5000,5000,fused,0,1,199200,199200,524288,37,5000,5000,5000,5000,10000,20000
0,u64,availability,start,start,50,7,subtract,10000,5000,5000,events,0,1,782300,782300,1048576,27,5000,5000,5000,5000,10000,20000
0,u64,availability,start,start,50,7,subtract,10000,5000,5000,fused,1,1,306200,306200,524288,37,5000,5000,5000,5000,10000,20000
0,u64,availability,start,start,50,7,subtract,10000,5000,5000,events,1,1,824800,824800,1048576,27,5000,5000,5000,5000,10000,20000
0,u64,availability,start,start,50,7,subtract,10000,5000,5000,union_scan,1,1,307600,307600,524288,37,5000,5000,5000,5000,10000,20000
0,u64,availability,start,start,50,7,subtract,10000,5000,5000,events,2,1,786700,786700,1048576,27,5000,5000,5000,5000,10000,20000
0,u64,availability,start,start,50,7,subtract,10000,5000,5000,union_scan,2,1,248000,248000,524288,37,5000,5000,5000,5000,10000,20000
0,u64,availability,start,start,50,7,subtract,10000,5000,5000,fused,2,1,201000,201000,524288,37,5000,5000,5000,5000,10000,20000
0,u64,availability,start,start,50,7,intersect,10000,5000,5000,union_scan,0,1,191500,191500,393216,36,5000,5000,5000,5000,5000,20000
0,u64,availability,start,start,50,7,intersect,10000,5000,5000,fused,0,1,183000,183000,393216,36,5000,5000,5000,5000,5000,20000
0,u64,availability,start,start,50,7,intersect,10000,5000,5000,events,0,1,919100,919100,917504,26,5000,5000,5000,5000,5000,20000
0,u64,availability,start,start,50,7,intersect,10000,5000,5000,fused,1,1,263900,263900,393216,36,5000,5000,5000,5000,5000,20000
0,u64,availability,start,start,50,7,intersect,10000,5000,5000,events,1,1,910300,910300,917504,26,5000,5000,5000,5000,5000,20000
0,u64,availability,start,start,50,7,intersect,10000,5000,5000,union_scan,1,1,191600,191600,393216,36,5000,5000,5000,5000,5000,20000
0,u64,availability,start,start,50,7,intersect,10000,5000,5000,events,2,1,871600,871600,917504,26,5000,5000,5000,5000,5000,20000
0,u64,availability,start,start,50,7,intersect,10000,5000,5000,union_scan,2,1,181600,181600,393216,36,5000,5000,5000,5000,5000,20000
0,u64,availability,start,start,50,7,intersect,10000,5000,5000,fused,2,1,180800,180800,393216,36,5000,5000,5000,5000,5000,20000
0,i64,availability,start,start,50,7,subtract,100000,50000,50000,union_scan,0,1,1469900,1469900,4194304,46,50000,50000,50000,50000,100000,200000
0,i64,availability,start,start,50,7,subtract,100000,50000,50000,fused,0,1,1634900,1634900,4194304,46,50000,50000,50000,50000,100000,200000
0,i64,availability,start,start,50,7,subtract,100000,50000,50000,events,0,1,9208200,9208200,8388608,33,50000,50000,50000,50000,100000,200000
0,i64,availability,start,start,50,7,subtract,100000,50000,50000,fused,1,1,1688000,1688000,4194304,46,50000,50000,50000,50000,100000,200000
0,i64,availability,start,start,50,7,subtract,100000,50000,50000,events,1,1,9131000,9131000,8388608,33,50000,50000,50000,50000,100000,200000
0,i64,availability,start,start,50,7,subtract,100000,50000,50000,union_scan,1,1,1520300,1520300,4194304,46,50000,50000,50000,50000,100000,200000
0,i64,availability,start,start,50,7,subtract,100000,50000,50000,events,2,1,9104000,9104000,8388608,33,50000,50000,50000,50000,100000,200000
0,i64,availability,start,start,50,7,subtract,100000,50000,50000,union_scan,2,1,1515300,1515300,4194304,46,50000,50000,50000,50000,100000,200000
0,i64,availability,start,start,50,7,subtract,100000,50000,50000,fused,2,1,1532600,1532600,4194304,46,50000,50000,50000,50000,100000,200000
0,i64,availability,start,start,50,7,intersect,100000,50000,50000,union_scan,0,1,1158500,1158500,3145728,45,50000,50000,50000,50000,50000,200000
0,i64,availability,start,start,50,7,intersect,100000,50000,50000,fused,0,1,1044300,1044300,3145728,45,50000,50000,50000,50000,50000,200000
0,i64,availability,start,start,50,7,intersect,100000,50000,50000,events,0,1,8923800,8923800,7340032,32,50000,50000,50000,50000,50000,200000
0,i64,availability,start,start,50,7,intersect,100000,50000,50000,fused,1,1,1199900,1199900,3145728,45,50000,50000,50000,50000,50000,200000
0,i64,availability,start,start,50,7,intersect,100000,50000,50000,events,1,1,8664900,8664900,7340032,32,50000,50000,50000,50000,50000,200000
0,i64,availability,start,start,50,7,intersect,100000,50000,50000,union_scan,1,1,1220400,1220400,3145728,45,50000,50000,50000,50000,50000,200000
0,i64,availability,start,start,50,7,intersect,100000,50000,50000,events,2,1,8883600,8883600,7340032,32,50000,50000,50000,50000,50000,200000
0,i64,availability,start,start,50,7,intersect,100000,50000,50000,union_scan,2,1,1241000,1241000,3145728,45,50000,50000,50000,50000,50000,200000
0,i64,availability,start,start,50,7,intersect,100000,50000,50000,fused,2,1,1042200,1042200,3145728,45,50000,50000,50000,50000,50000,200000
0,u64,availability,start,start,50,7,subtract,100000,50000,50000,union_scan,0,1,1748500,1748500,4194304,46,50000,50000,50000,50000,100000,200000
0,u64,availability,start,start,50,7,subtract,100000,50000,50000,fused,0,1,1862200,1862200,4194304,46,50000,50000,50000,50000,100000,200000
0,u64,availability,start,start,50,7,subtract,100000,50000,50000,events,0,1,9577900,9577900,8388608,33,50000,50000,50000,50000,100000,200000
0,u64,availability,start,start,50,7,subtract,100000,50000,50000,fused,1,1,1980500,1980500,4194304,46,50000,50000,50000,50000,100000,200000
0,u64,availability,start,start,50,7,subtract,100000,50000,50000,events,1,1,9638200,9638200,8388608,33,50000,50000,50000,50000,100000,200000
0,u64,availability,start,start,50,7,subtract,100000,50000,50000,union_scan,1,1,1705000,1705000,4194304,46,50000,50000,50000,50000,100000,200000
0,u64,availability,start,start,50,7,subtract,100000,50000,50000,events,2,1,9628600,9628600,8388608,33,50000,50000,50000,50000,100000,200000
0,u64,availability,start,start,50,7,subtract,100000,50000,50000,union_scan,2,1,1647700,1647700,4194304,46,50000,50000,50000,50000,100000,200000
0,u64,availability,start,start,50,7,subtract,100000,50000,50000,fused,2,1,1832600,1832600,4194304,46,50000,50000,50000,50000,100000,200000
0,u64,availability,start,start,50,7,intersect,100000,50000,50000,union_scan,0,1,1484100,1484100,3145728,45,50000,50000,50000,50000,50000,200000
0,u64,availability,start,start,50,7,intersect,100000,50000,50000,fused,0,1,1273400,1273400,3145728,45,50000,50000,50000,50000,50000,200000
0,u64,availability,start,start,50,7,intersect,100000,50000,50000,events,0,1,9257300,9257300,7340032,32,50000,50000,50000,50000,50000,200000
0,u64,availability,start,start,50,7,intersect,100000,50000,50000,fused,1,1,1463400,1463400,3145728,45,50000,50000,50000,50000,50000,200000
0,u64,availability,start,start,50,7,intersect,100000,50000,50000,events,1,1,9316200,9316200,7340032,32,50000,50000,50000,50000,50000,200000
0,u64,availability,start,start,50,7,intersect,100000,50000,50000,union_scan,1,1,1438600,1438600,3145728,45,50000,50000,50000,50000,50000,200000
0,u64,availability,start,start,50,7,intersect,100000,50000,50000,events,2,1,9196600,9196600,7340032,32,50000,50000,50000,50000,50000,200000
0,u64,availability,start,start,50,7,intersect,100000,50000,50000,union_scan,2,1,1459400,1459400,3145728,45,50000,50000,50000,50000,50000,200000
0,u64,availability,start,start,50,7,intersect,100000,50000,50000,fused,2,1,1232300,1232300,3145728,45,50000,50000,50000,50000,50000,200000
1,i64,availability,shuffled,reverse,50,7,subtract,0,0,0,union_scan,0,128,3300,25,0,0,0,0,0,0,0,0
1,i64,availability,shuffled,reverse,50,7,subtract,0,0,0,fused,0,128,5100,39,0,0,0,0,0,0,0,0
1,i64,availability,shuffled,reverse,50,7,subtract,0,0,0,events,0,128,2500,19,0,0,0,0,0,0,0,0
1,i64,availability,shuffled,reverse,50,7,subtract,0,0,0,fused,1,128,5100,39,0,0,0,0,0,0,0,0
1,i64,availability,shuffled,reverse,50,7,subtract,0,0,0,events,1,128,2400,18,0,0,0,0,0,0,0,0
1,i64,availability,shuffled,reverse,50,7,subtract,0,0,0,union_scan,1,128,3300,25,0,0,0,0,0,0,0,0
1,i64,availability,shuffled,reverse,50,7,subtract,0,0,0,events,2,128,2400,18,0,0,0,0,0,0,0,0
1,i64,availability,shuffled,reverse,50,7,subtract,0,0,0,union_scan,2,128,3300,25,0,0,0,0,0,0,0,0
1,i64,availability,shuffled,reverse,50,7,subtract,0,0,0,fused,2,128,5100,39,0,0,0,0,0,0,0,0
1,i64,availability,shuffled,reverse,50,7,intersect,0,0,0,union_scan,0,128,2200,17,0,0,0,0,0,0,0,0
1,i64,availability,shuffled,reverse,50,7,intersect,0,0,0,fused,0,128,4300,33,0,0,0,0,0,0,0,0
1,i64,availability,shuffled,reverse,50,7,intersect,0,0,0,events,0,128,2400,18,0,0,0,0,0,0,0,0
1,i64,availability,shuffled,reverse,50,7,intersect,0,0,0,fused,1,128,4300,33,0,0,0,0,0,0,0,0
1,i64,availability,shuffled,reverse,50,7,intersect,0,0,0,events,1,128,2500,19,0,0,0,0,0,0,0,0
1,i64,availability,shuffled,reverse,50,7,intersect,0,0,0,union_scan,1,128,2200,17,0,0,0,0,0,0,0,0
1,i64,availability,shuffled,reverse,50,7,intersect,0,0,0,events,2,128,2500,19,0,0,0,0,0,0,0,0
1,i64,availability,shuffled,reverse,50,7,intersect,0,0,0,union_scan,2,128,2200,17,0,0,0,0,0,0,0,0
1,i64,availability,shuffled,reverse,50,7,intersect,0,0,0,fused,2,128,4300,33,0,0,0,0,0,0,0,0
1,u64,availability,shuffled,reverse,50,7,subtract,0,0,0,union_scan,0,128,3400,26,0,0,0,0,0,0,0,0
1,u64,availability,shuffled,reverse,50,7,subtract,0,0,0,fused,0,128,5300,41,0,0,0,0,0,0,0,0
1,u64,availability,shuffled,reverse,50,7,subtract,0,0,0,events,0,128,2700,21,0,0,0,0,0,0,0,0
1,u64,availability,shuffled,reverse,50,7,subtract,0,0,0,fused,1,128,5300,41,0,0,0,0,0,0,0,0
1,u64,availability,shuffled,reverse,50,7,subtract,0,0,0,events,1,128,2600,20,0,0,0,0,0,0,0,0
1,u64,availability,shuffled,reverse,50,7,subtract,0,0,0,union_scan,1,128,3400,26,0,0,0,0,0,0,0,0
1,u64,availability,shuffled,reverse,50,7,subtract,0,0,0,events,2,128,2700,21,0,0,0,0,0,0,0,0
1,u64,availability,shuffled,reverse,50,7,subtract,0,0,0,union_scan,2,128,3400,26,0,0,0,0,0,0,0,0
1,u64,availability,shuffled,reverse,50,7,subtract,0,0,0,fused,2,128,5300,41,0,0,0,0,0,0,0,0
1,u64,availability,shuffled,reverse,50,7,intersect,0,0,0,union_scan,0,128,1600,12,0,0,0,0,0,0,0,0
1,u64,availability,shuffled,reverse,50,7,intersect,0,0,0,fused,0,128,4400,34,0,0,0,0,0,0,0,0
1,u64,availability,shuffled,reverse,50,7,intersect,0,0,0,events,0,128,2500,19,0,0,0,0,0,0,0,0
1,u64,availability,shuffled,reverse,50,7,intersect,0,0,0,fused,1,128,4400,34,0,0,0,0,0,0,0,0
1,u64,availability,shuffled,reverse,50,7,intersect,0,0,0,events,1,128,2400,18,0,0,0,0,0,0,0,0
1,u64,availability,shuffled,reverse,50,7,intersect,0,0,0,union_scan,1,128,1500,11,0,0,0,0,0,0,0,0
1,u64,availability,shuffled,reverse,50,7,intersect,0,0,0,events,2,128,2500,19,0,0,0,0,0,0,0,0
1,u64,availability,shuffled,reverse,50,7,intersect,0,0,0,union_scan,2,128,1500,11,0,0,0,0,0,0,0,0
1,u64,availability,shuffled,reverse,50,7,intersect,0,0,0,fused,2,128,4400,34,0,0,0,0,0,0,0,0
1,i16,availability,shuffled,reverse,50,7,subtract,0,0,0,union_scan,0,128,3400,26,0,0,0,0,0,0,0,0
1,i16,availability,shuffled,reverse,50,7,subtract,0,0,0,fused,0,128,5100,39,0,0,0,0,0,0,0,0
1,i16,availability,shuffled,reverse,50,7,subtract,0,0,0,events,0,128,3500,27,0,0,0,0,0,0,0,0
1,i16,availability,shuffled,reverse,50,7,subtract,0,0,0,fused,1,128,5200,40,0,0,0,0,0,0,0,0
1,i16,availability,shuffled,reverse,50,7,subtract,0,0,0,events,1,128,3500,27,0,0,0,0,0,0,0,0
1,i16,availability,shuffled,reverse,50,7,subtract,0,0,0,union_scan,1,128,3400,26,0,0,0,0,0,0,0,0
1,i16,availability,shuffled,reverse,50,7,subtract,0,0,0,events,2,128,3500,27,0,0,0,0,0,0,0,0
1,i16,availability,shuffled,reverse,50,7,subtract,0,0,0,union_scan,2,128,3400,26,0,0,0,0,0,0,0,0
1,i16,availability,shuffled,reverse,50,7,subtract,0,0,0,fused,2,128,5200,40,0,0,0,0,0,0,0,0
1,i16,availability,shuffled,reverse,50,7,intersect,0,0,0,union_scan,0,128,1500,11,0,0,0,0,0,0,0,0
1,i16,availability,shuffled,reverse,50,7,intersect,0,0,0,fused,0,128,4400,34,0,0,0,0,0,0,0,0
1,i16,availability,shuffled,reverse,50,7,intersect,0,0,0,events,0,128,3200,25,0,0,0,0,0,0,0,0
1,i16,availability,shuffled,reverse,50,7,intersect,0,0,0,fused,1,128,4500,35,0,0,0,0,0,0,0,0
1,i16,availability,shuffled,reverse,50,7,intersect,0,0,0,events,1,128,3500,27,0,0,0,0,0,0,0,0
1,i16,availability,shuffled,reverse,50,7,intersect,0,0,0,union_scan,1,128,1500,11,0,0,0,0,0,0,0,0
1,i16,availability,shuffled,reverse,50,7,intersect,0,0,0,events,2,128,3300,25,0,0,0,0,0,0,0,0
1,i16,availability,shuffled,reverse,50,7,intersect,0,0,0,union_scan,2,128,1500,11,0,0,0,0,0,0,0,0
1,i16,availability,shuffled,reverse,50,7,intersect,0,0,0,fused,2,128,4500,35,0,0,0,0,0,0,0,0
1,i64,availability,shuffled,reverse,50,7,subtract,8,4,4,union_scan,0,128,49100,383,256,6,4,4,4,4,8,16
1,i64,availability,shuffled,reverse,50,7,subtract,8,4,4,fused,0,128,37700,294,256,4,4,4,4,4,8,16
1,i64,availability,shuffled,reverse,50,7,subtract,8,4,4,events,0,128,85000,664,512,5,4,4,4,4,8,16
1,i64,availability,shuffled,reverse,50,7,subtract,8,4,4,fused,1,128,37400,292,256,4,4,4,4,4,8,16
1,i64,availability,shuffled,reverse,50,7,subtract,8,4,4,events,1,128,83900,655,512,5,4,4,4,4,8,16
1,i64,availability,shuffled,reverse,50,7,subtract,8,4,4,union_scan,1,128,49500,386,256,6,4,4,4,4,8,16
1,i64,availability,shuffled,reverse,50,7,subtract,8,4,4,events,2,128,83700,653,512,5,4,4,4,4,8,16
1,i64,availability,shuffled,reverse,50,7,subtract,8,4,4,union_scan,2,128,49200,384,256,6,4,4,4,4,8,16
1,i64,availability,shuffled,reverse,50,7,subtract,8,4,4,fused,2,128,37500,292,256,4,4,4,4,4,8,16
1,i64,availability,shuffled,reverse,50,7,intersect,8,4,4,union_scan,0,128,37500,292,192,5,4,4,4,4,4,16
1,i64,availability,shuffled,reverse,50,7,intersect,8,4,4,fused,0,128,25300,197,192,3,4,4,4,4,4,16
1,i64,availability,shuffled,reverse,50,7,intersect,8,4,4,events,0,128,55100,430,448,4,4,4,4,4,4,16
1,i64,availability,shuffled,reverse,50,7,intersect,8,4,4,fused,1,128,25300,197,192,3,4,4,4,4,4,16
1,i64,availability,shuffled,reverse,50,7,intersect,8,4,4,events,1,128,50500,394,448,4,4,4,4,4,4,16
1,i64,availability,shuffled,reverse,50,7,intersect,8,4,4,union_scan,1,128,37400,292,192,5,4,4,4,4,4,16
1,i64,availability,shuffled,reverse,50,7,intersect,8,4,4,events,2,128,49500,386,448,4,4,4,4,4,4,16
1,i64,availability,shuffled,reverse,50,7,intersect,8,4,4,union_scan,2,128,37200,290,192,5,4,4,4,4,4,16
1,i64,availability,shuffled,reverse,50,7,intersect,8,4,4,fused,2,128,25300,197,192,3,4,4,4,4,4,16
1,u64,availability,shuffled,reverse,50,7,subtract,8,4,4,union_scan,0,128,48600,379,256,6,4,4,4,4,8,16
1,u64,availability,shuffled,reverse,50,7,subtract,8,4,4,fused,0,128,38600,301,256,4,4,4,4,4,8,16
1,u64,availability,shuffled,reverse,50,7,subtract,8,4,4,events,0,128,60300,471,512,5,4,4,4,4,8,16
1,u64,availability,shuffled,reverse,50,7,subtract,8,4,4,fused,1,128,38000,296,256,4,4,4,4,4,8,16
1,u64,availability,shuffled,reverse,50,7,subtract,8,4,4,events,1,128,59900,467,512,5,4,4,4,4,8,16
1,u64,availability,shuffled,reverse,50,7,subtract,8,4,4,union_scan,1,128,48800,381,256,6,4,4,4,4,8,16
1,u64,availability,shuffled,reverse,50,7,subtract,8,4,4,events,2,128,60100,469,512,5,4,4,4,4,8,16
1,u64,availability,shuffled,reverse,50,7,subtract,8,4,4,union_scan,2,128,48600,379,256,6,4,4,4,4,8,16
1,u64,availability,shuffled,reverse,50,7,subtract,8,4,4,fused,2,128,44000,343,256,4,4,4,4,4,8,16
1,u64,availability,shuffled,reverse,50,7,intersect,8,4,4,union_scan,0,128,40600,317,192,5,4,4,4,4,4,16
1,u64,availability,shuffled,reverse,50,7,intersect,8,4,4,fused,0,128,25600,200,192,3,4,4,4,4,4,16
1,u64,availability,shuffled,reverse,50,7,intersect,8,4,4,events,0,128,52000,406,448,4,4,4,4,4,4,16
1,u64,availability,shuffled,reverse,50,7,intersect,8,4,4,fused,1,128,25600,200,192,3,4,4,4,4,4,16
1,u64,availability,shuffled,reverse,50,7,intersect,8,4,4,events,1,128,49900,389,448,4,4,4,4,4,4,16
1,u64,availability,shuffled,reverse,50,7,intersect,8,4,4,union_scan,1,128,41100,321,192,5,4,4,4,4,4,16
1,u64,availability,shuffled,reverse,50,7,intersect,8,4,4,events,2,128,56400,440,448,4,4,4,4,4,4,16
1,u64,availability,shuffled,reverse,50,7,intersect,8,4,4,union_scan,2,128,40600,317,192,5,4,4,4,4,4,16
1,u64,availability,shuffled,reverse,50,7,intersect,8,4,4,fused,2,128,25500,199,192,3,4,4,4,4,4,16
1,i16,availability,shuffled,reverse,50,7,subtract,8,4,4,union_scan,0,128,46200,360,64,6,4,4,4,4,8,16
1,i16,availability,shuffled,reverse,50,7,subtract,8,4,4,fused,0,128,37400,292,64,4,4,4,4,4,8,16
1,i16,availability,shuffled,reverse,50,7,subtract,8,4,4,events,0,128,57200,446,288,5,4,4,4,4,8,16
1,i16,availability,shuffled,reverse,50,7,subtract,8,4,4,fused,1,128,37300,291,64,4,4,4,4,4,8,16
1,i16,availability,shuffled,reverse,50,7,subtract,8,4,4,events,1,128,56100,438,288,5,4,4,4,4,8,16
1,i16,availability,shuffled,reverse,50,7,subtract,8,4,4,union_scan,1,128,46500,363,64,6,4,4,4,4,8,16
1,i16,availability,shuffled,reverse,50,7,subtract,8,4,4,events,2,128,56200,439,288,5,4,4,4,4,8,16
1,i16,availability,shuffled,reverse,50,7,subtract,8,4,4,union_scan,2,128,46100,360,64,6,4,4,4,4,8,16
1,i16,availability,shuffled,reverse,50,7,subtract,8,4,4,fused,2,128,37700,294,64,4,4,4,4,4,8,16
1,i16,availability,shuffled,reverse,50,7,intersect,8,4,4,union_scan,0,128,38900,303,48,5,4,4,4,4,4,16
1,i16,availability,shuffled,reverse,50,7,intersect,8,4,4,fused,0,128,26400,206,48,3,4,4,4,4,4,16
1,i16,availability,shuffled,reverse,50,7,intersect,8,4,4,events,0,128,49400,385,272,4,4,4,4,4,4,16
1,i16,availability,shuffled,reverse,50,7,intersect,8,4,4,fused,1,128,26400,206,48,3,4,4,4,4,4,16
1,i16,availability,shuffled,reverse,50,7,intersect,8,4,4,events,1,128,49600,387,272,4,4,4,4,4,4,16
1,i16,availability,shuffled,reverse,50,7,intersect,8,4,4,union_scan,1,128,38800,303,48,5,4,4,4,4,4,16
1,i16,availability,shuffled,reverse,50,7,intersect,8,4,4,events,2,128,49300,385,272,4,4,4,4,4,4,16
1,i16,availability,shuffled,reverse,50,7,intersect,8,4,4,union_scan,2,128,38800,303,48,5,4,4,4,4,4,16
1,i16,availability,shuffled,reverse,50,7,intersect,8,4,4,fused,2,128,26300,205,48,3,4,4,4,4,4,16
1,i64,availability,shuffled,reverse,50,7,subtract,1000,500,500,union_scan,0,4,50500,12625,32768,27,500,500,500,500,1000,2000
1,i64,availability,shuffled,reverse,50,7,subtract,1000,500,500,fused,0,4,51700,12925,32768,25,500,500,500,500,1000,2000
1,i64,availability,shuffled,reverse,50,7,subtract,1000,500,500,events,0,4,254600,63650,65536,19,500,500,500,500,1000,2000
1,i64,availability,shuffled,reverse,50,7,subtract,1000,500,500,fused,1,4,60700,15175,32768,25,500,500,500,500,1000,2000
1,i64,availability,shuffled,reverse,50,7,subtract,1000,500,500,events,1,4,192700,48175,65536,19,500,500,500,500,1000,2000
1,i64,availability,shuffled,reverse,50,7,subtract,1000,500,500,union_scan,1,4,53000,13250,32768,27,500,500,500,500,1000,2000
1,i64,availability,shuffled,reverse,50,7,subtract,1000,500,500,events,2,4,177600,44400,65536,19,500,500,500,500,1000,2000
1,i64,availability,shuffled,reverse,50,7,subtract,1000,500,500,union_scan,2,4,48300,12075,32768,27,500,500,500,500,1000,2000
1,i64,availability,shuffled,reverse,50,7,subtract,1000,500,500,fused,2,4,50300,12575,32768,25,500,500,500,500,1000,2000
1,i64,availability,shuffled,reverse,50,7,intersect,1000,500,500,union_scan,0,4,53300,13325,24576,26,500,500,500,500,500,2000
1,i64,availability,shuffled,reverse,50,7,intersect,1000,500,500,fused,0,4,46300,11575,24576,24,500,500,500,500,500,2000
1,i64,availability,shuffled,reverse,50,7,intersect,1000,500,500,events,0,4,171600,42900,57344,18,500,500,500,500,500,2000
1,i64,availability,shuffled,reverse,50,7,intersect,1000,500,500,fused,1,4,45100,11275,24576,24,500,500,500,500,500,2000
1,i64,availability,shuffled,reverse,50,7,intersect,1000,500,500,events,1,4,173800,43450,57344,18,500,500,500,500,500,2000
1,i64,availability,shuffled,reverse,50,7,intersect,1000,500,500,union_scan,1,4,51400,12850,24576,26,500,500,500,500,500,2000
1,i64,availability,shuffled,reverse,50,7,intersect,1000,500,500,events,2,4,170400,42600,57344,18,500,500,500,500,500,2000
1,i64,availability,shuffled,reverse,50,7,intersect,1000,500,500,union_scan,2,4,51200,12800,24576,26,500,500,500,500,500,2000
1,i64,availability,shuffled,reverse,50,7,intersect,1000,500,500,fused,2,4,44900,11225,24576,24,500,500,500,500,500,2000
1,u64,availability,shuffled,reverse,50,7,subtract,1000,500,500,union_scan,0,4,46300,11575,32768,27,500,500,500,500,1000,2000
1,u64,availability,shuffled,reverse,50,7,subtract,1000,500,500,fused,0,4,53600,13400,32768,25,500,500,500,500,1000,2000
1,u64,availability,shuffled,reverse,50,7,subtract,1000,500,500,events,0,4,187300,46825,65536,19,500,500,500,500,1000,2000
1,u64,availability,shuffled,reverse,50,7,subtract,1000,500,500,fused,1,4,51000,12750,32768,25,500,500,500,500,1000,2000
1,u64,availability,shuffled,reverse,50,7,subtract,1000,500,500,events,1,4,184900,46225,65536,19,500,500,500,500,1000,2000
1,u64,availability,shuffled,reverse,50,7,subtract,1000,500,500,union_scan,1,4,46300,11575,32768,27,500,500,500,500,1000,2000
1,u64,availability,shuffled,reverse,50,7,subtract,1000,500,500,events,2,4,176400,44100,65536,19,500,500,500,500,1000,2000
1,u64,availability,shuffled,reverse,50,7,subtract,1000,500,500,union_scan,2,4,46200,11550,32768,27,500,500,500,500,1000,2000
1,u64,availability,shuffled,reverse,50,7,subtract,1000,500,500,fused,2,4,53900,13475,32768,25,500,500,500,500,1000,2000
1,u64,availability,shuffled,reverse,50,7,intersect,1000,500,500,union_scan,0,4,50800,12700,24576,26,500,500,500,500,500,2000
1,u64,availability,shuffled,reverse,50,7,intersect,1000,500,500,fused,0,4,46500,11625,24576,24,500,500,500,500,500,2000
1,u64,availability,shuffled,reverse,50,7,intersect,1000,500,500,events,0,4,182000,45500,57344,18,500,500,500,500,500,2000
1,u64,availability,shuffled,reverse,50,7,intersect,1000,500,500,fused,1,4,46500,11625,24576,24,500,500,500,500,500,2000
1,u64,availability,shuffled,reverse,50,7,intersect,1000,500,500,events,1,4,172500,43125,57344,18,500,500,500,500,500,2000
1,u64,availability,shuffled,reverse,50,7,intersect,1000,500,500,union_scan,1,4,50900,12725,24576,26,500,500,500,500,500,2000
1,u64,availability,shuffled,reverse,50,7,intersect,1000,500,500,events,2,4,173400,43350,57344,18,500,500,500,500,500,2000
1,u64,availability,shuffled,reverse,50,7,intersect,1000,500,500,union_scan,2,4,50900,12725,24576,26,500,500,500,500,500,2000
1,u64,availability,shuffled,reverse,50,7,intersect,1000,500,500,fused,2,4,46300,11575,24576,24,500,500,500,500,500,2000
1,i16,availability,shuffled,reverse,50,7,subtract,1000,500,500,union_scan,0,4,43500,10875,8192,27,500,500,500,500,1000,2000
1,i16,availability,shuffled,reverse,50,7,subtract,1000,500,500,fused,0,4,47600,11900,8192,25,500,500,500,500,1000,2000
1,i16,availability,shuffled,reverse,50,7,subtract,1000,500,500,events,0,4,161300,40325,36864,19,500,500,500,500,1000,2000
1,i16,availability,shuffled,reverse,50,7,subtract,1000,500,500,fused,1,4,47900,11975,8192,25,500,500,500,500,1000,2000
1,i16,availability,shuffled,reverse,50,7,subtract,1000,500,500,events,1,4,142300,35575,36864,19,500,500,500,500,1000,2000
1,i16,availability,shuffled,reverse,50,7,subtract,1000,500,500,union_scan,1,4,43400,10850,8192,27,500,500,500,500,1000,2000
1,i16,availability,shuffled,reverse,50,7,subtract,1000,500,500,events,2,4,140900,35225,36864,19,500,500,500,500,1000,2000
1,i16,availability,shuffled,reverse,50,7,subtract,1000,500,500,union_scan,2,4,43200,10800,8192,27,500,500,500,500,1000,2000
1,i16,availability,shuffled,reverse,50,7,subtract,1000,500,500,fused,2,4,47200,11800,8192,25,500,500,500,500,1000,2000
1,i16,availability,shuffled,reverse,50,7,intersect,1000,500,500,union_scan,0,4,48600,12150,6144,26,500,500,500,500,500,2000
1,i16,availability,shuffled,reverse,50,7,intersect,1000,500,500,fused,0,4,48000,12000,6144,24,500,500,500,500,500,2000
1,i16,availability,shuffled,reverse,50,7,intersect,1000,500,500,events,0,4,138300,34575,34816,18,500,500,500,500,500,2000
1,i16,availability,shuffled,reverse,50,7,intersect,1000,500,500,fused,1,4,46200,11550,6144,24,500,500,500,500,500,2000
1,i16,availability,shuffled,reverse,50,7,intersect,1000,500,500,events,1,4,137100,34275,34816,18,500,500,500,500,500,2000
1,i16,availability,shuffled,reverse,50,7,intersect,1000,500,500,union_scan,1,4,48400,12100,6144,26,500,500,500,500,500,2000
1,i16,availability,shuffled,reverse,50,7,intersect,1000,500,500,events,2,4,139900,34975,34816,18,500,500,500,500,500,2000
1,i16,availability,shuffled,reverse,50,7,intersect,1000,500,500,union_scan,2,4,48100,12025,6144,26,500,500,500,500,500,2000
1,i16,availability,shuffled,reverse,50,7,intersect,1000,500,500,fused,2,4,46100,11525,6144,24,500,500,500,500,500,2000
1,i64,availability,shuffled,reverse,50,7,subtract,10000,5000,5000,union_scan,0,1,320700,320700,524288,39,5000,5000,5000,5000,10000,20000
1,i64,availability,shuffled,reverse,50,7,subtract,10000,5000,5000,fused,0,1,275100,275100,524288,37,5000,5000,5000,5000,10000,20000
1,i64,availability,shuffled,reverse,50,7,subtract,10000,5000,5000,events,0,1,834700,834700,1048576,27,5000,5000,5000,5000,10000,20000
1,i64,availability,shuffled,reverse,50,7,subtract,10000,5000,5000,fused,1,1,331400,331400,524288,37,5000,5000,5000,5000,10000,20000
1,i64,availability,shuffled,reverse,50,7,subtract,10000,5000,5000,events,1,1,824500,824500,1048576,27,5000,5000,5000,5000,10000,20000
1,i64,availability,shuffled,reverse,50,7,subtract,10000,5000,5000,union_scan,1,1,331700,331700,524288,39,5000,5000,5000,5000,10000,20000
1,i64,availability,shuffled,reverse,50,7,subtract,10000,5000,5000,events,2,1,929400,929400,1048576,27,5000,5000,5000,5000,10000,20000
1,i64,availability,shuffled,reverse,50,7,subtract,10000,5000,5000,union_scan,2,1,325200,325200,524288,39,5000,5000,5000,5000,10000,20000
1,i64,availability,shuffled,reverse,50,7,subtract,10000,5000,5000,fused,2,1,299700,299700,524288,37,5000,5000,5000,5000,10000,20000
1,i64,availability,shuffled,reverse,50,7,intersect,10000,5000,5000,union_scan,0,1,259700,259700,393216,38,5000,5000,5000,5000,5000,20000
1,i64,availability,shuffled,reverse,50,7,intersect,10000,5000,5000,fused,0,1,240900,240900,393216,36,5000,5000,5000,5000,5000,20000
1,i64,availability,shuffled,reverse,50,7,intersect,10000,5000,5000,events,0,1,823800,823800,917504,26,5000,5000,5000,5000,5000,20000
1,i64,availability,shuffled,reverse,50,7,intersect,10000,5000,5000,fused,1,1,303000,303000,393216,36,5000,5000,5000,5000,5000,20000
1,i64,availability,shuffled,reverse,50,7,intersect,10000,5000,5000,events,1,1,907000,907000,917504,26,5000,5000,5000,5000,5000,20000
1,i64,availability,shuffled,reverse,50,7,intersect,10000,5000,5000,union_scan,1,1,274300,274300,393216,38,5000,5000,5000,5000,5000,20000
1,i64,availability,shuffled,reverse,50,7,intersect,10000,5000,5000,events,2,1,837200,837200,917504,26,5000,5000,5000,5000,5000,20000
1,i64,availability,shuffled,reverse,50,7,intersect,10000,5000,5000,union_scan,2,1,419000,419000,393216,38,5000,5000,5000,5000,5000,20000
1,i64,availability,shuffled,reverse,50,7,intersect,10000,5000,5000,fused,2,1,287200,287200,393216,36,5000,5000,5000,5000,5000,20000
1,u64,availability,shuffled,reverse,50,7,subtract,10000,5000,5000,union_scan,0,1,358700,358700,524288,39,5000,5000,5000,5000,10000,20000
1,u64,availability,shuffled,reverse,50,7,subtract,10000,5000,5000,fused,0,1,338000,338000,524288,37,5000,5000,5000,5000,10000,20000
1,u64,availability,shuffled,reverse,50,7,subtract,10000,5000,5000,events,0,1,851000,851000,1048576,27,5000,5000,5000,5000,10000,20000
1,u64,availability,shuffled,reverse,50,7,subtract,10000,5000,5000,fused,1,1,330700,330700,524288,37,5000,5000,5000,5000,10000,20000
1,u64,availability,shuffled,reverse,50,7,subtract,10000,5000,5000,events,1,1,768300,768300,1048576,27,5000,5000,5000,5000,10000,20000
1,u64,availability,shuffled,reverse,50,7,subtract,10000,5000,5000,union_scan,1,1,381500,381500,524288,39,5000,5000,5000,5000,10000,20000
1,u64,availability,shuffled,reverse,50,7,subtract,10000,5000,5000,events,2,1,896300,896300,1048576,27,5000,5000,5000,5000,10000,20000
1,u64,availability,shuffled,reverse,50,7,subtract,10000,5000,5000,union_scan,2,1,501400,501400,524288,39,5000,5000,5000,5000,10000,20000
1,u64,availability,shuffled,reverse,50,7,subtract,10000,5000,5000,fused,2,1,474600,474600,524288,37,5000,5000,5000,5000,10000,20000
1,u64,availability,shuffled,reverse,50,7,intersect,10000,5000,5000,union_scan,0,1,395400,395400,393216,38,5000,5000,5000,5000,5000,20000
1,u64,availability,shuffled,reverse,50,7,intersect,10000,5000,5000,fused,0,1,402600,402600,393216,36,5000,5000,5000,5000,5000,20000
1,u64,availability,shuffled,reverse,50,7,intersect,10000,5000,5000,events,0,1,1417700,1417700,917504,26,5000,5000,5000,5000,5000,20000
1,u64,availability,shuffled,reverse,50,7,intersect,10000,5000,5000,fused,1,1,646400,646400,393216,36,5000,5000,5000,5000,5000,20000
1,u64,availability,shuffled,reverse,50,7,intersect,10000,5000,5000,events,1,1,1324600,1324600,917504,26,5000,5000,5000,5000,5000,20000
1,u64,availability,shuffled,reverse,50,7,intersect,10000,5000,5000,union_scan,1,1,464000,464000,393216,38,5000,5000,5000,5000,5000,20000
1,u64,availability,shuffled,reverse,50,7,intersect,10000,5000,5000,events,2,1,1109500,1109500,917504,26,5000,5000,5000,5000,5000,20000
1,u64,availability,shuffled,reverse,50,7,intersect,10000,5000,5000,union_scan,2,1,390100,390100,393216,38,5000,5000,5000,5000,5000,20000
1,u64,availability,shuffled,reverse,50,7,intersect,10000,5000,5000,fused,2,1,387600,387600,393216,36,5000,5000,5000,5000,5000,20000
1,i64,availability,shuffled,reverse,50,7,subtract,100000,50000,50000,union_scan,0,1,3144600,3144600,4194304,48,50000,50000,50000,50000,100000,200000
1,i64,availability,shuffled,reverse,50,7,subtract,100000,50000,50000,fused,0,1,2648100,2648100,4194304,46,50000,50000,50000,50000,100000,200000
1,i64,availability,shuffled,reverse,50,7,subtract,100000,50000,50000,events,0,1,9586900,9586900,8388608,33,50000,50000,50000,50000,100000,200000
1,i64,availability,shuffled,reverse,50,7,subtract,100000,50000,50000,fused,1,1,2702500,2702500,4194304,46,50000,50000,50000,50000,100000,200000
1,i64,availability,shuffled,reverse,50,7,subtract,100000,50000,50000,events,1,1,9322600,9322600,8388608,33,50000,50000,50000,50000,100000,200000
1,i64,availability,shuffled,reverse,50,7,subtract,100000,50000,50000,union_scan,1,1,3028400,3028400,4194304,48,50000,50000,50000,50000,100000,200000
1,i64,availability,shuffled,reverse,50,7,subtract,100000,50000,50000,events,2,1,9450900,9450900,8388608,33,50000,50000,50000,50000,100000,200000
1,i64,availability,shuffled,reverse,50,7,subtract,100000,50000,50000,union_scan,2,1,3002700,3002700,4194304,48,50000,50000,50000,50000,100000,200000
1,i64,availability,shuffled,reverse,50,7,subtract,100000,50000,50000,fused,2,1,2612600,2612600,4194304,46,50000,50000,50000,50000,100000,200000
1,i64,availability,shuffled,reverse,50,7,intersect,100000,50000,50000,union_scan,0,1,2809300,2809300,3145728,47,50000,50000,50000,50000,50000,200000
1,i64,availability,shuffled,reverse,50,7,intersect,100000,50000,50000,fused,0,1,1975400,1975400,3145728,45,50000,50000,50000,50000,50000,200000
1,i64,availability,shuffled,reverse,50,7,intersect,100000,50000,50000,events,0,1,9113600,9113600,7340032,32,50000,50000,50000,50000,50000,200000
1,i64,availability,shuffled,reverse,50,7,intersect,100000,50000,50000,fused,1,1,2135900,2135900,3145728,45,50000,50000,50000,50000,50000,200000
1,i64,availability,shuffled,reverse,50,7,intersect,100000,50000,50000,events,1,1,9288100,9288100,7340032,32,50000,50000,50000,50000,50000,200000
1,i64,availability,shuffled,reverse,50,7,intersect,100000,50000,50000,union_scan,1,1,3014800,3014800,3145728,47,50000,50000,50000,50000,50000,200000
1,i64,availability,shuffled,reverse,50,7,intersect,100000,50000,50000,events,2,1,9372900,9372900,7340032,32,50000,50000,50000,50000,50000,200000
1,i64,availability,shuffled,reverse,50,7,intersect,100000,50000,50000,union_scan,2,1,3028800,3028800,3145728,47,50000,50000,50000,50000,50000,200000
1,i64,availability,shuffled,reverse,50,7,intersect,100000,50000,50000,fused,2,1,2109300,2109300,3145728,45,50000,50000,50000,50000,50000,200000
1,u64,availability,shuffled,reverse,50,7,subtract,100000,50000,50000,union_scan,0,1,3181900,3181900,4194304,48,50000,50000,50000,50000,100000,200000
1,u64,availability,shuffled,reverse,50,7,subtract,100000,50000,50000,fused,0,1,2878000,2878000,4194304,46,50000,50000,50000,50000,100000,200000
1,u64,availability,shuffled,reverse,50,7,subtract,100000,50000,50000,events,0,1,9730600,9730600,8388608,33,50000,50000,50000,50000,100000,200000
1,u64,availability,shuffled,reverse,50,7,subtract,100000,50000,50000,fused,1,1,2754500,2754500,4194304,46,50000,50000,50000,50000,100000,200000
1,u64,availability,shuffled,reverse,50,7,subtract,100000,50000,50000,events,1,1,9718900,9718900,8388608,33,50000,50000,50000,50000,100000,200000
1,u64,availability,shuffled,reverse,50,7,subtract,100000,50000,50000,union_scan,1,1,3274200,3274200,4194304,48,50000,50000,50000,50000,100000,200000
1,u64,availability,shuffled,reverse,50,7,subtract,100000,50000,50000,events,2,1,9573800,9573800,8388608,33,50000,50000,50000,50000,100000,200000
1,u64,availability,shuffled,reverse,50,7,subtract,100000,50000,50000,union_scan,2,1,3559900,3559900,4194304,48,50000,50000,50000,50000,100000,200000
1,u64,availability,shuffled,reverse,50,7,subtract,100000,50000,50000,fused,2,1,2768400,2768400,4194304,46,50000,50000,50000,50000,100000,200000
1,u64,availability,shuffled,reverse,50,7,intersect,100000,50000,50000,union_scan,0,1,2894700,2894700,3145728,47,50000,50000,50000,50000,50000,200000
1,u64,availability,shuffled,reverse,50,7,intersect,100000,50000,50000,fused,0,1,2125800,2125800,3145728,45,50000,50000,50000,50000,50000,200000
1,u64,availability,shuffled,reverse,50,7,intersect,100000,50000,50000,events,0,1,8899500,8899500,7340032,32,50000,50000,50000,50000,50000,200000
1,u64,availability,shuffled,reverse,50,7,intersect,100000,50000,50000,fused,1,1,2137800,2137800,3145728,45,50000,50000,50000,50000,50000,200000
1,u64,availability,shuffled,reverse,50,7,intersect,100000,50000,50000,events,1,1,8869200,8869200,7340032,32,50000,50000,50000,50000,50000,200000
1,u64,availability,shuffled,reverse,50,7,intersect,100000,50000,50000,union_scan,1,1,3038300,3038300,3145728,47,50000,50000,50000,50000,50000,200000
1,u64,availability,shuffled,reverse,50,7,intersect,100000,50000,50000,events,2,1,9311900,9311900,7340032,32,50000,50000,50000,50000,50000,200000
1,u64,availability,shuffled,reverse,50,7,intersect,100000,50000,50000,union_scan,2,1,2856100,2856100,3145728,47,50000,50000,50000,50000,50000,200000
1,u64,availability,shuffled,reverse,50,7,intersect,100000,50000,50000,fused,2,1,2096900,2096900,3145728,45,50000,50000,50000,50000,50000,200000
2,i64,dense,shuffled,shuffled,50,7,subtract,0,0,0,union_scan,0,128,3300,25,0,0,0,0,0,0,0,0
2,i64,dense,shuffled,shuffled,50,7,subtract,0,0,0,fused,0,128,5100,39,0,0,0,0,0,0,0,0
2,i64,dense,shuffled,shuffled,50,7,subtract,0,0,0,events,0,128,2500,19,0,0,0,0,0,0,0,0
2,i64,dense,shuffled,shuffled,50,7,subtract,0,0,0,fused,1,128,5100,39,0,0,0,0,0,0,0,0
2,i64,dense,shuffled,shuffled,50,7,subtract,0,0,0,events,1,128,2400,18,0,0,0,0,0,0,0,0
2,i64,dense,shuffled,shuffled,50,7,subtract,0,0,0,union_scan,1,128,3300,25,0,0,0,0,0,0,0,0
2,i64,dense,shuffled,shuffled,50,7,subtract,0,0,0,events,2,128,2400,18,0,0,0,0,0,0,0,0
2,i64,dense,shuffled,shuffled,50,7,subtract,0,0,0,union_scan,2,128,3300,25,0,0,0,0,0,0,0,0
2,i64,dense,shuffled,shuffled,50,7,subtract,0,0,0,fused,2,128,5100,39,0,0,0,0,0,0,0,0
2,i64,dense,shuffled,shuffled,50,7,intersect,0,0,0,union_scan,0,128,2200,17,0,0,0,0,0,0,0,0
2,i64,dense,shuffled,shuffled,50,7,intersect,0,0,0,fused,0,128,4300,33,0,0,0,0,0,0,0,0
2,i64,dense,shuffled,shuffled,50,7,intersect,0,0,0,events,0,128,2500,19,0,0,0,0,0,0,0,0
2,i64,dense,shuffled,shuffled,50,7,intersect,0,0,0,fused,1,128,4300,33,0,0,0,0,0,0,0,0
2,i64,dense,shuffled,shuffled,50,7,intersect,0,0,0,events,1,128,2600,20,0,0,0,0,0,0,0,0
2,i64,dense,shuffled,shuffled,50,7,intersect,0,0,0,union_scan,1,128,2100,16,0,0,0,0,0,0,0,0
2,i64,dense,shuffled,shuffled,50,7,intersect,0,0,0,events,2,128,2400,18,0,0,0,0,0,0,0,0
2,i64,dense,shuffled,shuffled,50,7,intersect,0,0,0,union_scan,2,128,2200,17,0,0,0,0,0,0,0,0
2,i64,dense,shuffled,shuffled,50,7,intersect,0,0,0,fused,2,128,4300,33,0,0,0,0,0,0,0,0
2,u64,dense,shuffled,shuffled,50,7,subtract,0,0,0,union_scan,0,128,3500,27,0,0,0,0,0,0,0,0
2,u64,dense,shuffled,shuffled,50,7,subtract,0,0,0,fused,0,128,5300,41,0,0,0,0,0,0,0,0
2,u64,dense,shuffled,shuffled,50,7,subtract,0,0,0,events,0,128,2500,19,0,0,0,0,0,0,0,0
2,u64,dense,shuffled,shuffled,50,7,subtract,0,0,0,fused,1,128,5300,41,0,0,0,0,0,0,0,0
2,u64,dense,shuffled,shuffled,50,7,subtract,0,0,0,events,1,128,2700,21,0,0,0,0,0,0,0,0
2,u64,dense,shuffled,shuffled,50,7,subtract,0,0,0,union_scan,1,128,3400,26,0,0,0,0,0,0,0,0
2,u64,dense,shuffled,shuffled,50,7,subtract,0,0,0,events,2,128,2500,19,0,0,0,0,0,0,0,0
2,u64,dense,shuffled,shuffled,50,7,subtract,0,0,0,union_scan,2,128,3400,26,0,0,0,0,0,0,0,0
2,u64,dense,shuffled,shuffled,50,7,subtract,0,0,0,fused,2,128,5300,41,0,0,0,0,0,0,0,0
2,u64,dense,shuffled,shuffled,50,7,intersect,0,0,0,union_scan,0,128,1600,12,0,0,0,0,0,0,0,0
2,u64,dense,shuffled,shuffled,50,7,intersect,0,0,0,fused,0,128,4300,33,0,0,0,0,0,0,0,0
2,u64,dense,shuffled,shuffled,50,7,intersect,0,0,0,events,0,128,2600,20,0,0,0,0,0,0,0,0
2,u64,dense,shuffled,shuffled,50,7,intersect,0,0,0,fused,1,128,4400,34,0,0,0,0,0,0,0,0
2,u64,dense,shuffled,shuffled,50,7,intersect,0,0,0,events,1,128,2800,21,0,0,0,0,0,0,0,0
2,u64,dense,shuffled,shuffled,50,7,intersect,0,0,0,union_scan,1,128,1600,12,0,0,0,0,0,0,0,0
2,u64,dense,shuffled,shuffled,50,7,intersect,0,0,0,events,2,128,2800,21,0,0,0,0,0,0,0,0
2,u64,dense,shuffled,shuffled,50,7,intersect,0,0,0,union_scan,2,128,1600,12,0,0,0,0,0,0,0,0
2,u64,dense,shuffled,shuffled,50,7,intersect,0,0,0,fused,2,128,4500,35,0,0,0,0,0,0,0,0
2,i16,dense,shuffled,shuffled,50,7,subtract,0,0,0,union_scan,0,128,3400,26,0,0,0,0,0,0,0,0
2,i16,dense,shuffled,shuffled,50,7,subtract,0,0,0,fused,0,128,5200,40,0,0,0,0,0,0,0,0
2,i16,dense,shuffled,shuffled,50,7,subtract,0,0,0,events,0,128,3500,27,0,0,0,0,0,0,0,0
2,i16,dense,shuffled,shuffled,50,7,subtract,0,0,0,fused,1,128,5200,40,0,0,0,0,0,0,0,0
2,i16,dense,shuffled,shuffled,50,7,subtract,0,0,0,events,1,128,3500,27,0,0,0,0,0,0,0,0
2,i16,dense,shuffled,shuffled,50,7,subtract,0,0,0,union_scan,1,128,3500,27,0,0,0,0,0,0,0,0
2,i16,dense,shuffled,shuffled,50,7,subtract,0,0,0,events,2,128,3500,27,0,0,0,0,0,0,0,0
2,i16,dense,shuffled,shuffled,50,7,subtract,0,0,0,union_scan,2,128,3500,27,0,0,0,0,0,0,0,0
2,i16,dense,shuffled,shuffled,50,7,subtract,0,0,0,fused,2,128,5200,40,0,0,0,0,0,0,0,0
2,i16,dense,shuffled,shuffled,50,7,intersect,0,0,0,union_scan,0,128,1600,12,0,0,0,0,0,0,0,0
2,i16,dense,shuffled,shuffled,50,7,intersect,0,0,0,fused,0,128,4500,35,0,0,0,0,0,0,0,0
2,i16,dense,shuffled,shuffled,50,7,intersect,0,0,0,events,0,128,3200,25,0,0,0,0,0,0,0,0
2,i16,dense,shuffled,shuffled,50,7,intersect,0,0,0,fused,1,128,4500,35,0,0,0,0,0,0,0,0
2,i16,dense,shuffled,shuffled,50,7,intersect,0,0,0,events,1,128,3300,25,0,0,0,0,0,0,0,0
2,i16,dense,shuffled,shuffled,50,7,intersect,0,0,0,union_scan,1,128,1500,11,0,0,0,0,0,0,0,0
2,i16,dense,shuffled,shuffled,50,7,intersect,0,0,0,events,2,128,3300,25,0,0,0,0,0,0,0,0
2,i16,dense,shuffled,shuffled,50,7,intersect,0,0,0,union_scan,2,128,1600,12,0,0,0,0,0,0,0,0
2,i16,dense,shuffled,shuffled,50,7,intersect,0,0,0,fused,2,128,4400,34,0,0,0,0,0,0,0,0
2,i64,dense,shuffled,shuffled,50,7,subtract,8,4,4,union_scan,0,128,36300,283,192,5,4,4,1,1,1,16
2,i64,dense,shuffled,shuffled,50,7,subtract,8,4,4,fused,0,128,28600,223,192,3,4,4,1,1,1,16
2,i64,dense,shuffled,shuffled,50,7,subtract,8,4,4,events,0,128,51900,405,448,4,4,4,1,1,1,16
2,i64,dense,shuffled,shuffled,50,7,subtract,8,4,4,fused,1,128,23200,181,192,3,4,4,1,1,1,16
2,i64,dense,shuffled,shuffled,50,7,subtract,8,4,4,events,1,128,50200,392,448,4,4,4,1,1,1,16
2,i64,dense,shuffled,shuffled,50,7,subtract,8,4,4,union_scan,1,128,35700,278,192,5,4,4,1,1,1,16
2,i64,dense,shuffled,shuffled,50,7,subtract,8,4,4,events,2,128,50800,396,448,4,4,4,1,1,1,16
2,i64,dense,shuffled,shuffled,50,7,subtract,8,4,4,union_scan,2,128,35500,277,192,5,4,4,1,1,1,16
2,i64,dense,shuffled,shuffled,50,7,subtract,8,4,4,fused,2,128,23300,182,192,3,4,4,1,1,1,16
2,i64,dense,shuffled,shuffled,50,7,intersect,8,4,4,union_scan,0,128,34500,269,192,5,4,4,1,1,1,16
2,i64,dense,shuffled,shuffled,50,7,intersect,8,4,4,fused,0,128,23300,182,192,3,4,4,1,1,1,16
2,i64,dense,shuffled,shuffled,50,7,intersect,8,4,4,events,0,128,50900,397,448,4,4,4,1,1,1,16
2,i64,dense,shuffled,shuffled,50,7,intersect,8,4,4,fused,1,128,23400,182,192,3,4,4,1,1,1,16
2,i64,dense,shuffled,shuffled,50,7,intersect,8,4,4,events,1,128,50600,395,448,4,4,4,1,1,1,16
2,i64,dense,shuffled,shuffled,50,7,intersect,8,4,4,union_scan,1,128,34900,272,192,5,4,4,1,1,1,16
2,i64,dense,shuffled,shuffled,50,7,intersect,8,4,4,events,2,128,51000,398,448,4,4,4,1,1,1,16
2,i64,dense,shuffled,shuffled,50,7,intersect,8,4,4,union_scan,2,128,34800,271,192,5,4,4,1,1,1,16
2,i64,dense,shuffled,shuffled,50,7,intersect,8,4,4,fused,2,128,23300,182,192,3,4,4,1,1,1,16
2,u64,dense,shuffled,shuffled,50,7,subtract,8,4,4,union_scan,0,128,33300,260,192,5,4,4,1,1,1,16
2,u64,dense,shuffled,shuffled,50,7,subtract,8,4,4,fused,0,128,22100,172,192,3,4,4,1,1,1,16
2,u64,dense,shuffled,shuffled,50,7,subtract,8,4,4,events,0,128,51900,405,448,4,4,4,1,1,1,16
2,u64,dense,shuffled,shuffled,50,7,subtract,8,4,4,fused,1,128,22200,173,192,3,4,4,1,1,1,16
2,u64,dense,shuffled,shuffled,50,7,subtract,8,4,4,events,1,128,51600,403,448,4,4,4,1,1,1,16
2,u64,dense,shuffled,shuffled,50,7,subtract,8,4,4,union_scan,1,128,33700,263,192,5,4,4,1,1,1,16
2,u64,dense,shuffled,shuffled,50,7,subtract,8,4,4,events,2,128,51700,403,448,4,4,4,1,1,1,16
2,u64,dense,shuffled,shuffled,50,7,subtract,8,4,4,union_scan,2,128,33400,260,192,5,4,4,1,1,1,16
2,u64,dense,shuffled,shuffled,50,7,subtract,8,4,4,fused,2,128,22100,172,192,3,4,4,1,1,1,16
2,u64,dense,shuffled,shuffled,50,7,intersect,8,4,4,union_scan,0,128,37300,291,192,5,4,4,1,1,1,16
2,u64,dense,shuffled,shuffled,50,7,intersect,8,4,4,fused,0,128,22100,172,192,3,4,4,1,1,1,16
2,u64,dense,shuffled,shuffled,50,7,intersect,8,4,4,events,0,128,52000,406,448,4,4,4,1,1,1,16
2,u64,dense,shuffled,shuffled,50,7,intersect,8,4,4,fused,1,128,22500,175,192,3,4,4,1,1,1,16
2,u64,dense,shuffled,shuffled,50,7,intersect,8,4,4,events,1,128,51200,400,448,4,4,4,1,1,1,16
2,u64,dense,shuffled,shuffled,50,7,intersect,8,4,4,union_scan,1,128,36700,286,192,5,4,4,1,1,1,16
2,u64,dense,shuffled,shuffled,50,7,intersect,8,4,4,events,2,128,51200,400,448,4,4,4,1,1,1,16
2,u64,dense,shuffled,shuffled,50,7,intersect,8,4,4,union_scan,2,128,37000,289,192,5,4,4,1,1,1,16
2,u64,dense,shuffled,shuffled,50,7,intersect,8,4,4,fused,2,128,22000,171,192,3,4,4,1,1,1,16
2,i16,dense,shuffled,shuffled,50,7,subtract,8,4,4,union_scan,0,128,37100,289,48,5,4,4,1,1,1,16
2,i16,dense,shuffled,shuffled,50,7,subtract,8,4,4,fused,0,128,23300,182,48,3,4,4,1,1,1,16
2,i16,dense,shuffled,shuffled,50,7,subtract,8,4,4,events,0,128,48700,380,272,4,4,4,1,1,1,16
2,i16,dense,shuffled,shuffled,50,7,subtract,8,4,4,fused,1,128,23100,180,48,3,4,4,1,1,1,16
2,i16,dense,shuffled,shuffled,50,7,subtract,8,4,4,events,1,128,47000,367,272,4,4,4,1,1,1,16
2,i16,dense,shuffled,shuffled,50,7,subtract,8,4,4,union_scan,1,128,37100,289,48,5,4,4,1,1,1,16
2,i16,dense,shuffled,shuffled,50,7,subtract,8,4,4,events,2,128,46900,366,272,4,4,4,1,1,1,16
2,i16,dense,shuffled,shuffled,50,7,subtract,8,4,4,union_scan,2,128,38800,303,48,5,4,4,1,1,1,16
2,i16,dense,shuffled,shuffled,50,7,subtract,8,4,4,fused,2,128,23100,180,48,3,4,4,1,1,1,16
2,i16,dense,shuffled,shuffled,50,7,intersect,8,4,4,union_scan,0,128,37200,290,48,5,4,4,1,1,1,16
2,i16,dense,shuffled,shuffled,50,7,intersect,8,4,4,fused,0,128,23700,185,48,3,4,4,1,1,1,16
2,i16,dense,shuffled,shuffled,50,7,intersect,8,4,4,events,0,128,48500,378,272,4,4,4,1,1,1,16
2,i16,dense,shuffled,shuffled,50,7,intersect,8,4,4,fused,1,128,23300,182,48,3,4,4,1,1,1,16
2,i16,dense,shuffled,shuffled,50,7,intersect,8,4,4,events,1,128,48200,376,272,4,4,4,1,1,1,16
2,i16,dense,shuffled,shuffled,50,7,intersect,8,4,4,union_scan,1,128,37000,289,48,5,4,4,1,1,1,16
2,i16,dense,shuffled,shuffled,50,7,intersect,8,4,4,events,2,128,48400,378,272,4,4,4,1,1,1,16
2,i16,dense,shuffled,shuffled,50,7,intersect,8,4,4,union_scan,2,128,37000,289,48,5,4,4,1,1,1,16
2,i16,dense,shuffled,shuffled,50,7,intersect,8,4,4,fused,2,128,23300,182,48,3,4,4,1,1,1,16
2,i64,dense,shuffled,shuffled,50,7,subtract,1000,500,500,union_scan,0,4,53500,13375,8128,5,500,500,1,1,1,1050
2,i64,dense,shuffled,shuffled,50,7,subtract,1000,500,500,fused,0,4,49100,12275,16448,17,500,500,1,1,1,1050
2,i64,dense,shuffled,shuffled,50,7,subtract,1000,500,500,events,0,4,203600,50900,49216,11,500,500,1,1,1,1050
2,i64,dense,shuffled,shuffled,50,7,subtract,1000,500,500,fused,1,4,50400,12600,16448,17,500,500,1,1,1,1050
2,i64,dense,shuffled,shuffled,50,7,subtract,1000,500,500,events,1,4,185600,46400,49216,11,500,500,1,1,1,1050
2,i64,dense,shuffled,shuffled,50,7,subtract,1000,500,500,union_scan,1,4,53600,13400,8128,5,500,500,1,1,1,1050
2,i64,dense,shuffled,shuffled,50,7,subtract,1000,500,500,events,2,4,179900,44975,49216,11,500,500,1,1,1,1050
2,i64,dense,shuffled,shuffled,50,7,subtract,1000,500,500,union_scan,2,4,53100,13275,8128,5,500,500,1,1,1,1050
2,i64,dense,shuffled,shuffled,50,7,subtract,1000,500,500,fused,2,4,47800,11950,16448,17,500,500,1,1,1,1050
2,i64,dense,shuffled,shuffled,50,7,intersect,1000,500,500,union_scan,0,4,52300,13075,8128,5,500,500,1,1,1,1050
2,i64,dense,shuffled,shuffled,50,7,intersect,1000,500,500,fused,0,4,47100,11775,16448,17,500,500,1,1,1,1050
2,i64,dense,shuffled,shuffled,50,7,intersect,1000,500,500,events,0,4,179400,44850,49216,11,500,500,1,1,1,1050
2,i64,dense,shuffled,shuffled,50,7,intersect,1000,500,500,fused,1,4,47900,11975,16448,17,500,500,1,1,1,1050
2,i64,dense,shuffled,shuffled,50,7,intersect,1000,500,500,events,1,4,180100,45025,49216,11,500,500,1,1,1,1050
2,i64,dense,shuffled,shuffled,50,7,intersect,1000,500,500,union_scan,1,4,52500,13125,8128,5,500,500,1,1,1,1050
2,i64,dense,shuffled,shuffled,50,7,intersect,1000,500,500,events,2,4,182800,45700,49216,11,500,500,1,1,1,1050
2,i64,dense,shuffled,shuffled,50,7,intersect,1000,500,500,union_scan,2,4,52500,13125,8128,5,500,500,1,1,1,1050
2,i64,dense,shuffled,shuffled,50,7,intersect,1000,500,500,fused,2,4,49900,12475,16448,17,500,500,1,1,1,1050
2,u64,dense,shuffled,shuffled,50,7,subtract,1000,500,500,union_scan,0,4,51600,12900,8128,5,500,500,1,1,1,1050
2,u64,dense,shuffled,shuffled,50,7,subtract,1000,500,500,fused,0,4,46300,11575,16448,17,500,500,1,1,1,1050
2,u64,dense,shuffled,shuffled,50,7,subtract,1000,500,500,events,0,4,201200,50300,49216,11,500,500,1,1,1,1050
2,u64,dense,shuffled,shuffled,50,7,subtract,1000,500,500,fused,1,4,48100,12025,16448,17,500,500,1,1,1,1050
2,u64,dense,shuffled,shuffled,50,7,subtract,1000,500,500,events,1,4,182700,45675,49216,11,500,500,1,1,1,1050
2,u64,dense,shuffled,shuffled,50,7,subtract,1000,500,500,union_scan,1,4,50800,12700,8128,5,500,500,1,1,1,1050
2,u64,dense,shuffled,shuffled,50,7,subtract,1000,500,500,events,2,4,178000,44500,49216,11,500,500,1,1,1,1050
2,u64,dense,shuffled,shuffled,50,7,subtract,1000,500,500,union_scan,2,4,50300,12575,8128,5,500,500,1,1,1,1050
2,u64,dense,shuffled,shuffled,50,7,subtract,1000,500,500,fused,2,4,46300,11575,16448,17,500,500,1,1,1,1050
2,u64,dense,shuffled,shuffled,50,7,intersect,1000,500,500,union_scan,0,4,49800,12450,8128,5,500,500,1,1,1,1050
2,u64,dense,shuffled,shuffled,50,7,intersect,1000,500,500,fused,0,4,46900,11725,16448,17,500,500,1,1,1,1050
2,u64,dense,shuffled,shuffled,50,7,intersect,1000,500,500,events,0,4,180900,45225,49216,11,500,500,1,1,1,1050
2,u64,dense,shuffled,shuffled,50,7,intersect,1000,500,500,fused,1,4,46400,11600,16448,17,500,500,1,1,1,1050
2,u64,dense,shuffled,shuffled,50,7,intersect,1000,500,500,events,1,4,176900,44225,49216,11,500,500,1,1,1,1050
2,u64,dense,shuffled,shuffled,50,7,intersect,1000,500,500,union_scan,1,4,54300,13575,8128,5,500,500,1,1,1,1050
2,u64,dense,shuffled,shuffled,50,7,intersect,1000,500,500,events,2,4,176600,44150,49216,11,500,500,1,1,1,1050
2,u64,dense,shuffled,shuffled,50,7,intersect,1000,500,500,union_scan,2,4,50800,12700,8128,5,500,500,1,1,1,1050
2,u64,dense,shuffled,shuffled,50,7,intersect,1000,500,500,fused,2,4,47100,11775,16448,17,500,500,1,1,1,1050
2,i16,dense,shuffled,shuffled,50,7,subtract,1000,500,500,union_scan,0,4,52400,13100,2032,5,500,500,1,1,1,1050
2,i16,dense,shuffled,shuffled,50,7,subtract,1000,500,500,fused,0,4,46700,11675,4112,17,500,500,1,1,1,1050
2,i16,dense,shuffled,shuffled,50,7,subtract,1000,500,500,events,0,4,169200,42300,32784,11,500,500,1,1,1,1050
2,i16,dense,shuffled,shuffled,50,7,subtract,1000,500,500,fused,1,4,48100,12025,4112,17,500,500,1,1,1,1050
2,i16,dense,shuffled,shuffled,50,7,subtract,1000,500,500,events,1,4,147900,36975,32784,11,500,500,1,1,1,1050
2,i16,dense,shuffled,shuffled,50,7,subtract,1000,500,500,union_scan,1,4,52100,13025,2032,5,500,500,1,1,1,1050
2,i16,dense,shuffled,shuffled,50,7,subtract,1000,500,500,events,2,4,145100,36275,32784,11,500,500,1,1,1,1050
2,i16,dense,shuffled,shuffled,50,7,subtract,1000,500,500,union_scan,2,4,57100,14275,2032,5,500,500,1,1,1,1050
2,i16,dense,shuffled,shuffled,50,7,subtract,1000,500,500,fused,2,4,48500,12125,4112,17,500,500,1,1,1,1050
2,i16,dense,shuffled,shuffled,50,7,intersect,1000,500,500,union_scan,0,4,53200,13300,2032,5,500,500,1,1,1,1050
2,i16,dense,shuffled,shuffled,50,7,intersect,1000,500,500,fused,0,4,46900,11725,4112,17,500,500,1,1,1,1050
2,i16,dense,shuffled,shuffled,50,7,intersect,1000,500,500,events,0,4,145700,36425,32784,11,500,500,1,1,1,1050
2,i16,dense,shuffled,shuffled,50,7,intersect,1000,500,500,fused,1,4,47100,11775,4112,17,500,500,1,1,1,1050
2,i16,dense,shuffled,shuffled,50,7,intersect,1000,500,500,events,1,4,143600,35900,32784,11,500,500,1,1,1,1050
2,i16,dense,shuffled,shuffled,50,7,intersect,1000,500,500,union_scan,1,4,51900,12975,2032,5,500,500,1,1,1,1050
2,i16,dense,shuffled,shuffled,50,7,intersect,1000,500,500,events,2,4,150000,37500,32784,11,500,500,1,1,1,1050
2,i16,dense,shuffled,shuffled,50,7,intersect,1000,500,500,union_scan,2,4,51900,12975,2032,5,500,500,1,1,1,1050
2,i16,dense,shuffled,shuffled,50,7,intersect,1000,500,500,fused,2,4,46900,11725,4112,17,500,500,1,1,1,1050
2,i64,dense,shuffled,shuffled,50,7,subtract,10000,5000,5000,union_scan,0,1,219100,219100,80128,5,5000,5000,1,1,1,10050
2,i64,dense,shuffled,shuffled,50,7,subtract,10000,5000,5000,fused,0,1,287700,287700,262208,25,5000,5000,1,1,1,10050
2,i64,dense,shuffled,shuffled,50,7,subtract,10000,5000,5000,events,0,1,966800,966800,786496,15,5000,5000,1,1,1,10050
2,i64,dense,shuffled,shuffled,50,7,subtract,10000,5000,5000,fused,1,1,289000,289000,262208,25,5000,5000,1,1,1,10050
2,i64,dense,shuffled,shuffled,50,7,subtract,10000,5000,5000,events,1,1,868500,868500,786496,15,5000,5000,1,1,1,10050
2,i64,dense,shuffled,shuffled,50,7,subtract,10000,5000,5000,union_scan,1,1,216100,216100,80128,5,5000,5000,1,1,1,10050
2,i64,dense,shuffled,shuffled,50,7,subtract,10000,5000,5000,events,2,1,805200,805200,786496,15,5000,5000,1,1,1,10050
2,i64,dense,shuffled,shuffled,50,7,subtract,10000,5000,5000,union_scan,2,1,235900,235900,80128,5,5000,5000,1,1,1,10050
2,i64,dense,shuffled,shuffled,50,7,subtract,10000,5000,5000,fused,2,1,269900,269900,262208,25,5000,5000,1,1,1,10050
2,i64,dense,shuffled,shuffled,50,7,intersect,10000,5000,5000,union_scan,0,1,227000,227000,80128,5,5000,5000,1,1,1,10050
2,i64,dense,shuffled,shuffled,50,7,intersect,10000,5000,5000,fused,0,1,261000,261000,262208,25,5000,5000,1,1,1,10050
2,i64,dense,shuffled,shuffled,50,7,intersect,10000,5000,5000,events,0,1,901400,901400,786496,15,5000,5000,1,1,1,10050
2,i64,dense,shuffled,shuffled,50,7,intersect,10000,5000,5000,fused,1,1,309000,309000,262208,25,5000,5000,1,1,1,10050
2,i64,dense,shuffled,shuffled,50,7,intersect,10000,5000,5000,events,1,1,1059700,1059700,786496,15,5000,5000,1,1,1,10050
2,i64,dense,shuffled,shuffled,50,7,intersect,10000,5000,5000,union_scan,1,1,229000,229000,80128,5,5000,5000,1,1,1,10050
2,i64,dense,shuffled,shuffled,50,7,intersect,10000,5000,5000,events,2,1,883200,883200,786496,15,5000,5000,1,1,1,10050
2,i64,dense,shuffled,shuffled,50,7,intersect,10000,5000,5000,union_scan,2,1,288100,288100,80128,5,5000,5000,1,1,1,10050
2,i64,dense,shuffled,shuffled,50,7,intersect,10000,5000,5000,fused,2,1,276800,276800,262208,25,5000,5000,1,1,1,10050
2,u64,dense,shuffled,shuffled,50,7,subtract,10000,5000,5000,union_scan,0,1,199000,199000,80128,5,5000,5000,1,1,1,10050
2,u64,dense,shuffled,shuffled,50,7,subtract,10000,5000,5000,fused,0,1,251500,251500,262208,25,5000,5000,1,1,1,10050
2,u64,dense,shuffled,shuffled,50,7,subtract,10000,5000,5000,events,0,1,880600,880600,786496,15,5000,5000,1,1,1,10050
2,u64,dense,shuffled,shuffled,50,7,subtract,10000,5000,5000,fused,1,1,250700,250700,262208,25,5000,5000,1,1,1,10050
2,u64,dense,shuffled,shuffled,50,7,subtract,10000,5000,5000,events,1,1,805300,805300,786496,15,5000,5000,1,1,1,10050
2,u64,dense,shuffled,shuffled,50,7,subtract,10000,5000,5000,union_scan,1,1,197900,197900,80128,5,5000,5000,1,1,1,10050
2,u64,dense,shuffled,shuffled,50,7,subtract,10000,5000,5000,events,2,1,738500,738500,786496,15,5000,5000,1,1,1,10050
2,u64,dense,shuffled,shuffled,50,7,subtract,10000,5000,5000,union_scan,2,1,213700,213700,80128,5,5000,5000,1,1,1,10050
2,u64,dense,shuffled,shuffled,50,7,subtract,10000,5000,5000,fused,2,1,234000,234000,262208,25,5000,5000,1,1,1,10050
2,u64,dense,shuffled,shuffled,50,7,intersect,10000,5000,5000,union_scan,0,1,209400,209400,80128,5,5000,5000,1,1,1,10050
2,u64,dense,shuffled,shuffled,50,7,intersect,10000,5000,5000,fused,0,1,248100,248100,262208,25,5000,5000,1,1,1,10050
2,u64,dense,shuffled,shuffled,50,7,intersect,10000,5000,5000,events,0,1,865400,865400,786496,15,5000,5000,1,1,1,10050
2,u64,dense,shuffled,shuffled,50,7,intersect,10000,5000,5000,fused,1,1,253600,253600,262208,25,5000,5000,1,1,1,10050
2,u64,dense,shuffled,shuffled,50,7,intersect,10000,5000,5000,events,1,1,893300,893300,786496,15,5000,5000,1,1,1,10050
2,u64,dense,shuffled,shuffled,50,7,intersect,10000,5000,5000,union_scan,1,1,210400,210400,80128,5,5000,5000,1,1,1,10050
2,u64,dense,shuffled,shuffled,50,7,intersect,10000,5000,5000,events,2,1,809400,809400,786496,15,5000,5000,1,1,1,10050
2,u64,dense,shuffled,shuffled,50,7,intersect,10000,5000,5000,union_scan,2,1,196600,196600,80128,5,5000,5000,1,1,1,10050
2,u64,dense,shuffled,shuffled,50,7,intersect,10000,5000,5000,fused,2,1,191900,191900,262208,25,5000,5000,1,1,1,10050
2,i16,dense,shuffled,shuffled,50,7,subtract,10000,5000,5000,union_scan,0,1,178000,178000,20032,5,5000,5000,1,1,1,10050
2,i16,dense,shuffled,shuffled,50,7,subtract,10000,5000,5000,fused,0,1,158700,158700,65552,25,5000,5000,1,1,1,10050
2,i16,dense,shuffled,shuffled,50,7,subtract,10000,5000,5000,events,0,1,553400,553400,524304,15,5000,5000,1,1,1,10050
2,i16,dense,shuffled,shuffled,50,7,subtract,10000,5000,5000,fused,1,1,160300,160300,65552,25,5000,5000,1,1,1,10050
2,i16,dense,shuffled,shuffled,50,7,subtract,10000,5000,5000,events,1,1,562800,562800,524304,15,5000,5000,1,1,1,10050
2,i16,dense,shuffled,shuffled,50,7,subtract,10000,5000,5000,union_scan,1,1,178100,178100,20032,5,5000,5000,1,1,1,10050
2,i16,dense,shuffled,shuffled,50,7,subtract,10000,5000,5000,events,2,1,552100,552100,524304,15,5000,5000,1,1,1,10050
2,i16,dense,shuffled,shuffled,50,7,subtract,10000,5000,5000,union_scan,2,1,178000,178000,20032,5,5000,5000,1,1,1,10050
2,i16,dense,shuffled,shuffled,50,7,subtract,10000,5000,5000,fused,2,1,157700,157700,65552,25,5000,5000,1,1,1,10050
2,i16,dense,shuffled,shuffled,50,7,intersect,10000,5000,5000,union_scan,0,1,176900,176900,20032,5,5000,5000,1,1,1,10050
2,i16,dense,shuffled,shuffled,50,7,intersect,10000,5000,5000,fused,0,1,156400,156400,65552,25,5000,5000,1,1,1,10050
2,i16,dense,shuffled,shuffled,50,7,intersect,10000,5000,5000,events,0,1,561400,561400,524304,15,5000,5000,1,1,1,10050
2,i16,dense,shuffled,shuffled,50,7,intersect,10000,5000,5000,fused,1,1,158200,158200,65552,25,5000,5000,1,1,1,10050
2,i16,dense,shuffled,shuffled,50,7,intersect,10000,5000,5000,events,1,1,559200,559200,524304,15,5000,5000,1,1,1,10050
2,i16,dense,shuffled,shuffled,50,7,intersect,10000,5000,5000,union_scan,1,1,175400,175400,20032,5,5000,5000,1,1,1,10050
2,i16,dense,shuffled,shuffled,50,7,intersect,10000,5000,5000,events,2,1,560500,560500,524304,15,5000,5000,1,1,1,10050
2,i16,dense,shuffled,shuffled,50,7,intersect,10000,5000,5000,union_scan,2,1,175600,175600,20032,5,5000,5000,1,1,1,10050
2,i16,dense,shuffled,shuffled,50,7,intersect,10000,5000,5000,fused,2,1,161100,161100,65552,25,5000,5000,1,1,1,10050
2,i64,dense,shuffled,shuffled,50,7,subtract,100000,50000,50000,union_scan,0,1,2678400,2678400,800128,5,50000,50000,1,1,1,100051
2,i64,dense,shuffled,shuffled,50,7,subtract,100000,50000,50000,fused,0,1,2732300,2732300,2097216,31,50000,50000,1,1,1,100051
2,i64,dense,shuffled,shuffled,50,7,subtract,100000,50000,50000,events,0,1,10266000,10266000,6291520,18,50000,50000,1,1,1,100051
2,i64,dense,shuffled,shuffled,50,7,subtract,100000,50000,50000,fused,1,1,3001500,3001500,2097216,31,50000,50000,1,1,1,100051
2,i64,dense,shuffled,shuffled,50,7,subtract,100000,50000,50000,events,1,1,9868500,9868500,6291520,18,50000,50000,1,1,1,100051
2,i64,dense,shuffled,shuffled,50,7,subtract,100000,50000,50000,union_scan,1,1,2533200,2533200,800128,5,50000,50000,1,1,1,100051
2,i64,dense,shuffled,shuffled,50,7,subtract,100000,50000,50000,events,2,1,10018400,10018400,6291520,18,50000,50000,1,1,1,100051
2,i64,dense,shuffled,shuffled,50,7,subtract,100000,50000,50000,union_scan,2,1,2662700,2662700,800128,5,50000,50000,1,1,1,100051
2,i64,dense,shuffled,shuffled,50,7,subtract,100000,50000,50000,fused,2,1,2702300,2702300,2097216,31,50000,50000,1,1,1,100051
2,i64,dense,shuffled,shuffled,50,7,intersect,100000,50000,50000,union_scan,0,1,2741000,2741000,800128,5,50000,50000,1,1,1,100051
2,i64,dense,shuffled,shuffled,50,7,intersect,100000,50000,50000,fused,0,1,2916500,2916500,2097216,31,50000,50000,1,1,1,100051
2,i64,dense,shuffled,shuffled,50,7,intersect,100000,50000,50000,events,0,1,9854200,9854200,6291520,18,50000,50000,1,1,1,100051
2,i64,dense,shuffled,shuffled,50,7,intersect,100000,50000,50000,fused,1,1,2808900,2808900,2097216,31,50000,50000,1,1,1,100051
2,i64,dense,shuffled,shuffled,50,7,intersect,100000,50000,50000,events,1,1,9788800,9788800,6291520,18,50000,50000,1,1,1,100051
2,i64,dense,shuffled,shuffled,50,7,intersect,100000,50000,50000,union_scan,1,1,2681300,2681300,800128,5,50000,50000,1,1,1,100051
2,i64,dense,shuffled,shuffled,50,7,intersect,100000,50000,50000,events,2,1,9899700,9899700,6291520,18,50000,50000,1,1,1,100051
2,i64,dense,shuffled,shuffled,50,7,intersect,100000,50000,50000,union_scan,2,1,2578600,2578600,800128,5,50000,50000,1,1,1,100051
2,i64,dense,shuffled,shuffled,50,7,intersect,100000,50000,50000,fused,2,1,2686600,2686600,2097216,31,50000,50000,1,1,1,100051
2,u64,dense,shuffled,shuffled,50,7,subtract,100000,50000,50000,union_scan,0,1,2411300,2411300,800128,5,50000,50000,1,1,1,100051
2,u64,dense,shuffled,shuffled,50,7,subtract,100000,50000,50000,fused,0,1,2583900,2583900,2097216,31,50000,50000,1,1,1,100051
2,u64,dense,shuffled,shuffled,50,7,subtract,100000,50000,50000,events,0,1,9838900,9838900,6291520,18,50000,50000,1,1,1,100051
2,u64,dense,shuffled,shuffled,50,7,subtract,100000,50000,50000,fused,1,1,2728400,2728400,2097216,31,50000,50000,1,1,1,100051
2,u64,dense,shuffled,shuffled,50,7,subtract,100000,50000,50000,events,1,1,9787600,9787600,6291520,18,50000,50000,1,1,1,100051
2,u64,dense,shuffled,shuffled,50,7,subtract,100000,50000,50000,union_scan,1,1,2552200,2552200,800128,5,50000,50000,1,1,1,100051
2,u64,dense,shuffled,shuffled,50,7,subtract,100000,50000,50000,events,2,1,9947300,9947300,6291520,18,50000,50000,1,1,1,100051
2,u64,dense,shuffled,shuffled,50,7,subtract,100000,50000,50000,union_scan,2,1,2400100,2400100,800128,5,50000,50000,1,1,1,100051
2,u64,dense,shuffled,shuffled,50,7,subtract,100000,50000,50000,fused,2,1,2467000,2467000,2097216,31,50000,50000,1,1,1,100051
2,u64,dense,shuffled,shuffled,50,7,intersect,100000,50000,50000,union_scan,0,1,2367800,2367800,800128,5,50000,50000,1,1,1,100051
2,u64,dense,shuffled,shuffled,50,7,intersect,100000,50000,50000,fused,0,1,2458800,2458800,2097216,31,50000,50000,1,1,1,100051
2,u64,dense,shuffled,shuffled,50,7,intersect,100000,50000,50000,events,0,1,12120100,12120100,6291520,18,50000,50000,1,1,1,100051
2,u64,dense,shuffled,shuffled,50,7,intersect,100000,50000,50000,fused,1,1,2623800,2623800,2097216,31,50000,50000,1,1,1,100051
2,u64,dense,shuffled,shuffled,50,7,intersect,100000,50000,50000,events,1,1,10167200,10167200,6291520,18,50000,50000,1,1,1,100051
2,u64,dense,shuffled,shuffled,50,7,intersect,100000,50000,50000,union_scan,1,1,2395100,2395100,800128,5,50000,50000,1,1,1,100051
2,u64,dense,shuffled,shuffled,50,7,intersect,100000,50000,50000,events,2,1,10285300,10285300,6291520,18,50000,50000,1,1,1,100051
2,u64,dense,shuffled,shuffled,50,7,intersect,100000,50000,50000,union_scan,2,1,2413100,2413100,800128,5,50000,50000,1,1,1,100051
2,u64,dense,shuffled,shuffled,50,7,intersect,100000,50000,50000,fused,2,1,2557600,2557600,2097216,31,50000,50000,1,1,1,100051
3,i64,nested,start,shuffled,50,7,subtract,0,0,0,union_scan,0,128,3300,25,0,0,0,0,0,0,0,0
3,i64,nested,start,shuffled,50,7,subtract,0,0,0,fused,0,128,5100,39,0,0,0,0,0,0,0,0
3,i64,nested,start,shuffled,50,7,subtract,0,0,0,events,0,128,2300,17,0,0,0,0,0,0,0,0
3,i64,nested,start,shuffled,50,7,subtract,0,0,0,fused,1,128,5100,39,0,0,0,0,0,0,0,0
3,i64,nested,start,shuffled,50,7,subtract,0,0,0,events,1,128,2400,18,0,0,0,0,0,0,0,0
3,i64,nested,start,shuffled,50,7,subtract,0,0,0,union_scan,1,128,3200,25,0,0,0,0,0,0,0,0
3,i64,nested,start,shuffled,50,7,subtract,0,0,0,events,2,128,2800,21,0,0,0,0,0,0,0,0
3,i64,nested,start,shuffled,50,7,subtract,0,0,0,union_scan,2,128,3300,25,0,0,0,0,0,0,0,0
3,i64,nested,start,shuffled,50,7,subtract,0,0,0,fused,2,128,5300,41,0,0,0,0,0,0,0,0
3,i64,nested,start,shuffled,50,7,intersect,0,0,0,union_scan,0,128,2700,21,0,0,0,0,0,0,0,0
3,i64,nested,start,shuffled,50,7,intersect,0,0,0,fused,0,128,5300,41,0,0,0,0,0,0,0,0
3,i64,nested,start,shuffled,50,7,intersect,0,0,0,events,0,128,2600,20,0,0,0,0,0,0,0,0
3,i64,nested,start,shuffled,50,7,intersect,0,0,0,fused,1,128,4300,33,0,0,0,0,0,0,0,0
3,i64,nested,start,shuffled,50,7,intersect,0,0,0,events,1,128,2500,19,0,0,0,0,0,0,0,0
3,i64,nested,start,shuffled,50,7,intersect,0,0,0,union_scan,1,128,2200,17,0,0,0,0,0,0,0,0
3,i64,nested,start,shuffled,50,7,intersect,0,0,0,events,2,128,2500,19,0,0,0,0,0,0,0,0
3,i64,nested,start,shuffled,50,7,intersect,0,0,0,union_scan,2,128,2200,17,0,0,0,0,0,0,0,0
3,i64,nested,start,shuffled,50,7,intersect,0,0,0,fused,2,128,4200,32,0,0,0,0,0,0,0,0
3,u64,nested,start,shuffled,50,7,subtract,0,0,0,union_scan,0,128,3400,26,0,0,0,0,0,0,0,0
3,u64,nested,start,shuffled,50,7,subtract,0,0,0,fused,0,128,5200,40,0,0,0,0,0,0,0,0
3,u64,nested,start,shuffled,50,7,subtract,0,0,0,events,0,128,2400,18,0,0,0,0,0,0,0,0
3,u64,nested,start,shuffled,50,7,subtract,0,0,0,fused,1,128,11900,92,0,0,0,0,0,0,0,0
3,u64,nested,start,shuffled,50,7,subtract,0,0,0,events,1,128,2700,21,0,0,0,0,0,0,0,0
3,u64,nested,start,shuffled,50,7,subtract,0,0,0,union_scan,1,128,3300,25,0,0,0,0,0,0,0,0
3,u64,nested,start,shuffled,50,7,subtract,0,0,0,events,2,128,2600,20,0,0,0,0,0,0,0,0
3,u64,nested,start,shuffled,50,7,subtract,0,0,0,union_scan,2,128,3300,25,0,0,0,0,0,0,0,0
3,u64,nested,start,shuffled,50,7,subtract,0,0,0,fused,2,128,5300,41,0,0,0,0,0,0,0,0
3,u64,nested,start,shuffled,50,7,intersect,0,0,0,union_scan,0,128,1700,13,0,0,0,0,0,0,0,0
3,u64,nested,start,shuffled,50,7,intersect,0,0,0,fused,0,128,4200,32,0,0,0,0,0,0,0,0
3,u64,nested,start,shuffled,50,7,intersect,0,0,0,events,0,128,2500,19,0,0,0,0,0,0,0,0
3,u64,nested,start,shuffled,50,7,intersect,0,0,0,fused,1,128,4400,34,0,0,0,0,0,0,0,0
3,u64,nested,start,shuffled,50,7,intersect,0,0,0,events,1,128,2600,20,0,0,0,0,0,0,0,0
3,u64,nested,start,shuffled,50,7,intersect,0,0,0,union_scan,1,128,1600,12,0,0,0,0,0,0,0,0
3,u64,nested,start,shuffled,50,7,intersect,0,0,0,events,2,128,2400,18,0,0,0,0,0,0,0,0
3,u64,nested,start,shuffled,50,7,intersect,0,0,0,union_scan,2,128,1700,13,0,0,0,0,0,0,0,0
3,u64,nested,start,shuffled,50,7,intersect,0,0,0,fused,2,128,4500,35,0,0,0,0,0,0,0,0
3,i16,nested,start,shuffled,50,7,subtract,0,0,0,union_scan,0,128,3400,26,0,0,0,0,0,0,0,0
3,i16,nested,start,shuffled,50,7,subtract,0,0,0,fused,0,128,5200,40,0,0,0,0,0,0,0,0
3,i16,nested,start,shuffled,50,7,subtract,0,0,0,events,0,128,3500,27,0,0,0,0,0,0,0,0
3,i16,nested,start,shuffled,50,7,subtract,0,0,0,fused,1,128,5100,39,0,0,0,0,0,0,0,0
3,i16,nested,start,shuffled,50,7,subtract,0,0,0,events,1,128,3500,27,0,0,0,0,0,0,0,0
3,i16,nested,start,shuffled,50,7,subtract,0,0,0,union_scan,1,128,3400,26,0,0,0,0,0,0,0,0
3,i16,nested,start,shuffled,50,7,subtract,0,0,0,events,2,128,3500,27,0,0,0,0,0,0,0,0
3,i16,nested,start,shuffled,50,7,subtract,0,0,0,union_scan,2,128,3400,26,0,0,0,0,0,0,0,0
3,i16,nested,start,shuffled,50,7,subtract,0,0,0,fused,2,128,5200,40,0,0,0,0,0,0,0,0
3,i16,nested,start,shuffled,50,7,intersect,0,0,0,union_scan,0,128,1600,12,0,0,0,0,0,0,0,0
3,i16,nested,start,shuffled,50,7,intersect,0,0,0,fused,0,128,4400,34,0,0,0,0,0,0,0,0
3,i16,nested,start,shuffled,50,7,intersect,0,0,0,events,0,128,3400,26,0,0,0,0,0,0,0,0
3,i16,nested,start,shuffled,50,7,intersect,0,0,0,fused,1,128,4400,34,0,0,0,0,0,0,0,0
3,i16,nested,start,shuffled,50,7,intersect,0,0,0,events,1,128,3400,26,0,0,0,0,0,0,0,0
3,i16,nested,start,shuffled,50,7,intersect,0,0,0,union_scan,1,128,1600,12,0,0,0,0,0,0,0,0
3,i16,nested,start,shuffled,50,7,intersect,0,0,0,events,2,128,3400,26,0,0,0,0,0,0,0,0
3,i16,nested,start,shuffled,50,7,intersect,0,0,0,union_scan,2,128,1500,11,0,0,0,0,0,0,0,0
3,i16,nested,start,shuffled,50,7,intersect,0,0,0,fused,2,128,4400,34,0,0,0,0,0,0,0,0
3,i64,nested,start,shuffled,50,7,subtract,8,4,4,union_scan,0,128,25700,200,192,3,4,4,1,1,0,8
3,i64,nested,start,shuffled,50,7,subtract,8,4,4,fused,0,128,17000,132,128,2,4,4,1,1,0,8
3,i64,nested,start,shuffled,50,7,subtract,8,4,4,events,0,128,45000,351,384,3,4,4,1,1,0,8
3,i64,nested,start,shuffled,50,7,subtract,8,4,4,fused,1,128,16800,131,128,2,4,4,1,1,0,8
3,i64,nested,start,shuffled,50,7,subtract,8,4,4,events,1,128,43500,339,384,3,4,4,1,1,0,8
3,i64,nested,start,shuffled,50,7,subtract,8,4,4,union_scan,1,128,24100,188,192,3,4,4,1,1,0,8
3,i64,nested,start,shuffled,50,7,subtract,8,4,4,events,2,128,43400,339,384,3,4,4,1,1,0,8
3,i64,nested,start,shuffled,50,7,subtract,8,4,4,union_scan,2,128,24100,188,192,3,4,4,1,1,0,8
3,i64,nested,start,shuffled,50,7,subtract,8,4,4,fused,2,128,16900,132,128,2,4,4,1,1,0,8
3,i64,nested,start,shuffled,50,7,intersect,8,4,4,union_scan,0,128,27900,217,192,4,4,4,1,1,1,8
3,i64,nested,start,shuffled,50,7,intersect,8,4,4,fused,0,128,22900,178,192,3,4,4,1,1,1,8
3,i64,nested,start,shuffled,50,7,intersect,8,4,4,events,0,128,48400,378,448,4,4,4,1,1,1,8
3,i64,nested,start,shuffled,50,7,intersect,8,4,4,fused,1,128,22800,178,192,3,4,4,1,1,1,8
3,i64,nested,start,shuffled,50,7,intersect,8,4,4,events,1,128,48100,375,448,4,4,4,1,1,1,8
3,i64,nested,start,shuffled,50,7,intersect,8,4,4,union_scan,1,128,28300,221,192,4,4,4,1,1,1,8
3,i64,nested,start,shuffled,50,7,intersect,8,4,4,events,2,128,49900,389,448,4,4,4,1,1,1,8
3,i64,nested,start,shuffled,50,7,intersect,8,4,4,union_scan,2,128,28200,220,192,4,4,4,1,1,1,8
3,i64,nested,start,shuffled,50,7,intersect,8,4,4,fused,2,128,22500,175,192,3,4,4,1,1,1,8
3,u64,nested,start,shuffled,50,7,subtract,8,4,4,union_scan,0,128,22800,178,192,3,4,4,1,1,0,8
3,u64,nested,start,shuffled,50,7,subtract,8,4,4,fused,0,128,17600,137,128,2,4,4,1,1,0,8
3,u64,nested,start,shuffled,50,7,subtract,8,4,4,events,0,128,45000,351,384,3,4,4,1,1,0,8
3,u64,nested,start,shuffled,50,7,subtract,8,4,4,fused,1,128,17600,137,128,2,4,4,1,1,0,8
3,u64,nested,start,shuffled,50,7,subtract,8,4,4,events,1,128,44200,345,384,3,4,4,1,1,0,8
3,u64,nested,start,shuffled,50,7,subtract,8,4,4,union_scan,1,128,22300,174,192,3,4,4,1,1,0,8
3,u64,nested,start,shuffled,50,7,subtract,8,4,4,events,2,128,44600,348,384,3,4,4,1,1,0,8
3,u64,nested,start,shuffled,50,7,subtract,8,4,4,union_scan,2,128,21800,170,192,3,4,4,1,1,0,8
3,u64,nested,start,shuffled,50,7,subtract,8,4,4,fused,2,128,17700,138,128,2,4,4,1,1,0,8
3,u64,nested,start,shuffled,50,7,intersect,8,4,4,union_scan,0,128,30600,239,192,4,4,4,1,1,1,8
3,u64,nested,start,shuffled,50,7,intersect,8,4,4,fused,0,128,19800,154,192,3,4,4,1,1,1,8
3,u64,nested,start,shuffled,50,7,intersect,8,4,4,events,0,128,50500,394,448,4,4,4,1,1,1,8
3,u64,nested,start,shuffled,50,7,intersect,8,4,4,fused,1,128,21200,165,192,3,4,4,1,1,1,8
3,u64,nested,start,shuffled,50,7,intersect,8,4,4,events,1,128,49600,387,448,4,4,4,1,1,1,8
3,u64,nested,start,shuffled,50,7,intersect,8,4,4,union_scan,1,128,30900,241,192,4,4,4,1,1,1,8
3,u64,nested,start,shuffled,50,7,intersect,8,4,4,events,2,128,50700,396,448,4,4,4,1,1,1,8
3,u64,nested,start,shuffled,50,7,intersect,8,4,4,union_scan,2,128,30800,240,192,4,4,4,1,1,1,8
3,u64,nested,start,shuffled,50,7,intersect,8,4,4,fused,2,128,20800,162,192,3,4,4,1,1,1,8
3,i16,nested,start,shuffled,50,7,subtract,8,4,4,union_scan,0,128,23500,183,48,3,4,4,1,1,0,8
3,i16,nested,start,shuffled,50,7,subtract,8,4,4,fused,0,128,17500,136,32,2,4,4,1,1,0,8
3,i16,nested,start,shuffled,50,7,subtract,8,4,4,events,0,128,43800,342,256,3,4,4,1,1,0,8
3,i16,nested,start,shuffled,50,7,subtract,8,4,4,fused,1,128,17500,136,32,2,4,4,1,1,0,8
3,i16,nested,start,shuffled,50,7,subtract,8,4,4,events,1,128,42900,335,256,3,4,4,1,1,0,8
3,i16,nested,start,shuffled,50,7,subtract,8,4,4,union_scan,1,128,23300,182,48,3,4,4,1,1,0,8
3,i16,nested,start,shuffled,50,7,subtract,8,4,4,events,2,128,42700,333,256,3,4,4,1,1,0,8
3,i16,nested,start,shuffled,50,7,subtract,8,4,4,union_scan,2,128,23200,181,48,3,4,4,1,1,0,8
3,i16,nested,start,shuffled,50,7,subtract,8,4,4,fused,2,128,17400,135,32,2,4,4,1,1,0,8
3,i16,nested,start,shuffled,50,7,intersect,8,4,4,union_scan,0,128,29200,228,48,4,4,4,1,1,1,8
3,i16,nested,start,shuffled,50,7,intersect,8,4,4,fused,0,128,22900,178,48,3,4,4,1,1,1,8
3,i16,nested,start,shuffled,50,7,intersect,8,4,4,events,0,128,46500,363,272,4,4,4,1,1,1,8
3,i16,nested,start,shuffled,50,7,intersect,8,4,4,fused,1,128,23000,179,48,3,4,4,1,1,1,8
3,i16,nested,start,shuffled,50,7,intersect,8,4,4,events,1,128,46600,364,272,4,4,4,1,1,1,8
3,i16,nested,start,shuffled,50,7,intersect,8,4,4,union_scan,1,128,29200,228,48,4,4,4,1,1,1,8
3,i16,nested,start,shuffled,50,7,intersect,8,4,4,events,2,128,46400,362,272,4,4,4,1,1,1,8
3,i16,nested,start,shuffled,50,7,intersect,8,4,4,union_scan,2,128,29000,226,48,4,4,4,1,1,1,8
3,i16,nested,start,shuffled,50,7,intersect,8,4,4,fused,2,128,22800,178,48,3,4,4,1,1,1,8
3,i64,nested,start,shuffled,50,7,subtract,1000,500,500,union_scan,0,4,39300,9825,8128,3,500,500,1,1,0,1000
3,i64,nested,start,shuffled,50,7,subtract,1000,500,500,fused,0,4,35800,8950,16384,16,500,500,1,1,0,1000
3,i64,nested,start,shuffled,50,7,subtract,1000,500,500,events,0,4,185100,46275,49152,10,500,500,1,1,0,1000
3,i64,nested,start,shuffled,50,7,subtract,1000,500,500,fused,1,4,32400,8100,16384,16,500,500,1,1,0,1000
3,i64,nested,start,shuffled,50,7,subtract,1000,500,500,events,1,4,172700,43175,49152,10,500,500,1,1,0,1000
3,i64,nested,start,shuffled,50,7,subtract,1000,500,500,union_scan,1,4,33300,8325,8128,3,500,500,1,1,0,1000
3,i64,nested,start,shuffled,50,7,subtract,1000,500,500,events,2,4,169000,42250,49152,10,500,500,1,1,0,1000
3,i64,nested,start,shuffled,50,7,subtract,1000,500,500,union_scan,2,4,33000,8250,8128,3,500,500,1,1,0,1000
3,i64,nested,start,shuffled,50,7,subtract,1000,500,500,fused,2,4,31400,7850,16384,16,500,500,1,1,0,1000
3,i64,nested,start,shuffled,50,7,intersect,1000,500,500,union_scan,0,4,33200,8300,8128,4,500,500,1,1,1,1000
3,i64,nested,start,shuffled,50,7,intersect,1000,500,500,fused,0,4,31400,7850,16448,17,500,500,1,1,1,1000
3,i64,nested,start,shuffled,50,7,intersect,1000,500,500,events,0,4,173500,43375,49216,11,500,500,1,1,1,1000
3,i64,nested,start,shuffled,50,7,intersect,1000,500,500,fused,1,4,31400,7850,16448,17,500,500,1,1,1,1000
3,i64,nested,start,shuffled,50,7,intersect,1000,500,500,events,1,4,172700,43175,49216,11,500,500,1,1,1,1000
3,i64,nested,start,shuffled,50,7,intersect,1000,500,500,union_scan,1,4,33200,8300,8128,4,500,500,1,1,1,1000
3,i64,nested,start,shuffled,50,7,intersect,1000,500,500,events,2,4,172800,43200,49216,11,500,500,1,1,1,1000
3,i64,nested,start,shuffled,50,7,intersect,1000,500,500,union_scan,2,4,33300,8325,8128,4,500,500,1,1,1,1000
3,i64,nested,start,shuffled,50,7,intersect,1000,500,500,fused,2,4,31300,7825,16448,17,500,500,1,1,1,1000
3,u64,nested,start,shuffled,50,7,subtract,1000,500,500,union_scan,0,4,32600,8150,8128,3,500,500,1,1,0,1000
3,u64,nested,start,shuffled,50,7,subtract,1000,500,500,fused,0,4,32300,8075,16384,16,500,500,1,1,0,1000
3,u64,nested,start,shuffled,50,7,subtract,1000,500,500,events,0,4,184500,46125,49152,10,500,500,1,1,0,1000
3,u64,nested,start,shuffled,50,7,subtract,1000,500,500,fused,1,4,32500,8125,16384,16,500,500,1,1,0,1000
3,u64,nested,start,shuffled,50,7,subtract,1000,500,500,events,1,4,171300,42825,49152,10,500,500,1,1,0,1000
3,u64,nested,start,shuffled,50,7,subtract,1000,500,500,union_scan,1,4,32400,8100,8128,3,500,500,1,1,0,1000
3,u64,nested,start,shuffled,50,7,subtract,1000,500,500,events,2,4,168500,42125,49152,10,500,500,1,1,0,1000
3,u64,nested,start,shuffled,50,7,subtract,1000,500,500,union_scan,2,4,32200,8050,8128,3,500,500,1,1,0,1000
3,u64,nested,start,shuffled,50,7,subtract,1000,500,500,fused,2,4,31800,7950,16384,16,500,500,1,1,0,1000
3,u64,nested,start,shuffled,50,7,intersect,1000,500,500,union_scan,0,4,32200,8050,8128,4,500,500,1,1,1,1000
3,u64,nested,start,shuffled,50,7,intersect,1000,500,500,fused,0,4,31700,7925,16448,17,500,500,1,1,1,1000
3,u64,nested,start,shuffled,50,7,intersect,1000,500,500,events,0,4,172700,43175,49216,11,500,500,1,1,1,1000
3,u64,nested,start,shuffled,50,7,intersect,1000,500,500,fused,1,4,32100,8025,16448,17,500,500,1,1,1,1000
3,u64,nested,start,shuffled,50,7,intersect,1000,500,500,events,1,4,171100,42775,49216,11,500,500,1,1,1,1000
3,u64,nested,start,shuffled,50,7,intersect,1000,500,500,union_scan,1,4,32300,8075,8128,4,500,500,1,1,1,1000
3,u64,nested,start,shuffled,50,7,intersect,1000,500,500,events,2,4,170000,42500,49216,11,500,500,1,1,1,1000
3,u64,nested,start,shuffled,50,7,intersect,1000,500,500,union_scan,2,4,32300,8075,8128,4,500,500,1,1,1,1000
3,u64,nested,start,shuffled,50,7,intersect,1000,500,500,fused,2,4,31900,7975,16448,17,500,500,1,1,1,1000
3,i16,nested,start,shuffled,50,7,subtract,1000,500,500,union_scan,0,4,33300,8325,2032,3,500,500,1,1,0,1000
3,i16,nested,start,shuffled,50,7,subtract,1000,500,500,fused,0,4,35500,8875,4096,16,500,500,1,1,0,1000
3,i16,nested,start,shuffled,50,7,subtract,1000,500,500,events,0,4,153100,38275,32768,10,500,500,1,1,0,1000
3,i16,nested,start,shuffled,50,7,subtract,1000,500,500,fused,1,4,30800,7700,4096,16,500,500,1,1,0,1000
3,i16,nested,start,shuffled,50,7,subtract,1000,500,500,events,1,4,137900,34475,32768,10,500,500,1,1,0,1000
3,i16,nested,start,shuffled,50,7,subtract,1000,500,500,union_scan,1,4,33300,8325,2032,3,500,500,1,1,0,1000
3,i16,nested,start,shuffled,50,7,subtract,1000,500,500,events,2,4,134900,33725,32768,10,500,500,1,1,0,1000
3,i16,nested,start,shuffled,50,7,subtract,1000,500,500,union_scan,2,4,33200,8300,2032,3,500,500,1,1,0,1000
3,i16,nested,start,shuffled,50,7,subtract,1000,500,500,fused,2,4,30200,7550,4096,16,500,500,1,1,0,1000
3,i16,nested,start,shuffled,50,7,intersect,1000,500,500,union_scan,0,4,33200,8300,2032,4,500,500,1,1,1,1000
3,i16,nested,start,shuffled,50,7,intersect,1000,500,500,fused,0,4,30500,7625,4112,17,500,500,1,1,1,1000
3,i16,nested,start,shuffled,50,7,intersect,1000,500,500,events,0,4,136700,34175,32784,11,500,500,1,1,1,1000
3,i16,nested,start,shuffled,50,7,intersect,1000,500,500,fused,1,4,30600,7650,4112,17,500,500,1,1,1,1000
3,i16,nested,start,shuffled,50,7,intersect,1000,500,500,events,1,4,136500,34125,32784,11,500,500,1,1,1,1000
3,i16,nested,start,shuffled,50,7,intersect,1000,500,500,union_scan,1,4,33200,8300,2032,4,500,500,1,1,1,1000
3,i16,nested,start,shuffled,50,7,intersect,1000,500,500,events,2,4,136300,34075,32784,11,500,500,1,1,1,1000
3,i16,nested,start,shuffled,50,7,intersect,1000,500,500,union_scan,2,4,33300,8325,2032,4,500,500,1,1,1,1000
3,i16,nested,start,shuffled,50,7,intersect,1000,500,500,fused,2,4,30400,7600,4112,17,500,500,1,1,1,1000
3,i64,nested,start,shuffled,50,7,subtract,10000,5000,5000,union_scan,0,1,129500,129500,80128,3,5000,5000,1,1,0,10000
3,i64,nested,start,shuffled,50,7,subtract,10000,5000,5000,fused,0,1,197200,197200,262144,24,5000,5000,1,1,0,10000
3,i64,nested,start,shuffled,50,7,subtract,10000,5000,5000,events,0,1,927000,927000,786432,14,5000,5000,1,1,0,10000
3,i64,nested,start,shuffled,50,7,subtract,10000,5000,5000,fused,1,1,188500,188500,262144,24,5000,5000,1,1,0,10000
3,i64,nested,start,shuffled,50,7,subtract,10000,5000,5000,events,1,1,902800,902800,786432,14,5000,5000,1,1,0,10000
3,i64,nested,start,shuffled,50,7,subtract,10000,5000,5000,union_scan,1,1,140600,140600,80128,3,5000,5000,1,1,0,10000
3,i64,nested,start,shuffled,50,7,subtract,10000,5000,5000,events,2,1,807700,807700,786432,14,5000,5000,1,1,0,10000
3,i64,nested,start,shuffled,50,7,subtract,10000,5000,5000,union_scan,2,1,117700,117700,80128,3,5000,5000,1,1,0,10000
3,i64,nested,start,shuffled,50,7,subtract,10000,5000,5000,fused,2,1,191400,191400,262144,24,5000,5000,1,1,0,10000
3,i64,nested,start,shuffled,50,7,intersect,10000,5000,5000,union_scan,0,1,133600,133600,80128,4,5000,5000,1,1,1,10000
3,i64,nested,start,shuffled,50,7,intersect,10000,5000,5000,fused,0,1,136200,136200,262208,25,5000,5000,1,1,1,10000
3,i64,nested,start,shuffled,50,7,intersect,10000,5000,5000,events,0,1,788200,788200,786496,15,5000,5000,1,1,1,10000
3,i64,nested,start,shuffled,50,7,intersect,10000,5000,5000,fused,1,1,120600,120600,262208,25,5000,5000,1,1,1,10000
3,i64,nested,start,shuffled,50,7,intersect,10000,5000,5000,events,1,1,693900,693900,786496,15,5000,5000,1,1,1,10000
3,i64,nested,start,shuffled,50,7,intersect,10000,5000,5000,union_scan,1,1,114400,114400,80128,4,5000,5000,1,1,1,10000
3,i64,nested,start,shuffled,50,7,intersect,10000,5000,5000,events,2,1,691800,691800,786496,15,5000,5000,1,1,1,10000
3,i64,nested,start,shuffled,50,7,intersect,10000,5000,5000,union_scan,2,1,113900,113900,80128,4,5000,5000,1,1,1,10000
3,i64,nested,start,shuffled,50,7,intersect,10000,5000,5000,fused,2,1,205200,205200,262208,25,5000,5000,1,1,1,10000
3,u64,nested,start,shuffled,50,7,subtract,10000,5000,5000,union_scan,0,1,114100,114100,80128,3,5000,5000,1,1,0,10000
3,u64,nested,start,shuffled,50,7,subtract,10000,5000,5000,fused,0,1,108400,108400,262144,24,5000,5000,1,1,0,10000
3,u64,nested,start,shuffled,50,7,subtract,10000,5000,5000,events,0,1,636500,636500,786432,14,5000,5000,1,1,0,10000
3,u64,nested,start,shuffled,50,7,subtract,10000,5000,5000,fused,1,1,110700,110700,262144,24,5000,5000,1,1,0,10000
3,u64,nested,start,shuffled,50,7,subtract,10000,5000,5000,events,1,1,640500,640500,786432,14,5000,5000,1,1,0,10000
3,u64,nested,start,shuffled,50,7,subtract,10000,5000,5000,union_scan,1,1,117700,117700,80128,3,5000,5000,1,1,0,10000
3,u64,nested,start,shuffled,50,7,subtract,10000,5000,5000,events,2,1,635600,635600,786432,14,5000,5000,1,1,0,10000
3,u64,nested,start,shuffled,50,7,subtract,10000,5000,5000,union_scan,2,1,113900,113900,80128,3,5000,5000,1,1,0,10000
3,u64,nested,start,shuffled,50,7,subtract,10000,5000,5000,fused,2,1,172300,172300,262144,24,5000,5000,1,1,0,10000
3,u64,nested,start,shuffled,50,7,intersect,10000,5000,5000,union_scan,0,1,110700,110700,80128,4,5000,5000,1,1,1,10000
3,u64,nested,start,shuffled,50,7,intersect,10000,5000,5000,fused,0,1,164800,164800,262208,25,5000,5000,1,1,1,10000
3,u64,nested,start,shuffled,50,7,intersect,10000,5000,5000,events,0,1,844100,844100,786496,15,5000,5000,1,1,1,10000
3,u64,nested,start,shuffled,50,7,intersect,10000,5000,5000,fused,1,1,172200,172200,262208,25,5000,5000,1,1,1,10000
3,u64,nested,start,shuffled,50,7,intersect,10000,5000,5000,events,1,1,832300,832300,786496,15,5000,5000,1,1,1,10000
3,u64,nested,start,shuffled,50,7,intersect,10000,5000,5000,union_scan,1,1,131000,131000,80128,4,5000,5000,1,1,1,10000
3,u64,nested,start,shuffled,50,7,intersect,10000,5000,5000,events,2,1,758800,758800,786496,15,5000,5000,1,1,1,10000
3,u64,nested,start,shuffled,50,7,intersect,10000,5000,5000,union_scan,2,1,111300,111300,80128,4,5000,5000,1,1,1,10000
3,u64,nested,start,shuffled,50,7,intersect,10000,5000,5000,fused,2,1,108100,108100,262208,25,5000,5000,1,1,1,10000
3,i16,nested,start,shuffled,50,7,subtract,10000,5000,5000,union_scan,0,1,104800,104800,20032,3,5000,5000,1,1,0,10000
3,i16,nested,start,shuffled,50,7,subtract,10000,5000,5000,fused,0,1,86400,86400,65536,24,5000,5000,1,1,0,10000
3,i16,nested,start,shuffled,50,7,subtract,10000,5000,5000,events,0,1,506100,506100,524288,14,5000,5000,1,1,0,10000
3,i16,nested,start,shuffled,50,7,subtract,10000,5000,5000,fused,1,1,91700,91700,65536,24,5000,5000,1,1,0,10000
3,i16,nested,start,shuffled,50,7,subtract,10000,5000,5000,events,1,1,505800,505800,524288,14,5000,5000,1,1,0,10000
3,i16,nested,start,shuffled,50,7,subtract,10000,5000,5000,union_scan,1,1,111000,111000,20032,3,5000,5000,1,1,0,10000
3,i16,nested,start,shuffled,50,7,subtract,10000,5000,5000,events,2,1,504700,504700,524288,14,5000,5000,1,1,0,10000
3,i16,nested,start,shuffled,50,7,subtract,10000,5000,5000,union_scan,2,1,104800,104800,20032,3,5000,5000,1,1,0,10000
3,i16,nested,start,shuffled,50,7,subtract,10000,5000,5000,fused,2,1,86300,86300,65536,24,5000,5000,1,1,0,10000
3,i16,nested,start,shuffled,50,7,intersect,10000,5000,5000,union_scan,0,1,102800,102800,20032,4,5000,5000,1,1,1,10000
3,i16,nested,start,shuffled,50,7,intersect,10000,5000,5000,fused,0,1,86500,86500,65552,25,5000,5000,1,1,1,10000
3,i16,nested,start,shuffled,50,7,intersect,10000,5000,5000,events,0,1,503900,503900,524304,15,5000,5000,1,1,1,10000
3,i16,nested,start,shuffled,50,7,intersect,10000,5000,5000,fused,1,1,89200,89200,65552,25,5000,5000,1,1,1,10000
3,i16,nested,start,shuffled,50,7,intersect,10000,5000,5000,events,1,1,513300,513300,524304,15,5000,5000,1,1,1,10000
3,i16,nested,start,shuffled,50,7,intersect,10000,5000,5000,union_scan,1,1,102900,102900,20032,4,5000,5000,1,1,1,10000
3,i16,nested,start,shuffled,50,7,intersect,10000,5000,5000,events,2,1,512900,512900,524304,15,5000,5000,1,1,1,10000
3,i16,nested,start,shuffled,50,7,intersect,10000,5000,5000,union_scan,2,1,102900,102900,20032,4,5000,5000,1,1,1,10000
3,i16,nested,start,shuffled,50,7,intersect,10000,5000,5000,fused,2,1,84600,84600,65552,25,5000,5000,1,1,1,10000
3,i64,nested,start,shuffled,50,7,subtract,100000,50000,50000,union_scan,0,1,1593300,1593300,800128,3,50000,50000,1,1,0,100000
3,i64,nested,start,shuffled,50,7,subtract,100000,50000,50000,fused,0,1,1858000,1858000,2097152,30,50000,50000,1,1,0,100000
3,i64,nested,start,shuffled,50,7,subtract,100000,50000,50000,events,0,1,9757700,9757700,6291456,17,50000,50000,1,1,0,100000
3,i64,nested,start,shuffled,50,7,subtract,100000,50000,50000,fused,1,1,1876200,1876200,2097152,30,50000,50000,1,1,0,100000
3,i64,nested,start,shuffled,50,7,subtract,100000,50000,50000,events,1,1,9479600,9479600,6291456,17,50000,50000,1,1,0,100000
3,i64,nested,start,shuffled,50,7,subtract,100000,50000,50000,union_scan,1,1,1646500,1646500,800128,3,50000,50000,1,1,0,100000
3,i64,nested,start,shuffled,50,7,subtract,100000,50000,50000,events,2,1,9714000,9714000,6291456,17,50000,50000,1,1,0,100000
3,i64,nested,start,shuffled,50,7,subtract,100000,50000,50000,union_scan,2,1,1611600,1611600,800128,3,50000,50000,1,1,0,100000
3,i64,nested,start,shuffled,50,7,subtract,100000,50000,50000,fused,2,1,2005800,2005800,2097152,30,50000,50000,1,1,0,100000
3,i64,nested,start,shuffled,50,7,intersect,100000,50000,50000,union_scan,0,1,1569800,1569800,800128,4,50000,50000,1,1,1,100000
3,i64,nested,start,shuffled,50,7,intersect,100000,50000,50000,fused,0,1,1924800,1924800,2097216,31,50000,50000,1,1,1,100000
3,i64,nested,start,shuffled,50,7,intersect,100000,50000,50000,events,0,1,9750200,9750200,6291520,18,50000,50000,1,1,1,100000
3,i64,nested,start,shuffled,50,7,intersect,100000,50000,50000,fused,1,1,1925600,1925600,2097216,31,50000,50000,1,1,1,100000
3,i64,nested,start,shuffled,50,7,intersect,100000,50000,50000,events,1,1,9571900,9571900,6291520,18,50000,50000,1,1,1,100000
3,i64,nested,start,shuffled,50,7,intersect,100000,50000,50000,union_scan,1,1,1489500,1489500,800128,4,50000,50000,1,1,1,100000
3,i64,nested,start,shuffled,50,7,intersect,100000,50000,50000,events,2,1,9260100,9260100,6291520,18,50000,50000,1,1,1,100000
3,i64,nested,start,shuffled,50,7,intersect,100000,50000,50000,union_scan,2,1,1447400,1447400,800128,4,50000,50000,1,1,1,100000
3,i64,nested,start,shuffled,50,7,intersect,100000,50000,50000,fused,2,1,1717500,1717500,2097216,31,50000,50000,1,1,1,100000
3,u64,nested,start,shuffled,50,7,subtract,100000,50000,50000,union_scan,0,1,1351500,1351500,800128,3,50000,50000,1,1,0,100000
3,u64,nested,start,shuffled,50,7,subtract,100000,50000,50000,fused,0,1,1575800,1575800,2097152,30,50000,50000,1,1,0,100000
3,u64,nested,start,shuffled,50,7,subtract,100000,50000,50000,events,0,1,9159500,9159500,6291456,17,50000,50000,1,1,0,100000
3,u64,nested,start,shuffled,50,7,subtract,100000,50000,50000,fused,1,1,1603300,1603300,2097152,30,50000,50000,1,1,0,100000
3,u64,nested,start,shuffled,50,7,subtract,100000,50000,50000,events,1,1,9519100,9519100,6291456,17,50000,50000,1,1,0,100000
3,u64,nested,start,shuffled,50,7,subtract,100000,50000,50000,union_scan,1,1,1453000,1453000,800128,3,50000,50000,1,1,0,100000
3,u64,nested,start,shuffled,50,7,subtract,100000,50000,50000,events,2,1,9373300,9373300,6291456,17,50000,50000,1,1,0,100000
3,u64,nested,start,shuffled,50,7,subtract,100000,50000,50000,union_scan,2,1,1421800,1421800,800128,3,50000,50000,1,1,0,100000
3,u64,nested,start,shuffled,50,7,subtract,100000,50000,50000,fused,2,1,1634100,1634100,2097152,30,50000,50000,1,1,0,100000
3,u64,nested,start,shuffled,50,7,intersect,100000,50000,50000,union_scan,0,1,1411900,1411900,800128,4,50000,50000,1,1,1,100000
3,u64,nested,start,shuffled,50,7,intersect,100000,50000,50000,fused,0,1,1560700,1560700,2097216,31,50000,50000,1,1,1,100000
3,u64,nested,start,shuffled,50,7,intersect,100000,50000,50000,events,0,1,9276000,9276000,6291520,18,50000,50000,1,1,1,100000
3,u64,nested,start,shuffled,50,7,intersect,100000,50000,50000,fused,1,1,1740400,1740400,2097216,31,50000,50000,1,1,1,100000
3,u64,nested,start,shuffled,50,7,intersect,100000,50000,50000,events,1,1,9166100,9166100,6291520,18,50000,50000,1,1,1,100000
3,u64,nested,start,shuffled,50,7,intersect,100000,50000,50000,union_scan,1,1,1449900,1449900,800128,4,50000,50000,1,1,1,100000
3,u64,nested,start,shuffled,50,7,intersect,100000,50000,50000,events,2,1,9071100,9071100,6291520,18,50000,50000,1,1,1,100000
3,u64,nested,start,shuffled,50,7,intersect,100000,50000,50000,union_scan,2,1,1407100,1407100,800128,4,50000,50000,1,1,1,100000
3,u64,nested,start,shuffled,50,7,intersect,100000,50000,50000,fused,2,1,1571000,1571000,2097216,31,50000,50000,1,1,1,100000
4,i64,duplicates,shuffled,reverse,50,7,subtract,0,0,0,union_scan,0,128,3400,26,0,0,0,0,0,0,0,0
4,i64,duplicates,shuffled,reverse,50,7,subtract,0,0,0,fused,0,128,5100,39,0,0,0,0,0,0,0,0
4,i64,duplicates,shuffled,reverse,50,7,subtract,0,0,0,events,0,128,2500,19,0,0,0,0,0,0,0,0
4,i64,duplicates,shuffled,reverse,50,7,subtract,0,0,0,fused,1,128,5100,39,0,0,0,0,0,0,0,0
4,i64,duplicates,shuffled,reverse,50,7,subtract,0,0,0,events,1,128,2500,19,0,0,0,0,0,0,0,0
4,i64,duplicates,shuffled,reverse,50,7,subtract,0,0,0,union_scan,1,128,3300,25,0,0,0,0,0,0,0,0
4,i64,duplicates,shuffled,reverse,50,7,subtract,0,0,0,events,2,128,2500,19,0,0,0,0,0,0,0,0
4,i64,duplicates,shuffled,reverse,50,7,subtract,0,0,0,union_scan,2,128,3300,25,0,0,0,0,0,0,0,0
4,i64,duplicates,shuffled,reverse,50,7,subtract,0,0,0,fused,2,128,5100,39,0,0,0,0,0,0,0,0
4,i64,duplicates,shuffled,reverse,50,7,intersect,0,0,0,union_scan,0,128,2200,17,0,0,0,0,0,0,0,0
4,i64,duplicates,shuffled,reverse,50,7,intersect,0,0,0,fused,0,128,4200,32,0,0,0,0,0,0,0,0
4,i64,duplicates,shuffled,reverse,50,7,intersect,0,0,0,events,0,128,2500,19,0,0,0,0,0,0,0,0
4,i64,duplicates,shuffled,reverse,50,7,intersect,0,0,0,fused,1,128,4300,33,0,0,0,0,0,0,0,0
4,i64,duplicates,shuffled,reverse,50,7,intersect,0,0,0,events,1,128,2500,19,0,0,0,0,0,0,0,0
4,i64,duplicates,shuffled,reverse,50,7,intersect,0,0,0,union_scan,1,128,2200,17,0,0,0,0,0,0,0,0
4,i64,duplicates,shuffled,reverse,50,7,intersect,0,0,0,events,2,128,2500,19,0,0,0,0,0,0,0,0
4,i64,duplicates,shuffled,reverse,50,7,intersect,0,0,0,union_scan,2,128,2200,17,0,0,0,0,0,0,0,0
4,i64,duplicates,shuffled,reverse,50,7,intersect,0,0,0,fused,2,128,4300,33,0,0,0,0,0,0,0,0
4,u64,duplicates,shuffled,reverse,50,7,subtract,0,0,0,union_scan,0,128,3400,26,0,0,0,0,0,0,0,0
4,u64,duplicates,shuffled,reverse,50,7,subtract,0,0,0,fused,0,128,5300,41,0,0,0,0,0,0,0,0
4,u64,duplicates,shuffled,reverse,50,7,subtract,0,0,0,events,0,128,2700,21,0,0,0,0,0,0,0,0
4,u64,duplicates,shuffled,reverse,50,7,subtract,0,0,0,fused,1,128,10600,82,0,0,0,0,0,0,0,0
4,u64,duplicates,shuffled,reverse,50,7,subtract,0,0,0,events,1,128,2700,21,0,0,0,0,0,0,0,0
4,u64,duplicates,shuffled,reverse,50,7,subtract,0,0,0,union_scan,1,128,3400,26,0,0,0,0,0,0,0,0
4,u64,duplicates,shuffled,reverse,50,7,subtract,0,0,0,events,2,128,2700,21,0,0,0,0,0,0,0,0
4,u64,duplicates,shuffled,reverse,50,7,subtract,0,0,0,union_scan,2,128,3400,26,0,0,0,0,0,0,0,0
4,u64,duplicates,shuffled,reverse,50,7,subtract,0,0,0,fused,2,128,5300,41,0,0,0,0,0,0,0,0
4,u64,duplicates,shuffled,reverse,50,7,intersect,0,0,0,union_scan,0,128,1700,13,0,0,0,0,0,0,0,0
4,u64,duplicates,shuffled,reverse,50,7,intersect,0,0,0,fused,0,128,4300,33,0,0,0,0,0,0,0,0
4,u64,duplicates,shuffled,reverse,50,7,intersect,0,0,0,events,0,128,2600,20,0,0,0,0,0,0,0,0
4,u64,duplicates,shuffled,reverse,50,7,intersect,0,0,0,fused,1,128,4400,34,0,0,0,0,0,0,0,0
4,u64,duplicates,shuffled,reverse,50,7,intersect,0,0,0,events,1,128,2700,21,0,0,0,0,0,0,0,0
4,u64,duplicates,shuffled,reverse,50,7,intersect,0,0,0,union_scan,1,128,1600,12,0,0,0,0,0,0,0,0
4,u64,duplicates,shuffled,reverse,50,7,intersect,0,0,0,events,2,128,2600,20,0,0,0,0,0,0,0,0
4,u64,duplicates,shuffled,reverse,50,7,intersect,0,0,0,union_scan,2,128,1600,12,0,0,0,0,0,0,0,0
4,u64,duplicates,shuffled,reverse,50,7,intersect,0,0,0,fused,2,128,4400,34,0,0,0,0,0,0,0,0
4,i16,duplicates,shuffled,reverse,50,7,subtract,0,0,0,union_scan,0,128,3400,26,0,0,0,0,0,0,0,0
4,i16,duplicates,shuffled,reverse,50,7,subtract,0,0,0,fused,0,128,5300,41,0,0,0,0,0,0,0,0
4,i16,duplicates,shuffled,reverse,50,7,subtract,0,0,0,events,0,128,3400,26,0,0,0,0,0,0,0,0
4,i16,duplicates,shuffled,reverse,50,7,subtract,0,0,0,fused,1,128,5100,39,0,0,0,0,0,0,0,0
4,i16,duplicates,shuffled,reverse,50,7,subtract,0,0,0,events,1,128,3500,27,0,0,0,0,0,0,0,0
4,i16,duplicates,shuffled,reverse,50,7,subtract,0,0,0,union_scan,1,128,3400,26,0,0,0,0,0,0,0,0
4,i16,duplicates,shuffled,reverse,50,7,subtract,0,0,0,events,2,128,3500,27,0,0,0,0,0,0,0,0
4,i16,duplicates,shuffled,reverse,50,7,subtract,0,0,0,union_scan,2,128,3500,27,0,0,0,0,0,0,0,0
4,i16,duplicates,shuffled,reverse,50,7,subtract,0,0,0,fused,2,128,5100,39,0,0,0,0,0,0,0,0
4,i16,duplicates,shuffled,reverse,50,7,intersect,0,0,0,union_scan,0,128,1600,12,0,0,0,0,0,0,0,0
4,i16,duplicates,shuffled,reverse,50,7,intersect,0,0,0,fused,0,128,4500,35,0,0,0,0,0,0,0,0
4,i16,duplicates,shuffled,reverse,50,7,intersect,0,0,0,events,0,128,3300,25,0,0,0,0,0,0,0,0
4,i16,duplicates,shuffled,reverse,50,7,intersect,0,0,0,fused,1,128,4500,35,0,0,0,0,0,0,0,0
4,i16,duplicates,shuffled,reverse,50,7,intersect,0,0,0,events,1,128,3300,25,0,0,0,0,0,0,0,0
4,i16,duplicates,shuffled,reverse,50,7,intersect,0,0,0,union_scan,1,128,1700,13,0,0,0,0,0,0,0,0
4,i16,duplicates,shuffled,reverse,50,7,intersect,0,0,0,events,2,128,3300,25,0,0,0,0,0,0,0,0
4,i16,duplicates,shuffled,reverse,50,7,intersect,0,0,0,union_scan,2,128,1700,13,0,0,0,0,0,0,0,0
4,i16,duplicates,shuffled,reverse,50,7,intersect,0,0,0,fused,2,128,4500,35,0,0,0,0,0,0,0,0
4,i64,duplicates,shuffled,reverse,50,7,subtract,8,4,4,union_scan,0,128,31700,247,192,4,4,4,1,1,0,8
4,i64,duplicates,shuffled,reverse,50,7,subtract,8,4,4,fused,0,128,17300,135,128,2,4,4,1,1,0,8
4,i64,duplicates,shuffled,reverse,50,7,subtract,8,4,4,events,0,128,44500,347,384,3,4,4,1,1,0,8
4,i64,duplicates,shuffled,reverse,50,7,subtract,8,4,4,fused,1,128,17400,135,128,2,4,4,1,1,0,8
4,i64,duplicates,shuffled,reverse,50,7,subtract,8,4,4,events,1,128,42900,335,384,3,4,4,1,1,0,8
4,i64,duplicates,shuffled,reverse,50,7,subtract,8,4,4,union_scan,1,128,30600,239,192,4,4,4,1,1,0,8
4,i64,duplicates,shuffled,reverse,50,7,subtract,8,4,4,events,2,128,43000,335,384,3,4,4,1,1,0,8
4,i64,duplicates,shuffled,reverse,50,7,subtract,8,4,4,union_scan,2,128,30700,239,192,4,4,4,1,1,0,8
4,i64,duplicates,shuffled,reverse,50,7,subtract,8,4,4,fused,2,128,17300,135,128,2,4,4,1,1,0,8
4,i64,duplicates,shuffled,reverse,50,7,intersect,8,4,4,union_scan,0,128,35300,275,192,5,4,4,1,1,1,8
4,i64,duplicates,shuffled,reverse,50,7,intersect,8,4,4,fused,0,128,23400,182,192,3,4,4,1,1,1,8
4,i64,duplicates,shuffled,reverse,50,7,intersect,8,4,4,events,0,128,48700,380,448,4,4,4,1,1,1,8
4,i64,duplicates,shuffled,reverse,50,7,intersect,8,4,4,fused,1,128,23400,182,192,3,4,4,1,1,1,8
4,i64,duplicates,shuffled,reverse,50,7,intersect,8,4,4,events,1,128,48700,380,448,4,4,4,1,1,1,8
4,i64,duplicates,shuffled,reverse,50,7,intersect,8,4,4,union_scan,1,128,35000,273,192,5,4,4,1,1,1,8
4,i64,duplicates,shuffled,reverse,50,7,intersect,8,4,4,events,2,128,47500,371,448,4,4,4,1,1,1,8
4,i64,duplicates,shuffled,reverse,50,7,intersect,8,4,4,union_scan,2,128,34900,272,192,5,4,4,1,1,1,8
4,i64,duplicates,shuffled,reverse,50,7,intersect,8,4,4,fused,2,128,23300,182,192,3,4,4,1,1,1,8
4,u64,duplicates,shuffled,reverse,50,7,subtract,8,4,4,union_scan,0,128,29900,233,192,4,4,4,1,1,0,8
4,u64,duplicates,shuffled,reverse,50,7,subtract,8,4,4,fused,0,128,19500,152,128,2,4,4,1,1,0,8
4,u64,duplicates,shuffled,reverse,50,7,subtract,8,4,4,events,0,128,51400,401,384,3,4,4,1,1,0,8
4,u64,duplicates,shuffled,reverse,50,7,subtract,8,4,4,fused,1,128,19600,153,128,2,4,4,1,1,0,8
4,u64,duplicates,shuffled,reverse,50,7,subtract,8,4,4,events,1,128,45300,353,384,3,4,4,1,1,0,8
4,u64,duplicates,shuffled,reverse,50,7,subtract,8,4,4,union_scan,1,128,29800,232,192,4,4,4,1,1,0,8
4,u64,duplicates,shuffled,reverse,50,7,subtract,8,4,4,events,2,128,44500,347,384,3,4,4,1,1,0,8
4,u64,duplicates,shuffled,reverse,50,7,subtract,8,4,4,union_scan,2,128,29200,228,192,4,4,4,1,1,0,8
4,u64,duplicates,shuffled,reverse,50,7,subtract,8,4,4,fused,2,128,19600,153,128,2,4,4,1,1,0,8
4,u64,duplicates,shuffled,reverse,50,7,intersect,8,4,4,union_scan,0,128,38200,298,192,5,4,4,1,1,1,8
4,u64,duplicates,shuffled,reverse,50,7,intersect,8,4,4,fused,0,128,22600,176,192,3,4,4,1,1,1,8
4,u64,duplicates,shuffled,reverse,50,7,intersect,8,4,4,events,0,128,49300,385,448,4,4,4,1,1,1,8
4,u64,duplicates,shuffled,reverse,50,7,intersect,8,4,4,fused,1,128,23100,180,192,3,4,4,1,1,1,8
4,u64,duplicates,shuffled,reverse,50,7,intersect,8,4,4,events,1,128,49300,385,448,4,4,4,1,1,1,8
4,u64,duplicates,shuffled,reverse,50,7,intersect,8,4,4,union_scan,1,128,38400,300,192,5,4,4,1,1,1,8
4,u64,duplicates,shuffled,reverse,50,7,intersect,8,4,4,events,2,128,49400,385,448,4,4,4,1,1,1,8
4,u64,duplicates,shuffled,reverse,50,7,intersect,8,4,4,union_scan,2,128,38000,296,192,5,4,4,1,1,1,8
4,u64,duplicates,shuffled,reverse,50,7,intersect,8,4,4,fused,2,128,23100,180,192,3,4,4,1,1,1,8
4,i16,duplicates,shuffled,reverse,50,7,subtract,8,4,4,union_scan,0,128,31700,247,48,4,4,4,1,1,0,8
4,i16,duplicates,shuffled,reverse,50,7,subtract,8,4,4,fused,0,128,18800,146,32,2,4,4,1,1,0,8
4,i16,duplicates,shuffled,reverse,50,7,subtract,8,4,4,events,0,128,45400,354,256,3,4,4,1,1,0,8
4,i16,duplicates,shuffled,reverse,50,7,subtract,8,4,4,fused,1,128,18800,146,32,2,4,4,1,1,0,8
4,i16,duplicates,shuffled,reverse,50,7,subtract,8,4,4,events,1,128,44900,350,256,3,4,4,1,1,0,8
4,i16,duplicates,shuffled,reverse,50,7,subtract,8,4,4,union_scan,1,128,31600,246,48,4,4,4,1,1,0,8
4,i16,duplicates,shuffled,reverse,50,7,subtract,8,4,4,events,2,128,45000,351,256,3,4,4,1,1,0,8
4,i16,duplicates,shuffled,reverse,50,7,subtract,8,4,4,union_scan,2,128,31500,246,48,4,4,4,1,1,0,8
4,i16,duplicates,shuffled,reverse,50,7,subtract,8,4,4,fused,2,128,18700,146,32,2,4,4,1,1,0,8
4,i16,duplicates,shuffled,reverse,50,7,intersect,8,4,4,union_scan,0,128,36800,287,48,5,4,4,1,1,1,8
4,i16,duplicates,shuffled,reverse,50,7,intersect,8,4,4,fused,0,128,23700,185,48,3,4,4,1,1,1,8
4,i16,duplicates,shuffled,reverse,50,7,intersect,8,4,4,events,0,128,49600,387,272,4,4,4,1,1,1,8
4,i16,duplicates,shuffled,reverse,50,7,intersect,8,4,4,fused,1,128,24000,187,48,3,4,4,1,1,1,8
4,i16,duplicates,shuffled,reverse,50,7,intersect,8,4,4,events,1,128,50000,390,272,4,4,4,1,1,1,8
4,i16,duplicates,shuffled,reverse,50,7,intersect,8,4,4,union_scan,1,128,36700,286,48,5,4,4,1,1,1,8
4,i16,duplicates,shuffled,reverse,50,7,intersect,8,4,4,events,2,128,51800,404,272,4,4,4,1,1,1,8
4,i16,duplicates,shuffled,reverse,50,7,intersect,8,4,4,union_scan,2,128,43400,339,48,5,4,4,1,1,1,8
4,i16,duplicates,shuffled,reverse,50,7,intersect,8,4,4,fused,2,128,31800,248,48,3,4,4,1,1,1,8
4,i64,duplicates,shuffled,reverse,50,7,subtract,1000,500,500,union_scan,0,4,41100,10275,8128,4,500,500,1,1,0,16
4,i64,duplicates,shuffled,reverse,50,7,subtract,1000,500,500,fused,0,4,36100,9025,16384,16,500,500,1,1,0,16
4,i64,duplicates,shuffled,reverse,50,7,subtract,1000,500,500,events,0,4,169400,42350,49152,10,500,500,1,1,0,16
4,i64,duplicates,shuffled,reverse,50,7,subtract,1000,500,500,fused,1,4,27900,6975,16384,16,500,500,1,1,0,16
4,i64,duplicates,shuffled,reverse,50,7,subtract,1000,500,500,events,1,4,138400,34600,49152,10,500,500,1,1,0,16
4,i64,duplicates,shuffled,reverse,50,7,subtract,1000,500,500,union_scan,1,4,31800,7950,8128,4,500,500,1,1,0,16
4,i64,duplicates,shuffled,reverse,50,7,subtract,1000,500,500,events,2,4,129300,32325,49152,10,500,500,1,1,0,16
4,i64,duplicates,shuffled,reverse,50,7,subtract,1000,500,500,union_scan,2,4,31700,7925,8128,4,500,500,1,1,0,16
4,i64,duplicates,shuffled,reverse,50,7,subtract,1000,500,500,fused,2,4,27400,6850,16384,16,500,500,1,1,0,16
4,i64,duplicates,shuffled,reverse,50,7,intersect,1000,500,500,union_scan,0,4,31800,7950,8128,5,500,500,1,1,1,16
4,i64,duplicates,shuffled,reverse,50,7,intersect,1000,500,500,fused,0,4,27000,6750,16448,17,500,500,1,1,1,16
4,i64,duplicates,shuffled,reverse,50,7,intersect,1000,500,500,events,0,4,135900,33975,49216,11,500,500,1,1,1,16
4,i64,duplicates,shuffled,reverse,50,7,intersect,1000,500,500,fused,1,4,36900,9225,16448,17,500,500,1,1,1,16
4,i64,duplicates,shuffled,reverse,50,7,intersect,1000,500,500,events,1,4,158200,39550,49216,11,500,500,1,1,1,16
4,i64,duplicates,shuffled,reverse,50,7,intersect,1000,500,500,union_scan,1,4,41600,10400,8128,5,500,500,1,1,1,16
4,i64,duplicates,shuffled,reverse,50,7,intersect,1000,500,500,events,2,4,133100,33275,49216,11,500,500,1,1,1,16
4,i64,duplicates,shuffled,reverse,50,7,intersect,1000,500,500,union_scan,2,4,31900,7975,8128,5,500,500,1,1,1,16
4,i64,duplicates,shuffled,reverse,50,7,intersect,1000,500,500,fused,2,4,27200,6800,16448,17,500,500,1,1,1,16
4,u64,duplicates,shuffled,reverse,50,7,subtract,1000,500,500,union_scan,0,4,31600,7900,8128,4,500,500,1,1,0,16
4,u64,duplicates,shuffled,reverse,50,7,subtract,1000,500,500,fused,0,4,28000,7000,16384,16,500,500,1,1,0,16
4,u64,duplicates,shuffled,reverse,50,7,subtract,1000,500,500,events,0,4,175300,43825,49152,10,500,500,1,1,0,16
4,u64,duplicates,shuffled,reverse,50,7,subtract,1000,500,500,fused,1,4,28200,7050,16384,16,500,500,1,1,0,16
4,u64,duplicates,shuffled,reverse,50,7,subtract,1000,500,500,events,1,4,150500,37625,49152,10,500,500,1,1,0,16
4,u64,duplicates,shuffled,reverse,50,7,subtract,1000,500,500,union_scan,1,4,31500,7875,8128,4,500,500,1,1,0,16
4,u64,duplicates,shuffled,reverse,50,7,subtract,1000,500,500,events,2,4,142500,35625,49152,10,500,500,1,1,0,16
4,u64,duplicates,shuffled,reverse,50,7,subtract,1000,500,500,union_scan,2,4,31400,7850,8128,4,500,500,1,1,0,16
4,u64,duplicates,shuffled,reverse,50,7,subtract,1000,500,500,fused,2,4,28000,7000,16384,16,500,500,1,1,0,16
4,u64,duplicates,shuffled,reverse,50,7,intersect,1000,500,500,union_scan,0,4,31500,7875,8128,5,500,500,1,1,1,16
4,u64,duplicates,shuffled,reverse,50,7,intersect,1000,500,500,fused,0,4,27700,6925,16448,17,500,500,1,1,1,16
4,u64,duplicates,shuffled,reverse,50,7,intersect,1000,500,500,events,0,4,138600,34650,49216,11,500,500,1,1,1,16
4,u64,duplicates,shuffled,reverse,50,7,intersect,1000,500,500,fused,1,4,27700,6925,16448,17,500,500,1,1,1,16
4,u64,duplicates,shuffled,reverse,50,7,intersect,1000,500,500,events,1,4,137400,34350,49216,11,500,500,1,1,1,16
4,u64,duplicates,shuffled,reverse,50,7,intersect,1000,500,500,union_scan,1,4,31600,7900,8128,5,500,500,1,1,1,16
4,u64,duplicates,shuffled,reverse,50,7,intersect,1000,500,500,events,2,4,136000,34000,49216,11,500,500,1,1,1,16
4,u64,duplicates,shuffled,reverse,50,7,intersect,1000,500,500,union_scan,2,4,31600,7900,8128,5,500,500,1,1,1,16
4,u64,duplicates,shuffled,reverse,50,7,intersect,1000,500,500,fused,2,4,27700,6925,16448,17,500,500,1,1,1,16
4,i16,duplicates,shuffled,reverse,50,7,subtract,1000,500,500,union_scan,0,4,30400,7600,2032,4,500,500,1,1,0,16
4,i16,duplicates,shuffled,reverse,50,7,subtract,1000,500,500,fused,0,4,25800,6450,4096,16,500,500,1,1,0,16
4,i16,duplicates,shuffled,reverse,50,7,subtract,1000,500,500,events,0,4,128700,32175,32768,10,500,500,1,1,0,16
4,i16,duplicates,shuffled,reverse,50,7,subtract,1000,500,500,fused,1,4,25900,6475,4096,16,500,500,1,1,0,16
4,i16,duplicates,shuffled,reverse,50,7,subtract,1000,500,500,events,1,4,106800,26700,32768,10,500,500,1,1,0,16
4,i16,duplicates,shuffled,reverse,50,7,subtract,1000,500,500,union_scan,1,4,30500,7625,2032,4,500,500,1,1,0,16
4,i16,duplicates,shuffled,reverse,50,7,subtract,1000,500,500,events,2,4,100600,25150,32768,10,500,500,1,1,0,16
4,i16,duplicates,shuffled,reverse,50,7,subtract,1000,500,500,union_scan,2,4,30400,7600,2032,4,500,500,1,1,0,16
4,i16,duplicates,shuffled,reverse,50,7,subtract,1000,500,500,fused,2,4,25600,6400,4096,16,500,500,1,1,0,16
4,i16,duplicates,shuffled,reverse,50,7,intersect,1000,500,500,union_scan,0,4,34900,8725,2032,5,500,500,1,1,1,16
4,i16,duplicates,shuffled,reverse,50,7,intersect,1000,500,500,fused,0,4,25800,6450,4112,17,500,500,1,1,1,16
4,i16,duplicates,shuffled,reverse,50,7,intersect,1000,500,500,events,0,4,98600,24650,32784,11,500,500,1,1,1,16
4,i16,duplicates,shuffled,reverse,50,7,intersect,1000,500,500,fused,1,4,25700,6425,4112,17,500,500,1,1,1,16
4,i16,duplicates,shuffled,reverse,50,7,intersect,1000,500,500,events,1,4,97200,24300,32784,11,500,500,1,1,1,16
4,i16,duplicates,shuffled,reverse,50,7,intersect,1000,500,500,union_scan,1,4,30500,7625,2032,5,500,500,1,1,1,16
4,i16,duplicates,shuffled,reverse,50,7,intersect,1000,500,500,events,2,4,97400,24350,32784,11,500,500,1,1,1,16
4,i16,duplicates,shuffled,reverse,50,7,intersect,1000,500,500,union_scan,2,4,30500,7625,2032,5,500,500,1,1,1,16
4,i16,duplicates,shuffled,reverse,50,7,intersect,1000,500,500,fused,2,4,25800,6450,4112,17,500,500,1,1,1,16
4,i64,duplicates,shuffled,reverse,50,7,subtract,10000,5000,5000,union_scan,0,1,81200,81200,80128,4,5000,5000,1,1,0,16
4,i64,duplicates,shuffled,reverse,50,7,subtract,10000,5000,5000,fused,0,1,185900,185900,262144,24,5000,5000,1,1,0,16
4,i64,duplicates,shuffled,reverse,50,7,subtract,10000,5000,5000,events,0,1,617500,617500,786432,14,5000,5000,1,1,0,16
4,i64,duplicates,shuffled,reverse,50,7,subtract,10000,5000,5000,fused,1,1,140200,140200,262144,24,5000,5000,1,1,0,16
4,i64,duplicates,shuffled,reverse,50,7,subtract,10000,5000,5000,events,1,1,622100,622100,786432,14,5000,5000,1,1,0,16
4,i64,duplicates,shuffled,reverse,50,7,subtract,10000,5000,5000,union_scan,1,1,81200,81200,80128,4,5000,5000,1,1,0,16
4,i64,duplicates,shuffled,reverse,50,7,subtract,10000,5000,5000,events,2,1,487800,487800,786432,14,5000,5000,1,1,0,16
4,i64,duplicates,shuffled,reverse,50,7,subtract,10000,5000,5000,union_scan,2,1,73900,73900,80128,4,5000,5000,1,1,0,16
4,i64,duplicates,shuffled,reverse,50,7,subtract,10000,5000,5000,fused,2,1,134500,134500,262144,24,5000,5000,1,1,0,16
4,i64,duplicates,shuffled,reverse,50,7,intersect,10000,5000,5000,union_scan,0,1,80800,80800,80128,5,5000,5000,1,1,1,16
4,i64,duplicates,shuffled,reverse,50,7,intersect,10000,5000,5000,fused,0,1,62000,62000,262208,25,5000,5000,1,1,1,16
4,i64,duplicates,shuffled,reverse,50,7,intersect,10000,5000,5000,events,0,1,481300,481300,786496,15,5000,5000,1,1,1,16
4,i64,duplicates,shuffled,reverse,50,7,intersect,10000,5000,5000,fused,1,1,61400,61400,262208,25,5000,5000,1,1,1,16
4,i64,duplicates,shuffled,reverse,50,7,intersect,10000,5000,5000,events,1,1,482000,482000,786496,15,5000,5000,1,1,1,16
4,i64,duplicates,shuffled,reverse,50,7,intersect,10000,5000,5000,union_scan,1,1,78400,78400,80128,5,5000,5000,1,1,1,16
4,i64,duplicates,shuffled,reverse,50,7,intersect,10000,5000,5000,events,2,1,571600,571600,786496,15,5000,5000,1,1,1,16
4,i64,duplicates,shuffled,reverse,50,7,intersect,10000,5000,5000,union_scan,2,1,95200,95200,80128,5,5000,5000,1,1,1,16
4,i64,duplicates,shuffled,reverse,50,7,intersect,10000,5000,5000,fused,2,1,151700,151700,262208,25,5000,5000,1,1,1,16
4,u64,duplicates,shuffled,reverse,50,7,subtract,10000,5000,5000,union_scan,0,1,73600,73600,80128,4,5000,5000,1,1,0,16
4,u64,duplicates,shuffled,reverse,50,7,subtract,10000,5000,5000,fused,0,1,57100,57100,262144,24,5000,5000,1,1,0,16
4,u64,duplicates,shuffled,reverse,50,7,subtract,10000,5000,5000,events,0,1,456300,456300,786432,14,5000,5000,1,1,0,16
4,u64,duplicates,shuffled,reverse,50,7,subtract,10000,5000,5000,fused,1,1,57200,57200,262144,24,5000,5000,1,1,0,16
4,u64,duplicates,shuffled,reverse,50,7,subtract,10000,5000,5000,events,1,1,455500,455500,786432,14,5000,5000,1,1,0,16
4,u64,duplicates,shuffled,reverse,50,7,subtract,10000,5000,5000,union_scan,1,1,75800,75800,80128,4,5000,5000,1,1,0,16
4,u64,duplicates,shuffled,reverse,50,7,subtract,10000,5000,5000,events,2,1,514400,514400,786432,14,5000,5000,1,1,0,16
4,u64,duplicates,shuffled,reverse,50,7,subtract,10000,5000,5000,union_scan,2,1,85600,85600,80128,4,5000,5000,1,1,0,16
4,u64,duplicates,shuffled,reverse,50,7,subtract,10000,5000,5000,fused,2,1,102600,102600,262144,24,5000,5000,1,1,0,16
4,u64,duplicates,shuffled,reverse,50,7,intersect,10000,5000,5000,union_scan,0,1,73500,73500,80128,5,5000,5000,1,1,1,16
4,u64,duplicates,shuffled,reverse,50,7,intersect,10000,5000,5000,fused,0,1,114900,114900,262208,25,5000,5000,1,1,1,16
4,u64,duplicates,shuffled,reverse,50,7,intersect,10000,5000,5000,events,0,1,574500,574500,786496,15,5000,5000,1,1,1,16
4,u64,duplicates,shuffled,reverse,50,7,intersect,10000,5000,5000,fused,1,1,118300,118300,262208,25,5000,5000,1,1,1,16
4,u64,duplicates,shuffled,reverse,50,7,intersect,10000,5000,5000,events,1,1,577400,577400,786496,15,5000,5000,1,1,1,16
4,u64,duplicates,shuffled,reverse,50,7,intersect,10000,5000,5000,union_scan,1,1,73700,73700,80128,5,5000,5000,1,1,1,16
4,u64,duplicates,shuffled,reverse,50,7,intersect,10000,5000,5000,events,2,1,458300,458300,786496,15,5000,5000,1,1,1,16
4,u64,duplicates,shuffled,reverse,50,7,intersect,10000,5000,5000,union_scan,2,1,73500,73500,80128,5,5000,5000,1,1,1,16
4,u64,duplicates,shuffled,reverse,50,7,intersect,10000,5000,5000,fused,2,1,65000,65000,262208,25,5000,5000,1,1,1,16
4,i16,duplicates,shuffled,reverse,50,7,subtract,10000,5000,5000,union_scan,0,1,70000,70000,20032,4,5000,5000,1,1,0,16
4,i16,duplicates,shuffled,reverse,50,7,subtract,10000,5000,5000,fused,0,1,51900,51900,65536,24,5000,5000,1,1,0,16
4,i16,duplicates,shuffled,reverse,50,7,subtract,10000,5000,5000,events,0,1,390500,390500,524288,14,5000,5000,1,1,0,16
4,i16,duplicates,shuffled,reverse,50,7,subtract,10000,5000,5000,fused,1,1,52200,52200,65536,24,5000,5000,1,1,0,16
4,i16,duplicates,shuffled,reverse,50,7,subtract,10000,5000,5000,events,1,1,382800,382800,524288,14,5000,5000,1,1,0,16
4,i16,duplicates,shuffled,reverse,50,7,subtract,10000,5000,5000,union_scan,1,1,69800,69800,20032,4,5000,5000,1,1,0,16
4,i16,duplicates,shuffled,reverse,50,7,subtract,10000,5000,5000,events,2,1,382300,382300,524288,14,5000,5000,1,1,0,16
4,i16,duplicates,shuffled,reverse,50,7,subtract,10000,5000,5000,union_scan,2,1,69900,69900,20032,4,5000,5000,1,1,0,16
4,i16,duplicates,shuffled,reverse,50,7,subtract,10000,5000,5000,fused,2,1,52100,52100,65536,24,5000,5000,1,1,0,16
4,i16,duplicates,shuffled,reverse,50,7,intersect,10000,5000,5000,union_scan,0,1,69900,69900,20032,5,5000,5000,1,1,1,16
4,i16,duplicates,shuffled,reverse,50,7,intersect,10000,5000,5000,fused,0,1,52200,52200,65552,25,5000,5000,1,1,1,16
4,i16,duplicates,shuffled,reverse,50,7,intersect,10000,5000,5000,events,0,1,381300,381300,524304,15,5000,5000,1,1,1,16
4,i16,duplicates,shuffled,reverse,50,7,intersect,10000,5000,5000,fused,1,1,52400,52400,65552,25,5000,5000,1,1,1,16
4,i16,duplicates,shuffled,reverse,50,7,intersect,10000,5000,5000,events,1,1,381100,381100,524304,15,5000,5000,1,1,1,16
4,i16,duplicates,shuffled,reverse,50,7,intersect,10000,5000,5000,union_scan,1,1,69800,69800,20032,5,5000,5000,1,1,1,16
4,i16,duplicates,shuffled,reverse,50,7,intersect,10000,5000,5000,events,2,1,381700,381700,524304,15,5000,5000,1,1,1,16
4,i16,duplicates,shuffled,reverse,50,7,intersect,10000,5000,5000,union_scan,2,1,69800,69800,20032,5,5000,5000,1,1,1,16
4,i16,duplicates,shuffled,reverse,50,7,intersect,10000,5000,5000,fused,2,1,52100,52100,65552,25,5000,5000,1,1,1,16
4,i64,duplicates,shuffled,reverse,50,7,subtract,100000,50000,50000,union_scan,0,1,781300,781300,800128,4,50000,50000,1,1,0,16
4,i64,duplicates,shuffled,reverse,50,7,subtract,100000,50000,50000,fused,0,1,878500,878500,2097152,30,50000,50000,1,1,0,16
4,i64,duplicates,shuffled,reverse,50,7,subtract,100000,50000,50000,events,0,1,6148700,6148700,6291456,17,50000,50000,1,1,0,16
4,i64,duplicates,shuffled,reverse,50,7,subtract,100000,50000,50000,fused,1,1,1119300,1119300,2097152,30,50000,50000,1,1,0,16
4,i64,duplicates,shuffled,reverse,50,7,subtract,100000,50000,50000,events,1,1,6210400,6210400,6291456,17,50000,50000,1,1,0,16
4,i64,duplicates,shuffled,reverse,50,7,subtract,100000,50000,50000,union_scan,1,1,829900,829900,800128,4,50000,50000,1,1,0,16
4,i64,duplicates,shuffled,reverse,50,7,subtract,100000,50000,50000,events,2,1,6416800,6416800,6291456,17,50000,50000,1,1,0,16
4,i64,duplicates,shuffled,reverse,50,7,subtract,100000,50000,50000,union_scan,2,1,994200,994200,800128,4,50000,50000,1,1,0,16
4,i64,duplicates,shuffled,reverse,50,7,subtract,100000,50000,50000,fused,2,1,1123000,1123000,2097152,30,50000,50000,1,1,0,16
4,i64,duplicates,shuffled,reverse,50,7,intersect,100000,50000,50000,union_scan,0,1,1060900,1060900,800128,5,50000,50000,1,1,1,16
4,i64,duplicates,shuffled,reverse,50,7,intersect,100000,50000,50000,fused,0,1,1089800,1089800,2097216,31,50000,50000,1,1,1,16
4,i64,duplicates,shuffled,reverse,50,7,intersect,100000,50000,50000,events,0,1,6111600,6111600,6291520,18,50000,50000,1,1,1,16
4,i64,duplicates,shuffled,reverse,50,7,intersect,100000,50000,50000,fused,1,1,1143100,1143100,2097216,31,50000,50000,1,1,1,16
4,i64,duplicates,shuffled,reverse,50,7,intersect,100000,50000,50000,events,1,1,6383900,6383900,6291520,18,50000,50000,1,1,1,16
4,i64,duplicates,shuffled,reverse,50,7,intersect,100000,50000,50000,union_scan,1,1,979700,979700,800128,5,50000,50000,1,1,1,16
4,i64,duplicates,shuffled,reverse,50,7,intersect,100000,50000,50000,events,2,1,6083400,6083400,6291520,18,50000,50000,1,1,1,16
4,i64,duplicates,shuffled,reverse,50,7,intersect,100000,50000,50000,union_scan,2,1,908600,908600,800128,5,50000,50000,1,1,1,16
4,i64,duplicates,shuffled,reverse,50,7,intersect,100000,50000,50000,fused,2,1,911200,911200,2097216,31,50000,50000,1,1,1,16
4,u64,duplicates,shuffled,reverse,50,7,subtract,100000,50000,50000,union_scan,0,1,902100,902100,800128,4,50000,50000,1,1,0,16
4,u64,duplicates,shuffled,reverse,50,7,subtract,100000,50000,50000,fused,0,1,1052600,1052600,2097152,30,50000,50000,1,1,0,16
4,u64,duplicates,shuffled,reverse,50,7,subtract,100000,50000,50000,events,0,1,6318900,6318900,6291456,17,50000,50000,1,1,0,16
4,u64,duplicates,shuffled,reverse,50,7,subtract,100000,50000,50000,fused,1,1,1013100,1013100,2097152,30,50000,50000,1,1,0,16
4,u64,duplicates,shuffled,reverse,50,7,subtract,100000,50000,50000,events,1,1,6259600,6259600,6291456,17,50000,50000,1,1,0,16
4,u64,duplicates,shuffled,reverse,50,7,subtract,100000,50000,50000,union_scan,1,1,763500,763500,800128,4,50000,50000,1,1,0,16
4,u64,duplicates,shuffled,reverse,50,7,subtract,100000,50000,50000,events,2,1,6203100,6203100,6291456,17,50000,50000,1,1,0,16
4,u64,duplicates,shuffled,reverse,50,7,subtract,100000,50000,50000,union_scan,2,1,831500,831500,800128,4,50000,50000,1,1,0,16
4,u64,duplicates,shuffled,reverse,50,7,subtract,100000,50000,50000,fused,2,1,977900,977900,2097152,30,50000,50000,1,1,0,16
4,u64,duplicates,shuffled,reverse,50,7,intersect,100000,50000,50000,union_scan,0,1,828300,828300,800128,5,50000,50000,1,1,1,16
4,u64,duplicates,shuffled,reverse,50,7,intersect,100000,50000,50000,fused,0,1,990200,990200,2097216,31,50000,50000,1,1,1,16
4,u64,duplicates,shuffled,reverse,50,7,intersect,100000,50000,50000,events,0,1,6288300,6288300,6291520,18,50000,50000,1,1,1,16
4,u64,duplicates,shuffled,reverse,50,7,intersect,100000,50000,50000,fused,1,1,1055200,1055200,2097216,31,50000,50000,1,1,1,16
4,u64,duplicates,shuffled,reverse,50,7,intersect,100000,50000,50000,events,1,1,6236800,6236800,6291520,18,50000,50000,1,1,1,16
4,u64,duplicates,shuffled,reverse,50,7,intersect,100000,50000,50000,union_scan,1,1,934900,934900,800128,5,50000,50000,1,1,1,16
4,u64,duplicates,shuffled,reverse,50,7,intersect,100000,50000,50000,events,2,1,6169100,6169100,6291520,18,50000,50000,1,1,1,16
4,u64,duplicates,shuffled,reverse,50,7,intersect,100000,50000,50000,union_scan,2,1,830200,830200,800128,5,50000,50000,1,1,1,16
4,u64,duplicates,shuffled,reverse,50,7,intersect,100000,50000,50000,fused,2,1,938400,938400,2097216,31,50000,50000,1,1,1,16
4,i16,duplicates,shuffled,reverse,50,7,subtract,100000,50000,50000,union_scan,0,1,688200,688200,200032,4,50000,50000,1,1,0,16
4,i16,duplicates,shuffled,reverse,50,7,subtract,100000,50000,50000,fused,0,1,540200,540200,524288,30,50000,50000,1,1,0,16
4,i16,duplicates,shuffled,reverse,50,7,subtract,100000,50000,50000,events,0,1,4822500,4822500,4194304,17,50000,50000,1,1,0,16
4,i16,duplicates,shuffled,reverse,50,7,subtract,100000,50000,50000,fused,1,1,563600,563600,524288,30,50000,50000,1,1,0,16
4,i16,duplicates,shuffled,reverse,50,7,subtract,100000,50000,50000,events,1,1,4885500,4885500,4194304,17,50000,50000,1,1,0,16
4,i16,duplicates,shuffled,reverse,50,7,subtract,100000,50000,50000,union_scan,1,1,705700,705700,200032,4,50000,50000,1,1,0,16
4,i16,duplicates,shuffled,reverse,50,7,subtract,100000,50000,50000,events,2,1,4736100,4736100,4194304,17,50000,50000,1,1,0,16
4,i16,duplicates,shuffled,reverse,50,7,subtract,100000,50000,50000,union_scan,2,1,699100,699100,200032,4,50000,50000,1,1,0,16
4,i16,duplicates,shuffled,reverse,50,7,subtract,100000,50000,50000,fused,2,1,492000,492000,524288,30,50000,50000,1,1,0,16
4,i16,duplicates,shuffled,reverse,50,7,intersect,100000,50000,50000,union_scan,0,1,686000,686000,200032,5,50000,50000,1,1,1,16
4,i16,duplicates,shuffled,reverse,50,7,intersect,100000,50000,50000,fused,0,1,542200,542200,524304,31,50000,50000,1,1,1,16
4,i16,duplicates,shuffled,reverse,50,7,intersect,100000,50000,50000,events,0,1,4887500,4887500,4194320,18,50000,50000,1,1,1,16
4,i16,duplicates,shuffled,reverse,50,7,intersect,100000,50000,50000,fused,1,1,542900,542900,524304,31,50000,50000,1,1,1,16
4,i16,duplicates,shuffled,reverse,50,7,intersect,100000,50000,50000,events,1,1,4728400,4728400,4194320,18,50000,50000,1,1,1,16
4,i16,duplicates,shuffled,reverse,50,7,intersect,100000,50000,50000,union_scan,1,1,682000,682000,200032,5,50000,50000,1,1,1,16
4,i16,duplicates,shuffled,reverse,50,7,intersect,100000,50000,50000,events,2,1,4743400,4743400,4194320,18,50000,50000,1,1,1,16
4,i16,duplicates,shuffled,reverse,50,7,intersect,100000,50000,50000,union_scan,2,1,698300,698300,200032,5,50000,50000,1,1,1,16
4,i16,duplicates,shuffled,reverse,50,7,intersect,100000,50000,50000,fused,2,1,551800,551800,524304,31,50000,50000,1,1,1,16
5,i64,touching,reverse,start,50,7,subtract,0,0,0,union_scan,0,128,3300,25,0,0,0,0,0,0,0,0
5,i64,touching,reverse,start,50,7,subtract,0,0,0,fused,0,128,5100,39,0,0,0,0,0,0,0,0
5,i64,touching,reverse,start,50,7,subtract,0,0,0,events,0,128,2500,19,0,0,0,0,0,0,0,0
5,i64,touching,reverse,start,50,7,subtract,0,0,0,fused,1,128,5100,39,0,0,0,0,0,0,0,0
5,i64,touching,reverse,start,50,7,subtract,0,0,0,events,1,128,2400,18,0,0,0,0,0,0,0,0
5,i64,touching,reverse,start,50,7,subtract,0,0,0,union_scan,1,128,3300,25,0,0,0,0,0,0,0,0
5,i64,touching,reverse,start,50,7,subtract,0,0,0,events,2,128,2400,18,0,0,0,0,0,0,0,0
5,i64,touching,reverse,start,50,7,subtract,0,0,0,union_scan,2,128,3300,25,0,0,0,0,0,0,0,0
5,i64,touching,reverse,start,50,7,subtract,0,0,0,fused,2,128,5100,39,0,0,0,0,0,0,0,0
5,i64,touching,reverse,start,50,7,intersect,0,0,0,union_scan,0,128,2200,17,0,0,0,0,0,0,0,0
5,i64,touching,reverse,start,50,7,intersect,0,0,0,fused,0,128,4200,32,0,0,0,0,0,0,0,0
5,i64,touching,reverse,start,50,7,intersect,0,0,0,events,0,128,2400,18,0,0,0,0,0,0,0,0
5,i64,touching,reverse,start,50,7,intersect,0,0,0,fused,1,128,4300,33,0,0,0,0,0,0,0,0
5,i64,touching,reverse,start,50,7,intersect,0,0,0,events,1,128,2400,18,0,0,0,0,0,0,0,0
5,i64,touching,reverse,start,50,7,intersect,0,0,0,union_scan,1,128,2100,16,0,0,0,0,0,0,0,0
5,i64,touching,reverse,start,50,7,intersect,0,0,0,events,2,128,2500,19,0,0,0,0,0,0,0,0
5,i64,touching,reverse,start,50,7,intersect,0,0,0,union_scan,2,128,2200,17,0,0,0,0,0,0,0,0
5,i64,touching,reverse,start,50,7,intersect,0,0,0,fused,2,128,4200,32,0,0,0,0,0,0,0,0
5,u64,touching,reverse,start,50,7,subtract,0,0,0,union_scan,0,128,3400,26,0,0,0,0,0,0,0,0
5,u64,touching,reverse,start,50,7,subtract,0,0,0,fused,0,128,5300,41,0,0,0,0,0,0,0,0
5,u64,touching,reverse,start,50,7,subtract,0,0,0,events,0,128,2500,19,0,0,0,0,0,0,0,0
5,u64,touching,reverse,start,50,7,subtract,0,0,0,fused,1,128,5200,40,0,0,0,0,0,0,0,0
5,u64,touching,reverse,start,50,7,subtract,0,0,0,events,1,128,2500,19,0,0,0,0,0,0,0,0
5,u64,touching,reverse,start,50,7,subtract,0,0,0,union_scan,1,128,3400,26,0,0,0,0,0,0,0,0
5,u64,touching,reverse,start,50,7,subtract,0,0,0,events,2,128,2500,19,0,0,0,0,0,0,0,0
5,u64,touching,reverse,start,50,7,subtract,0,0,0,union_scan,2,128,3400,26,0,0,0,0,0,0,0,0
5,u64,touching,reverse,start,50,7,subtract,0,0,0,fused,2,128,5200,40,0,0,0,0,0,0,0,0
5,u64,touching,reverse,start,50,7,intersect,0,0,0,union_scan,0,128,1600,12,0,0,0,0,0,0,0,0
5,u64,touching,reverse,start,50,7,intersect,0,0,0,fused,0,128,4400,34,0,0,0,0,0,0,0,0
5,u64,touching,reverse,start,50,7,intersect,0,0,0,events,0,128,2500,19,0,0,0,0,0,0,0,0
5,u64,touching,reverse,start,50,7,intersect,0,0,0,fused,1,128,4500,35,0,0,0,0,0,0,0,0
5,u64,touching,reverse,start,50,7,intersect,0,0,0,events,1,128,2400,18,0,0,0,0,0,0,0,0
5,u64,touching,reverse,start,50,7,intersect,0,0,0,union_scan,1,128,1500,11,0,0,0,0,0,0,0,0
5,u64,touching,reverse,start,50,7,intersect,0,0,0,events,2,128,2600,20,0,0,0,0,0,0,0,0
5,u64,touching,reverse,start,50,7,intersect,0,0,0,union_scan,2,128,1500,11,0,0,0,0,0,0,0,0
5,u64,touching,reverse,start,50,7,intersect,0,0,0,fused,2,128,4400,34,0,0,0,0,0,0,0,0
5,i16,touching,reverse,start,50,7,subtract,0,0,0,union_scan,0,128,3500,27,0,0,0,0,0,0,0,0
5,i16,touching,reverse,start,50,7,subtract,0,0,0,fused,0,128,5100,39,0,0,0,0,0,0,0,0
5,i16,touching,reverse,start,50,7,subtract,0,0,0,events,0,128,3400,26,0,0,0,0,0,0,0,0
5,i16,touching,reverse,start,50,7,subtract,0,0,0,fused,1,128,5200,40,0,0,0,0,0,0,0,0
5,i16,touching,reverse,start,50,7,subtract,0,0,0,events,1,128,3600,28,0,0,0,0,0,0,0,0
5,i16,touching,reverse,start,50,7,subtract,0,0,0,union_scan,1,128,3400,26,0,0,0,0,0,0,0,0
5,i16,touching,reverse,start,50,7,subtract,0,0,0,events,2,128,3500,27,0,0,0,0,0,0,0,0
5,i16,touching,reverse,start,50,7,subtract,0,0,0,union_scan,2,128,3400,26,0,0,0,0,0,0,0,0
5,i16,touching,reverse,start,50,7,subtract,0,0,0,fused,2,128,5200,40,0,0,0,0,0,0,0,0
5,i16,touching,reverse,start,50,7,intersect,0,0,0,union_scan,0,128,1500,11,0,0,0,0,0,0,0,0
5,i16,touching,reverse,start,50,7,intersect,0,0,0,fused,0,128,4400,34,0,0,0,0,0,0,0,0
5,i16,touching,reverse,start,50,7,intersect,0,0,0,events,0,128,3200,25,0,0,0,0,0,0,0,0
5,i16,touching,reverse,start,50,7,intersect,0,0,0,fused,1,128,4400,34,0,0,0,0,0,0,0,0
5,i16,touching,reverse,start,50,7,intersect,0,0,0,events,1,128,3200,25,0,0,0,0,0,0,0,0
5,i16,touching,reverse,start,50,7,intersect,0,0,0,union_scan,1,128,1500,11,0,0,0,0,0,0,0,0
5,i16,touching,reverse,start,50,7,intersect,0,0,0,events,2,128,3300,25,0,0,0,0,0,0,0,0
5,i16,touching,reverse,start,50,7,intersect,0,0,0,union_scan,2,128,1500,11,0,0,0,0,0,0,0,0
5,i16,touching,reverse,start,50,7,intersect,0,0,0,fused,2,128,4500,35,0,0,0,0,0,0,0,0
5,i64,touching,reverse,start,50,7,subtract,8,4,4,union_scan,0,128,30400,237,192,4,4,4,1,1,1,10
5,i64,touching,reverse,start,50,7,subtract,8,4,4,fused,0,128,22900,178,192,3,4,4,1,1,1,10
5,i64,touching,reverse,start,50,7,subtract,8,4,4,events,0,128,49600,387,448,4,4,4,1,1,1,10
5,i64,touching,reverse,start,50,7,subtract,8,4,4,fused,1,128,22800,178,192,3,4,4,1,1,1,10
5,i64,touching,reverse,start,50,7,subtract,8,4,4,events,1,128,47600,371,448,4,4,4,1,1,1,10
5,i64,touching,reverse,start,50,7,subtract,8,4,4,union_scan,1,128,29900,233,192,4,4,4,1,1,1,10
5,i64,touching,reverse,start,50,7,subtract,8,4,4,events,2,128,47600,371,448,4,4,4,1,1,1,10
5,i64,touching,reverse,start,50,7,subtract,8,4,4,union_scan,2,128,29800,232,192,4,4,4,1,1,1,10
5,i64,touching,reverse,start,50,7,subtract,8,4,4,fused,2,128,25100,196,192,3,4,4,1,1,1,10
5,i64,touching,reverse,start,50,7,intersect,8,4,4,union_scan,0,128,28900,225,192,4,4,4,1,1,1,10
5,i64,touching,reverse,start,50,7,intersect,8,4,4,fused,0,128,23300,182,192,3,4,4,1,1,1,10
5,i64,touching,reverse,start,50,7,intersect,8,4,4,events,0,128,47500,371,448,4,4,4,1,1,1,10
5,i64,touching,reverse,start,50,7,intersect,8,4,4,fused,1,128,23200,181,192,3,4,4,1,1,1,10
5,i64,touching,reverse,start,50,7,intersect,8,4,4,events,1,128,46600,364,448,4,4,4,1,1,1,10
5,i64,touching,reverse,start,50,7,intersect,8,4,4,union_scan,1,128,28900,225,192,4,4,4,1,1,1,10
5,i64,touching,reverse,start,50,7,intersect,8,4,4,events,2,128,46800,365,448,4,4,4,1,1,1,10
5,i64,touching,reverse,start,50,7,intersect,8,4,4,union_scan,2,128,28800,225,192,4,4,4,1,1,1,10
5,i64,touching,reverse,start,50,7,intersect,8,4,4,fused,2,128,23200,181,192,3,4,4,1,1,1,10
5,u64,touching,reverse,start,50,7,subtract,8,4,4,union_scan,0,128,28900,225,192,4,4,4,1,1,1,10
5,u64,touching,reverse,start,50,7,subtract,8,4,4,fused,0,128,22000,171,192,3,4,4,1,1,1,10
5,u64,touching,reverse,start,50,7,subtract,8,4,4,events,0,128,47300,369,448,4,4,4,1,1,1,10
5,u64,touching,reverse,start,50,7,subtract,8,4,4,fused,1,128,22200,173,192,3,4,4,1,1,1,10
5,u64,touching,reverse,start,50,7,subtract,8,4,4,events,1,128,47100,367,448,4,4,4,1,1,1,10
5,u64,touching,reverse,start,50,7,subtract,8,4,4,union_scan,1,128,28600,223,192,4,4,4,1,1,1,10
5,u64,touching,reverse,start,50,7,subtract,8,4,4,events,2,128,48000,375,448,4,4,4,1,1,1,10
5,u64,touching,reverse,start,50,7,subtract,8,4,4,union_scan,2,128,28400,221,192,4,4,4,1,1,1,10
5,u64,touching,reverse,start,50,7,subtract,8,4,4,fused,2,128,22100,172,192,3,4,4,1,1,1,10
5,u64,touching,reverse,start,50,7,intersect,8,4,4,union_scan,0,128,31100,242,192,4,4,4,1,1,1,10
5,u64,touching,reverse,start,50,7,intersect,8,4,4,fused,0,128,21900,171,192,3,4,4,1,1,1,10
5,u64,touching,reverse,start,50,7,intersect,8,4,4,events,0,128,47400,370,448,4,4,4,1,1,1,10
5,u64,touching,reverse,start,50,7,intersect,8,4,4,fused,1,128,22300,174,192,3,4,4,1,1,1,10
5,u64,touching,reverse,start,50,7,intersect,8,4,4,events,1,128,46900,366,448,4,4,4,1,1,1,10
5,u64,touching,reverse,start,50,7,intersect,8,4,4,union_scan,1,128,30600,239,192,4,4,4,1,1,1,10
5,u64,touching,reverse,start,50,7,intersect,8,4,4,events,2,128,46900,366,448,4,4,4,1,1,1,10
5,u64,touching,reverse,start,50,7,intersect,8,4,4,union_scan,2,128,30500,238,192,4,4,4,1,1,1,10
5,u64,touching,reverse,start,50,7,intersect,8,4,4,fused,2,128,21800,170,192,3,4,4,1,1,1,10
5,i16,touching,reverse,start,50,7,subtract,8,4,4,union_scan,0,128,30200,235,48,4,4,4,1,1,1,10
5,i16,touching,reverse,start,50,7,subtract,8,4,4,fused,0,128,22500,175,48,3,4,4,1,1,1,10
5,i16,touching,reverse,start,50,7,subtract,8,4,4,events,0,128,47800,373,272,4,4,4,1,1,1,10
5,i16,touching,reverse,start,50,7,subtract,8,4,4,fused,1,128,22400,175,48,3,4,4,1,1,1,10
5,i16,touching,reverse,start,50,7,subtract,8,4,4,events,1,128,47000,367,272,4,4,4,1,1,1,10
5,i16,touching,reverse,start,50,7,subtract,8,4,4,union_scan,1,128,30300,236,48,4,4,4,1,1,1,10
5,i16,touching,reverse,start,50,7,subtract,8,4,4,events,2,128,51800,404,272,4,4,4,1,1,1,10
5,i16,touching,reverse,start,50,7,subtract,8,4,4,union_scan,2,128,30500,238,48,4,4,4,1,1,1,10
5,i16,touching,reverse,start,50,7,subtract,8,4,4,fused,2,128,22500,175,48,3,4,4,1,1,1,10
5,i16,touching,reverse,start,50,7,intersect,8,4,4,union_scan,0,128,29500,230,48,4,4,4,1,1,1,10
5,i16,touching,reverse,start,50,7,intersect,8,4,4,fused,0,128,23500,183,48,3,4,4,1,1,1,10
5,i16,touching,reverse,start,50,7,intersect,8,4,4,events,0,128,47900,374,272,4,4,4,1,1,1,10
5,i16,touching,reverse,start,50,7,intersect,8,4,4,fused,1,128,22800,178,48,3,4,4,1,1,1,10
5,i16,touching,reverse,start,50,7,intersect,8,4,4,events,1,128,47500,371,272,4,4,4,1,1,1,10
5,i16,touching,reverse,start,50,7,intersect,8,4,4,union_scan,1,128,29800,232,48,4,4,4,1,1,1,10
5,i16,touching,reverse,start,50,7,intersect,8,4,4,events,2,128,47900,374,272,4,4,4,1,1,1,10
5,i16,touching,reverse,start,50,7,intersect,8,4,4,union_scan,2,128,29700,232,48,4,4,4,1,1,1,10
5,i16,touching,reverse,start,50,7,intersect,8,4,4,fused,2,128,22600,176,48,3,4,4,1,1,1,10
5,i64,touching,reverse,start,50,7,subtract,1000,500,500,union_scan,0,4,18000,4500,8064,4,500,500,1,1,1,1002
5,i64,touching,reverse,start,50,7,subtract,1000,500,500,fused,0,4,17900,4475,16448,17,500,500,1,1,1,1002
5,i64,touching,reverse,start,50,7,subtract,1000,500,500,events,0,4,200900,50225,49216,11,500,500,1,1,1,1002
5,i64,touching,reverse,start,50,7,subtract,1000,500,500,fused,1,4,16800,4200,16448,17,500,500,1,1,1,1002
5,i64,touching,reverse,start,50,7,subtract,1000,500,500,events,1,4,193500,48375,49216,11,500,500,1,1,1,1002
5,i64,touching,reverse,start,50,7,subtract,1000,500,500,union_scan,1,4,17900,4475,8064,4,500,500,1,1,1,1002
5,i64,touching,reverse,start,50,7,subtract,1000,500,500,events,2,4,192900,48225,49216,11,500,500,1,1,1,1002
5,i64,touching,reverse,start,50,7,subtract,1000,500,500,union_scan,2,4,18000,4500,8064,4,500,500,1,1,1,1002
5,i64,touching,reverse,start,50,7,subtract,1000,500,500,fused,2,4,16600,4150,16448,17,500,500,1,1,1,1002
5,i64,touching,reverse,start,50,7,intersect,1000,500,500,union_scan,0,4,18000,4500,8064,4,500,500,1,1,1,1002
5,i64,touching,reverse,start,50,7,intersect,1000,500,500,fused,0,4,16100,4025,16448,17,500,500,1,1,1,1002
5,i64,touching,reverse,start,50,7,intersect,1000,500,500,events,0,4,194300,48575,49216,11,500,500,1,1,1,1002
5,i64,touching,reverse,start,50,7,intersect,1000,500,500,fused,1,4,16800,4200,16448,17,500,500,1,1,1,1002
5,i64,touching,reverse,start,50,7,intersect,1000,500,500,events,1,4,193800,48450,49216,11,500,500,1,1,1,1002
5,i64,touching,reverse,start,50,7,intersect,1000,500,500,union_scan,1,4,17900,4475,8064,4,500,500,1,1,1,1002
5,i64,touching,reverse,start,50,7,intersect,1000,500,500,events,2,4,199200,49800,49216,11,500,500,1,1,1,1002
5,i64,touching,reverse,start,50,7,intersect,1000,500,500,union_scan,2,4,18000,4500,8064,4,500,500,1,1,1,1002
5,i64,touching,reverse,start,50,7,intersect,1000,500,500,fused,2,4,16300,4075,16448,17,500,500,1,1,1,1002
5,u64,touching,reverse,start,50,7,subtract,1000,500,500,union_scan,0,4,18200,4550,8064,4,500,500,1,1,1,1002
5,u64,touching,reverse,start,50,7,subtract,1000,500,500,fused,0,4,18200,4550,16448,17,500,500,1,1,1,1002
5,u64,touching,reverse,start,50,7,subtract,1000,500,500,events,0,4,197200,49300,49216,11,500,500,1,1,1,1002
5,u64,touching,reverse,start,50,7,subtract,1000,500,500,fused,1,4,18200,4550,16448,17,500,500,1,1,1,1002
5,u64,touching,reverse,start,50,7,subtract,1000,500,500,events,1,4,192300,48075,49216,11,500,500,1,1,1,1002
5,u64,touching,reverse,start,50,7,subtract,1000,500,500,union_scan,1,4,18300,4575,8064,4,500,500,1,1,1,1002
5,u64,touching,reverse,start,50,7,subtract,1000,500,500,events,2,4,191700,47925,49216,11,500,500,1,1,1,1002
5,u64,touching,reverse,start,50,7,subtract,1000,500,500,union_scan,2,4,26000,6500,8064,4,500,500,1,1,1,1002
5,u64,touching,reverse,start,50,7,subtract,1000,500,500,fused,2,4,18200,4550,16448,17,500,500,1,1,1,1002
5,u64,touching,reverse,start,50,7,intersect,1000,500,500,union_scan,0,4,18300,4575,8064,4,500,500,1,1,1,1002
5,u64,touching,reverse,start,50,7,intersect,1000,500,500,fused,0,4,17900,4475,16448,17,500,500,1,1,1,1002
5,u64,touching,reverse,start,50,7,intersect,1000,500,500,events,0,4,194100,48525,49216,11,500,500,1,1,1,1002
5,u64,touching,reverse,start,50,7,intersect,1000,500,500,fused,1,4,17800,4450,16448,17,500,500,1,1,1,1002
5,u64,touching,reverse,start,50,7,intersect,1000,500,500,events,1,4,196300,49075,49216,11,500,500,1,1,1,1002
5,u64,touching,reverse,start,50,7,intersect,1000,500,500,union_scan,1,4,18300,4575,8064,4,500,500,1,1,1,1002
5,u64,touching,reverse,start,50,7,intersect,1000,500,500,events,2,4,194600,48650,49216,11,500,500,1,1,1,1002
5,u64,touching,reverse,start,50,7,intersect,1000,500,500,union_scan,2,4,18300,4575,8064,4,500,500,1,1,1,1002
5,u64,touching,reverse,start,50,7,intersect,1000,500,500,fused,2,4,17900,4475,16448,17,500,500,1,1,1,1002
5,i16,touching,reverse,start,50,7,subtract,1000,500,500,union_scan,0,4,17500,4375,2016,4,500,500,1,1,1,1002
5,i16,touching,reverse,start,50,7,subtract,1000,500,500,fused,0,4,14900,3725,4112,17,500,500,1,1,1,1002
5,i16,touching,reverse,start,50,7,subtract,1000,500,500,events,0,4,152100,38025,32784,11,500,500,1,1,1,1002
5,i16,touching,reverse,start,50,7,subtract,1000,500,500,fused,1,4,14600,3650,4112,17,500,500,1,1,1,1002
5,i16,touching,reverse,start,50,7,subtract,1000,500,500,events,1,4,145200,36300,32784,11,500,500,1,1,1,1002
5,i16,touching,reverse,start,50,7,subtract,1000,500,500,union_scan,1,4,17200,4300,2016,4,500,500,1,1,1,1002
5,i16,touching,reverse,start,50,7,subtract,1000,500,500,events,2,4,143600,35900,32784,11,500,500,1,1,1,1002
5,i16,touching,reverse,start,50,7,subtract,1000,500,500,union_scan,2,4,17300,4325,2016,4,500,500,1,1,1,1002
5,i16,touching,reverse,start,50,7,subtract,1000,500,500,fused,2,4,14600,3650,4112,17,500,500,1,1,1,1002
5,i16,touching,reverse,start,50,7,intersect,1000,500,500,union_scan,0,4,17300,4325,2016,4,500,500,1,1,1,1002
5,i16,touching,reverse,start,50,7,intersect,1000,500,500,fused,0,4,14500,3625,4112,17,500,500,1,1,1,1002
5,i16,touching,reverse,start,50,7,intersect,1000,500,500,events,0,4,145900,36475,32784,11,500,500,1,1,1,1002
5,i16,touching,reverse,start,50,7,intersect,1000,500,500,fused,1,4,14500,3625,4112,17,500,500,1,1,1,1002
5,i16,touching,reverse,start,50,7,intersect,1000,500,500,events,1,4,145500,36375,32784,11,500,500,1,1,1,1002
5,i16,touching,reverse,start,50,7,intersect,1000,500,500,union_scan,1,4,17300,4325,2016,4,500,500,1,1,1,1002
5,i16,touching,reverse,start,50,7,intersect,1000,500,500,events,2,4,145100,36275,32784,11,500,500,1,1,1,1002
5,i16,touching,reverse,start,50,7,intersect,1000,500,500,union_scan,2,4,17300,4325,2016,4,500,500,1,1,1,1002
5,i16,touching,reverse,start,50,7,intersect,1000,500,500,fused,2,4,14400,3600,4112,17,500,500,1,1,1,1002
5,i64,touching,reverse,start,50,7,subtract,10000,5000,5000,union_scan,0,1,61000,61000,80064,4,5000,5000,1,1,1,10002
5,i64,touching,reverse,start,50,7,subtract,10000,5000,5000,fused,0,1,100700,100700,262208,25,5000,5000,1,1,1,10002
5,i64,touching,reverse,start,50,7,subtract,10000,5000,5000,events,0,1,800900,800900,786496,15,5000,5000,1,1,1,10002
5,i64,touching,reverse,start,50,7,subtract,10000,5000,5000,fused,1,1,108900,108900,262208,25,5000,5000,1,1,1,10002
5,i64,touching,reverse,start,50,7,subtract,10000,5000,5000,events,1,1,806300,806300,786496,15,5000,5000,1,1,1,10002
5,i64,touching,reverse,start,50,7,subtract,10000,5000,5000,union_scan,1,1,59200,59200,80064,4,5000,5000,1,1,1,10002
5,i64,touching,reverse,start,50,7,subtract,10000,5000,5000,events,2,1,664600,664600,786496,15,5000,5000,1,1,1,10002
5,i64,touching,reverse,start,50,7,subtract,10000,5000,5000,union_scan,2,1,42600,42600,80064,4,5000,5000,1,1,1,10002
5,i64,touching,reverse,start,50,7,subtract,10000,5000,5000,fused,2,1,111700,111700,262208,25,5000,5000,1,1,1,10002
5,i64,touching,reverse,start,50,7,intersect,10000,5000,5000,union_scan,0,1,50000,50000,80064,4,5000,5000,1,1,1,10002
5,i64,touching,reverse,start,50,7,intersect,10000,5000,5000,fused,0,1,133000,133000,262208,25,5000,5000,1,1,1,10002
5,i64,touching,reverse,start,50,7,intersect,10000,5000,5000,events,0,1,927600,927600,786496,15,5000,5000,1,1,1,10002
5,i64,touching,reverse,start,50,7,intersect,10000,5000,5000,fused,1,1,150300,150300,262208,25,5000,5000,1,1,1,10002
5,i64,touching,reverse,start,50,7,intersect,10000,5000,5000,events,1,1,835400,835400,786496,15,5000,5000,1,1,1,10002
5,i64,touching,reverse,start,50,7,intersect,10000,5000,5000,union_scan,1,1,49300,49300,80064,4,5000,5000,1,1,1,10002
5,i64,touching,reverse,start,50,7,intersect,10000,5000,5000,events,2,1,730700,730700,786496,15,5000,5000,1,1,1,10002
5,i64,touching,reverse,start,50,7,intersect,10000,5000,5000,union_scan,2,1,61200,61200,80064,4,5000,5000,1,1,1,10002
5,i64,touching,reverse,start,50,7,intersect,10000,5000,5000,fused,2,1,101400,101400,262208,25,5000,5000,1,1,1,10002
5,u64,touching,reverse,start,50,7,subtract,10000,5000,5000,union_scan,0,1,44500,44500,80064,4,5000,5000,1,1,1,10002
5,u64,touching,reverse,start,50,7,subtract,10000,5000,5000,fused,0,1,110300,110300,262208,25,5000,5000,1,1,1,10002
5,u64,touching,reverse,start,50,7,subtract,10000,5000,5000,events,0,1,791500,791500,786496,15,5000,5000,1,1,1,10002
5,u64,touching,reverse,start,50,7,subtract,10000,5000,5000,fused,1,1,62500,62500,262208,25,5000,5000,1,1,1,10002
5,u64,touching,reverse,start,50,7,subtract,10000,5000,5000,events,1,1,855100,855100,786496,15,5000,5000,1,1,1,10002
5,u64,touching,reverse,start,50,7,subtract,10000,5000,5000,union_scan,1,1,44700,44700,80064,4,5000,5000,1,1,1,10002
5,u64,touching,reverse,start,50,7,subtract,10000,5000,5000,events,2,1,688800,688800,786496,15,5000,5000,1,1,1,10002
5,u64,touching,reverse,start,50,7,subtract,10000,5000,5000,union_scan,2,1,43900,43900,80064,4,5000,5000,1,1,1,10002
5,u64,touching,reverse,start,50,7,subtract,10000,5000,5000,fused,2,1,105200,105200,262208,25,5000,5000,1,1,1,10002
5,u64,touching,reverse,start,50,7,intersect,10000,5000,5000,union_scan,0,1,45200,45200,80064,4,5000,5000,1,1,1,10002
5,u64,touching,reverse,start,50,7,intersect,10000,5000,5000,fused,0,1,134600,134600,262208,25,5000,5000,1,1,1,10002
5,u64,touching,reverse,start,50,7,intersect,10000,5000,5000,events,0,1,825300,825300,786496,15,5000,5000,1,1,1,10002
5,u64,touching,reverse,start,50,7,intersect,10000,5000,5000,fused,1,1,146400,146400,262208,25,5000,5000,1,1,1,10002
5,u64,touching,reverse,start,50,7,intersect,10000,5000,5000,events,1,1,906700,906700,786496,15,5000,5000,1,1,1,10002
5,u64,touching,reverse,start,50,7,intersect,10000,5000,5000,union_scan,1,1,72900,72900,80064,4,5000,5000,1,1,1,10002
5,u64,touching,reverse,start,50,7,intersect,10000,5000,5000,events,2,1,969200,969200,786496,15,5000,5000,1,1,1,10002
5,u64,touching,reverse,start,50,7,intersect,10000,5000,5000,union_scan,2,1,45700,45700,80064,4,5000,5000,1,1,1,10002
5,u64,touching,reverse,start,50,7,intersect,10000,5000,5000,fused,2,1,140100,140100,262208,25,5000,5000,1,1,1,10002
5,i16,touching,reverse,start,50,7,subtract,10000,5000,5000,union_scan,0,1,47300,47300,20016,4,5000,5000,1,1,1,10002
5,i16,touching,reverse,start,50,7,subtract,10000,5000,5000,fused,0,1,40900,40900,65552,25,5000,5000,1,1,1,10002
5,i16,touching,reverse,start,50,7,subtract,10000,5000,5000,events,0,1,696700,696700,524304,15,5000,5000,1,1,1,10002
5,i16,touching,reverse,start,50,7,subtract,10000,5000,5000,fused,1,1,47400,47400,65552,25,5000,5000,1,1,1,10002
5,i16,touching,reverse,start,50,7,subtract,10000,5000,5000,events,1,1,499200,499200,524304,15,5000,5000,1,1,1,10002
5,i16,touching,reverse,start,50,7,subtract,10000,5000,5000,union_scan,1,1,41500,41500,20016,4,5000,5000,1,1,1,10002
5,i16,touching,reverse,start,50,7,subtract,10000,5000,5000,events,2,1,656300,656300,524304,15,5000,5000,1,1,1,10002
5,i16,touching,reverse,start,50,7,subtract,10000,5000,5000,union_scan,2,1,41700,41700,20016,4,5000,5000,1,1,1,10002
5,i16,touching,reverse,start,50,7,subtract,10000,5000,5000,fused,2,1,30700,30700,65552,25,5000,5000,1,1,1,10002
5,i16,touching,reverse,start,50,7,intersect,10000,5000,5000,union_scan,0,1,60200,60200,20016,4,5000,5000,1,1,1,10002
5,i16,touching,reverse,start,50,7,intersect,10000,5000,5000,fused,0,1,44800,44800,65552,25,5000,5000,1,1,1,10002
5,i16,touching,reverse,start,50,7,intersect,10000,5000,5000,events,0,1,593700,593700,524304,15,5000,5000,1,1,1,10002
5,i16,touching,reverse,start,50,7,intersect,10000,5000,5000,fused,1,1,31300,31300,65552,25,5000,5000,1,1,1,10002
5,i16,touching,reverse,start,50,7,intersect,10000,5000,5000,events,1,1,563000,563000,524304,15,5000,5000,1,1,1,10002
5,i16,touching,reverse,start,50,7,intersect,10000,5000,5000,union_scan,1,1,44000,44000,20016,4,5000,5000,1,1,1,10002
5,i16,touching,reverse,start,50,7,intersect,10000,5000,5000,events,2,1,503100,503100,524304,15,5000,5000,1,1,1,10002
5,i16,touching,reverse,start,50,7,intersect,10000,5000,5000,union_scan,2,1,43600,43600,20016,4,5000,5000,1,1,1,10002
5,i16,touching,reverse,start,50,7,intersect,10000,5000,5000,fused,2,1,115600,115600,65552,25,5000,5000,1,1,1,10002
5,i64,touching,reverse,start,50,7,subtract,100000,50000,50000,union_scan,0,1,643500,643500,800064,4,50000,50000,1,1,1,100002
5,i64,touching,reverse,start,50,7,subtract,100000,50000,50000,fused,0,1,902800,902800,2097216,31,50000,50000,1,1,1,100002
5,i64,touching,reverse,start,50,7,subtract,100000,50000,50000,events,0,1,11505400,11505400,6291520,18,50000,50000,1,1,1,100002
5,i64,touching,reverse,start,50,7,subtract,100000,50000,50000,fused,1,1,1078500,1078500,2097216,31,50000,50000,1,1,1,100002
5,i64,touching,reverse,start,50,7,subtract,100000,50000,50000,events,1,1,10591800,10591800,6291520,18,50000,50000,1,1,1,100002
5,i64,touching,reverse,start,50,7,subtract,100000,50000,50000,union_scan,1,1,700600,700600,800064,4,50000,50000,1,1,1,100002
5,i64,touching,reverse,start,50,7,subtract,100000,50000,50000,events,2,1,10758800,10758800,6291520,18,50000,50000,1,1,1,100002
5,i64,touching,reverse,start,50,7,subtract,100000,50000,50000,union_scan,2,1,668100,668100,800064,4,50000,50000,1,1,1,100002
5,i64,touching,reverse,start,50,7,subtract,100000,50000,50000,fused,2,1,1085900,1085900,2097216,31,50000,50000,1,1,1,100002
5,i64,touching,reverse,start,50,7,intersect,100000,50000,50000,union_scan,0,1,628100,628100,800064,4,50000,50000,1,1,1,100002
5,i64,touching,reverse,start,50,7,intersect,100000,50000,50000,fused,0,1,852400,852400,2097216,31,50000,50000,1,1,1,100002
5,i64,touching,reverse,start,50,7,intersect,100000,50000,50000,events,0,1,10403900,10403900,6291520,18,50000,50000,1,1,1,100002
5,i64,touching,reverse,start,50,7,intersect,100000,50000,50000,fused,1,1,945300,945300,2097216,31,50000,50000,1,1,1,100002
5,i64,touching,reverse,start,50,7,intersect,100000,50000,50000,events,1,1,10514100,10514100,6291520,18,50000,50000,1,1,1,100002
5,i64,touching,reverse,start,50,7,intersect,100000,50000,50000,union_scan,1,1,758300,758300,800064,4,50000,50000,1,1,1,100002
5,i64,touching,reverse,start,50,7,intersect,100000,50000,50000,events,2,1,10523900,10523900,6291520,18,50000,50000,1,1,1,100002
5,i64,touching,reverse,start,50,7,intersect,100000,50000,50000,union_scan,2,1,593900,593900,800064,4,50000,50000,1,1,1,100002
5,i64,touching,reverse,start,50,7,intersect,100000,50000,50000,fused,2,1,822100,822100,2097216,31,50000,50000,1,1,1,100002
5,u64,touching,reverse,start,50,7,subtract,100000,50000,50000,union_scan,0,1,676200,676200,800064,4,50000,50000,1,1,1,100002
5,u64,touching,reverse,start,50,7,subtract,100000,50000,50000,fused,0,1,902300,902300,2097216,31,50000,50000,1,1,1,100002
5,u64,touching,reverse,start,50,7,subtract,100000,50000,50000,events,0,1,10672200,10672200,6291520,18,50000,50000,1,1,1,100002
5,u64,touching,reverse,start,50,7,subtract,100000,50000,50000,fused,1,1,998700,998700,2097216,31,50000,50000,1,1,1,100002
5,u64,touching,reverse,start,50,7,subtract,100000,50000,50000,events,1,1,10718400,10718400,6291520,18,50000,50000,1,1,1,100002
5,u64,touching,reverse,start,50,7,subtract,100000,50000,50000,union_scan,1,1,599900,599900,800064,4,50000,50000,1,1,1,100002
5,u64,touching,reverse,start,50,7,subtract,100000,50000,50000,events,2,1,10611500,10611500,6291520,18,50000,50000,1,1,1,100002
5,u64,touching,reverse,start,50,7,subtract,100000,50000,50000,union_scan,2,1,642600,642600,800064,4,50000,50000,1,1,1,100002
5,u64,touching,reverse,start,50,7,subtract,100000,50000,50000,fused,2,1,892500,892500,2097216,31,50000,50000,1,1,1,100002
5,u64,touching,reverse,start,50,7,intersect,100000,50000,50000,union_scan,0,1,608400,608400,800064,4,50000,50000,1,1,1,100002
5,u64,touching,reverse,start,50,7,intersect,100000,50000,50000,fused,0,1,748600,748600,2097216,31,50000,50000,1,1,1,100002
5,u64,touching,reverse,start,50,7,intersect,100000,50000,50000,events,0,1,10565700,10565700,6291520,18,50000,50000,1,1,1,100002
5,u64,touching,reverse,start,50,7,intersect,100000,50000,50000,fused,1,1,1269100,1269100,2097216,31,50000,50000,1,1,1,100002
5,u64,touching,reverse,start,50,7,intersect,100000,50000,50000,events,1,1,10604100,10604100,6291520,18,50000,50000,1,1,1,100002
5,u64,touching,reverse,start,50,7,intersect,100000,50000,50000,union_scan,1,1,714600,714600,800064,4,50000,50000,1,1,1,100002
5,u64,touching,reverse,start,50,7,intersect,100000,50000,50000,events,2,1,11994800,11994800,6291520,18,50000,50000,1,1,1,100002
5,u64,touching,reverse,start,50,7,intersect,100000,50000,50000,union_scan,2,1,667700,667700,800064,4,50000,50000,1,1,1,100002
5,u64,touching,reverse,start,50,7,intersect,100000,50000,50000,fused,2,1,1414400,1414400,2097216,31,50000,50000,1,1,1,100002
6,i64,disjoint,shuffled,shuffled,50,7,subtract,0,0,0,union_scan,0,128,4100,32,0,0,0,0,0,0,0,0
6,i64,disjoint,shuffled,shuffled,50,7,subtract,0,0,0,fused,0,128,6400,50,0,0,0,0,0,0,0,0
6,i64,disjoint,shuffled,shuffled,50,7,subtract,0,0,0,events,0,128,3900,30,0,0,0,0,0,0,0,0
6,i64,disjoint,shuffled,shuffled,50,7,subtract,0,0,0,fused,1,128,6500,50,0,0,0,0,0,0,0,0
6,i64,disjoint,shuffled,shuffled,50,7,subtract,0,0,0,events,1,128,3800,29,0,0,0,0,0,0,0,0
6,i64,disjoint,shuffled,shuffled,50,7,subtract,0,0,0,union_scan,1,128,4200,32,0,0,0,0,0,0,0,0
6,i64,disjoint,shuffled,shuffled,50,7,subtract,0,0,0,events,2,128,3600,28,0,0,0,0,0,0,0,0
6,i64,disjoint,shuffled,shuffled,50,7,subtract,0,0,0,union_scan,2,128,4300,33,0,0,0,0,0,0,0,0
6,i64,disjoint,shuffled,shuffled,50,7,subtract,0,0,0,fused,2,128,6400,50,0,0,0,0,0,0,0,0
6,i64,disjoint,shuffled,shuffled,50,7,intersect,0,0,0,union_scan,0,128,3100,24,0,0,0,0,0,0,0,0
6,i64,disjoint,shuffled,shuffled,50,7,intersect,0,0,0,fused,0,128,5900,46,0,0,0,0,0,0,0,0
6,i64,disjoint,shuffled,shuffled,50,7,intersect,0,0,0,events,0,128,3700,28,0,0,0,0,0,0,0,0
6,i64,disjoint,shuffled,shuffled,50,7,intersect,0,0,0,fused,1,128,5600,43,0,0,0,0,0,0,0,0
6,i64,disjoint,shuffled,shuffled,50,7,intersect,0,0,0,events,1,128,3700,28,0,0,0,0,0,0,0,0
6,i64,disjoint,shuffled,shuffled,50,7,intersect,0,0,0,union_scan,1,128,2800,21,0,0,0,0,0,0,0,0
6,i64,disjoint,shuffled,shuffled,50,7,intersect,0,0,0,events,2,128,3800,29,0,0,0,0,0,0,0,0
6,i64,disjoint,shuffled,shuffled,50,7,intersect,0,0,0,union_scan,2,128,2800,21,0,0,0,0,0,0,0,0
6,i64,disjoint,shuffled,shuffled,50,7,intersect,0,0,0,fused,2,128,5700,44,0,0,0,0,0,0,0,0
6,u64,disjoint,shuffled,shuffled,50,7,subtract,0,0,0,union_scan,0,128,3900,30,0,0,0,0,0,0,0,0
6,u64,disjoint,shuffled,shuffled,50,7,subtract,0,0,0,fused,0,128,6400,50,0,0,0,0,0,0,0,0
6,u64,disjoint,shuffled,shuffled,50,7,subtract,0,0,0,events,0,128,4000,31,0,0,0,0,0,0,0,0
6,u64,disjoint,shuffled,shuffled,50,7,subtract,0,0,0,fused,1,128,6400,50,0,0,0,0,0,0,0,0
6,u64,disjoint,shuffled,shuffled,50,7,subtract,0,0,0,events,1,128,3900,30,0,0,0,0,0,0,0,0
6,u64,disjoint,shuffled,shuffled,50,7,subtract,0,0,0,union_scan,1,128,4000,31,0,0,0,0,0,0,0,0
6,u64,disjoint,shuffled,shuffled,50,7,subtract,0,0,0,events,2,128,3900,30,0,0,0,0,0,0,0,0
6,u64,disjoint,shuffled,shuffled,50,7,subtract,0,0,0,union_scan,2,128,4000,31,0,0,0,0,0,0,0,0
6,u64,disjoint,shuffled,shuffled,50,7,subtract,0,0,0,fused,2,128,6300,49,0,0,0,0,0,0,0,0
6,u64,disjoint,shuffled,shuffled,50,7,intersect,0,0,0,union_scan,0,128,3000,23,0,0,0,0,0,0,0,0
6,u64,disjoint,shuffled,shuffled,50,7,intersect,0,0,0,fused,0,128,5800,45,0,0,0,0,0,0,0,0
6,u64,disjoint,shuffled,shuffled,50,7,intersect,0,0,0,events,0,128,3700,28,0,0,0,0,0,0,0,0
6,u64,disjoint,shuffled,shuffled,50,7,intersect,0,0,0,fused,1,128,5400,42,0,0,0,0,0,0,0,0
6,u64,disjoint,shuffled,shuffled,50,7,intersect,0,0,0,events,1,128,4000,31,0,0,0,0,0,0,0,0
6,u64,disjoint,shuffled,shuffled,50,7,intersect,0,0,0,union_scan,1,128,2900,22,0,0,0,0,0,0,0,0
6,u64,disjoint,shuffled,shuffled,50,7,intersect,0,0,0,events,2,128,3900,30,0,0,0,0,0,0,0,0
6,u64,disjoint,shuffled,shuffled,50,7,intersect,0,0,0,union_scan,2,128,2900,22,0,0,0,0,0,0,0,0
6,u64,disjoint,shuffled,shuffled,50,7,intersect,0,0,0,fused,2,128,5800,45,0,0,0,0,0,0,0,0
6,i16,disjoint,shuffled,shuffled,50,7,subtract,0,0,0,union_scan,0,128,4300,33,0,0,0,0,0,0,0,0
6,i16,disjoint,shuffled,shuffled,50,7,subtract,0,0,0,fused,0,128,6400,50,0,0,0,0,0,0,0,0
6,i16,disjoint,shuffled,shuffled,50,7,subtract,0,0,0,events,0,128,4300,33,0,0,0,0,0,0,0,0
6,i16,disjoint,shuffled,shuffled,50,7,subtract,0,0,0,fused,1,128,6500,50,0,0,0,0,0,0,0,0
6,i16,disjoint,shuffled,shuffled,50,7,subtract,0,0,0,events,1,128,4300,33,0,0,0,0,0,0,0,0
6,i16,disjoint,shuffled,shuffled,50,7,subtract,0,0,0,union_scan,1,128,3900,30,0,0,0,0,0,0,0,0
6,i16,disjoint,shuffled,shuffled,50,7,subtract,0,0,0,events,2,128,4300,33,0,0,0,0,0,0,0,0
6,i16,disjoint,shuffled,shuffled,50,7,subtract,0,0,0,union_scan,2,128,4000,31,0,0,0,0,0,0,0,0
6,i16,disjoint,shuffled,shuffled,50,7,subtract,0,0,0,fused,2,128,6900,53,0,0,0,0,0,0,0,0
6,i16,disjoint,shuffled,shuffled,50,7,intersect,0,0,0,union_scan,0,128,3000,23,0,0,0,0,0,0,0,0
6,i16,disjoint,shuffled,shuffled,50,7,intersect,0,0,0,fused,0,128,5900,46,0,0,0,0,0,0,0,0
6,i16,disjoint,shuffled,shuffled,50,7,intersect,0,0,0,events,0,128,4100,32,0,0,0,0,0,0,0,0
6,i16,disjoint,shuffled,shuffled,50,7,intersect,0,0,0,fused,1,128,5500,42,0,0,0,0,0,0,0,0
6,i16,disjoint,shuffled,shuffled,50,7,intersect,0,0,0,events,1,128,3700,28,0,0,0,0,0,0,0,0
6,i16,disjoint,shuffled,shuffled,50,7,intersect,0,0,0,union_scan,1,128,2800,21,0,0,0,0,0,0,0,0
6,i16,disjoint,shuffled,shuffled,50,7,intersect,0,0,0,events,2,128,4300,33,0,0,0,0,0,0,0,0
6,i16,disjoint,shuffled,shuffled,50,7,intersect,0,0,0,union_scan,2,128,2900,22,0,0,0,0,0,0,0,0
6,i16,disjoint,shuffled,shuffled,50,7,intersect,0,0,0,fused,2,128,6000,46,0,0,0,0,0,0,0,0
6,i64,disjoint,shuffled,shuffled,50,7,subtract,8,4,4,union_scan,0,128,59400,464,192,5,4,4,4,4,4,16
6,i64,disjoint,shuffled,shuffled,50,7,subtract,8,4,4,fused,0,128,40800,318,192,3,4,4,4,4,4,16
6,i64,disjoint,shuffled,shuffled,50,7,subtract,8,4,4,events,0,128,77900,608,448,4,4,4,4,4,4,16
6,i64,disjoint,shuffled,shuffled,50,7,subtract,8,4,4,fused,1,128,41600,325,192,3,4,4,4,4,4,16
6,i64,disjoint,shuffled,shuffled,50,7,subtract,8,4,4,events,1,128,88200,689,448,4,4,4,4,4,4,16
6,i64,disjoint,shuffled,shuffled,50,7,subtract,8,4,4,union_scan,1,128,61800,482,192,5,4,4,4,4,4,16
6,i64,disjoint,shuffled,shuffled,50,7,subtract,8,4,4,events,2,128,58400,456,448,4,4,4,4,4,4,16
6,i64,disjoint,shuffled,shuffled,50,7,subtract,8,4,4,union_scan,2,128,38100,297,192,5,4,4,4,4,4,16
6,i64,disjoint,shuffled,shuffled,50,7,subtract,8,4,4,fused,2,128,25700,200,192,3,4,4,4,4,4,16
6,i64,disjoint,shuffled,shuffled,50,7,intersect,8,4,4,union_scan,0,128,31700,247,192,4,4,4,4,4,0,16
6,i64,disjoint,shuffled,shuffled,50,7,intersect,8,4,4,fused,0,128,19800,154,128,2,4,4,4,4,0,16
6,i64,disjoint,shuffled,shuffled,50,7,intersect,8,4,4,events,0,128,53800,420,384,3,4,4,4,4,0,16
6,i64,disjoint,shuffled,shuffled,50,7,intersect,8,4,4,fused,1,128,18300,142,128,2,4,4,4,4,0,16
6,i64,disjoint,shuffled,shuffled,50,7,intersect,8,4,4,events,1,128,41800,326,384,3,4,4,4,4,0,16
6,i64,disjoint,shuffled,shuffled,50,7,intersect,8,4,4,union_scan,1,128,32800,256,192,4,4,4,4,4,0,16
6,i64,disjoint,shuffled,shuffled,50,7,intersect,8,4,4,events,2,128,41800,326,384,3,4,4,4,4,0,16
6,i64,disjoint,shuffled,shuffled,50,7,intersect,8,4,4,union_scan,2,128,32100,250,192,4,4,4,4,4,0,16
6,i64,disjoint,shuffled,shuffled,50,7,intersect,8,4,4,fused,2,128,18300,142,128,2,4,4,4,4,0,16
6,u64,disjoint,shuffled,shuffled,50,7,subtract,8,4,4,union_scan,0,128,35900,280,192,5,4,4,4,4,4,16
6,u64,disjoint,shuffled,shuffled,50,7,subtract,8,4,4,fused,0,128,26600,207,192,3,4,4,4,4,4,16
6,u64,disjoint,shuffled,shuffled,50,7,subtract,8,4,4,events,0,128,49800,389,448,4,4,4,4,4,4,16
6,u64,disjoint,shuffled,shuffled,50,7,subtract,8,4,4,fused,1,128,25100,196,192,3,4,4,4,4,4,16
6,u64,disjoint,shuffled,shuffled,50,7,subtract,8,4,4,events,1,128,49800,389,448,4,4,4,4,4,4,16
6,u64,disjoint,shuffled,shuffled,50,7,subtract,8,4,4,union_scan,1,128,35400,276,192,5,4,4,4,4,4,16
6,u64,disjoint,shuffled,shuffled,50,7,subtract,8,4,4,events,2,128,49500,386,448,4,4,4,4,4,4,16
6,u64,disjoint,shuffled,shuffled,50,7,subtract,8,4,4,union_scan,2,128,35100,274,192,5,4,4,4,4,4,16
6,u64,disjoint,shuffled,shuffled,50,7,subtract,8,4,4,fused,2,128,25100,196,192,3,4,4,4,4,4,16
6,u64,disjoint,shuffled,shuffled,50,7,intersect,8,4,4,union_scan,0,128,34900,272,192,4,4,4,4,4,0,16
6,u64,disjoint,shuffled,shuffled,50,7,intersect,8,4,4,fused,0,128,17700,138,128,2,4,4,4,4,0,16
6,u64,disjoint,shuffled,shuffled,50,7,intersect,8,4,4,events,0,128,41500,324,384,3,4,4,4,4,0,16
6,u64,disjoint,shuffled,shuffled,50,7,intersect,8,4,4,fused,1,128,17600,137,128,2,4,4,4,4,0,16
6,u64,disjoint,shuffled,shuffled,50,7,intersect,8,4,4,events,1,128,40700,317,384,3,4,4,4,4,0,16
6,u64,disjoint,shuffled,shuffled,50,7,intersect,8,4,4,union_scan,1,128,34900,272,192,4,4,4,4,4,0,16
6,u64,disjoint,shuffled,shuffled,50,7,intersect,8,4,4,events,2,128,42600,332,384,3,4,4,4,4,0,16
6,u64,disjoint,shuffled,shuffled,50,7,intersect,8,4,4,union_scan,2,128,35000,273,192,4,4,4,4,4,0,16
6,u64,disjoint,shuffled,shuffled,50,7,intersect,8,4,4,fused,2,128,18400,143,128,2,4,4,4,4,0,16
6,i16,disjoint,shuffled,shuffled,50,7,subtract,8,4,4,union_scan,0,128,37600,293,48,5,4,4,4,4,4,16
6,i16,disjoint,shuffled,shuffled,50,7,subtract,8,4,4,fused,0,128,26800,209,48,3,4,4,4,4,4,16
6,i16,disjoint,shuffled,shuffled,50,7,subtract,8,4,4,events,0,128,48700,380,272,4,4,4,4,4,4,16
6,i16,disjoint,shuffled,shuffled,50,7,subtract,8,4,4,fused,1,128,26700,208,48,3,4,4,4,4,4,16
6,i16,disjoint,shuffled,shuffled,50,7,subtract,8,4,4,events,1,128,47600,371,272,4,4,4,4,4,4,16
6,i16,disjoint,shuffled,shuffled,50,7,subtract,8,4,4,union_scan,1,128,37700,294,48,5,4,4,4,4,4,16
6,i16,disjoint,shuffled,shuffled,50,7,subtract,8,4,4,events,2,128,45100,352,272,4,4,4,4,4,4,16
6,i16,disjoint,shuffled,shuffled,50,7,subtract,8,4,4,union_scan,2,128,37500,292,48,5,4,4,4,4,4,16
6,i16,disjoint,shuffled,shuffled,50,7,subtract,8,4,4,fused,2,128,26700,208,48,3,4,4,4,4,4,16
6,i16,disjoint,shuffled,shuffled,50,7,intersect,8,4,4,union_scan,0,128,33600,262,48,4,4,4,4,4,0,16
6,i16,disjoint,shuffled,shuffled,50,7,intersect,8,4,4,fused,0,128,22300,174,32,2,4,4,4,4,0,16
6,i16,disjoint,shuffled,shuffled,50,7,intersect,8,4,4,events,0,128,40800,318,256,3,4,4,4,4,0,16
6,i16,disjoint,shuffled,shuffled,50,7,intersect,8,4,4,fused,1,128,21600,168,32,2,4,4,4,4,0,16
6,i16,disjoint,shuffled,shuffled,50,7,intersect,8,4,4,events,1,128,40600,317,256,3,4,4,4,4,0,16
6,i16,disjoint,shuffled,shuffled,50,7,intersect,8,4,4,union_scan,1,128,34400,268,48,4,4,4,4,4,0,16
6,i16,disjoint,shuffled,shuffled,50,7,intersect,8,4,4,events,2,128,40700,317,256,3,4,4,4,4,0,16
6,i16,disjoint,shuffled,shuffled,50,7,intersect,8,4,4,union_scan,2,128,34100,266,48,4,4,4,4,4,0,16
6,i16,disjoint,shuffled,shuffled,50,7,intersect,8,4,4,fused,2,128,21700,169,32,2,4,4,4,4,0,16
6,i64,disjoint,shuffled,shuffled,50,7,subtract,1000,500,500,union_scan,0,4,61900,15475,24576,26,500,500,500,500,500,2000
6,i64,disjoint,shuffled,shuffled,50,7,subtract,1000,500,500,fused,0,4,59700,14925,24576,24,500,500,500,500,500,2000
6,i64,disjoint,shuffled,shuffled,50,7,subtract,1000,500,500,events,0,4,181300,45325,57344,18,500,500,500,500,500,2000
6,i64,disjoint,shuffled,shuffled,50,7,subtract,1000,500,500,fused,1,4,60700,15175,24576,24,500,500,500,500,500,2000
6,i64,disjoint,shuffled,shuffled,50,7,subtract,1000,500,500,events,1,4,172700,43175,57344,18,500,500,500,500,500,2000
6,i64,disjoint,shuffled,shuffled,50,7,subtract,1000,500,500,union_scan,1,4,60700,15175,24576,26,500,500,500,500,500,2000
6,i64,disjoint,shuffled,shuffled,50,7,subtract,1000,500,500,events,2,4,171200,42800,57344,18,500,500,500,500,500,2000
6,i64,disjoint,shuffled,shuffled,50,7,subtract,1000,500,500,union_scan,2,4,60900,15225,24576,26,500,500,500,500,500,2000
6,i64,disjoint,shuffled,shuffled,50,7,subtract,1000,500,500,fused,2,4,59200,14800,24576,24,500,500,500,500,500,2000
6,i64,disjoint,shuffled,shuffled,50,7,intersect,1000,500,500,union_scan,0,4,63900,15975,24384,18,500,500,500,500,0,2000
6,i64,disjoint,shuffled,shuffled,50,7,intersect,1000,500,500,fused,0,4,53200,13300,16384,16,500,500,500,500,0,2000
6,i64,disjoint,shuffled,shuffled,50,7,intersect,1000,500,500,events,0,4,169600,42400,49152,10,500,500,500,500,0,2000
6,i64,disjoint,shuffled,shuffled,50,7,intersect,1000,500,500,fused,1,4,53800,13450,16384,16,500,500,500,500,0,2000
6,i64,disjoint,shuffled,shuffled,50,7,intersect,1000,500,500,events,1,4,169400,42350,49152,10,500,500,500,500,0,2000
6,i64,disjoint,shuffled,shuffled,50,7,intersect,1000,500,500,union_scan,1,4,64600,16150,24384,18,500,500,500,500,0,2000
6,i64,disjoint,shuffled,shuffled,50,7,intersect,1000,500,500,events,2,4,166900,41725,49152,10,500,500,500,500,0,2000
6,i64,disjoint,shuffled,shuffled,50,7,intersect,1000,500,500,union_scan,2,4,71500,17875,24384,18,500,500,500,500,0,2000
6,i64,disjoint,shuffled,shuffled,50,7,intersect,1000,500,500,fused,2,4,53500,13375,16384,16,500,500,500,500,0,2000
6,u64,disjoint,shuffled,shuffled,50,7,subtract,1000,500,500,union_scan,0,4,58500,14625,24576,26,500,500,500,500,500,2000
6,u64,disjoint,shuffled,shuffled,50,7,subtract,1000,500,500,fused,0,4,58800,14700,24576,24,500,500,500,500,500,2000
6,u64,disjoint,shuffled,shuffled,50,7,subtract,1000,500,500,events,0,4,184500,46125,57344,18,500,500,500,500,500,2000
6,u64,disjoint,shuffled,shuffled,50,7,subtract,1000,500,500,fused,1,4,60200,15050,24576,24,500,500,500,500,500,2000
6,u64,disjoint,shuffled,shuffled,50,7,subtract,1000,500,500,events,1,4,171200,42800,57344,18,500,500,500,500,500,2000
6,u64,disjoint,shuffled,shuffled,50,7,subtract,1000,500,500,union_scan,1,4,58000,14500,24576,26,500,500,500,500,500,2000
6,u64,disjoint,shuffled,shuffled,50,7,subtract,1000,500,500,events,2,4,169300,42325,57344,18,500,500,500,500,500,2000
6,u64,disjoint,shuffled,shuffled,50,7,subtract,1000,500,500,union_scan,2,4,57400,14350,24576,26,500,500,500,500,500,2000
6,u64,disjoint,shuffled,shuffled,50,7,subtract,1000,500,500,fused,2,4,58700,14675,24576,24,500,500,500,500,500,2000
6,u64,disjoint,shuffled,shuffled,50,7,intersect,1000,500,500,union_scan,0,4,61300,15325,24384,18,500,500,500,500,0,2000
6,u64,disjoint,shuffled,shuffled,50,7,intersect,1000,500,500,fused,0,4,51500,12875,16384,16,500,500,500,500,0,2000
6,u64,disjoint,shuffled,shuffled,50,7,intersect,1000,500,500,events,0,4,172400,43100,49152,10,500,500,500,500,0,2000
6,u64,disjoint,shuffled,shuffled,50,7,intersect,1000,500,500,fused,1,4,52100,13025,16384,16,500,500,500,500,0,2000
6,u64,disjoint,shuffled,shuffled,50,7,intersect,1000,500,500,events,1,4,162500,40625,49152,10,500,500,500,500,0,2000
6,u64,disjoint,shuffled,shuffled,50,7,intersect,1000,500,500,union_scan,1,4,61700,15425,24384,18,500,500,500,500,0,2000
6,u64,disjoint,shuffled,shuffled,50,7,intersect,1000,500,500,events,2,4,166800,41700,49152,10,500,500,500,500,0,2000
6,u64,disjoint,shuffled,shuffled,50,7,intersect,1000,500,500,union_scan,2,4,61700,15425,24384,18,500,500,500,500,0,2000
6,u64,disjoint,shuffled,shuffled,50,7,intersect,1000,500,500,fused,2,4,51700,12925,16384,16,500,500,500,500,0,2000
6,i16,disjoint,shuffled,shuffled,50,7,subtract,1000,500,500,union_scan,0,4,57000,14250,6144,26,500,500,500,500,500,2000
6,i16,disjoint,shuffled,shuffled,50,7,subtract,1000,500,500,fused,0,4,60300,15075,6144,24,500,500,500,500,500,2000
6,i16,disjoint,shuffled,shuffled,50,7,subtract,1000,500,500,events,0,4,143000,35750,34816,18,500,500,500,500,500,2000
6,i16,disjoint,shuffled,shuffled,50,7,subtract,1000,500,500,fused,1,4,60900,15225,6144,24,500,500,500,500,500,2000
6,i16,disjoint,shuffled,shuffled,50,7,subtract,1000,500,500,events,1,4,135300,33825,34816,18,500,500,500,500,500,2000
6,i16,disjoint,shuffled,shuffled,50,7,subtract,1000,500,500,union_scan,1,4,56900,14225,6144,26,500,500,500,500,500,2000
6,i16,disjoint,shuffled,shuffled,50,7,subtract,1000,500,500,events,2,4,134000,33500,34816,18,500,500,500,500,500,2000
6,i16,disjoint,shuffled,shuffled,50,7,subtract,1000,500,500,union_scan,2,4,56600,14150,6144,26,500,500,500,500,500,2000
6,i16,disjoint,shuffled,shuffled,50,7,subtract,1000,500,500,fused,2,4,60100,15025,6144,24,500,500,500,500,500,2000
6,i16,disjoint,shuffled,shuffled,50,7,intersect,1000,500,500,union_scan,0,4,63000,15750,6096,18,500,500,500,500,0,2000
6,i16,disjoint,shuffled,shuffled,50,7,intersect,1000,500,500,fused,0,4,59000,14750,4096,16,500,500,500,500,0,2000
6,i16,disjoint,shuffled,shuffled,50,7,intersect,1000,500,500,events,0,4,135000,33750,32768,10,500,500,500,500,0,2000
6,i16,disjoint,shuffled,shuffled,50,7,intersect,1000,500,500,fused,1,4,58500,14625,4096,16,500,500,500,500,0,2000
6,i16,disjoint,shuffled,shuffled,50,7,intersect,1000,500,500,events,1,4,129300,32325,32768,10,500,500,500,500,0,2000
6,i16,disjoint,shuffled,shuffled,50,7,intersect,1000,500,500,union_scan,1,4,63600,15900,6096,18,500,500,500,500,0,2000
6,i16,disjoint,shuffled,shuffled,50,7,intersect,1000,500,500,events,2,4,139900,34975,32768,10,500,500,500,500,0,2000
6,i16,disjoint,shuffled,shuffled,50,7,intersect,1000,500,500,union_scan,2,4,67800,16950,6096,18,500,500,500,500,0,2000
6,i16,disjoint,shuffled,shuffled,50,7,intersect,1000,500,500,fused,2,4,60400,15100,4096,16,500,500,500,500,0,2000
6,i64,disjoint,shuffled,shuffled,50,7,subtract,10000,5000,5000,union_scan,0,1,347700,347700,393216,38,5000,5000,5000,5000,5000,20000
6,i64,disjoint,shuffled,shuffled,50,7,subtract,10000,5000,5000,fused,0,1,329900,329900,393216,36,5000,5000,5000,5000,5000,20000
6,i64,disjoint,shuffled,shuffled,50,7,subtract,10000,5000,5000,events,0,1,781400,781400,917504,26,5000,5000,5000,5000,5000,20000
6,i64,disjoint,shuffled,shuffled,50,7,subtract,10000,5000,5000,fused,1,1,364700,364700,393216,36,5000,5000,5000,5000,5000,20000
6,i64,disjoint,shuffled,shuffled,50,7,subtract,10000,5000,5000,events,1,1,772700,772700,917504,26,5000,5000,5000,5000,5000,20000
6,i64,disjoint,shuffled,shuffled,50,7,subtract,10000,5000,5000,union_scan,1,1,379800,379800,393216,38,5000,5000,5000,5000,5000,20000
6,i64,disjoint,shuffled,shuffled,50,7,subtract,10000,5000,5000,events,2,1,846000,846000,917504,26,5000,5000,5000,5000,5000,20000
6,i64,disjoint,shuffled,shuffled,50,7,subtract,10000,5000,5000,union_scan,2,1,366800,366800,393216,38,5000,5000,5000,5000,5000,20000
6,i64,disjoint,shuffled,shuffled,50,7,subtract,10000,5000,5000,fused,2,1,333100,333100,393216,36,5000,5000,5000,5000,5000,20000
6,i64,disjoint,shuffled,shuffled,50,7,intersect,10000,5000,5000,union_scan,0,1,373100,373100,342144,26,5000,5000,5000,5000,0,20000
6,i64,disjoint,shuffled,shuffled,50,7,intersect,10000,5000,5000,fused,0,1,286900,286900,262144,24,5000,5000,5000,5000,0,20000
6,i64,disjoint,shuffled,shuffled,50,7,intersect,10000,5000,5000,events,0,1,773700,773700,786432,14,5000,5000,5000,5000,0,20000
6,i64,disjoint,shuffled,shuffled,50,7,intersect,10000,5000,5000,fused,1,1,211900,211900,262144,24,5000,5000,5000,5000,0,20000
6,i64,disjoint,shuffled,shuffled,50,7,intersect,10000,5000,5000,events,1,1,640600,640600,786432,14,5000,5000,5000,5000,0,20000
6,i64,disjoint,shuffled,shuffled,50,7,intersect,10000,5000,5000,union_scan,1,1,332500,332500,342144,26,5000,5000,5000,5000,0,20000
6,i64,disjoint,shuffled,shuffled,50,7,intersect,10000,5000,5000,events,2,1,790600,790600,786432,14,5000,5000,5000,5000,0,20000
6,i64,disjoint,shuffled,shuffled,50,7,intersect,10000,5000,5000,union_scan,2,1,332900,332900,342144,26,5000,5000,5000,5000,0,20000
6,i64,disjoint,shuffled,shuffled,50,7,intersect,10000,5000,5000,fused,2,1,252600,252600,262144,24,5000,5000,5000,5000,0,20000
6,u64,disjoint,shuffled,shuffled,50,7,subtract,10000,5000,5000,union_scan,0,1,395200,395200,393216,38,5000,5000,5000,5000,5000,20000
6,u64,disjoint,shuffled,shuffled,50,7,subtract,10000,5000,5000,fused,0,1,318900,318900,393216,36,5000,5000,5000,5000,5000,20000
6,u64,disjoint,shuffled,shuffled,50,7,subtract,10000,5000,5000,events,0,1,921700,921700,917504,26,5000,5000,5000,5000,5000,20000
6,u64,disjoint,shuffled,shuffled,50,7,subtract,10000,5000,5000,fused,1,1,413600,413600,393216,36,5000,5000,5000,5000,5000,20000
6,u64,disjoint,shuffled,shuffled,50,7,subtract,10000,5000,5000,events,1,1,1077500,1077500,917504,26,5000,5000,5000,5000,5000,20000
6,u64,disjoint,shuffled,shuffled,50,7,subtract,10000,5000,5000,union_scan,1,1,321500,321500,393216,38,5000,5000,5000,5000,5000,20000
6,u64,disjoint,shuffled,shuffled,50,7,subtract,10000,5000,5000,events,2,1,870100,870100,917504,26,5000,5000,5000,5000,5000,20000
6,u64,disjoint,shuffled,shuffled,50,7,subtract,10000,5000,5000,union_scan,2,1,361300,361300,393216,38,5000,5000,5000,5000,5000,20000
6,u64,disjoint,shuffled,shuffled,50,7,subtract,10000,5000,5000,fused,2,1,302700,302700,393216,36,5000,5000,5000,5000,5000,20000
6,u64,disjoint,shuffled,shuffled,50,7,intersect,10000,5000,5000,union_scan,0,1,305700,305700,342144,26,5000,5000,5000,5000,0,20000
6,u64,disjoint,shuffled,shuffled,50,7,intersect,10000,5000,5000,fused,0,1,269900,269900,262144,24,5000,5000,5000,5000,0,20000
6,u64,disjoint,shuffled,shuffled,50,7,intersect,10000,5000,5000,events,0,1,727900,727900,786432,14,5000,5000,5000,5000,0,20000
6,u64,disjoint,shuffled,shuffled,50,7,intersect,10000,5000,5000,fused,1,1,269700,269700,262144,24,5000,5000,5000,5000,0,20000
6,u64,disjoint,shuffled,shuffled,50,7,intersect,10000,5000,5000,events,1,1,735400,735400,786432,14,5000,5000,5000,5000,0,20000
6,u64,disjoint,shuffled,shuffled,50,7,intersect,10000,5000,5000,union_scan,1,1,304300,304300,342144,26,5000,5000,5000,5000,0,20000
6,u64,disjoint,shuffled,shuffled,50,7,intersect,10000,5000,5000,events,2,1,722500,722500,786432,14,5000,5000,5000,5000,0,20000
6,u64,disjoint,shuffled,shuffled,50,7,intersect,10000,5000,5000,union_scan,2,1,304200,304200,342144,26,5000,5000,5000,5000,0,20000
6,u64,disjoint,shuffled,shuffled,50,7,intersect,10000,5000,5000,fused,2,1,270800,270800,262144,24,5000,5000,5000,5000,0,20000
6,i64,disjoint,shuffled,shuffled,50,7,subtract,100000,50000,50000,union_scan,0,1,3774100,3774100,3145728,47,50000,50000,50000,50000,50000,200000
6,i64,disjoint,shuffled,shuffled,50,7,subtract,100000,50000,50000,fused,0,1,3346300,3346300,3145728,45,50000,50000,50000,50000,50000,200000
6,i64,disjoint,shuffled,shuffled,50,7,subtract,100000,50000,50000,events,0,1,9694700,9694700,7340032,32,50000,50000,50000,50000,50000,200000
6,i64,disjoint,shuffled,shuffled,50,7,subtract,100000,50000,50000,fused,1,1,4392200,4392200,3145728,45,50000,50000,50000,50000,50000,200000
6,i64,disjoint,shuffled,shuffled,50,7,subtract,100000,50000,50000,events,1,1,11462600,11462600,7340032,32,50000,50000,50000,50000,50000,200000
6,i64,disjoint,shuffled,shuffled,50,7,subtract,100000,50000,50000,union_scan,1,1,3301300,3301300,3145728,47,50000,50000,50000,50000,50000,200000
6,i64,disjoint,shuffled,shuffled,50,7,subtract,100000,50000,50000,events,2,1,9596300,9596300,7340032,32,50000,50000,50000,50000,50000,200000
6,i64,disjoint,shuffled,shuffled,50,7,subtract,100000,50000,50000,union_scan,2,1,3611400,3611400,3145728,47,50000,50000,50000,50000,50000,200000
6,i64,disjoint,shuffled,shuffled,50,7,subtract,100000,50000,50000,fused,2,1,3149800,3149800,3145728,45,50000,50000,50000,50000,50000,200000
6,i64,disjoint,shuffled,shuffled,50,7,intersect,100000,50000,50000,union_scan,0,1,3306100,3306100,2897152,32,50000,50000,50000,50000,0,200000
6,i64,disjoint,shuffled,shuffled,50,7,intersect,100000,50000,50000,fused,0,1,2944700,2944700,2097152,30,50000,50000,50000,50000,0,200000
6,i64,disjoint,shuffled,shuffled,50,7,intersect,100000,50000,50000,events,0,1,9311500,9311500,6291456,17,50000,50000,50000,50000,0,200000
6,i64,disjoint,shuffled,shuffled,50,7,intersect,100000,50000,50000,fused,1,1,3237400,3237400,2097152,30,50000,50000,50000,50000,0,200000
6,i64,disjoint,shuffled,shuffled,50,7,intersect,100000,50000,50000,events,1,1,9381600,9381600,6291456,17,50000,50000,50000,50000,0,200000
6,i64,disjoint,shuffled,shuffled,50,7,intersect,100000,50000,50000,union_scan,1,1,3563200,3563200,2897152,32,50000,50000,50000,50000,0,200000
6,i64,disjoint,shuffled,shuffled,50,7,intersect,100000,50000,50000,events,2,1,9252700,9252700,6291456,17,50000,50000,50000,50000,0,200000
6,i64,disjoint,shuffled,shuffled,50,7,intersect,100000,50000,50000,union_scan,2,1,3733300,3733300,2897152,32,50000,50000,50000,50000,0,200000
6,i64,disjoint,shuffled,shuffled,50,7,intersect,100000,50000,50000,fused,2,1,2765700,2765700,2097152,30,50000,50000,50000,50000,0,200000
6,u64,disjoint,shuffled,shuffled,50,7,subtract,100000,50000,50000,union_scan,0,1,3768000,3768000,3145728,47,50000,50000,50000,50000,50000,200000
6,u64,disjoint,shuffled,shuffled,50,7,subtract,100000,50000,50000,fused,0,1,3016100,3016100,3145728,45,50000,50000,50000,50000,50000,200000
6,u64,disjoint,shuffled,shuffled,50,7,subtract,100000,50000,50000,events,0,1,9331100,9331100,7340032,32,50000,50000,50000,50000,50000,200000
6,u64,disjoint,shuffled,shuffled,50,7,subtract,100000,50000,50000,fused,1,1,3207200,3207200,3145728,45,50000,50000,50000,50000,50000,200000
6,u64,disjoint,shuffled,shuffled,50,7,subtract,100000,50000,50000,events,1,1,9247600,9247600,7340032,32,50000,50000,50000,50000,50000,200000
6,u64,disjoint,shuffled,shuffled,50,7,subtract,100000,50000,50000,union_scan,1,1,3810100,3810100,3145728,47,50000,50000,50000,50000,50000,200000
6,u64,disjoint,shuffled,shuffled,50,7,subtract,100000,50000,50000,events,2,1,9555300,9555300,7340032,32,50000,50000,50000,50000,50000,200000
6,u64,disjoint,shuffled,shuffled,50,7,subtract,100000,50000,50000,union_scan,2,1,3699200,3699200,3145728,47,50000,50000,50000,50000,50000,200000
6,u64,disjoint,shuffled,shuffled,50,7,subtract,100000,50000,50000,fused,2,1,2943100,2943100,3145728,45,50000,50000,50000,50000,50000,200000
6,u64,disjoint,shuffled,shuffled,50,7,intersect,100000,50000,50000,union_scan,0,1,5337600,5337600,2897152,32,50000,50000,50000,50000,0,200000
6,u64,disjoint,shuffled,shuffled,50,7,intersect,100000,50000,50000,fused,0,1,4813300,4813300,2097152,30,50000,50000,50000,50000,0,200000
6,u64,disjoint,shuffled,shuffled,50,7,intersect,100000,50000,50000,events,0,1,14185800,14185800,6291456,17,50000,50000,50000,50000,0,200000
6,u64,disjoint,shuffled,shuffled,50,7,intersect,100000,50000,50000,fused,1,1,4328600,4328600,2097152,30,50000,50000,50000,50000,0,200000
6,u64,disjoint,shuffled,shuffled,50,7,intersect,100000,50000,50000,events,1,1,13551200,13551200,6291456,17,50000,50000,50000,50000,0,200000
6,u64,disjoint,shuffled,shuffled,50,7,intersect,100000,50000,50000,union_scan,1,1,4827000,4827000,2897152,32,50000,50000,50000,50000,0,200000
6,u64,disjoint,shuffled,shuffled,50,7,intersect,100000,50000,50000,events,2,1,13801600,13801600,6291456,17,50000,50000,50000,50000,0,200000
6,u64,disjoint,shuffled,shuffled,50,7,intersect,100000,50000,50000,union_scan,2,1,5903000,5903000,2897152,32,50000,50000,50000,50000,0,200000
6,u64,disjoint,shuffled,shuffled,50,7,intersect,100000,50000,50000,fused,2,1,4397500,4397500,2097152,30,50000,50000,50000,50000,0,200000
7,i64,availability,partial,reverse,99,7,subtract,0,0,0,union_scan,0,128,3700,28,0,0,0,0,0,0,0,0
7,i64,availability,partial,reverse,99,7,subtract,0,0,0,fused,0,128,6000,46,0,0,0,0,0,0,0,0
7,i64,availability,partial,reverse,99,7,subtract,0,0,0,events,0,128,3600,28,0,0,0,0,0,0,0,0
7,i64,availability,partial,reverse,99,7,subtract,0,0,0,fused,1,128,5900,46,0,0,0,0,0,0,0,0
7,i64,availability,partial,reverse,99,7,subtract,0,0,0,events,1,128,3600,28,0,0,0,0,0,0,0,0
7,i64,availability,partial,reverse,99,7,subtract,0,0,0,union_scan,1,128,3600,28,0,0,0,0,0,0,0,0
7,i64,availability,partial,reverse,99,7,subtract,0,0,0,events,2,128,28100,219,0,0,0,0,0,0,0,0
7,i64,availability,partial,reverse,99,7,subtract,0,0,0,union_scan,2,128,3800,29,0,0,0,0,0,0,0,0
7,i64,availability,partial,reverse,99,7,subtract,0,0,0,fused,2,128,5900,46,0,0,0,0,0,0,0,0
7,i64,availability,partial,reverse,99,7,intersect,0,0,0,union_scan,0,128,2600,20,0,0,0,0,0,0,0,0
7,i64,availability,partial,reverse,99,7,intersect,0,0,0,fused,0,128,5400,42,0,0,0,0,0,0,0,0
7,i64,availability,partial,reverse,99,7,intersect,0,0,0,events,0,128,3200,25,0,0,0,0,0,0,0,0
7,i64,availability,partial,reverse,99,7,intersect,0,0,0,fused,1,128,5200,40,0,0,0,0,0,0,0,0
7,i64,availability,partial,reverse,99,7,intersect,0,0,0,events,1,128,3800,29,0,0,0,0,0,0,0,0
7,i64,availability,partial,reverse,99,7,intersect,0,0,0,union_scan,1,128,2500,19,0,0,0,0,0,0,0,0
7,i64,availability,partial,reverse,99,7,intersect,0,0,0,events,2,128,3500,27,0,0,0,0,0,0,0,0
7,i64,availability,partial,reverse,99,7,intersect,0,0,0,union_scan,2,128,2500,19,0,0,0,0,0,0,0,0
7,i64,availability,partial,reverse,99,7,intersect,0,0,0,fused,2,128,5400,42,0,0,0,0,0,0,0,0
7,u64,availability,partial,reverse,99,7,subtract,0,0,0,union_scan,0,128,3700,28,0,0,0,0,0,0,0,0
7,u64,availability,partial,reverse,99,7,subtract,0,0,0,fused,0,128,5700,44,0,0,0,0,0,0,0,0
7,u64,availability,partial,reverse,99,7,subtract,0,0,0,events,0,128,3800,29,0,0,0,0,0,0,0,0
7,u64,availability,partial,reverse,99,7,subtract,0,0,0,fused,1,128,5700,44,0,0,0,0,0,0,0,0
7,u64,availability,partial,reverse,99,7,subtract,0,0,0,events,1,128,16400,128,0,0,0,0,0,0,0,0
7,u64,availability,partial,reverse,99,7,subtract,0,0,0,union_scan,1,128,4400,34,0,0,0,0,0,0,0,0
7,u64,availability,partial,reverse,99,7,subtract,0,0,0,events,2,128,3900,30,0,0,0,0,0,0,0,0
7,u64,availability,partial,reverse,99,7,subtract,0,0,0,union_scan,2,128,4100,32,0,0,0,0,0,0,0,0
7,u64,availability,partial,reverse,99,7,subtract,0,0,0,fused,2,128,6700,52,0,0,0,0,0,0,0,0
7,u64,availability,partial,reverse,99,7,intersect,0,0,0,union_scan,0,128,3300,25,0,0,0,0,0,0,0,0
7,u64,availability,partial,reverse,99,7,intersect,0,0,0,fused,0,128,5800,45,0,0,0,0,0,0,0,0
7,u64,availability,partial,reverse,99,7,intersect,0,0,0,events,0,128,3600,28,0,0,0,0,0,0,0,0
7,u64,availability,partial,reverse,99,7,intersect,0,0,0,fused,1,128,5100,39,0,0,0,0,0,0,0,0
7,u64,availability,partial,reverse,99,7,intersect,0,0,0,events,1,128,3500,27,0,0,0,0,0,0,0,0
7,u64,availability,partial,reverse,99,7,intersect,0,0,0,union_scan,1,128,2700,21,0,0,0,0,0,0,0,0
7,u64,availability,partial,reverse,99,7,intersect,0,0,0,events,2,128,3700,28,0,0,0,0,0,0,0,0
7,u64,availability,partial,reverse,99,7,intersect,0,0,0,union_scan,2,128,2800,21,0,0,0,0,0,0,0,0
7,u64,availability,partial,reverse,99,7,intersect,0,0,0,fused,2,128,5300,41,0,0,0,0,0,0,0,0
7,i16,availability,partial,reverse,99,7,subtract,0,0,0,union_scan,0,128,3700,28,0,0,0,0,0,0,0,0
7,i16,availability,partial,reverse,99,7,subtract,0,0,0,fused,0,128,6100,47,0,0,0,0,0,0,0,0
7,i16,availability,partial,reverse,99,7,subtract,0,0,0,events,0,128,4100,32,0,0,0,0,0,0,0,0
7,i16,availability,partial,reverse,99,7,subtract,0,0,0,fused,1,128,6500,50,0,0,0,0,0,0,0,0
7,i16,availability,partial,reverse,99,7,subtract,0,0,0,events,1,128,3900,30,0,0,0,0,0,0,0,0
7,i16,availability,partial,reverse,99,7,subtract,0,0,0,union_scan,1,128,3400,26,0,0,0,0,0,0,0,0
7,i16,availability,partial,reverse,99,7,subtract,0,0,0,events,2,128,3600,28,0,0,0,0,0,0,0,0
7,i16,availability,partial,reverse,99,7,subtract,0,0,0,union_scan,2,128,3700,28,0,0,0,0,0,0,0,0
7,i16,availability,partial,reverse,99,7,subtract,0,0,0,fused,2,128,5800,45,0,0,0,0,0,0,0,0
7,i16,availability,partial,reverse,99,7,intersect,0,0,0,union_scan,0,128,2500,19,0,0,0,0,0,0,0,0
7,i16,availability,partial,reverse,99,7,intersect,0,0,0,fused,0,128,5300,41,0,0,0,0,0,0,0,0
7,i16,availability,partial,reverse,99,7,intersect,0,0,0,events,0,128,17100,133,0,0,0,0,0,0,0,0
7,i16,availability,partial,reverse,99,7,intersect,0,0,0,fused,1,128,5800,45,0,0,0,0,0,0,0,0
7,i16,availability,partial,reverse,99,7,intersect,0,0,0,events,1,128,3700,28,0,0,0,0,0,0,0,0
7,i16,availability,partial,reverse,99,7,intersect,0,0,0,union_scan,1,128,2800,21,0,0,0,0,0,0,0,0
7,i16,availability,partial,reverse,99,7,intersect,0,0,0,events,2,128,3700,28,0,0,0,0,0,0,0,0
7,i16,availability,partial,reverse,99,7,intersect,0,0,0,union_scan,2,128,2500,19,0,0,0,0,0,0,0,0
7,i16,availability,partial,reverse,99,7,intersect,0,0,0,fused,2,128,5300,41,0,0,0,0,0,0,0,0
7,i64,availability,partial,reverse,99,7,subtract,8,0,8,union_scan,0,128,4300,33,0,0,0,8,0,8,0,16
7,i64,availability,partial,reverse,99,7,subtract,8,0,8,fused,0,128,38400,300,128,2,0,8,0,8,0,16
7,i64,availability,partial,reverse,99,7,subtract,8,0,8,events,0,128,76500,597,384,3,0,8,0,8,0,16
7,i64,availability,partial,reverse,99,7,subtract,8,0,8,fused,1,128,34800,271,128,2,0,8,0,8,0,16
7,i64,availability,partial,reverse,99,7,subtract,8,0,8,events,1,128,130000,1015,384,3,0,8,0,8,0,16
7,i64,availability,partial,reverse,99,7,subtract,8,0,8,union_scan,1,128,4200,32,0,0,0,8,0,8,0,16
7,i64,availability,partial,reverse,99,7,subtract,8,0,8,events,2,128,65000,507,384,3,0,8,0,8,0,16
7,i64,availability,partial,reverse,99,7,subtract,8,0,8,union_scan,2,128,4000,31,0,0,0,8,0,8,0,16
7,i64,availability,partial,reverse,99,7,subtract,8,0,8,fused,2,128,53600,418,128,2,0,8,0,8,0,16
7,i64,availability,partial,reverse,99,7,intersect,8,0,8,union_scan,0,128,3100,24,0,0,0,8,0,8,0,16
7,i64,availability,partial,reverse,99,7,intersect,8,0,8,fused,0,128,30700,239,128,2,0,8,0,8,0,16
7,i64,availability,partial,reverse,99,7,intersect,8,0,8,events,0,128,137800,1076,384,3,0,8,0,8,0,16
7,i64,availability,partial,reverse,99,7,intersect,8,0,8,fused,1,128,36600,285,128,2,0,8,0,8,0,16
7,i64,availability,partial,reverse,99,7,intersect,8,0,8,events,1,128,69800,545,384,3,0,8,0,8,0,16
7,i64,availability,partial,reverse,99,7,intersect,8,0,8,union_scan,1,128,4000,31,0,0,0,8,0,8,0,16
7,i64,availability,partial,reverse,99,7,intersect,8,0,8,events,2,128,131300,1025,384,3,0,8,0,8,0,16
7,i64,availability,partial,reverse,99,7,intersect,8,0,8,union_scan,2,128,3300,25,0,0,0,8,0,8,0,16
7,i64,availability,partial,reverse,99,7,intersect,8,0,8,fused,2,128,37700,294,128,2,0,8,0,8,0,16
7,u64,availability,partial,reverse,99,7,subtract,8,0,8,union_scan,0,128,4100,32,0,0,0,8,0,8,0,16
7,u64,availability,partial,reverse,99,7,subtract,8,0,8,fused,0,128,31800,248,128,2,0,8,0,8,0,16
7,u64,availability,partial,reverse,99,7,subtract,8,0,8,events,0,128,69200,540,384,3,0,8,0,8,0,16
7,u64,availability,partial,reverse,99,7,subtract,8,0,8,fused,1,128,33600,262,128,2,0,8,0,8,0,16
7,u64,availability,partial,reverse,99,7,subtract,8,0,8,events,1,128,72600,567,384,3,0,8,0,8,0,16
7,u64,availability,partial,reverse,99,7,subtract,8,0,8,union_scan,1,128,4400,34,0,0,0,8,0,8,0,16
7,u64,availability,partial,reverse,99,7,subtract,8,0,8,events,2,128,75900,592,384,3,0,8,0,8,0,16
7,u64,availability,partial,reverse,99,7,subtract,8,0,8,union_scan,2,128,4700,36,0,0,0,8,0,8,0,16
7,u64,availability,partial,reverse,99,7,subtract,8,0,8,fused,2,128,36100,282,128,2,0,8,0,8,0,16
7,u64,availability,partial,reverse,99,7,intersect,8,0,8,union_scan,0,128,3600,28,0,0,0,8,0,8,0,16
7,u64,availability,partial,reverse,99,7,intersect,8,0,8,fused,0,128,103400,807,128,2,0,8,0,8,0,16
7,u64,availability,partial,reverse,99,7,intersect,8,0,8,events,0,128,68900,538,384,3,0,8,0,8,0,16
7,u64,availability,partial,reverse,99,7,intersect,8,0,8,fused,1,128,31700,247,128,2,0,8,0,8,0,16
7,u64,availability,partial,reverse,99,7,intersect,8,0,8,events,1,128,75800,592,384,3,0,8,0,8,0,16
7,u64,availability,partial,reverse,99,7,intersect,8,0,8,union_scan,1,128,16700,130,0,0,0,8,0,8,0,16
7,u64,availability,partial,reverse,99,7,intersect,8,0,8,events,2,128,95300,744,384,3,0,8,0,8,0,16
7,u64,availability,partial,reverse,99,7,intersect,8,0,8,union_scan,2,128,3300,25,0,0,0,8,0,8,0,16
7,u64,availability,partial,reverse,99,7,intersect,8,0,8,fused,2,128,34700,271,128,2,0,8,0,8,0,16
7,i16,availability,partial,reverse,99,7,subtract,8,0,8,union_scan,0,128,3300,25,0,0,0,8,0,8,0,16
7,i16,availability,partial,reverse,99,7,subtract,8,0,8,fused,0,128,27600,215,32,2,0,8,0,8,0,16
7,i16,availability,partial,reverse,99,7,subtract,8,0,8,events,0,128,55600,434,256,3,0,8,0,8,0,16
7,i16,availability,partial,reverse,99,7,subtract,8,0,8,fused,1,128,21400,167,32,2,0,8,0,8,0,16
7,i16,availability,partial,reverse,99,7,subtract,8,0,8,events,1,128,51000,398,256,3,0,8,0,8,0,16
7,i16,availability,partial,reverse,99,7,subtract,8,0,8,union_scan,1,128,4000,31,0,0,0,8,0,8,0,16
7,i16,availability,partial,reverse,99,7,subtract,8,0,8,events,2,128,76900,600,256,3,0,8,0,8,0,16
7,i16,availability,partial,reverse,99,7,subtract,8,0,8,union_scan,2,128,4500,35,0,0,0,8,0,8,0,16
7,i16,availability,partial,reverse,99,7,subtract,8,0,8,fused,2,128,30800,240,32,2,0,8,0,8,0,16
7,i16,availability,partial,reverse,99,7,intersect,8,0,8,union_scan,0,128,3100,24,0,0,0,8,0,8,0,16
7,i16,availability,partial,reverse,99,7,intersect,8,0,8,fused,0,128,28900,225,32,2,0,8,0,8,0,16
7,i16,availability,partial,reverse,99,7,intersect,8,0,8,events,0,128,46400,362,256,3,0,8,0,8,0,16
7,i16,availability,partial,reverse,99,7,intersect,8,0,8,fused,1,128,22100,172,32,2,0,8,0,8,0,16
7,i16,availability,partial,reverse,99,7,intersect,8,0,8,events,1,128,63000,492,256,3,0,8,0,8,0,16
7,i16,availability,partial,reverse,99,7,intersect,8,0,8,union_scan,1,128,3600,28,0,0,0,8,0,8,0,16
7,i16,availability,partial,reverse,99,7,intersect,8,0,8,events,2,128,62900,491,256,3,0,8,0,8,0,16
7,i16,availability,partial,reverse,99,7,intersect,8,0,8,union_scan,2,128,2900,22,0,0,0,8,0,8,0,16
7,i16,availability,partial,reverse,99,7,intersect,8,0,8,fused,2,128,29400,229,32,2,0,8,0,8,0,16
7,i64,availability,partial,reverse,99,7,subtract,1000,992,8,union_scan,0,4,109700,27425,32896,22,992,8,992,8,1000,2000
7,i64,availability,partial,reverse,99,7,subtract,1000,992,8,fused,0,4,106200,26550,32896,20,992,8,992,8,1000,2000
7,i64,availability,partial,reverse,99,7,subtract,1000,992,8,events,0,4,341200,85300,65536,19,992,8,992,8,1000,2000
7,i64,availability,partial,reverse,99,7,subtract,1000,992,8,fused,1,4,161000,40250,32896,20,992,8,992,8,1000,2000
7,i64,availability,partial,reverse,99,7,subtract,1000,992,8,events,1,4,2172600,543150,65536,19,992,8,992,8,1000,2000
7,i64,availability,partial,reverse,99,7,subtract,1000,992,8,union_scan,1,4,120300,30075,32896,22,992,8,992,8,1000,2000
7,i64,availability,partial,reverse,99,7,subtract,1000,992,8,events,2,4,270900,67725,65536,19,992,8,992,8,1000,2000
7,i64,availability,partial,reverse,99,7,subtract,1000,992,8,union_scan,2,4,125800,31450,32896,22,992,8,992,8,1000,2000
7,i64,availability,partial,reverse,99,7,subtract,1000,992,8,fused,2,4,111400,27850,32896,20,992,8,992,8,1000,2000
7,i64,availability,partial,reverse,99,7,intersect,1000,992,8,union_scan,0,4,143700,35925,32256,15,992,8,992,8,8,2000
7,i64,availability,partial,reverse,99,7,intersect,1000,992,8,fused,0,4,75800,18950,16640,13,992,8,992,8,8,2000
7,i64,availability,partial,reverse,99,7,intersect,1000,992,8,events,0,4,386500,96625,49280,12,992,8,992,8,8,2000
7,i64,availability,partial,reverse,99,7,intersect,1000,992,8,fused,1,4,167500,41875,16640,13,992,8,992,8,8,2000
7,i64,availability,partial,reverse,99,7,intersect,1000,992,8,events,1,4,293300,73325,49280,12,992,8,992,8,8,2000
7,i64,availability,partial,reverse,99,7,intersect,1000,992,8,union_scan,1,4,100000,25000,32256,15,992,8,992,8,8,2000
7,i64,availability,partial,reverse,99,7,intersect,1000,992,8,events,2,4,381200,95300,49280,12,992,8,992,8,8,2000
7,i64,availability,partial,reverse,99,7,intersect,1000,992,8,union_scan,2,4,102700,25675,32256,15,992,8,992,8,8,2000
7,i64,availability,partial,reverse,99,7,intersect,1000,992,8,fused,2,4,76300,19075,16640,13,992,8,992,8,8,2000
7,u64,availability,partial,reverse,99,7,subtract,1000,992,8,union_scan,0,4,97600,24400,32896,22,992,8,992,8,1000,2000
7,u64,availability,partial,reverse,99,7,subtract,1000,992,8,fused,0,4,106300,26575,32896,20,992,8,992,8,1000,2000
7,u64,availability,partial,reverse,99,7,subtract,1000,992,8,events,0,4,270500,67625,65536,19,992,8,992,8,1000,2000
7,u64,availability,partial,reverse,99,7,subtract,1000,992,8,fused,1,4,106800,26700,32896,20,992,8,992,8,1000,2000
7,u64,availability,partial,reverse,99,7,subtract,1000,992,8,events,1,4,219700,54925,65536,19,992,8,992,8,1000,2000
7,u64,availability,partial,reverse,99,7,subtract,1000,992,8,union_scan,1,4,85100,21275,32896,22,992,8,992,8,1000,2000
7,u64,availability,partial,reverse,99,7,subtract,1000,992,8,events,2,4,241500,60375,65536,19,992,8,992,8,1000,2000
7,u64,availability,partial,reverse,99,7,subtract,1000,992,8,union_scan,2,4,99200,24800,32896,22,992,8,992,8,1000,2000
7,u64,availability,partial,reverse,99,7,subtract,1000,992,8,fused,2,4,160100,40025,32896,20,992,8,992,8,1000,2000
7,u64,availability,partial,reverse,99,7,intersect,1000,992,8,union_scan,0,4,96400,24100,32256,15,992,8,992,8,8,2000
7,u64,availability,partial,reverse,99,7,intersect,1000,992,8,fused,0,4,72800,18200,16640,13,992,8,992,8,8,2000
7,u64,availability,partial,reverse,99,7,intersect,1000,992,8,events,0,4,254400,63600,49280,12,992,8,992,8,8,2000
7,u64,availability,partial,reverse,99,7,intersect,1000,992,8,fused,1,4,94300,23575,16640,13,992,8,992,8,8,2000
7,u64,availability,partial,reverse,99,7,intersect,1000,992,8,events,1,4,347400,86850,49280,12,992,8,992,8,8,2000
7,u64,availability,partial,reverse,99,7,intersect,1000,992,8,union_scan,1,4,138800,34700,32256,15,992,8,992,8,8,2000
7,u64,availability,partial,reverse,99,7,intersect,1000,992,8,events,2,4,386300,96575,49280,12,992,8,992,8,8,2000
7,u64,availability,partial,reverse,99,7,intersect,1000,992,8,union_scan,2,4,144200,36050,32256,15,992,8,992,8,8,2000
7,u64,availability,partial,reverse,99,7,intersect,1000,992,8,fused,2,4,116500,29125,16640,13,992,8,992,8,8,2000
7,i16,availability,partial,reverse,99,7,subtract,1000,992,8,union_scan,0,4,117000,29250,8224,22,992,8,992,8,1000,2000
7,i16,availability,partial,reverse,99,7,subtract,1000,992,8,fused,0,4,115100,28775,8224,20,992,8,992,8,1000,2000
7,i16,availability,partial,reverse,99,7,subtract,1000,992,8,events,0,4,255300,63825,36864,19,992,8,992,8,1000,2000
7,i16,availability,partial,reverse,99,7,subtract,1000,992,8,fused,1,4,102400,25600,8224,20,992,8,992,8,1000,2000
7,i16,availability,partial,reverse,99,7,subtract,1000,992,8,events,1,4,228800,57200,36864,19,992,8,992,8,1000,2000
7,i16,availability,partial,reverse,99,7,subtract,1000,992,8,union_scan,1,4,91600,22900,8224,22,992,8,992,8,1000,2000
7,i16,availability,partial,reverse,99,7,subtract,1000,992,8,events,2,4,221300,55325,36864,19,992,8,992,8,1000,2000
7,i16,availability,partial,reverse,99,7,subtract,1000,992,8,union_scan,2,4,98000,24500,8224,22,992,8,992,8,1000,2000
7,i16,availability,partial,reverse,99,7,subtract,1000,992,8,fused,2,4,94200,23550,8224,20,992,8,992,8,1000,2000
7,i16,availability,partial,reverse,99,7,intersect,1000,992,8,union_scan,0,4,74700,18675,8064,15,992,8,992,8,8,2000
7,i16,availability,partial,reverse,99,7,intersect,1000,992,8,fused,0,4,66700,16675,4160,13,992,8,992,8,8,2000
7,i16,availability,partial,reverse,99,7,intersect,1000,992,8,events,0,4,257800,64450,32800,12,992,8,992,8,8,2000
7,i16,availability,partial,reverse,99,7,intersect,1000,992,8,fused,1,4,72300,18075,4160,13,992,8,992,8,8,2000
7,i16,availability,partial,reverse,99,7,intersect,1000,992,8,events,1,4,201800,50450,32800,12,992,8,992,8,8,2000
7,i16,availability,partial,reverse,99,7,intersect,1000,992,8,union_scan,1,4,81600,20400,8064,15,992,8,992,8,8,2000
7,i16,availability,partial,reverse,99,7,intersect,1000,992,8,events,2,4,202400,50600,32800,12,992,8,992,8,8,2000
7,i16,availability,partial,reverse,99,7,intersect,1000,992,8,union_scan,2,4,72800,18200,8064,15,992,8,992,8,8,2000
7,i16,availability,partial,reverse,99,7,intersect,1000,992,8,fused,2,4,63000,15750,4160,13,992,8,992,8,8,2000
7,i64,availability,partial,reverse,99,7,subtract,10000,9992,8,union_scan,0,1,325900,325900,524416,30,9992,8,9992,8,10000,20000
7,i64,availability,partial,reverse,99,7,subtract,10000,9992,8,fused,0,1,595200,595200,524416,28,9992,8,9992,8,10000,20000
7,i64,availability,partial,reverse,99,7,subtract,10000,9992,8,events,0,1,1228700,1228700,1048576,27,9992,8,9992,8,10000,20000
7,i64,availability,partial,reverse,99,7,subtract,10000,9992,8,fused,1,1,785600,785600,524416,28,9992,8,9992,8,10000,20000
7,i64,availability,partial,reverse,99,7,subtract,10000,9992,8,events,1,1,1113900,1113900,1048576,27,9992,8,9992,8,10000,20000
7,i64,availability,partial,reverse,99,7,subtract,10000,9992,8,union_scan,1,1,985600,985600,524416,30,9992,8,9992,8,10000,20000
7,i64,availability,partial,reverse,99,7,subtract,10000,9992,8,events,2,1,1360900,1360900,1048576,27,9992,8,9992,8,10000,20000
7,i64,availability,partial,reverse,99,7,subtract,10000,9992,8,union_scan,2,1,647500,647500,524416,30,9992,8,9992,8,10000,20000
7,i64,availability,partial,reverse,99,7,subtract,10000,9992,8,fused,2,1,467800,467800,524416,28,9992,8,9992,8,10000,20000
7,i64,availability,partial,reverse,99,7,intersect,10000,9992,8,union_scan,0,1,294700,294700,422016,19,9992,8,9992,8,8,20000
7,i64,availability,partial,reverse,99,7,intersect,10000,9992,8,fused,0,1,181600,181600,262400,17,9992,8,9992,8,8,20000
7,i64,availability,partial,reverse,99,7,intersect,10000,9992,8,events,0,1,860900,860900,786560,16,9992,8,9992,8,8,20000
7,i64,availability,partial,reverse,99,7,intersect,10000,9992,8,fused,1,1,284500,284500,262400,17,9992,8,9992,8,8,20000
7,i64,availability,partial,reverse,99,7,intersect,10000,9992,8,events,1,1,905900,905900,786560,16,9992,8,9992,8,8,20000
7,i64,availability,partial,reverse,99,7,intersect,10000,9992,8,union_scan,1,1,353200,353200,422016,19,9992,8,9992,8,8,20000
7,i64,availability,partial,reverse,99,7,intersect,10000,9992,8,events,2,1,1011100,1011100,786560,16,9992,8,9992,8,8,20000
7,i64,availability,partial,reverse,99,7,intersect,10000,9992,8,union_scan,2,1,357100,357100,422016,19,9992,8,9992,8,8,20000
7,i64,availability,partial,reverse,99,7,intersect,10000,9992,8,fused,2,1,240700,240700,262400,17,9992,8,9992,8,8,20000
7,u64,availability,partial,reverse,99,7,subtract,10000,9992,8,union_scan,0,1,617100,617100,524416,30,9992,8,9992,8,10000,20000
7,u64,availability,partial,reverse,99,7,subtract,10000,9992,8,fused,0,1,637300,637300,524416,28,9992,8,9992,8,10000,20000
7,u64,availability,partial,reverse,99,7,subtract,10000,9992,8,events,0,1,1385500,1385500,1048576,27,9992,8,9992,8,10000,20000
7,u64,availability,partial,reverse,99,7,subtract,10000,9992,8,fused,1,1,622200,622200,524416,28,9992,8,9992,8,10000,20000
7,u64,availability,partial,reverse,99,7,subtract,10000,9992,8,events,1,1,1270200,1270200,1048576,27,9992,8,9992,8,10000,20000
7,u64,availability,partial,reverse,99,7,subtract,10000,9992,8,union_scan,1,1,709200,709200,524416,30,9992,8,9992,8,10000,20000
7,u64,availability,partial,reverse,99,7,subtract,10000,9992,8,events,2,1,1023400,1023400,1048576,27,9992,8,9992,8,10000,20000
7,u64,availability,partial,reverse,99,7,subtract,10000,9992,8,union_scan,2,1,370300,370300,524416,30,9992,8,9992,8,10000,20000
7,u64,availability,partial,reverse,99,7,subtract,10000,9992,8,fused,2,1,401500,401500,524416,28,9992,8,9992,8,10000,20000
7,u64,availability,partial,reverse,99,7,intersect,10000,9992,8,union_scan,0,1,404100,404100,422016,19,9992,8,9992,8,8,20000
7,u64,availability,partial,reverse,99,7,intersect,10000,9992,8,fused,0,1,343200,343200,262400,17,9992,8,9992,8,8,20000
7,u64,availability,partial,reverse,99,7,intersect,10000,9992,8,events,0,1,1037000,1037000,786560,16,9992,8,9992,8,8,20000
7,u64,availability,partial,reverse,99,7,intersect,10000,9992,8,fused,1,1,228200,228200,262400,17,9992,8,9992,8,8,20000
7,u64,availability,partial,reverse,99,7,intersect,10000,9992,8,events,1,1,880400,880400,786560,16,9992,8,9992,8,8,20000
7,u64,availability,partial,reverse,99,7,intersect,10000,9992,8,union_scan,1,1,269700,269700,422016,19,9992,8,9992,8,8,20000
7,u64,availability,partial,reverse,99,7,intersect,10000,9992,8,events,2,1,887500,887500,786560,16,9992,8,9992,8,8,20000
7,u64,availability,partial,reverse,99,7,intersect,10000,9992,8,union_scan,2,1,427000,427000,422016,19,9992,8,9992,8,8,20000
7,u64,availability,partial,reverse,99,7,intersect,10000,9992,8,fused,2,1,440800,440800,262400,17,9992,8,9992,8,8,20000
7,i64,availability,partial,reverse,99,7,subtract,100000,99992,8,union_scan,0,1,3926100,3926100,4194432,36,99992,8,99992,8,100000,200000
7,i64,availability,partial,reverse,99,7,subtract,100000,99992,8,fused,0,1,3999300,3999300,4194432,34,99992,8,99992,8,100000,200000
7,i64,availability,partial,reverse,99,7,subtract,100000,99992,8,events,0,1,10147500,10147500,8388608,33,99992,8,99992,8,100000,200000
7,i64,availability,partial,reverse,99,7,subtract,100000,99992,8,fused,1,1,3773800,3773800,4194432,34,99992,8,99992,8,100000,200000
7,i64,availability,partial,reverse,99,7,subtract,100000,99992,8,events,1,1,9719200,9719200,8388608,33,99992,8,99992,8,100000,200000
7,i64,availability,partial,reverse,99,7,subtract,100000,99992,8,union_scan,1,1,4747600,4747600,4194432,36,99992,8,99992,8,100000,200000
7,i64,availability,partial,reverse,99,7,subtract,100000,99992,8,events,2,1,10459800,10459800,8388608,33,99992,8,99992,8,100000,200000
7,i64,availability,partial,reverse,99,7,subtract,100000,99992,8,union_scan,2,1,4071800,4071800,4194432,36,99992,8,99992,8,100000,200000
7,i64,availability,partial,reverse,99,7,subtract,100000,99992,8,fused,2,1,3667000,3667000,4194432,34,99992,8,99992,8,100000,200000
7,i64,availability,partial,reverse,99,7,intersect,100000,99992,8,union_scan,0,1,3101800,3101800,3697024,22,99992,8,99992,8,8,200000
7,i64,availability,partial,reverse,99,7,intersect,100000,99992,8,fused,0,1,2543600,2543600,2097408,20,99992,8,99992,8,8,200000
7,i64,availability,partial,reverse,99,7,intersect,100000,99992,8,events,0,1,9017800,9017800,6291584,19,99992,8,99992,8,8,200000
7,i64,availability,partial,reverse,99,7,intersect,100000,99992,8,fused,1,1,2737100,2737100,2097408,20,99992,8,99992,8,8,200000
7,i64,availability,partial,reverse,99,7,intersect,100000,99992,8,events,1,1,9340400,9340400,6291584,19,99992,8,99992,8,8,200000
7,i64,availability,partial,reverse,99,7,intersect,100000,99992,8,union_scan,1,1,2887800,2887800,3697024,22,99992,8,99992,8,8,200000
7,i64,availability,partial,reverse,99,7,intersect,100000,99992,8,events,2,1,8818700,8818700,6291584,19,99992,8,99992,8,8,200000
7,i64,availability,partial,reverse,99,7,intersect,100000,99992,8,union_scan,2,1,3193300,3193300,3697024,22,99992,8,99992,8,8,200000
7,i64,availability,partial,reverse,99,7,intersect,100000,99992,8,fused,2,1,2595500,2595500,2097408,20,99992,8,99992,8,8,200000
7,u64,availability,partial,reverse,99,7,subtract,100000,99992,8,union_scan,0,1,4162900,4162900,4194432,36,99992,8,99992,8,100000,200000
7,u64,availability,partial,reverse,99,7,subtract,100000,99992,8,fused,0,1,3609400,3609400,4194432,34,99992,8,99992,8,100000,200000
7,u64,availability,partial,reverse,99,7,subtract,100000,99992,8,events,0,1,9917100,9917100,8388608,33,99992,8,99992,8,100000,200000
7,u64,availability,partial,reverse,99,7,subtract,100000,99992,8,fused,1,1,3793400,3793400,4194432,34,99992,8,99992,8,100000,200000
7,u64,availability,partial,reverse,99,7,subtract,100000,99992,8,events,1,1,10422300,10422300,8388608,33,99992,8,99992,8,100000,200000
7,u64,availability,partial,reverse,99,7,subtract,100000,99992,8,union_scan,1,1,3664500,3664500,4194432,36,99992,8,99992,8,100000,200000
7,u64,availability,partial,reverse,99,7,subtract,100000,99992,8,events,2,1,9529900,9529900,8388608,33,99992,8,99992,8,100000,200000
7,u64,availability,partial,reverse,99,7,subtract,100000,99992,8,union_scan,2,1,3846400,3846400,4194432,36,99992,8,99992,8,100000,200000
7,u64,availability,partial,reverse,99,7,subtract,100000,99992,8,fused,2,1,4625200,4625200,4194432,34,99992,8,99992,8,100000,200000
7,u64,availability,partial,reverse,99,7,intersect,100000,99992,8,union_scan,0,1,2832600,2832600,3697024,22,99992,8,99992,8,8,200000
7,u64,availability,partial,reverse,99,7,intersect,100000,99992,8,fused,0,1,2238600,2238600,2097408,20,99992,8,99992,8,8,200000
7,u64,availability,partial,reverse,99,7,intersect,100000,99992,8,events,0,1,8391700,8391700,6291584,19,99992,8,99992,8,8,200000
7,u64,availability,partial,reverse,99,7,intersect,100000,99992,8,fused,1,1,2756800,2756800,2097408,20,99992,8,99992,8,8,200000
7,u64,availability,partial,reverse,99,7,intersect,100000,99992,8,events,1,1,9897100,9897100,6291584,19,99992,8,99992,8,8,200000
7,u64,availability,partial,reverse,99,7,intersect,100000,99992,8,union_scan,1,1,2841300,2841300,3697024,22,99992,8,99992,8,8,200000
7,u64,availability,partial,reverse,99,7,intersect,100000,99992,8,events,2,1,8780900,8780900,6291584,19,99992,8,99992,8,8,200000
7,u64,availability,partial,reverse,99,7,intersect,100000,99992,8,union_scan,2,1,2797900,2797900,3697024,22,99992,8,99992,8,8,200000
7,u64,availability,partial,reverse,99,7,intersect,100000,99992,8,fused,2,1,2322800,2322800,2097408,20,99992,8,99992,8,8,200000
8,i64,holes,start,shuffled,1,7,subtract,0,0,0,union_scan,0,128,3400,26,0,0,0,0,0,0,0,0
8,i64,holes,start,shuffled,1,7,subtract,0,0,0,fused,0,128,5100,39,0,0,0,0,0,0,0,0
8,i64,holes,start,shuffled,1,7,subtract,0,0,0,events,0,128,2400,18,0,0,0,0,0,0,0,0
8,i64,holes,start,shuffled,1,7,subtract,0,0,0,fused,1,128,5100,39,0,0,0,0,0,0,0,0
8,i64,holes,start,shuffled,1,7,subtract,0,0,0,events,1,128,2500,19,0,0,0,0,0,0,0,0
8,i64,holes,start,shuffled,1,7,subtract,0,0,0,union_scan,1,128,3300,25,0,0,0,0,0,0,0,0
8,i64,holes,start,shuffled,1,7,subtract,0,0,0,events,2,128,2400,18,0,0,0,0,0,0,0,0
8,i64,holes,start,shuffled,1,7,subtract,0,0,0,union_scan,2,128,3300,25,0,0,0,0,0,0,0,0
8,i64,holes,start,shuffled,1,7,subtract,0,0,0,fused,2,128,5100,39,0,0,0,0,0,0,0,0
8,i64,holes,start,shuffled,1,7,intersect,0,0,0,union_scan,0,128,2200,17,0,0,0,0,0,0,0,0
8,i64,holes,start,shuffled,1,7,intersect,0,0,0,fused,0,128,4200,32,0,0,0,0,0,0,0,0
8,i64,holes,start,shuffled,1,7,intersect,0,0,0,events,0,128,2600,20,0,0,0,0,0,0,0,0
8,i64,holes,start,shuffled,1,7,intersect,0,0,0,fused,1,128,4300,33,0,0,0,0,0,0,0,0
8,i64,holes,start,shuffled,1,7,intersect,0,0,0,events,1,128,2600,20,0,0,0,0,0,0,0,0
8,i64,holes,start,shuffled,1,7,intersect,0,0,0,union_scan,1,128,2200,17,0,0,0,0,0,0,0,0
8,i64,holes,start,shuffled,1,7,intersect,0,0,0,events,2,128,2500,19,0,0,0,0,0,0,0,0
8,i64,holes,start,shuffled,1,7,intersect,0,0,0,union_scan,2,128,2200,17,0,0,0,0,0,0,0,0
8,i64,holes,start,shuffled,1,7,intersect,0,0,0,fused,2,128,4300,33,0,0,0,0,0,0,0,0
8,u64,holes,start,shuffled,1,7,subtract,0,0,0,union_scan,0,128,3400,26,0,0,0,0,0,0,0,0
8,u64,holes,start,shuffled,1,7,subtract,0,0,0,fused,0,128,5400,42,0,0,0,0,0,0,0,0
8,u64,holes,start,shuffled,1,7,subtract,0,0,0,events,0,128,2700,21,0,0,0,0,0,0,0,0
8,u64,holes,start,shuffled,1,7,subtract,0,0,0,fused,1,128,5300,41,0,0,0,0,0,0,0,0
8,u64,holes,start,shuffled,1,7,subtract,0,0,0,events,1,128,2700,21,0,0,0,0,0,0,0,0
8,u64,holes,start,shuffled,1,7,subtract,0,0,0,union_scan,1,128,3400,26,0,0,0,0,0,0,0,0
8,u64,holes,start,shuffled,1,7,subtract,0,0,0,events,2,128,2600,20,0,0,0,0,0,0,0,0
8,u64,holes,start,shuffled,1,7,subtract,0,0,0,union_scan,2,128,3400,26,0,0,0,0,0,0,0,0
8,u64,holes,start,shuffled,1,7,subtract,0,0,0,fused,2,128,5300,41,0,0,0,0,0,0,0,0
8,u64,holes,start,shuffled,1,7,intersect,0,0,0,union_scan,0,128,1600,12,0,0,0,0,0,0,0,0
8,u64,holes,start,shuffled,1,7,intersect,0,0,0,fused,0,128,4400,34,0,0,0,0,0,0,0,0
8,u64,holes,start,shuffled,1,7,intersect,0,0,0,events,0,128,2600,20,0,0,0,0,0,0,0,0
8,u64,holes,start,shuffled,1,7,intersect,0,0,0,fused,1,128,4500,35,0,0,0,0,0,0,0,0
8,u64,holes,start,shuffled,1,7,intersect,0,0,0,events,1,128,2500,19,0,0,0,0,0,0,0,0
8,u64,holes,start,shuffled,1,7,intersect,0,0,0,union_scan,1,128,1600,12,0,0,0,0,0,0,0,0
8,u64,holes,start,shuffled,1,7,intersect,0,0,0,events,2,128,2500,19,0,0,0,0,0,0,0,0
8,u64,holes,start,shuffled,1,7,intersect,0,0,0,union_scan,2,128,1500,11,0,0,0,0,0,0,0,0
8,u64,holes,start,shuffled,1,7,intersect,0,0,0,fused,2,128,4400,34,0,0,0,0,0,0,0,0
8,i16,holes,start,shuffled,1,7,subtract,0,0,0,union_scan,0,128,3500,27,0,0,0,0,0,0,0,0
8,i16,holes,start,shuffled,1,7,subtract,0,0,0,fused,0,128,5400,42,0,0,0,0,0,0,0,0
8,i16,holes,start,shuffled,1,7,subtract,0,0,0,events,0,128,3500,27,0,0,0,0,0,0,0,0
8,i16,holes,start,shuffled,1,7,subtract,0,0,0,fused,1,128,5300,41,0,0,0,0,0,0,0,0
8,i16,holes,start,shuffled,1,7,subtract,0,0,0,events,1,128,3500,27,0,0,0,0,0,0,0,0
8,i16,holes,start,shuffled,1,7,subtract,0,0,0,union_scan,1,128,3400,26,0,0,0,0,0,0,0,0
8,i16,holes,start,shuffled,1,7,subtract,0,0,0,events,2,128,3600,28,0,0,0,0,0,0,0,0
8,i16,holes,start,shuffled,1,7,subtract,0,0,0,union_scan,2,128,3500,27,0,0,0,0,0,0,0,0
8,i16,holes,start,shuffled,1,7,subtract,0,0,0,fused,2,128,5300,41,0,0,0,0,0,0,0,0
8,i16,holes,start,shuffled,1,7,intersect,0,0,0,union_scan,0,128,1500,11,0,0,0,0,0,0,0,0
8,i16,holes,start,shuffled,1,7,intersect,0,0,0,fused,0,128,4400,34,0,0,0,0,0,0,0,0
8,i16,holes,start,shuffled,1,7,intersect,0,0,0,events,0,128,3300,25,0,0,0,0,0,0,0,0
8,i16,holes,start,shuffled,1,7,intersect,0,0,0,fused,1,128,4500,35,0,0,0,0,0,0,0,0
8,i16,holes,start,shuffled,1,7,intersect,0,0,0,events,1,128,3300,25,0,0,0,0,0,0,0,0
8,i16,holes,start,shuffled,1,7,intersect,0,0,0,union_scan,1,128,1500,11,0,0,0,0,0,0,0,0
8,i16,holes,start,shuffled,1,7,intersect,0,0,0,events,2,128,3300,25,0,0,0,0,0,0,0,0
8,i16,holes,start,shuffled,1,7,intersect,0,0,0,union_scan,2,128,1500,11,0,0,0,0,0,0,0,0
8,i16,holes,start,shuffled,1,7,intersect,0,0,0,fused,2,128,4500,35,0,0,0,0,0,0,0,0
8,i64,holes,start,shuffled,1,7,subtract,8,1,7,union_scan,0,128,66400,518,320,6,1,7,1,7,8,16
8,i64,holes,start,shuffled,1,7,subtract,8,1,7,fused,0,128,44000,343,320,5,1,7,1,7,8,16
8,i64,holes,start,shuffled,1,7,subtract,8,1,7,events,0,128,63600,496,512,5,1,7,1,7,8,16
8,i64,holes,start,shuffled,1,7,subtract,8,1,7,fused,1,128,44300,346,320,5,1,7,1,7,8,16
8,i64,holes,start,shuffled,1,7,subtract,8,1,7,events,1,128,70800,553,512,5,1,7,1,7,8,16
8,i64,holes,start,shuffled,1,7,subtract,8,1,7,union_scan,1,128,66300,517,320,6,1,7,1,7,8,16
8,i64,holes,start,shuffled,1,7,subtract,8,1,7,events,2,128,60300,471,512,5,1,7,1,7,8,16
8,i64,holes,start,shuffled,1,7,subtract,8,1,7,union_scan,2,128,66300,517,320,6,1,7,1,7,8,16
8,i64,holes,start,shuffled,1,7,subtract,8,1,7,fused,2,128,44800,350,320,5,1,7,1,7,8,16
8,i64,holes,start,shuffled,1,7,intersect,8,1,7,union_scan,0,128,65400,510,320,6,1,7,1,7,7,16
8,i64,holes,start,shuffled,1,7,intersect,8,1,7,fused,0,128,41800,326,320,5,1,7,1,7,7,16
8,i64,holes,start,shuffled,1,7,intersect,8,1,7,events,0,128,58500,457,512,5,1,7,1,7,7,16
8,i64,holes,start,shuffled,1,7,intersect,8,1,7,fused,1,128,42100,328,320,5,1,7,1,7,7,16
8,i64,holes,start,shuffled,1,7,intersect,8,1,7,events,1,128,58200,454,512,5,1,7,1,7,7,16
8,i64,holes,start,shuffled,1,7,intersect,8,1,7,union_scan,1,128,65400,510,320,6,1,7,1,7,7,16
8,i64,holes,start,shuffled,1,7,intersect,8,1,7,events,2,128,58300,455,512,5,1,7,1,7,7,16
8,i64,holes,start,shuffled,1,7,intersect,8,1,7,union_scan,2,128,65300,510,320,6,1,7,1,7,7,16
8,i64,holes,start,shuffled,1,7,intersect,8,1,7,fused,2,128,41500,324,320,5,1,7,1,7,7,16
8,u64,holes,start,shuffled,1,7,subtract,8,1,7,union_scan,0,128,63800,498,320,6,1,7,1,7,8,16
8,u64,holes,start,shuffled,1,7,subtract,8,1,7,fused,0,128,44200,345,320,5,1,7,1,7,8,16
8,u64,holes,start,shuffled,1,7,subtract,8,1,7,events,0,128,61700,482,512,5,1,7,1,7,8,16
8,u64,holes,start,shuffled,1,7,subtract,8,1,7,fused,1,128,44600,348,320,5,1,7,1,7,8,16
8,u64,holes,start,shuffled,1,7,subtract,8,1,7,events,1,128,61500,480,512,5,1,7,1,7,8,16
8,u64,holes,start,shuffled,1,7,subtract,8,1,7,union_scan,1,128,64000,500,320,6,1,7,1,7,8,16
8,u64,holes,start,shuffled,1,7,subtract,8,1,7,events,2,128,61700,482,512,5,1,7,1,7,8,16
8,u64,holes,start,shuffled,1,7,subtract,8,1,7,union_scan,2,128,63800,498,320,6,1,7,1,7,8,16
8,u64,holes,start,shuffled,1,7,subtract,8,1,7,fused,2,128,44600,348,320,5,1,7,1,7,8,16
8,u64,holes,start,shuffled,1,7,intersect,8,1,7,union_scan,0,128,66100,516,320,6,1,7,1,7,7,16
8,u64,holes,start,shuffled,1,7,intersect,8,1,7,fused,0,128,43600,340,320,5,1,7,1,7,7,16
8,u64,holes,start,shuffled,1,7,intersect,8,1,7,events,0,128,60100,469,512,5,1,7,1,7,7,16
8,u64,holes,start,shuffled,1,7,intersect,8,1,7,fused,1,128,43500,339,320,5,1,7,1,7,7,16
8,u64,holes,start,shuffled,1,7,intersect,8,1,7,events,1,128,59400,464,512,5,1,7,1,7,7,16
8,u64,holes,start,shuffled,1,7,intersect,8,1,7,union_scan,1,128,66000,515,320,6,1,7,1,7,7,16
8,u64,holes,start,shuffled,1,7,intersect,8,1,7,events,2,128,61900,483,512,5,1,7,1,7,7,16
8,u64,holes,start,shuffled,1,7,intersect,8,1,7,union_scan,2,128,65800,514,320,6,1,7,1,7,7,16
8,u64,holes,start,shuffled,1,7,intersect,8,1,7,fused,2,128,43700,341,320,5,1,7,1,7,7,16
8,i16,holes,start,shuffled,1,7,subtract,8,1,7,union_scan,0,128,46900,366,80,6,1,7,1,7,8,16
8,i16,holes,start,shuffled,1,7,subtract,8,1,7,fused,0,128,43400,339,80,5,1,7,1,7,8,16
8,i16,holes,start,shuffled,1,7,subtract,8,1,7,events,0,128,54700,427,288,5,1,7,1,7,8,16
8,i16,holes,start,shuffled,1,7,subtract,8,1,7,fused,1,128,47700,372,80,5,1,7,1,7,8,16
8,i16,holes,start,shuffled,1,7,subtract,8,1,7,events,1,128,55000,429,288,5,1,7,1,7,8,16
8,i16,holes,start,shuffled,1,7,subtract,8,1,7,union_scan,1,128,46200,360,80,6,1,7,1,7,8,16
8,i16,holes,start,shuffled,1,7,subtract,8,1,7,events,2,128,54900,428,288,5,1,7,1,7,8,16
8,i16,holes,start,shuffled,1,7,subtract,8,1,7,union_scan,2,128,46200,360,80,6,1,7,1,7,8,16
8,i16,holes,start,shuffled,1,7,subtract,8,1,7,fused,2,128,43300,338,80,5,1,7,1,7,8,16
8,i16,holes,start,shuffled,1,7,intersect,8,1,7,union_scan,0,128,47100,367,80,6,1,7,1,7,7,16
8,i16,holes,start,shuffled,1,7,intersect,8,1,7,fused,0,128,43000,335,80,5,1,7,1,7,7,16
8,i16,holes,start,shuffled,1,7,intersect,8,1,7,events,0,128,54900,428,288,5,1,7,1,7,7,16
8,i16,holes,start,shuffled,1,7,intersect,8,1,7,fused,1,128,43100,336,80,5,1,7,1,7,7,16
8,i16,holes,start,shuffled,1,7,intersect,8,1,7,events,1,128,54100,422,288,5,1,7,1,7,7,16
8,i16,holes,start,shuffled,1,7,intersect,8,1,7,union_scan,1,128,46600,364,80,6,1,7,1,7,7,16
8,i16,holes,start,shuffled,1,7,intersect,8,1,7,events,2,128,54200,423,288,5,1,7,1,7,7,16
8,i16,holes,start,shuffled,1,7,intersect,8,1,7,union_scan,2,128,46400,362,80,6,1,7,1,7,7,16
8,i16,holes,start,shuffled,1,7,intersect,8,1,7,fused,2,128,43000,335,80,5,1,7,1,7,7,16
8,i64,holes,start,shuffled,1,7,subtract,1000,1,999,union_scan,0,4,75000,18750,32832,20,1,999,1,999,1000,2000
8,i64,holes,start,shuffled,1,7,subtract,1000,1,999,fused,0,4,63600,15900,32832,19,1,999,1,999,1000,2000
8,i64,holes,start,shuffled,1,7,subtract,1000,1,999,events,0,4,202100,50525,65536,19,1,999,1,999,1000,2000
8,i64,holes,start,shuffled,1,7,subtract,1000,1,999,fused,1,4,68800,17200,32832,19,1,999,1,999,1000,2000
8,i64,holes,start,shuffled,1,7,subtract,1000,1,999,events,1,4,178500,44625,65536,19,1,999,1,999,1000,2000
8,i64,holes,start,shuffled,1,7,subtract,1000,1,999,union_scan,1,4,65100,16275,32832,20,1,999,1,999,1000,2000
8,i64,holes,start,shuffled,1,7,subtract,1000,1,999,events,2,4,182700,45675,65536,19,1,999,1,999,1000,2000
8,i64,holes,start,shuffled,1,7,subtract,1000,1,999,union_scan,2,4,64000,16000,32832,20,1,999,1,999,1000,2000
8,i64,holes,start,shuffled,1,7,subtract,1000,1,999,fused,2,4,66600,16650,32832,19,1,999,1,999,1000,2000
8,i64,holes,start,shuffled,1,7,intersect,1000,1,999,union_scan,0,4,69400,17350,32832,20,1,999,1,999,999,2000
8,i64,holes,start,shuffled,1,7,intersect,1000,1,999,fused,0,4,62000,15500,32832,19,1,999,1,999,999,2000
8,i64,holes,start,shuffled,1,7,intersect,1000,1,999,events,0,4,176400,44100,65536,19,1,999,1,999,999,2000
8,i64,holes,start,shuffled,1,7,intersect,1000,1,999,fused,1,4,65800,16450,32832,19,1,999,1,999,999,2000
8,i64,holes,start,shuffled,1,7,intersect,1000,1,999,events,1,4,175400,43850,65536,19,1,999,1,999,999,2000
8,i64,holes,start,shuffled,1,7,intersect,1000,1,999,union_scan,1,4,69700,17425,32832,20,1,999,1,999,999,2000
8,i64,holes,start,shuffled,1,7,intersect,1000,1,999,events,2,4,174700,43675,65536,19,1,999,1,999,999,2000
8,i64,holes,start,shuffled,1,7,intersect,1000,1,999,union_scan,2,4,69500,17375,32832,20,1,999,1,999,999,2000
8,i64,holes,start,shuffled,1,7,intersect,1000,1,999,fused,2,4,65200,16300,32832,19,1,999,1,999,999,2000
8,u64,holes,start,shuffled,1,7,subtract,1000,1,999,union_scan,0,4,60900,15225,32832,20,1,999,1,999,1000,2000
8,u64,holes,start,shuffled,1,7,subtract,1000,1,999,fused,0,4,62000,15500,32832,19,1,999,1,999,1000,2000
8,u64,holes,start,shuffled,1,7,subtract,1000,1,999,events,0,4,183900,45975,65536,19,1,999,1,999,1000,2000
8,u64,holes,start,shuffled,1,7,subtract,1000,1,999,fused,1,4,74700,18675,32832,19,1,999,1,999,1000,2000
8,u64,holes,start,shuffled,1,7,subtract,1000,1,999,events,1,4,176600,44150,65536,19,1,999,1,999,1000,2000
8,u64,holes,start,shuffled,1,7,subtract,1000,1,999,union_scan,1,4,60700,15175,32832,20,1,999,1,999,1000,2000
8,u64,holes,start,shuffled,1,7,subtract,1000,1,999,events,2,4,174600,43650,65536,19,1,999,1,999,1000,2000
8,u64,holes,start,shuffled,1,7,subtract,1000,1,999,union_scan,2,4,60300,15075,32832,20,1,999,1,999,1000,2000
8,u64,holes,start,shuffled,1,7,subtract,1000,1,999,fused,2,4,62900,15725,32832,19,1,999,1,999,1000,2000
8,u64,holes,start,shuffled,1,7,intersect,1000,1,999,union_scan,0,4,66800,16700,32832,20,1,999,1,999,999,2000
8,u64,holes,start,shuffled,1,7,intersect,1000,1,999,fused,0,4,64400,16100,32832,19,1,999,1,999,999,2000
8,u64,holes,start,shuffled,1,7,intersect,1000,1,999,events,0,4,177500,44375,65536,19,1,999,1,999,999,2000
8,u64,holes,start,shuffled,1,7,intersect,1000,1,999,fused,1,4,64400,16100,32832,19,1,999,1,999,999,2000
8,u64,holes,start,shuffled,1,7,intersect,1000,1,999,events,1,4,173200,43300,65536,19,1,999,1,999,999,2000
8,u64,holes,start,shuffled,1,7,intersect,1000,1,999,union_scan,1,4,66900,16725,32832,20,1,999,1,999,999,2000
8,u64,holes,start,shuffled,1,7,intersect,1000,1,999,events,2,4,213800,53450,65536,19,1,999,1,999,999,2000
8,u64,holes,start,shuffled,1,7,intersect,1000,1,999,union_scan,2,4,67600,16900,32832,20,1,999,1,999,999,2000
8,u64,holes,start,shuffled,1,7,intersect,1000,1,999,fused,2,4,60400,15100,32832,19,1,999,1,999,999,2000
8,i16,holes,start,shuffled,1,7,subtract,1000,1,999,union_scan,0,4,73400,18350,8208,20,1,999,1,999,1000,2000
8,i16,holes,start,shuffled,1,7,subtract,1000,1,999,fused,0,4,62900,15725,8208,19,1,999,1,999,1000,2000
8,i16,holes,start,shuffled,1,7,subtract,1000,1,999,events,0,4,147900,36975,36864,19,1,999,1,999,1000,2000
8,i16,holes,start,shuffled,1,7,subtract,1000,1,999,fused,1,4,71300,17825,8208,19,1,999,1,999,1000,2000
8,i16,holes,start,shuffled,1,7,subtract,1000,1,999,events,1,4,139800,34950,36864,19,1,999,1,999,1000,2000
8,i16,holes,start,shuffled,1,7,subtract,1000,1,999,union_scan,1,4,59900,14975,8208,20,1,999,1,999,1000,2000
8,i16,holes,start,shuffled,1,7,subtract,1000,1,999,events,2,4,138200,34550,36864,19,1,999,1,999,1000,2000
8,i16,holes,start,shuffled,1,7,subtract,1000,1,999,union_scan,2,4,59600,14900,8208,20,1,999,1,999,1000,2000
8,i16,holes,start,shuffled,1,7,subtract,1000,1,999,fused,2,4,75100,18775,8208,19,1,999,1,999,1000,2000
8,i16,holes,start,shuffled,1,7,intersect,1000,1,999,union_scan,0,4,65700,16425,8208,20,1,999,1,999,999,2000
8,i16,holes,start,shuffled,1,7,intersect,1000,1,999,fused,0,4,63800,15950,8208,19,1,999,1,999,999,2000
8,i16,holes,start,shuffled,1,7,intersect,1000,1,999,events,0,4,138200,34550,36864,19,1,999,1,999,999,2000
8,i16,holes,start,shuffled,1,7,intersect,1000,1,999,fused,1,4,64200,16050,8208,19,1,999,1,999,999,2000
8,i16,holes,start,shuffled,1,7,intersect,1000,1,999,events,1,4,137200,34300,36864,19,1,999,1,999,999,2000
8,i16,holes,start,shuffled,1,7,intersect,1000,1,999,union_scan,1,4,65600,16400,8208,20,1,999,1,999,999,2000
8,i16,holes,start,shuffled,1,7,intersect,1000,1,999,events,2,4,136900,34225,36864,19,1,999,1,999,999,2000
8,i16,holes,start,shuffled,1,7,intersect,1000,1,999,union_scan,2,4,65400,16350,8208,20,1,999,1,999,999,2000
8,i16,holes,start,shuffled,1,7,intersect,1000,1,999,fused,2,4,63700,15925,8208,19,1,999,1,999,999,2000
8,i64,holes,start,shuffled,1,7,subtract,10000,1,9999,union_scan,0,1,349000,349000,524352,28,1,9999,1,9999,10000,20000
8,i64,holes,start,shuffled,1,7,subtract,10000,1,9999,fused,0,1,275900,275900,524352,27,1,9999,1,9999,10000,20000
8,i64,holes,start,shuffled,1,7,subtract,10000,1,9999,events,0,1,901100,901100,1048576,27,1,9999,1,9999,10000,20000
8,i64,holes,start,shuffled,1,7,subtract,10000,1,9999,fused,1,1,362400,362400,524352,27,1,9999,1,9999,10000,20000
8,i64,holes,start,shuffled,1,7,subtract,10000,1,9999,events,1,1,939800,939800,1048576,27,1,9999,1,9999,10000,20000
8,i64,holes,start,shuffled,1,7,subtract,10000,1,9999,union_scan,1,1,370200,370200,524352,28,1,9999,1,9999,10000,20000
8,i64,holes,start,shuffled,1,7,subtract,10000,1,9999,events,2,1,896600,896600,1048576,27,1,9999,1,9999,10000,20000
8,i64,holes,start,shuffled,1,7,subtract,10000,1,9999,union_scan,2,1,367000,367000,524352,28,1,9999,1,9999,10000,20000
8,i64,holes,start,shuffled,1,7,subtract,10000,1,9999,fused,2,1,340900,340900,524352,27,1,9999,1,9999,10000,20000
8,i64,holes,start,shuffled,1,7,intersect,10000,1,9999,union_scan,0,1,399000,399000,524352,28,1,9999,1,9999,9999,20000
8,i64,holes,start,shuffled,1,7,intersect,10000,1,9999,fused,0,1,321800,321800,524352,27,1,9999,1,9999,9999,20000
8,i64,holes,start,shuffled,1,7,intersect,10000,1,9999,events,0,1,925000,925000,1048576,27,1,9999,1,9999,9999,20000
8,i64,holes,start,shuffled,1,7,intersect,10000,1,9999,fused,1,1,320500,320500,524352,27,1,9999,1,9999,9999,20000
8,i64,holes,start,shuffled,1,7,intersect,10000,1,9999,events,1,1,925700,925700,1048576,27,1,9999,1,9999,9999,20000
8,i64,holes,start,shuffled,1,7,intersect,10000,1,9999,union_scan,1,1,360400,360400,524352,28,1,9999,1,9999,9999,20000
8,i64,holes,start,shuffled,1,7,intersect,10000,1,9999,events,2,1,931300,931300,1048576,27,1,9999,1,9999,9999,20000
8,i64,holes,start,shuffled,1,7,intersect,10000,1,9999,union_scan,2,1,368300,368300,524352,28,1,9999,1,9999,9999,20000
8,i64,holes,start,shuffled,1,7,intersect,10000,1,9999,fused,2,1,272700,272700,524352,27,1,9999,1,9999,9999,20000
8,u64,holes,start,shuffled,1,7,subtract,10000,1,9999,union_scan,0,1,314700,314700,524352,28,1,9999,1,9999,10000,20000
8,u64,holes,start,shuffled,1,7,subtract,10000,1,9999,fused,0,1,305600,305600,524352,27,1,9999,1,9999,10000,20000
8,u64,holes,start,shuffled,1,7,subtract,10000,1,9999,events,0,1,709200,709200,1048576,27,1,9999,1,9999,10000,20000
8,u64,holes,start,shuffled,1,7,subtract,10000,1,9999,fused,1,1,217500,217500,524352,27,1,9999,1,9999,10000,20000
8,u64,holes,start,shuffled,1,7,subtract,10000,1,9999,events,1,1,610000,610000,1048576,27,1,9999,1,9999,10000,20000
8,u64,holes,start,shuffled,1,7,subtract,10000,1,9999,union_scan,1,1,334000,334000,524352,28,1,9999,1,9999,10000,20000
8,u64,holes,start,shuffled,1,7,subtract,10000,1,9999,events,2,1,759600,759600,1048576,27,1,9999,1,9999,10000,20000
8,u64,holes,start,shuffled,1,7,subtract,10000,1,9999,union_scan,2,1,315300,315300,524352,28,1,9999,1,9999,10000,20000
8,u64,holes,start,shuffled,1,7,subtract,10000,1,9999,fused,2,1,316400,316400,524352,27,1,9999,1,9999,10000,20000
8,u64,holes,start,shuffled,1,7,intersect,10000,1,9999,union_scan,0,1,249600,249600,524352,28,1,9999,1,9999,9999,20000
8,u64,holes,start,shuffled,1,7,intersect,10000,1,9999,fused,0,1,224800,224800,524352,27,1,9999,1,9999,9999,20000
8,u64,holes,start,shuffled,1,7,intersect,10000,1,9999,events,0,1,619300,619300,1048576,27,1,9999,1,9999,9999,20000
8,u64,holes,start,shuffled,1,7,intersect,10000,1,9999,fused,1,1,306700,306700,524352,27,1,9999,1,9999,9999,20000
8,u64,holes,start,shuffled,1,7,intersect,10000,1,9999,events,1,1,763000,763000,1048576,27,1,9999,1,9999,9999,20000
8,u64,holes,start,shuffled,1,7,intersect,10000,1,9999,union_scan,1,1,325500,325500,524352,28,1,9999,1,9999,9999,20000
8,u64,holes,start,shuffled,1,7,intersect,10000,1,9999,events,2,1,764100,764100,1048576,27,1,9999,1,9999,9999,20000
8,u64,holes,start,shuffled,1,7,intersect,10000,1,9999,union_scan,2,1,248700,248700,524352,28,1,9999,1,9999,9999,20000
8,u64,holes,start,shuffled,1,7,intersect,10000,1,9999,fused,2,1,214100,214100,524352,27,1,9999,1,9999,9999,20000
8,i64,holes,start,shuffled,1,7,subtract,100000,1,99999,union_scan,0,1,4797700,4797700,4194368,34,1,99999,1,99999,100000,200000
8,i64,holes,start,shuffled,1,7,subtract,100000,1,99999,fused,0,1,4102700,4102700,4194368,33,1,99999,1,99999,100000,200000
8,i64,holes,start,shuffled,1,7,subtract,100000,1,99999,events,0,1,10404600,10404600,8388608,33,1,99999,1,99999,100000,200000
8,i64,holes,start,shuffled,1,7,subtract,100000,1,99999,fused,1,1,4132400,4132400,4194368,33,1,99999,1,99999,100000,200000
8,i64,holes,start,shuffled,1,7,subtract,100000,1,99999,events,1,1,11851600,11851600,8388608,33,1,99999,1,99999,100000,200000
8,i64,holes,start,shuffled,1,7,subtract,100000,1,99999,union_scan,1,1,4092900,4092900,4194368,34,1,99999,1,99999,100000,200000
8,i64,holes,start,shuffled,1,7,subtract,100000,1,99999,events,2,1,9816300,9816300,8388608,33,1,99999,1,99999,100000,200000
8,i64,holes,start,shuffled,1,7,subtract,100000,1,99999,union_scan,2,1,4156400,4156400,4194368,34,1,99999,1,99999,100000,200000
8,i64,holes,start,shuffled,1,7,subtract,100000,1,99999,fused,2,1,3970200,3970200,4194368,33,1,99999,1,99999,100000,200000
8,i64,holes,start,shuffled,1,7,intersect,100000,1,99999,union_scan,0,1,4302400,4302400,4194368,34,1,99999,1,99999,99999,200000
8,i64,holes,start,shuffled,1,7,intersect,100000,1,99999,fused,0,1,3858200,3858200,4194368,33,1,99999,1,99999,99999,200000
8,i64,holes,start,shuffled,1,7,intersect,100000,1,99999,events,0,1,9922700,9922700,8388608,33,1,99999,1,99999,99999,200000
8,i64,holes,start,shuffled,1,7,intersect,100000,1,99999,fused,1,1,4120400,4120400,4194368,33,1,99999,1,99999,99999,200000
8,i64,holes,start,shuffled,1,7,intersect,100000,1,99999,events,1,1,9938000,9938000,8388608,33,1,99999,1,99999,99999,200000
8,i64,holes,start,shuffled,1,7,intersect,100000,1,99999,union_scan,1,1,4179500,4179500,4194368,34,1,99999,1,99999,99999,200000
8,i64,holes,start,shuffled,1,7,intersect,100000,1,99999,events,2,1,10793000,10793000,8388608,33,1,99999,1,99999,99999,200000
8,i64,holes,start,shuffled,1,7,intersect,100000,1,99999,union_scan,2,1,4840900,4840900,4194368,34,1,99999,1,99999,99999,200000
8,i64,holes,start,shuffled,1,7,intersect,100000,1,99999,fused,2,1,3927700,3927700,4194368,33,1,99999,1,99999,99999,200000
8,u64,holes,start,shuffled,1,7,subtract,100000,1,99999,union_scan,0,1,4758900,4758900,4194368,34,1,99999,1,99999,100000,200000
8,u64,holes,start,shuffled,1,7,subtract,100000,1,99999,fused,0,1,4014000,4014000,4194368,33,1,99999,1,99999,100000,200000
8,u64,holes,start,shuffled,1,7,subtract,100000,1,99999,events,0,1,10002500,10002500,8388608,33,1,99999,1,99999,100000,200000
8,u64,holes,start,shuffled,1,7,subtract,100000,1,99999,fused,1,1,4023600,4023600,4194368,33,1,99999,1,99999,100000,200000
8,u64,holes,start,shuffled,1,7,subtract,100000,1,99999,events,1,1,10038000,10038000,8388608,33,1,99999,1,99999,100000,200000
8,u64,holes,start,shuffled,1,7,subtract,100000,1,99999,union_scan,1,1,4107000,4107000,4194368,34,1,99999,1,99999,100000,200000
8,u64,holes,start,shuffled,1,7,subtract,100000,1,99999,events,2,1,9981000,9981000,8388608,33,1,99999,1,99999,100000,200000
8,u64,holes,start,shuffled,1,7,subtract,100000,1,99999,union_scan,2,1,4981800,4981800,4194368,34,1,99999,1,99999,100000,200000
8,u64,holes,start,shuffled,1,7,subtract,100000,1,99999,fused,2,1,5162200,5162200,4194368,33,1,99999,1,99999,100000,200000
8,u64,holes,start,shuffled,1,7,intersect,100000,1,99999,union_scan,0,1,4045000,4045000,4194368,34,1,99999,1,99999,99999,200000
8,u64,holes,start,shuffled,1,7,intersect,100000,1,99999,fused,0,1,3708700,3708700,4194368,33,1,99999,1,99999,99999,200000
8,u64,holes,start,shuffled,1,7,intersect,100000,1,99999,events,0,1,12189200,12189200,8388608,33,1,99999,1,99999,99999,200000
8,u64,holes,start,shuffled,1,7,intersect,100000,1,99999,fused,1,1,3962300,3962300,4194368,33,1,99999,1,99999,99999,200000
8,u64,holes,start,shuffled,1,7,intersect,100000,1,99999,events,1,1,11350800,11350800,8388608,33,1,99999,1,99999,99999,200000
8,u64,holes,start,shuffled,1,7,intersect,100000,1,99999,union_scan,1,1,5459500,5459500,4194368,34,1,99999,1,99999,99999,200000
8,u64,holes,start,shuffled,1,7,intersect,100000,1,99999,events,2,1,12031600,12031600,8388608,33,1,99999,1,99999,99999,200000
8,u64,holes,start,shuffled,1,7,intersect,100000,1,99999,union_scan,2,1,4623400,4623400,4194368,34,1,99999,1,99999,99999,200000
8,u64,holes,start,shuffled,1,7,intersect,100000,1,99999,fused,2,1,3997900,3997900,4194368,33,1,99999,1,99999,99999,200000
9,i64,availability,shuffled,start,100,7,subtract,0,0,0,union_scan,0,128,3300,25,0,0,0,0,0,0,0,0
9,i64,availability,shuffled,start,100,7,subtract,0,0,0,fused,0,128,5200,40,0,0,0,0,0,0,0,0
9,i64,availability,shuffled,start,100,7,subtract,0,0,0,events,0,128,2400,18,0,0,0,0,0,0,0,0
9,i64,availability,shuffled,start,100,7,subtract,0,0,0,fused,1,128,5100,39,0,0,0,0,0,0,0,0
9,i64,availability,shuffled,start,100,7,subtract,0,0,0,events,1,128,2700,21,0,0,0,0,0,0,0,0
9,i64,availability,shuffled,start,100,7,subtract,0,0,0,union_scan,1,128,3300,25,0,0,0,0,0,0,0,0
9,i64,availability,shuffled,start,100,7,subtract,0,0,0,events,2,128,2600,20,0,0,0,0,0,0,0,0
9,i64,availability,shuffled,start,100,7,subtract,0,0,0,union_scan,2,128,3300,25,0,0,0,0,0,0,0,0
9,i64,availability,shuffled,start,100,7,subtract,0,0,0,fused,2,128,5100,39,0,0,0,0,0,0,0,0
9,i64,availability,shuffled,start,100,7,intersect,0,0,0,union_scan,0,128,2200,17,0,0,0,0,0,0,0,0
9,i64,availability,shuffled,start,100,7,intersect,0,0,0,fused,0,128,4200,32,0,0,0,0,0,0,0,0
9,i64,availability,shuffled,start,100,7,intersect,0,0,0,events,0,128,2500,19,0,0,0,0,0,0,0,0
9,i64,availability,shuffled,start,100,7,intersect,0,0,0,fused,1,128,4300,33,0,0,0,0,0,0,0,0
9,i64,availability,shuffled,start,100,7,intersect,0,0,0,events,1,128,2600,20,0,0,0,0,0,0,0,0
9,i64,availability,shuffled,start,100,7,intersect,0,0,0,union_scan,1,128,2200,17,0,0,0,0,0,0,0,0
9,i64,availability,shuffled,start,100,7,intersect,0,0,0,events,2,128,3500,27,0,0,0,0,0,0,0,0
9,i64,availability,shuffled,start,100,7,intersect,0,0,0,union_scan,2,128,2600,20,0,0,0,0,0,0,0,0
9,i64,availability,shuffled,start,100,7,intersect,0,0,0,fused,2,128,5300,41,0,0,0,0,0,0,0,0
9,u64,availability,shuffled,start,100,7,subtract,0,0,0,union_scan,0,128,3700,28,0,0,0,0,0,0,0,0
9,u64,availability,shuffled,start,100,7,subtract,0,0,0,fused,0,128,5500,42,0,0,0,0,0,0,0,0
9,u64,availability,shuffled,start,100,7,subtract,0,0,0,events,0,128,3700,28,0,0,0,0,0,0,0,0
9,u64,availability,shuffled,start,100,7,subtract,0,0,0,fused,1,128,5600,43,0,0,0,0,0,0,0,0
9,u64,availability,shuffled,start,100,7,subtract,0,0,0,events,1,128,3900,30,0,0,0,0,0,0,0,0
9,u64,availability,shuffled,start,100,7,subtract,0,0,0,union_scan,1,128,3600,28,0,0,0,0,0,0,0,0
9,u64,availability,shuffled,start,100,7,subtract,0,0,0,events,2,128,3700,28,0,0,0,0,0,0,0,0
9,u64,availability,shuffled,start,100,7,subtract,0,0,0,union_scan,2,128,3600,28,0,0,0,0,0,0,0,0
9,u64,availability,shuffled,start,100,7,subtract,0,0,0,fused,2,128,5800,45,0,0,0,0,0,0,0,0
9,u64,availability,shuffled,start,100,7,intersect,0,0,0,union_scan,0,128,2700,21,0,0,0,0,0,0,0,0
9,u64,availability,shuffled,start,100,7,intersect,0,0,0,fused,0,128,5200,40,0,0,0,0,0,0,0,0
9,u64,availability,shuffled,start,100,7,intersect,0,0,0,events,0,128,3600,28,0,0,0,0,0,0,0,0
9,u64,availability,shuffled,start,100,7,intersect,0,0,0,fused,1,128,5000,39,0,0,0,0,0,0,0,0
9,u64,availability,shuffled,start,100,7,intersect,0,0,0,events,1,128,3700,28,0,0,0,0,0,0,0,0
9,u64,availability,shuffled,start,100,7,intersect,0,0,0,union_scan,1,128,2700,21,0,0,0,0,0,0,0,0
9,u64,availability,shuffled,start,100,7,intersect,0,0,0,events,2,128,3700,28,0,0,0,0,0,0,0,0
9,u64,availability,shuffled,start,100,7,intersect,0,0,0,union_scan,2,128,2700,21,0,0,0,0,0,0,0,0
9,u64,availability,shuffled,start,100,7,intersect,0,0,0,fused,2,128,5000,39,0,0,0,0,0,0,0,0
9,i16,availability,shuffled,start,100,7,subtract,0,0,0,union_scan,0,128,3800,29,0,0,0,0,0,0,0,0
9,i16,availability,shuffled,start,100,7,subtract,0,0,0,fused,0,128,5400,42,0,0,0,0,0,0,0,0
9,i16,availability,shuffled,start,100,7,subtract,0,0,0,events,0,128,3600,28,0,0,0,0,0,0,0,0
9,i16,availability,shuffled,start,100,7,subtract,0,0,0,fused,1,128,5200,40,0,0,0,0,0,0,0,0
9,i16,availability,shuffled,start,100,7,subtract,0,0,0,events,1,128,3600,28,0,0,0,0,0,0,0,0
9,i16,availability,shuffled,start,100,7,subtract,0,0,0,union_scan,1,128,3500,27,0,0,0,0,0,0,0,0
9,i16,availability,shuffled,start,100,7,subtract,0,0,0,events,2,128,3500,27,0,0,0,0,0,0,0,0
9,i16,availability,shuffled,start,100,7,subtract,0,0,0,union_scan,2,128,3400,26,0,0,0,0,0,0,0,0
9,i16,availability,shuffled,start,100,7,subtract,0,0,0,fused,2,128,5200,40,0,0,0,0,0,0,0,0
9,i16,availability,shuffled,start,100,7,intersect,0,0,0,union_scan,0,128,1800,14,0,0,0,0,0,0,0,0
9,i16,availability,shuffled,start,100,7,intersect,0,0,0,fused,0,128,4600,35,0,0,0,0,0,0,0,0
9,i16,availability,shuffled,start,100,7,intersect,0,0,0,events,0,128,3300,25,0,0,0,0,0,0,0,0
9,i16,availability,shuffled,start,100,7,intersect,0,0,0,fused,1,128,4500,35,0,0,0,0,0,0,0,0
9,i16,availability,shuffled,start,100,7,intersect,0,0,0,events,1,128,3300,25,0,0,0,0,0,0,0,0
9,i16,availability,shuffled,start,100,7,intersect,0,0,0,union_scan,1,128,1700,13,0,0,0,0,0,0,0,0
9,i16,availability,shuffled,start,100,7,intersect,0,0,0,events,2,128,3300,25,0,0,0,0,0,0,0,0
9,i16,availability,shuffled,start,100,7,intersect,0,0,0,union_scan,2,128,1800,14,0,0,0,0,0,0,0,0
9,i16,availability,shuffled,start,100,7,intersect,0,0,0,fused,2,128,4500,35,0,0,0,0,0,0,0,0
9,i64,availability,shuffled,start,100,7,subtract,8,8,0,union_scan,0,128,46200,360,256,5,8,0,8,0,8,16
9,i64,availability,shuffled,start,100,7,subtract,8,8,0,fused,0,128,48500,378,256,4,8,0,8,0,8,16
9,i64,availability,shuffled,start,100,7,subtract,8,8,0,events,0,128,91100,711,512,5,8,0,8,0,8,16
9,i64,availability,shuffled,start,100,7,subtract,8,8,0,fused,1,128,57600,450,256,4,8,0,8,0,8,16
9,i64,availability,shuffled,start,100,7,subtract,8,8,0,events,1,128,86100,672,512,5,8,0,8,0,8,16
9,i64,availability,shuffled,start,100,7,subtract,8,8,0,union_scan,1,128,55500,433,256,5,8,0,8,0,8,16
9,i64,availability,shuffled,start,100,7,subtract,8,8,0,events,2,128,59900,467,512,5,8,0,8,0,8,16
9,i64,availability,shuffled,start,100,7,subtract,8,8,0,union_scan,2,128,45800,357,256,5,8,0,8,0,8,16
9,i64,availability,shuffled,start,100,7,subtract,8,8,0,fused,2,128,41500,324,256,4,8,0,8,0,8,16
9,i64,availability,shuffled,start,100,7,intersect,8,8,0,union_scan,0,128,2200,17,0,0,8,0,8,0,0,16
9,i64,availability,shuffled,start,100,7,intersect,8,8,0,fused,0,128,21900,171,128,2,8,0,8,0,0,16
9,i64,availability,shuffled,start,100,7,intersect,8,8,0,events,0,128,43600,340,384,3,8,0,8,0,0,16
9,i64,availability,shuffled,start,100,7,intersect,8,8,0,fused,1,128,21900,171,128,2,8,0,8,0,0,16
9,i64,availability,shuffled,start,100,7,intersect,8,8,0,events,1,128,43600,340,384,3,8,0,8,0,0,16
9,i64,availability,shuffled,start,100,7,intersect,8,8,0,union_scan,1,128,2200,17,0,0,8,0,8,0,0,16
9,i64,availability,shuffled,start,100,7,intersect,8,8,0,events,2,128,43500,339,384,3,8,0,8,0,0,16
9,i64,availability,shuffled,start,100,7,intersect,8,8,0,union_scan,2,128,2200,17,0,0,8,0,8,0,0,16
9,i64,availability,shuffled,start,100,7,intersect,8,8,0,fused,2,128,21800,170,128,2,8,0,8,0,0,16
9,u64,availability,shuffled,start,100,7,subtract,8,8,0,union_scan,0,128,45800,357,256,5,8,0,8,0,8,16
9,u64,availability,shuffled,start,100,7,subtract,8,8,0,fused,0,128,42300,330,256,4,8,0,8,0,8,16
9,u64,availability,shuffled,start,100,7,subtract,8,8,0,events,0,128,60900,475,512,5,8,0,8,0,8,16
9,u64,availability,shuffled,start,100,7,subtract,8,8,0,fused,1,128,45500,355,256,4,8,0,8,0,8,16
9,u64,availability,shuffled,start,100,7,subtract,8,8,0,events,1,128,60600,473,512,5,8,0,8,0,8,16
9,u64,availability,shuffled,start,100,7,subtract,8,8,0,union_scan,1,128,65400,510,256,5,8,0,8,0,8,16
9,u64,availability,shuffled,start,100,7,subtract,8,8,0,events,2,128,65300,510,512,5,8,0,8,0,8,16
9,u64,availability,shuffled,start,100,7,subtract,8,8,0,union_scan,2,128,62100,485,256,5,8,0,8,0,8,16
9,u64,availability,shuffled,start,100,7,subtract,8,8,0,fused,2,128,59300,463,256,4,8,0,8,0,8,16
9,u64,availability,shuffled,start,100,7,intersect,8,8,0,union_scan,0,128,3400,26,0,0,8,0,8,0,0,16
9,u64,availability,shuffled,start,100,7,intersect,8,8,0,fused,0,128,29300,228,128,2,8,0,8,0,0,16
9,u64,availability,shuffled,start,100,7,intersect,8,8,0,events,0,128,61100,477,384,3,8,0,8,0,0,16
9,u64,availability,shuffled,start,100,7,intersect,8,8,0,fused,1,128,29100,227,128,2,8,0,8,0,0,16
9,u64,availability,shuffled,start,100,7,intersect,8,8,0,events,1,128,55500,433,384,3,8,0,8,0,0,16
9,u64,availability,shuffled,start,100,7,intersect,8,8,0,union_scan,1,128,2200,17,0,0,8,0,8,0,0,16
9,u64,availability,shuffled,start,100,7,intersect,8,8,0,events,2,128,44200,345,384,3,8,0,8,0,0,16
9,u64,availability,shuffled,start,100,7,intersect,8,8,0,union_scan,2,128,2100,16,0,0,8,0,8,0,0,16
9,u64,availability,shuffled,start,100,7,intersect,8,8,0,fused,2,128,21300,166,128,2,8,0,8,0,0,16
9,i16,availability,shuffled,start,100,7,subtract,8,8,0,union_scan,0,128,44300,346,64,5,8,0,8,0,8,16
9,i16,availability,shuffled,start,100,7,subtract,8,8,0,fused,0,128,39800,310,64,4,8,0,8,0,8,16
9,i16,availability,shuffled,start,100,7,subtract,8,8,0,events,0,128,57600,450,288,5,8,0,8,0,8,16
9,i16,availability,shuffled,start,100,7,subtract,8,8,0,fused,1,128,39500,308,64,4,8,0,8,0,8,16
9,i16,availability,shuffled,start,100,7,subtract,8,8,0,events,1,128,55900,436,288,5,8,0,8,0,8,16
9,i16,availability,shuffled,start,100,7,subtract,8,8,0,union_scan,1,128,43300,338,64,5,8,0,8,0,8,16
9,i16,availability,shuffled,start,100,7,subtract,8,8,0,events,2,128,56200,439,288,5,8,0,8,0,8,16
9,i16,availability,shuffled,start,100,7,subtract,8,8,0,union_scan,2,128,48400,378,64,5,8,0,8,0,8,16
9,i16,availability,shuffled,start,100,7,subtract,8,8,0,fused,2,128,39300,307,64,4,8,0,8,0,8,16
9,i16,availability,shuffled,start,100,7,intersect,8,8,0,union_scan,0,128,2100,16,0,0,8,0,8,0,0,16
9,i16,availability,shuffled,start,100,7,intersect,8,8,0,fused,0,128,22300,174,32,2,8,0,8,0,0,16
9,i16,availability,shuffled,start,100,7,intersect,8,8,0,events,0,128,41600,325,256,3,8,0,8,0,0,16
9,i16,availability,shuffled,start,100,7,intersect,8,8,0,fused,1,128,22400,175,32,2,8,0,8,0,0,16
9,i16,availability,shuffled,start,100,7,intersect,8,8,0,events,1,128,41400,323,256,3,8,0,8,0,0,16
9,i16,availability,shuffled,start,100,7,intersect,8,8,0,union_scan,1,128,2000,15,0,0,8,0,8,0,0,16
9,i16,availability,shuffled,start,100,7,intersect,8,8,0,events,2,128,41400,323,256,3,8,0,8,0,0,16
9,i16,availability,shuffled,start,100,7,intersect,8,8,0,union_scan,2,128,2000,15,0,0,8,0,8,0,0,16
9,i16,availability,shuffled,start,100,7,intersect,8,8,0,fused,2,128,22300,174,32,2,8,0,8,0,0,16
9,i64,availability,shuffled,start,100,7,subtract,1000,1000,0,union_scan,0,4,100000,25000,32768,19,1000,0,1000,0,1000,2000
9,i64,availability,shuffled,start,100,7,subtract,1000,1000,0,fused,0,4,95000,23750,32768,18,1000,0,1000,0,1000,2000
9,i64,availability,shuffled,start,100,7,subtract,1000,1000,0,events,0,4,293400,73350,65536,19,1000,0,1000,0,1000,2000
9,i64,availability,shuffled,start,100,7,subtract,1000,1000,0,fused,1,4,82200,20550,32768,18,1000,0,1000,0,1000,2000
9,i64,availability,shuffled,start,100,7,subtract,1000,1000,0,events,1,4,196500,49125,65536,19,1000,0,1000,0,1000,2000
9,i64,availability,shuffled,start,100,7,subtract,1000,1000,0,union_scan,1,4,84000,21000,32768,19,1000,0,1000,0,1000,2000
9,i64,availability,shuffled,start,100,7,subtract,1000,1000,0,events,2,4,211200,52800,65536,19,1000,0,1000,0,1000,2000
9,i64,availability,shuffled,start,100,7,subtract,1000,1000,0,union_scan,2,4,68700,17175,32768,19,1000,0,1000,0,1000,2000
9,i64,availability,shuffled,start,100,7,subtract,1000,1000,0,fused,2,4,112800,28200,32768,18,1000,0,1000,0,1000,2000
9,i64,availability,shuffled,start,100,7,intersect,1000,1000,0,union_scan,0,4,2600,650,0,0,1000,0,1000,0,0,2000
9,i64,availability,shuffled,start,100,7,intersect,1000,1000,0,fused,0,4,71100,17775,16384,9,1000,0,1000,0,0,2000
9,i64,availability,shuffled,start,100,7,intersect,1000,1000,0,events,0,4,251100,62775,49152,10,1000,0,1000,0,0,2000
9,i64,availability,shuffled,start,100,7,intersect,1000,1000,0,fused,1,4,72200,18050,16384,9,1000,0,1000,0,0,2000
9,i64,availability,shuffled,start,100,7,intersect,1000,1000,0,events,1,4,232700,58175,49152,10,1000,0,1000,0,0,2000
9,i64,availability,shuffled,start,100,7,intersect,1000,1000,0,union_scan,1,4,2500,625,0,0,1000,0,1000,0,0,2000
9,i64,availability,shuffled,start,100,7,intersect,1000,1000,0,events,2,4,226900,56725,49152,10,1000,0,1000,0,0,2000
9,i64,availability,shuffled,start,100,7,intersect,1000,1000,0,union_scan,2,4,2200,550,0,0,1000,0,1000,0,0,2000
9,i64,availability,shuffled,start,100,7,intersect,1000,1000,0,fused,2,4,52000,13000,16384,9,1000,0,1000,0,0,2000
9,u64,availability,shuffled,start,100,7,subtract,1000,1000,0,union_scan,0,4,96100,24025,32768,19,1000,0,1000,0,1000,2000
9,u64,availability,shuffled,start,100,7,subtract,1000,1000,0,fused,0,4,106500,26625,32768,18,1000,0,1000,0,1000,2000
9,u64,availability,shuffled,start,100,7,subtract,1000,1000,0,events,0,4,399000,99750,65536,19,1000,0,1000,0,1000,2000
9,u64,availability,shuffled,start,100,7,subtract,1000,1000,0,fused,1,4,126800,31700,32768,18,1000,0,1000,0,1000,2000
9,u64,availability,shuffled,start,100,7,subtract,1000,1000,0,events,1,4,289700,72425,65536,19,1000,0,1000,0,1000,2000
9,u64,availability,shuffled,start,100,7,subtract,1000,1000,0,union_scan,1,4,96000,24000,32768,19,1000,0,1000,0,1000,2000
9,u64,availability,shuffled,start,100,7,subtract,1000,1000,0,events,2,4,309700,77425,65536,19,1000,0,1000,0,1000,2000
9,u64,availability,shuffled,start,100,7,subtract,1000,1000,0,union_scan,2,4,93800,23450,32768,19,1000,0,1000,0,1000,2000
9,u64,availability,shuffled,start,100,7,subtract,1000,1000,0,fused,2,4,104900,26225,32768,18,1000,0,1000,0,1000,2000
9,u64,availability,shuffled,start,100,7,intersect,1000,1000,0,union_scan,0,4,2500,625,0,0,1000,0,1000,0,0,2000
9,u64,availability,shuffled,start,100,7,intersect,1000,1000,0,fused,0,4,46100,11525,16384,9,1000,0,1000,0,0,2000
9,u64,availability,shuffled,start,100,7,intersect,1000,1000,0,events,0,4,174800,43700,49152,10,1000,0,1000,0,0,2000
9,u64,availability,shuffled,start,100,7,intersect,1000,1000,0,fused,1,4,57000,14250,16384,9,1000,0,1000,0,0,2000
9,u64,availability,shuffled,start,100,7,intersect,1000,1000,0,events,1,4,247500,61875,49152,10,1000,0,1000,0,0,2000
9,u64,availability,shuffled,start,100,7,intersect,1000,1000,0,union_scan,1,4,2700,675,0,0,1000,0,1000,0,0,2000
9,u64,availability,shuffled,start,100,7,intersect,1000,1000,0,events,2,4,180700,45175,49152,10,1000,0,1000,0,0,2000
9,u64,availability,shuffled,start,100,7,intersect,1000,1000,0,union_scan,2,4,2200,550,0,0,1000,0,1000,0,0,2000
9,u64,availability,shuffled,start,100,7,intersect,1000,1000,0,fused,2,4,47800,11950,16384,9,1000,0,1000,0,0,2000
9,i16,availability,shuffled,start,100,7,subtract,1000,1000,0,union_scan,0,4,60400,15100,8192,19,1000,0,1000,0,1000,2000
9,i16,availability,shuffled,start,100,7,subtract,1000,1000,0,fused,0,4,64900,16225,8192,18,1000,0,1000,0,1000,2000
9,i16,availability,shuffled,start,100,7,subtract,1000,1000,0,events,0,4,150900,37725,36864,19,1000,0,1000,0,1000,2000
9,i16,availability,shuffled,start,100,7,subtract,1000,1000,0,fused,1,4,84900,21225,8192,18,1000,0,1000,0,1000,2000
9,i16,availability,shuffled,start,100,7,subtract,1000,1000,0,events,1,4,156600,39150,36864,19,1000,0,1000,0,1000,2000
9,i16,availability,shuffled,start,100,7,subtract,1000,1000,0,union_scan,1,4,61500,15375,8192,19,1000,0,1000,0,1000,2000
9,i16,availability,shuffled,start,100,7,subtract,1000,1000,0,events,2,4,179700,44925,36864,19,1000,0,1000,0,1000,2000
9,i16,availability,shuffled,start,100,7,subtract,1000,1000,0,union_scan,2,4,71900,17975,8192,19,1000,0,1000,0,1000,2000
9,i16,availability,shuffled,start,100,7,subtract,1000,1000,0,fused,2,4,96200,24050,8192,18,1000,0,1000,0,1000,2000
9,i16,availability,shuffled,start,100,7,intersect,1000,1000,0,union_scan,0,4,2200,550,0,0,1000,0,1000,0,0,2000
9,i16,availability,shuffled,start,100,7,intersect,1000,1000,0,fused,0,4,44800,11200,4096,9,1000,0,1000,0,0,2000
9,i16,availability,shuffled,start,100,7,intersect,1000,1000,0,events,0,4,131900,32975,32768,10,1000,0,1000,0,0,2000
9,i16,availability,shuffled,start,100,7,intersect,1000,1000,0,fused,1,4,44900,11225,4096,9,1000,0,1000,0,0,2000
9,i16,availability,shuffled,start,100,7,intersect,1000,1000,0,events,1,4,169800,42450,32768,10,1000,0,1000,0,0,2000
9,i16,availability,shuffled,start,100,7,intersect,1000,1000,0,union_scan,1,4,2500,625,0,0,1000,0,1000,0,0,2000
9,i16,availability,shuffled,start,100,7,intersect,1000,1000,0,events,2,4,172200,43050,32768,10,1000,0,1000,0,0,2000
9,i16,availability,shuffled,start,100,7,intersect,1000,1000,0,union_scan,2,4,2200,550,0,0,1000,0,1000,0,0,2000
9,i16,availability,shuffled,start,100,7,intersect,1000,1000,0,fused,2,4,47400,11850,4096,9,1000,0,1000,0,0,2000
9,i64,availability,shuffled,start,100,7,subtract,10000,10000,0,union_scan,0,1,368100,368100,524288,27,10000,0,10000,0,10000,20000
9,i64,availability,shuffled,start,100,7,subtract,10000,10000,0,fused,0,1,286200,286200,524288,26,10000,0,10000,0,10000,20000
9,i64,availability,shuffled,start,100,7,subtract,10000,10000,0,events,0,1,787900,787900,1048576,27,10000,0,10000,0,10000,20000
9,i64,availability,shuffled,start,100,7,subtract,10000,10000,0,fused,1,1,259200,259200,524288,26,10000,0,10000,0,10000,20000
9,i64,availability,shuffled,start,100,7,subtract,10000,10000,0,events,1,1,766200,766200,1048576,27,10000,0,10000,0,10000,20000
9,i64,availability,shuffled,start,100,7,subtract,10000,10000,0,union_scan,1,1,399600,399600,524288,27,10000,0,10000,0,10000,20000
9,i64,availability,shuffled,start,100,7,subtract,10000,10000,0,events,2,1,954300,954300,1048576,27,10000,0,10000,0,10000,20000
9,i64,availability,shuffled,start,100,7,subtract,10000,10000,0,union_scan,2,1,354300,354300,524288,27,10000,0,10000,0,10000,20000
9,i64,availability,shuffled,start,100,7,subtract,10000,10000,0,fused,2,1,289000,289000,524288,26,10000,0,10000,0,10000,20000
9,i64,availability,shuffled,start,100,7,intersect,10000,10000,0,union_scan,0,1,5300,5300,0,0,10000,0,10000,0,0,20000
9,i64,availability,shuffled,start,100,7,intersect,10000,10000,0,fused,0,1,193900,193900,262144,13,10000,0,10000,0,0,20000
9,i64,availability,shuffled,start,100,7,intersect,10000,10000,0,events,0,1,687600,687600,786432,14,10000,0,10000,0,0,20000
9,i64,availability,shuffled,start,100,7,intersect,10000,10000,0,fused,1,1,193800,193800,262144,13,10000,0,10000,0,0,20000
9,i64,availability,shuffled,start,100,7,intersect,10000,10000,0,events,1,1,661300,661300,786432,14,10000,0,10000,0,0,20000
9,i64,availability,shuffled,start,100,7,intersect,10000,10000,0,union_scan,1,1,5600,5600,0,0,10000,0,10000,0,0,20000
9,i64,availability,shuffled,start,100,7,intersect,10000,10000,0,events,2,1,846900,846900,786432,14,10000,0,10000,0,0,20000
9,i64,availability,shuffled,start,100,7,intersect,10000,10000,0,union_scan,2,1,5800,5800,0,0,10000,0,10000,0,0,20000
9,i64,availability,shuffled,start,100,7,intersect,10000,10000,0,fused,2,1,234800,234800,262144,13,10000,0,10000,0,0,20000
9,u64,availability,shuffled,start,100,7,subtract,10000,10000,0,union_scan,0,1,397100,397100,524288,27,10000,0,10000,0,10000,20000
9,u64,availability,shuffled,start,100,7,subtract,10000,10000,0,fused,0,1,370900,370900,524288,26,10000,0,10000,0,10000,20000
9,u64,availability,shuffled,start,100,7,subtract,10000,10000,0,events,0,1,877800,877800,1048576,27,10000,0,10000,0,10000,20000
9,u64,availability,shuffled,start,100,7,subtract,10000,10000,0,fused,1,1,367400,367400,524288,26,10000,0,10000,0,10000,20000
9,u64,availability,shuffled,start,100,7,subtract,10000,10000,0,events,1,1,865500,865500,1048576,27,10000,0,10000,0,10000,20000
9,u64,availability,shuffled,start,100,7,subtract,10000,10000,0,union_scan,1,1,368600,368600,524288,27,10000,0,10000,0,10000,20000
9,u64,availability,shuffled,start,100,7,subtract,10000,10000,0,events,2,1,1064900,1064900,1048576,27,10000,0,10000,0,10000,20000
9,u64,availability,shuffled,start,100,7,subtract,10000,10000,0,union_scan,2,1,396300,396300,524288,27,10000,0,10000,0,10000,20000
9,u64,availability,shuffled,start,100,7,subtract,10000,10000,0,fused,2,1,314300,314300,524288,26,10000,0,10000,0,10000,20000
9,u64,availability,shuffled,start,100,7,intersect,10000,10000,0,union_scan,0,1,6200,6200,0,0,10000,0,10000,0,0,20000
9,u64,availability,shuffled,start,100,7,intersect,10000,10000,0,fused,0,1,243800,243800,262144,13,10000,0,10000,0,0,20000
9,u64,availability,shuffled,start,100,7,intersect,10000,10000,0,events,0,1,662500,662500,786432,14,10000,0,10000,0,0,20000
9,u64,availability,shuffled,start,100,7,intersect,10000,10000,0,fused,1,1,199500,199500,262144,13,10000,0,10000,0,0,20000
9,u64,availability,shuffled,start,100,7,intersect,10000,10000,0,events,1,1,619200,619200,786432,14,10000,0,10000,0,0,20000
9,u64,availability,shuffled,start,100,7,intersect,10000,10000,0,union_scan,1,1,5600,5600,0,0,10000,0,10000,0,0,20000
9,u64,availability,shuffled,start,100,7,intersect,10000,10000,0,events,2,1,755200,755200,786432,14,10000,0,10000,0,0,20000
9,u64,availability,shuffled,start,100,7,intersect,10000,10000,0,union_scan,2,1,15500,15500,0,0,10000,0,10000,0,0,20000
9,u64,availability,shuffled,start,100,7,intersect,10000,10000,0,fused,2,1,263100,263100,262144,13,10000,0,10000,0,0,20000
9,i64,availability,shuffled,start,100,7,subtract,100000,100000,0,union_scan,0,1,5373300,5373300,4194304,33,100000,0,100000,0,100000,200000
9,i64,availability,shuffled,start,100,7,subtract,100000,100000,0,fused,0,1,5172100,5172100,4194304,32,100000,0,100000,0,100000,200000
9,i64,availability,shuffled,start,100,7,subtract,100000,100000,0,events,0,1,12919000,12919000,8388608,33,100000,0,100000,0,100000,200000
9,i64,availability,shuffled,start,100,7,subtract,100000,100000,0,fused,1,1,4582600,4582600,4194304,32,100000,0,100000,0,100000,200000
9,i64,availability,shuffled,start,100,7,subtract,100000,100000,0,events,1,1,10792900,10792900,8388608,33,100000,0,100000,0,100000,200000
9,i64,availability,shuffled,start,100,7,subtract,100000,100000,0,union_scan,1,1,4390100,4390100,4194304,33,100000,0,100000,0,100000,200000
9,i64,availability,shuffled,start,100,7,subtract,100000,100000,0,events,2,1,10771300,10771300,8388608,33,100000,0,100000,0,100000,200000
9,i64,availability,shuffled,start,100,7,subtract,100000,100000,0,union_scan,2,1,4924100,4924100,4194304,33,100000,0,100000,0,100000,200000
9,i64,availability,shuffled,start,100,7,subtract,100000,100000,0,fused,2,1,4196200,4196200,4194304,32,100000,0,100000,0,100000,200000
9,i64,availability,shuffled,start,100,7,intersect,100000,100000,0,union_scan,0,1,271100,271100,0,0,100000,0,100000,0,0,200000
9,i64,availability,shuffled,start,100,7,intersect,100000,100000,0,fused,0,1,2889400,2889400,2097152,16,100000,0,100000,0,0,200000
9,i64,availability,shuffled,start,100,7,intersect,100000,100000,0,events,0,1,9400200,9400200,6291456,17,100000,0,100000,0,0,200000
9,i64,availability,shuffled,start,100,7,intersect,100000,100000,0,fused,1,1,3265100,3265100,2097152,16,100000,0,100000,0,0,200000
9,i64,availability,shuffled,start,100,7,intersect,100000,100000,0,events,1,1,9270500,9270500,6291456,17,100000,0,100000,0,0,200000
9,i64,availability,shuffled,start,100,7,intersect,100000,100000,0,union_scan,1,1,160300,160300,0,0,100000,0,100000,0,0,200000
9,i64,availability,shuffled,start,100,7,intersect,100000,100000,0,events,2,1,9184900,9184900,6291456,17,100000,0,100000,0,0,200000
9,i64,availability,shuffled,start,100,7,intersect,100000,100000,0,union_scan,2,1,155500,155500,0,0,100000,0,100000,0,0,200000
9,i64,availability,shuffled,start,100,7,intersect,100000,100000,0,fused,2,1,2849900,2849900,2097152,16,100000,0,100000,0,0,200000
9,u64,availability,shuffled,start,100,7,subtract,100000,100000,0,union_scan,0,1,4310100,4310100,4194304,33,100000,0,100000,0,100000,200000
9,u64,availability,shuffled,start,100,7,subtract,100000,100000,0,fused,0,1,4390800,4390800,4194304,32,100000,0,100000,0,100000,200000
9,u64,availability,shuffled,start,100,7,subtract,100000,100000,0,events,0,1,10192600,10192600,8388608,33,100000,0,100000,0,100000,200000
9,u64,availability,shuffled,start,100,7,subtract,100000,100000,0,fused,1,1,4025300,4025300,4194304,32,100000,0,100000,0,100000,200000
9,u64,availability,shuffled,start,100,7,subtract,100000,100000,0,events,1,1,10282600,10282600,8388608,33,100000,0,100000,0,100000,200000
9,u64,availability,shuffled,start,100,7,subtract,100000,100000,0,union_scan,1,1,3981300,3981300,4194304,33,100000,0,100000,0,100000,200000
9,u64,availability,shuffled,start,100,7,subtract,100000,100000,0,events,2,1,12340900,12340900,8388608,33,100000,0,100000,0,100000,200000
9,u64,availability,shuffled,start,100,7,subtract,100000,100000,0,union_scan,2,1,5052700,5052700,4194304,33,100000,0,100000,0,100000,200000
9,u64,availability,shuffled,start,100,7,subtract,100000,100000,0,fused,2,1,4420600,4420600,4194304,32,100000,0,100000,0,100000,200000
9,u64,availability,shuffled,start,100,7,intersect,100000,100000,0,union_scan,0,1,176700,176700,0,0,100000,0,100000,0,0,200000
9,u64,availability,shuffled,start,100,7,intersect,100000,100000,0,fused,0,1,2747300,2747300,2097152,16,100000,0,100000,0,0,200000
9,u64,availability,shuffled,start,100,7,intersect,100000,100000,0,events,0,1,9125900,9125900,6291456,17,100000,0,100000,0,0,200000
9,u64,availability,shuffled,start,100,7,intersect,100000,100000,0,fused,1,1,2966600,2966600,2097152,16,100000,0,100000,0,0,200000
9,u64,availability,shuffled,start,100,7,intersect,100000,100000,0,events,1,1,10750500,10750500,6291456,17,100000,0,100000,0,0,200000
9,u64,availability,shuffled,start,100,7,intersect,100000,100000,0,union_scan,1,1,248000,248000,0,0,100000,0,100000,0,0,200000
9,u64,availability,shuffled,start,100,7,intersect,100000,100000,0,events,2,1,10101400,10101400,6291456,17,100000,0,100000,0,0,200000
9,u64,availability,shuffled,start,100,7,intersect,100000,100000,0,union_scan,2,1,155300,155300,0,0,100000,0,100000,0,0,200000
9,u64,availability,shuffled,start,100,7,intersect,100000,100000,0,fused,2,1,2747600,2747600,2097152,16,100000,0,100000,0,0,200000
10,i64,availability,start,shuffled,0,7,subtract,0,0,0,union_scan,0,128,3300,25,0,0,0,0,0,0,0,0
10,i64,availability,start,shuffled,0,7,subtract,0,0,0,fused,0,128,5100,39,0,0,0,0,0,0,0,0
10,i64,availability,start,shuffled,0,7,subtract,0,0,0,events,0,128,2500,19,0,0,0,0,0,0,0,0
10,i64,availability,start,shuffled,0,7,subtract,0,0,0,fused,1,128,5100,39,0,0,0,0,0,0,0,0
10,i64,availability,start,shuffled,0,7,subtract,0,0,0,events,1,128,2400,18,0,0,0,0,0,0,0,0
10,i64,availability,start,shuffled,0,7,subtract,0,0,0,union_scan,1,128,3200,25,0,0,0,0,0,0,0,0
10,i64,availability,start,shuffled,0,7,subtract,0,0,0,events,2,128,2400,18,0,0,0,0,0,0,0,0
10,i64,availability,start,shuffled,0,7,subtract,0,0,0,union_scan,2,128,3200,25,0,0,0,0,0,0,0,0
10,i64,availability,start,shuffled,0,7,subtract,0,0,0,fused,2,128,5000,39,0,0,0,0,0,0,0,0
10,i64,availability,start,shuffled,0,7,intersect,0,0,0,union_scan,0,128,2200,17,0,0,0,0,0,0,0,0
10,i64,availability,start,shuffled,0,7,intersect,0,0,0,fused,0,128,4200,32,0,0,0,0,0,0,0,0
10,i64,availability,start,shuffled,0,7,intersect,0,0,0,events,0,128,2500,19,0,0,0,0,0,0,0,0
10,i64,availability,start,shuffled,0,7,intersect,0,0,0,fused,1,128,4200,32,0,0,0,0,0,0,0,0
10,i64,availability,start,shuffled,0,7,intersect,0,0,0,events,1,128,2500,19,0,0,0,0,0,0,0,0
10,i64,availability,start,shuffled,0,7,intersect,0,0,0,union_scan,1,128,2100,16,0,0,0,0,0,0,0,0
10,i64,availability,start,shuffled,0,7,intersect,0,0,0,events,2,128,2600,20,0,0,0,0,0,0,0,0
10,i64,availability,start,shuffled,0,7,intersect,0,0,0,union_scan,2,128,2200,17,0,0,0,0,0,0,0,0
10,i64,availability,start,shuffled,0,7,intersect,0,0,0,fused,2,128,4200,32,0,0,0,0,0,0,0,0
10,u64,availability,start,shuffled,0,7,subtract,0,0,0,union_scan,0,128,3400,26,0,0,0,0,0,0,0,0
10,u64,availability,start,shuffled,0,7,subtract,0,0,0,fused,0,128,5200,40,0,0,0,0,0,0,0,0
10,u64,availability,start,shuffled,0,7,subtract,0,0,0,events,0,128,2400,18,0,0,0,0,0,0,0,0
10,u64,availability,start,shuffled,0,7,subtract,0,0,0,fused,1,128,5300,41,0,0,0,0,0,0,0,0
10,u64,availability,start,shuffled,0,7,subtract,0,0,0,events,1,128,2500,19,0,0,0,0,0,0,0,0
10,u64,availability,start,shuffled,0,7,subtract,0,0,0,union_scan,1,128,3400,26,0,0,0,0,0,0,0,0
10,u64,availability,start,shuffled,0,7,subtract,0,0,0,events,2,128,2600,20,0,0,0,0,0,0,0,0
10,u64,availability,start,shuffled,0,7,subtract,0,0,0,union_scan,2,128,3300,25,0,0,0,0,0,0,0,0
10,u64,availability,start,shuffled,0,7,subtract,0,0,0,fused,2,128,5200,40,0,0,0,0,0,0,0,0
10,u64,availability,start,shuffled,0,7,intersect,0,0,0,union_scan,0,128,1600,12,0,0,0,0,0,0,0,0
10,u64,availability,start,shuffled,0,7,intersect,0,0,0,fused,0,128,4400,34,0,0,0,0,0,0,0,0
10,u64,availability,start,shuffled,0,7,intersect,0,0,0,events,0,128,2400,18,0,0,0,0,0,0,0,0
10,u64,availability,start,shuffled,0,7,intersect,0,0,0,fused,1,128,4500,35,0,0,0,0,0,0,0,0
10,u64,availability,start,shuffled,0,7,intersect,0,0,0,events,1,128,2400,18,0,0,0,0,0,0,0,0
10,u64,availability,start,shuffled,0,7,intersect,0,0,0,union_scan,1,128,1500,11,0,0,0,0,0,0,0,0
10,u64,availability,start,shuffled,0,7,intersect,0,0,0,events,2,128,2400,18,0,0,0,0,0,0,0,0
10,u64,availability,start,shuffled,0,7,intersect,0,0,0,union_scan,2,128,1500,11,0,0,0,0,0,0,0,0
10,u64,availability,start,shuffled,0,7,intersect,0,0,0,fused,2,128,4500,35,0,0,0,0,0,0,0,0
10,i16,availability,start,shuffled,0,7,subtract,0,0,0,union_scan,0,128,3400,26,0,0,0,0,0,0,0,0
10,i16,availability,start,shuffled,0,7,subtract,0,0,0,fused,0,128,5400,42,0,0,0,0,0,0,0,0
10,i16,availability,start,shuffled,0,7,subtract,0,0,0,events,0,128,3500,27,0,0,0,0,0,0,0,0
10,i16,availability,start,shuffled,0,7,subtract,0,0,0,fused,1,128,5400,42,0,0,0,0,0,0,0,0
10,i16,availability,start,shuffled,0,7,subtract,0,0,0,events,1,128,3500,27,0,0,0,0,0,0,0,0
10,i16,availability,start,shuffled,0,7,subtract,0,0,0,union_scan,1,128,3400,26,0,0,0,0,0,0,0,0
10,i16,availability,start,shuffled,0,7,subtract,0,0,0,events,2,128,3600,28,0,0,0,0,0,0,0,0
10,i16,availability,start,shuffled,0,7,subtract,0,0,0,union_scan,2,128,3400,26,0,0,0,0,0,0,0,0
10,i16,availability,start,shuffled,0,7,subtract,0,0,0,fused,2,128,5400,42,0,0,0,0,0,0,0,0
10,i16,availability,start,shuffled,0,7,intersect,0,0,0,union_scan,0,128,1500,11,0,0,0,0,0,0,0,0
10,i16,availability,start,shuffled,0,7,intersect,0,0,0,fused,0,128,4400,34,0,0,0,0,0,0,0,0
10,i16,availability,start,shuffled,0,7,intersect,0,0,0,events,0,128,3300,25,0,0,0,0,0,0,0,0
10,i16,availability,start,shuffled,0,7,intersect,0,0,0,fused,1,128,4500,35,0,0,0,0,0,0,0,0
10,i16,availability,start,shuffled,0,7,intersect,0,0,0,events,1,128,3300,25,0,0,0,0,0,0,0,0
10,i16,availability,start,shuffled,0,7,intersect,0,0,0,union_scan,1,128,1500,11,0,0,0,0,0,0,0,0
10,i16,availability,start,shuffled,0,7,intersect,0,0,0,events,2,128,3300,25,0,0,0,0,0,0,0,0
10,i16,availability,start,shuffled,0,7,intersect,0,0,0,union_scan,2,128,1500,11,0,0,0,0,0,0,0,0
10,i16,availability,start,shuffled,0,7,intersect,0,0,0,fused,2,128,4400,34,0,0,0,0,0,0,0,0
10,i64,availability,start,shuffled,0,7,subtract,8,0,8,union_scan,0,128,3400,26,0,0,0,8,0,8,0,16
10,i64,availability,start,shuffled,0,7,subtract,8,0,8,fused,0,128,21800,170,128,2,0,8,0,8,0,16
10,i64,availability,start,shuffled,0,7,subtract,8,0,8,events,0,128,42600,332,384,3,0,8,0,8,0,16
10,i64,availability,start,shuffled,0,7,subtract,8,0,8,fused,1,128,20900,163,128,2,0,8,0,8,0,16
10,i64,availability,start,shuffled,0,7,subtract,8,0,8,events,1,128,54600,426,384,3,0,8,0,8,0,16
10,i64,availability,start,shuffled,0,7,subtract,8,0,8,union_scan,1,128,4200,32,0,0,0,8,0,8,0,16
10,i64,availability,start,shuffled,0,7,subtract,8,0,8,events,2,128,43500,339,384,3,0,8,0,8,0,16
10,i64,availability,start,shuffled,0,7,subtract,8,0,8,union_scan,2,128,3300,25,0,0,0,8,0,8,0,16
10,i64,availability,start,shuffled,0,7,subtract,8,0,8,fused,2,128,21100,164,128,2,0,8,0,8,0,16
10,i64,availability,start,shuffled,0,7,intersect,8,0,8,union_scan,0,128,2200,17,0,0,0,8,0,8,0,16
10,i64,availability,start,shuffled,0,7,intersect,8,0,8,fused,0,128,20400,159,128,2,0,8,0,8,0,16
10,i64,availability,start,shuffled,0,7,intersect,8,0,8,events,0,128,42700,333,384,3,0,8,0,8,0,16
10,i64,availability,start,shuffled,0,7,intersect,8,0,8,fused,1,128,21200,165,128,2,0,8,0,8,0,16
10,i64,availability,start,shuffled,0,7,intersect,8,0,8,events,1,128,41000,320,384,3,0,8,0,8,0,16
10,i64,availability,start,shuffled,0,7,intersect,8,0,8,union_scan,1,128,2200,17,0,0,0,8,0,8,0,16
10,i64,availability,start,shuffled,0,7,intersect,8,0,8,events,2,128,43200,337,384,3,0,8,0,8,0,16
10,i64,availability,start,shuffled,0,7,intersect,8,0,8,union_scan,2,128,2700,21,0,0,0,8,0,8,0,16
10,i64,availability,start,shuffled,0,7,intersect,8,0,8,fused,2,128,24600,192,128,2,0,8,0,8,0,16
10,u64,availability,start,shuffled,0,7,subtract,8,0,8,union_scan,0,128,4000,31,0,0,0,8,0,8,0,16
10,u64,availability,start,shuffled,0,7,subtract,8,0,8,fused,0,128,23400,182,128,2,0,8,0,8,0,16
10,u64,availability,start,shuffled,0,7,subtract,8,0,8,events,0,128,41600,325,384,3,0,8,0,8,0,16
10,u64,availability,start,shuffled,0,7,subtract,8,0,8,fused,1,128,22200,173,128,2,0,8,0,8,0,16
10,u64,availability,start,shuffled,0,7,subtract,8,0,8,events,1,128,41500,324,384,3,0,8,0,8,0,16
10,u64,availability,start,shuffled,0,7,subtract,8,0,8,union_scan,1,128,3300,25,0,0,0,8,0,8,0,16
10,u64,availability,start,shuffled,0,7,subtract,8,0,8,events,2,128,41600,325,384,3,0,8,0,8,0,16
10,u64,availability,start,shuffled,0,7,subtract,8,0,8,union_scan,2,128,3300,25,0,0,0,8,0,8,0,16
10,u64,availability,start,shuffled,0,7,subtract,8,0,8,fused,2,128,21900,171,128,2,0,8,0,8,0,16
10,u64,availability,start,shuffled,0,7,intersect,8,0,8,union_scan,0,128,2000,15,0,0,0,8,0,8,0,16
10,u64,availability,start,shuffled,0,7,intersect,8,0,8,fused,0,128,20900,163,128,2,0,8,0,8,0,16
10,u64,availability,start,shuffled,0,7,intersect,8,0,8,events,0,128,41400,323,384,3,0,8,0,8,0,16
10,u64,availability,start,shuffled,0,7,intersect,8,0,8,fused,1,128,20500,160,128,2,0,8,0,8,0,16
10,u64,availability,start,shuffled,0,7,intersect,8,0,8,events,1,128,41200,321,384,3,0,8,0,8,0,16
10,u64,availability,start,shuffled,0,7,intersect,8,0,8,union_scan,1,128,2000,15,0,0,0,8,0,8,0,16
10,u64,availability,start,shuffled,0,7,intersect,8,0,8,events,2,128,40600,317,384,3,0,8,0,8,0,16
10,u64,availability,start,shuffled,0,7,intersect,8,0,8,union_scan,2,128,2000,15,0,0,0,8,0,8,0,16
10,u64,availability,start,shuffled,0,7,intersect,8,0,8,fused,2,128,20500,160,128,2,0,8,0,8,0,16
10,i16,availability,start,shuffled,0,7,subtract,8,0,8,union_scan,0,128,3200,25,0,0,0,8,0,8,0,16
10,i16,availability,start,shuffled,0,7,subtract,8,0,8,fused,0,128,22100,172,32,2,0,8,0,8,0,16
10,i16,availability,start,shuffled,0,7,subtract,8,0,8,events,0,128,45100,352,256,3,0,8,0,8,0,16
10,i16,availability,start,shuffled,0,7,subtract,8,0,8,fused,1,128,21100,164,32,2,0,8,0,8,0,16
10,i16,availability,start,shuffled,0,7,subtract,8,0,8,events,1,128,44300,346,256,3,0,8,0,8,0,16
10,i16,availability,start,shuffled,0,7,subtract,8,0,8,union_scan,1,128,3200,25,0,0,0,8,0,8,0,16
10,i16,availability,start,shuffled,0,7,subtract,8,0,8,events,2,128,50900,397,256,3,0,8,0,8,0,16
10,i16,availability,start,shuffled,0,7,subtract,8,0,8,union_scan,2,128,3100,24,0,0,0,8,0,8,0,16
10,i16,availability,start,shuffled,0,7,subtract,8,0,8,fused,2,128,21000,164,32,2,0,8,0,8,0,16
10,i16,availability,start,shuffled,0,7,intersect,8,0,8,union_scan,0,128,2100,16,0,0,0,8,0,8,0,16
10,i16,availability,start,shuffled,0,7,intersect,8,0,8,fused,0,128,22200,173,32,2,0,8,0,8,0,16
10,i16,availability,start,shuffled,0,7,intersect,8,0,8,events,0,128,46200,360,256,3,0,8,0,8,0,16
10,i16,availability,start,shuffled,0,7,intersect,8,0,8,fused,1,128,22100,172,32,2,0,8,0,8,0,16
10,i16,availability,start,shuffled,0,7,intersect,8,0,8,events,1,128,46600,364,256,3,0,8,0,8,0,16
10,i16,availability,start,shuffled,0,7,intersect,8,0,8,union_scan,1,128,2100,16,0,0,0,8,0,8,0,16
10,i16,availability,start,shuffled,0,7,intersect,8,0,8,events,2,128,46300,361,256,3,0,8,0,8,0,16
10,i16,availability,start,shuffled,0,7,intersect,8,0,8,union_scan,2,128,2100,16,0,0,0,8,0,8,0,16
10,i16,availability,start,shuffled,0,7,intersect,8,0,8,fused,2,128,22300,174,32,2,0,8,0,8,0,16
10,i64,availability,start,shuffled,0,7,subtract,1000,0,1000,union_scan,0,4,2100,525,0,0,0,1000,0,1000,0,2000
10,i64,availability,start,shuffled,0,7,subtract,1000,0,1000,fused,0,4,49100,12275,16384,9,0,1000,0,1000,0,2000
10,i64,availability,start,shuffled,0,7,subtract,1000,0,1000,events,0,4,174800,43700,49152,10,0,1000,0,1000,0,2000
10,i64,availability,start,shuffled,0,7,subtract,1000,0,1000,fused,1,4,47600,11900,16384,9,0,1000,0,1000,0,2000
10,i64,availability,start,shuffled,0,7,subtract,1000,0,1000,events,1,4,166600,41650,49152,10,0,1000,0,1000,0,2000
10,i64,availability,start,shuffled,0,7,subtract,1000,0,1000,union_scan,1,4,2100,525,0,0,0,1000,0,1000,0,2000
10,i64,availability,start,shuffled,0,7,subtract,1000,0,1000,events,2,4,164000,41000,49152,10,0,1000,0,1000,0,2000
10,i64,availability,start,shuffled,0,7,subtract,1000,0,1000,union_scan,2,4,2100,525,0,0,0,1000,0,1000,0,2000
10,i64,availability,start,shuffled,0,7,subtract,1000,0,1000,fused,2,4,53600,13400,16384,9,0,1000,0,1000,0,2000
10,i64,availability,start,shuffled,0,7,intersect,1000,0,1000,union_scan,0,4,2200,550,0,0,0,1000,0,1000,0,2000
10,i64,availability,start,shuffled,0,7,intersect,1000,0,1000,fused,0,4,45600,11400,16384,9,0,1000,0,1000,0,2000
10,i64,availability,start,shuffled,0,7,intersect,1000,0,1000,events,0,4,164200,41050,49152,10,0,1000,0,1000,0,2000
10,i64,availability,start,shuffled,0,7,intersect,1000,0,1000,fused,1,4,45100,11275,16384,9,0,1000,0,1000,0,2000
10,i64,availability,start,shuffled,0,7,intersect,1000,0,1000,events,1,4,163500,40875,49152,10,0,1000,0,1000,0,2000
10,i64,availability,start,shuffled,0,7,intersect,1000,0,1000,union_scan,1,4,2100,525,0,0,0,1000,0,1000,0,2000
10,i64,availability,start,shuffled,0,7,intersect,1000,0,1000,events,2,4,170900,42725,49152,10,0,1000,0,1000,0,2000
10,i64,availability,start,shuffled,0,7,intersect,1000,0,1000,union_scan,2,4,2100,525,0,0,0,1000,0,1000,0,2000
10,i64,availability,start,shuffled,0,7,intersect,1000,0,1000,fused,2,4,45300,11325,16384,9,0,1000,0,1000,0,2000
10,u64,availability,start,shuffled,0,7,subtract,1000,0,1000,union_scan,0,4,2100,525,0,0,0,1000,0,1000,0,2000
10,u64,availability,start,shuffled,0,7,subtract,1000,0,1000,fused,0,4,45400,11350,16384,9,0,1000,0,1000,0,2000
10,u64,availability,start,shuffled,0,7,subtract,1000,0,1000,events,0,4,178500,44625,49152,10,0,1000,0,1000,0,2000
10,u64,availability,start,shuffled,0,7,subtract,1000,0,1000,fused,1,4,44600,11150,16384,9,0,1000,0,1000,0,2000
10,u64,availability,start,shuffled,0,7,subtract,1000,0,1000,events,1,4,166300,41575,49152,10,0,1000,0,1000,0,2000
10,u64,availability,start,shuffled,0,7,subtract,1000,0,1000,union_scan,1,4,2100,525,0,0,0,1000,0,1000,0,2000
10,u64,availability,start,shuffled,0,7,subtract,1000,0,1000,events,2,4,163800,40950,49152,10,0,1000,0,1000,0,2000
10,u64,availability,start,shuffled,0,7,subtract,1000,0,1000,union_scan,2,4,2200,550,0,0,0,1000,0,1000,0,2000
10,u64,availability,start,shuffled,0,7,subtract,1000,0,1000,fused,2,4,44000,11000,16384,9,0,1000,0,1000,0,2000
10,u64,availability,start,shuffled,0,7,intersect,1000,0,1000,union_scan,0,4,2100,525,0,0,0,1000,0,1000,0,2000
10,u64,availability,start,shuffled,0,7,intersect,1000,0,1000,fused,0,4,43700,10925,16384,9,0,1000,0,1000,0,2000
10,u64,availability,start,shuffled,0,7,intersect,1000,0,1000,events,0,4,164200,41050,49152,10,0,1000,0,1000,0,2000
10,u64,availability,start,shuffled,0,7,intersect,1000,0,1000,fused,1,4,43700,10925,16384,9,0,1000,0,1000,0,2000
10,u64,availability,start,shuffled,0,7,intersect,1000,0,1000,events,1,4,172100,43025,49152,10,0,1000,0,1000,0,2000
10,u64,availability,start,shuffled,0,7,intersect,1000,0,1000,union_scan,1,4,2100,525,0,0,0,1000,0,1000,0,2000
10,u64,availability,start,shuffled,0,7,intersect,1000,0,1000,events,2,4,164200,41050,49152,10,0,1000,0,1000,0,2000
10,u64,availability,start,shuffled,0,7,intersect,1000,0,1000,union_scan,2,4,2200,550,0,0,0,1000,0,1000,0,2000
10,u64,availability,start,shuffled,0,7,intersect,1000,0,1000,fused,2,4,44900,11225,16384,9,0,1000,0,1000,0,2000
10,i16,availability,start,shuffled,0,7,subtract,1000,0,1000,union_scan,0,4,2200,550,0,0,0,1000,0,1000,0,2000
10,i16,availability,start,shuffled,0,7,subtract,1000,0,1000,fused,0,4,47000,11750,4096,9,0,1000,0,1000,0,2000
10,i16,availability,start,shuffled,0,7,subtract,1000,0,1000,events,0,4,146000,36500,32768,10,0,1000,0,1000,0,2000
10,i16,availability,start,shuffled,0,7,subtract,1000,0,1000,fused,1,4,45700,11425,4096,9,0,1000,0,1000,0,2000
10,i16,availability,start,shuffled,0,7,subtract,1000,0,1000,events,1,4,133200,33300,32768,10,0,1000,0,1000,0,2000
10,i16,availability,start,shuffled,0,7,subtract,1000,0,1000,union_scan,1,4,2200,550,0,0,0,1000,0,1000,0,2000
10,i16,availability,start,shuffled,0,7,subtract,1000,0,1000,events,2,4,133300,33325,32768,10,0,1000,0,1000,0,2000
10,i16,availability,start,shuffled,0,7,subtract,1000,0,1000,union_scan,2,4,2300,575,0,0,0,1000,0,1000,0,2000
10,i16,availability,start,shuffled,0,7,subtract,1000,0,1000,fused,2,4,47700,11925,4096,9,0,1000,0,1000,0,2000
10,i16,availability,start,shuffled,0,7,intersect,1000,0,1000,union_scan,0,4,2100,525,0,0,0,1000,0,1000,0,2000
10,i16,availability,start,shuffled,0,7,intersect,1000,0,1000,fused,0,4,54600,13650,4096,9,0,1000,0,1000,0,2000
10,i16,availability,start,shuffled,0,7,intersect,1000,0,1000,events,0,4,136300,34075,32768,10,0,1000,0,1000,0,2000
10,i16,availability,start,shuffled,0,7,intersect,1000,0,1000,fused,1,4,46200,11550,4096,9,0,1000,0,1000,0,2000
10,i16,availability,start,shuffled,0,7,intersect,1000,0,1000,events,1,4,130000,32500,32768,10,0,1000,0,1000,0,2000
10,i16,availability,start,shuffled,0,7,intersect,1000,0,1000,union_scan,1,4,2200,550,0,0,0,1000,0,1000,0,2000
10,i16,availability,start,shuffled,0,7,intersect,1000,0,1000,events,2,4,129100,32275,32768,10,0,1000,0,1000,0,2000
10,i16,availability,start,shuffled,0,7,intersect,1000,0,1000,union_scan,2,4,2100,525,0,0,0,1000,0,1000,0,2000
10,i16,availability,start,shuffled,0,7,intersect,1000,0,1000,fused,2,4,45200,11300,4096,9,0,1000,0,1000,0,2000
10,i64,availability,start,shuffled,0,7,subtract,10000,0,10000,union_scan,0,1,5200,5200,0,0,0,10000,0,10000,0,20000
10,i64,availability,start,shuffled,0,7,subtract,10000,0,10000,fused,0,1,190100,190100,262144,13,0,10000,0,10000,0,20000
10,i64,availability,start,shuffled,0,7,subtract,10000,0,10000,events,0,1,634000,634000,786432,14,0,10000,0,10000,0,20000
10,i64,availability,start,shuffled,0,7,subtract,10000,0,10000,fused,1,1,191300,191300,262144,13,0,10000,0,10000,0,20000
10,i64,availability,start,shuffled,0,7,subtract,10000,0,10000,events,1,1,638800,638800,786432,14,0,10000,0,10000,0,20000
10,i64,availability,start,shuffled,0,7,subtract,10000,0,10000,union_scan,1,1,5100,5100,0,0,0,10000,0,10000,0,20000
10,i64,availability,start,shuffled,0,7,subtract,10000,0,10000,events,2,1,625400,625400,786432,14,0,10000,0,10000,0,20000
10,i64,availability,start,shuffled,0,7,subtract,10000,0,10000,union_scan,2,1,5200,5200,0,0,0,10000,0,10000,0,20000
10,i64,availability,start,shuffled,0,7,subtract,10000,0,10000,fused,2,1,191500,191500,262144,13,0,10000,0,10000,0,20000
10,i64,availability,start,shuffled,0,7,intersect,10000,0,10000,union_scan,0,1,5100,5100,0,0,0,10000,0,10000,0,20000
10,i64,availability,start,shuffled,0,7,intersect,10000,0,10000,fused,0,1,187100,187100,262144,13,0,10000,0,10000,0,20000
10,i64,availability,start,shuffled,0,7,intersect,10000,0,10000,events,0,1,636500,636500,786432,14,0,10000,0,10000,0,20000
10,i64,availability,start,shuffled,0,7,intersect,10000,0,10000,fused,1,1,189700,189700,262144,13,0,10000,0,10000,0,20000
10,i64,availability,start,shuffled,0,7,intersect,10000,0,10000,events,1,1,643500,643500,786432,14,0,10000,0,10000,0,20000
10,i64,availability,start,shuffled,0,7,intersect,10000,0,10000,union_scan,1,1,5400,5400,0,0,0,10000,0,10000,0,20000
10,i64,availability,start,shuffled,0,7,intersect,10000,0,10000,events,2,1,670300,670300,786432,14,0,10000,0,10000,0,20000
10,i64,availability,start,shuffled,0,7,intersect,10000,0,10000,union_scan,2,1,5100,5100,0,0,0,10000,0,10000,0,20000
10,i64,availability,start,shuffled,0,7,intersect,10000,0,10000,fused,2,1,300500,300500,262144,13,0,10000,0,10000,0,20000
10,u64,availability,start,shuffled,0,7,subtract,10000,0,10000,union_scan,0,1,5300,5300,0,0,0,10000,0,10000,0,20000
10,u64,availability,start,shuffled,0,7,subtract,10000,0,10000,fused,0,1,191000,191000,262144,13,0,10000,0,10000,0,20000
10,u64,availability,start,shuffled,0,7,subtract,10000,0,10000,events,0,1,587200,587200,786432,14,0,10000,0,10000,0,20000
10,u64,availability,start,shuffled,0,7,subtract,10000,0,10000,fused,1,1,193200,193200,262144,13,0,10000,0,10000,0,20000
10,u64,availability,start,shuffled,0,7,subtract,10000,0,10000,events,1,1,581000,581000,786432,14,0,10000,0,10000,0,20000
10,u64,availability,start,shuffled,0,7,subtract,10000,0,10000,union_scan,1,1,5100,5100,0,0,0,10000,0,10000,0,20000
10,u64,availability,start,shuffled,0,7,subtract,10000,0,10000,events,2,1,582700,582700,786432,14,0,10000,0,10000,0,20000
10,u64,availability,start,shuffled,0,7,subtract,10000,0,10000,union_scan,2,1,5100,5100,0,0,0,10000,0,10000,0,20000
10,u64,availability,start,shuffled,0,7,subtract,10000,0,10000,fused,2,1,191100,191100,262144,13,0,10000,0,10000,0,20000
10,u64,availability,start,shuffled,0,7,intersect,10000,0,10000,union_scan,0,1,5300,5300,0,0,0,10000,0,10000,0,20000
10,u64,availability,start,shuffled,0,7,intersect,10000,0,10000,fused,0,1,248900,248900,262144,13,0,10000,0,10000,0,20000
10,u64,availability,start,shuffled,0,7,intersect,10000,0,10000,events,0,1,803700,803700,786432,14,0,10000,0,10000,0,20000
10,u64,availability,start,shuffled,0,7,intersect,10000,0,10000,fused,1,1,256700,256700,262144,13,0,10000,0,10000,0,20000
10,u64,availability,start,shuffled,0,7,intersect,10000,0,10000,events,1,1,819400,819400,786432,14,0,10000,0,10000,0,20000
10,u64,availability,start,shuffled,0,7,intersect,10000,0,10000,union_scan,1,1,5700,5700,0,0,0,10000,0,10000,0,20000
10,u64,availability,start,shuffled,0,7,intersect,10000,0,10000,events,2,1,815400,815400,786432,14,0,10000,0,10000,0,20000
10,u64,availability,start,shuffled,0,7,intersect,10000,0,10000,union_scan,2,1,9300,9300,0,0,0,10000,0,10000,0,20000
10,u64,availability,start,shuffled,0,7,intersect,10000,0,10000,fused,2,1,256100,256100,262144,13,0,10000,0,10000,0,20000
10,i64,availability,start,shuffled,0,7,subtract,100000,0,100000,union_scan,0,1,133800,133800,0,0,0,100000,0,100000,0,200000
10,i64,availability,start,shuffled,0,7,subtract,100000,0,100000,fused,0,1,2815300,2815300,2097152,16,0,100000,0,100000,0,200000
10,i64,availability,start,shuffled,0,7,subtract,100000,0,100000,events,0,1,10893000,10893000,6291456,17,0,100000,0,100000,0,200000
10,i64,availability,start,shuffled,0,7,subtract,100000,0,100000,fused,1,1,3241400,3241400,2097152,16,0,100000,0,100000,0,200000
10,i64,availability,start,shuffled,0,7,subtract,100000,0,100000,events,1,1,11298100,11298100,6291456,17,0,100000,0,100000,0,200000
10,i64,availability,start,shuffled,0,7,subtract,100000,0,100000,union_scan,1,1,295900,295900,0,0,0,100000,0,100000,0,200000
10,i64,availability,start,shuffled,0,7,subtract,100000,0,100000,events,2,1,10397700,10397700,6291456,17,0,100000,0,100000,0,200000
10,i64,availability,start,shuffled,0,7,subtract,100000,0,100000,union_scan,2,1,127500,127500,0,0,0,100000,0,100000,0,200000
10,i64,availability,start,shuffled,0,7,subtract,100000,0,100000,fused,2,1,2906400,2906400,2097152,16,0,100000,0,100000,0,200000
10,i64,availability,start,shuffled,0,7,intersect,100000,0,100000,union_scan,0,1,226400,226400,0,0,0,100000,0,100000,0,200000
10,i64,availability,start,shuffled,0,7,intersect,100000,0,100000,fused,0,1,3119400,3119400,2097152,16,0,100000,0,100000,0,200000
10,i64,availability,start,shuffled,0,7,intersect,100000,0,100000,events,0,1,9856100,9856100,6291456,17,0,100000,0,100000,0,200000
10,i64,availability,start,shuffled,0,7,intersect,100000,0,100000,fused,1,1,3056900,3056900,2097152,16,0,100000,0,100000,0,200000
10,i64,availability,start,shuffled,0,7,intersect,100000,0,100000,events,1,1,9082000,9082000,6291456,17,0,100000,0,100000,0,200000
10,i64,availability,start,shuffled,0,7,intersect,100000,0,100000,union_scan,1,1,132900,132900,0,0,0,100000,0,100000,0,200000
10,i64,availability,start,shuffled,0,7,intersect,100000,0,100000,events,2,1,9110400,9110400,6291456,17,0,100000,0,100000,0,200000
10,i64,availability,start,shuffled,0,7,intersect,100000,0,100000,union_scan,2,1,128800,128800,0,0,0,100000,0,100000,0,200000
10,i64,availability,start,shuffled,0,7,intersect,100000,0,100000,fused,2,1,2850700,2850700,2097152,16,0,100000,0,100000,0,200000
10,u64,availability,start,shuffled,0,7,subtract,100000,0,100000,union_scan,0,1,97800,97800,0,0,0,100000,0,100000,0,200000
10,u64,availability,start,shuffled,0,7,subtract,100000,0,100000,fused,0,1,2717200,2717200,2097152,16,0,100000,0,100000,0,200000
10,u64,availability,start,shuffled,0,7,subtract,100000,0,100000,events,0,1,8629800,8629800,6291456,17,0,100000,0,100000,0,200000
10,u64,availability,start,shuffled,0,7,subtract,100000,0,100000,fused,1,1,2713900,2713900,2097152,16,0,100000,0,100000,0,200000
10,u64,availability,start,shuffled,0,7,subtract,100000,0,100000,events,1,1,8666500,8666500,6291456,17,0,100000,0,100000,0,200000
10,u64,availability,start,shuffled,0,7,subtract,100000,0,100000,union_scan,1,1,155800,155800,0,0,0,100000,0,100000,0,200000
10,u64,availability,start,shuffled,0,7,subtract,100000,0,100000,events,2,1,8786100,8786100,6291456,17,0,100000,0,100000,0,200000
10,u64,availability,start,shuffled,0,7,subtract,100000,0,100000,union_scan,2,1,93000,93000,0,0,0,100000,0,100000,0,200000
10,u64,availability,start,shuffled,0,7,subtract,100000,0,100000,fused,2,1,2676700,2676700,2097152,16,0,100000,0,100000,0,200000
10,u64,availability,start,shuffled,0,7,intersect,100000,0,100000,union_scan,0,1,159600,159600,0,0,0,100000,0,100000,0,200000
10,u64,availability,start,shuffled,0,7,intersect,100000,0,100000,fused,0,1,2832100,2832100,2097152,16,0,100000,0,100000,0,200000
10,u64,availability,start,shuffled,0,7,intersect,100000,0,100000,events,0,1,8641400,8641400,6291456,17,0,100000,0,100000,0,200000
10,u64,availability,start,shuffled,0,7,intersect,100000,0,100000,fused,1,1,2847100,2847100,2097152,16,0,100000,0,100000,0,200000
10,u64,availability,start,shuffled,0,7,intersect,100000,0,100000,events,1,1,8621300,8621300,6291456,17,0,100000,0,100000,0,200000
10,u64,availability,start,shuffled,0,7,intersect,100000,0,100000,union_scan,1,1,149400,149400,0,0,0,100000,0,100000,0,200000
10,u64,availability,start,shuffled,0,7,intersect,100000,0,100000,events,2,1,8819700,8819700,6291456,17,0,100000,0,100000,0,200000
10,u64,availability,start,shuffled,0,7,intersect,100000,0,100000,union_scan,2,1,140100,140100,0,0,0,100000,0,100000,0,200000
10,u64,availability,start,shuffled,0,7,intersect,100000,0,100000,fused,2,1,2806400,2806400,2097152,16,0,100000,0,100000,0,200000
11,i64,sparse,partial,reverse,50,7,subtract,0,0,0,union_scan,0,128,3300,25,0,0,0,0,0,0,0,0
11,i64,sparse,partial,reverse,50,7,subtract,0,0,0,fused,0,128,5100,39,0,0,0,0,0,0,0,0
11,i64,sparse,partial,reverse,50,7,subtract,0,0,0,events,0,128,2500,19,0,0,0,0,0,0,0,0
11,i64,sparse,partial,reverse,50,7,subtract,0,0,0,fused,1,128,5200,40,0,0,0,0,0,0,0,0
11,i64,sparse,partial,reverse,50,7,subtract,0,0,0,events,1,128,2500,19,0,0,0,0,0,0,0,0
11,i64,sparse,partial,reverse,50,7,subtract,0,0,0,union_scan,1,128,3300,25,0,0,0,0,0,0,0,0
11,i64,sparse,partial,reverse,50,7,subtract,0,0,0,events,2,128,2400,18,0,0,0,0,0,0,0,0
11,i64,sparse,partial,reverse,50,7,subtract,0,0,0,union_scan,2,128,3300,25,0,0,0,0,0,0,0,0
11,i64,sparse,partial,reverse,50,7,subtract,0,0,0,fused,2,128,5100,39,0,0,0,0,0,0,0,0
11,i64,sparse,partial,reverse,50,7,intersect,0,0,0,union_scan,0,128,2500,19,0,0,0,0,0,0,0,0
11,i64,sparse,partial,reverse,50,7,intersect,0,0,0,fused,0,128,5000,39,0,0,0,0,0,0,0,0
11,i64,sparse,partial,reverse,50,7,intersect,0,0,0,events,0,128,3200,25,0,0,0,0,0,0,0,0
11,i64,sparse,partial,reverse,50,7,intersect,0,0,0,fused,1,128,5100,39,0,0,0,0,0,0,0,0
11,i64,sparse,partial,reverse,50,7,intersect,0,0,0,events,1,128,3200,25,0,0,0,0,0,0,0,0
11,i64,sparse,partial,reverse,50,7,intersect,0,0,0,union_scan,1,128,2500,19,0,0,0,0,0,0,0,0
11,i64,sparse,partial,reverse,50,7,intersect,0,0,0,events,2,128,3200,25,0,0,0,0,0,0,0,0
11,i64,sparse,partial,reverse,50,7,intersect,0,0,0,union_scan,2,128,2500,19,0,0,0,0,0,0,0,0
11,i64,sparse,partial,reverse,50,7,intersect,0,0,0,fused,2,128,5200,40,0,0,0,0,0,0,0,0
11,u64,sparse,partial,reverse,50,7,subtract,0,0,0,union_scan,0,128,3700,28,0,0,0,0,0,0,0,0
11,u64,sparse,partial,reverse,50,7,subtract,0,0,0,fused,0,128,5700,44,0,0,0,0,0,0,0,0
11,u64,sparse,partial,reverse,50,7,subtract,0,0,0,events,0,128,2400,18,0,0,0,0,0,0,0,0
11,u64,sparse,partial,reverse,50,7,subtract,0,0,0,fused,1,128,5300,41,0,0,0,0,0,0,0,0
11,u64,sparse,partial,reverse,50,7,subtract,0,0,0,events,1,128,2500,19,0,0,0,0,0,0,0,0
11,u64,sparse,partial,reverse,50,7,subtract,0,0,0,union_scan,1,128,3500,27,0,0,0,0,0,0,0,0
11,u64,sparse,partial,reverse,50,7,subtract,0,0,0,events,2,128,2500,19,0,0,0,0,0,0,0,0
11,u64,sparse,partial,reverse,50,7,subtract,0,0,0,union_scan,2,128,3400,26,0,0,0,0,0,0,0,0
11,u64,sparse,partial,reverse,50,7,subtract,0,0,0,fused,2,128,5300,41,0,0,0,0,0,0,0,0
11,u64,sparse,partial,reverse,50,7,intersect,0,0,0,union_scan,0,128,1500,11,0,0,0,0,0,0,0,0
11,u64,sparse,partial,reverse,50,7,intersect,0,0,0,fused,0,128,4400,34,0,0,0,0,0,0,0,0
11,u64,sparse,partial,reverse,50,7,intersect,0,0,0,events,0,128,2600,20,0,0,0,0,0,0,0,0
11,u64,sparse,partial,reverse,50,7,intersect,0,0,0,fused,1,128,4500,35,0,0,0,0,0,0,0,0
11,u64,sparse,partial,reverse,50,7,intersect,0,0,0,events,1,128,2700,21,0,0,0,0,0,0,0,0
11,u64,sparse,partial,reverse,50,7,intersect,0,0,0,union_scan,1,128,1600,12,0,0,0,0,0,0,0,0
11,u64,sparse,partial,reverse,50,7,intersect,0,0,0,events,2,128,2500,19,0,0,0,0,0,0,0,0
11,u64,sparse,partial,reverse,50,7,intersect,0,0,0,union_scan,2,128,1600,12,0,0,0,0,0,0,0,0
11,u64,sparse,partial,reverse,50,7,intersect,0,0,0,fused,2,128,4500,35,0,0,0,0,0,0,0,0
11,i16,sparse,partial,reverse,50,7,subtract,0,0,0,union_scan,0,128,3500,27,0,0,0,0,0,0,0,0
11,i16,sparse,partial,reverse,50,7,subtract,0,0,0,fused,0,128,5300,41,0,0,0,0,0,0,0,0
11,i16,sparse,partial,reverse,50,7,subtract,0,0,0,events,0,128,3500,27,0,0,0,0,0,0,0,0
11,i16,sparse,partial,reverse,50,7,subtract,0,0,0,fused,1,128,5200,40,0,0,0,0,0,0,0,0
11,i16,sparse,partial,reverse,50,7,subtract,0,0,0,events,1,128,3500,27,0,0,0,0,0,0,0,0
11,i16,sparse,partial,reverse,50,7,subtract,0,0,0,union_scan,1,128,3500,27,0,0,0,0,0,0,0,0
11,i16,sparse,partial,reverse,50,7,subtract,0,0,0,events,2,128,3500,27,0,0,0,0,0,0,0,0
11,i16,sparse,partial,reverse,50,7,subtract,0,0,0,union_scan,2,128,3500,27,0,0,0,0,0,0,0,0
11,i16,sparse,partial,reverse,50,7,subtract,0,0,0,fused,2,128,5300,41,0,0,0,0,0,0,0,0
11,i16,sparse,partial,reverse,50,7,intersect,0,0,0,union_scan,0,128,1500,11,0,0,0,0,0,0,0,0
11,i16,sparse,partial,reverse,50,7,intersect,0,0,0,fused,0,128,4500,35,0,0,0,0,0,0,0,0
11,i16,sparse,partial,reverse,50,7,intersect,0,0,0,events,0,128,3300,25,0,0,0,0,0,0,0,0
11,i16,sparse,partial,reverse,50,7,intersect,0,0,0,fused,1,128,4400,34,0,0,0,0,0,0,0,0
11,i16,sparse,partial,reverse,50,7,intersect,0,0,0,events,1,128,3300,25,0,0,0,0,0,0,0,0
11,i16,sparse,partial,reverse,50,7,intersect,0,0,0,union_scan,1,128,1500,11,0,0,0,0,0,0,0,0
11,i16,sparse,partial,reverse,50,7,intersect,0,0,0,events,2,128,3300,25,0,0,0,0,0,0,0,0
11,i16,sparse,partial,reverse,50,7,intersect,0,0,0,union_scan,2,128,1500,11,0,0,0,0,0,0,0,0
11,i16,sparse,partial,reverse,50,7,intersect,0,0,0,fused,2,128,4500,35,0,0,0,0,0,0,0,0
11,i64,sparse,partial,reverse,50,7,subtract,8,4,4,union_scan,0,128,39400,307,192,5,4,4,4,4,4,16
11,i64,sparse,partial,reverse,50,7,subtract,8,4,4,fused,0,128,27000,210,192,3,4,4,4,4,4,16
11,i64,sparse,partial,reverse,50,7,subtract,8,4,4,events,0,128,55300,432,448,4,4,4,4,4,4,16
11,i64,sparse,partial,reverse,50,7,subtract,8,4,4,fused,1,128,26500,207,192,3,4,4,4,4,4,16
11,i64,sparse,partial,reverse,50,7,subtract,8,4,4,events,1,128,53000,414,448,4,4,4,4,4,4,16
11,i64,sparse,partial,reverse,50,7,subtract,8,4,4,union_scan,1,128,39300,307,192,5,4,4,4,4,4,16
11,i64,sparse,partial,reverse,50,7,subtract,8,4,4,events,2,128,68500,535,448,4,4,4,4,4,4,16
11,i64,sparse,partial,reverse,50,7,subtract,8,4,4,union_scan,2,128,44300,346,192,5,4,4,4,4,4,16
11,i64,sparse,partial,reverse,50,7,subtract,8,4,4,fused,2,128,26000,203,192,3,4,4,4,4,4,16
11,i64,sparse,partial,reverse,50,7,intersect,8,4,4,union_scan,0,128,38400,300,192,5,4,4,4,4,4,16
11,i64,sparse,partial,reverse,50,7,intersect,8,4,4,fused,0,128,25800,201,192,3,4,4,4,4,4,16
11,i64,sparse,partial,reverse,50,7,intersect,8,4,4,events,0,128,50200,392,448,4,4,4,4,4,4,16
11,i64,sparse,partial,reverse,50,7,intersect,8,4,4,fused,1,128,25800,201,192,3,4,4,4,4,4,16
11,i64,sparse,partial,reverse,50,7,intersect,8,4,4,events,1,128,51100,399,448,4,4,4,4,4,4,16
11,i64,sparse,partial,reverse,50,7,intersect,8,4,4,union_scan,1,128,38500,300,192,5,4,4,4,4,4,16
11,i64,sparse,partial,reverse,50,7,intersect,8,4,4,events,2,128,51000,398,448,4,4,4,4,4,4,16
11,i64,sparse,partial,reverse,50,7,intersect,8,4,4,union_scan,2,128,38400,300,192,5,4,4,4,4,4,16
11,i64,sparse,partial,reverse,50,7,intersect,8,4,4,fused,2,128,25700,200,192,3,4,4,4,4,4,16
11,u64,sparse,partial,reverse,50,7,subtract,8,4,4,union_scan,0,128,36100,282,192,5,4,4,4,4,4,16
11,u64,sparse,partial,reverse,50,7,subtract,8,4,4,fused,0,128,27000,210,192,3,4,4,4,4,4,16
11,u64,sparse,partial,reverse,50,7,subtract,8,4,4,events,0,128,53800,420,448,4,4,4,4,4,4,16
11,u64,sparse,partial,reverse,50,7,subtract,8,4,4,fused,1,128,27100,211,192,3,4,4,4,4,4,16
11,u64,sparse,partial,reverse,50,7,subtract,8,4,4,events,1,128,74000,578,448,4,4,4,4,4,4,16
11,u64,sparse,partial,reverse,50,7,subtract,8,4,4,union_scan,1,128,53000,414,192,5,4,4,4,4,4,16
11,u64,sparse,partial,reverse,50,7,subtract,8,4,4,events,2,128,56000,437,448,4,4,4,4,4,4,16
11,u64,sparse,partial,reverse,50,7,subtract,8,4,4,union_scan,2,128,37000,289,192,5,4,4,4,4,4,16
11,u64,sparse,partial,reverse,50,7,subtract,8,4,4,fused,2,128,27300,213,192,3,4,4,4,4,4,16
11,u64,sparse,partial,reverse,50,7,intersect,8,4,4,union_scan,0,128,40700,317,192,5,4,4,4,4,4,16
11,u64,sparse,partial,reverse,50,7,intersect,8,4,4,fused,0,128,26300,205,192,3,4,4,4,4,4,16
11,u64,sparse,partial,reverse,50,7,intersect,8,4,4,events,0,128,52300,408,448,4,4,4,4,4,4,16
11,u64,sparse,partial,reverse,50,7,intersect,8,4,4,fused,1,128,26600,207,192,3,4,4,4,4,4,16
11,u64,sparse,partial,reverse,50,7,intersect,8,4,4,events,1,128,51800,404,448,4,4,4,4,4,4,16
11,u64,sparse,partial,reverse,50,7,intersect,8,4,4,union_scan,1,128,40600,317,192,5,4,4,4,4,4,16
11,u64,sparse,partial,reverse,50,7,intersect,8,4,4,events,2,128,51300,400,448,4,4,4,4,4,4,16
11,u64,sparse,partial,reverse,50,7,intersect,8,4,4,union_scan,2,128,40600,317,192,5,4,4,4,4,4,16
11,u64,sparse,partial,reverse,50,7,intersect,8,4,4,fused,2,128,26100,203,192,3,4,4,4,4,4,16
11,i64,sparse,partial,reverse,50,7,subtract,1000,500,500,union_scan,0,4,61300,15325,24576,26,500,500,500,500,500,2000
11,i64,sparse,partial,reverse,50,7,subtract,1000,500,500,fused,0,4,57600,14400,24576,24,500,500,500,500,500,2000
11,i64,sparse,partial,reverse,50,7,subtract,1000,500,500,events,0,4,384600,96150,57344,18,500,500,500,500,500,2000
11,i64,sparse,partial,reverse,50,7,subtract,1000,500,500,fused,1,4,46000,11500,24576,24,500,500,500,500,500,2000
11,i64,sparse,partial,reverse,50,7,subtract,1000,500,500,events,1,4,186300,46575,57344,18,500,500,500,500,500,2000
11,i64,sparse,partial,reverse,50,7,subtract,1000,500,500,union_scan,1,4,46800,11700,24576,26,500,500,500,500,500,2000
11,i64,sparse,partial,reverse,50,7,subtract,1000,500,500,events,2,4,185800,46450,57344,18,500,500,500,500,500,2000
11,i64,sparse,partial,reverse,50,7,subtract,1000,500,500,union_scan,2,4,46300,11575,24576,26,500,500,500,500,500,2000
11,i64,sparse,partial,reverse,50,7,subtract,1000,500,500,fused,2,4,44700,11175,24576,24,500,500,500,500,500,2000
11,i64,sparse,partial,reverse,50,7,intersect,1000,500,500,union_scan,0,4,52400,13100,24576,26,500,500,500,500,500,2000
11,i64,sparse,partial,reverse,50,7,intersect,1000,500,500,fused,0,4,43300,10825,24576,24,500,500,500,500,500,2000
11,i64,sparse,partial,reverse,50,7,intersect,1000,500,500,events,0,4,186000,46500,57344,18,500,500,500,500,500,2000
11,i64,sparse,partial,reverse,50,7,intersect,1000,500,500,fused,1,4,43400,10850,24576,24,500,500,500,500,500,2000
11,i64,sparse,partial,reverse,50,7,intersect,1000,500,500,events,1,4,185300,46325,57344,18,500,500,500,500,500,2000
11,i64,sparse,partial,reverse,50,7,intersect,1000,500,500,union_scan,1,4,52600,13150,24576,26,500,500,500,500,500,2000
11,i64,sparse,partial,reverse,50,7,intersect,1000,500,500,events,2,4,185000,46250,57344,18,500,500,500,500,500,2000
11,i64,sparse,partial,reverse,50,7,intersect,1000,500,500,union_scan,2,4,52300,13075,24576,26,500,500,500,500,500,2000
11,i64,sparse,partial,reverse,50,7,intersect,1000,500,500,fused,2,4,43100,10775,24576,24,500,500,500,500,500,2000
11,u64,sparse,partial,reverse,50,7,subtract,1000,500,500,union_scan,0,4,45600,11400,24576,26,500,500,500,500,500,2000
11,u64,sparse,partial,reverse,50,7,subtract,1000,500,500,fused,0,4,45400,11350,24576,24,500,500,500,500,500,2000
11,u64,sparse,partial,reverse,50,7,subtract,1000,500,500,events,0,4,192700,48175,57344,18,500,500,500,500,500,2000
11,u64,sparse,partial,reverse,50,7,subtract,1000,500,500,fused,1,4,45500,11375,24576,24,500,500,500,500,500,2000
11,u64,sparse,partial,reverse,50,7,subtract,1000,500,500,events,1,4,188600,47150,57344,18,500,500,500,500,500,2000
11,u64,sparse,partial,reverse,50,7,subtract,1000,500,500,union_scan,1,4,45400,11350,24576,26,500,500,500,500,500,2000
11,u64,sparse,partial,reverse,50,7,subtract,1000,500,500,events,2,4,188100,47025,57344,18,500,500,500,500,500,2000
11,u64,sparse,partial,reverse,50,7,subtract,1000,500,500,union_scan,2,4,45300,11325,24576,26,500,500,500,500,500,2000
11,u64,sparse,partial,reverse,50,7,subtract,1000,500,500,fused,2,4,49600,12400,24576,24,500,500,500,500,500,2000
11,u64,sparse,partial,reverse,50,7,intersect,1000,500,500,union_scan,0,4,51500,12875,24576,26,500,500,500,500,500,2000
11,u64,sparse,partial,reverse,50,7,intersect,1000,500,500,fused,0,4,43100,10775,24576,24,500,500,500,500,500,2000
11,u64,sparse,partial,reverse,50,7,intersect,1000,500,500,events,0,4,186100,46525,57344,18,500,500,500,500,500,2000
11,u64,sparse,partial,reverse,50,7,intersect,1000,500,500,fused,1,4,43200,10800,24576,24,500,500,500,500,500,2000
11,u64,sparse,partial,reverse,50,7,intersect,1000,500,500,events,1,4,185000,46250,57344,18,500,500,500,500,500,2000
11,u64,sparse,partial,reverse,50,7,intersect,1000,500,500,union_scan,1,4,51600,12900,24576,26,500,500,500,500,500,2000
11,u64,sparse,partial,reverse,50,7,intersect,1000,500,500,events,2,4,185600,46400,57344,18,500,500,500,500,500,2000
11,u64,sparse,partial,reverse,50,7,intersect,1000,500,500,union_scan,2,4,51400,12850,24576,26,500,500,500,500,500,2000
11,u64,sparse,partial,reverse,50,7,intersect,1000,500,500,fused,2,4,46700,11675,24576,24,500,500,500,500,500,2000
11,i64,sparse,partial,reverse,50,7,subtract,10000,5000,5000,union_scan,0,1,204000,204000,393216,38,5000,5000,5000,5000,5000,20000
11,i64,sparse,partial,reverse,50,7,subtract,10000,5000,5000,fused,0,1,146500,146500,393216,36,5000,5000,5000,5000,5000,20000
11,i64,sparse,partial,reverse,50,7,subtract,10000,5000,5000,events,0,1,791600,791600,917504,26,5000,5000,5000,5000,5000,20000
11,i64,sparse,partial,reverse,50,7,subtract,10000,5000,5000,fused,1,1,192700,192700,393216,36,5000,5000,5000,5000,5000,20000
11,i64,sparse,partial,reverse,50,7,subtract,10000,5000,5000,events,1,1,781400,781400,917504,26,5000,5000,5000,5000,5000,20000
11,i64,sparse,partial,reverse,50,7,subtract,10000,5000,5000,union_scan,1,1,195300,195300,393216,38,5000,5000,5000,5000,5000,20000
11,i64,sparse,partial,reverse,50,7,subtract,10000,5000,5000,events,2,1,778600,778600,917504,26,5000,5000,5000,5000,5000,20000
11,i64,sparse,partial,reverse,50,7,subtract,10000,5000,5000,union_scan,2,1,127700,127700,393216,38,5000,5000,5000,5000,5000,20000
11,i64,sparse,partial,reverse,50,7,subtract,10000,5000,5000,fused,2,1,195200,195200,393216,36,5000,5000,5000,5000,5000,20000
11,i64,sparse,partial,reverse,50,7,intersect,10000,5000,5000,union_scan,0,1,244300,244300,393216,38,5000,5000,5000,5000,5000,20000
11,i64,sparse,partial,reverse,50,7,intersect,10000,5000,5000,fused,0,1,342400,342400,393216,36,5000,5000,5000,5000,5000,20000
11,i64,sparse,partial,reverse,50,7,intersect,10000,5000,5000,events,0,1,797100,797100,917504,26,5000,5000,5000,5000,5000,20000
11,i64,sparse,partial,reverse,50,7,intersect,10000,5000,5000,fused,1,1,194000,194000,393216,36,5000,5000,5000,5000,5000,20000
11,i64,sparse,partial,reverse,50,7,intersect,10000,5000,5000,events,1,1,769300,769300,917504,26,5000,5000,5000,5000,5000,20000
11,i64,sparse,partial,reverse,50,7,intersect,10000,5000,5000,union_scan,1,1,210100,210100,393216,38,5000,5000,5000,5000,5000,20000
11,i64,sparse,partial,reverse,50,7,intersect,10000,5000,5000,events,2,1,762100,762100,917504,26,5000,5000,5000,5000,5000,20000
11,i64,sparse,partial,reverse,50,7,intersect,10000,5000,5000,union_scan,2,1,201800,201800,393216,38,5000,5000,5000,5000,5000,20000
11,i64,sparse,partial,reverse,50,7,intersect,10000,5000,5000,fused,2,1,203000,203000,393216,36,5000,5000,5000,5000,5000,20000
11,u64,sparse,partial,reverse,50,7,subtract,10000,5000,5000,union_scan,0,1,210300,210300,393216,38,5000,5000,5000,5000,5000,20000
11,u64,sparse,partial,reverse,50,7,subtract,10000,5000,5000,fused,0,1,180500,180500,393216,36,5000,5000,5000,5000,5000,20000
11,u64,sparse,partial,reverse,50,7,subtract,10000,5000,5000,events,0,1,909600,909600,917504,26,5000,5000,5000,5000,5000,20000
11,u64,sparse,partial,reverse,50,7,subtract,10000,5000,5000,fused,1,1,184600,184600,393216,36,5000,5000,5000,5000,5000,20000
11,u64,sparse,partial,reverse,50,7,subtract,10000,5000,5000,events,1,1,824800,824800,917504,26,5000,5000,5000,5000,5000,20000
11,u64,sparse,partial,reverse,50,7,subtract,10000,5000,5000,union_scan,1,1,227000,227000,393216,38,5000,5000,5000,5000,5000,20000
11,u64,sparse,partial,reverse,50,7,subtract,10000,5000,5000,events,2,1,907800,907800,917504,26,5000,5000,5000,5000,5000,20000
11,u64,sparse,partial,reverse,50,7,subtract,10000,5000,5000,union_scan,2,1,279300,279300,393216,38,5000,5000,5000,5000,5000,20000
11,u64,sparse,partial,reverse,50,7,subtract,10000,5000,5000,fused,2,1,200300,200300,393216,36,5000,5000,5000,5000,5000,20000
11,u64,sparse,partial,reverse,50,7,intersect,10000,5000,5000,union_scan,0,1,239600,239600,393216,38,5000,5000,5000,5000,5000,20000
11,u64,sparse,partial,reverse,50,7,intersect,10000,5000,5000,fused,0,1,183500,183500,393216,36,5000,5000,5000,5000,5000,20000
11,u64,sparse,partial,reverse,50,7,intersect,10000,5000,5000,events,0,1,928300,928300,917504,26,5000,5000,5000,5000,5000,20000
11,u64,sparse,partial,reverse,50,7,intersect,10000,5000,5000,fused,1,1,184300,184300,393216,36,5000,5000,5000,5000,5000,20000
11,u64,sparse,partial,reverse,50,7,intersect,10000,5000,5000,events,1,1,831000,831000,917504,26,5000,5000,5000,5000,5000,20000
11,u64,sparse,partial,reverse,50,7,intersect,10000,5000,5000,union_scan,1,1,234200,234200,393216,38,5000,5000,5000,5000,5000,20000
11,u64,sparse,partial,reverse,50,7,intersect,10000,5000,5000,events,2,1,896800,896800,917504,26,5000,5000,5000,5000,5000,20000
11,u64,sparse,partial,reverse,50,7,intersect,10000,5000,5000,union_scan,2,1,260200,260200,393216,38,5000,5000,5000,5000,5000,20000
11,u64,sparse,partial,reverse,50,7,intersect,10000,5000,5000,fused,2,1,239200,239200,393216,36,5000,5000,5000,5000,5000,20000
11,i64,sparse,partial,reverse,50,7,subtract,100000,50000,50000,union_scan,0,1,2042500,2042500,3145728,47,50000,50000,50000,50000,50000,200000
11,i64,sparse,partial,reverse,50,7,subtract,100000,50000,50000,fused,0,1,1861600,1861600,3145728,45,50000,50000,50000,50000,50000,200000
11,i64,sparse,partial,reverse,50,7,subtract,100000,50000,50000,events,0,1,9993700,9993700,7340032,32,50000,50000,50000,50000,50000,200000
11,i64,sparse,partial,reverse,50,7,subtract,100000,50000,50000,fused,1,1,2048900,2048900,3145728,45,50000,50000,50000,50000,50000,200000
11,i64,sparse,partial,reverse,50,7,subtract,100000,50000,50000,events,1,1,9823400,9823400,7340032,32,50000,50000,50000,50000,50000,200000
11,i64,sparse,partial,reverse,50,7,subtract,100000,50000,50000,union_scan,1,1,2354900,2354900,3145728,47,50000,50000,50000,50000,50000,200000
11,i64,sparse,partial,reverse,50,7,subtract,100000,50000,50000,events,2,1,9976700,9976700,7340032,32,50000,50000,50000,50000,50000,200000
11,i64,sparse,partial,reverse,50,7,subtract,100000,50000,50000,union_scan,2,1,2032000,2032000,3145728,47,50000,50000,50000,50000,50000,200000
11,i64,sparse,partial,reverse,50,7,subtract,100000,50000,50000,fused,2,1,2159500,2159500,3145728,45,50000,50000,50000,50000,50000,200000
11,i64,sparse,partial,reverse,50,7,intersect,100000,50000,50000,union_scan,0,1,2159500,2159500,3145728,47,50000,50000,50000,50000,50000,200000
11,i64,sparse,partial,reverse,50,7,intersect,100000,50000,50000,fused,0,1,2005800,2005800,3145728,45,50000,50000,50000,50000,50000,200000
11,i64,sparse,partial,reverse,50,7,intersect,100000,50000,50000,events,0,1,10070400,10070400,7340032,32,50000,50000,50000,50000,50000,200000
11,i64,sparse,partial,reverse,50,7,intersect,100000,50000,50000,fused,1,1,2019900,2019900,3145728,45,50000,50000,50000,50000,50000,200000
11,i64,sparse,partial,reverse,50,7,intersect,100000,50000,50000,events,1,1,10345300,10345300,7340032,32,50000,50000,50000,50000,50000,200000
11,i64,sparse,partial,reverse,50,7,intersect,100000,50000,50000,union_scan,1,1,2567800,2567800,3145728,47,50000,50000,50000,50000,50000,200000
11,i64,sparse,partial,reverse,50,7,intersect,100000,50000,50000,events,2,1,10056600,10056600,7340032,32,50000,50000,50000,50000,50000,200000
11,i64,sparse,partial,reverse,50,7,intersect,100000,50000,50000,union_scan,2,1,2307500,2307500,3145728,47,50000,50000,50000,50000,50000,200000
11,i64,sparse,partial,reverse,50,7,intersect,100000,50000,50000,fused,2,1,1883800,1883800,3145728,45,50000,50000,50000,50000,50000,200000
11,u64,sparse,partial,reverse,50,7,subtract,100000,50000,50000,union_scan,0,1,2078200,2078200,3145728,47,50000,50000,50000,50000,50000,200000
11,u64,sparse,partial,reverse,50,7,subtract,100000,50000,50000,fused,0,1,1821400,1821400,3145728,45,50000,50000,50000,50000,50000,200000
11,u64,sparse,partial,reverse,50,7,subtract,100000,50000,50000,events,0,1,10078400,10078400,7340032,32,50000,50000,50000,50000,50000,200000
11,u64,sparse,partial,reverse,50,7,subtract,100000,50000,50000,fused,1,1,1988600,1988600,3145728,45,50000,50000,50000,50000,50000,200000
11,u64,sparse,partial,reverse,50,7,subtract,100000,50000,50000,events,1,1,10126300,10126300,7340032,32,50000,50000,50000,50000,50000,200000
11,u64,sparse,partial,reverse,50,7,subtract,100000,50000,50000,union_scan,1,1,1965800,1965800,3145728,47,50000,50000,50000,50000,50000,200000
11,u64,sparse,partial,reverse,50,7,subtract,100000,50000,50000,events,2,1,9691100,9691100,7340032,32,50000,50000,50000,50000,50000,200000
11,u64,sparse,partial,reverse,50,7,subtract,100000,50000,50000,union_scan,2,1,1986200,1986200,3145728,47,50000,50000,50000,50000,50000,200000
11,u64,sparse,partial,reverse,50,7,subtract,100000,50000,50000,fused,2,1,1822700,1822700,3145728,45,50000,50000,50000,50000,50000,200000
11,u64,sparse,partial,reverse,50,7,intersect,100000,50000,50000,union_scan,0,1,2046900,2046900,3145728,47,50000,50000,50000,50000,50000,200000
11,u64,sparse,partial,reverse,50,7,intersect,100000,50000,50000,fused,0,1,1826500,1826500,3145728,45,50000,50000,50000,50000,50000,200000
11,u64,sparse,partial,reverse,50,7,intersect,100000,50000,50000,events,0,1,9975300,9975300,7340032,32,50000,50000,50000,50000,50000,200000
11,u64,sparse,partial,reverse,50,7,intersect,100000,50000,50000,fused,1,1,1960100,1960100,3145728,45,50000,50000,50000,50000,50000,200000
11,u64,sparse,partial,reverse,50,7,intersect,100000,50000,50000,events,1,1,9813900,9813900,7340032,32,50000,50000,50000,50000,50000,200000
11,u64,sparse,partial,reverse,50,7,intersect,100000,50000,50000,union_scan,1,1,2324500,2324500,3145728,47,50000,50000,50000,50000,50000,200000
11,u64,sparse,partial,reverse,50,7,intersect,100000,50000,50000,events,2,1,9845100,9845100,7340032,32,50000,50000,50000,50000,50000,200000
11,u64,sparse,partial,reverse,50,7,intersect,100000,50000,50000,union_scan,2,1,2107600,2107600,3145728,47,50000,50000,50000,50000,50000,200000
11,u64,sparse,partial,reverse,50,7,intersect,100000,50000,50000,fused,2,1,1754000,1754000,3145728,45,50000,50000,50000,50000,50000,200000
