dtype,family,order,n,method,sample,total_ns,validation_ns,preprocessing_ns,sort_ns,scan_ns,peak_bytes,allocations,points
i64,disjoint,sorted,1000,A,0,4600,400,700,400,2900,24192,10,1000
i64,disjoint,sorted,1000,production,0,3500,,,,,8192,9,1000
i64,disjoint,sorted,1000,B,0,4900,400,300,500,3300,16192,10,1000
i64,disjoint,sorted,1000,C,0,3500,400,200,0,2700,8192,9,1000
i64,disjoint,sorted,1000,A,1,4300,400,700,400,2600,24192,10,1000
i64,disjoint,sorted,1000,C,1,3200,400,200,0,2300,8192,9,1000
i64,disjoint,sorted,1000,production,1,3200,,,,,8192,9,1000
i64,disjoint,sorted,1000,B,1,4200,400,300,600,2800,16192,10,1000
i64,disjoint,sorted,1000,production,2,3100,,,,,8192,9,1000
i64,disjoint,sorted,1000,B,2,4300,400,200,500,2700,16192,10,1000
i64,disjoint,sorted,1000,C,2,3200,400,200,0,2400,8192,9,1000
i64,disjoint,sorted,1000,A,2,4300,400,600,300,2500,24192,10,1000
date32,disjoint,sorted,1000,B,0,4400,600,300,600,2800,12096,10,1000
date32,disjoint,sorted,1000,A,0,4400,500,400,500,2800,12096,10,1000
date32,disjoint,sorted,1000,C,0,3600,500,100,0,2700,4096,9,1000
date32,disjoint,sorted,1000,production,0,2700,,,,,4096,9,1000
date32,disjoint,sorted,1000,B,1,4400,500,300,600,2800,12096,10,1000
date32,disjoint,sorted,1000,C,1,3200,600,100,0,2300,4096,9,1000
date32,disjoint,sorted,1000,A,1,4100,600,300,500,2400,12096,10,1000
date32,disjoint,sorted,1000,production,1,2500,,,,,4096,9,1000
date32,disjoint,sorted,1000,B,2,4100,500,300,500,2600,12096,10,1000
date32,disjoint,sorted,1000,C,2,3100,500,100,0,2400,4096,9,1000
date32,disjoint,sorted,1000,A,2,4100,500,300,500,2400,12096,10,1000
date32,disjoint,sorted,1000,production,2,2600,,,,,4096,9,1000
i64,disjoint,reverse,1000,C,0,4400,400,600,800,2400,24192,10,1000
i64,disjoint,reverse,1000,A,0,4500,400,700,800,2400,24192,10,1000
i64,disjoint,reverse,1000,production,0,4200,,,,,24192,10,1000
i64,disjoint,reverse,1000,B,0,4700,400,300,700,3100,16192,10,1000
i64,disjoint,reverse,1000,B,1,4500,400,300,700,2800,16192,10,1000
i64,disjoint,reverse,1000,A,1,4400,400,600,800,2300,24192,10,1000
i64,disjoint,reverse,1000,C,1,8600,400,700,800,6500,24192,10,1000
i64,disjoint,reverse,1000,production,1,4200,,,,,24192,10,1000
i64,disjoint,reverse,1000,B,2,4500,400,300,700,2900,16192,10,1000
i64,disjoint,reverse,1000,production,2,4000,,,,,24192,10,1000
i64,disjoint,reverse,1000,A,2,4500,400,600,800,2500,24192,10,1000
i64,disjoint,reverse,1000,C,2,4400,500,700,800,2400,24192,10,1000
date32,disjoint,reverse,1000,production,0,3900,,,,,12096,10,1000
date32,disjoint,reverse,1000,A,0,4200,500,300,600,2500,12096,10,1000
date32,disjoint,reverse,1000,B,0,4400,600,300,700,2700,12096,10,1000
date32,disjoint,reverse,1000,C,0,3900,500,300,600,2300,12096,10,1000
date32,disjoint,reverse,1000,production,1,3800,,,,,12096,10,1000
date32,disjoint,reverse,1000,C,1,3900,500,300,600,2300,12096,10,1000
date32,disjoint,reverse,1000,B,1,4300,500,200,700,2600,12096,10,1000
date32,disjoint,reverse,1000,A,1,3900,500,300,500,2300,12096,10,1000
date32,disjoint,reverse,1000,B,2,4200,500,300,700,2500,12096,10,1000
date32,disjoint,reverse,1000,C,2,3800,500,300,600,2200,12096,10,1000
date32,disjoint,reverse,1000,production,2,3900,,,,,12096,10,1000
date32,disjoint,reverse,1000,A,2,3900,600,300,500,2200,12096,10,1000
i64,disjoint,shuffled,1000,C,0,12800,600,600,9000,2500,24192,10,1000
i64,disjoint,shuffled,1000,A,0,12400,500,600,8800,2300,24192,10,1000
i64,disjoint,shuffled,1000,B,0,20300,500,300,16200,3200,16192,10,1000
i64,disjoint,shuffled,1000,production,0,12800,,,,,24192,10,1000
i64,disjoint,shuffled,1000,C,1,12600,500,600,8800,2500,24192,10,1000
i64,disjoint,shuffled,1000,production,1,12400,,,,,24192,10,1000
i64,disjoint,shuffled,1000,A,1,12300,400,600,8800,2400,24192,10,1000
i64,disjoint,shuffled,1000,B,1,17300,400,300,13200,3100,16192,10,1000
i64,disjoint,shuffled,1000,production,2,12400,,,,,24192,10,1000
i64,disjoint,shuffled,1000,B,2,15700,400,300,11900,2900,16192,10,1000
i64,disjoint,shuffled,1000,A,2,12700,400,600,8900,2400,24192,10,1000
i64,disjoint,shuffled,1000,C,2,12400,400,600,8800,2300,24192,10,1000
date32,disjoint,shuffled,1000,A,0,12400,600,300,8900,2500,12096,10,1000
date32,disjoint,shuffled,1000,C,0,12300,600,300,8800,2300,12096,10,1000
date32,disjoint,shuffled,1000,B,0,20200,600,300,16400,2900,12096,10,1000
date32,disjoint,shuffled,1000,production,0,12300,,,,,12096,10,1000
date32,disjoint,shuffled,1000,C,1,12400,600,400,8900,2400,12096,10,1000
date32,disjoint,shuffled,1000,A,1,12200,500,300,8800,2300,12096,10,1000
date32,disjoint,shuffled,1000,B,1,17000,600,200,13300,2700,12096,10,1000
date32,disjoint,shuffled,1000,production,1,12100,,,,,12096,10,1000
date32,disjoint,shuffled,1000,production,2,11800,,,,,12096,10,1000
date32,disjoint,shuffled,1000,A,2,12200,600,300,8700,2400,12096,10,1000
date32,disjoint,shuffled,1000,C,2,12100,600,400,8700,2300,12096,10,1000
date32,disjoint,shuffled,1000,B,2,16100,600,300,12400,2800,12096,10,1000
i64,common,sorted,1000,B,0,2300,400,400,500,700,8032,2,1
i64,common,sorted,1000,A,0,2300,400,700,400,600,16032,2,1
i64,common,sorted,1000,production,0,2500,,,,,32,1,1
i64,common,sorted,1000,C,0,1400,500,200,0,600,32,1,1
i64,common,sorted,1000,B,1,2300,400,300,600,800,8032,2,1
i64,common,sorted,1000,C,1,1300,400,200,0,400,32,1,1
i64,common,sorted,1000,production,1,1500,,,,,32,1,1
i64,common,sorted,1000,A,1,2300,400,600,300,600,16032,2,1
i64,common,sorted,1000,production,2,1500,,,,,32,1,1
i64,common,sorted,1000,C,2,1300,500,200,0,500,32,1,1
i64,common,sorted,1000,A,2,2200,500,700,400,600,16032,2,1
i64,common,sorted,1000,B,2,2200,400,300,500,700,8032,2,1
i64,common,reverse,1000,production,0,2200,,,,,16032,2,1
i64,common,reverse,1000,C,0,2600,400,600,800,600,16032,2,1
i64,common,reverse,1000,A,0,2700,400,700,800,500,16032,2,1
i64,common,reverse,1000,B,0,2400,500,300,700,700,8032,2,1
i64,common,reverse,1000,A,1,2600,500,600,800,600,16032,2,1
i64,common,reverse,1000,C,1,2600,400,700,800,600,16032,2,1
i64,common,reverse,1000,production,1,2300,,,,,16032,2,1
i64,common,reverse,1000,B,1,2400,500,300,700,700,8032,2,1
i64,common,reverse,1000,production,2,2200,,,,,16032,2,1
i64,common,reverse,1000,A,2,2600,400,600,800,600,16032,2,1
i64,common,reverse,1000,B,2,2300,400,300,700,700,8032,2,1
i64,common,reverse,1000,C,2,2700,400,700,800,500,16032,2,1
i64,common,shuffled,1000,C,0,11000,400,600,9100,500,16032,2,1
i64,common,shuffled,1000,A,0,11000,500,700,9100,600,16032,2,1
i64,common,shuffled,1000,B,0,17200,500,300,15500,700,8032,2,1
i64,common,shuffled,1000,production,0,11000,,,,,16032,2,1
i64,common,shuffled,1000,B,1,14400,400,300,12800,700,8032,2,1
i64,common,shuffled,1000,C,1,11100,400,700,9100,600,16032,2,1
i64,common,shuffled,1000,production,1,10600,,,,,16032,2,1
i64,common,shuffled,1000,A,1,10900,500,700,9100,600,16032,2,1
i64,common,shuffled,1000,A,2,12200,500,700,10400,500,16032,2,1
i64,common,shuffled,1000,C,2,10900,500,700,9000,600,16032,2,1
i64,common,shuffled,1000,B,2,13800,500,300,12000,700,8032,2,1
i64,common,shuffled,1000,production,2,10600,,,,,16032,2,1
i64,sparse,sorted,1000,A,0,5700,400,700,300,4000,24192,10,743
i64,sparse,sorted,1000,B,0,5800,400,300,600,4400,16192,10,743
i64,sparse,sorted,1000,C,0,4500,400,100,0,3700,8192,9,743
i64,sparse,sorted,1000,production,0,4200,,,,,8192,9,743
i64,sparse,sorted,1000,production,1,3300,,,,,8192,9,743
i64,sparse,sorted,1000,C,1,3400,400,200,0,2700,8192,9,743
i64,sparse,sorted,1000,B,1,4800,400,300,600,3300,16192,10,743
i64,sparse,sorted,1000,A,1,4800,400,600,300,3100,24192,10,743
i64,sparse,sorted,1000,B,2,4600,500,300,700,3000,16192,10,743
i64,sparse,sorted,1000,production,2,3300,,,,,8192,9,743
i64,sparse,sorted,1000,A,2,4000,400,600,400,2400,24192,10,743
i64,sparse,sorted,1000,C,2,3400,400,200,0,2500,8192,9,743
i64,sparse,reverse,1000,C,0,13700,400,600,9300,3000,24192,10,743
i64,sparse,reverse,1000,B,0,24000,400,300,17800,5200,16192,10,743
i64,sparse,reverse,1000,production,0,14600,,,,,24192,10,743
i64,sparse,reverse,1000,A,0,13500,400,600,9400,2900,24192,10,743
i64,sparse,reverse,1000,production,1,13200,,,,,24192,10,743
i64,sparse,reverse,1000,B,1,17700,400,400,12300,4400,16192,10,743
i64,sparse,reverse,1000,A,1,13300,400,600,9400,2600,24192,10,743
i64,sparse,reverse,1000,C,1,12800,400,700,9200,2200,24192,10,743
i64,sparse,reverse,1000,production,2,13200,,,,,24192,10,743
i64,sparse,reverse,1000,B,2,16200,500,300,11800,3500,16192,10,743
i64,sparse,reverse,1000,C,2,13000,400,600,9300,2500,24192,10,743
i64,sparse,reverse,1000,A,2,12600,400,600,9300,2200,24192,10,743
i64,sparse,shuffled,1000,A,0,13300,400,600,9100,2900,24192,10,743
i64,sparse,shuffled,1000,production,0,12900,,,,,24192,10,743
i64,sparse,shuffled,1000,B,0,21000,500,300,15700,4300,16192,10,743
i64,sparse,shuffled,1000,C,0,13500,400,700,9300,2800,24192,10,743
i64,sparse,shuffled,1000,production,1,12800,,,,,24192,10,743
i64,sparse,shuffled,1000,C,1,12600,400,600,8800,2500,24192,10,743
i64,sparse,shuffled,1000,A,1,12200,400,600,8700,2300,24192,10,743
i64,sparse,shuffled,1000,B,1,18300,400,300,13500,3700,16192,10,743
i64,sparse,shuffled,1000,C,2,12600,400,600,9000,2400,24192,10,743
i64,sparse,shuffled,1000,production,2,12700,,,,,24192,10,743
i64,sparse,shuffled,1000,A,2,12200,400,700,8800,2200,24192,10,743
i64,sparse,shuffled,1000,B,2,18100,400,300,12400,4800,16192,10,743
i64,dense,sorted,1000,C,0,2100,500,200,0,1300,512,5,62
i64,dense,sorted,1000,B,0,3200,400,300,600,1600,8512,6,62
i64,dense,sorted,1000,A,0,3200,400,700,400,1500,16512,6,62
i64,dense,sorted,1000,production,0,2100,,,,,512,5,62
i64,dense,sorted,1000,production,1,2000,,,,,512,5,62
i64,dense,sorted,1000,B,1,2800,400,300,500,1300,8512,6,62
i64,dense,sorted,1000,C,1,1900,400,100,0,1100,512,5,62
i64,dense,sorted,1000,A,1,2800,400,600,300,1200,16512,6,62
i64,dense,sorted,1000,C,2,1800,400,200,0,1000,512,5,62
i64,dense,sorted,1000,production,2,2000,,,,,512,5,62
i64,dense,sorted,1000,A,2,2800,400,700,400,1100,16512,6,62
i64,dense,sorted,1000,B,2,2800,400,200,500,1200,8512,6,62
date32,dense,sorted,1000,C,0,2400,500,100,0,1600,256,5,62
date32,dense,sorted,1000,B,0,3200,500,300,600,1600,8256,6,62
date32,dense,sorted,1000,A,0,3400,600,400,500,1700,8256,6,62
date32,dense,sorted,1000,production,0,1900,,,,,256,5,62
date32,dense,sorted,1000,A,1,2800,500,300,600,1100,8256,6,62
date32,dense,sorted,1000,C,1,2300,600,200,0,1500,256,5,62
date32,dense,sorted,1000,production,1,1500,,,,,256,5,62
date32,dense,sorted,1000,B,1,2900,500,300,600,1300,8256,6,62
date32,dense,sorted,1000,C,2,2200,600,100,0,1300,256,5,62
date32,dense,sorted,1000,B,2,2800,500,200,500,1100,8256,6,62
date32,dense,sorted,1000,production,2,1400,,,,,256,5,62
date32,dense,sorted,1000,A,2,2600,600,400,500,1000,8256,6,62
i64,dense,reverse,1000,C,0,11500,400,600,9100,1300,16512,6,62
i64,dense,reverse,1000,B,0,14800,500,300,12500,1400,8512,6,62
i64,dense,reverse,1000,A,0,11500,400,600,9100,1200,16512,6,62
i64,dense,reverse,1000,production,0,11800,,,,,16512,6,62
i64,dense,reverse,1000,C,1,11400,500,600,9000,1000,16512,6,62
i64,dense,reverse,1000,B,1,13600,500,300,11400,1300,8512,6,62
i64,dense,reverse,1000,A,1,11500,500,600,9100,1100,16512,6,62
i64,dense,reverse,1000,production,1,12100,,,,,16512,6,62
i64,dense,reverse,1000,B,2,13400,500,300,11200,1300,8512,6,62
i64,dense,reverse,1000,production,2,12000,,,,,16512,6,62
i64,dense,reverse,1000,A,2,11300,500,600,9000,1100,16512,6,62
i64,dense,reverse,1000,C,2,11500,500,600,9100,1100,16512,6,62
date32,dense,reverse,1000,B,0,15500,600,300,13100,1500,8256,6,62
date32,dense,reverse,1000,C,0,11300,500,300,9000,1200,8256,6,62
date32,dense,reverse,1000,A,0,11000,600,400,8900,1000,8256,6,62
date32,dense,reverse,1000,production,0,11000,,,,,8256,6,62
date32,dense,reverse,1000,B,1,14300,600,300,12000,1300,8256,6,62
date32,dense,reverse,1000,production,1,10600,,,,,8256,6,62
date32,dense,reverse,1000,C,1,10900,500,300,8800,900,8256,6,62
date32,dense,reverse,1000,A,1,10900,600,400,8800,900,8256,6,62
date32,dense,reverse,1000,B,2,13700,600,300,11500,1300,8256,6,62
date32,dense,reverse,1000,production,2,10700,,,,,8256,6,62
date32,dense,reverse,1000,C,2,11000,600,400,8900,900,8256,6,62
date32,dense,reverse,1000,A,2,10900,600,400,8900,1000,8256,6,62
i64,dense,shuffled,1000,B,0,17200,400,300,14700,1500,8512,6,62
i64,dense,shuffled,1000,A,0,11500,500,700,9000,1300,16512,6,62
i64,dense,shuffled,1000,production,0,11000,,,,,16512,6,62
i64,dense,shuffled,1000,C,0,11100,500,600,8600,1200,16512,6,62
i64,dense,shuffled,1000,C,1,11000,400,600,8600,1100,16512,6,62
i64,dense,shuffled,1000,production,1,10900,,,,,16512,6,62
i64,dense,shuffled,1000,A,1,11000,500,700,8600,1100,16512,6,62
i64,dense,shuffled,1000,B,1,14900,500,300,12700,1400,8512,6,62
i64,dense,shuffled,1000,A,2,11100,400,600,8700,1100,16512,6,62
i64,dense,shuffled,1000,C,2,10900,500,600,8600,1100,16512,6,62
i64,dense,shuffled,1000,B,2,13700,500,300,11400,1200,8512,6,62
i64,dense,shuffled,1000,production,2,10800,,,,,16512,6,62
date32,dense,shuffled,1000,production,0,10600,,,,,8256,6,62
date32,dense,shuffled,1000,B,0,18200,600,300,15600,1500,8256,6,62
date32,dense,shuffled,1000,A,0,11100,600,400,8800,1200,8256,6,62
date32,dense,shuffled,1000,C,0,10700,600,400,8500,1100,8256,6,62
date32,dense,shuffled,1000,C,1,10600,500,300,8500,1000,8256,6,62
date32,dense,shuffled,1000,B,1,15100,600,300,12700,1400,8256,6,62
date32,dense,shuffled,1000,production,1,10600,,,,,8256,6,62
date32,dense,shuffled,1000,A,1,10700,600,300,8500,1000,8256,6,62
date32,dense,shuffled,1000,C,2,10600,600,400,8600,900,8256,6,62
date32,dense,shuffled,1000,A,2,10600,500,300,8500,1000,8256,6,62
date32,dense,shuffled,1000,production,2,10300,,,,,8256,6,62
date32,dense,shuffled,1000,B,2,14200,500,300,11800,1200,8256,6,62
i64,nested,sorted,1000,A,0,2100,400,600,400,600,16032,2,1
i64,nested,sorted,1000,B,0,2200,500,300,500,700,8032,2,1
i64,nested,sorted,1000,production,0,1400,,,,,32,1,1
i64,nested,sorted,1000,C,0,1300,400,200,0,500,32,1,1
i64,nested,sorted,1000,A,1,2200,500,700,400,600,16032,2,1
i64,nested,sorted,1000,production,1,1400,,,,,32,1,1
i64,nested,sorted,1000,C,1,1200,400,200,0,500,32,1,1
i64,nested,sorted,1000,B,1,2200,500,300,500,700,8032,2,1
i64,nested,sorted,1000,production,2,1400,,,,,32,1,1
i64,nested,sorted,1000,A,2,2200,500,700,300,600,16032,2,1
i64,nested,sorted,1000,B,2,2200,500,300,600,700,8032,2,1
i64,nested,sorted,1000,C,2,1300,500,200,0,500,32,1,1
i64,nested,reverse,1000,C,0,2600,500,600,800,600,16032,2,1
i64,nested,reverse,1000,B,0,2400,400,300,700,800,8032,2,1
i64,nested,reverse,1000,A,0,2700,400,600,800,500,16032,2,1
i64,nested,reverse,1000,production,0,2200,,,,,16032,2,1
i64,nested,reverse,1000,A,1,2700,400,600,800,500,16032,2,1
i64,nested,reverse,1000,B,1,2300,400,300,700,700,8032,2,1
i64,nested,reverse,1000,C,1,2700,400,600,700,600,16032,2,1
i64,nested,reverse,1000,production,1,2200,,,,,16032,2,1
i64,nested,reverse,1000,production,2,2200,,,,,16032,2,1
i64,nested,reverse,1000,A,2,2700,400,600,800,500,16032,2,1
i64,nested,reverse,1000,B,2,2400,400,200,700,700,8032,2,1
i64,nested,reverse,1000,C,2,2700,500,700,800,500,16032,2,1
i64,nested,shuffled,1000,production,0,10300,,,,,16032,2,1
i64,nested,shuffled,1000,A,0,10700,500,700,8800,600,16032,2,1
i64,nested,shuffled,1000,C,0,10700,400,700,8800,600,16032,2,1
i64,nested,shuffled,1000,B,0,16100,400,300,14400,700,8032,2,1
i64,nested,shuffled,1000,production,1,10400,,,,,16032,2,1
i64,nested,shuffled,1000,B,1,13700,400,400,12000,700,8032,2,1
i64,nested,shuffled,1000,C,1,10600,400,600,8700,600,16032,2,1
i64,nested,shuffled,1000,A,1,10600,500,700,8700,600,16032,2,1
i64,nested,shuffled,1000,production,2,10200,,,,,16032,2,1
i64,nested,shuffled,1000,A,2,10500,400,600,8700,600,16032,2,1
i64,nested,shuffled,1000,C,2,10600,400,600,8600,600,16032,2,1
i64,nested,shuffled,1000,B,2,13200,500,300,11600,700,8032,2,1
i64,touching,sorted,1000,B,0,4400,400,300,500,3000,16192,10,1000
i64,touching,sorted,1000,A,0,4400,500,700,400,2700,24192,10,1000
i64,touching,sorted,1000,C,0,3300,400,200,0,2500,8192,9,1000
i64,touching,sorted,1000,production,0,3200,,,,,8192,9,1000
i64,touching,sorted,1000,B,1,4300,400,300,500,2800,16192,10,1000
i64,touching,sorted,1000,production,1,3200,,,,,8192,9,1000
i64,touching,sorted,1000,C,1,3200,500,200,0,2400,8192,9,1000
i64,touching,sorted,1000,A,1,4200,400,600,300,2600,24192,10,1000
i64,touching,sorted,1000,A,2,4000,400,600,300,2300,24192,10,1000
i64,touching,sorted,1000,production,2,3200,,,,,8192,9,1000
i64,touching,sorted,1000,B,2,4200,400,200,500,2700,16192,10,1000
i64,touching,sorted,1000,C,2,3200,400,200,0,2300,8192,9,1000
i64,touching,reverse,1000,B,0,4600,400,300,700,3100,16192,10,1000
i64,touching,reverse,1000,production,0,4200,,,,,24192,10,1000
i64,touching,reverse,1000,C,0,4500,400,600,800,2500,24192,10,1000
i64,touching,reverse,1000,A,0,4400,400,600,800,2300,24192,10,1000
i64,touching,reverse,1000,C,1,4400,400,600,800,2300,24192,10,1000
i64,touching,reverse,1000,production,1,4100,,,,,24192,10,1000
i64,touching,reverse,1000,A,1,4500,400,600,900,2400,24192,10,1000
i64,touching,reverse,1000,B,1,4600,500,300,600,2900,16192,10,1000
i64,touching,reverse,1000,C,2,4400,400,600,800,2400,24192,10,1000
i64,touching,reverse,1000,production,2,4100,,,,,24192,10,1000
i64,touching,reverse,1000,A,2,4600,400,600,800,2500,24192,10,1000
i64,touching,reverse,1000,B,2,4600,500,300,800,2900,16192,10,1000
i64,touching,shuffled,1000,C,0,12900,500,600,9200,2400,24192,10,1000
i64,touching,shuffled,1000,production,0,12800,,,,,24192,10,1000
i64,touching,shuffled,1000,A,0,12800,400,600,9000,2400,24192,10,1000
i64,touching,shuffled,1000,B,0,19300,500,300,15300,3100,16192,10,1000
i64,touching,shuffled,1000,production,1,12900,,,,,24192,10,1000
i64,touching,shuffled,1000,C,1,12700,400,600,9100,2400,24192,10,1000
i64,touching,shuffled,1000,B,1,16600,400,300,12700,2900,16192,10,1000
i64,touching,shuffled,1000,A,1,12800,500,600,9200,2500,24192,10,1000
i64,touching,shuffled,1000,B,2,15700,400,200,11600,3000,16192,10,1000
i64,touching,shuffled,1000,C,2,12800,400,600,9100,2400,24192,10,1000
i64,touching,shuffled,1000,A,2,12500,400,600,9000,2400,24192,10,1000
i64,touching,shuffled,1000,production,2,12500,,,,,24192,10,1000
i64,staircase,sorted,1000,B,0,3800,500,300,600,2300,12096,9,500
i64,staircase,sorted,1000,production,0,2700,,,,,4096,8,500
i64,staircase,sorted,1000,A,0,3700,400,700,400,2100,20096,9,500
i64,staircase,sorted,1000,C,0,2800,500,200,0,2000,4096,8,500
i64,staircase,sorted,1000,C,1,2600,500,200,0,1800,4096,8,500
i64,staircase,sorted,1000,production,1,2500,,,,,4096,8,500
i64,staircase,sorted,1000,B,1,3600,400,200,500,2000,12096,9,500
i64,staircase,sorted,1000,A,1,3500,400,600,400,1900,20096,9,500
i64,staircase,sorted,1000,production,2,2500,,,,,4096,8,500
i64,staircase,sorted,1000,C,2,21700,500,200,0,20900,4096,8,500
i64,staircase,sorted,1000,B,2,8900,500,600,500,7000,12096,9,500
i64,staircase,sorted,1000,A,2,9500,400,1500,400,7100,20096,9,500
i64,staircase,reverse,1000,B,0,3600,400,300,800,2000,12096,9,500
i64,staircase,reverse,1000,A,0,3800,500,700,800,1800,20096,9,500
i64,staircase,reverse,1000,C,0,3700,500,700,800,1600,20096,9,500
i64,staircase,reverse,1000,production,0,3700,,,,,20096,9,500
i64,staircase,reverse,1000,C,1,3700,400,700,800,1600,20096,9,500
i64,staircase,reverse,1000,production,1,3500,,,,,20096,9,500
i64,staircase,reverse,1000,A,1,3600,400,700,800,1600,20096,9,500
i64,staircase,reverse,1000,B,1,3400,500,300,700,1800,12096,9,500
i64,staircase,reverse,1000,A,2,3600,500,600,800,1600,20096,9,500
i64,staircase,reverse,1000,B,2,3500,400,300,700,1800,12096,9,500
i64,staircase,reverse,1000,production,2,3500,,,,,20096,9,500
i64,staircase,reverse,1000,C,2,3800,500,700,800,1700,20096,9,500
i64,staircase,shuffled,1000,B,0,17300,400,300,14300,2200,12096,9,500
i64,staircase,shuffled,1000,A,0,12200,400,600,9100,1800,20096,9,500
i64,staircase,shuffled,1000,production,0,11600,,,,,20096,9,500
i64,staircase,shuffled,1000,C,0,11600,500,700,8700,1600,20096,9,500
i64,staircase,shuffled,1000,B,1,15000,500,300,12000,2000,12096,9,500
i64,staircase,shuffled,1000,A,1,11700,400,600,8700,1700,20096,9,500
i64,staircase,shuffled,1000,C,1,11500,400,600,8700,1600,20096,9,500
i64,staircase,shuffled,1000,production,1,11400,,,,,20096,9,500
i64,staircase,shuffled,1000,B,2,14300,400,300,11500,1900,12096,9,500
i64,staircase,shuffled,1000,A,2,11700,400,700,8700,1700,20096,9,500
i64,staircase,shuffled,1000,C,2,11500,500,600,8600,1600,20096,9,500
i64,staircase,shuffled,1000,production,2,11300,,,,,20096,9,500
i64,identical,sorted,1000,C,0,1300,500,200,0,500,32,1,1
i64,identical,sorted,1000,B,0,2200,500,300,500,700,8032,2,1
i64,identical,sorted,1000,production,0,1400,,,,,32,1,1
i64,identical,sorted,1000,A,0,2400,400,600,300,700,16032,2,1
i64,identical,sorted,1000,production,1,1400,,,,,32,1,1
i64,identical,sorted,1000,C,1,1300,500,200,0,500,32,1,1
i64,identical,sorted,1000,A,1,2300,400,600,400,600,16032,2,1
i64,identical,sorted,1000,B,1,2200,500,300,500,700,8032,2,1
i64,identical,sorted,1000,B,2,2200,500,300,600,700,8032,2,1
i64,identical,sorted,1000,production,2,1500,,,,,32,1,1
i64,identical,sorted,1000,A,2,2200,500,700,400,600,16032,2,1
i64,identical,sorted,1000,C,2,1300,400,100,0,500,32,1,1
date32,identical,sorted,1000,production,0,1000,,,,,16,1,1
date32,identical,sorted,1000,C,0,1700,500,100,0,800,16,1,1
date32,identical,sorted,1000,A,0,2200,600,400,600,600,8016,2,1
date32,identical,sorted,1000,B,0,2600,500,300,600,900,8016,2,1
date32,identical,sorted,1000,C,1,1700,600,100,0,800,16,1,1
date32,identical,sorted,1000,A,1,2200,500,400,600,600,8016,2,1
date32,identical,sorted,1000,production,1,1000,,,,,16,1,1
date32,identical,sorted,1000,B,1,2400,500,300,600,800,8016,2,1
date32,identical,sorted,1000,production,2,1000,,,,,16,1,1
date32,identical,sorted,1000,C,2,1700,500,100,0,900,16,1,1
date32,identical,sorted,1000,B,2,2400,500,200,500,700,8016,2,1
date32,identical,sorted,1000,A,2,2100,500,300,500,500,8016,2,1
i64,identical,reverse,1000,production,0,1400,,,,,32,1,1
i64,identical,reverse,1000,B,0,2300,400,300,600,700,8032,2,1
i64,identical,reverse,1000,C,0,1300,400,200,0,400,32,1,1
i64,identical,reverse,1000,A,0,2200,500,700,400,600,16032,2,1
i64,identical,reverse,1000,B,1,2200,400,300,500,700,8032,2,1
i64,identical,reverse,1000,A,1,2300,400,600,300,600,16032,2,1
i64,identical,reverse,1000,production,1,1500,,,,,32,1,1
i64,identical,reverse,1000,C,1,1300,500,200,0,500,32,1,1
i64,identical,reverse,1000,C,2,1200,400,200,0,500,32,1,1
i64,identical,reverse,1000,A,2,2200,500,700,300,500,16032,2,1
i64,identical,reverse,1000,production,2,1500,,,,,32,1,1
i64,identical,reverse,1000,B,2,2300,400,300,600,700,8032,2,1
date32,identical,reverse,1000,A,0,2200,600,300,500,500,8016,2,1
date32,identical,reverse,1000,production,0,1000,,,,,16,1,1
date32,identical,reverse,1000,C,0,1700,600,200,0,800,16,1,1
date32,identical,reverse,1000,B,0,2400,500,300,500,700,8016,2,1
date32,identical,reverse,1000,production,1,1000,,,,,16,1,1
date32,identical,reverse,1000,A,1,2200,600,400,500,500,8016,2,1
date32,identical,reverse,1000,B,1,2400,500,200,500,700,8016,2,1
date32,identical,reverse,1000,C,1,1600,600,100,0,800,16,1,1
date32,identical,reverse,1000,B,2,2300,500,300,500,700,8016,2,1
date32,identical,reverse,1000,A,2,2200,600,300,500,500,8016,2,1
date32,identical,reverse,1000,production,2,1000,,,,,16,1,1
date32,identical,reverse,1000,C,2,1700,600,100,0,800,16,1,1
i64,identical,shuffled,1000,production,0,1400,,,,,32,1,1
i64,identical,shuffled,1000,A,0,2300,500,700,400,600,16032,2,1
i64,identical,shuffled,1000,C,0,1300,500,200,0,500,32,1,1
i64,identical,shuffled,1000,B,0,2200,400,300,600,700,8032,2,1
i64,identical,shuffled,1000,B,1,2200,500,300,500,700,8032,2,1
i64,identical,shuffled,1000,C,1,1300,400,200,0,500,32,1,1
i64,identical,shuffled,1000,A,1,2200,400,600,300,500,16032,2,1
i64,identical,shuffled,1000,production,1,1400,,,,,32,1,1
i64,identical,shuffled,1000,A,2,2300,400,600,400,500,16032,2,1
i64,identical,shuffled,1000,B,2,2200,500,300,500,700,8032,2,1
i64,identical,shuffled,1000,C,2,1200,500,200,0,500,32,1,1
i64,identical,shuffled,1000,production,2,1400,,,,,32,1,1
date32,identical,shuffled,1000,C,0,1600,600,100,0,800,16,1,1
date32,identical,shuffled,1000,A,0,2300,500,300,500,600,8016,2,1
date32,identical,shuffled,1000,B,0,2400,500,200,500,700,8016,2,1
date32,identical,shuffled,1000,production,0,1000,,,,,16,1,1
date32,identical,shuffled,1000,A,1,2200,500,400,600,500,8016,2,1
date32,identical,shuffled,1000,production,1,1000,,,,,16,1,1
date32,identical,shuffled,1000,B,1,2300,600,300,600,700,8016,2,1
date32,identical,shuffled,1000,C,1,1700,500,100,0,900,16,1,1
date32,identical,shuffled,1000,production,2,1000,,,,,16,1,1
date32,identical,shuffled,1000,B,2,2300,600,300,600,800,8016,2,1
date32,identical,shuffled,1000,A,2,2200,500,300,500,500,8016,2,1
date32,identical,shuffled,1000,C,2,1700,600,200,0,800,16,1,1
i64,equal_ends,sorted,1000,A,0,2200,400,700,400,500,16032,2,1
i64,equal_ends,sorted,1000,production,0,1500,,,,,32,1,1
i64,equal_ends,sorted,1000,B,0,2200,500,300,500,700,8032,2,1
i64,equal_ends,sorted,1000,C,0,1200,500,200,0,500,32,1,1
i64,equal_ends,sorted,1000,production,1,1500,,,,,32,1,1
i64,equal_ends,sorted,1000,C,1,1300,500,200,0,500,32,1,1
i64,equal_ends,sorted,1000,B,1,2200,500,300,500,700,8032,2,1
i64,equal_ends,sorted,1000,A,1,2200,500,600,400,600,16032,2,1
i64,equal_ends,sorted,1000,C,2,1300,400,100,0,500,32,1,1
i64,equal_ends,sorted,1000,B,2,2200,400,300,600,700,8032,2,1
i64,equal_ends,sorted,1000,A,2,2200,500,600,300,600,16032,2,1
i64,equal_ends,sorted,1000,production,2,1500,,,,,32,1,1
i64,equal_ends,reverse,1000,A,0,2200,500,600,300,500,16032,2,1
i64,equal_ends,reverse,1000,production,0,1400,,,,,32,1,1
i64,equal_ends,reverse,1000,B,0,2200,500,300,600,800,8032,2,1
i64,equal_ends,reverse,1000,C,0,1200,400,200,0,500,32,1,1
i64,equal_ends,reverse,1000,C,1,1300,500,200,0,400,32,1,1
i64,equal_ends,reverse,1000,B,1,2200,500,300,500,700,8032,2,1
i64,equal_ends,reverse,1000,production,1,1500,,,,,32,1,1
i64,equal_ends,reverse,1000,A,1,2300,400,600,300,500,16032,2,1
i64,equal_ends,reverse,1000,A,2,2200,400,700,400,500,16032,2,1
i64,equal_ends,reverse,1000,production,2,1500,,,,,32,1,1
i64,equal_ends,reverse,1000,B,2,2200,400,300,500,700,8032,2,1
i64,equal_ends,reverse,1000,C,2,1200,500,200,0,500,32,1,1
i64,equal_ends,shuffled,1000,B,0,6800,4900,300,600,700,8032,2,1
i64,equal_ends,shuffled,1000,C,0,1300,400,200,0,500,32,1,1
i64,equal_ends,shuffled,1000,production,0,1500,,,,,32,1,1
i64,equal_ends,shuffled,1000,A,0,2200,400,600,400,600,16032,2,1
i64,equal_ends,shuffled,1000,C,1,1300,500,200,0,400,32,1,1
i64,equal_ends,shuffled,1000,production,1,1500,,,,,32,1,1
i64,equal_ends,shuffled,1000,A,1,2200,400,700,400,500,16032,2,1
i64,equal_ends,shuffled,1000,B,1,2200,500,300,500,700,8032,2,1
i64,equal_ends,shuffled,1000,C,2,1200,400,200,0,500,32,1,1
i64,equal_ends,shuffled,1000,A,2,2200,500,700,400,600,16032,2,1
i64,equal_ends,shuffled,1000,B,2,2200,400,300,600,700,8032,2,1
i64,equal_ends,shuffled,1000,production,2,1400,,,,,32,1,1
i64,equal_starts,sorted,1000,A,0,2200,400,600,400,600,16032,2,1
i64,equal_starts,sorted,1000,production,0,1500,,,,,32,1,1
i64,equal_starts,sorted,1000,C,0,1300,500,200,0,500,32,1,1
i64,equal_starts,sorted,1000,B,0,2200,400,300,600,700,8032,2,1
i64,equal_starts,sorted,1000,A,1,2200,500,700,400,600,16032,2,1
i64,equal_starts,sorted,1000,production,1,1500,,,,,32,1,1
i64,equal_starts,sorted,1000,C,1,1300,500,200,0,400,32,1,1
i64,equal_starts,sorted,1000,B,1,2300,400,400,500,700,8032,2,1
i64,equal_starts,sorted,1000,A,2,2300,400,700,400,600,16032,2,1
i64,equal_starts,sorted,1000,production,2,1400,,,,,32,1,1
i64,equal_starts,sorted,1000,B,2,2200,400,300,500,700,8032,2,1
i64,equal_starts,sorted,1000,C,2,1300,400,200,0,500,32,1,1
i64,equal_starts,reverse,1000,production,0,2100,,,,,16032,2,1
i64,equal_starts,reverse,1000,A,0,2600,400,600,800,600,16032,2,1
i64,equal_starts,reverse,1000,B,0,2400,500,300,700,700,8032,2,1
i64,equal_starts,reverse,1000,C,0,2700,400,700,800,500,16032,2,1
i64,equal_starts,reverse,1000,C,1,2600,500,700,800,600,16032,2,1
i64,equal_starts,reverse,1000,A,1,2600,500,700,800,600,16032,2,1
i64,equal_starts,reverse,1000,production,1,2200,,,,,16032,2,1
i64,equal_starts,reverse,1000,B,1,2400,500,300,700,700,8032,2,1
i64,equal_starts,reverse,1000,B,2,2400,400,300,700,700,8032,2,1
i64,equal_starts,reverse,1000,A,2,2700,400,600,800,600,16032,2,1
i64,equal_starts,reverse,1000,C,2,2700,500,700,800,600,16032,2,1
i64,equal_starts,reverse,1000,production,2,2200,,,,,16032,2,1
i64,equal_starts,shuffled,1000,A,0,10700,400,600,8800,500,16032,2,1
i64,equal_starts,shuffled,1000,C,0,10800,400,600,8800,500,16032,2,1
i64,equal_starts,shuffled,1000,production,0,10600,,,,,16032,2,1
i64,equal_starts,shuffled,1000,B,0,16900,500,400,14900,1000,8032,2,1
i64,equal_starts,shuffled,1000,B,1,14600,500,300,13000,800,8032,2,1
i64,equal_starts,shuffled,1000,A,1,11000,500,600,9100,500,16032,2,1
i64,equal_starts,shuffled,1000,C,1,10800,500,700,8900,500,16032,2,1
i64,equal_starts,shuffled,1000,production,1,10500,,,,,16032,2,1
i64,equal_starts,shuffled,1000,C,2,10700,500,700,8800,500,16032,2,1
i64,equal_starts,shuffled,1000,A,2,10700,500,700,8800,600,16032,2,1
i64,equal_starts,shuffled,1000,production,2,10400,,,,,16032,2,1
i64,equal_starts,shuffled,1000,B,2,13300,400,300,11600,700,8032,2,1
i64,unit,sorted,1000,B,0,7600,400,300,600,6100,16192,10,935
i64,unit,sorted,1000,production,0,3100,,,,,8192,9,935
i64,unit,sorted,1000,A,0,7700,500,3800,400,2900,24192,10,935
i64,unit,sorted,1000,C,0,3400,500,200,0,2600,8192,9,935
i64,unit,sorted,1000,C,1,2900,400,200,0,2000,8192,9,935
i64,unit,sorted,1000,production,1,2800,,,,,8192,9,935
i64,unit,sorted,1000,B,1,4200,500,300,500,2600,16192,10,935
i64,unit,sorted,1000,A,1,4000,400,700,300,2300,24192,10,935
i64,unit,sorted,1000,A,2,3700,500,700,400,2000,24192,10,935
i64,unit,sorted,1000,B,2,3900,400,200,500,2300,16192,10,935
i64,unit,sorted,1000,C,2,2800,400,200,0,2000,8192,9,935
i64,unit,sorted,1000,production,2,2700,,,,,8192,9,935
i64,unit,reverse,1000,production,0,12700,,,,,24192,10,935
i64,unit,reverse,1000,B,0,16500,500,300,12900,2700,16192,10,935
i64,unit,reverse,1000,C,0,13000,400,600,9300,2300,24192,10,935
i64,unit,reverse,1000,A,0,12700,400,600,9200,2100,24192,10,935
i64,unit,reverse,1000,C,1,16700,400,600,13300,2200,24192,10,935
i64,unit,reverse,1000,production,1,12600,,,,,24192,10,935
i64,unit,reverse,1000,B,1,15500,400,300,11900,2700,16192,10,935
i64,unit,reverse,1000,A,1,12800,400,700,9300,2200,24192,10,935
i64,unit,reverse,1000,C,2,12600,400,700,9200,2100,24192,10,935
i64,unit,reverse,1000,production,2,12600,,,,,24192,10,935
i64,unit,reverse,1000,B,2,15100,400,300,11500,2600,16192,10,935
i64,unit,reverse,1000,A,2,12700,400,600,9300,2200,24192,10,935
i64,unit,shuffled,1000,C,0,12200,500,700,8700,2300,24192,10,935
i64,unit,shuffled,1000,B,0,18200,400,300,14600,2700,16192,10,935
i64,unit,shuffled,1000,production,0,12400,,,,,24192,10,935
i64,unit,shuffled,1000,A,0,12100,500,700,8600,2300,24192,10,935
i64,unit,shuffled,1000,C,1,12000,500,700,8600,2100,24192,10,935
i64,unit,shuffled,1000,A,1,12000,400,700,8600,2000,24192,10,935
i64,unit,shuffled,1000,production,1,11800,,,,,24192,10,935
i64,unit,shuffled,1000,B,1,16000,500,400,12400,2600,16192,10,935
i64,unit,shuffled,1000,C,2,12100,500,600,8700,2200,24192,10,935
i64,unit,shuffled,1000,A,2,11900,400,600,8600,2000,24192,10,935
i64,unit,shuffled,1000,B,2,15000,500,300,11600,2400,16192,10,935
i64,unit,shuffled,1000,production,2,11900,,,,,24192,10,935
i64,wide,sorted,1000,A,0,3100,500,600,300,1400,16032,2,1
i64,wide,sorted,1000,B,0,2300,400,300,600,800,8032,2,1
i64,wide,sorted,1000,C,0,1400,400,200,0,500,32,1,1
i64,wide,sorted,1000,production,0,1500,,,,,32,1,1
i64,wide,sorted,1000,production,1,1500,,,,,32,1,1
i64,wide,sorted,1000,B,1,2300,400,300,600,700,8032,2,1
i64,wide,sorted,1000,C,1,1200,400,200,0,500,32,1,1
i64,wide,sorted,1000,A,1,3100,500,700,400,1500,16032,2,1
i64,wide,sorted,1000,B,2,2300,400,300,500,700,8032,2,1
i64,wide,sorted,1000,production,2,1400,,,,,32,1,1
i64,wide,sorted,1000,C,2,1300,400,200,0,500,32,1,1
i64,wide,sorted,1000,A,2,2300,500,700,300,500,16032,2,1
i64,wide,reverse,1000,C,0,10900,400,600,9000,500,16032,2,1
i64,wide,reverse,1000,B,0,14300,500,300,12400,1000,8032,2,1
i64,wide,reverse,1000,production,0,10800,,,,,16032,2,1
i64,wide,reverse,1000,A,0,11000,400,700,9200,600,16032,2,1
i64,wide,reverse,1000,C,1,11000,400,600,9100,500,16032,2,1
i64,wide,reverse,1000,production,1,10700,,,,,16032,2,1
i64,wide,reverse,1000,A,1,11000,400,600,9100,600,16032,2,1
i64,wide,reverse,1000,B,1,13200,400,300,11600,800,8032,2,1
i64,wide,reverse,1000,B,2,12900,400,300,11100,700,8032,2,1
i64,wide,reverse,1000,production,2,10900,,,,,16032,2,1
i64,wide,reverse,1000,C,2,11000,500,700,9200,500,16032,2,1
i64,wide,reverse,1000,A,2,10900,400,600,9100,600,16032,2,1
i64,wide,shuffled,1000,A,0,10800,400,600,9000,600,16032,2,1
i64,wide,shuffled,1000,B,0,16500,500,400,14700,700,8032,2,1
i64,wide,shuffled,1000,production,0,10900,,,,,16032,2,1
i64,wide,shuffled,1000,C,0,10700,400,700,8900,600,16032,2,1
i64,wide,shuffled,1000,production,1,10500,,,,,16032,2,1
i64,wide,shuffled,1000,B,1,14400,500,300,12600,700,8032,2,1
i64,wide,shuffled,1000,A,1,10900,500,700,9000,500,16032,2,1
i64,wide,shuffled,1000,C,1,10700,400,600,8900,600,16032,2,1
i64,wide,shuffled,1000,A,2,10800,400,700,8900,500,16032,2,1
i64,wide,shuffled,1000,production,2,10500,,,,,16032,2,1
i64,wide,shuffled,1000,C,2,10800,400,600,8900,500,16032,2,1
i64,wide,shuffled,1000,B,2,13600,400,300,11900,700,8032,2,1
i64,disjoint,sorted,10000,C,0,18200,3800,1700,0,12600,131072,13,10000
i64,disjoint,sorted,10000,B,0,75300,3900,1600,5200,64400,211072,14,10000
i64,disjoint,sorted,10000,A,0,146000,3900,56600,3300,82200,291072,14,10000
i64,disjoint,sorted,10000,production,0,54400,,,,,131072,13,10000
i64,disjoint,sorted,10000,C,1,18400,4000,1600,0,12700,131072,13,10000
i64,disjoint,sorted,10000,B,1,67700,3900,1600,5300,56800,211072,14,10000
i64,disjoint,sorted,10000,production,1,53400,,,,,131072,13,10000
i64,disjoint,sorted,10000,A,1,112600,3900,57800,3200,47400,291072,14,10000
i64,disjoint,sorted,10000,production,2,53100,,,,,131072,13,10000
i64,disjoint,sorted,10000,B,2,67000,3900,1600,5200,56200,211072,14,10000
i64,disjoint,sorted,10000,A,2,142100,3900,56600,3200,78200,291072,14,10000
i64,disjoint,sorted,10000,C,2,52100,3900,1700,0,46300,131072,13,10000
date32,disjoint,sorted,10000,production,0,16600,,,,,65536,13,10000
date32,disjoint,sorted,10000,A,0,63400,5000,14600,5000,38600,145536,14,10000
date32,disjoint,sorted,10000,B,0,95900,5100,27400,5100,58000,145536,14,10000
date32,disjoint,sorted,10000,C,0,53500,5000,900,0,47500,65536,13,10000
date32,disjoint,sorted,10000,A,1,64100,5000,14800,5000,38900,145536,14,10000
date32,disjoint,sorted,10000,production,1,50700,,,,,65536,13,10000
date32,disjoint,sorted,10000,B,1,70700,5100,14500,5200,45900,145536,14,10000
date32,disjoint,sorted,10000,C,1,53700,5000,800,0,47700,65536,13,10000
date32,disjoint,sorted,10000,A,2,66200,5000,14500,5000,41500,145536,14,10000
date32,disjoint,sorted,10000,B,2,96500,5100,28200,5100,57600,145536,14,10000
date32,disjoint,sorted,10000,C,2,65300,5000,800,0,59300,65536,13,10000
date32,disjoint,sorted,10000,production,2,16900,,,,,65536,13,10000
i64,disjoint,reverse,10000,B,0,131800,3800,28100,6500,93200,211072,14,10000
i64,disjoint,reverse,10000,production,0,124900,,,,,291072,14,10000
i64,disjoint,reverse,10000,C,0,131300,7300,43200,7600,72800,291072,14,10000
i64,disjoint,reverse,10000,A,0,125400,3800,42500,7700,71100,291072,14,10000
i64,disjoint,reverse,10000,C,1,126800,3900,42300,7700,72600,291072,14,10000
i64,disjoint,reverse,10000,B,1,117500,3800,27000,6500,80000,211072,14,10000
i64,disjoint,reverse,10000,production,1,125600,,,,,291072,14,10000
i64,disjoint,reverse,10000,A,1,126500,3900,42600,7700,72000,291072,14,10000
i64,disjoint,reverse,10000,production,2,124000,,,,,291072,14,10000
i64,disjoint,reverse,10000,B,2,140100,3900,37200,6500,92200,211072,14,10000
i64,disjoint,reverse,10000,C,2,127100,3800,42500,7800,72800,291072,14,10000
i64,disjoint,reverse,10000,A,2,126300,3800,42800,7700,71800,291072,14,10000
date32,disjoint,reverse,10000,production,0,73700,,,,,145536,14,10000
date32,disjoint,reverse,10000,A,0,74100,5000,28800,5100,35000,145536,14,10000
date32,disjoint,reverse,10000,B,0,76900,5000,28000,6500,37100,145536,14,10000
date32,disjoint,reverse,10000,C,0,72700,5100,28000,5100,34400,145536,14,10000
date32,disjoint,reverse,10000,A,1,73800,5000,29500,5200,33900,145536,14,10000
date32,disjoint,reverse,10000,production,1,77500,,,,,145536,14,10000
date32,disjoint,reverse,10000,B,1,75000,5000,27100,6500,36200,145536,14,10000
date32,disjoint,reverse,10000,C,1,72700,5000,28200,5100,34000,145536,14,10000
date32,disjoint,reverse,10000,B,2,75900,5000,27300,6500,36700,145536,14,10000
date32,disjoint,reverse,10000,production,2,73100,,,,,145536,14,10000
date32,disjoint,reverse,10000,C,2,72400,5100,27500,5200,34600,145536,14,10000
date32,disjoint,reverse,10000,A,2,71600,5000,27500,5100,33700,145536,14,10000
i64,disjoint,shuffled,10000,A,0,311600,3900,52200,173800,81400,291072,14,10000
i64,disjoint,shuffled,10000,production,0,281900,,,,,291072,14,10000
i64,disjoint,shuffled,10000,C,0,276800,3800,43300,157300,72200,291072,14,10000
i64,disjoint,shuffled,10000,B,0,400700,3800,27700,280900,88000,211072,14,10000
i64,disjoint,shuffled,10000,C,1,281400,3800,44100,159800,73400,291072,14,10000
i64,disjoint,shuffled,10000,B,1,345800,3800,28300,216500,97100,211072,14,10000
i64,disjoint,shuffled,10000,A,1,364000,4800,48700,221400,88600,291072,14,10000
i64,disjoint,shuffled,10000,production,1,291500,,,,,291072,14,10000
i64,disjoint,shuffled,10000,B,2,357200,3900,33700,227300,92000,211072,14,10000
i64,disjoint,shuffled,10000,production,2,299900,,,,,291072,14,10000
i64,disjoint,shuffled,10000,A,2,286900,3800,43800,165600,73500,291072,14,10000
i64,disjoint,shuffled,10000,C,2,286800,3800,43000,166400,73100,291072,14,10000
date32,disjoint,shuffled,10000,A,0,198300,4900,27400,131400,34200,145536,14,10000
date32,disjoint,shuffled,10000,C,0,196300,5000,27200,129700,34100,145536,14,10000
date32,disjoint,shuffled,10000,B,0,292700,4900,26800,220000,40700,145536,14,10000
date32,disjoint,shuffled,10000,production,0,207300,,,,,145536,14,10000
date32,disjoint,shuffled,10000,C,1,198400,5000,27000,131900,34300,145536,14,10000
date32,disjoint,shuffled,10000,A,1,197000,5000,27600,129600,34700,145536,14,10000
date32,disjoint,shuffled,10000,B,1,280400,5000,26900,209500,39000,145536,14,10000
date32,disjoint,shuffled,10000,production,1,211400,,,,,145536,14,10000
date32,disjoint,shuffled,10000,B,2,285300,5000,28100,211700,40300,145536,14,10000
date32,disjoint,shuffled,10000,production,2,200400,,,,,145536,14,10000
date32,disjoint,shuffled,10000,C,2,199700,5000,27500,132800,34200,145536,14,10000
date32,disjoint,shuffled,10000,A,2,203300,5000,26900,130300,40800,145536,14,10000
i64,common,sorted,10000,production,0,12900,,,,,32,1,1
i64,common,sorted,10000,B,0,50100,3800,29500,5200,11500,80032,2,1
i64,common,sorted,10000,A,0,66300,3800,44500,3100,14600,160032,2,1
i64,common,sorted,10000,C,0,9600,3900,1600,0,3800,32,1,1
i64,common,sorted,10000,A,1,66800,3800,45000,3200,14800,160032,2,1
i64,common,sorted,10000,B,1,48000,3800,27700,5100,11100,80032,2,1
i64,common,sorted,10000,production,1,13100,,,,,32,1,1
i64,common,sorted,10000,C,1,9500,3800,1600,0,3800,32,1,1
i64,common,sorted,10000,B,2,48200,3800,28000,5100,11100,80032,2,1
i64,common,sorted,10000,A,2,66000,3800,44000,3200,14600,160032,2,1
i64,common,sorted,10000,production,2,13100,,,,,32,1,1
i64,common,sorted,10000,C,2,9500,3800,1700,0,3900,32,1,1
i64,common,reverse,10000,A,0,70500,3800,44100,7700,14700,160032,2,1
i64,common,reverse,10000,production,0,68900,,,,,160032,2,1
i64,common,reverse,10000,B,0,50600,3800,29000,6400,11000,80032,2,1
i64,common,reverse,10000,C,0,70300,3800,44200,7700,14500,160032,2,1
i64,common,reverse,10000,production,1,68700,,,,,160032,2,1
i64,common,reverse,10000,C,1,70400,3900,43600,7600,15100,160032,2,1
i64,common,reverse,10000,A,1,70300,3800,44100,7700,14500,160032,2,1
i64,common,reverse,10000,B,1,48900,3800,27300,6400,11000,80032,2,1
i64,common,reverse,10000,production,2,67900,,,,,160032,2,1
i64,common,reverse,10000,C,2,69300,3800,42700,7700,15000,160032,2,1
i64,common,reverse,10000,B,2,56000,3800,34200,6500,11300,80032,2,1
i64,common,reverse,10000,A,2,71400,3800,45000,7600,14600,160032,2,1
i64,common,shuffled,10000,C,0,221700,3700,43400,159700,14700,160032,2,1
i64,common,shuffled,10000,A,0,231400,3800,49600,162700,15200,160032,2,1
i64,common,shuffled,10000,B,0,273300,3900,27700,228600,12800,80032,2,1
i64,common,shuffled,10000,production,0,223300,,,,,160032,2,1
i64,common,shuffled,10000,B,1,260700,3800,27500,216300,12900,80032,2,1
i64,common,shuffled,10000,A,1,225500,3900,43800,163900,13700,160032,2,1
i64,common,shuffled,10000,production,1,222900,,,,,160032,2,1
i64,common,shuffled,10000,C,1,222500,3900,45000,158300,15100,160032,2,1
i64,common,shuffled,10000,production,2,221900,,,,,160032,2,1
i64,common,shuffled,10000,B,2,272000,3800,28400,226400,13200,80032,2,1
i64,common,shuffled,10000,A,2,224400,3800,44500,160200,15500,160032,2,1
i64,common,shuffled,10000,C,2,223300,3800,44700,159600,15000,160032,2,1
i64,sparse,sorted,10000,production,0,34900,,,,,65536,12,7230
i64,sparse,sorted,10000,B,0,84500,3900,7700,5200,67600,145536,13,7230
i64,sparse,sorted,10000,C,0,79300,3900,1700,0,73600,65536,12,7230
i64,sparse,sorted,10000,A,0,117900,3900,40100,3200,70500,225536,13,7230
i64,sparse,sorted,10000,B,1,128000,3800,29400,5100,89400,145536,13,7230
i64,sparse,sorted,10000,C,1,78700,3800,1700,0,72900,65536,12,7230
i64,sparse,sorted,10000,production,1,42000,,,,,65536,12,7230
i64,sparse,sorted,10000,A,1,166400,3800,89100,3200,70000,225536,13,7230
i64,sparse,sorted,10000,C,2,79200,3800,1700,0,73500,65536,12,7230
i64,sparse,sorted,10000,production,2,41700,,,,,65536,12,7230
i64,sparse,sorted,10000,A,2,112600,3800,37200,3200,68200,225536,13,7230
i64,sparse,sorted,10000,B,2,120200,3800,28100,5200,83000,145536,13,7230
i64,sparse,reverse,10000,production,0,300800,,,,,225536,13,7230
i64,sparse,reverse,10000,B,0,326000,3800,27700,211400,82900,145536,13,7230
i64,sparse,reverse,10000,A,0,293200,3800,44200,152400,92600,225536,13,7230
i64,sparse,reverse,10000,C,0,303400,3900,42600,167700,89000,225536,13,7230
i64,sparse,reverse,10000,A,1,289700,3900,44000,156200,85400,225536,13,7230
i64,sparse,reverse,10000,production,1,303400,,,,,225536,13,7230
i64,sparse,reverse,10000,C,1,281800,3900,43700,147500,86400,225536,13,7230
i64,sparse,reverse,10000,B,1,317400,3800,28000,203200,82100,145536,13,7230
i64,sparse,reverse,10000,production,2,294200,,,,,225536,13,7230
i64,sparse,reverse,10000,C,2,290800,3800,47100,153100,86400,225536,13,7230
i64,sparse,reverse,10000,A,2,285800,3800,42100,152700,86900,225536,13,7230
i64,sparse,reverse,10000,B,2,324800,3800,29100,209800,81900,145536,13,7230
i64,sparse,shuffled,10000,production,0,306800,,,,,225536,13,7230
i64,sparse,shuffled,10000,A,0,297700,3800,46600,161800,85200,225536,13,7230
i64,sparse,shuffled,10000,C,0,295200,3800,42600,161500,87000,225536,13,7230
i64,sparse,shuffled,10000,B,0,357400,3800,27000,235300,90900,145536,13,7230
i64,sparse,shuffled,10000,C,1,297000,3900,42800,162700,87500,225536,13,7230
i64,sparse,shuffled,10000,production,1,296500,,,,,225536,13,7230
i64,sparse,shuffled,10000,A,1,300400,3800,42800,161300,92300,225536,13,7230
i64,sparse,shuffled,10000,B,1,376500,3800,27100,254200,91200,145536,13,7230
i64,sparse,shuffled,10000,A,2,296500,3900,42800,162600,86900,225536,13,7230
i64,sparse,shuffled,10000,C,2,310300,3800,42800,167500,96000,225536,13,7230
i64,sparse,shuffled,10000,B,2,417200,3800,88600,234900,89600,145536,13,7230
i64,sparse,shuffled,10000,production,2,306300,,,,,225536,13,7230
i64,dense,sorted,10000,B,0,59700,3900,35800,5100,14800,82048,8,180
i64,dense,sorted,10000,A,0,76800,3800,51800,3200,17800,162048,8,180
i64,dense,sorted,10000,C,0,12300,3800,1600,0,6700,2048,7,180
i64,dense,sorted,10000,production,0,14900,,,,,2048,7,180
i64,dense,sorted,10000,A,1,71300,3800,47600,3200,16600,162048,8,180
i64,dense,sorted,10000,B,1,53100,3800,30900,5100,13100,82048,8,180
i64,dense,sorted,10000,C,1,11600,3800,1600,0,6000,2048,7,180
i64,dense,sorted,10000,production,1,15000,,,,,2048,7,180
i64,dense,sorted,10000,A,2,71200,3800,47400,3200,16600,162048,8,180
i64,dense,sorted,10000,C,2,11400,3800,1700,0,5800,2048,7,180
i64,dense,sorted,10000,B,2,53500,3800,30800,5100,13600,82048,8,180
i64,dense,sorted,10000,production,2,15100,,,,,2048,7,180
date32,dense,sorted,10000,B,0,52700,5000,28900,5100,13400,81024,8,180
date32,dense,sorted,10000,C,0,16100,5000,800,0,10000,1024,7,180
date32,dense,sorted,10000,production,0,10400,,,,,1024,7,180
date32,dense,sorted,10000,A,0,52600,5000,29900,5000,12500,81024,8,180
date32,dense,sorted,10000,A,1,51700,5000,29000,5000,12600,81024,8,180
date32,dense,sorted,10000,production,1,10300,,,,,1024,7,180
date32,dense,sorted,10000,B,1,53500,5000,29500,5200,13600,81024,8,180
date32,dense,sorted,10000,C,1,15500,5000,800,0,9600,1024,7,180
date32,dense,sorted,10000,production,2,10000,,,,,1024,7,180
date32,dense,sorted,10000,B,2,54500,5100,30800,5100,13400,81024,8,180
date32,dense,sorted,10000,A,2,50700,5000,28900,5000,11500,81024,8,180
date32,dense,sorted,10000,C,2,15300,5000,800,0,9200,1024,7,180
i64,dense,reverse,10000,A,0,167600,3800,5300,152300,6200,162048,8,180
i64,dense,reverse,10000,B,0,237000,3900,1500,212400,19100,82048,8,180
i64,dense,reverse,10000,C,0,209400,3700,44800,154300,6300,162048,8,180
i64,dense,reverse,10000,production,0,164900,,,,,162048,8,180
i64,dense,reverse,10000,production,1,181200,,,,,162048,8,180
i64,dense,reverse,10000,C,1,200800,3800,45000,145700,6200,162048,8,180
i64,dense,reverse,10000,B,1,223200,3800,1500,209800,7900,82048,8,180
i64,dense,reverse,10000,A,1,181000,3900,5300,154400,17200,162048,8,180
i64,dense,reverse,10000,B,2,252600,3900,28700,211900,7900,82048,8,180
i64,dense,reverse,10000,C,2,189700,3800,31000,148500,6200,162048,8,180
i64,dense,reverse,10000,production,2,175100,,,,,162048,8,180
i64,dense,reverse,10000,A,2,210600,3800,46700,153700,6200,162048,8,180
date32,dense,reverse,10000,A,0,163900,5000,29000,123500,6300,81024,8,180
date32,dense,reverse,10000,B,0,230800,5000,1500,216200,8000,81024,8,180
date32,dense,reverse,10000,C,0,151800,5000,2100,132300,12200,81024,8,180
date32,dense,reverse,10000,production,0,165500,,,,,81024,8,180
date32,dense,reverse,10000,A,1,135800,5000,2000,122400,6100,81024,8,180
date32,dense,reverse,10000,production,1,139500,,,,,81024,8,180
date32,dense,reverse,10000,B,1,254800,5000,29000,212600,8000,81024,8,180
date32,dense,reverse,10000,C,1,138800,5000,2100,125400,6100,81024,8,180
date32,dense,reverse,10000,B,2,247600,5000,1500,226500,14400,81024,8,180
date32,dense,reverse,10000,production,2,166000,,,,,81024,8,180
date32,dense,reverse,10000,C,2,136500,5000,2100,123000,6100,81024,8,180
date32,dense,reverse,10000,A,2,140800,5000,2000,121600,11800,81024,8,180
i64,dense,shuffled,10000,production,0,174900,,,,,162048,8,180
i64,dense,shuffled,10000,C,0,186600,3800,5400,159900,17300,162048,8,180
i64,dense,shuffled,10000,A,0,217700,3800,44500,162800,6300,162048,8,180
i64,dense,shuffled,10000,B,0,231700,3800,1600,216700,9400,82048,8,180
i64,dense,shuffled,10000,production,1,185700,,,,,162048,8,180
i64,dense,shuffled,10000,A,1,214400,3800,43800,160400,6300,162048,8,180
i64,dense,shuffled,10000,B,1,232500,3800,1500,217600,9300,82048,8,180
i64,dense,shuffled,10000,C,1,230400,3800,5300,204200,16700,162048,8,180
i64,dense,shuffled,10000,B,2,276300,3800,28500,234500,9400,82048,8,180
i64,dense,shuffled,10000,A,2,203500,3900,31700,161600,6300,162048,8,180
i64,dense,shuffled,10000,C,2,184900,3900,5400,160300,15200,162048,8,180
i64,dense,shuffled,10000,production,2,219100,,,,,162048,8,180
date32,dense,shuffled,10000,C,0,171800,5000,28600,132000,6100,81024,8,180
date32,dense,shuffled,10000,B,0,291100,5000,1500,270200,14100,81024,8,180
date32,dense,shuffled,10000,production,0,165000,,,,,81024,8,180
date32,dense,shuffled,10000,A,0,184000,5000,37600,134800,6300,81024,8,180
date32,dense,shuffled,10000,C,1,146000,5000,2100,132400,6300,81024,8,180
date32,dense,shuffled,10000,A,1,150500,5100,2100,130700,12600,81024,8,180
date32,dense,shuffled,10000,B,1,268500,5000,34600,220000,8600,81024,8,180
date32,dense,shuffled,10000,production,1,145700,,,,,81024,8,180
date32,dense,shuffled,10000,B,2,229200,5000,1500,207700,14800,81024,8,180
date32,dense,shuffled,10000,production,2,175400,,,,,81024,8,180
date32,dense,shuffled,10000,C,2,145900,5000,2100,132400,6100,81024,8,180
date32,dense,shuffled,10000,A,2,149300,5000,2000,130000,12000,81024,8,180
i64,nested,sorted,10000,C,0,9400,3700,1600,0,3800,32,1,1
i64,nested,sorted,10000,production,0,13000,,,,,32,1,1
i64,nested,sorted,10000,B,0,28800,3800,1600,5100,18200,80032,2,1
i64,nested,sorted,10000,A,0,56200,3900,44800,3200,4100,160032,2,1
i64,nested,sorted,10000,B,1,16100,3900,1500,5200,5500,80032,2,1
i64,nested,sorted,10000,C,1,9500,3900,1600,0,3800,32,1,1
i64,nested,sorted,10000,production,1,12900,,,,,32,1,1
i64,nested,sorted,10000,A,1,30100,3800,5400,3100,17500,160032,2,1
i64,nested,sorted,10000,C,2,9500,3800,1600,0,3800,32,1,1
i64,nested,sorted,10000,B,2,47100,3800,32400,5200,5600,80032,2,1
i64,nested,sorted,10000,A,2,43900,3800,32700,3100,4000,160032,2,1
i64,nested,sorted,10000,production,2,13000,,,,,32,1,1
i64,nested,reverse,10000,production,0,41500,,,,,160032,2,1
i64,nested,reverse,10000,C,0,61500,3800,45800,7600,4100,160032,2,1
i64,nested,reverse,10000,B,0,17500,3800,1600,6500,5500,80032,2,1
i64,nested,reverse,10000,A,0,32000,3700,5200,7600,15100,160032,2,1
i64,nested,reverse,10000,B,1,44300,3800,28200,6400,5500,80032,2,1
i64,nested,reverse,10000,C,1,47800,3800,32300,7600,4000,160032,2,1
i64,nested,reverse,10000,A,1,29900,3800,5200,7500,13000,160032,2,1
i64,nested,reverse,10000,production,1,57400,,,,,160032,2,1
i64,nested,reverse,10000,B,2,17400,3800,1500,6400,5400,80032,2,1
i64,nested,reverse,10000,C,2,31700,3800,5300,7600,14900,160032,2,1
i64,nested,reverse,10000,A,2,59200,3700,43500,7700,4100,160032,2,1
i64,nested,reverse,10000,production,2,18800,,,,,160032,2,1
i64,nested,shuffled,10000,A,0,189900,3800,8600,162200,14900,160032,2,1
i64,nested,shuffled,10000,B,0,258100,3800,29700,217400,7100,80032,2,1
i64,nested,shuffled,10000,production,0,203900,,,,,160032,2,1
i64,nested,shuffled,10000,C,0,185400,3800,5300,163100,13000,160032,2,1
i64,nested,shuffled,10000,A,1,218100,3800,44400,165500,4200,160032,2,1
i64,nested,shuffled,10000,production,1,174100,,,,,160032,2,1
i64,nested,shuffled,10000,C,1,184700,3800,5300,160200,15100,160032,2,1
i64,nested,shuffled,10000,B,1,254700,3800,28000,215600,7200,80032,2,1
i64,nested,shuffled,10000,B,2,226400,3800,1500,213800,7000,80032,2,1
i64,nested,shuffled,10000,C,2,224100,4800,37200,168600,13200,160032,2,1
i64,nested,shuffled,10000,A,2,214800,3900,44200,162500,4000,160032,2,1
i64,nested,shuffled,10000,production,2,174800,,,,,160032,2,1
i64,touching,sorted,10000,C,0,19900,3800,1700,0,14200,131072,13,10000
i64,touching,sorted,10000,A,0,91600,3800,30800,3200,53500,291072,14,10000
i64,touching,sorted,10000,production,0,66700,,,,,131072,13,10000
i64,touching,sorted,10000,B,0,98700,3900,28500,5100,60800,211072,14,10000
i64,touching,sorted,10000,C,1,63200,3900,1700,0,57600,131072,13,10000
i64,touching,sorted,10000,A,1,91600,3900,30400,3100,54100,291072,14,10000
i64,touching,sorted,10000,production,1,64600,,,,,131072,13,10000
i64,touching,sorted,10000,B,1,54400,3900,1500,5100,43600,211072,14,10000
i64,touching,sorted,10000,production,2,65500,,,,,131072,13,10000
i64,touching,sorted,10000,C,2,63500,3800,1600,0,57700,131072,13,10000
i64,touching,sorted,10000,B,2,54700,3800,1500,5100,43900,211072,14,10000
i64,touching,sorted,10000,A,2,120600,3800,44500,3200,68800,291072,14,10000
i64,touching,reverse,10000,B,0,120300,3800,27500,6500,82100,211072,14,10000
i64,touching,reverse,10000,A,0,182400,3800,45900,9600,122700,291072,14,10000
i64,touching,reverse,10000,C,0,126700,3800,43800,7700,71200,291072,14,10000
i64,touching,reverse,10000,production,0,126800,,,,,291072,14,10000
i64,touching,reverse,10000,production,1,125400,,,,,291072,14,10000
i64,touching,reverse,10000,B,1,118000,3900,27100,6500,80300,211072,14,10000
i64,touching,reverse,10000,C,1,113200,3900,43200,7700,58200,291072,14,10000
i64,touching,reverse,10000,A,1,113300,3800,42700,7700,58800,291072,14,10000
i64,touching,reverse,10000,A,2,119300,3900,49600,7700,58000,291072,14,10000
i64,touching,reverse,10000,B,2,129900,3800,27000,6500,92300,211072,14,10000
i64,touching,reverse,10000,production,2,122900,,,,,291072,14,10000
i64,touching,reverse,10000,C,2,125600,3800,42400,7700,71400,291072,14,10000
i64,touching,shuffled,10000,B,0,345400,3800,26400,219300,95800,211072,14,10000
i64,touching,shuffled,10000,A,0,303200,3800,50300,169000,79600,291072,14,10000
i64,touching,shuffled,10000,C,0,296000,3800,51600,163900,76400,291072,14,10000
i64,touching,shuffled,10000,production,0,291100,,,,,291072,14,10000
i64,touching,shuffled,10000,C,1,294700,3900,48000,160200,82400,291072,14,10000
i64,touching,shuffled,10000,A,1,281700,3800,45600,160200,71900,291072,14,10000
i64,touching,shuffled,10000,B,1,334500,3800,28300,216500,85700,211072,14,10000
i64,touching,shuffled,10000,production,1,268400,,,,,291072,14,10000
i64,touching,shuffled,10000,A,2,266900,3800,43200,160900,58700,291072,14,10000
i64,touching,shuffled,10000,C,2,265200,3800,42600,160700,57800,291072,14,10000
i64,touching,shuffled,10000,production,2,266600,,,,,291072,14,10000
i64,touching,shuffled,10000,B,2,351400,3800,28400,221200,97600,211072,14,10000
i64,staircase,sorted,10000,A,0,88000,3700,43000,3200,37700,225536,13,5000
i64,staircase,sorted,10000,production,0,49300,,,,,65536,12,5000
i64,staircase,sorted,10000,C,0,47600,3900,1700,0,41900,65536,12,5000
i64,staircase,sorted,10000,B,0,59400,3800,14100,5100,36200,145536,13,5000
i64,staircase,sorted,10000,production,1,51000,,,,,65536,12,5000
i64,staircase,sorted,10000,B,1,61900,3800,14800,5100,38000,145536,13,5000
i64,staircase,sorted,10000,A,1,122600,3900,59200,3900,55400,225536,13,5000
i64,staircase,sorted,10000,C,1,48600,3900,1700,0,42900,65536,12,5000
i64,staircase,sorted,10000,C,2,47700,3800,1600,0,42100,65536,12,5000
i64,staircase,sorted,10000,A,2,89700,3800,44200,3100,38300,225536,13,5000
i64,staircase,sorted,10000,B,2,91600,3800,29200,5100,53300,145536,13,5000
i64,staircase,sorted,10000,production,2,50400,,,,,65536,12,5000
i64,staircase,reverse,10000,C,0,117500,3800,43000,7700,62700,225536,13,5000
i64,staircase,reverse,10000,production,0,112900,,,,,225536,13,5000
i64,staircase,reverse,10000,A,0,111400,3800,43500,7600,56200,225536,13,5000
i64,staircase,reverse,10000,B,0,90500,3900,26400,6500,53700,145536,13,5000
i64,staircase,reverse,10000,production,1,111600,,,,,225536,13,5000
i64,staircase,reverse,10000,A,1,111200,3800,42400,7700,57000,225536,13,5000
i64,staircase,reverse,10000,C,1,111200,3800,42600,7700,57000,225536,13,5000
i64,staircase,reverse,10000,B,1,90200,3800,26900,6500,52700,145536,13,5000
i64,staircase,reverse,10000,A,2,109800,3800,42300,7700,55800,225536,13,5000
i64,staircase,reverse,10000,B,2,109300,3800,43900,6600,54700,145536,13,5000
i64,staircase,reverse,10000,C,2,113000,3800,43000,7700,58200,225536,13,5000
i64,staircase,reverse,10000,production,2,111300,,,,,225536,13,5000
i64,staircase,shuffled,10000,A,0,275400,3800,42300,171500,57500,225536,13,5000
i64,staircase,shuffled,10000,production,0,263500,,,,,225536,13,5000
i64,staircase,shuffled,10000,C,0,262500,3800,42600,159900,55900,225536,13,5000
i64,staircase,shuffled,10000,B,0,308500,3800,27100,228500,49000,145536,13,5000
i64,staircase,shuffled,10000,A,1,268400,3800,42900,163900,57600,225536,13,5000
i64,staircase,shuffled,10000,C,1,267000,3800,42700,163000,57200,225536,13,5000
i64,staircase,shuffled,10000,B,1,320100,3800,27400,239000,49700,145536,13,5000
i64,staircase,shuffled,10000,production,1,269400,,,,,225536,13,5000
i64,staircase,shuffled,10000,C,2,266300,3900,42500,162600,56900,225536,13,5000
i64,staircase,shuffled,10000,production,2,266400,,,,,225536,13,5000
i64,staircase,shuffled,10000,A,2,270100,3800,42900,165600,57500,225536,13,5000
i64,staircase,shuffled,10000,B,2,295800,3800,28200,215000,48400,145536,13,5000
i64,identical,sorted,10000,B,0,42100,3800,27400,5200,5500,80032,2,1
i64,identical,sorted,10000,production,0,13100,,,,,32,1,1
i64,identical,sorted,10000,A,0,102000,3900,31600,61800,4600,160032,2,1
i64,identical,sorted,10000,C,0,9700,3900,1700,0,3900,32,1,1
i64,identical,sorted,10000,C,1,9500,3800,1600,0,3800,32,1,1
i64,identical,sorted,10000,B,1,26700,3800,1600,5200,15800,80032,2,1
i64,identical,sorted,10000,production,1,13000,,,,,32,1,1
i64,identical,sorted,10000,A,1,65900,3800,54700,3200,4100,160032,2,1
i64,identical,sorted,10000,B,2,16400,3800,1600,5300,5500,80032,2,1
i64,identical,sorted,10000,A,2,28400,3800,5300,3100,15900,160032,2,1
i64,identical,sorted,10000,production,2,13100,,,,,32,1,1
i64,identical,sorted,10000,C,2,9500,3800,1700,0,3900,32,1,1
date32,identical,sorted,10000,C,0,13600,5100,800,0,7600,16,1,1
date32,identical,sorted,10000,B,0,24600,5100,1500,5100,12700,80016,2,1
date32,identical,sorted,10000,production,0,8400,,,,,16,1,1
date32,identical,sorted,10000,A,0,44900,5000,30600,5100,4000,80016,2,1
date32,identical,sorted,10000,B,1,17700,5000,1400,5200,5800,80016,2,1
date32,identical,sorted,10000,A,1,22000,5000,2100,5000,9600,80016,2,1
date32,identical,sorted,10000,C,1,13500,5000,800,0,7600,16,1,1
date32,identical,sorted,10000,production,1,8400,,,,,16,1,1
date32,identical,sorted,10000,A,2,44400,5000,30100,5000,4000,80016,2,1
date32,identical,sorted,10000,C,2,13500,5000,800,0,7600,16,1,1
date32,identical,sorted,10000,production,2,8500,,,,,16,1,1
date32,identical,sorted,10000,B,2,17700,5100,1500,5200,5800,80016,2,1
i64,identical,reverse,10000,C,0,9400,3800,1600,0,3800,32,1,1
i64,identical,reverse,10000,A,0,56300,3800,45100,3200,4000,160032,2,1
i64,identical,reverse,10000,B,0,16200,3800,1500,5200,5500,80032,2,1
i64,identical,reverse,10000,production,0,13000,,,,,32,1,1
i64,identical,reverse,10000,production,1,12900,,,,,32,1,1
i64,identical,reverse,10000,C,1,9500,3800,1600,0,3800,32,1,1
i64,identical,reverse,10000,A,1,27400,3800,5300,3100,15000,160032,2,1
i64,identical,reverse,10000,B,1,43600,3800,28900,5100,5500,80032,2,1
i64,identical,reverse,10000,production,2,13000,,,,,32,1,1
i64,identical,reverse,10000,C,2,9400,3800,1600,0,3800,32,1,1
i64,identical,reverse,10000,B,2,16000,3800,1500,5100,5400,80032,2,1
i64,identical,reverse,10000,A,2,56200,3800,35700,3200,13200,160032,2,1
date32,identical,reverse,10000,B,0,24100,5000,1400,5200,12400,80016,2,1
date32,identical,reverse,10000,A,0,45500,5000,31300,5000,4000,80016,2,1
date32,identical,reverse,10000,production,0,8400,,,,,16,1,1
date32,identical,reverse,10000,C,0,13500,5000,800,0,7500,16,1,1
date32,identical,reverse,10000,production,1,8400,,,,,16,1,1
date32,identical,reverse,10000,C,1,13500,5000,800,0,7500,16,1,1
date32,identical,reverse,10000,A,1,16200,5000,2100,5000,4000,80016,2,1
date32,identical,reverse,10000,B,1,23800,5000,1400,5100,11900,80016,2,1
date32,identical,reverse,10000,B,2,48700,5000,32600,5100,5700,80016,2,1
date32,identical,reverse,10000,C,2,13500,5000,800,0,7500,16,1,1
date32,identical,reverse,10000,production,2,8400,,,,,16,1,1
date32,identical,reverse,10000,A,2,16300,5000,2100,5000,3900,80016,2,1
i64,identical,shuffled,10000,A,0,61300,3800,50100,3200,4000,160032,2,1
i64,identical,shuffled,10000,production,0,13000,,,,,32,1,1
i64,identical,shuffled,10000,B,0,16200,3800,1600,5100,5400,80032,2,1
i64,identical,shuffled,10000,C,0,9500,3800,1700,0,3900,32,1,1
i64,identical,shuffled,10000,C,1,9400,3800,1600,0,3900,32,1,1
i64,identical,shuffled,10000,B,1,26900,3800,1500,5100,16200,80032,2,1
i64,identical,shuffled,10000,production,1,13000,,,,,32,1,1
i64,identical,shuffled,10000,A,1,59600,3800,48400,3200,4100,160032,2,1
i64,identical,shuffled,10000,A,2,16400,3800,5300,3000,3900,160032,2,1
i64,identical,shuffled,10000,B,2,27200,3800,1500,5100,16500,80032,2,1
i64,identical,shuffled,10000,C,2,9500,3800,1700,0,3800,32,1,1
i64,identical,shuffled,10000,production,2,13000,,,,,32,1,1
date32,identical,shuffled,10000,B,0,24000,5000,1400,5100,12300,80016,2,1
date32,identical,shuffled,10000,production,0,8300,,,,,16,1,1
date32,identical,shuffled,10000,A,0,43900,5000,29700,5000,3900,80016,2,1
date32,identical,shuffled,10000,C,0,13500,5000,800,0,7500,16,1,1
date32,identical,shuffled,10000,C,1,13500,5000,800,0,7500,16,1,1
date32,identical,shuffled,10000,A,1,16300,5000,2100,5000,3900,80016,2,1
date32,identical,shuffled,10000,production,1,8400,,,,,16,1,1
date32,identical,shuffled,10000,B,1,40400,5000,1400,20300,13500,80016,2,1
date32,identical,shuffled,10000,B,2,46700,4900,30500,5100,5800,80016,2,1
date32,identical,shuffled,10000,C,2,13400,5000,800,0,7500,16,1,1
date32,identical,shuffled,10000,production,2,8400,,,,,16,1,1
date32,identical,shuffled,10000,A,2,16200,5000,2000,4900,3900,80016,2,1
i64,equal_ends,sorted,10000,B,0,15900,3700,1300,5100,5400,80032,2,1
i64,equal_ends,sorted,10000,C,0,9400,3800,1700,0,3800,32,1,1
i64,equal_ends,sorted,10000,production,0,12900,,,,,32,1,1
i64,equal_ends,sorted,10000,A,0,27800,3800,5300,3200,15300,160032,2,1
i64,equal_ends,sorted,10000,B,1,42600,3800,28100,5100,5400,80032,2,1
i64,equal_ends,sorted,10000,A,1,42300,3800,31200,3100,4000,160032,2,1
i64,equal_ends,sorted,10000,production,1,13000,,,,,32,1,1
i64,equal_ends,sorted,10000,C,1,9500,3800,1600,0,3800,32,1,1
i64,equal_ends,sorted,10000,C,2,9400,3700,1600,0,3800,32,1,1
i64,equal_ends,sorted,10000,B,2,24900,3800,1500,5200,14300,80032,2,1
i64,equal_ends,sorted,10000,production,2,13000,,,,,32,1,1
i64,equal_ends,sorted,10000,A,2,56400,3800,45200,3200,4000,160032,2,1
i64,equal_ends,reverse,10000,A,0,16100,3700,5200,3100,3900,160032,2,1
i64,equal_ends,reverse,10000,B,0,26900,3800,1600,5100,16100,80032,2,1
i64,equal_ends,reverse,10000,C,0,9400,3800,1600,0,3800,32,1,1
i64,equal_ends,reverse,10000,production,0,12900,,,,,32,1,1
i64,equal_ends,reverse,10000,B,1,42800,3800,28200,5100,5500,80032,2,1
i64,equal_ends,reverse,10000,production,1,12800,,,,,32,1,1
i64,equal_ends,reverse,10000,C,1,9400,3800,1600,0,3800,32,1,1
i64,equal_ends,reverse,10000,A,1,42900,3700,31600,3200,4000,160032,2,1
i64,equal_ends,reverse,10000,B,2,25100,3800,1500,5100,14400,80032,2,1
i64,equal_ends,reverse,10000,production,2,12900,,,,,32,1,1
i64,equal_ends,reverse,10000,A,2,54900,3700,43700,3100,4000,160032,2,1
i64,equal_ends,reverse,10000,C,2,9400,3800,1600,0,3800,32,1,1
i64,equal_ends,shuffled,10000,B,0,15900,3800,1500,5100,5400,80032,2,1
i64,equal_ends,shuffled,10000,A,0,27100,3800,5300,3000,14700,160032,2,1
i64,equal_ends,shuffled,10000,C,0,9400,3800,1600,0,3900,32,1,1
i64,equal_ends,shuffled,10000,production,0,12900,,,,,32,1,1
i64,equal_ends,shuffled,10000,A,1,55700,3800,44500,3100,4000,160032,2,1
i64,equal_ends,shuffled,10000,B,1,16100,3800,1500,5200,5400,80032,2,1
i64,equal_ends,shuffled,10000,production,1,12800,,,,,32,1,1
i64,equal_ends,shuffled,10000,C,1,9400,3800,1700,0,3800,32,1,1
i64,equal_ends,shuffled,10000,production,2,12800,,,,,32,1,1
i64,equal_ends,shuffled,10000,C,2,9300,3800,1700,0,3800,32,1,1
i64,equal_ends,shuffled,10000,B,2,26900,3800,1500,5100,16400,80032,2,1
i64,equal_ends,shuffled,10000,A,2,55100,3800,43900,3200,4000,160032,2,1
i64,equal_starts,sorted,10000,B,0,27300,3800,1400,5100,16800,80032,2,1
i64,equal_starts,sorted,10000,C,0,9400,3800,1600,0,3800,32,1,1
i64,equal_starts,sorted,10000,production,0,12900,,,,,32,1,1
i64,equal_starts,sorted,10000,A,0,56200,3800,45000,3100,4000,160032,2,1
i64,equal_starts,sorted,10000,C,1,9400,3800,1600,0,3800,32,1,1
i64,equal_starts,sorted,10000,production,1,12800,,,,,32,1,1
i64,equal_starts,sorted,10000,A,1,16300,3800,5400,3100,4000,160032,2,1
i64,equal_starts,sorted,10000,B,1,27000,3800,1500,5200,16300,80032,2,1
i64,equal_starts,sorted,10000,production,2,12900,,,,,32,1,1
i64,equal_starts,sorted,10000,B,2,42800,3700,28200,5100,5500,80032,2,1
i64,equal_starts,sorted,10000,C,2,9400,3800,1700,0,3800,32,1,1
i64,equal_starts,sorted,10000,A,2,52200,3800,39500,3500,5100,160032,2,1
i64,equal_starts,reverse,10000,C,0,31500,3800,5300,7600,14500,160032,2,1
i64,equal_starts,reverse,10000,production,0,58100,,,,,160032,2,1
i64,equal_starts,reverse,10000,B,0,17700,3800,1500,6500,5600,80032,2,1
i64,equal_starts,reverse,10000,A,0,31900,3800,5300,7700,15000,160032,2,1
i64,equal_starts,reverse,10000,B,1,44200,3800,28000,6500,5600,80032,2,1
i64,equal_starts,reverse,10000,A,1,47500,3800,31700,7600,4000,160032,2,1
i64,equal_starts,reverse,10000,production,1,28000,,,,,160032,2,1
i64,equal_starts,reverse,10000,C,1,59800,3900,44000,7600,4100,160032,2,1
i64,equal_starts,reverse,10000,A,2,21100,3900,5400,7700,4100,160032,2,1
i64,equal_starts,reverse,10000,C,2,32100,3900,5400,7700,15000,160032,2,1
i64,equal_starts,reverse,10000,production,2,58600,,,,,160032,2,1
i64,equal_starts,reverse,10000,B,2,17700,3800,1500,6500,5600,80032,2,1
i64,equal_starts,shuffled,10000,production,0,189700,,,,,160032,2,1
i64,equal_starts,shuffled,10000,A,0,215100,3800,44500,162400,4200,160032,2,1
i64,equal_starts,shuffled,10000,B,0,248200,3800,1500,235400,7000,80032,2,1
i64,equal_starts,shuffled,10000,C,0,193600,3800,5300,169900,14300,160032,2,1
i64,equal_starts,shuffled,10000,C,1,220100,3900,45100,167000,4100,160032,2,1
i64,equal_starts,shuffled,10000,production,1,196300,,,,,160032,2,1
i64,equal_starts,shuffled,10000,A,1,186200,3900,5400,161500,15300,160032,2,1
i64,equal_starts,shuffled,10000,B,1,314100,3800,28500,273900,7600,80032,2,1
i64,equal_starts,shuffled,10000,B,2,267200,3900,1500,254500,7100,80032,2,1
i64,equal_starts,shuffled,10000,A,2,213700,3800,33000,163000,13800,160032,2,1
i64,equal_starts,shuffled,10000,production,2,221500,,,,,160032,2,1
i64,equal_starts,shuffled,10000,C,2,189400,3900,5400,175900,4000,160032,2,1
i64,unit,sorted,10000,A,0,94100,3800,31300,3200,55600,291072,14,9507
i64,unit,sorted,10000,production,0,79500,,,,,131072,13,9507
i64,unit,sorted,10000,C,0,23400,3800,1700,0,17800,131072,13,9507
i64,unit,sorted,10000,B,0,101000,3800,28200,5200,63500,211072,14,9507
i64,unit,sorted,10000,A,1,111200,3800,44900,3200,59100,291072,14,9507
i64,unit,sorted,10000,C,1,68200,3800,1700,0,62500,131072,13,9507
i64,unit,sorted,10000,B,1,57900,3800,3300,5200,45200,211072,14,9507
i64,unit,sorted,10000,production,1,66900,,,,,131072,13,9507
i64,unit,sorted,10000,B,2,57200,3800,3000,5200,44800,211072,14,9507
i64,unit,sorted,10000,production,2,66100,,,,,131072,13,9507
i64,unit,sorted,10000,A,2,112900,3900,45000,3100,60500,291072,14,9507
i64,unit,sorted,10000,C,2,65100,3900,1700,0,59400,131072,13,9507
i64,unit,reverse,10000,C,0,280900,3900,43700,159800,73300,291072,14,9507
i64,unit,reverse,10000,B,0,338100,3800,28000,217800,88100,211072,14,9507
i64,unit,reverse,10000,A,0,280900,3800,42500,160400,73900,291072,14,9507
i64,unit,reverse,10000,production,0,269500,,,,,291072,14,9507
i64,unit,reverse,10000,production,1,268600,,,,,291072,14,9507
i64,unit,reverse,10000,C,1,268000,4000,47200,140500,75800,291072,14,9507
i64,unit,reverse,10000,A,1,263800,3800,45400,138400,76000,291072,14,9507
i64,unit,reverse,10000,B,1,328100,3800,31000,206000,87200,211072,14,9507
i64,unit,reverse,10000,B,2,344800,3800,32200,207600,100800,211072,14,9507
i64,unit,reverse,10000,C,2,270900,3800,42500,149700,74800,291072,14,9507
i64,unit,reverse,10000,production,2,269900,,,,,291072,14,9507
i64,unit,reverse,10000,A,2,276000,3800,43900,152600,75400,291072,14,9507
i64,unit,shuffled,10000,C,0,288700,3900,43300,165000,76400,291072,14,9507
i64,unit,shuffled,10000,B,0,350600,3800,28000,225800,92700,211072,14,9507
i64,unit,shuffled,10000,production,0,290300,,,,,291072,14,9507
i64,unit,shuffled,10000,A,0,289400,3800,43100,165400,76700,291072,14,9507
i64,unit,shuffled,10000,B,1,355400,3800,27200,234300,89700,211072,14,9507
i64,unit,shuffled,10000,A,1,328100,3900,42300,165900,115700,291072,14,9507
i64,unit,shuffled,10000,C,1,271100,3800,45100,162300,59600,291072,14,9507
i64,unit,shuffled,10000,production,1,269200,,,,,291072,14,9507
i64,unit,shuffled,10000,A,2,273900,3800,43100,166100,60600,291072,14,9507
i64,unit,shuffled,10000,B,2,358400,3800,27300,227000,100100,211072,14,9507
i64,unit,shuffled,10000,C,2,282900,3800,42700,162100,74100,291072,14,9507
i64,unit,shuffled,10000,production,2,287400,,,,,291072,14,9507
i64,wide,sorted,10000,B,0,27600,3700,1400,5100,17100,80032,2,1
i64,wide,sorted,10000,production,0,12900,,,,,32,1,1
i64,wide,sorted,10000,C,0,9400,3700,1600,0,3800,32,1,1
i64,wide,sorted,10000,A,0,57600,3800,46500,3100,4000,160032,2,1
i64,wide,sorted,10000,C,1,9500,3800,1600,0,3800,32,1,1
i64,wide,sorted,10000,B,1,16000,3800,1500,5100,5500,80032,2,1
i64,wide,sorted,10000,production,1,12900,,,,,32,1,1
i64,wide,sorted,10000,A,1,27300,3700,5300,3100,14900,160032,2,1
i64,wide,sorted,10000,B,2,42600,3800,28100,5100,5500,80032,2,1
i64,wide,sorted,10000,A,2,42300,3800,31200,3100,4000,160032,2,1
i64,wide,sorted,10000,production,2,12900,,,,,32,1,1
i64,wide,sorted,10000,C,2,9400,3800,1600,0,3800,32,1,1
i64,wide,reverse,10000,A,0,181100,3800,5300,156800,14800,160032,2,1
i64,wide,reverse,10000,B,0,244500,4000,28800,205900,5600,80032,2,1
i64,wide,reverse,10000,production,0,195900,,,,,160032,2,1
i64,wide,reverse,10000,C,0,170300,3900,5400,147200,13700,160032,2,1
i64,wide,reverse,10000,A,1,201700,3900,44400,149000,4200,160032,2,1
i64,wide,reverse,10000,B,1,212600,4000,1500,201400,5500,80032,2,1
i64,wide,reverse,10000,production,1,164200,,,,,160032,2,1
i64,wide,reverse,10000,C,1,202000,3900,44700,149100,4100,160032,2,1
i64,wide,reverse,10000,C,2,154300,3900,5300,140800,4100,160032,2,1
i64,wide,reverse,10000,A,2,176200,3800,5300,151800,15100,160032,2,1
i64,wide,reverse,10000,B,2,250900,3900,28500,212700,5600,80032,2,1
i64,wide,reverse,10000,production,2,189400,,,,,160032,2,1
i64,wide,shuffled,10000,A,0,187100,3800,5300,162700,15100,160032,2,1
i64,wide,shuffled,10000,C,0,216000,3900,45500,162300,4100,160032,2,1
i64,wide,shuffled,10000,B,0,226100,3800,1500,214300,6100,80032,2,1
i64,wide,shuffled,10000,production,0,187100,,,,,160032,2,1
i64,wide,shuffled,10000,A,1,220600,3900,44300,168200,4100,160032,2,1
i64,wide,shuffled,10000,production,1,172500,,,,,160032,2,1
i64,wide,shuffled,10000,C,1,183600,3800,5200,159500,14800,160032,2,1
i64,wide,shuffled,10000,B,1,252300,3800,27500,213800,7100,80032,2,1
i64,wide,shuffled,10000,B,2,238200,3800,1400,222000,10800,80032,2,1
i64,wide,shuffled,10000,A,2,224300,3800,36900,169900,13500,160032,2,1
i64,wide,shuffled,10000,production,2,222800,,,,,160032,2,1
i64,wide,shuffled,10000,C,2,173800,3800,5400,160200,4000,160032,2,1
i64,disjoint,sorted,100000,production,0,345200,,,,,1048576,16,100000
i64,disjoint,sorted,100000,C,0,369000,37100,16300,0,315200,1048576,16,100000
i64,disjoint,sorted,100000,A,0,871800,37100,302000,30500,501900,2648576,17,100000
i64,disjoint,sorted,100000,B,0,517400,37500,136200,49700,293900,1848576,17,100000
i64,disjoint,sorted,100000,production,1,702600,,,,,1048576,16,100000
i64,disjoint,sorted,100000,A,1,897700,37100,298800,30500,530900,2648576,17,100000
i64,disjoint,sorted,100000,B,1,577000,37600,92300,49600,397200,1848576,17,100000
i64,disjoint,sorted,100000,C,1,450800,37200,16200,0,397300,1048576,16,100000
i64,disjoint,sorted,100000,production,2,539400,,,,,1048576,16,100000
i64,disjoint,sorted,100000,C,2,541800,41800,16100,0,483400,1048576,16,100000
i64,disjoint,sorted,100000,B,2,720400,37200,140400,49700,492900,1848576,17,100000
i64,disjoint,sorted,100000,A,2,1078100,37600,318400,30400,691200,2648576,17,100000
date32,disjoint,sorted,100000,C,0,371400,47900,7800,0,315600,524288,16,100000
date32,disjoint,sorted,100000,production,0,289000,,,,,524288,16,100000
date32,disjoint,sorted,100000,B,0,580700,47900,136700,48400,347500,1324288,17,100000
date32,disjoint,sorted,100000,A,0,548000,49300,131700,49400,317300,1324288,17,100000
date32,disjoint,sorted,100000,production,1,285500,,,,,524288,16,100000
date32,disjoint,sorted,100000,C,1,312700,49300,7800,0,255200,524288,16,100000
date32,disjoint,sorted,100000,A,1,428200,49300,78800,49400,250500,1324288,17,100000
date32,disjoint,sorted,100000,B,1,541500,49400,115700,51500,324600,1324288,17,100000
date32,disjoint,sorted,100000,production,2,274400,,,,,524288,16,100000
date32,disjoint,sorted,100000,B,2,565000,47900,135200,48500,333200,1324288,17,100000
date32,disjoint,sorted,100000,A,2,592600,47900,130900,48200,365300,1324288,17,100000
date32,disjoint,sorted,100000,C,2,344700,49700,7900,0,286900,524288,16,100000
i64,disjoint,reverse,100000,A,0,771000,52600,292300,77000,348300,2648576,17,100000
i64,disjoint,reverse,100000,C,0,823400,38000,295800,77900,411400,2648576,17,100000
i64,disjoint,reverse,100000,production,0,850800,,,,,2648576,17,100000
i64,disjoint,reverse,100000,B,0,668700,37300,82900,64000,484300,1848576,17,100000
i64,disjoint,reverse,100000,B,1,770900,36000,113900,61900,558700,1848576,17,100000
i64,disjoint,reverse,100000,C,1,870400,36100,275600,75100,483300,2648576,17,100000
i64,disjoint,reverse,100000,A,1,838800,36200,299900,74800,427600,2648576,17,100000
i64,disjoint,reverse,100000,production,1,863500,,,,,2648576,17,100000
i64,disjoint,reverse,100000,C,2,719000,37500,276400,77200,327800,2648576,17,100000
i64,disjoint,reverse,100000,B,2,641800,37500,89300,64300,450400,1848576,17,100000
i64,disjoint,reverse,100000,A,2,925400,37200,290600,111800,485700,2648576,17,100000
i64,disjoint,reverse,100000,production,2,874400,,,,,2648576,17,100000
date32,disjoint,reverse,100000,A,0,547700,48900,132000,52800,313600,1324288,17,100000
date32,disjoint,reverse,100000,B,0,547600,48700,117200,63400,317800,1324288,17,100000
date32,disjoint,reverse,100000,production,0,601600,,,,,1324288,17,100000
date32,disjoint,reverse,100000,C,0,514300,48700,117600,49400,298300,1324288,17,100000
date32,disjoint,reverse,100000,C,1,508600,48800,120100,49300,290100,1324288,17,100000
date32,disjoint,reverse,100000,A,1,508200,48700,118300,49400,291400,1324288,17,100000
date32,disjoint,reverse,100000,production,1,520400,,,,,1324288,17,100000
date32,disjoint,reverse,100000,B,1,586500,47600,117500,61900,359100,1324288,17,100000
date32,disjoint,reverse,100000,production,2,531700,,,,,1324288,17,100000
date32,disjoint,reverse,100000,B,2,584500,47600,116000,62000,358800,1324288,17,100000
date32,disjoint,reverse,100000,A,2,542800,47600,148500,48300,298300,1324288,17,100000
date32,disjoint,reverse,100000,C,2,549100,49100,142900,49700,307200,1324288,17,100000
i64,disjoint,shuffled,100000,production,0,3717300,,,,,2648576,17,100000
i64,disjoint,shuffled,100000,C,0,3597200,103800,511600,2106600,873900,2648576,17,100000
i64,disjoint,shuffled,100000,B,0,4921500,128600,218900,3849700,723700,1848576,17,100000
i64,disjoint,shuffled,100000,A,0,2849700,37700,275800,2043700,491800,2648576,17,100000
i64,disjoint,shuffled,100000,C,1,2921900,72100,319600,1998900,530500,2648576,17,100000
i64,disjoint,shuffled,100000,A,1,2723600,50400,328300,1976700,367600,2648576,17,100000
i64,disjoint,shuffled,100000,production,1,2758900,,,,,2648576,17,100000
i64,disjoint,shuffled,100000,B,1,3688000,54000,139100,2826800,667200,1848576,17,100000
i64,disjoint,shuffled,100000,A,2,2921500,37100,275100,2029600,579100,2648576,17,100000
i64,disjoint,shuffled,100000,B,2,3486500,39500,122000,2780900,543900,1848576,17,100000
i64,disjoint,shuffled,100000,C,2,2726300,37200,259100,1989300,440300,2648576,17,100000
i64,disjoint,shuffled,100000,production,2,2750000,,,,,2648576,17,100000
date32,disjoint,shuffled,100000,B,0,3382800,50300,120700,2718600,493100,1324288,17,100000
date32,disjoint,shuffled,100000,C,0,2200000,50200,125900,1631500,392000,1324288,17,100000
date32,disjoint,shuffled,100000,A,0,2278900,52500,151600,1706900,367600,1324288,17,100000
date32,disjoint,shuffled,100000,production,0,2164400,,,,,1324288,17,100000
date32,disjoint,shuffled,100000,B,1,3351800,50200,120900,2725000,455400,1324288,17,100000
date32,disjoint,shuffled,100000,C,1,2172100,50300,125600,1634000,361900,1324288,17,100000
date32,disjoint,shuffled,100000,A,1,2162700,50200,127800,1627900,356500,1324288,17,100000
date32,disjoint,shuffled,100000,production,1,2191000,,,,,1324288,17,100000
date32,disjoint,shuffled,100000,production,2,2242800,,,,,1324288,17,100000
date32,disjoint,shuffled,100000,C,2,2237700,51900,141300,1680700,363500,1324288,17,100000
date32,disjoint,shuffled,100000,A,2,2180500,50300,126900,1631500,371600,1324288,17,100000
date32,disjoint,shuffled,100000,B,2,3336400,50200,126200,2710700,449100,1324288,17,100000
i64,common,sorted,100000,C,0,92300,37700,16500,0,37900,32,1,1
i64,common,sorted,100000,A,0,449300,37800,279400,30800,101000,1600032,2,1
i64,common,sorted,100000,B,0,157100,37800,14100,50500,54400,800032,2,1
i64,common,sorted,100000,production,0,129600,,,,,32,1,1
i64,common,sorted,100000,B,1,154500,37600,13300,50300,53100,800032,2,1
i64,common,sorted,100000,production,1,129000,,,,,32,1,1
i64,common,sorted,100000,A,1,437100,41400,263700,30600,101300,1600032,2,1
i64,common,sorted,100000,C,1,91900,37600,16400,0,37700,32,1,1
i64,common,sorted,100000,A,2,434200,38000,265500,30800,99700,1600032,2,1
i64,common,sorted,100000,production,2,132700,,,,,32,1,1
i64,common,sorted,100000,C,2,92200,37600,16500,0,37800,32,1,1
i64,common,sorted,100000,B,2,219400,37900,14200,50200,117000,800032,2,1
i64,common,reverse,100000,A,0,522100,38300,299600,80200,103500,1600032,2,1
i64,common,reverse,100000,production,0,513300,,,,,1600032,2,1
i64,common,reverse,100000,B,0,205500,38100,46500,65700,55000,800032,2,1
i64,common,reverse,100000,C,0,536200,38400,310300,79200,108100,1600032,2,1
i64,common,reverse,100000,production,1,492400,,,,,1600032,2,1
i64,common,reverse,100000,A,1,504500,37800,276700,80900,108900,1600032,2,1
i64,common,reverse,100000,B,1,278000,37800,28400,65100,146400,800032,2,1
i64,common,reverse,100000,C,1,532400,38000,308200,81400,104500,1600032,2,1
i64,common,reverse,100000,C,2,535200,38300,317100,80400,99300,1600032,2,1
i64,common,reverse,100000,B,2,289700,37800,132100,65300,54300,800032,2,1
i64,common,reverse,100000,A,2,513700,38100,288600,78700,108000,1600032,2,1
i64,common,reverse,100000,production,2,497700,,,,,1600032,2,1
i64,common,shuffled,100000,A,0,2455700,37400,333500,1980600,103700,1600032,2,1
i64,common,shuffled,100000,B,0,3060200,38400,151600,2786300,83600,800032,2,1
i64,common,shuffled,100000,production,0,2387600,,,,,1600032,2,1
i64,common,shuffled,100000,C,0,2469400,37900,292400,2024400,114600,1600032,2,1
i64,common,shuffled,100000,C,1,2478500,61700,338700,1973500,104500,1600032,2,1
i64,common,shuffled,100000,B,1,2981700,37900,47300,2814000,82400,800032,2,1
i64,common,shuffled,100000,A,1,2373400,37100,311400,1917200,107400,1600032,2,1
i64,common,shuffled,100000,production,1,2255400,,,,,1600032,2,1
i64,common,shuffled,100000,production,2,2299800,,,,,1600032,2,1
i64,common,shuffled,100000,B,2,2909100,36100,29700,2760500,82700,800032,2,1
i64,common,shuffled,100000,A,2,2403400,37100,329400,1926400,110200,1600032,2,1
i64,common,shuffled,100000,C,2,2426000,38600,269600,1966400,150900,1600032,2,1
i64,sparse,sorted,100000,C,0,478100,35700,15600,0,426500,1048576,16,72409
i64,sparse,sorted,100000,A,0,829100,35800,258300,29100,505600,2648576,17,72409
i64,sparse,sorted,100000,B,0,672700,36800,117500,56700,461500,1848576,17,72409
i64,sparse,sorted,100000,production,0,623200,,,,,1048576,16,72409
i64,sparse,sorted,100000,production,1,660500,,,,,1048576,16,72409
i64,sparse,sorted,100000,B,1,774800,37900,120400,48200,568100,1848576,17,72409
i64,sparse,sorted,100000,A,1,1023000,36000,246400,29200,711100,2648576,17,72409
i64,sparse,sorted,100000,C,1,624300,36700,18100,0,569200,1048576,16,72409
i64,sparse,sorted,100000,A,2,869000,36800,273100,34600,524100,2648576,17,72409
i64,sparse,sorted,100000,C,2,507800,37200,16200,0,454300,1048576,16,72409
i64,sparse,sorted,100000,production,2,518000,,,,,1048576,16,72409
i64,sparse,sorted,100000,B,2,805500,37400,125000,49700,593300,1848576,17,72409
i64,sparse,reverse,100000,B,0,3358500,37400,137000,2555500,628000,1848576,17,72409
i64,sparse,reverse,100000,A,0,2767500,37200,281800,1785800,662300,2648576,17,72409
i64,sparse,reverse,100000,production,0,2707300,,,,,2648576,17,72409
i64,sparse,reverse,100000,C,0,2510800,36200,269000,1698900,506300,2648576,17,72409
i64,sparse,reverse,100000,production,1,2540900,,,,,2648576,17,72409
i64,sparse,reverse,100000,C,1,2637300,36000,267600,1817900,515500,2648576,17,72409
i64,sparse,reverse,100000,A,1,2625300,39100,276500,1783600,525600,2648576,17,72409
i64,sparse,reverse,100000,B,1,3256200,51900,132900,2520100,550800,1848576,17,72409
i64,sparse,reverse,100000,production,2,2870300,,,,,2648576,17,72409
i64,sparse,reverse,100000,B,2,3177600,37900,146700,2402200,590400,1848576,17,72409
i64,sparse,reverse,100000,C,2,2905800,36700,257400,1905600,705400,2648576,17,72409
i64,sparse,reverse,100000,A,2,2715300,57100,272200,1700300,685100,2648576,17,72409
i64,sparse,shuffled,100000,production,0,2801700,,,,,2648576,17,72409
i64,sparse,shuffled,100000,B,0,3663500,42300,122300,2793700,704900,1848576,17,72409
i64,sparse,shuffled,100000,C,0,3069100,36800,264400,1964500,803100,2648576,17,72409
i64,sparse,shuffled,100000,A,0,2889400,58900,272400,1895800,661700,2648576,17,72409
i64,sparse,shuffled,100000,A,1,2787100,75900,286000,1896900,528100,2648576,17,72409
i64,sparse,shuffled,100000,production,1,2813000,,,,,2648576,17,72409
i64,sparse,shuffled,100000,C,1,2758900,56900,255000,1943100,503400,2648576,17,72409
i64,sparse,shuffled,100000,B,1,3786800,43100,151800,2751700,840100,1848576,17,72409
i64,sparse,shuffled,100000,production,2,2920400,,,,,2648576,17,72409
i64,sparse,shuffled,100000,B,2,3927800,81500,126000,2747500,971900,1848576,17,72409
i64,sparse,shuffled,100000,C,2,2962900,37300,283700,1967300,674200,2648576,17,72409
i64,sparse,shuffled,100000,A,2,2859100,71100,267000,1897800,622700,2648576,17,72409
i64,dense,sorted,100000,A,0,486500,37400,294400,31700,122700,1608192,10,580
i64,dense,sorted,100000,C,0,104300,38300,16200,0,49800,8192,9,580
i64,dense,sorted,100000,B,0,193900,37100,44900,49600,62100,808192,10,580
i64,dense,sorted,100000,production,0,136000,,,,,8192,9,580
i64,dense,sorted,100000,A,1,460500,37100,273700,38500,111000,1608192,10,580
i64,dense,sorted,100000,B,1,159900,36700,13700,49000,60200,808192,10,580
i64,dense,sorted,100000,production,1,134600,,,,,8192,9,580
i64,dense,sorted,100000,C,1,101700,37100,16000,0,48500,8192,9,580
i64,dense,sorted,100000,B,2,306600,37000,12800,49000,207500,808192,10,580
i64,dense,sorted,100000,production,2,134400,,,,,8192,9,580
i64,dense,sorted,100000,A,2,442500,37000,266600,33100,105500,1608192,10,580
i64,dense,sorted,100000,C,2,100900,36800,16000,0,47800,8192,9,580
date32,dense,sorted,100000,production,0,86900,,,,,4096,9,580
date32,dense,sorted,100000,C,0,134200,47900,7500,0,78700,4096,9,580
date32,dense,sorted,100000,A,0,160200,47800,21000,48200,43100,804096,10,580
date32,dense,sorted,100000,B,0,228900,47800,14500,48300,118000,804096,10,580
date32,dense,sorted,100000,B,1,280100,47800,122500,48100,61500,804096,10,580
date32,dense,sorted,100000,A,1,165500,56300,18800,47800,42300,804096,10,580
date32,dense,sorted,100000,production,1,87000,,,,,4096,9,580
date32,dense,sorted,100000,C,1,133500,47900,7600,0,77900,4096,9,580
date32,dense,sorted,100000,C,2,133400,47800,7600,0,77800,4096,9,580
date32,dense,sorted,100000,A,2,212100,47800,18800,47800,97600,804096,10,580
date32,dense,sorted,100000,B,2,284800,47800,122700,48600,65500,804096,10,580
date32,dense,sorted,100000,production,2,87600,,,,,4096,9,580
i64,dense,reverse,100000,production,0,2192000,,,,,1608192,10,580
i64,dense,reverse,100000,A,0,2222800,36100,265400,1732400,188200,1608192,10,580
i64,dense,reverse,100000,C,0,2187500,36200,296400,1746800,107700,1608192,10,580
i64,dense,reverse,100000,B,0,2626000,37500,56100,2468100,64100,808192,10,580
i64,dense,reverse,100000,production,1,2213400,,,,,1608192,10,580
i64,dense,reverse,100000,A,1,2314500,36300,282100,1882800,113200,1608192,10,580
i64,dense,reverse,100000,C,1,2259100,37200,269600,1820000,132000,1608192,10,580
i64,dense,reverse,100000,B,1,2735900,58600,47300,2484900,144800,808192,10,580
i64,dense,reverse,100000,B,2,2731500,36100,127100,2499500,68600,808192,10,580
i64,dense,reverse,100000,A,2,2263400,37400,272200,1840500,112800,1608192,10,580
i64,dense,reverse,100000,production,2,2066900,,,,,1608192,10,580
i64,dense,reverse,100000,C,2,2241400,37400,260500,1832000,111400,1608192,10,580
date32,dense,reverse,100000,C,0,1694000,56600,25000,1517100,94800,804096,10,580
date32,dense,reverse,100000,B,0,2762900,51300,144800,2476600,89700,804096,10,580
date32,dense,reverse,100000,production,0,1627600,,,,,804096,10,580
date32,dense,reverse,100000,A,0,1740200,63600,24700,1552700,98800,804096,10,580
date32,dense,reverse,100000,B,1,2834900,49900,155200,2546500,82800,804096,10,580
date32,dense,reverse,100000,A,1,1687100,50300,24900,1566600,45000,804096,10,580
date32,dense,reverse,100000,C,1,1666600,51900,24600,1493500,96500,804096,10,580
date32,dense,reverse,100000,production,1,1710500,,,,,804096,10,580
date32,dense,reverse,100000,A,2,1612700,54600,25000,1489300,43700,804096,10,580
date32,dense,reverse,100000,C,2,1651700,50700,25300,1479500,96200,804096,10,580
date32,dense,reverse,100000,B,2,2776900,66700,169200,2449700,90900,804096,10,580
date32,dense,reverse,100000,production,2,1663300,,,,,804096,10,580
i64,dense,shuffled,100000,C,0,2305800,37100,277500,1888300,102700,1608192,10,580
i64,dense,shuffled,100000,A,0,2333200,38200,295500,1895200,104100,1608192,10,580
i64,dense,shuffled,100000,production,0,2319100,,,,,1608192,10,580
i64,dense,shuffled,100000,B,0,3058900,41600,61100,2764200,191300,808192,10,580
i64,dense,shuffled,100000,C,1,2478000,37400,366500,1947300,126400,1608192,10,580
i64,dense,shuffled,100000,B,1,3000100,71100,43100,2771900,113700,808192,10,580
i64,dense,shuffled,100000,production,1,2348300,,,,,1608192,10,580
i64,dense,shuffled,100000,A,1,2356000,54400,280500,1916900,103700,1608192,10,580
i64,dense,shuffled,100000,production,2,2333200,,,,,1608192,10,580
i64,dense,shuffled,100000,B,2,3139200,50200,54500,2842700,191500,808192,10,580
i64,dense,shuffled,100000,A,2,2453000,37600,327200,1962200,125500,1608192,10,580
i64,dense,shuffled,100000,C,2,2426700,60300,321300,1924500,120400,1608192,10,580
date32,dense,shuffled,100000,production,0,1842600,,,,,804096,10,580
date32,dense,shuffled,100000,A,0,1742500,77500,20000,1596400,47900,804096,10,580
date32,dense,shuffled,100000,B,0,3025000,52600,13300,2637900,320700,804096,10,580
date32,dense,shuffled,100000,C,0,1909000,49300,167400,1589100,60700,804096,10,580
date32,dense,shuffled,100000,B,1,2949600,58600,13800,2702500,174100,804096,10,580
date32,dense,shuffled,100000,C,1,1777600,49500,20900,1587400,119400,804096,10,580
date32,dense,shuffled,100000,A,1,1869400,58500,170000,1595900,44800,804096,10,580
date32,dense,shuffled,100000,production,1,1695300,,,,,804096,10,580
date32,dense,shuffled,100000,production,2,1759100,,,,,804096,10,580
date32,dense,shuffled,100000,B,2,2973900,50200,153500,2636500,133500,804096,10,580
date32,dense,shuffled,100000,C,2,1715100,49300,21200,1599800,44400,804096,10,580
date32,dense,shuffled,100000,A,2,2089400,52900,22500,1829600,184100,804096,10,580
i64,nested,sorted,100000,C,0,91200,37300,16300,0,37400,32,1,1
i64,nested,sorted,100000,B,0,156100,37400,15900,49900,52700,800032,2,1
i64,nested,sorted,100000,production,0,131700,,,,,32,1,1
i64,nested,sorted,100000,A,0,469200,37300,301900,30500,99100,1600032,2,1
i64,nested,sorted,100000,B,1,159300,37500,19000,49900,52800,800032,2,1
i64,nested,sorted,100000,production,1,128200,,,,,32,1,1
i64,nested,sorted,100000,A,1,465600,37400,301000,31100,95900,1600032,2,1
i64,nested,sorted,100000,C,1,91700,37600,16400,0,37400,32,1,1
i64,nested,sorted,100000,C,2,93000,40200,16000,0,36700,32,1,1
i64,nested,sorted,100000,A,2,460900,37100,293700,30500,99400,1600032,2,1
i64,nested,sorted,100000,production,2,130000,,,,,32,1,1
i64,nested,sorted,100000,B,2,236800,36700,34000,48900,117100,800032,2,1
i64,nested,reverse,100000,C,0,502900,36200,302300,75500,88300,1600032,2,1
i64,nested,reverse,100000,A,0,497200,36200,295100,75800,89800,1600032,2,1
i64,nested,reverse,100000,B,0,196500,36300,45000,62400,52600,800032,2,1
i64,nested,reverse,100000,production,0,563900,,,,,1600032,2,1
i64,nested,reverse,100000,production,1,501900,,,,,1600032,2,1
i64,nested,reverse,100000,C,1,515200,37000,298900,77700,101200,1600032,2,1
i64,nested,reverse,100000,A,1,523900,37000,297900,77200,111400,1600032,2,1
i64,nested,reverse,100000,B,1,275700,36900,51100,63300,124000,800032,2,1
i64,nested,reverse,100000,production,2,495500,,,,,1600032,2,1
i64,nested,reverse,100000,B,2,296700,36900,143000,63600,53000,800032,2,1
i64,nested,reverse,100000,A,2,497000,37400,287100,75300,97000,1600032,2,1
i64,nested,reverse,100000,C,2,555100,36300,353500,75900,89100,1600032,2,1
i64,nested,shuffled,100000,B,0,3291500,37200,160800,2870900,221900,800032,2,1
i64,nested,shuffled,100000,A,0,2394200,37100,309800,1923700,123100,1600032,2,1
i64,nested,shuffled,100000,production,0,2406100,,,,,1600032,2,1
i64,nested,shuffled,100000,C,0,2445700,76300,286400,1974700,107900,1600032,2,1
i64,nested,shuffled,100000,C,1,2411600,64300,302500,1933200,111200,1600032,2,1
i64,nested,shuffled,100000,production,1,2485500,,,,,1600032,2,1
i64,nested,shuffled,100000,A,1,2399700,70300,303100,1908400,117400,1600032,2,1
i64,nested,shuffled,100000,B,1,3222100,72200,68400,2856900,223800,800032,2,1
i64,nested,shuffled,100000,B,2,3072300,37400,13700,2847300,173100,800032,2,1
i64,nested,shuffled,100000,C,2,2334400,42700,302900,1873000,115300,1600032,2,1
i64,nested,shuffled,100000,production,2,2366800,,,,,1600032,2,1
i64,nested,shuffled,100000,A,2,2406000,65000,290500,1937900,112100,1600032,2,1
i64,touching,sorted,100000,A,0,720800,51600,287100,30200,351500,2648576,17,100000
i64,touching,sorted,100000,production,0,341500,,,,,1048576,16,100000
i64,touching,sorted,100000,B,0,577500,37500,146800,49900,343100,1848576,17,100000
i64,touching,sorted,100000,C,0,466600,36900,15900,0,413600,1048576,16,100000
i64,touching,sorted,100000,C,1,537200,37100,16000,0,483800,1048576,16,100000
i64,touching,sorted,100000,A,1,906000,37500,297200,30400,540800,2648576,17,100000
i64,touching,sorted,100000,production,1,555200,,,,,1048576,16,100000
i64,touching,sorted,100000,B,1,728900,37700,140400,50200,500300,1848576,17,100000
i64,touching,sorted,100000,C,2,433600,37800,16300,0,379100,1048576,16,100000
i64,touching,sorted,100000,A,2,846200,37600,295900,30900,481600,2648576,17,100000
i64,touching,sorted,100000,B,2,581200,44000,138100,50000,349000,1848576,17,100000
i64,touching,sorted,100000,production,2,592700,,,,,1048576,16,100000
i64,touching,reverse,100000,production,0,974400,,,,,2648576,17,100000
i64,touching,reverse,100000,B,0,734500,42000,139000,84100,469100,1848576,17,100000
i64,touching,reverse,100000,A,0,864800,38100,295100,78700,452700,2648576,17,100000
i64,touching,reverse,100000,C,0,910100,40900,298200,78500,492300,2648576,17,100000
i64,touching,reverse,100000,A,1,758200,45500,297600,78300,336500,2648576,17,100000
i64,touching,reverse,100000,B,1,620600,38700,148400,65000,368400,1848576,17,100000
i64,touching,reverse,100000,production,1,995100,,,,,2648576,17,100000
i64,touching,reverse,100000,C,1,918000,42200,306000,78100,491600,2648576,17,100000
i64,touching,reverse,100000,B,2,548500,39600,141100,64500,303100,1848576,17,100000
i64,touching,reverse,100000,C,2,980400,37400,313400,79700,549700,2648576,17,100000
i64,touching,reverse,100000,A,2,1018000,46900,323500,79400,568000,2648576,17,100000
i64,touching,reverse,100000,production,2,980100,,,,,2648576,17,100000
i64,touching,shuffled,100000,A,0,2755000,40600,287000,2054300,372600,2648576,17,100000
i64,touching,shuffled,100000,C,0,2676800,44700,295300,1986700,349700,2648576,17,100000
i64,touching,shuffled,100000,production,0,2663500,,,,,2648576,17,100000
i64,touching,shuffled,100000,B,0,3584800,40700,137800,2797500,608300,1848576,17,100000
i64,touching,shuffled,100000,C,1,2899200,37700,295900,1924900,640300,2648576,17,100000
i64,touching,shuffled,100000,A,1,2865400,44500,287300,1991500,541800,2648576,17,100000
i64,touching,shuffled,100000,B,1,3543900,40400,138100,2892400,472700,1848576,17,100000
i64,touching,shuffled,100000,production,1,2777600,,,,,2648576,17,100000
i64,touching,shuffled,100000,A,2,3016100,47100,315700,2003300,649500,2648576,17,100000
i64,touching,shuffled,100000,C,2,3216100,119900,422800,1964300,708200,2648576,17,100000
i64,touching,shuffled,100000,B,2,4360400,99100,174700,2970400,1114800,1848576,17,100000
i64,touching,shuffled,100000,production,2,2896700,,,,,2648576,17,100000
i64,staircase,sorted,100000,A,0,610400,36100,266400,29400,278300,2124288,16,50000
i64,staircase,sorted,100000,C,0,278200,43400,15800,0,218800,524288,15,50000
i64,staircase,sorted,100000,production,0,272600,,,,,524288,15,50000
i64,staircase,sorted,100000,B,0,532700,36000,129400,57200,309900,1324288,16,50000
i64,staircase,sorted,100000,production,1,278200,,,,,524288,15,50000
i64,staircase,sorted,100000,B,1,388700,37300,129900,49900,171300,1324288,16,50000
i64,staircase,sorted,100000,A,1,615900,36300,281600,29300,268500,2124288,16,50000
i64,staircase,sorted,100000,C,1,134800,36300,15900,0,82500,524288,15,50000
i64,staircase,sorted,100000,B,2,386700,36200,133500,48500,168400,1324288,16,50000
i64,staircase,sorted,100000,C,2,266100,36700,15800,0,213600,524288,15,50000
i64,staircase,sorted,100000,production,2,271100,,,,,524288,15,50000
i64,staircase,sorted,100000,A,2,622100,39000,290100,29400,263300,2124288,16,50000
i64,staircase,reverse,100000,C,0,535100,35900,289000,75500,134400,2124288,16,50000
i64,staircase,reverse,100000,production,0,514600,,,,,2124288,16,50000
i64,staircase,reverse,100000,B,0,425700,36300,73900,62300,252900,1324288,16,50000
i64,staircase,reverse,100000,A,0,763900,36300,341000,85500,300800,2124288,16,50000
i64,staircase,reverse,100000,C,1,707100,41000,289400,76900,299600,2124288,16,50000
i64,staircase,reverse,100000,A,1,536000,37400,275900,77100,145300,2124288,16,50000
i64,staircase,reverse,100000,B,1,415100,36900,73700,63400,240800,1324288,16,50000
i64,staircase,reverse,100000,production,1,644800,,,,,2124288,16,50000
i64,staircase,reverse,100000,B,2,598800,36700,192300,63300,306100,1324288,16,50000
i64,staircase,reverse,100000,A,2,736300,36800,267300,84800,347200,2124288,16,50000
i64,staircase,reverse,100000,production,2,696000,,,,,2124288,16,50000
i64,staircase,reverse,100000,C,2,549100,37500,292100,77900,141300,2124288,16,50000
i64,staircase,shuffled,100000,C,0,2422500,40100,293500,1939900,148100,2124288,16,50000
i64,staircase,shuffled,100000,production,0,2399100,,,,,2124288,16,50000
i64,staircase,shuffled,100000,A,0,2345700,36300,275400,1896800,137000,2124288,16,50000
i64,staircase,shuffled,100000,B,0,3171600,36400,116000,2765000,254000,1324288,16,50000
i64,staircase,shuffled,100000,production,1,2522900,,,,,2124288,16,50000
i64,staircase,shuffled,100000,B,1,3608400,40700,133600,2899200,534400,1324288,16,50000
i64,staircase,shuffled,100000,C,1,2601200,37400,289300,1978000,296100,2124288,16,50000
i64,staircase,shuffled,100000,A,1,2354500,40200,293400,1864500,156000,2124288,16,50000
i64,staircase,shuffled,100000,C,2,2316700,36000,268700,1869500,142300,2124288,16,50000
i64,staircase,shuffled,100000,A,2,2287700,36100,273300,1843700,134500,2124288,16,50000
i64,staircase,shuffled,100000,B,2,3214900,36000,118200,2817500,242900,1324288,16,50000
i64,staircase,shuffled,100000,production,2,2623300,,,,,2124288,16,50000
i64,identical,sorted,100000,C,0,88500,36100,16000,0,36200,32,1,1
i64,identical,sorted,100000,B,0,253100,38700,115200,48100,50900,800032,2,1
i64,identical,sorted,100000,A,0,419200,36200,262200,29100,91600,1600032,2,1
i64,identical,sorted,100000,production,0,123900,,,,,32,1,1
i64,identical,sorted,100000,C,1,88600,36000,16200,0,36200,32,1,1
i64,identical,sorted,100000,A,1,424000,36000,268000,29100,90700,1600032,2,1
i64,identical,sorted,100000,B,1,149000,36100,13600,48100,51000,800032,2,1
i64,identical,sorted,100000,production,1,123800,,,,,32,1,1
i64,identical,sorted,100000,B,2,193200,36000,12500,48000,96500,800032,2,1
i64,identical,sorted,100000,production,2,123800,,,,,32,1,1
i64,identical,sorted,100000,A,2,434500,36300,275500,29700,92800,1600032,2,1
i64,identical,sorted,100000,C,2,88000,35800,16000,0,35800,32,1,1
date32,identical,sorted,100000,production,0,79600,,,,,16,1,1
date32,identical,sorted,100000,C,0,127500,47800,7500,0,71800,16,1,1
date32,identical,sorted,100000,A,0,150800,47900,18600,47800,36400,800016,2,1
date32,identical,sorted,100000,B,0,205500,47900,12600,48200,96500,800016,2,1
date32,identical,sorted,100000,A,1,256100,47900,123900,47900,36400,800016,2,1
date32,identical,sorted,100000,production,1,83100,,,,,16,1,1
date32,identical,sorted,100000,B,1,162800,47800,12700,48200,53900,800016,2,1
date32,identical,sorted,100000,C,1,127400,47900,7600,0,71700,16,1,1
date32,identical,sorted,100000,A,2,195500,47900,18800,47800,80900,800016,2,1
date32,identical,sorted,100000,production,2,79700,,,,,16,1,1
date32,identical,sorted,100000,B,2,265900,47800,115500,48100,54100,800016,2,1
date32,identical,sorted,100000,C,2,191900,47900,7600,0,136300,16,1,1
i64,identical,reverse,100000,C,0,88400,36100,16100,0,36100,32,1,1
i64,identical,reverse,100000,production,0,124000,,,,,32,1,1
i64,identical,reverse,100000,A,0,427700,36000,270300,29500,91600,1600032,2,1
i64,identical,reverse,100000,B,0,151700,36100,16400,48100,50900,800032,2,1
i64,identical,reverse,100000,production,1,123900,,,,,32,1,1
i64,identical,reverse,100000,A,1,425100,36100,268500,29400,90800,1600032,2,1
i64,identical,reverse,100000,B,1,196000,36100,13100,48000,98700,800032,2,1
i64,identical,reverse,100000,C,1,88300,36000,16000,0,36200,32,1,1
i64,identical,reverse,100000,production,2,127300,,,,,32,1,1
i64,identical,reverse,100000,B,2,253600,36000,117700,48800,50900,800032,2,1
i64,identical,reverse,100000,A,2,460100,36000,296000,32300,95600,1600032,2,1
i64,identical,reverse,100000,C,2,89500,37100,16200,0,36100,32,1,1
date32,identical,reverse,100000,A,0,206800,48900,19300,49000,89300,800016,2,1
date32,identical,reverse,100000,B,0,277700,49100,123800,49400,55200,800016,2,1
date32,identical,reverse,100000,production,0,85500,,,,,16,1,1
date32,identical,reverse,100000,C,0,130500,49100,7800,0,73500,16,1,1
date32,identical,reverse,100000,C,1,130400,49100,7700,0,73500,16,1,1
date32,identical,reverse,100000,B,1,167000,49100,13200,49300,55200,800016,2,1
date32,identical,reverse,100000,production,1,81500,,,,,16,1,1
date32,identical,reverse,100000,A,1,201500,49100,19300,49000,84000,800016,2,1
date32,identical,reverse,100000,A,2,265400,49000,125100,54800,36200,800016,2,1
date32,identical,reverse,100000,B,2,162700,47900,12400,48200,54000,800016,2,1
date32,identical,reverse,100000,production,2,79600,,,,,16,1,1
date32,identical,reverse,100000,C,2,127300,47900,7600,0,71800,16,1,1
i64,identical,shuffled,100000,production,0,124700,,,,,32,1,1
i64,identical,shuffled,100000,B,0,148700,36300,12700,48300,51100,800032,2,1
i64,identical,shuffled,100000,A,0,436800,36400,274800,29300,96100,1600032,2,1
i64,identical,shuffled,100000,C,0,88500,36000,16100,0,36100,32,1,1
i64,identical,shuffled,100000,C,1,88500,36200,16100,0,36100,32,1,1
i64,identical,shuffled,100000,A,1,438700,36100,282600,29300,90500,1600032,2,1
i64,identical,shuffled,100000,B,1,157600,36000,13800,56400,51000,800032,2,1
i64,identical,shuffled,100000,production,1,123900,,,,,32,1,1
i64,identical,shuffled,100000,A,2,438800,36000,280700,29200,92800,1600032,2,1
i64,identical,shuffled,100000,production,2,123900,,,,,32,1,1
i64,identical,shuffled,100000,B,2,148200,36100,13100,48100,50900,800032,2,1
i64,identical,shuffled,100000,C,2,92000,39600,16100,0,36200,32,1,1
date32,identical,shuffled,100000,A,0,254800,47800,122500,47800,36300,800016,2,1
date32,identical,shuffled,100000,production,0,89100,,,,,16,1,1
date32,identical,shuffled,100000,B,0,166900,49100,13000,49400,55300,800016,2,1
date32,identical,shuffled,100000,C,0,130500,49100,7800,0,73500,16,1,1
date32,identical,shuffled,100000,production,1,81600,,,,,16,1,1
date32,identical,shuffled,100000,B,1,209900,49000,12800,49200,98500,800016,2,1
date32,identical,shuffled,100000,A,1,260000,49100,124500,49000,37300,800016,2,1
date32,identical,shuffled,100000,C,1,133900,54400,7600,0,71800,16,1,1
date32,identical,shuffled,100000,production,2,79600,,,,,16,1,1
date32,identical,shuffled,100000,C,2,127400,47900,7500,0,71800,16,1,1
date32,identical,shuffled,100000,B,2,162800,47800,12500,48100,54200,800016,2,1
date32,identical,shuffled,100000,A,2,197300,47900,18700,47800,82900,800016,2,1
i64,equal_ends,sorted,100000,production,0,123700,,,,,32,1,1
i64,equal_ends,sorted,100000,C,0,93800,36100,18300,0,39200,32,1,1
i64,equal_ends,sorted,100000,A,0,478200,39300,305600,34200,99000,1600032,2,1
i64,equal_ends,sorted,100000,B,0,151200,36800,14000,48600,51600,800032,2,1
i64,equal_ends,sorted,100000,C,1,89400,36400,16200,0,36400,32,1,1
i64,equal_ends,sorted,100000,B,1,149700,36500,12700,48600,51500,800032,2,1
i64,equal_ends,sorted,100000,A,1,601900,36500,432900,34400,97800,1600032,2,1
i64,equal_ends,sorted,100000,production,1,126900,,,,,32,1,1
i64,equal_ends,sorted,100000,B,2,201200,37000,19700,49300,95000,800032,2,1
i64,equal_ends,sorted,100000,production,2,134200,,,,,32,1,1
i64,equal_ends,sorted,100000,C,2,90600,36800,16600,0,37000,32,1,1
i64,equal_ends,sorted,100000,A,2,467900,37000,306900,30200,93600,1600032,2,1
i64,equal_ends,reverse,100000,C,0,90500,36900,16400,0,37000,32,1,1
i64,equal_ends,reverse,100000,production,0,126900,,,,,32,1,1
i64,equal_ends,reverse,100000,A,0,445900,37000,284300,30000,94300,1600032,2,1
i64,equal_ends,reverse,100000,B,0,152000,37000,13500,49300,52200,800032,2,1
i64,equal_ends,reverse,100000,C,1,90500,36900,16500,0,37000,32,1,1
i64,equal_ends,reverse,100000,B,1,196900,36900,12900,49300,97800,800032,2,1
i64,equal_ends,reverse,100000,production,1,126800,,,,,32,1,1
i64,equal_ends,reverse,100000,A,1,446300,41200,283400,29700,91700,1600032,2,1
i64,equal_ends,reverse,100000,C,2,88400,36000,16100,0,36200,32,1,1
i64,equal_ends,reverse,100000,production,2,123800,,,,,32,1,1
i64,equal_ends,reverse,100000,B,2,251500,36100,115900,48300,51000,800032,2,1
i64,equal_ends,reverse,100000,A,2,446600,36100,289100,29400,91800,1600032,2,1
i64,equal_ends,shuffled,100000,C,0,88400,36000,16000,0,36100,32,1,1
i64,equal_ends,shuffled,100000,production,0,124000,,,,,32,1,1
i64,equal_ends,shuffled,100000,A,0,430900,36100,274000,29600,91100,1600032,2,1
i64,equal_ends,shuffled,100000,B,0,255900,36000,120200,48400,51100,800032,2,1
i64,equal_ends,shuffled,100000,production,1,123900,,,,,32,1,1
i64,equal_ends,shuffled,100000,C,1,90400,36100,16100,0,37900,32,1,1
i64,equal_ends,shuffled,100000,A,1,443000,36200,283100,29700,93900,1600032,2,1
i64,equal_ends,shuffled,100000,B,1,148300,36100,13200,48100,50900,800032,2,1
i64,equal_ends,shuffled,100000,A,2,433100,36100,276200,29700,90800,1600032,2,1
i64,equal_ends,shuffled,100000,B,2,148300,36100,13000,48000,51000,800032,2,1
i64,equal_ends,shuffled,100000,C,2,88500,36100,15900,0,36200,32,1,1
i64,equal_ends,shuffled,100000,production,2,123900,,,,,32,1,1
i64,equal_starts,sorted,100000,C,0,90500,36900,16400,0,37000,32,1,1
i64,equal_starts,sorted,100000,B,0,292300,40700,147800,51200,52300,800032,2,1
i64,equal_starts,sorted,100000,production,0,126800,,,,,32,1,1
i64,equal_starts,sorted,100000,A,0,485000,37000,316600,30300,101000,1600032,2,1
i64,equal_starts,sorted,100000,C,1,98700,37000,16600,0,45000,32,1,1
i64,equal_starts,sorted,100000,production,1,126900,,,,,32,1,1
i64,equal_starts,sorted,100000,B,1,153500,37000,14900,49300,52100,800032,2,1
i64,equal_starts,sorted,100000,A,1,449000,37000,286700,29900,95300,1600032,2,1
i64,equal_starts,sorted,100000,B,2,206300,37000,13400,49700,106100,800032,2,1
i64,equal_starts,sorted,100000,A,2,457800,43000,290500,30000,94000,1600032,2,1
i64,equal_starts,sorted,100000,C,2,91200,37100,16600,0,37200,32,1,1
i64,equal_starts,sorted,100000,production,2,127800,,,,,32,1,1
i64,equal_starts,reverse,100000,A,0,557000,36000,357700,75300,87800,1600032,2,1
i64,equal_starts,reverse,100000,production,0,460900,,,,,1600032,2,1
i64,equal_starts,reverse,100000,B,0,180700,36000,23200,62000,59200,800032,2,1
i64,equal_starts,reverse,100000,C,0,489200,37300,277300,77500,96900,1600032,2,1
i64,equal_starts,reverse,100000,A,1,494100,37100,273200,80500,103000,1600032,2,1
i64,equal_starts,reverse,100000,B,1,213100,36300,13600,62400,100500,800032,2,1
i64,equal_starts,reverse,100000,C,1,482600,36200,276100,75900,94000,1600032,2,1
i64,equal_starts,reverse,100000,production,1,470100,,,,,1600032,2,1
i64,equal_starts,reverse,100000,A,2,478300,36000,279200,75200,87400,1600032,2,1
i64,equal_starts,reverse,100000,C,2,483200,36000,283600,75300,88000,1600032,2,1
i64,equal_starts,reverse,100000,production,2,466000,,,,,1600032,2,1
i64,equal_starts,reverse,100000,B,2,286800,36000,118900,64900,66600,800032,2,1
i64,equal_starts,shuffled,100000,B,0,3116700,37300,124000,2872100,82700,800032,2,1
i64,equal_starts,shuffled,100000,A,0,2405600,40600,283200,1984100,97500,1600032,2,1
i64,equal_starts,shuffled,100000,production,0,2355900,,,,,1600032,2,1
i64,equal_starts,shuffled,100000,C,0,2478500,62800,316400,1991600,107300,1600032,2,1
i64,equal_starts,shuffled,100000,B,1,2957000,37700,45500,2783700,89700,800032,2,1
i64,equal_starts,shuffled,100000,C,1,2372100,37400,275900,1959900,98600,1600032,2,1
i64,equal_starts,shuffled,100000,A,1,2350200,37500,276300,1938400,97800,1600032,2,1
i64,equal_starts,shuffled,100000,production,1,2400900,,,,,1600032,2,1
i64,equal_starts,shuffled,100000,A,2,2368600,37100,275500,1958200,97400,1600032,2,1
i64,equal_starts,shuffled,100000,production,2,2455300,,,,,1600032,2,1
i64,equal_starts,shuffled,100000,B,2,3094100,66200,54200,2890700,82600,800032,2,1
i64,equal_starts,shuffled,100000,C,2,2364000,37100,293900,1934400,98300,1600032,2,1
i64,unit,sorted,100000,A,0,762500,37400,274400,30600,419700,2648576,17,95133
i64,unit,sorted,100000,production,0,381500,,,,,1048576,16,95133
i64,unit,sorted,100000,C,0,374900,37200,16600,0,320800,1048576,16,95133
i64,unit,sorted,100000,B,0,572900,37600,125500,50100,359500,1848576,17,95133
i64,unit,sorted,100000,production,1,493800,,,,,1048576,16,95133
i64,unit,sorted,100000,C,1,609900,37400,16600,0,555600,1048576,16,95133
i64,unit,sorted,100000,B,1,714300,37200,134700,49700,492300,1848576,17,95133
i64,unit,sorted,100000,A,1,875600,37200,309100,31800,497100,2648576,17,95133
i64,unit,sorted,100000,C,2,559300,42700,16500,0,499900,1048576,16,95133
i64,unit,sorted,100000,production,2,390100,,,,,1048576,16,95133
i64,unit,sorted,100000,A,2,735900,39400,289000,30300,376800,2648576,17,95133
i64,unit,sorted,100000,B,2,605500,37400,124600,49800,393500,1848576,17,95133
i64,unit,reverse,100000,A,0,2901800,40600,339900,1832000,688900,2648576,17,95133
i64,unit,reverse,100000,B,0,3310600,41900,192700,2520300,555300,1848576,17,95133
i64,unit,reverse,100000,production,0,2777400,,,,,2648576,17,95133
i64,unit,reverse,100000,C,0,2820900,42700,363900,1760500,653400,2648576,17,95133
i64,unit,reverse,100000,C,1,2861600,73200,534700,1781200,472000,2648576,17,95133
i64,unit,reverse,100000,production,1,2774400,,,,,2648576,17,95133
i64,unit,reverse,100000,A,1,2894200,84200,399200,1770300,639600,2648576,17,95133
i64,unit,reverse,100000,B,1,3366300,152900,229500,2500200,482900,1848576,17,95133
i64,unit,reverse,100000,A,2,2977600,39200,343600,1787600,806700,2648576,17,95133
i64,unit,reverse,100000,B,2,3371700,77300,150900,2566700,576500,1848576,17,95133
i64,unit,reverse,100000,production,2,2790400,,,,,2648576,17,95133
i64,unit,reverse,100000,C,2,2929700,73800,319100,1858300,678000,2648576,17,95133
i64,unit,shuffled,100000,A,0,2738100,42700,273200,2031700,390000,2648576,17,95133
i64,unit,shuffled,100000,B,0,3610100,43500,115500,2886700,564200,1848576,17,95133
i64,unit,shuffled,100000,C,0,2922600,37700,270600,1993000,621100,2648576,17,95133
i64,unit,shuffled,100000,production,0,2865400,,,,,2648576,17,95133
i64,unit,shuffled,100000,C,1,2709300,92300,274400,1965000,376900,2648576,17,95133
i64,unit,shuffled,100000,B,1,3423900,39600,115500,2798500,469900,1848576,17,95133
i64,unit,shuffled,100000,production,1,2820900,,,,,2648576,17,95133
i64,unit,shuffled,100000,A,1,2906300,42400,270900,2015700,576900,2648576,17,95133
i64,unit,shuffled,100000,A,2,2848100,48300,264100,1913500,621900,2648576,17,95133
i64,unit,shuffled,100000,B,2,3608400,46300,136400,2775300,650000,1848576,17,95133
i64,unit,shuffled,100000,production,2,2832700,,,,,2648576,17,95133
i64,unit,shuffled,100000,C,2,2748100,47500,272700,1922200,505400,2648576,17,95133
i64,wide,sorted,100000,B,0,152400,37100,13000,49500,52500,800032,2,1
i64,wide,sorted,100000,production,0,131600,,,,,32,1,1
i64,wide,sorted,100000,C,0,91300,37200,16800,0,37300,32,1,1
i64,wide,sorted,100000,A,0,532600,37100,345000,36800,113400,1600032,2,1
i64,wide,sorted,100000,C,1,94000,37700,16700,0,39300,32,1,1
i64,wide,sorted,100000,B,1,169600,37300,23700,49900,58300,800032,2,1
i64,wide,sorted,100000,A,1,671800,71200,409100,50400,140600,1600032,2,1
i64,wide,sorted,100000,production,1,135700,,,,,32,1,1
i64,wide,sorted,100000,A,2,557100,57600,336000,47400,115600,1600032,2,1
i64,wide,sorted,100000,B,2,318900,37500,37400,50100,193800,800032,2,1
i64,wide,sorted,100000,C,2,91900,37500,16800,0,37500,32,1,1
i64,wide,sorted,100000,production,2,128500,,,,,32,1,1
i64,wide,reverse,100000,production,0,2205400,,,,,1600032,2,1
i64,wide,reverse,100000,A,0,2306200,59800,308100,1823100,114600,1600032,2,1
i64,wide,reverse,100000,B,0,2602800,38800,47000,2464400,52200,800032,2,1
i64,wide,reverse,100000,C,0,2188000,36100,264600,1781200,105800,1600032,2,1
i64,wide,reverse,100000,production,1,2120600,,,,,1600032,2,1
i64,wide,reverse,100000,B,1,2597800,36300,18200,2427400,115600,800032,2,1
i64,wide,reverse,100000,A,1,2159500,41300,252500,1762100,103300,1600032,2,1
i64,wide,reverse,100000,C,1,2164700,36200,263200,1755300,109600,1600032,2,1
i64,wide,reverse,100000,C,2,2255400,51500,342200,1755800,105800,1600032,2,1
i64,wide,reverse,100000,production,2,2168500,,,,,1600032,2,1
i64,wide,reverse,100000,B,2,2761800,37500,121300,2548900,53900,800032,2,1
i64,wide,reverse,100000,A,2,2328200,37300,268400,1915100,107200,1600032,2,1
i64,wide,shuffled,100000,B,0,2926700,36200,111400,2698900,79900,800032,2,1
i64,wide,shuffled,100000,C,0,2326100,36400,261600,1925300,102800,1600032,2,1
i64,wide,shuffled,100000,A,0,2370600,36300,265700,1928500,140000,1600032,2,1
i64,wide,shuffled,100000,production,0,2411900,,,,,1600032,2,1
i64,wide,shuffled,100000,C,1,2294500,43200,262400,1888900,99500,1600032,2,1
i64,wide,shuffled,100000,B,1,2957900,35800,48400,2792300,81100,800032,2,1
i64,wide,shuffled,100000,production,1,2285000,,,,,1600032,2,1
i64,wide,shuffled,100000,A,1,2279000,36000,267100,1876000,99700,1600032,2,1
i64,wide,shuffled,100000,A,2,2274900,36900,274200,1865900,97700,1600032,2,1
i64,wide,shuffled,100000,production,2,2390900,,,,,1600032,2,1
i64,wide,shuffled,100000,B,2,2886500,62900,57000,2682600,83600,800032,2,1
i64,wide,shuffled,100000,C,2,2391900,36900,315900,1934100,104700,1600032,2,1
i64,disjoint,sorted,1000000,C,0,5184600,927500,315300,0,3940400,8388608,19,1000000
i64,disjoint,sorted,1000000,B,0,8202800,934200,1287700,1033800,4945800,16388608,20,1000000
i64,disjoint,sorted,1000000,production,0,5102100,,,,,8388608,19,1000000
i64,disjoint,sorted,1000000,A,0,10369000,918100,3358200,1394400,4696600,24388608,20,1000000
i64,disjoint,sorted,1000000,A,1,10136000,895600,3028200,1218200,4992700,24388608,20,1000000
i64,disjoint,sorted,1000000,C,1,5305200,939200,366400,0,3998400,8388608,19,1000000
i64,disjoint,sorted,1000000,B,1,7594100,896700,1076200,748500,4871400,16388608,20,1000000
i64,disjoint,sorted,1000000,production,1,5087500,,,,,8388608,19,1000000
i64,disjoint,sorted,1000000,B,2,7907500,949100,1121900,729300,5106300,16388608,20,1000000
i64,disjoint,sorted,1000000,A,2,10073100,965100,3114900,1318700,4672900,24388608,20,1000000
i64,disjoint,sorted,1000000,C,2,5393100,928900,313900,0,4149100,8388608,19,1000000
i64,disjoint,sorted,1000000,production,2,5210200,,,,,8388608,19,1000000
date32,disjoint,sorted,1000000,production,0,2707100,,,,,4194304,19,1000000
date32,disjoint,sorted,1000000,B,0,5490600,530500,1061400,538100,3359700,12194304,20,1000000
date32,disjoint,sorted,1000000,A,0,4934500,598300,1163000,541300,2630700,12194304,20,1000000
date32,disjoint,sorted,1000000,C,0,3152000,636100,74000,0,2441300,4194304,19,1000000
date32,disjoint,sorted,1000000,A,1,5051000,531500,1153600,572700,2792100,12194304,20,1000000
date32,disjoint,sorted,1000000,B,1,5409200,642000,1109100,538200,3119100,12194304,20,1000000
date32,disjoint,sorted,1000000,C,1,3000100,559900,73500,0,2365900,4194304,19,1000000
date32,disjoint,sorted,1000000,production,1,2698400,,,,,4194304,19,1000000
date32,disjoint,sorted,1000000,production,2,2834300,,,,,4194304,19,1000000
date32,disjoint,sorted,1000000,B,2,5612200,565200,1088400,551000,3406600,12194304,20,1000000
date32,disjoint,sorted,1000000,A,2,5021800,560200,1262200,561600,2637100,12194304,20,1000000
date32,disjoint,sorted,1000000,C,2,3148900,677800,74600,0,2396000,4194304,19,1000000
i64,disjoint,reverse,1000000,B,0,7323300,862100,1199700,847500,4412700,16388608,20,1000000
i64,disjoint,reverse,1000000,production,0,10495100,,,,,24388608,20,1000000
i64,disjoint,reverse,1000000,C,0,10475600,872000,2866700,1797600,4938300,24388608,20,1000000
i64,disjoint,reverse,1000000,A,0,9835500,865000,2960100,1576900,4432200,24388608,20,1000000
i64,disjoint,reverse,1000000,C,1,13612200,1561200,3886200,2615100,5547900,24388608,20,1000000
i64,disjoint,reverse,1000000,production,1,14346800,,,,,24388608,20,1000000
i64,disjoint,reverse,1000000,B,1,10597900,1495800,1718900,1675200,5706900,16388608,20,1000000
i64,disjoint,reverse,1000000,A,1,14387800,1253500,3770200,3285000,6077600,24388608,20,1000000
i64,disjoint,reverse,1000000,production,2,13816200,,,,,24388608,20,1000000
i64,disjoint,reverse,1000000,C,2,13718700,1254900,3680300,2299800,6482500,24388608,20,1000000
i64,disjoint,reverse,1000000,A,2,11442100,1252100,3184300,1742200,5262100,24388608,20,1000000
i64,disjoint,reverse,1000000,B,2,8082200,969600,1210300,1039600,4861600,16388608,20,1000000
date32,disjoint,reverse,1000000,B,0,5220300,562900,1027000,625400,3003800,12194304,20,1000000
date32,disjoint,reverse,1000000,production,0,5328300,,,,,12194304,20,1000000
date32,disjoint,reverse,1000000,A,0,5666600,795900,1426900,766100,2676700,12194304,20,1000000
date32,disjoint,reverse,1000000,C,0,5097400,611900,1128800,632800,2722500,12194304,20,1000000
date32,disjoint,reverse,1000000,B,1,5912900,628500,1093500,810700,3379200,12194304,20,1000000
date32,disjoint,reverse,1000000,C,1,5277200,554900,1269300,786000,2666000,12194304,20,1000000
date32,disjoint,reverse,1000000,A,1,5541600,657400,1204900,947600,2730500,12194304,20,1000000
date32,disjoint,reverse,1000000,production,1,5845400,,,,,12194304,20,1000000
date32,disjoint,reverse,1000000,B,2,5687000,594000,1106400,691600,3294000,12194304,20,1000000
date32,disjoint,reverse,1000000,A,2,5215500,549700,1143500,653200,2868400,12194304,20,1000000
date32,disjoint,reverse,1000000,C,2,5722700,620300,1530700,849900,2720700,12194304,20,1000000
date32,disjoint,reverse,1000000,production,2,5398700,,,,,12194304,20,1000000
i64,disjoint,shuffled,1000000,B,0,55156500,902900,1086400,36139800,17025700,16388608,20,1000000
i64,disjoint,shuffled,1000000,C,0,34827200,923000,3126200,24750100,6026100,24388608,20,1000000
i64,disjoint,shuffled,1000000,A,0,36769400,1459800,5274300,24699900,5334200,24388608,20,1000000
i64,disjoint,shuffled,1000000,production,0,31862700,,,,,24388608,20,1000000
i64,disjoint,shuffled,1000000,B,1,57094600,856200,1107200,37743800,17386500,16388608,20,1000000
i64,disjoint,shuffled,1000000,C,1,31678000,842600,2839800,23395100,4598900,24388608,20,1000000
i64,disjoint,shuffled,1000000,A,1,30951000,849600,2789900,22800200,4509900,24388608,20,1000000
i64,disjoint,shuffled,1000000,production,1,30745900,,,,,24388608,20,1000000
i64,disjoint,shuffled,1000000,production,2,30761300,,,,,24388608,20,1000000
i64,disjoint,shuffled,1000000,C,2,31022900,849200,2833900,22508300,4830200,24388608,20,1000000
i64,disjoint,shuffled,1000000,A,2,32588100,841100,3218300,23545000,4982600,24388608,20,1000000
i64,disjoint,shuffled,1000000,B,2,54266000,848200,1082700,35926000,16408100,16388608,20,1000000
date32,disjoint,shuffled,1000000,production,0,22403100,,,,,12194304,20,1000000
date32,disjoint,shuffled,1000000,A,0,22794400,596100,1407300,18038600,2750900,12194304,20,1000000
date32,disjoint,shuffled,1000000,C,0,22602200,566200,1163200,18147800,2723900,12194304,20,1000000
date32,disjoint,shuffled,1000000,B,0,43048800,596200,1062000,34439500,6950100,12194304,20,1000000
date32,disjoint,shuffled,1000000,production,1,22171000,,,,,12194304,20,1000000
date32,disjoint,shuffled,1000000,B,1,45433300,580100,1090100,34692500,9069500,12194304,20,1000000
date32,disjoint,shuffled,1000000,C,1,23397700,604100,1549300,18405400,2837700,12194304,20,1000000
date32,disjoint,shuffled,1000000,A,1,23688800,603400,1333400,18769400,2981500,12194304,20,1000000
date32,disjoint,shuffled,1000000,C,2,23285100,617500,1248700,18640800,2776600,12194304,20,1000000
date32,disjoint,shuffled,1000000,B,2,43281400,596700,1079100,35684700,5919700,12194304,20,1000000
date32,disjoint,shuffled,1000000,production,2,22378500,,,,,12194304,20,1000000
date32,disjoint,shuffled,1000000,A,2,22661300,628400,1138900,17979600,2913300,12194304,20,1000000
i64,common,sorted,1000000,B,0,3457000,545900,1060400,781800,1068000,8000032,2,1
i64,common,sorted,1000000,C,0,1788200,917600,308000,0,561800,32,1,1
i64,common,sorted,1000000,A,0,6350300,562800,3058300,1225000,1502900,16000032,2,1
i64,common,sorted,1000000,production,0,1878600,,,,,32,1,1
i64,common,sorted,1000000,C,1,1287900,535400,247700,0,504200,32,1,1
i64,common,sorted,1000000,B,1,3438700,593900,1059600,690900,1093500,8000032,2,1
i64,common,sorted,1000000,A,1,6721500,926200,2794800,1243000,1756200,16000032,2,1
i64,common,sorted,1000000,production,1,1941900,,,,,32,1,1
i64,common,sorted,1000000,C,2,1356400,608000,276700,0,470900,32,1,1
i64,common,sorted,1000000,production,2,1464400,,,,,32,1,1
i64,common,sorted,1000000,B,2,3367300,560800,1031300,686500,1087900,8000032,2,1
i64,common,sorted,1000000,A,2,6269100,925700,2812400,1154600,1375200,16000032,2,1
i64,common,reverse,1000000,B,0,4208000,747000,1094500,1203600,1162000,8000032,2,1
i64,common,reverse,1000000,production,0,7836100,,,,,16000032,2,1
i64,common,reverse,1000000,A,0,8251500,1201500,3177200,1971700,1900100,16000032,2,1
i64,common,reverse,1000000,C,0,7536000,1108300,3000500,1869600,1556600,16000032,2,1
i64,common,reverse,1000000,B,1,4035700,1135900,1042900,834000,1021600,8000032,2,1
i64,common,reverse,1000000,A,1,7337400,900100,2930100,2008200,1497900,16000032,2,1
i64,common,reverse,1000000,production,1,6992000,,,,,16000032,2,1
i64,common,reverse,1000000,C,1,7543900,1241800,2780100,1803900,1717200,16000032,2,1
i64,common,reverse,1000000,C,2,6744100,1111200,2882300,1607000,1142900,16000032,2,1
i64,common,reverse,1000000,A,2,6751200,1290200,2817200,1563500,1079500,16000032,2,1
i64,common,reverse,1000000,B,2,4692100,1281500,1163300,1120600,1125900,8000032,2,1
i64,common,reverse,1000000,production,2,6985100,,,,,16000032,2,1
i64,common,shuffled,1000000,production,0,28189300,,,,,16000032,2,1
i64,common,shuffled,1000000,B,0,41264700,884400,1097300,35903000,3379200,8000032,2,1
i64,common,shuffled,1000000,C,0,27897900,662500,3008700,22506400,1719400,16000032,2,1
i64,common,shuffled,1000000,A,0,28166600,928000,2862000,22593700,1782000,16000032,2,1
i64,common,shuffled,1000000,production,1,27880300,,,,,16000032,2,1
i64,common,shuffled,1000000,A,1,29147600,1221000,3227800,22996300,1701600,16000032,2,1
i64,common,shuffled,1000000,C,1,29535300,952300,3099700,23695600,1786400,16000032,2,1
i64,common,shuffled,1000000,B,1,43056800,954300,1204600,37219700,3677000,8000032,2,1
i64,common,shuffled,1000000,A,2,29147800,991900,3030000,23412500,1712100,16000032,2,1
i64,common,shuffled,1000000,B,2,42796100,1001800,1158200,36945300,3689900,8000032,2,1
i64,common,shuffled,1000000,production,2,28737300,,,,,16000032,2,1
i64,common,shuffled,1000000,C,2,28853500,1031500,2947100,23218900,1655300,16000032,2,1
i64,sparse,sorted,1000000,B,0,8575600,846000,1054000,646900,6027500,16388608,20,726223
i64,sparse,sorted,1000000,C,0,6361800,858300,255200,0,5247000,8388608,19,726223
i64,sparse,sorted,1000000,production,0,6662400,,,,,8388608,19,726223
i64,sparse,sorted,1000000,A,0,10915700,847200,2912900,1154200,6000300,24388608,20,726223
i64,sparse,sorted,1000000,production,1,6625400,,,,,8388608,19,726223
i64,sparse,sorted,1000000,A,1,10735300,789400,2820100,1155200,5969700,24388608,20,726223
i64,sparse,sorted,1000000,B,1,8929100,1050400,1112600,734000,6031100,16388608,20,726223
i64,sparse,sorted,1000000,C,1,6516000,884700,241900,0,5388400,8388608,19,726223
i64,sparse,sorted,1000000,C,2,6910400,986100,381700,0,5541700,8388608,19,726223
i64,sparse,sorted,1000000,production,2,6835000,,,,,8388608,19,726223
i64,sparse,sorted,1000000,A,2,11475000,1034300,3112000,1220600,6107300,24388608,20,726223
i64,sparse,sorted,1000000,B,2,8850200,970600,1067300,702400,6109000,16388608,20,726223
i64,sparse,reverse,1000000,A,0,34548600,897900,2948000,24226300,6475000,24388608,20,726223
i64,sparse,reverse,1000000,production,0,32928900,,,,,24388608,20,726223
i64,sparse,reverse,1000000,C,0,32933300,912100,2900200,22631100,6488400,24388608,20,726223
i64,sparse,reverse,1000000,B,0,37810500,898300,1141900,29397900,6371400,16388608,20,726223
i64,sparse,reverse,1000000,C,1,36063100,976900,3332500,25126800,6624600,24388608,20,726223
i64,sparse,reverse,1000000,A,1,36872600,1171600,3811300,25266900,6621100,24388608,20,726223
i64,sparse,reverse,1000000,B,1,39421900,1065200,1169300,30487500,6698300,16388608,20,726223
i64,sparse,reverse,1000000,production,1,39169500,,,,,24388608,20,726223
i64,sparse,reverse,1000000,B,2,45906900,1786800,2074000,34458100,7585800,16388608,20,726223
i64,sparse,reverse,1000000,C,2,38387000,1732400,5254600,24806600,6591900,24388608,20,726223
i64,sparse,reverse,1000000,A,2,34302200,1066400,3248500,23442400,6543500,24388608,20,726223
i64,sparse,reverse,1000000,production,2,35464800,,,,,24388608,20,726223
i64,sparse,shuffled,1000000,A,0,33893900,973200,3140500,23104400,6674000,24388608,20,726223
i64,sparse,shuffled,1000000,production,0,34508200,,,,,24388608,20,726223
i64,sparse,shuffled,1000000,B,0,59390000,867400,1120000,37608400,19793200,16388608,20,726223
i64,sparse,shuffled,1000000,C,0,35046500,1100000,3263500,24248300,6433100,24388608,20,726223
i64,sparse,shuffled,1000000,production,1,36572500,,,,,24388608,20,726223
i64,sparse,shuffled,1000000,C,1,37373500,1091600,3468000,25452200,7359200,24388608,20,726223
i64,sparse,shuffled,1000000,A,1,39051100,1072900,3641200,26429000,7905500,24388608,20,726223
i64,sparse,shuffled,1000000,B,1,68378300,1771900,1522600,43583000,21498700,16388608,20,726223
i64,sparse,shuffled,1000000,B,2,59452800,841800,1189700,37862300,19557900,16388608,20,726223
i64,sparse,shuffled,1000000,production,2,34850800,,,,,24388608,20,726223
i64,sparse,shuffled,1000000,A,2,34293000,999900,3110700,23662100,6518400,24388608,20,726223
i64,sparse,shuffled,1000000,C,2,34245700,906500,2944100,23778800,6614700,24388608,20,726223
i64,dense,sorted,1000000,A,0,6492600,747300,2940400,1178100,1625900,16016384,11,1775
i64,dense,sorted,1000000,production,0,2191000,,,,,16384,10,1775
i64,dense,sorted,1000000,B,0,3861800,853500,1084400,751800,1170400,8016384,11,1775
i64,dense,sorted,1000000,C,0,1858200,941600,272000,0,643900,16384,10,1775
i64,dense,sorted,1000000,production,1,1820500,,,,,16384,10,1775
i64,dense,sorted,1000000,B,1,4175100,702100,1158700,846500,1466800,8016384,11,1775
i64,dense,sorted,1000000,C,1,1710000,880300,256400,0,572500,16384,10,1775
i64,dense,sorted,1000000,A,1,6903900,591800,3302400,1303500,1705200,16016384,11,1775
i64,dense,sorted,1000000,B,2,3788200,855200,1095700,684700,1151800,8016384,11,1775
i64,dense,sorted,1000000,C,2,1775700,929700,286600,0,558800,16384,10,1775
i64,dense,sorted,1000000,production,2,1579700,,,,,16384,10,1775
i64,dense,sorted,1000000,A,2,6464400,538000,2779000,1300100,1846200,16016384,11,1775
date32,dense,sorted,1000000,production,0,866900,,,,,8192,10,1775
date32,dense,sorted,1000000,B,0,3070000,488400,1062900,578000,940100,8008192,11,1775
date32,dense,sorted,1000000,C,0,1429000,528400,74600,0,825800,8192,10,1775
date32,dense,sorted,1000000,A,0,3261500,559900,1389200,608900,702800,8008192,11,1775
date32,dense,sorted,1000000,C,1,1479600,576100,123300,0,779900,8192,10,1775
date32,dense,sorted,1000000,A,1,2910000,486200,1155700,580800,687000,8008192,11,1775
date32,dense,sorted,1000000,production,1,989200,,,,,8192,10,1775
date32,dense,sorted,1000000,B,1,3103300,488200,1101300,605900,907400,8008192,11,1775
date32,dense,sorted,1000000,production,2,915900,,,,,8192,10,1775
date32,dense,sorted,1000000,B,2,3216900,483000,1081400,695700,956300,8008192,11,1775
date32,dense,sorted,1000000,C,2,1632900,681300,159100,0,792100,8192,10,1775
date32,dense,sorted,1000000,A,2,3104900,504600,1276200,589500,733800,8008192,11,1775
i64,dense,reverse,1000000,B,0,33787900,873300,1153300,30170300,1589500,8016384,11,1775
i64,dense,reverse,1000000,C,0,30929800,868100,3253600,24525200,2281200,16016384,11,1775
i64,dense,reverse,1000000,production,0,32026400,,,,,16016384,11,1775
i64,dense,reverse,1000000,A,0,31017500,1064000,3559000,24309400,2083700,16016384,11,1775
i64,dense,reverse,1000000,A,1,29905600,1014400,3291800,23587700,2010400,16016384,11,1775
i64,dense,reverse,1000000,production,1,31439700,,,,,16016384,11,1775
i64,dense,reverse,1000000,B,1,37996400,1553900,1910700,32402400,2127800,8016384,11,1775
i64,dense,reverse,1000000,C,1,31960900,1447900,3923400,24251600,2336800,16016384,11,1775
i64,dense,reverse,1000000,production,2,30742700,,,,,16016384,11,1775
i64,dense,reverse,1000000,A,2,31804300,1263900,3413900,25107600,2017100,16016384,11,1775
i64,dense,reverse,1000000,B,2,34484700,1002000,1133700,30708800,1638700,8016384,11,1775
i64,dense,reverse,1000000,C,2,31748400,885300,4094000,24786900,1980900,16016384,11,1775
date32,dense,reverse,1000000,production,0,21246100,,,,,8008192,11,1775
date32,dense,reverse,1000000,B,0,31581700,731400,1071800,28566400,1211200,8008192,11,1775
date32,dense,reverse,1000000,A,0,20564900,606200,1225800,17652900,1078600,8008192,11,1775
date32,dense,reverse,1000000,C,0,25260300,869300,1645400,21235700,1508400,8008192,11,1775
date32,dense,reverse,1000000,B,1,36941400,1023900,1485500,32868500,1562600,8008192,11,1775
date32,dense,reverse,1000000,production,1,22339100,,,,,8008192,11,1775
date32,dense,reverse,1000000,C,1,21369300,795600,1615500,17932700,1024300,8008192,11,1775
date32,dense,reverse,1000000,A,1,20412200,758400,1220000,17449500,983300,8008192,11,1775
date32,dense,reverse,1000000,C,2,21107000,869200,1503200,17900700,833200,8008192,11,1775
date32,dense,reverse,1000000,B,2,31826500,751900,1165200,28664300,1244000,8008192,11,1775
date32,dense,reverse,1000000,A,2,20193000,648900,1303100,17464300,775800,8008192,11,1775
date32,dense,reverse,1000000,production,2,20071600,,,,,8008192,11,1775
i64,dense,shuffled,1000000,production,0,28828700,,,,,16016384,11,1775
i64,dense,shuffled,1000000,B,0,57346600,2079000,1656900,48204400,5404700,8016384,11,1775
i64,dense,shuffled,1000000,C,0,30544100,837600,3655700,24297100,1752500,16016384,11,1775
i64,dense,shuffled,1000000,A,0,29525500,899000,2991100,23716400,1918000,16016384,11,1775
i64,dense,shuffled,1000000,B,1,42875300,920000,1179400,37063800,3710800,8016384,11,1775
i64,dense,shuffled,1000000,A,1,28427300,850500,2881800,23002700,1691300,16016384,11,1775
i64,dense,shuffled,1000000,production,1,29058200,,,,,16016384,11,1775
i64,dense,shuffled,1000000,C,1,28687400,894700,2958900,22937300,1895300,16016384,11,1775
i64,dense,shuffled,1000000,C,2,27851200,876400,2847900,22442400,1683400,16016384,11,1775
i64,dense,shuffled,1000000,B,2,42870400,977100,1166400,36551800,4173800,8016384,11,1775
i64,dense,shuffled,1000000,A,2,29656700,886100,3175400,23643500,1950500,16016384,11,1775
i64,dense,shuffled,1000000,production,2,29504300,,,,,16016384,11,1775
date32,dense,shuffled,1000000,C,0,23384300,573100,1505800,20002500,1301000,8008192,11,1775
date32,dense,shuffled,1000000,A,0,26291100,956000,1766800,21970700,1596000,8008192,11,1775
date32,dense,shuffled,1000000,B,0,45035300,1054300,1877400,39198900,2903500,8008192,11,1775
date32,dense,shuffled,1000000,production,0,21795000,,,,,8008192,11,1775
date32,dense,shuffled,1000000,production,1,22058700,,,,,8008192,11,1775
date32,dense,shuffled,1000000,A,1,21849900,683300,1389200,18801300,975400,8008192,11,1775
date32,dense,shuffled,1000000,C,1,21501100,633900,1349200,18630200,887100,8008192,11,1775
date32,dense,shuffled,1000000,B,1,40859700,755200,1457800,35421500,3223800,8008192,11,1775
date32,dense,shuffled,1000000,production,2,21425700,,,,,8008192,11,1775
date32,dense,shuffled,1000000,B,2,40098100,613700,1149200,35576000,2757900,8008192,11,1775
date32,dense,shuffled,1000000,A,2,22118700,562800,1664100,18928900,961700,8008192,11,1775
date32,dense,shuffled,1000000,C,2,21788600,609800,1406300,18817100,954600,8008192,11,1775
i64,nested,sorted,1000000,B,0,4499000,906800,1179800,1137500,1274300,8000032,2,1
i64,nested,sorted,1000000,C,0,1914200,926200,384000,0,603300,32,1,1
i64,nested,sorted,1000000,production,0,2000300,,,,,32,1,1
i64,nested,sorted,1000000,A,0,7834300,1324400,3461400,1314800,1732500,16000032,2,1
i64,nested,sorted,1000000,C,1,2198900,999300,514600,0,683700,32,1,1
i64,nested,sorted,1000000,A,1,8422700,970400,3787900,1403300,2259400,16000032,2,1
i64,nested,sorted,1000000,production,1,3362600,,,,,32,1,1
i64,nested,sorted,1000000,B,1,6226200,1266800,1503800,1536000,1918600,8000032,2,1
i64,nested,sorted,1000000,production,2,3793100,,,,,32,1,1
i64,nested,sorted,1000000,B,2,8093900,1491700,2440300,2096600,2063900,8000032,2,1
i64,nested,sorted,1000000,A,2,10444300,1512600,4233300,1986600,2709900,16000032,2,1
i64,nested,sorted,1000000,C,2,4781100,3024000,730200,0,1025200,32,1,1
i64,nested,reverse,1000000,C,0,8266000,830700,3210400,2494800,1729200,16000032,2,1
i64,nested,reverse,1000000,B,0,4704700,1135900,1114000,1188700,1265100,8000032,2,1
i64,nested,reverse,1000000,production,0,8040500,,,,,16000032,2,1
i64,nested,reverse,1000000,A,0,8661400,1416200,3270800,2204400,1768400,16000032,2,1
i64,nested,reverse,1000000,B,1,5344300,1283700,1291500,1427700,1340200,8000032,2,1
i64,nested,reverse,1000000,C,1,9730500,1247500,3805000,2683700,1992900,16000032,2,1
i64,nested,reverse,1000000,A,1,8779600,1248000,3547600,2161200,1820600,16000032,2,1
i64,nested,reverse,1000000,production,1,9166100,,,,,16000032,2,1
i64,nested,reverse,1000000,A,2,9059300,1185100,3386500,2291700,2194200,16000032,2,1
i64,nested,reverse,1000000,B,2,5523000,1397700,1258800,1475000,1390300,8000032,2,1
i64,nested,reverse,1000000,production,2,8104500,,,,,16000032,2,1
i64,nested,reverse,1000000,C,2,8830900,1295400,3834600,2021500,1678200,16000032,2,1
i64,nested,shuffled,1000000,B,0,48404700,959100,1128700,41671900,4643900,8000032,2,1
i64,nested,shuffled,1000000,C,0,29805900,839000,3079800,23942900,1942900,16000032,2,1
i64,nested,shuffled,1000000,A,0,30759300,1003400,3485500,24293300,1976000,16000032,2,1
i64,nested,shuffled,1000000,production,0,31144000,,,,,16000032,2,1
i64,nested,shuffled,1000000,A,1,29833000,896100,2989000,24099800,1847100,16000032,2,1
i64,nested,shuffled,1000000,B,1,47062700,888400,1128200,39266700,5778200,8000032,2,1
i64,nested,shuffled,1000000,production,1,30328200,,,,,16000032,2,1
i64,nested,shuffled,1000000,C,1,31188500,1324000,3336000,24669200,1858200,16000032,2,1
i64,nested,shuffled,1000000,B,2,48386200,936800,1129500,41244000,5074900,8000032,2,1
i64,nested,shuffled,1000000,C,2,30869000,803800,3164200,24947600,1951800,16000032,2,1
i64,nested,shuffled,1000000,production,2,31010100,,,,,16000032,2,1
i64,nested,shuffled,1000000,A,2,30875500,969000,3204800,24767700,1932900,16000032,2,1
i64,touching,sorted,1000000,C,0,5342700,1072500,315300,0,3953700,8388608,19,1000000
i64,touching,sorted,1000000,B,0,7948400,905000,1268200,1107200,4667200,16388608,20,1000000
i64,touching,sorted,1000000,A,0,10740500,1185600,3275000,1283100,4995500,24388608,20,1000000
i64,touching,sorted,1000000,production,0,5079400,,,,,8388608,19,1000000
i64,touching,sorted,1000000,production,1,5344900,,,,,8388608,19,1000000
i64,touching,sorted,1000000,A,1,10229700,979300,3203000,1247800,4798000,24388608,20,1000000
i64,touching,sorted,1000000,B,1,7649700,927300,1130000,746800,4844600,16388608,20,1000000
i64,touching,sorted,1000000,C,1,5295600,872400,268500,0,4153300,8388608,19,1000000
i64,touching,sorted,1000000,C,2,5649700,1029700,388800,0,4229600,8388608,19,1000000
i64,touching,sorted,1000000,B,2,9058400,1296300,1221800,1052400,5486700,16388608,20,1000000
i64,touching,sorted,1000000,A,2,10706700,1088200,3173500,1321200,5122400,24388608,20,1000000
i64,touching,sorted,1000000,production,2,5167900,,,,,8388608,19,1000000
i64,touching,reverse,1000000,C,0,10639900,826700,2855100,2244200,4712400,24388608,20,1000000
i64,touching,reverse,1000000,A,0,10222100,858500,2839700,1687900,4834600,24388608,20,1000000
i64,touching,reverse,1000000,production,0,9962800,,,,,24388608,20,1000000
i64,touching,reverse,1000000,B,0,7796400,845300,1053200,1258200,4638400,16388608,20,1000000
i64,touching,reverse,1000000,A,1,9771900,835700,2793800,1599500,4540900,24388608,20,1000000
i64,touching,reverse,1000000,B,1,7458700,850900,1101700,887400,4617700,16388608,20,1000000
i64,touching,reverse,1000000,production,1,10313000,,,,,24388608,20,1000000
i64,touching,reverse,1000000,C,1,9971500,916200,2880600,1599300,4574300,24388608,20,1000000
i64,touching,reverse,1000000,B,2,7946500,1113000,1197500,1150400,4484100,16388608,20,1000000
i64,touching,reverse,1000000,production,2,10164700,,,,,24388608,20,1000000
i64,touching,reverse,1000000,C,2,9848300,835200,2806200,1643500,4562200,24388608,20,1000000
i64,touching,reverse,1000000,A,2,10253800,854300,3103000,1712300,4582900,24388608,20,1000000
i64,touching,shuffled,1000000,A,0,31492000,933700,2797500,23100700,4658400,24388608,20,1000000
i64,touching,shuffled,1000000,B,0,59334600,902300,1056700,38915300,18459000,16388608,20,1000000
i64,touching,shuffled,1000000,C,0,32991100,925300,2970400,23923100,5170900,24388608,20,1000000
i64,touching,shuffled,1000000,production,0,33090100,,,,,24388608,20,1000000
i64,touching,shuffled,1000000,production,1,32675300,,,,,24388608,20,1000000
i64,touching,shuffled,1000000,C,1,32246400,867400,2793700,23595700,4988300,24388608,20,1000000
i64,touching,shuffled,1000000,B,1,56160900,882800,1087100,36965600,17224100,16388608,20,1000000
i64,touching,shuffled,1000000,A,1,32156400,845900,2959500,23599500,4750500,24388608,20,1000000
i64,touching,shuffled,1000000,A,2,31805700,914600,2837400,23302800,4749600,24388608,20,1000000
i64,touching,shuffled,1000000,C,2,31475500,885900,2879600,23057700,4651000,24388608,20,1000000
i64,touching,shuffled,1000000,production,2,31553100,,,,,24388608,20,1000000
i64,touching,shuffled,1000000,B,2,60000900,939900,1121300,39984900,17953900,16388608,20,1000000
i64,staircase,sorted,1000000,B,0,6590400,1004800,1127000,1029600,3427600,12194304,19,500000
i64,staircase,sorted,1000000,production,0,4507100,,,,,4194304,18,500000
i64,staircase,sorted,1000000,C,0,3973400,1050400,430700,0,2490900,4194304,18,500000
i64,staircase,sorted,1000000,A,0,9399700,1024300,3270900,1308900,3793700,20194304,19,500000
i64,staircase,sorted,1000000,A,1,8999500,1085000,3106800,1307600,3498600,20194304,19,500000
i64,staircase,sorted,1000000,C,1,3786800,953000,393200,0,2439600,4194304,18,500000
i64,staircase,sorted,1000000,B,1,6780500,1144900,1288500,1076600,3269700,12194304,19,500000
i64,staircase,sorted,1000000,production,1,3928600,,,,,4194304,18,500000
i64,staircase,sorted,1000000,B,2,7139100,1164100,1330500,1145000,3498500,12194304,19,500000
i64,staircase,sorted,1000000,production,2,4072100,,,,,4194304,18,500000
i64,staircase,sorted,1000000,C,2,4139800,1053300,514000,0,2571300,4194304,18,500000
i64,staircase,sorted,1000000,A,2,9403100,902000,3289500,1596900,3612900,20194304,19,500000
i64,staircase,reverse,1000000,C,0,9520000,983600,3010500,2143400,3381000,20194304,19,500000
i64,staircase,reverse,1000000,B,0,6882700,1289200,1220500,1207400,3164400,12194304,19,500000
i64,staircase,reverse,1000000,A,0,10127000,913800,3420600,1902700,3888400,20194304,19,500000
i64,staircase,reverse,1000000,production,0,9213400,,,,,20194304,19,500000
i64,staircase,reverse,1000000,C,1,9738700,1023900,2975300,2407000,3330900,20194304,19,500000
i64,staircase,reverse,1000000,A,1,8655500,932700,2918800,1713300,3089600,20194304,19,500000
i64,staircase,reverse,1000000,production,1,8978600,,,,,20194304,19,500000
i64,staircase,reverse,1000000,B,1,5864300,945000,1054300,823000,3040900,12194304,19,500000
i64,staircase,reverse,1000000,C,2,9109400,786300,3038800,1744000,3539000,20194304,19,500000
i64,staircase,reverse,1000000,production,2,8724600,,,,,20194304,19,500000
i64,staircase,reverse,1000000,A,2,8727900,1004300,2972000,1641300,3108500,20194304,19,500000
i64,staircase,reverse,1000000,B,2,5862000,943800,1120700,827200,2969400,12194304,19,500000
i64,staircase,shuffled,1000000,production,0,29857600,,,,,20194304,19,500000
i64,staircase,shuffled,1000000,C,0,29943600,907000,2869800,22651700,3513700,20194304,19,500000
i64,staircase,shuffled,1000000,B,0,49620400,878800,1100100,35857400,11783200,12194304,19,500000
i64,staircase,shuffled,1000000,A,0,29665000,810200,2886000,22536600,3431000,20194304,19,500000
i64,staircase,shuffled,1000000,A,1,29621400,926700,2877400,22627900,3188300,20194304,19,500000
i64,staircase,shuffled,1000000,production,1,29962000,,,,,20194304,19,500000
i64,staircase,shuffled,1000000,C,1,31149800,900400,2884700,23319200,4044200,20194304,19,500000
i64,staircase,shuffled,1000000,B,1,52692100,1315700,1312200,37753500,12309200,12194304,19,500000
i64,staircase,shuffled,1000000,A,2,30883300,831200,3261100,23538700,3250800,20194304,19,500000
i64,staircase,shuffled,1000000,C,2,31254100,940700,2857000,24217300,3237700,20194304,19,500000
i64,staircase,shuffled,1000000,production,2,29797600,,,,,20194304,19,500000
i64,staircase,shuffled,1000000,B,2,50456600,924600,1075600,36792700,11662600,12194304,19,500000
i64,identical,sorted,1000000,B,0,4920600,941400,1295400,1267700,1414800,8000032,2,1
i64,identical,sorted,1000000,production,0,2249100,,,,,32,1,1
i64,identical,sorted,1000000,A,0,6258200,603700,2975600,1231700,1446100,16000032,2,1
i64,identical,sorted,1000000,C,0,1926100,946100,378300,0,601100,32,1,1
i64,identical,sorted,1000000,production,1,1835000,,,,,32,1,1
i64,identical,sorted,1000000,C,1,2102800,931900,480900,0,689100,32,1,1
i64,identical,sorted,1000000,B,1,4088800,795200,1153500,952500,1186600,8000032,2,1
i64,identical,sorted,1000000,A,1,6705700,965500,2966900,1157100,1615100,16000032,2,1
i64,identical,sorted,1000000,B,2,4452500,906800,1090400,912000,1542700,8000032,2,1
i64,identical,sorted,1000000,A,2,7468000,1141800,3208800,1314800,1801500,16000032,2,1
i64,identical,sorted,1000000,C,2,2002200,965600,389400,0,646500,32,1,1
i64,identical,sorted,1000000,production,2,1925100,,,,,32,1,1
date32,identical,sorted,1000000,C,0,1330200,511900,74900,0,742800,16,1,1
date32,identical,sorted,1000000,B,0,3145900,494100,1095500,593700,961900,8000016,2,1
date32,identical,sorted,1000000,production,0,991300,,,,,16,1,1
date32,identical,sorted,1000000,A,0,2999800,496700,1239400,584400,678600,8000016,2,1
date32,identical,sorted,1000000,A,1,3276700,650200,1281400,633300,711000,8000016,2,1
date32,identical,sorted,1000000,B,1,3778500,637700,1302400,824900,1013000,8000016,2,1
date32,identical,sorted,1000000,C,1,1564200,696800,106300,0,760700,16,1,1
date32,identical,sorted,1000000,production,1,891800,,,,,16,1,1
date32,identical,sorted,1000000,B,2,3256300,502200,1123700,658900,970600,8000016,2,1
date32,identical,sorted,1000000,production,2,1030600,,,,,16,1,1
date32,identical,sorted,1000000,A,2,3108300,497100,1266300,628400,715900,8000016,2,1
date32,identical,sorted,1000000,C,2,1459500,572900,130500,0,755600,16,1,1
i64,identical,reverse,1000000,B,0,3421600,489300,1148000,693300,1090000,8000032,2,1
i64,identical,reverse,1000000,production,0,1986000,,,,,32,1,1
i64,identical,reverse,1000000,C,0,1509700,574300,378800,0,555500,32,1,1
i64,identical,reverse,1000000,A,0,6260300,592200,3086800,1171900,1408200,16000032,2,1
i64,identical,reverse,1000000,A,1,6553200,867400,3114900,1166700,1403200,16000032,2,1
i64,identical,reverse,1000000,B,1,3640300,876600,1060600,673300,1028900,8000032,2,1
i64,identical,reverse,1000000,C,1,2066500,948600,400400,0,716800,32,1,1
i64,identical,reverse,1000000,production,1,1747300,,,,,32,1,1
i64,identical,reverse,1000000,B,2,3547400,622900,1073600,682500,1167700,8000032,2,1
i64,identical,reverse,1000000,A,2,6527300,1014300,2830300,1135600,1546100,16000032,2,1
i64,identical,reverse,1000000,production,2,1728200,,,,,32,1,1
i64,identical,reverse,1000000,C,2,1287400,567700,272100,0,447100,32,1,1
date32,identical,reverse,1000000,A,0,3100100,501000,1293100,610900,694300,8000016,2,1
date32,identical,reverse,1000000,C,0,1470300,608900,113400,0,747600,16,1,1
date32,identical,reverse,1000000,B,0,3144000,516200,1088300,618600,920400,8000016,2,1
date32,identical,reverse,1000000,production,0,898300,,,,,16,1,1
date32,identical,reverse,1000000,C,1,1297700,493700,76900,0,727000,16,1,1
date32,identical,reverse,1000000,production,1,828600,,,,,16,1,1
date32,identical,reverse,1000000,B,1,3067800,480800,1119900,590700,875500,8000016,2,1
date32,identical,reverse,1000000,A,1,3555000,512800,1417300,877000,747100,8000016,2,1
date32,identical,reverse,1000000,production,2,1100100,,,,,16,1,1
date32,identical,reverse,1000000,B,2,3054400,508800,1073400,592900,878800,8000016,2,1
date32,identical,reverse,1000000,C,2,1333300,522900,79300,0,730900,16,1,1
date32,identical,reverse,1000000,A,2,2909700,494600,1204500,552900,657200,8000016,2,1
i64,identical,shuffled,1000000,production,0,1559900,,,,,32,1,1
i64,identical,shuffled,1000000,A,0,5862100,565200,2804300,1161100,1330500,16000032,2,1
i64,identical,shuffled,1000000,B,0,3851500,857200,1078100,833200,1082000,8000032,2,1
i64,identical,shuffled,1000000,C,0,1685400,925500,268300,0,490800,32,1,1
i64,identical,shuffled,1000000,A,1,6342600,487300,3192100,1179900,1482400,16000032,2,1
i64,identical,shuffled,1000000,production,1,1885900,,,,,32,1,1
i64,identical,shuffled,1000000,B,1,3443100,573600,1073000,666900,1128700,8000032,2,1
i64,identical,shuffled,1000000,C,1,1778200,966100,270900,0,540700,32,1,1
i64,identical,shuffled,1000000,B,2,3385700,550700,1088900,664000,1081300,8000032,2,1
i64,identical,shuffled,1000000,A,2,6616800,991500,3111900,1170700,1341800,16000032,2,1
i64,identical,shuffled,1000000,C,2,1743800,902600,280900,0,554300,32,1,1
i64,identical,shuffled,1000000,production,2,1607900,,,,,32,1,1
date32,identical,shuffled,1000000,production,0,806700,,,,,16,1,1
date32,identical,shuffled,1000000,C,0,1273700,479700,71700,0,722100,16,1,1
date32,identical,shuffled,1000000,A,0,2980100,481300,1246400,584100,667800,8000016,2,1
date32,identical,shuffled,1000000,B,0,3669600,533800,1376700,798800,959700,8000016,2,1
date32,identical,shuffled,1000000,production,1,896900,,,,,16,1,1
date32,identical,shuffled,1000000,B,1,3129000,478400,1196500,584000,869700,8000016,2,1
date32,identical,shuffled,1000000,A,1,2936500,527500,1218500,545000,644900,8000016,2,1
date32,identical,shuffled,1000000,C,1,1333800,515400,99400,0,718800,16,1,1
date32,identical,shuffled,1000000,A,2,2917900,478100,1196800,555400,687200,8000016,2,1
date32,identical,shuffled,1000000,B,2,3166900,537300,1135200,514800,978400,8000016,2,1
date32,identical,shuffled,1000000,production,2,1100700,,,,,16,1,1
date32,identical,shuffled,1000000,C,2,1346100,499000,74700,0,772200,16,1,1
i64,equal_ends,sorted,1000000,production,0,1803200,,,,,32,1,1
i64,equal_ends,sorted,1000000,A,0,6825200,770600,3326000,1197900,1529700,16000032,2,1
i64,equal_ends,sorted,1000000,B,0,3874900,1100700,1084600,661700,1027300,8000032,2,1
i64,equal_ends,sorted,1000000,C,0,2064000,1243500,270300,0,549400,32,1,1
i64,equal_ends,sorted,1000000,production,1,1969500,,,,,32,1,1
i64,equal_ends,sorted,1000000,C,1,1910300,909100,314300,0,686400,32,1,1
i64,equal_ends,sorted,1000000,B,1,5826500,1249000,1345600,1686100,1544000,8000032,2,1
i64,equal_ends,sorted,1000000,A,1,6592200,1166700,3034800,1137100,1252700,16000032,2,1
i64,equal_ends,sorted,1000000,production,2,2055100,,,,,32,1,1
i64,equal_ends,sorted,1000000,A,2,7096600,875200,2938000,1485400,1796800,16000032,2,1
i64,equal_ends,sorted,1000000,B,2,3980200,1130400,1109400,714200,1025400,8000032,2,1
i64,equal_ends,sorted,1000000,C,2,1927400,1158200,264500,0,504100,32,1,1
i64,equal_ends,reverse,1000000,A,0,6190500,587200,3056500,1157000,1388800,16000032,2,1
i64,equal_ends,reverse,1000000,B,0,3708100,904300,1104000,681500,1017600,8000032,2,1
i64,equal_ends,reverse,1000000,C,0,2422900,1296800,508300,0,617100,32,1,1
i64,equal_ends,reverse,1000000,production,0,1837700,,,,,32,1,1
i64,equal_ends,reverse,1000000,B,1,3744700,633200,1163700,858000,1089000,8000032,2,1
i64,equal_ends,reverse,1000000,production,1,1939800,,,,,32,1,1
i64,equal_ends,reverse,1000000,A,1,5920000,520600,2831100,1151000,1416100,16000032,2,1
i64,equal_ends,reverse,1000000,C,1,2034000,926800,410500,0,695900,32,1,1
i64,equal_ends,reverse,1000000,production,2,1872500,,,,,32,1,1
i64,equal_ends,reverse,1000000,C,2,1525600,726100,308000,0,490600,32,1,1
i64,equal_ends,reverse,1000000,A,2,6283500,553600,2931300,1257000,1540200,16000032,2,1
i64,equal_ends,reverse,1000000,B,2,3636100,887100,1088600,660400,999500,8000032,2,1
i64,equal_ends,shuffled,1000000,production,0,1591700,,,,,32,1,1
i64,equal_ends,shuffled,1000000,B,0,3744000,676300,1116900,807100,1142800,8000032,2,1
i64,equal_ends,shuffled,1000000,A,0,7374300,1460600,3175000,1225400,1512000,16000032,2,1
i64,equal_ends,shuffled,1000000,C,0,1775700,898300,283100,0,593500,32,1,1
i64,equal_ends,shuffled,1000000,C,1,1694500,673400,434500,0,585900,32,1,1
i64,equal_ends,shuffled,1000000,B,1,3790900,680900,1121900,834300,1153000,8000032,2,1
i64,equal_ends,shuffled,1000000,production,1,2136500,,,,,32,1,1
i64,equal_ends,shuffled,1000000,A,1,6520600,970300,3159600,1147200,1238300,16000032,2,1
i64,equal_ends,shuffled,1000000,C,2,2139200,1007000,401500,0,729700,32,1,1
i64,equal_ends,shuffled,1000000,B,2,3891200,764500,1077300,725300,1323300,8000032,2,1
i64,equal_ends,shuffled,1000000,production,2,2265500,,,,,32,1,1
i64,equal_ends,shuffled,1000000,A,2,7282800,757200,3560900,1286500,1677100,16000032,2,1
i64,equal_starts,sorted,1000000,production,0,2408000,,,,,32,1,1
i64,equal_starts,sorted,1000000,C,0,1847000,826700,395200,0,624400,32,1,1
i64,equal_starts,sorted,1000000,B,0,3943600,746300,1139900,937700,1118900,8000032,2,1
i64,equal_starts,sorted,1000000,A,0,6710200,856600,2989200,1282000,1581300,16000032,2,1
i64,equal_starts,sorted,1000000,production,1,2261000,,,,,32,1,1
i64,equal_starts,sorted,1000000,B,1,4462200,1019300,1273600,955400,1213200,8000032,2,1
i64,equal_starts,sorted,1000000,A,1,7388600,1035900,3218300,1470100,1663100,16000032,2,1
i64,equal_starts,sorted,1000000,C,1,1835100,914800,312900,0,606700,32,1,1
i64,equal_starts,sorted,1000000,C,2,1784100,743600,431200,0,608600,32,1,1
i64,equal_starts,sorted,1000000,production,2,2155600,,,,,32,1,1
i64,equal_starts,sorted,1000000,A,2,7070600,867900,3071100,1347300,1782900,16000032,2,1
i64,equal_starts,sorted,1000000,B,2,4734000,943900,1318000,1153400,1317700,8000032,2,1
i64,equal_starts,reverse,1000000,B,0,6533000,1743800,1679200,1713200,1395600,8000032,2,1
i64,equal_starts,reverse,1000000,production,0,12378700,,,,,16000032,2,1
i64,equal_starts,reverse,1000000,A,0,11227900,1817800,4275900,2993500,2139100,16000032,2,1
i64,equal_starts,reverse,1000000,C,0,12501200,3135800,4630000,2906400,1827300,16000032,2,1
i64,equal_starts,reverse,1000000,C,1,13089000,2072300,5233600,3444300,2337300,16000032,2,1
i64,equal_starts,reverse,1000000,A,1,12423900,1879400,4197300,3873800,2471000,16000032,2,1
i64,equal_starts,reverse,1000000,B,1,5825300,1782400,1488000,1295000,1258700,8000032,2,1
i64,equal_starts,reverse,1000000,production,1,10745800,,,,,16000032,2,1
i64,equal_starts,reverse,1000000,A,2,10158200,1793200,4135000,2425500,1803100,16000032,2,1
i64,equal_starts,reverse,1000000,B,2,6769400,1738200,1839400,1803800,1387100,8000032,2,1
i64,equal_starts,reverse,1000000,production,2,9401500,,,,,16000032,2,1
i64,equal_starts,reverse,1000000,C,2,9542300,1670100,4269400,2114000,1487300,16000032,2,1
i64,equal_starts,shuffled,1000000,C,0,29169800,674000,2902600,23772400,1819700,16000032,2,1
i64,equal_starts,shuffled,1000000,production,0,29596000,,,,,16000032,2,1
i64,equal_starts,shuffled,1000000,B,0,44774200,985300,1103400,38932200,3751800,8000032,2,1
i64,equal_starts,shuffled,1000000,A,0,29423200,723500,3074900,23742500,1880900,16000032,2,1
i64,equal_starts,shuffled,1000000,C,1,29676800,953800,3096200,23827100,1798300,16000032,2,1
i64,equal_starts,shuffled,1000000,A,1,28815700,956500,2911600,22813400,2132900,16000032,2,1
i64,equal_starts,shuffled,1000000,B,1,42075000,977500,1133900,36458800,3503900,8000032,2,1
i64,equal_starts,shuffled,1000000,production,1,27771200,,,,,16000032,2,1
i64,equal_starts,shuffled,1000000,C,2,28203600,990400,3051300,22565000,1595200,16000032,2,1
i64,equal_starts,shuffled,1000000,A,2,29116200,1313800,2993200,23133100,1674700,16000032,2,1
i64,equal_starts,shuffled,1000000,B,2,41769300,890100,1138900,36196900,3542600,8000032,2,1
i64,equal_starts,shuffled,1000000,production,2,27748400,,,,,16000032,2,1
i64,unit,sorted,1000000,C,0,4951600,860000,224000,0,3866500,8388608,19,951502
i64,unit,sorted,1000000,B,0,7219000,857400,1038300,678000,4644000,16388608,20,951502
i64,unit,sorted,1000000,production,0,5172400,,,,,8388608,19,951502
i64,unit,sorted,1000000,A,0,9751000,848000,2821200,1186800,4893800,24388608,20,951502
i64,unit,sorted,1000000,C,1,5010200,876800,275100,0,3857300,8388608,19,951502
i64,unit,sorted,1000000,B,1,7391000,853100,1131300,676200,4729700,16388608,20,951502
i64,unit,sorted,1000000,A,1,9808200,1036000,2924400,1148000,4699000,24388608,20,951502
i64,unit,sorted,1000000,production,1,5051100,,,,,8388608,19,951502
i64,unit,sorted,1000000,C,2,7845700,988100,354000,0,6501700,8388608,19,951502
i64,unit,sorted,1000000,B,2,12225900,1545600,1763300,1211000,7703200,16388608,20,951502
i64,unit,sorted,1000000,production,2,8504400,,,,,8388608,19,951502
i64,unit,sorted,1000000,A,2,16212400,1790500,4964500,2237100,7218700,24388608,20,951502
i64,unit,reverse,1000000,C,0,30084100,787900,2847000,21661700,4786000,24388608,20,951502
i64,unit,reverse,1000000,A,0,31088300,1158700,3022600,22011500,4894400,24388608,20,951502
i64,unit,reverse,1000000,B,0,35386400,913300,1062100,28298200,5111200,16388608,20,951502
i64,unit,reverse,1000000,production,0,30550400,,,,,24388608,20,951502
i64,unit,reverse,1000000,A,1,30433200,861500,2894700,21887700,4788100,24388608,20,951502
i64,unit,reverse,1000000,B,1,35308400,935900,1092000,28264500,5014900,16388608,20,951502
i64,unit,reverse,1000000,C,1,30633000,847200,2805200,21849700,5129800,24388608,20,951502
i64,unit,reverse,1000000,production,1,30420800,,,,,24388608,20,951502
i64,unit,reverse,1000000,production,2,30509000,,,,,24388608,20,951502
i64,unit,reverse,1000000,C,2,31034700,999500,2994200,22276900,4762900,24388608,20,951502
i64,unit,reverse,1000000,B,2,35626000,820800,1094700,28885200,4823900,16388608,20,951502
i64,unit,reverse,1000000,A,2,30904300,873700,2989100,22113000,4927400,24388608,20,951502
i64,unit,shuffled,1000000,production,0,31758800,,,,,24388608,20,951502
i64,unit,shuffled,1000000,A,0,32068100,873700,2840700,23422100,4930500,24388608,20,951502
i64,unit,shuffled,1000000,B,0,53762100,877800,1090300,35332100,16461300,16388608,20,951502
i64,unit,shuffled,1000000,C,0,31275300,978300,2868300,22570900,4856600,24388608,20,951502
i64,unit,shuffled,1000000,A,1,31074300,999300,3020600,22285500,4767800,24388608,20,951502
i64,unit,shuffled,1000000,B,1,55019100,881800,1096900,36760000,16279600,16388608,20,951502
i64,unit,shuffled,1000000,C,1,31059300,778300,2798200,22298700,5182800,24388608,20,951502
i64,unit,shuffled,1000000,production,1,30879900,,,,,24388608,20,951502
i64,unit,shuffled,1000000,C,2,32572400,921300,3256800,23486200,4906900,24388608,20,951502
i64,unit,shuffled,1000000,B,2,54661100,868400,1074900,36676500,16040000,16388608,20,951502
i64,unit,shuffled,1000000,A,2,31012200,835500,2810800,22459400,4905500,24388608,20,951502
i64,unit,shuffled,1000000,production,2,31034900,,,,,24388608,20,951502
i64,wide,sorted,1000000,production,0,1707700,,,,,32,1,1
i64,wide,sorted,1000000,A,0,5914100,569800,2796800,1135900,1410400,16000032,2,1
i64,wide,sorted,1000000,B,0,3789100,932400,1139700,679900,1036300,8000032,2,1
i64,wide,sorted,1000000,C,0,1860000,971400,286000,0,601600,32,1,1
i64,wide,sorted,1000000,C,1,1853900,834200,444400,0,574500,32,1,1
i64,wide,sorted,1000000,production,1,1750400,,,,,32,1,1
i64,wide,sorted,1000000,A,1,5923900,581000,2875800,1130000,1336500,16000032,2,1
i64,wide,sorted,1000000,B,1,3708300,893500,1142700,656700,1014800,8000032,2,1
i64,wide,sorted,1000000,production,2,2034300,,,,,32,1,1
i64,wide,sorted,1000000,C,2,1598100,630800,302100,0,664400,32,1,1
i64,wide,sorted,1000000,A,2,6217100,871000,2951800,1138900,1254500,16000032,2,1
i64,wide,sorted,1000000,B,2,3803500,883500,1103300,747600,1068400,8000032,2,1
i64,wide,reverse,1000000,A,0,28593200,748800,2915200,23285500,1642700,16000032,2,1
i64,wide,reverse,1000000,C,0,27108600,950200,2929700,21358000,1869300,16000032,2,1
i64,wide,reverse,1000000,production,0,27710600,,,,,16000032,2,1
i64,wide,reverse,1000000,B,0,31964900,1015500,1109600,28632000,1206800,8000032,2,1
i64,wide,reverse,1000000,C,1,27546300,746200,2808100,22274600,1716600,16000032,2,1
i64,wide,reverse,1000000,production,1,26985400,,,,,16000032,2,1
i64,wide,reverse,1000000,A,1,27742400,1041300,3083200,21788500,1828500,16000032,2,1
i64,wide,reverse,1000000,B,1,32144600,980700,1123100,28808100,1231600,8000032,2,1
i64,wide,reverse,1000000,C,2,27163300,747600,2764600,21796500,1854000,16000032,2,1
i64,wide,reverse,1000000,production,2,27515100,,,,,16000032,2,1
i64,wide,reverse,1000000,A,2,28093900,962500,3043700,22399400,1686800,16000032,2,1
i64,wide,reverse,1000000,B,2,31093500,929100,1120400,27833000,1210100,8000032,2,1
i64,wide,shuffled,1000000,A,0,27501800,675200,2852700,22269600,1703100,16000032,2,1
i64,wide,shuffled,1000000,B,0,43468000,1292700,1413000,37387800,3373500,8000032,2,1
i64,wide,shuffled,1000000,production,0,27828600,,,,,16000032,2,1
i64,wide,shuffled,1000000,C,0,27469700,879300,2860000,22097600,1631800,16000032,2,1
i64,wide,shuffled,1000000,C,1,28237700,1027000,3097400,22500200,1612200,16000032,2,1
i64,wide,shuffled,1000000,production,1,27992200,,,,,16000032,2,1
i64,wide,shuffled,1000000,A,1,27704600,875500,2879500,22347400,1601100,16000032,2,1
i64,wide,shuffled,1000000,B,1,41404800,1119100,1163800,35669200,3451600,8000032,2,1
i64,wide,shuffled,1000000,production,2,28569900,,,,,16000032,2,1
i64,wide,shuffled,1000000,B,2,42732600,988000,1071600,37093900,3578000,8000032,2,1
i64,wide,shuffled,1000000,A,2,29954800,682000,2983100,23962000,2326500,16000032,2,1
i64,wide,shuffled,1000000,C,2,32277100,1420700,4130300,24813600,1910400,16000032,2,1
i64,disjoint,sorted,3000000,A,0,31380100,2691900,9337300,3403900,15945700,81554432,22,3000000
i64,disjoint,sorted,3000000,B,0,25169100,2729400,3693400,2874800,15870400,57554432,22,3000000
i64,disjoint,sorted,3000000,C,0,17927300,2695500,1737400,0,13493000,33554432,21,3000000
i64,disjoint,sorted,3000000,production,0,17606500,,,,,33554432,21,3000000
i64,disjoint,sorted,3000000,production,1,17766500,,,,,33554432,21,3000000
i64,disjoint,sorted,3000000,B,1,24349700,2586400,3382700,2992600,15386800,57554432,22,3000000
i64,disjoint,sorted,3000000,C,1,17840100,2741800,1572000,0,13525000,33554432,21,3000000
i64,disjoint,sorted,3000000,A,1,31338700,2698500,9498200,3266900,15873600,81554432,22,3000000
i64,disjoint,sorted,3000000,C,2,17842900,2646100,1512500,0,13683300,33554432,21,3000000
i64,disjoint,sorted,3000000,B,2,24593700,2580400,3630900,3015100,15365900,57554432,22,3000000
i64,disjoint,sorted,3000000,A,2,31432800,2557700,9303000,3333300,16237200,81554432,22,3000000
i64,disjoint,sorted,3000000,production,2,24003400,,,,,33554432,21,3000000
date32,disjoint,sorted,3000000,C,0,10504100,1790300,597800,0,8114600,16777216,21,3000000
date32,disjoint,sorted,3000000,B,0,18314200,1810100,3344200,2532200,10626400,40777216,22,3000000
date32,disjoint,sorted,3000000,A,0,17495800,1700600,4250700,1944300,9598400,40777216,22,3000000
date32,disjoint,sorted,3000000,production,0,9992300,,,,,16777216,21,3000000
date32,disjoint,sorted,3000000,A,1,17324200,1696700,4170500,1954800,9500900,40777216,22,3000000
date32,disjoint,sorted,3000000,C,1,10589200,1695500,548500,0,8344300,16777216,21,3000000
date32,disjoint,sorted,3000000,B,1,18442100,2019000,3348100,2667500,10406200,40777216,22,3000000
date32,disjoint,sorted,3000000,production,1,10088200,,,,,16777216,21,3000000
date32,disjoint,sorted,3000000,B,2,17980200,1838100,3363500,2456200,10321000,40777216,22,3000000
date32,disjoint,sorted,3000000,A,2,17583500,1845400,4142900,1951000,9643200,40777216,22,3000000
date32,disjoint,sorted,3000000,production,2,10217200,,,,,16777216,21,3000000
date32,disjoint,sorted,3000000,C,2,10660800,1841600,653400,0,8159900,16777216,21,3000000
i64,disjoint,reverse,3000000,B,0,27652300,2795900,3502900,4729300,16621800,57554432,22,3000000
i64,disjoint,reverse,3000000,production,0,36172300,,,,,81554432,22,3000000
i64,disjoint,reverse,3000000,C,0,36914100,2975200,10153400,6999400,16784900,81554432,22,3000000
i64,disjoint,reverse,3000000,A,0,36185600,2965700,9425800,7759500,16032500,81554432,22,3000000
i64,disjoint,reverse,3000000,A,1,35430900,2745000,9755200,6552600,16376800,81554432,22,3000000
i64,disjoint,reverse,3000000,C,1,36584300,2831000,9854800,7113200,16782800,81554432,22,3000000
i64,disjoint,reverse,3000000,production,1,35196200,,,,,81554432,22,3000000
i64,disjoint,reverse,3000000,B,1,26760700,2720400,3312600,4761300,15965000,57554432,22,3000000
i64,disjoint,reverse,3000000,B,2,26388000,2614500,3187700,4460100,16124500,57554432,22,3000000
i64,disjoint,reverse,3000000,A,2,34243600,2649000,8912500,6817300,15863400,81554432,22,3000000
i64,disjoint,reverse,3000000,production,2,34264400,,,,,81554432,22,3000000
i64,disjoint,reverse,3000000,C,2,34392400,2583300,9349700,6363100,16094900,81554432,22,3000000
date32,disjoint,reverse,3000000,C,0,19675800,1906400,4247800,3413600,10106400,40777216,22,3000000
date32,disjoint,reverse,3000000,A,0,20258500,1710600,4290300,3440000,10816100,40777216,22,3000000
date32,disjoint,reverse,3000000,production,0,20371000,,,,,40777216,22,3000000
date32,disjoint,reverse,3000000,B,0,19662200,1808600,3214100,3765500,10872700,40777216,22,3000000
date32,disjoint,reverse,3000000,production,1,19204100,,,,,40777216,22,3000000
date32,disjoint,reverse,3000000,A,1,19506900,1677000,4170600,3701300,9956300,40777216,22,3000000
date32,disjoint,reverse,3000000,C,1,19741600,1887800,4625500,3471400,9755200,40777216,22,3000000
date32,disjoint,reverse,3000000,B,1,20394300,1789100,3368000,4123900,11112300,40777216,22,3000000
date32,disjoint,reverse,3000000,B,2,21332200,1807900,3733400,4982000,10807700,40777216,22,3000000
date32,disjoint,reverse,3000000,production,2,20638300,,,,,40777216,22,3000000
date32,disjoint,reverse,3000000,A,2,19566900,1755600,4278900,3581000,9949900,40777216,22,3000000
date32,disjoint,reverse,3000000,C,2,19304800,1772900,4125400,3744400,9661000,40777216,22,3000000
i64,disjoint,shuffled,3000000,A,0,109994100,2830900,9873300,81652800,15635200,81554432,22,3000000
i64,disjoint,shuffled,3000000,C,0,114987000,3015800,10577900,84796700,16595200,81554432,22,3000000
i64,disjoint,shuffled,3000000,production,0,115525100,,,,,81554432,22,3000000
i64,disjoint,shuffled,3000000,B,0,283331800,2964500,3876800,214149100,62340000,57554432,22,3000000
i64,disjoint,shuffled,3000000,C,1,106791900,2851400,9236900,78624700,16077500,81554432,22,3000000
i64,disjoint,shuffled,3000000,A,1,105835000,2576900,9676000,77637800,15942900,81554432,22,3000000
i64,disjoint,shuffled,3000000,B,1,292274700,2636700,3301700,219591300,66743600,57554432,22,3000000
i64,disjoint,shuffled,3000000,production,1,110086900,,,,,81554432,22,3000000
i64,disjoint,shuffled,3000000,A,2,108844900,2893700,9724800,79586500,16638600,81554432,22,3000000
i64,disjoint,shuffled,3000000,C,2,105644800,2837700,9508600,77402200,15894700,81554432,22,3000000
i64,disjoint,shuffled,3000000,B,2,273646800,2848100,3303900,205932500,61561100,57554432,22,3000000
i64,disjoint,shuffled,3000000,production,2,112718900,,,,,81554432,22,3000000
date32,disjoint,shuffled,3000000,C,0,74433100,1697800,4058300,58870900,9803600,40777216,22,3000000
date32,disjoint,shuffled,3000000,A,0,73742500,1719000,4185800,57878000,9958400,40777216,22,3000000
date32,disjoint,shuffled,3000000,B,0,254973100,1762000,3467600,184502700,65239600,40777216,22,3000000
date32,disjoint,shuffled,3000000,production,0,93711000,,,,,40777216,22,3000000
date32,disjoint,shuffled,3000000,B,1,268028600,2063700,4364400,203660300,57939000,40777216,22,3000000
date32,disjoint,shuffled,3000000,A,1,81204600,2014200,5025500,64269300,9894200,40777216,22,3000000
date32,disjoint,shuffled,3000000,production,1,76842400,,,,,40777216,22,3000000
date32,disjoint,shuffled,3000000,C,1,75920300,1774300,4646600,59455800,10042100,40777216,22,3000000
date32,disjoint,shuffled,3000000,C,2,73891500,1748400,4219400,58496900,9425300,40777216,22,3000000
date32,disjoint,shuffled,3000000,B,2,187970100,1822200,3306300,132629200,50211000,40777216,22,3000000
date32,disjoint,shuffled,3000000,A,2,74260500,1687100,4146500,59081900,9343700,40777216,22,3000000
date32,disjoint,shuffled,3000000,production,2,74841900,,,,,40777216,22,3000000
i64,common,sorted,3000000,B,0,13480500,2807100,3432600,3414800,3824800,24000032,2,1
i64,common,sorted,3000000,A,0,20177100,2583700,9289800,3465000,4837700,48000032,2,1
i64,common,sorted,3000000,production,0,6589600,,,,,32,1,1
i64,common,sorted,3000000,C,0,6435400,2949000,1607900,0,1877500,32,1,1
i64,common,sorted,3000000,A,1,20405000,2558600,9377500,3532400,4935300,48000032,2,1
i64,common,sorted,3000000,B,1,13348600,2696000,3593700,3440500,3617000,24000032,2,1
i64,common,sorted,3000000,production,1,6091500,,,,,32,1,1
i64,common,sorted,3000000,C,1,6373600,2586900,1868600,0,1917400,32,1,1
i64,common,sorted,3000000,B,2,12295000,2550000,3139900,3040400,3563900,24000032,2,1
i64,common,sorted,3000000,A,2,20063200,2902700,8875200,3304600,4979600,48000032,2,1
i64,common,sorted,3000000,production,2,6475800,,,,,32,1,1
i64,common,sorted,3000000,C,2,5998100,2640400,1524400,0,1832500,32,1,1
i64,common,reverse,3000000,A,0,23654200,2525600,9433800,6257500,5435700,48000032,2,1
i64,common,reverse,3000000,C,0,24320500,2699800,9621400,6855500,5142400,48000032,2,1
i64,common,reverse,3000000,production,0,24237000,,,,,48000032,2,1
i64,common,reverse,3000000,B,0,14340700,2745300,3242300,4247200,4104700,24000032,2,1
i64,common,reverse,3000000,C,1,23846300,2747100,9039300,6581900,5476200,48000032,2,1
i64,common,reverse,3000000,A,1,23459600,2570900,9283600,6330300,5273500,48000032,2,1
i64,common,reverse,3000000,B,1,14360800,2565400,3676700,4051600,4066100,24000032,2,1
i64,common,reverse,3000000,production,1,23447500,,,,,48000032,2,1
i64,common,reverse,3000000,C,2,23894200,2692100,8979600,6875500,5345500,48000032,2,1
i64,common,reverse,3000000,production,2,23704200,,,,,48000032,2,1
i64,common,reverse,3000000,B,2,14779200,2951900,3283100,4521600,4021400,24000032,2,1
i64,common,reverse,3000000,A,2,23779600,2542700,9152900,6554800,5527900,48000032,2,1
i64,common,shuffled,3000000,A,0,95582300,2552900,9513900,78111900,5402200,48000032,2,1
i64,common,shuffled,3000000,production,0,94426700,,,,,48000032,2,1
i64,common,shuffled,3000000,B,0,233832300,2940900,3275400,206264600,21349700,24000032,2,1
i64,common,shuffled,3000000,C,0,95105200,2956300,8936600,78159000,5052200,48000032,2,1
i64,common,shuffled,3000000,production,1,101905900,,,,,48000032,2,1
i64,common,shuffled,3000000,B,1,230170400,2638300,3629400,202398200,21503100,24000032,2,1
i64,common,shuffled,3000000,C,1,95553200,2571200,9102800,78502400,5375500,48000032,2,1
i64,common,shuffled,3000000,A,1,94211200,2594100,9165500,77152900,5297600,48000032,2,1
i64,common,shuffled,3000000,C,2,94215900,2927200,8987900,77281600,5018100,48000032,2,1
i64,common,shuffled,3000000,A,2,94790900,2680500,9085400,77441900,5581700,48000032,2,1
i64,common,shuffled,3000000,production,2,94164000,,,,,48000032,2,1
i64,common,shuffled,3000000,B,2,234435100,2835900,3281700,206855200,21461000,24000032,2,1
i64,sparse,sorted,3000000,A,0,35103000,2580300,9287400,3327000,19906700,81554432,22,2179386
i64,sparse,sorted,3000000,production,0,21962500,,,,,33554432,21,2179386
i64,sparse,sorted,3000000,C,0,22088700,2649000,1542300,0,17895900,33554432,21,2179386
i64,sparse,sorted,3000000,B,0,28542100,2754100,3162400,3234100,19390600,57554432,22,2179386
i64,sparse,sorted,3000000,production,1,22300600,,,,,33554432,21,2179386
i64,sparse,sorted,3000000,B,1,28708600,2788600,3282300,3071900,19564700,57554432,22,2179386
i64,sparse,sorted,3000000,A,1,43477800,3700900,11936800,4636000,23202400,81554432,22,2179386
i64,sparse,sorted,3000000,C,1,25851600,3744300,2202600,0,19903300,33554432,21,2179386
i64,sparse,sorted,3000000,B,2,29289000,2864100,3689000,3164900,19569900,57554432,22,2179386
i64,sparse,sorted,3000000,production,2,22065000,,,,,33554432,21,2179386
i64,sparse,sorted,3000000,A,2,34890200,2717700,8833900,3497000,19839600,81554432,22,2179386
i64,sparse,sorted,3000000,C,2,21629900,2616300,1529000,0,17483700,33554432,21,2179386
i64,sparse,reverse,3000000,A,0,110147400,2547500,9187000,78264900,20146200,81554432,22,2179386
i64,sparse,reverse,3000000,B,0,121068200,2580000,3471900,95010300,20004100,57554432,22,2179386
i64,sparse,reverse,3000000,production,0,111950900,,,,,81554432,22,2179386
i64,sparse,reverse,3000000,C,0,108047100,2688200,9226700,76140800,19990100,81554432,22,2179386
i64,sparse,reverse,3000000,A,1,108287000,2510300,8895300,76873100,20006900,81554432,22,2179386
i64,sparse,reverse,3000000,B,1,126913900,2549400,3840300,95660900,24861600,57554432,22,2179386
i64,sparse,reverse,3000000,production,1,111781200,,,,,81554432,22,2179386
i64,sparse,reverse,3000000,C,1,107565800,2565800,8919200,76340900,19738100,81554432,22,2179386
i64,sparse,reverse,3000000,B,2,117755700,2774600,3149800,92303700,19526400,57554432,22,2179386
i64,sparse,reverse,3000000,production,2,108475200,,,,,81554432,22,2179386
i64,sparse,reverse,3000000,C,2,109065400,2667600,9187800,77432800,19775400,81554432,22,2179386
i64,sparse,reverse,3000000,A,2,106938600,2634800,8959300,75372800,19970500,81554432,22,2179386
i64,sparse,shuffled,3000000,A,0,111592700,2622700,8928900,79506900,20532800,81554432,22,2179386
i64,sparse,shuffled,3000000,production,0,115020800,,,,,81554432,22,2179386
i64,sparse,shuffled,3000000,C,0,114156400,2663000,9467800,81508600,20515300,81554432,22,2179386
i64,sparse,shuffled,3000000,B,0,293553500,2679000,3393300,218218800,69261100,57554432,22,2179386
i64,sparse,shuffled,3000000,B,1,295259400,2645800,3176400,208786300,80649500,57554432,22,2179386
i64,sparse,shuffled,3000000,C,1,113769200,2821700,9622100,81037300,20286900,81554432,22,2179386
i64,sparse,shuffled,3000000,A,1,121605000,2983500,9746800,86208300,22665200,81554432,22,2179386
i64,sparse,shuffled,3000000,production,1,138417100,,,,,81554432,22,2179386
i64,sparse,shuffled,3000000,B,2,304433400,3067400,3229000,222940000,75195800,57554432,22,2179386
i64,sparse,shuffled,3000000,C,2,116479800,2557800,9651200,84061800,20207700,81554432,22,2179386
i64,sparse,shuffled,3000000,A,2,145071100,2576700,11301300,107827900,23363500,81554432,22,2179386
i64,sparse,shuffled,3000000,production,2,139169000,,,,,81554432,22,2179386
i64,dense,sorted,3000000,production,0,7795400,,,,,32768,11,3123
i64,dense,sorted,3000000,B,0,15344600,3069500,3948800,3170100,5154400,24032768,12,3123
i64,dense,sorted,3000000,C,0,7465500,3185600,1774400,0,2503500,32768,11,3123
i64,dense,sorted,3000000,A,0,22580800,2881800,10884200,3643500,5169400,48032768,12,3123
i64,dense,sorted,3000000,B,1,14605900,3434900,3652100,3162100,4355600,24032768,12,3123
i64,dense,sorted,3000000,C,1,7669100,2918000,1972200,0,2777500,32768,11,3123
i64,dense,sorted,3000000,A,1,22744600,2875900,10787800,3880300,5199000,48032768,12,3123
i64,dense,sorted,3000000,production,1,7152600,,,,,32768,11,3123
i64,dense,sorted,3000000,production,2,7439300,,,,,32768,11,3123
i64,dense,sorted,3000000,A,2,22500400,2842900,10784100,3679000,5192800,48032768,12,3123
i64,dense,sorted,3000000,C,2,9653800,3569100,2775800,0,3307000,32768,11,3123
i64,dense,sorted,3000000,B,2,21716500,4206900,4940200,6074600,6493000,24032768,12,3123
date32,dense,sorted,3000000,A,0,11744100,1720800,4404400,2735900,2881600,24016384,12,3123
date32,dense,sorted,3000000,B,0,11567200,1797800,3456000,2591300,3720900,24016384,12,3123
date32,dense,sorted,3000000,C,0,4554100,2350100,743200,0,1459900,16384,11,3123
date32,dense,sorted,3000000,production,0,3573100,,,,,16384,11,3123
date32,dense,sorted,3000000,B,1,11956300,1771100,3416800,2669900,4097000,24016384,12,3123
date32,dense,sorted,3000000,C,1,4002700,1796000,658200,0,1547700,16384,11,3123
date32,dense,sorted,3000000,A,1,11457400,1825200,4461400,2228500,2940700,24016384,12,3123
date32,dense,sorted,3000000,production,1,4125700,,,,,16384,11,3123
date32,dense,sorted,3000000,C,2,4126900,1783100,781600,0,1560800,16384,11,3123
date32,dense,sorted,3000000,production,2,4014000,,,,,16384,11,3123
date32,dense,sorted,3000000,A,2,12345000,2025500,4981300,2487500,2849200,24016384,12,3123
date32,dense,sorted,3000000,B,2,15056900,2829400,4552300,3631200,4042700,24016384,12,3123
i64,dense,reverse,3000000,C,0,106213000,2639600,9824900,87592200,6154600,48032768,12,3123
i64,dense,reverse,3000000,production,0,101577000,,,,,48032768,12,3123
i64,dense,reverse,3000000,A,0,98208100,2778300,9457300,80699600,5271500,48032768,12,3123
i64,dense,reverse,3000000,B,0,111147400,2765700,3876100,99140500,5363700,24032768,12,3123
i64,dense,reverse,3000000,production,1,118697700,,,,,48032768,12,3123
i64,dense,reverse,3000000,A,1,113719600,3404400,11508100,91817400,6988000,48032768,12,3123
i64,dense,reverse,3000000,B,1,113669500,3358300,4444300,101792500,4073200,24032768,12,3123
i64,dense,reverse,3000000,C,1,95460800,2465600,9456400,78042100,5495400,48032768,12,3123
i64,dense,reverse,3000000,A,2,95224300,2628900,8829500,78518000,5246500,48032768,12,3123
i64,dense,reverse,3000000,production,2,103894600,,,,,48032768,12,3123
i64,dense,reverse,3000000,C,2,100537500,2598300,9095400,83217300,5625200,48032768,12,3123
i64,dense,reverse,3000000,B,2,104632800,2858800,3460500,94108100,4203900,24032768,12,3123
date32,dense,reverse,3000000,A,0,71932700,1781300,4395200,62742900,3011800,24016384,12,3123
date32,dense,reverse,3000000,B,0,102228100,1943500,3464200,93028400,3791000,24016384,12,3123
date32,dense,reverse,3000000,C,0,68797100,1900400,4279400,59442400,3173400,24016384,12,3123
date32,dense,reverse,3000000,production,0,69200300,,,,,24016384,12,3123
date32,dense,reverse,3000000,B,1,106661300,2601000,4361800,95685600,4011800,24016384,12,3123
date32,dense,reverse,3000000,A,1,69146600,1892000,4514300,59673800,3065500,24016384,12,3123
date32,dense,reverse,3000000,production,1,67750600,,,,,24016384,12,3123
date32,dense,reverse,3000000,C,1,67582700,1874800,4435000,58385000,2886800,24016384,12,3123
date32,dense,reverse,3000000,production,2,71730400,,,,,24016384,12,3123
date32,dense,reverse,3000000,B,2,114684800,2426600,3630000,103137300,5489600,24016384,12,3123
date32,dense,reverse,3000000,C,2,84484700,2524300,5465400,73249400,3244100,24016384,12,3123
date32,dense,reverse,3000000,A,2,69974200,1933000,4316000,60746900,2977100,24016384,12,3123
i64,dense,shuffled,3000000,C,0,96424000,2518700,9390100,78746500,5767400,48032768,12,3123
i64,dense,shuffled,3000000,B,0,229805000,2620400,3219200,202435600,21528500,24032768,12,3123
i64,dense,shuffled,3000000,A,0,99305300,2730300,9585800,81542600,5445400,48032768,12,3123
i64,dense,shuffled,3000000,production,0,98273400,,,,,48032768,12,3123
i64,dense,shuffled,3000000,production,1,106892000,,,,,48032768,12,3123
i64,dense,shuffled,3000000,A,1,103083100,2797400,9308000,83746800,7229000,48032768,12,3123
i64,dense,shuffled,3000000,B,1,252136500,3545100,4374200,219747100,24468800,24032768,12,3123
i64,dense,shuffled,3000000,C,1,98532900,3264900,10331700,79631200,5304000,48032768,12,3123
i64,dense,shuffled,3000000,A,2,95870600,2589900,9173100,78545500,5560700,48032768,12,3123
i64,dense,shuffled,3000000,B,2,230367100,2615500,3348900,201924600,22476800,24032768,12,3123
i64,dense,shuffled,3000000,production,2,97634700,,,,,48032768,12,3123
i64,dense,shuffled,3000000,C,2,113836000,3129000,12871300,92007800,5826400,48032768,12,3123
date32,dense,shuffled,3000000,A,0,73130400,1677600,4209500,64093600,3148000,24016384,12,3123
date32,dense,shuffled,3000000,C,0,69105600,1971000,4348300,59842400,2943000,24016384,12,3123
date32,dense,shuffled,3000000,B,0,170125100,1910100,3329300,140032100,24850100,24016384,12,3123
date32,dense,shuffled,3000000,production,0,85203600,,,,,24016384,12,3123
date32,dense,shuffled,3000000,production,1,71190900,,,,,24016384,12,3123
date32,dense,shuffled,3000000,C,1,70123300,1947900,4347200,60877800,2948900,24016384,12,3123
date32,dense,shuffled,3000000,B,1,141800100,1877400,3566500,124397100,11958000,24016384,12,3123
date32,dense,shuffled,3000000,A,1,72228400,1869000,4401700,62702500,3253700,24016384,12,3123
date32,dense,shuffled,3000000,C,2,73624700,2203600,5152900,63337600,2929600,24016384,12,3123
date32,dense,shuffled,3000000,A,2,70122000,1984300,4269700,60896300,2970300,24016384,12,3123
date32,dense,shuffled,3000000,B,2,137664800,1925700,3351500,121840000,10546600,24016384,12,3123
date32,dense,shuffled,3000000,production,2,68938400,,,,,24016384,12,3123
i64,nested,sorted,3000000,B,0,12874000,2704300,3314800,3100600,3752800,24000032,2,1
i64,nested,sorted,3000000,A,0,19858500,2591700,9130800,3362300,4772400,48000032,2,1
i64,nested,sorted,3000000,production,0,6540400,,,,,32,1,1
i64,nested,sorted,3000000,C,0,6568800,2935100,1761500,0,1870700,32,1,1
i64,nested,sorted,3000000,production,1,6639400,,,,,32,1,1
i64,nested,sorted,3000000,B,1,15339000,2746800,4173200,3883100,4534100,24000032,2,1
i64,nested,sorted,3000000,A,1,21569600,2776500,9114400,3374100,6302900,48000032,2,1
i64,nested,sorted,3000000,C,1,8182500,3537100,1998000,0,2645600,32,1,1
i64,nested,sorted,3000000,C,2,7962100,3309800,2271600,0,2379300,32,1,1
i64,nested,sorted,3000000,B,2,12946400,2820700,3346500,3053500,3724600,24000032,2,1
i64,nested,sorted,3000000,production,2,6078500,,,,,32,1,1
i64,nested,sorted,3000000,A,2,21054400,2864500,9535600,3376600,5276200,48000032,2,1
i64,nested,reverse,3000000,B,0,16060400,2797100,3631600,5220000,4410300,24000032,2,1
i64,nested,reverse,3000000,C,0,23954500,2642500,9444000,6514800,5352000,48000032,2,1
i64,nested,reverse,3000000,A,0,24036200,2797900,9234300,6645000,5357100,48000032,2,1
i64,nested,reverse,3000000,production,0,24289600,,,,,48000032,2,1
i64,nested,reverse,3000000,C,1,24292800,2863100,9421400,6485000,5522000,48000032,2,1
i64,nested,reverse,3000000,A,1,23927700,2738800,9427100,6487200,5272600,48000032,2,1
i64,nested,reverse,3000000,production,1,24506500,,,,,48000032,2,1
i64,nested,reverse,3000000,B,1,15054200,2685500,3490300,4438000,4438600,24000032,2,1
i64,nested,reverse,3000000,A,2,23694200,2509000,9288900,6650800,5243800,48000032,2,1
i64,nested,reverse,3000000,B,2,14829500,2696600,3443400,4577900,4110000,24000032,2,1
i64,nested,reverse,3000000,C,2,23960500,2590000,9612800,6422200,5333800,48000032,2,1
i64,nested,reverse,3000000,production,2,23834500,,,,,48000032,2,1
i64,nested,shuffled,3000000,B,0,228292200,2753800,3665700,200625300,21245700,24000032,2,1
i64,nested,shuffled,3000000,production,0,95197800,,,,,48000032,2,1
i64,nested,shuffled,3000000,C,0,96744600,2700100,9083100,79507800,5452300,48000032,2,1
i64,nested,shuffled,3000000,A,0,101170300,2824600,9589200,82704200,6050900,48000032,2,1
i64,nested,shuffled,3000000,A,1,106790000,2894900,12759800,85918400,5215700,48000032,2,1
i64,nested,shuffled,3000000,production,1,102294100,,,,,48000032,2,1
i64,nested,shuffled,3000000,B,1,233316900,2614000,3159300,204090500,23451700,24000032,2,1
i64,nested,shuffled,3000000,C,1,95836800,2625700,9599400,78202400,5408000,48000032,2,1
i64,nested,shuffled,3000000,B,2,222870600,2688200,3251800,195741800,21187400,24000032,2,1
i64,nested,shuffled,3000000,C,2,96990300,2583500,9016000,79399700,5989700,48000032,2,1
i64,nested,shuffled,3000000,production,2,95666900,,,,,48000032,2,1
i64,nested,shuffled,3000000,A,2,113485700,3258200,10373600,93964800,5887200,48000032,2,1
i64,touching,sorted,3000000,production,0,17544900,,,,,33554432,21,3000000
i64,touching,sorted,3000000,A,0,31875400,2585300,9043000,3576900,16668200,81554432,22,3000000
i64,touching,sorted,3000000,C,0,19872700,3296100,1756400,0,14818800,33554432,21,3000000
i64,touching,sorted,3000000,B,0,25837400,2681900,3810600,3331800,16011800,57554432,22,3000000
i64,touching,sorted,3000000,production,1,18333300,,,,,33554432,21,3000000
i64,touching,sorted,3000000,A,1,34596800,3555300,11635100,3516700,15888500,81554432,22,3000000
i64,touching,sorted,3000000,B,1,25827300,2607900,3364400,3229200,16624600,57554432,22,3000000
i64,touching,sorted,3000000,C,1,18340300,2878500,1647400,0,13813100,33554432,21,3000000
i64,touching,sorted,3000000,C,2,26674700,3895600,2253300,0,20524500,33554432,21,3000000
i64,touching,sorted,3000000,production,2,25200800,,,,,33554432,21,3000000
i64,touching,sorted,3000000,B,2,30669700,3786100,4188500,4492800,18200900,57554432,22,3000000
i64,touching,sorted,3000000,A,2,35148700,2854700,9384900,3445800,19461800,81554432,22,3000000
i64,touching,reverse,3000000,A,0,35193700,2635500,9117700,6326600,17112700,81554432,22,3000000
i64,touching,reverse,3000000,B,0,33364800,4124200,4842600,6827400,17569200,57554432,22,3000000
i64,touching,reverse,3000000,C,0,33777400,2598100,8948900,6465000,15764000,81554432,22,3000000
i64,touching,reverse,3000000,production,0,35980200,,,,,81554432,22,3000000
i64,touching,reverse,3000000,B,1,36766500,2672100,4369600,6313200,23409300,57554432,22,3000000
i64,touching,reverse,3000000,C,1,49541300,4422900,12102500,8625800,24388000,81554432,22,3000000
i64,touching,reverse,3000000,A,1,44705500,4534900,13690400,8205900,18272800,81554432,22,3000000
i64,touching,reverse,3000000,production,1,37789800,,,,,81554432,22,3000000
i64,touching,reverse,3000000,C,2,33851700,2605800,8947100,6450000,15847000,81554432,22,3000000
i64,touching,reverse,3000000,A,2,33961900,2631800,8920400,6378900,16029300,81554432,22,3000000
i64,touching,reverse,3000000,production,2,35119500,,,,,81554432,22,3000000
i64,touching,reverse,3000000,B,2,26767800,2725100,3174900,4522500,16343700,57554432,22,3000000
i64,touching,shuffled,3000000,A,0,105717900,2529800,9261100,78043400,15882400,81554432,22,3000000
i64,touching,shuffled,3000000,C,0,105857700,2692700,9202100,77763000,16198700,81554432,22,3000000
i64,touching,shuffled,3000000,B,0,258948300,2602900,3356400,192015200,60972600,57554432,22,3000000
i64,touching,shuffled,3000000,production,0,108799200,,,,,81554432,22,3000000
i64,touching,shuffled,3000000,A,1,106994800,2822000,9316600,78575700,16278900,81554432,22,3000000
i64,touching,shuffled,3000000,production,1,108265200,,,,,81554432,22,3000000
i64,touching,shuffled,3000000,B,1,273715200,2899300,4215700,206246000,60352800,57554432,22,3000000
i64,touching,shuffled,3000000,C,1,105754500,2651400,9063200,77641500,16396700,81554432,22,3000000
i64,touching,shuffled,3000000,B,2,265818400,2699000,3250500,198462000,61405400,57554432,22,3000000
i64,touching,shuffled,3000000,production,2,111983500,,,,,81554432,22,3000000
i64,touching,shuffled,3000000,A,2,119496800,4810000,13686600,82014800,18983300,81554432,22,3000000
i64,touching,shuffled,3000000,C,2,122821000,3311800,10854500,90084300,18568900,81554432,22,3000000
i64,staircase,sorted,3000000,B,0,19497200,2629500,3313600,3140300,10412500,40777216,21,1500000
i64,staircase,sorted,3000000,C,0,12952200,2669100,1563200,0,8718600,16777216,20,1500000
i64,staircase,sorted,3000000,A,0,26125300,2779500,9505200,3257000,10581600,64777216,21,1500000
i64,staircase,sorted,3000000,production,0,12058600,,,,,16777216,20,1500000
i64,staircase,sorted,3000000,C,1,12595200,2961600,1547400,0,8084800,16777216,20,1500000
i64,staircase,sorted,3000000,B,1,25355900,2750000,3959500,4746000,13898800,40777216,21,1500000
i64,staircase,sorted,3000000,production,1,19130400,,,,,16777216,20,1500000
i64,staircase,sorted,3000000,A,1,33015400,4320000,12967500,4549500,11176700,64777216,21,1500000
i64,staircase,sorted,3000000,C,2,12718800,3027800,1571700,0,8118200,16777216,20,1500000
i64,staircase,sorted,3000000,B,2,19421700,2610300,3486700,2960800,10362800,40777216,21,1500000
i64,staircase,sorted,3000000,production,2,12410900,,,,,16777216,20,1500000
i64,staircase,sorted,3000000,A,2,26353900,2831400,9290600,3243200,10987500,64777216,21,1500000
i64,staircase,reverse,3000000,A,0,30141600,2675800,9557800,6481300,11425300,64777216,21,1500000
i64,staircase,reverse,3000000,B,0,21801500,2731200,3507300,4597400,10964300,40777216,21,1500000
i64,staircase,reverse,3000000,production,0,29550700,,,,,64777216,21,1500000
i64,staircase,reverse,3000000,C,0,29356300,2604800,9500600,6259700,10990200,64777216,21,1500000
i64,staircase,reverse,3000000,A,1,30484700,2648100,9648000,6737400,11450000,64777216,21,1500000
i64,staircase,reverse,3000000,C,1,30119700,2609400,9416600,6682500,11409600,64777216,21,1500000
i64,staircase,reverse,3000000,B,1,24506900,2703100,3409900,4527300,13865600,40777216,21,1500000
i64,staircase,reverse,3000000,production,1,44138400,,,,,64777216,21,1500000
i64,staircase,reverse,3000000,B,2,29518200,3925300,4831000,6181600,14578800,40777216,21,1500000
i64,staircase,reverse,3000000,C,2,35837600,3678300,11974100,7978800,12205100,64777216,21,1500000
i64,staircase,reverse,3000000,production,2,33164100,,,,,64777216,21,1500000
i64,staircase,reverse,3000000,A,2,29944900,2691400,9338400,6753600,11160300,64777216,21,1500000
i64,staircase,shuffled,3000000,B,0,263229900,2755200,3538200,212424900,44510600,40777216,21,1500000
i64,staircase,shuffled,3000000,A,0,100601600,2634500,9291300,77599900,11074500,64777216,21,1500000
i64,staircase,shuffled,3000000,production,0,102942900,,,,,64777216,21,1500000
i64,staircase,shuffled,3000000,C,0,101409300,2967600,8897000,78607400,10935700,64777216,21,1500000
i64,staircase,shuffled,3000000,C,1,100543200,2695600,8953200,77737900,11155100,64777216,21,1500000
i64,staircase,shuffled,3000000,A,1,101376400,2737200,9404900,78174000,11058700,64777216,21,1500000
i64,staircase,shuffled,3000000,B,1,288435900,2639600,3197000,240048300,42549900,40777216,21,1500000
i64,staircase,shuffled,3000000,production,1,108544600,,,,,64777216,21,1500000
i64,staircase,shuffled,3000000,A,2,123494800,2858300,9971700,97797400,12866100,64777216,21,1500000
i64,staircase,shuffled,3000000,B,2,286789500,3167200,4787400,224148500,54684900,40777216,21,1500000
i64,staircase,shuffled,3000000,C,2,101755300,2968300,9232000,78298800,11255000,64777216,21,1500000
i64,staircase,shuffled,3000000,production,2,108651200,,,,,64777216,21,1500000
i64,identical,sorted,3000000,A,0,22695500,2884800,10403100,3813300,5593000,48000032,2,1
i64,identical,sorted,3000000,B,0,16019000,3094000,4268800,4044200,4610900,24000032,2,1
i64,identical,sorted,3000000,C,0,7723800,3222100,2029900,0,2470300,32,1,1
i64,identical,sorted,3000000,production,0,6763300,,,,,32,1,1
i64,identical,sorted,3000000,production,1,6456300,,,,,32,1,1
i64,identical,sorted,3000000,A,1,20938100,2798900,9555200,3340100,5242800,48000032,2,1
i64,identical,sorted,3000000,B,1,12888200,2617500,3332600,3360700,3576100,24000032,2,1
i64,identical,sorted,3000000,C,1,6116300,2612000,1537200,0,1965900,32,1,1
i64,identical,sorted,3000000,B,2,12702700,2611700,3316600,3026700,3746000,24000032,2,1
i64,identical,sorted,3000000,C,2,6087700,2617200,1656400,0,1813200,32,1,1
i64,identical,sorted,3000000,A,2,20463000,2685000,9445100,3479200,4852100,48000032,2,1
i64,identical,sorted,3000000,production,2,6074500,,,,,32,1,1
date32,identical,sorted,3000000,A,0,10715000,1757500,4199800,2060600,2695900,24000016,2,1
date32,identical,sorted,3000000,C,0,3777600,1803200,575300,0,1398400,16,1,1
date32,identical,sorted,3000000,B,0,10901400,1798900,3345100,2666400,3089900,24000016,2,1
date32,identical,sorted,3000000,production,0,3440500,,,,,16,1,1
date32,identical,sorted,3000000,A,1,10910500,1856700,4343500,2047400,2661400,24000016,2,1
date32,identical,sorted,3000000,B,1,11363900,1800800,3189300,2682200,3690300,24000016,2,1
date32,identical,sorted,3000000,C,1,3693100,1873500,573100,0,1245800,16,1,1
date32,identical,sorted,3000000,production,1,3350700,,,,,16,1,1
date32,identical,sorted,3000000,C,2,3562400,1712500,601800,0,1247000,16,1,1
date32,identical,sorted,3000000,B,2,12056800,1805800,3815600,2512700,3921400,24000016,2,1
date32,identical,sorted,3000000,production,2,3328600,,,,,16,1,1
date32,identical,sorted,3000000,A,2,10925000,1777700,4460500,1991000,2694600,24000016,2,1
i64,identical,reverse,3000000,B,0,13150100,2601100,3225000,3318000,4004800,24000032,2,1
i64,identical,reverse,3000000,C,0,6015900,2596700,1631600,0,1786200,32,1,1
i64,identical,reverse,3000000,A,0,19951500,2567600,9310700,3322400,4749600,48000032,2,1
i64,identical,reverse,3000000,production,0,6118100,,,,,32,1,1
i64,identical,reverse,3000000,production,1,5865300,,,,,32,1,1
i64,identical,reverse,3000000,A,1,19775700,2563500,9185300,3257800,4767800,48000032,2,1
i64,identical,reverse,3000000,C,1,6185000,2687200,1694900,0,1801900,32,1,1
i64,identical,reverse,3000000,B,1,12316900,2577100,3191400,3032800,3514300,24000032,2,1
i64,identical,reverse,3000000,B,2,12792000,2828700,3345500,3008900,3608200,24000032,2,1
i64,identical,reverse,3000000,C,2,6117300,2584900,1551000,0,1980000,32,1,1
i64,identical,reverse,3000000,production,2,5927200,,,,,32,1,1
i64,identical,reverse,3000000,A,2,19935300,2607400,9278200,3227300,4821200,48000032,2,1
date32,identical,reverse,3000000,C,0,6045300,1666300,601300,0,3776500,16,1,1
date32,identical,reverse,3000000,production,0,5438000,,,,,16,1,1
date32,identical,reverse,3000000,B,0,12284900,3183200,3311900,2592200,3196600,24000016,2,1
date32,identical,reverse,3000000,A,0,10864800,1899800,4275600,1980400,2707500,24000016,2,1
date32,identical,reverse,3000000,production,1,3461400,,,,,16,1,1
date32,identical,reverse,3000000,C,1,3615400,1722600,596200,0,1295500,16,1,1
date32,identical,reverse,3000000,A,1,10802200,1831100,4272000,1986100,2711800,24000016,2,1
date32,identical,reverse,3000000,B,1,11062900,1850200,3323000,2802000,3086500,24000016,2,1
date32,identical,reverse,3000000,A,2,10781600,1878600,4309300,1963300,2629200,24000016,2,1
date32,identical,reverse,3000000,B,2,10883800,1964000,3279100,2494100,3145400,24000016,2,1
date32,identical,reverse,3000000,C,2,3629900,1794100,561500,0,1273500,16,1,1
date32,identical,reverse,3000000,production,2,3441200,,,,,16,1,1
i64,identical,shuffled,3000000,B,0,12774100,2583700,3327500,3035400,3825900,24000032,2,1
i64,identical,shuffled,3000000,production,0,5945100,,,,,32,1,1
i64,identical,shuffled,3000000,C,0,5849800,2533800,1548100,0,1767200,32,1,1
i64,identical,shuffled,3000000,A,0,20050300,2733100,9188600,3226100,4901000,48000032,2,1
i64,identical,shuffled,3000000,production,1,7750300,,,,,32,1,1
i64,identical,shuffled,3000000,B,1,17905700,3526000,4329500,4634700,5414100,24000032,2,1
i64,identical,shuffled,3000000,C,1,10065800,4331500,2883700,0,2848600,32,1,1
i64,identical,shuffled,3000000,A,1,29015500,4107900,14076800,4609800,6219600,48000032,2,1
i64,identical,shuffled,3000000,production,2,8124500,,,,,32,1,1
i64,identical,shuffled,3000000,B,2,17250600,3607100,4049400,4913400,4679200,24000032,2,1
i64,identical,shuffled,3000000,A,2,25471300,3935100,12433200,3769500,5332000,48000032,2,1
i64,identical,shuffled,3000000,C,2,6394100,2843700,1666800,0,1882700,32,1,1
date32,identical,shuffled,3000000,production,0,3325600,,,,,16,1,1
date32,identical,shuffled,3000000,C,0,3571600,1729400,604900,0,1236600,16,1,1
date32,identical,shuffled,3000000,B,0,10941900,1794400,3481900,2563400,3101100,24000016,2,1
date32,identical,shuffled,3000000,A,0,10746900,1820700,4142200,2037900,2745100,24000016,2,1
date32,identical,shuffled,3000000,C,1,3615100,1793400,567900,0,1253200,16,1,1
date32,identical,shuffled,3000000,production,1,3388600,,,,,16,1,1
date32,identical,shuffled,3000000,B,1,10915800,1740500,3251900,2568000,3354200,24000016,2,1
date32,identical,shuffled,3000000,A,1,10733700,1797400,4208900,2048800,2677200,24000016,2,1
date32,identical,shuffled,3000000,production,2,3454500,,,,,16,1,1
date32,identical,shuffled,3000000,C,2,3651000,1829400,590500,0,1230400,16,1,1
date32,identical,shuffled,3000000,A,2,10695500,1740400,4316000,1962400,2675400,24000016,2,1
date32,identical,shuffled,3000000,B,2,11012600,1773600,3489500,2594500,3154300,24000016,2,1
i64,equal_ends,sorted,3000000,production,0,6172800,,,,,32,1,1
i64,equal_ends,sorted,3000000,B,0,12385600,2517900,3253600,3030900,3582000,24000032,2,1
i64,equal_ends,sorted,3000000,C,0,6120000,2747100,1585300,0,1786300,32,1,1
i64,equal_ends,sorted,3000000,A,0,20006500,2511500,9032500,3605100,4856000,48000032,2,1
i64,equal_ends,sorted,3000000,A,1,19855700,2667000,9129400,3223000,4835100,48000032,2,1
i64,equal_ends,sorted,3000000,C,1,6113100,2561400,1543100,0,2007600,32,1,1
i64,equal_ends,sorted,3000000,production,1,6591400,,,,,32,1,1
i64,equal_ends,sorted,3000000,B,1,12626600,2546900,3209900,3118000,3750800,24000032,2,1
i64,equal_ends,sorted,3000000,A,2,19810800,2584200,8967200,3459300,4799100,48000032,2,1
i64,equal_ends,sorted,3000000,B,2,13162200,2872000,3402300,3098800,3788000,24000032,2,1
i64,equal_ends,sorted,3000000,production,2,6231400,,,,,32,1,1
i64,equal_ends,sorted,3000000,C,2,6116500,2663700,1613200,0,1838200,32,1,1
i64,equal_ends,reverse,3000000,A,0,21016300,2759100,9711600,3469900,5074200,48000032,2,1
i64,equal_ends,reverse,3000000,C,0,6468100,2758400,1803200,0,1904600,32,1,1
i64,equal_ends,reverse,3000000,production,0,6561800,,,,,32,1,1
i64,equal_ends,reverse,3000000,B,0,13353100,2874700,3349400,3156600,3971000,24000032,2,1
i64,equal_ends,reverse,3000000,B,1,12773600,2724700,3310700,3097300,3639400,24000032,2,1
i64,equal_ends,reverse,3000000,production,1,6192600,,,,,32,1,1
i64,equal_ends,reverse,3000000,C,1,5969700,2550900,1631000,0,1786500,32,1,1
i64,equal_ends,reverse,3000000,A,1,19988400,2547000,9380100,3213900,4846100,48000032,2,1
i64,equal_ends,reverse,3000000,C,2,6192500,2647400,1766400,0,1777800,32,1,1
i64,equal_ends,reverse,3000000,B,2,12711400,2621900,3218600,3167100,3702700,24000032,2,1
i64,equal_ends,reverse,3000000,production,2,6231300,,,,,32,1,1
i64,equal_ends,reverse,3000000,A,2,19899300,2548700,9217500,3326400,4805300,48000032,2,1
i64,equal_ends,shuffled,3000000,A,0,27653800,3772400,11882600,4860600,7136400,48000032,2,1
i64,equal_ends,shuffled,3000000,production,0,10253600,,,,,32,1,1
i64,equal_ends,shuffled,3000000,B,0,20412400,4356900,5879800,4918500,5255500,24000032,2,1
i64,equal_ends,shuffled,3000000,C,0,10154900,4676600,2739500,0,2736800,32,1,1
i64,equal_ends,shuffled,3000000,production,1,9215500,,,,,32,1,1
i64,equal_ends,shuffled,3000000,C,1,9594600,4590500,2372200,0,2630500,32,1,1
i64,equal_ends,shuffled,3000000,B,1,17147100,4084000,5031000,3619500,4411400,24000032,2,1
i64,equal_ends,shuffled,3000000,A,1,21317900,2909100,9566300,3582900,5258000,48000032,2,1
i64,equal_ends,shuffled,3000000,production,2,6934800,,,,,32,1,1
i64,equal_ends,shuffled,3000000,A,2,23925400,2814800,11030700,4284500,5794000,48000032,2,1
i64,equal_ends,shuffled,3000000,B,2,16278400,3186500,4317800,3987100,4785500,24000032,2,1
i64,equal_ends,shuffled,3000000,C,2,7275300,3057200,2008700,0,2208000,32,1,1
i64,equal_starts,sorted,3000000,A,0,21834100,3012800,9917300,3676900,5225900,48000032,2,1
i64,equal_starts,sorted,3000000,production,0,6075600,,,,,32,1,1
i64,equal_starts,sorted,3000000,B,0,13144800,2545700,3743400,3178500,3676000,24000032,2,1
i64,equal_starts,sorted,3000000,C,0,6040400,2632100,1564300,0,1843000,32,1,1
i64,equal_starts,sorted,3000000,A,1,20980700,2775700,9757700,3296400,5149400,48000032,2,1
i64,equal_starts,sorted,3000000,B,1,12661100,2643900,3295000,3077500,3643300,24000032,2,1
i64,equal_starts,sorted,3000000,production,1,6292500,,,,,32,1,1
i64,equal_starts,sorted,3000000,C,1,5884700,2536300,1562900,0,1784200,32,1,1
i64,equal_starts,sorted,3000000,B,2,12733400,2554100,3268100,3364500,3545300,24000032,2,1
i64,equal_starts,sorted,3000000,production,2,5990600,,,,,32,1,1
i64,equal_starts,sorted,3000000,A,2,20035300,2567000,9387600,3244000,4835300,48000032,2,1
i64,equal_starts,sorted,3000000,C,2,6344200,2941000,1548100,0,1854400,32,1,1
i64,equal_starts,reverse,3000000,B,0,14402500,2522800,3408400,4399900,4070000,24000032,2,1
i64,equal_starts,reverse,3000000,A,0,23330400,2494800,9258500,6282000,5293300,48000032,2,1
i64,equal_starts,reverse,3000000,production,0,31209400,,,,,48000032,2,1
i64,equal_starts,reverse,3000000,C,0,34318800,4023700,13804200,9417000,7072200,48000032,2,1
i64,equal_starts,reverse,3000000,A,1,32891600,4067700,12659700,9360000,6801900,48000032,2,1
i64,equal_starts,reverse,3000000,B,1,16062500,3883600,3418800,4574900,4183800,24000032,2,1
i64,equal_starts,reverse,3000000,C,1,24041700,2827700,9117100,6797700,5298100,48000032,2,1
i64,equal_starts,reverse,3000000,production,1,23663600,,,,,48000032,2,1
i64,equal_starts,reverse,3000000,A,2,23667600,2745200,9184400,6337200,5399200,48000032,2,1
i64,equal_starts,reverse,3000000,production,2,23568500,,,,,48000032,2,1
i64,equal_starts,reverse,3000000,C,2,23975200,2605500,9597800,6436000,5333700,48000032,2,1
i64,equal_starts,reverse,3000000,B,2,14529100,2684200,3431700,4323200,4088400,24000032,2,1
i64,equal_starts,shuffled,3000000,B,0,225616000,3590700,4184000,196553300,21286700,24000032,2,1
i64,equal_starts,shuffled,3000000,A,0,95024400,2532600,9424900,77684500,5381400,48000032,2,1
i64,equal_starts,shuffled,3000000,production,0,109941500,,,,,48000032,2,1
i64,equal_starts,shuffled,3000000,C,0,102715700,2612300,10308100,84440700,5353400,48000032,2,1
i64,equal_starts,shuffled,3000000,production,1,95473800,,,,,48000032,2,1
i64,equal_starts,shuffled,3000000,A,1,103005000,2629500,9700000,85188500,5485400,48000032,2,1
i64,equal_starts,shuffled,3000000,B,1,234653400,2821700,3686600,206669200,21474400,24000032,2,1
i64,equal_starts,shuffled,3000000,C,1,96425200,2823600,9294600,79079800,5226200,48000032,2,1
i64,equal_starts,shuffled,3000000,production,2,95730500,,,,,48000032,2,1
i64,equal_starts,shuffled,3000000,B,2,241947100,2611600,3359200,214323200,21651400,24000032,2,1
i64,equal_starts,shuffled,3000000,C,2,98802000,2996600,8878200,81682700,5243300,48000032,2,1
i64,equal_starts,shuffled,3000000,A,2,95627500,2800000,9006200,78564500,5255400,48000032,2,1
i64,unit,sorted,3000000,C,0,23331300,3235300,1879800,0,18214900,33554432,21,2854200
i64,unit,sorted,3000000,B,0,28414200,3369500,4081200,3091600,17870300,57554432,22,2854200
i64,unit,sorted,3000000,A,0,38167200,2991800,10815700,4055100,20303200,81554432,22,2854200
i64,unit,sorted,3000000,production,0,22769700,,,,,33554432,21,2854200
i64,unit,sorted,3000000,B,1,32169900,3192900,5056100,4060000,19859500,57554432,22,2854200
i64,unit,sorted,3000000,production,1,22846400,,,,,33554432,21,2854200
i64,unit,sorted,3000000,A,1,34904800,3453700,10658700,3608800,17182000,81554432,22,2854200
i64,unit,sorted,3000000,C,1,19052100,2871800,1730300,0,14448800,33554432,21,2854200
i64,unit,sorted,3000000,C,2,18518300,2607400,1767200,0,14142600,33554432,21,2854200
i64,unit,sorted,3000000,A,2,33131200,2817400,9406900,3726300,17179000,81554432,22,2854200
i64,unit,sorted,3000000,production,2,19712300,,,,,33554432,21,2854200
i64,unit,sorted,3000000,B,2,28409700,2753900,3749000,3413400,18491900,57554432,22,2854200
i64,unit,reverse,3000000,C,0,108718200,3002900,9578900,78884200,17250800,81554432,22,2854200
i64,unit,reverse,3000000,B,0,117492100,2571400,3501700,94967300,16450200,57554432,22,2854200
i64,unit,reverse,3000000,production,0,105525000,,,,,81554432,22,2854200
i64,unit,reverse,3000000,A,0,115348600,2646500,9076600,84373100,19251000,81554432,22,2854200
i64,unit,reverse,3000000,production,1,120225300,,,,,81554432,22,2854200
i64,unit,reverse,3000000,C,1,105612100,2580900,9164800,77098400,16766700,81554432,22,2854200
i64,unit,reverse,3000000,B,1,118757000,3066100,3404200,95333500,16952000,57554432,22,2854200
i64,unit,reverse,3000000,A,1,108858100,2676100,9175100,80218600,16787000,81554432,22,2854200
i64,unit,reverse,3000000,production,2,108101600,,,,,81554432,22,2854200
i64,unit,reverse,3000000,C,2,107732800,2594800,9300200,79193200,16643300,81554432,22,2854200
i64,unit,reverse,3000000,B,2,121789100,2638400,3195100,97572400,18381400,57554432,22,2854200
i64,unit,reverse,3000000,A,2,112269800,3295800,9466000,80884300,18622400,81554432,22,2854200
i64,unit,shuffled,3000000,A,0,111638900,2537800,10980600,81479300,16639800,81554432,22,2854200
i64,unit,shuffled,3000000,B,0,286014400,2529400,3184600,214003000,66296300,57554432,22,2854200
i64,unit,shuffled,3000000,C,0,109083100,2684500,9716200,79450100,17230900,81554432,22,2854200
i64,unit,shuffled,3000000,production,0,109152600,,,,,81554432,22,2854200
i64,unit,shuffled,3000000,B,1,271108100,2815500,3199600,200559600,64531800,57554432,22,2854200
i64,unit,shuffled,3000000,production,1,135908900,,,,,81554432,22,2854200
i64,unit,shuffled,3000000,C,1,119672500,2978300,11120800,85377300,20194700,81554432,22,2854200
i64,unit,shuffled,3000000,A,1,113813400,2771300,10185900,83204600,17650100,81554432,22,2854200
i64,unit,shuffled,3000000,C,2,109104800,2651200,9449800,79977100,17025000,81554432,22,2854200
i64,unit,shuffled,3000000,A,2,108271500,2957900,9239500,78942600,17130300,81554432,22,2854200
i64,unit,shuffled,3000000,B,2,270546700,2557100,3615100,201366800,63006400,57554432,22,2854200
i64,unit,shuffled,3000000,production,2,106642800,,,,,81554432,22,2854200
i64,wide,sorted,3000000,C,0,5870700,2492400,1563700,0,1813500,32,1,1
i64,wide,sorted,3000000,A,0,20133500,2474200,9530100,3244400,4883600,48000032,2,1
i64,wide,sorted,3000000,B,0,12757600,2491000,3598700,3093500,3573200,24000032,2,1
i64,wide,sorted,3000000,production,0,6378000,,,,,32,1,1
i64,wide,sorted,3000000,B,1,12983400,2664900,3406900,3152700,3757600,24000032,2,1
i64,wide,sorted,3000000,C,1,6473700,2830800,1631600,0,2010100,32,1,1
i64,wide,sorted,3000000,production,1,6266900,,,,,32,1,1
i64,wide,sorted,3000000,A,1,20040600,2502500,9429600,3239300,4868000,48000032,2,1
i64,wide,sorted,3000000,B,2,12807300,2509400,3369400,3355400,3571900,24000032,2,1
i64,wide,sorted,3000000,C,2,5967600,2624700,1560500,0,1781400,32,1,1
i64,wide,sorted,3000000,production,2,5977000,,,,,32,1,1
i64,wide,sorted,3000000,A,2,20092300,2467000,9272100,3304300,5047300,48000032,2,1
i64,wide,reverse,3000000,A,0,99194000,2870200,9063100,80601000,6658200,48000032,2,1
i64,wide,reverse,3000000,C,0,112926800,4207400,11554200,91810700,5352800,48000032,2,1
i64,wide,reverse,3000000,production,0,94527900,,,,,48000032,2,1
i64,wide,reverse,3000000,B,0,104980500,2689600,3208700,95189400,3891200,24000032,2,1
i64,wide,reverse,3000000,C,1,94115700,2550400,9100400,77022800,5441000,48000032,2,1
i64,wide,reverse,3000000,A,1,94463900,2626100,9167300,77431900,5237000,48000032,2,1
i64,wide,reverse,3000000,B,1,104739800,2723300,3242600,94865000,3907600,24000032,2,1
i64,wide,reverse,3000000,production,1,94578000,,,,,48000032,2,1
i64,wide,reverse,3000000,production,2,95051200,,,,,48000032,2,1
i64,wide,reverse,3000000,A,2,94827700,2702100,9560600,77316300,5247300,48000032,2,1
i64,wide,reverse,3000000,C,2,97384600,2638400,9349200,78611800,6783900,48000032,2,1
i64,wide,reverse,3000000,B,2,110901000,2988100,3201300,100687600,4022700,24000032,2,1
i64,wide,shuffled,3000000,C,0,103476100,2917700,9454100,85584100,5518800,48000032,2,1
i64,wide,shuffled,3000000,production,0,120391000,,,,,48000032,2,1
i64,wide,shuffled,3000000,B,0,268463000,2857900,3705900,239384400,22513300,24000032,2,1
i64,wide,shuffled,3000000,A,0,97798700,2879400,9696900,79260100,5960900,48000032,2,1
i64,wide,shuffled,3000000,C,1,97141700,3033700,10154800,78403400,5548400,48000032,2,1
i64,wide,shuffled,3000000,B,1,227150300,2621700,3342700,199802100,21382100,24000032,2,1
i64,wide,shuffled,3000000,A,1,95827800,2665900,9573300,78195600,5391500,48000032,2,1
i64,wide,shuffled,3000000,production,1,101528600,,,,,48000032,2,1
i64,wide,shuffled,3000000,B,2,222706400,2599100,3561700,194836200,21707800,24000032,2,1
i64,wide,shuffled,3000000,A,2,96417200,2828500,8927500,79282400,5377400,48000032,2,1
i64,wide,shuffled,3000000,production,2,98748000,,,,,48000032,2,1
i64,wide,shuffled,3000000,C,2,95797900,2740500,9336100,78401900,5318300,48000032,2,1
